date,Open,High,Low,Close,Volume,symbol,price_change,daily_return,high_low_ratio,volume_change,MA_5,MA_10,MA_20,MA_50,MA_5_ratio,MA_10_ratio,MA_20_ratio,RSI_14,MACD,MACD_signal,MACD_histogram,BB_middle,BB_upper,BB_lower,BB_position,volatility_5,volatility_10,volatility_20,momentum_5,momentum_10,target_5_days,target_direction,date_dt,day_of_week,month,quarter
2024-02-01,401.83,408.0,401.8,403.78,30657726,MSFT,0.015594345792041775,1.5594345792041775,1.01543056246889,-0.35957753380917923,404.71999999999997,402.511,392.038,381.173,0.9976774066020953,1.003152708870068,1.029951178202113,68.69022057388246,7.676427329680905,6.994154003339575,0.6822733263413303,392.038,417.93343556609693,366.1425644339031,0.7267194921288163,0.017225515292684575,0.012708138025113046,0.010707937587375742,-0.002692222194778604,0.02516058598014559,0.025583238397147046,1,2024-02-01,3,2,1
2024-02-02,403.81,412.65,403.56,411.22,28256670,MSFT,0.01842587547674479,1.842587547674479,1.0225245316681533,-0.0783181374900408,406.178,403.76599999999996,394.202,381.84860000000003,1.0124132769376974,1.0184611879157732,1.0431707601686446,70.74594200255333,8.044023567193108,7.2041279161102825,0.8398956510828253,394.202,418.8203590885036,369.5836409114964,0.8456363590038617,0.019054597771967913,0.01336917841122081,0.010787289133766101,0.018047681528977844,0.03147966990242557,0.022688585185545396,1,2024-02-02,4,2,1
2024-02-05,409.9,411.16,403.99,405.65,25352286,MSFT,-0.01354506103788733,-1.354506103788733,1.0177479640585163,-0.10278578473684263,405.36400000000003,404.67999999999995,396.09700000000004,382.50020000000006,1.0007055387256885,1.0023969556192547,1.0241178297235272,63.12286689419791,7.796026048808699,7.322507542649967,0.47351850615873214,396.09700000000004,417.80477217108097,374.3892278289191,0.7200363981322422,0.01925383586147334,0.014173115766315721,0.011544877391216388,-0.009933613199258118,0.02305112103099538,0.02369037347467029,1,2024-02-05,0,2,1
2024-02-06,405.88,407.97,402.91,405.49,18382624,MSFT,-0.0003944286946874209,-0.03944286946874209,1.0125586359236554,-0.2749125660699788,404.74399999999997,405.339,397.637,383.05299999999994,1.0018431403553851,1.0003725276867017,1.0197491682112076,63.81987577639747,7.500118864333103,7.358029806986595,0.14208905734650834,397.637,417.2160802428988,378.0579197571012,0.7005456819874939,0.019254856856689515,0.014134536408006429,0.011120745242642718,-0.007587067720697949,0.016520431185760964,0.0020469062122370207,1,2024-02-06,1,2,1
2024-02-07,407.44,414.3,407.4,414.05,22340526,MSFT,0.021110261658733975,2.1110261658733975,1.016936671575847,0.21530669397361324,408.038,406.48799999999994,399.55,383.7854,1.0147339218406128,1.0186032552006457,1.0362908271805782,66.24275595621373,7.865660313939543,7.459555908377185,0.40610440556235794,399.55,417.55450586877964,381.5454941312204,0.9026769772433313,0.01477010767991014,0.015289716964162686,0.01175239431015293,0.041425625031440205,0.028542329093799612,-0.011013162661514309,0,2024-02-07,2,2,1
2024-02-08,414.05,415.56,412.53,414.11,21225257,MSFT,0.0001449100350199295,0.01449100350199295,1.0073449203694278,-0.04992134025850603,410.104,407.412,401.117,384.4954,1.0097682539063262,1.0164403601268495,1.0323920452137405,63.454165214360366,8.067202357774363,7.581085198256622,0.48611715951774137,401.117,418.41370501021794,383.8202949897821,0.8755917671118418,0.014459216178205054,0.015277618748310823,0.011341206899787801,0.025583238397147046,0.022822140440141192,-0.018231870758977142,0,2024-02-08,3,2,1
2024-02-09,415.25,420.82,415.09,420.55,22032844,MSFT,0.015551423534809539,1.5551423534809539,1.0138042352260956,0.03804839677559624,411.96999999999997,409.074,402.913,385.2524000000001,1.020826759230041,1.0280536039934094,1.0437737178993975,69.49399935128119,8.646903932200189,7.794248945045336,0.8526549871548532,402.913,420.4592937756988,385.3667062243012,1.0025847687682858,0.013843358244478127,0.01570790100501747,0.011631929975281462,0.022688585185545396,0.04114574307429497,-0.03921055760313874,0,2024-02-09,4,2,1
2024-02-12,420.555,420.74,414.75,415.26,21202921,MSFT,-0.012578765901795297,-1.2578765901795297,1.014442435201929,-0.037667538516589105,413.892,409.628,404.2525,385.9806,1.0033052100547968,1.0137490601228432,1.0272292688356905,62.67038413878561,8.580551559659739,7.951509467968217,0.629042091691522,404.2525,421.2376760445138,387.2673239554862,0.8240325555399644,0.013530388470467126,0.016070814282449466,0.012158238577724073,0.02369037347467029,0.01352142926876887,-0.030029379184125515,0,2024-02-12,0,2,1
2024-02-13,404.94,410.071,403.39,406.32,27824936,MSFT,-0.021528680826470192,-2.1528680826470192,1.0165621358982624,0.3123161662489804,414.058,409.401,405.055,386.5288,0.9813117968980192,0.9924743710933779,1.003123032674575,52.6918671248568,7.7176196260778624,7.904731499590147,-0.18711187351228453,405.055,420.72421957549994,389.38578042450007,0.5403657627587883,0.018081504980174856,0.01763805788491366,0.013367025537438786,0.0020469062122370207,-0.005555691524511075,-0.010189013585351403,0,2024-02-13,1,2,1
2024-02-14,408.07,409.84,404.57,409.49,20401190,MSFT,0.00780173262453232,0.780173262453232,1.0130261759398866,-0.26680190746889765,413.146,410.592,406.056,387.2284,0.9911508280365778,0.9973160704543684,1.0084569616013555,53.26732673267326,7.206460764997132,7.765077352671544,-0.558616587674412,406.056,419.99555432346415,392.1164456765358,0.6231746697317161,0.015016095227284688,0.015066093863923342,0.013387466724800042,-0.011013162661514309,0.02995623522309976,0.005274854086790848,1,2024-02-14,2,2,1
2024-02-15,408.14,409.13,404.29,406.56,21825525,MSFT,-0.00715524188624872,-0.715524188624872,1.0119716045412945,0.06981627052147443,411.6360000000001,410.87,406.69050000000004,387.9768,0.9876687170218347,0.9895100640105142,0.9996791171664938,51.809052139221336,6.490123073096299,7.510086496756496,-1.0199634236601964,406.69050000000004,419.39509258030523,393.98590741969485,0.4948640619848627,0.015095284624196948,0.014675330646965376,0.013391996534156273,-0.018231870758977142,0.006884937342117148,0.009297520661156966,1,2024-02-15,3,2,1
2024-02-16,407.96,408.29,403.44,404.06,22296495,MSFT,-0.006149153876426561,-0.6149153876426561,1.0120216141185803,0.02157886236413553,408.33799999999997,410.154,406.96,388.60760000000005,0.9895233850388649,0.985142166113216,0.9928739925299784,45.9221902017291,5.655498122768336,7.139168821958864,-1.4836706991905286,406.96,419.1671609699935,394.75283903000644,0.38121726226399094,0.01069805941287713,0.013394395240338287,0.013261288629539817,-0.03921055760313874,-0.017411604493944854,0.008612582289758919,1,2024-02-16,4,2,1
2024-02-20,403.24,404.49,398.01,402.79,24307915,MSFT,-0.003143097559768271,-0.3143097559768271,1.0162809979648753,0.09021238539958865,405.84399999999994,409.86800000000005,407.274,389.2874,0.9924749411103776,0.9827310255984852,0.9889902129770131,45.829738280126584,4.835829023533961,6.678500862273884,-1.842671838739923,407.274,418.6437167487732,395.9042832512268,0.30280951148216595,0.010501671151868829,0.012758921662963298,0.013215226701763108,-0.030029379184125515,-0.007050412917539606,0.011643784602398233,1,2024-02-20,1,2,1
2024-02-21,400.17,402.29,397.22,402.18,18631072,MSFT,-0.0015144368032969924,-0.15144368032969924,1.0127637077689946,-0.23353886995244144,405.01599999999996,409.537,407.438,389.91200000000003,0.992997807494025,0.9820358111721286,0.9870949690505059,53.88907676699358,4.089868002498122,6.160774290318732,-2.07090628782061,407.438,418.38593150373583,396.49006849626414,0.25986331307399235,0.005945655351600911,0.012761499553087531,0.013167804123454172,-0.010189013585351403,-0.008162963328318784,0.013774926649758878,1,2024-02-21,2,2,1
2024-02-22,410.19,412.83,408.57,411.65,27009869,MSFT,0.023546670644984724,2.3546670644984724,1.0104266098832513,0.44972167999780144,405.448,409.297,407.8925,390.6604,1.015296659497642,1.005748881618971,1.0092119860012136,56.30507931421246,4.214259020176598,5.771471236290306,-1.5572122161137072,407.8925,418.7420585648724,397.04294143512755,0.6731637272398174,0.01274156577974259,0.013239450363070875,0.014030457027792749,0.005274854086790848,-0.005796401400797069,0.004834203813919524,1,2024-02-22,3,2,1
2024-02-23,415.67,415.86,408.97,410.34,16295879,MSFT,-0.003182315073484765,-0.3182315073484765,1.0168472015062229,-0.39666945441312584,406.204,408.91999999999996,408.166,391.4412,1.010182076001221,1.0034725618702924,1.005326264314029,49.21819474058275,4.159189201888466,5.449014829409938,-1.2898256275214717,408.166,418.9704345671467,397.3615654328533,0.6006068381685846,0.012209501435581024,0.01326316067232332,0.014020737369059705,0.009297520661156966,-0.009103861292893312,0.012574937856411728,1,2024-02-23,4,2,1
2024-02-26,411.455,412.16,407.36,407.54,16193505,MSFT,-0.006823609689525667,-0.6823609689525667,1.011783189316575,-0.0062822017762895754,406.9,407.619,408.3465,392.1044,1.0015728680265423,0.9998061915661438,0.998024961644094,51.766025042048256,3.845283341954598,5.12826853191887,-1.282985189964272,408.3465,418.9721061622739,397.72089383772607,0.46204922393682163,0.012324008769560014,0.012020717723592107,0.014108755503671468,0.008612582289758919,-0.030935679467364197,0.01810865191146882,1,2024-02-26,0,2,1
2024-02-27,407.99,408.32,403.85,407.48,14835827,MSFT,-0.00014722481228834905,-0.014722481228834905,1.0110684660146092,-0.0838408979402544,407.838,406.841,408.2345,392.7666,0.9991222004815637,1.001570638160854,0.9981517975575313,51.86294701366786,3.5507384848331185,4.81276252250172,-1.2620240376686018,408.2345,418.8463612386015,397.62263876139855,0.46445015709141324,0.01209573418875682,0.011562474904869903,0.013730059787745712,0.011643784602398233,-0.018735250204691023,-0.011853342495337316,0,2024-02-27,1,2,1
2024-02-28,408.175,409.3,405.3201,407.72,13183125,MSFT,0.0005889859625012317,0.05889859625012317,1.0098191528128015,-0.11139938474612843,408.946,406.981,408.19100000000003,393.6024,0.9970020491703061,1.0018158095832483,0.9988461284055749,42.98070525615437,3.2986507650389854,4.509940171009173,-1.211289405970188,408.19100000000003,418.8038579413924,397.5781420586077,0.4778099357118969,0.011962451211119385,0.009262176636265312,0.013717434219852803,0.013774926649758878,0.003445560149635929,-0.013808496026685102,0,2024-02-28,2,2,1
2024-02-29,408.64,414.2,405.92,413.64,31947263,MSFT,0.014519768468556737,1.4519768468556737,1.0203981080015765,1.423345223533874,409.344,407.396,408.994,394.4606,1.0104948405253282,1.0153266109632888,1.011359579847137,49.53876349362117,3.5358053918096175,4.315113215169262,-0.7793078233596447,408.994,418.6098605822259,399.37813941777415,0.7415800416547066,0.008108166107611876,0.010068647739729498,0.012513921267577204,0.004834203813919524,0.010134557620454565,-0.010879025239338591,0,2024-02-29,3,2,1
2024-03-01,411.27,415.87,410.88,415.5,17823445,MSFT,0.004496663765593212,0.4496663765593212,1.0121446651090342,-0.4420979036607925,410.37600000000003,408.28999999999996,409.58000000000004,395.3176,1.0124861102988478,1.0176590168752604,1.0144538307534547,44.55466896700451,3.8296922886605103,4.218029029867512,-0.38833674120700135,409.58000000000004,419.2860154977245,399.87398450227556,0.8049655134688313,0.007842948252686773,0.009679771529842209,0.012121925682548218,0.012574937856411728,0.02198937426210157,-0.022334536702767638,0,2024-03-01,4,3,1
2024-03-04,413.44,417.35,412.32,414.92,17595956,MSFT,-0.001395908543922908,-0.1395908543922908,1.0121992627085759,-0.012763469688379492,411.85200000000003,409.376,409.76500000000004,396.1508,1.0074492778959432,1.013542562338779,1.0125803814381413,49.59193470955356,3.9700345321914483,4.168430130332299,-0.19839559814085028,409.76500000000004,419.7399528425196,399.7900471574805,0.7583972115650568,0.0064828923896327,0.009333701672822239,0.011457437372488726,0.01810865191146882,0.026877196455971974,-0.025065072785115272,0,2024-03-04,0,3,1
2024-03-05,413.96,414.25,400.64,402.65,26919177,MSFT,-0.029571965680131207,-2.9571965680131207,1.0339706469648562,0.529850211037127,410.8860000000001,409.36199999999997,409.61499999999995,396.7914,0.9799555107742778,0.9836037541344824,0.9829962281654725,45.9213158479662,3.0559433038217776,3.9459327650301947,-0.8899894612084172,409.61499999999995,419.93476641922337,399.29523358077654,0.16254081162991538,0.016447030121880965,0.013829369958747924,0.012954831206955987,-0.011853342495337316,-0.0003475756597731694,0.031367192350676865,1,2024-03-05,1,3,1
2024-03-06,402.97,405.16,398.39,402.09,22344149,MSFT,-0.0013907860424686724,-0.13907860424686724,1.0169933984286754,-0.16995423002716614,409.76000000000005,409.353,409.445,397.3624,0.9812817258883247,0.9822573671134692,0.9820366593803808,41.269466729589375,2.2602770331182,3.6088016186477962,-1.3485245855295962,409.445,420.1555014871026,398.7344985128974,0.15664539569614044,0.016384631917543243,0.013827869293736684,0.012957164521286117,-0.013808496026685102,-0.00022378039683734752,0.0323559402123903,1,2024-03-06,2,3,1
2024-03-07,406.12,409.78,402.24,409.14,18718479,MSFT,0.017533388047452192,1.7533388047452192,1.018745027844073,-0.16226485063270923,408.86,409.102,409.1995,398.0536,1.0006848309934941,1.0000928863706362,0.9998545941527298,52.774193548387075,2.173526797859097,3.321746654490057,-1.14821985663096,409.1995,419.68836221314206,398.71063778685794,0.4971636580407423,0.017209645925992133,0.012784616622917463,0.012666930174484505,-0.010879025239338591,-0.006097412850722628,0.03930195043261486,1,2024-03-07,3,3,1
2024-03-08,407.96,410.42,404.33,406.22,18002186,MSFT,-0.0071369213472159965,-0.7136921347215996,1.0150619543442239,-0.03826662412047477,407.004,408.69,408.805,398.68480000000005,0.9980737290051204,0.99395629939563,0.993676691821284,52.30179028132996,1.8478560802303718,3.02696853963812,-1.1791124594077482,408.805,419.10807976439776,398.50192023560226,0.37455207282135017,0.01688395506210008,0.012935793593397827,0.012751188357598996,-0.022334536702767638,-0.01004045425744493,0.025109546551129958,1,2024-03-08,4,3,1
2024-03-11,403.76,405.68,401.26,404.52,15998511,MSFT,-0.004184924425188474,-0.41849244251884743,1.0110153017993322,-0.11130176079727205,404.924,408.388,408.0035,399.29380000000003,0.9990022819096918,0.9905286149446115,0.9914620830458563,51.82682154171063,1.4360302350200413,2.7087808787145042,-1.272750643694463,408.0035,416.8507065766823,399.15629342331766,0.30312995012566446,0.016806099349364882,0.012828748122954656,0.012162412126603364,-0.025065072785115272,-0.00741031555184779,0.03164244042321762,1,2024-03-11,0,3,1
2024-03-12,407.62,415.57,406.79,415.28,21563656,MSFT,0.026599426480767407,2.6599426480767407,1.0215836180830402,0.34785393465679393,407.45,409.168,408.00449999999995,400.0938,1.0192170818505337,1.014937629531146,1.0178319111676466,61.391304347826065,1.955357219712539,2.5580961469141115,-0.6027389272015724,408.00449999999995,416.85516390610957,399.15383609389033,0.9110143644126935,0.014898717509882246,0.015466601116382189,0.013435434564048433,0.031367192350676865,0.019142043781289697,0.014761125024080224,1,2024-03-12,1,3,1
2024-03-13,418.1,418.18,411.45,415.1,16990048,MSFT,-0.0004334424966286887,-0.04334424966286887,1.0163567869729007,-0.21209798561060333,410.052,409.90600000000006,408.4435,400.87500000000006,1.0123106337732775,1.0126711977868095,1.0162972357253819,53.57809583074056,2.325595088406544,2.5115959352125983,-0.1860008468060541,408.4435,417.79895835609324,399.0880416439067,0.8557548837606996,0.014781115108088083,0.015480380776596482,0.012440262936215047,0.0323559402123903,0.018100657313842916,0.02440375813057094,1,2024-03-13,2,3,1
2024-03-14,420.24,427.82,417.99,425.22,33955263,MSFT,0.024379667549987882,2.4379667549987882,1.0235173090265317,0.9985383796443659,413.26800000000003,411.064,409.23,401.962,1.028920700368768,1.034437459860265,1.039073381716883,63.04805331462651,3.3964584318173934,2.688568434533557,0.7078899972838362,409.23,421.2275962504761,397.23240374952394,1.166383484915385,0.016300562892319025,0.016643534712291713,0.013420936638246526,0.03930195043261486,0.02799535828256472,0.009759653826254544,1,2024-03-14,3,3,1
2024-03-15,419.29,422.6,412.79,416.42,45079903,MSFT,-0.020695169559286963,-2.0695169559286963,1.0237651105889194,0.3276263829851649,415.308,411.15600000000006,409.72299999999996,402.87840000000006,1.0026775308927351,1.0128029263831733,1.0163451893108273,57.045382418279914,3.494753547802304,2.849805457187307,0.6449480906149971,409.72299999999996,422.06405019842157,397.38194980157834,0.7713302309092215,0.02010065308650973,0.018206400095110275,0.014223092377582947,0.025109546551129958,0.0022141997593261298,0.02958551462465775,1,2024-03-15,4,3,1
2024-03-18,414.25,420.73,413.78,417.32,20105977,MSFT,0.002161279477450595,0.2161279477450595,1.016796365218232,-0.5539924520245751,417.86800000000005,411.396,410.3860000000001,403.866,0.9986885810830213,1.0143997510914058,1.016896287885064,57.7043532727842,3.603734011348365,3.0005911680195188,0.6031428433288464,410.3860000000001,422.8699744008897,397.90202559911046,0.7777160452806515,0.019558221731302585,0.018202806673281374,0.014115158464407054,0.03164244042321762,0.005784247565795653,0.013275184510687321,1,2024-03-18,0,3,1
2024-03-19,417.83,421.6656,415.55,421.41,19837915,MSFT,0.009800632608070625,0.9800632608070625,1.0147168812417278,-0.013332453329674032,419.09400000000005,413.27200000000005,411.317,404.93919999999997,1.0055262065312316,1.0196916316614724,1.0245382515189014,60.10928961748633,3.974317177814953,3.195336369978606,0.7789808078363469,411.317,424.18703717329777,398.44696282670225,0.8921123095487468,0.016410992941591988,0.014875174222367915,0.014177515955560178,0.014761125024080224,0.04659133242269964,0.0005695166227663861,1,2024-03-19,1,3,1
2024-03-20,422.0,425.96,420.66,425.23,17860085,MSFT,0.009064806245699053,0.9064806245699053,1.0125992487995055,-0.09969948958849761,421.12000000000006,415.58599999999996,412.4695,405.95,1.0097596884498479,1.023205786527939,1.0309368329052209,58.83249504648684,4.524098095384943,3.4610887150598737,1.0630093803250693,412.4695,426.00542875898736,398.9335712410126,0.9713566474530797,0.01645770056298802,0.01476943660041658,0.01422273475131674,0.02440375813057094,0.057549304881991725,-0.008936340333466575,0,2024-03-20,2,3,1
2024-03-21,429.83,430.82,427.16,429.37,21296222,MSFT,0.009735907626460927,0.9735907626460927,1.0085682179979398,0.1923919734984465,421.95,417.60900000000004,413.3555,407.0216,1.0175850219220288,1.0281627072213482,1.0387426803320627,60.21505376344087,5.233537867322866,3.8155785455124724,1.4179593218103936,413.3555,428.84442232328644,397.8665776767136,1.0169662441887064,0.013092950827659091,0.014273301100490734,0.013482876110565664,0.009759653826254544,0.0494451776897884,-0.02014579500197955,0,2024-03-21,3,3,1
2024-03-22,429.7,429.86,426.07,428.74,17648473,MSFT,-0.0014672659943638644,-0.14672659943638644,1.0088952519539043,-0.17128620278282225,424.41400000000004,419.86100000000005,414.2755,407.941,1.0101928777090292,1.0211474749976777,1.034915171184393,60.17073888725345,5.679468881036826,4.188356612617343,1.4911122684194824,414.2755,431.1354088153856,397.41559118461447,0.9289613947022173,0.005200754380453398,0.013846997063448243,0.013452288965388751,0.02958551462465775,0.05543794003249469,-0.009726174371413987,0,2024-03-22,4,3,1
2024-03-25,425.24,427.41,421.61,422.86,18060450,MSFT,-0.013714605588468487,-1.3714605588468487,1.0137567894499657,0.023343492663642884,425.52200000000005,421.69500000000005,415.0415,408.70560000000006,0.9937441542387937,1.0027626602165072,1.0188378752486198,66.41754670999191,5.495061910231186,4.449697672140112,1.0453642380910741,415.0415,432.00468028151306,398.0783197184869,0.7304550169911487,0.010334866033753286,0.014876907104038115,0.0137819826114954,0.013275184510687321,0.0453376841688915,-0.0033580854183418163,0,2024-03-25,0,3,1
2024-03-26,425.61,425.99,421.35,421.65,16725647,MSFT,-0.0028614671522491086,-0.28614671522491086,1.0110122226177762,-0.07390751614716129,425.57,422.332,415.75,409.3692,0.9907888244002161,0.9983851567013629,1.0141912206855082,65.7234726688103,5.191437509625814,4.598045639637252,0.5933918699885616,415.75,432.5664493404823,398.9335506595177,0.6754234761614301,0.00968600996763193,0.01279520018068667,0.013816906911080241,0.0005695166227663861,0.01533904835291855,-0.0028459622909996485,0,2024-03-26,1,3,1
2024-03-27,424.44,424.45,419.01,421.43,16704978,MSFT,-0.000521759753349893,-0.0521759753349893,1.012982983699673,-0.0012357668435786229,424.81000000000006,422.96500000000003,416.43549999999993,409.9924,0.9920435018008049,0.9963708581088269,1.0119934539682618,61.09806754560235,4.8768436059078795,4.653805232891378,0.2230383730165011,416.43549999999993,432.98939853907706,399.8816014609228,0.6508557029091987,0.008335173641032383,0.012796787796572982,0.013824267104486462,-0.008936340333466575,0.0152493375090339,-0.008423700258643252,0,2024-03-27,2,3,1
2024-03-28,420.96,421.87,419.12,420.72,21871161,MSFT,-0.0016847400517285838,-0.16847400517285838,1.0065613666730293,0.3092600900162814,423.08000000000004,422.515,416.78950000000003,410.6174,0.9944218587501181,0.9957516301196409,1.00943041991221,63.63807373965388,4.518152158768146,4.626674618066732,-0.1085224592985865,416.78950000000003,433.3944180729831,400.18458192701695,0.6183534896927643,0.005466503917278245,0.009984131537659575,0.013507432716663272,-0.02014579500197955,-0.01058275716099899,0.01140901312036502,1,2024-03-28,3,3,1
2024-04-01,423.95,427.89,422.22,424.57,15602611,MSFT,0.00915097927362618,0.9150979273626181,1.0134290180474632,-0.28661258540413104,422.246,423.33000000000004,417.24300000000005,411.2314,1.00550390056981,1.0029291569224954,1.01756051030215,68.12511299945764,4.492759689826528,4.599891632418692,-0.10713194259216419,417.24300000000005,434.19150293031515,400.29449706968495,0.7161547845885088,0.008132894424296318,0.0076325184440582325,0.01361170510748361,-0.009726174371413987,0.019571586379136363,4.71064842075819e-05,1,2024-04-01,0,4,2
2024-04-02,420.11,422.38,417.84,421.44,17861855,MSFT,-0.007372164778481793,-0.7372164778481793,1.0108654030250814,0.14479909804839708,421.962,423.742,417.5690000000001,411.6868,0.9987629217796864,0.9945674490609852,1.0092703241859426,56.4597315436242,4.171979155016686,4.514309136938291,-0.3423299819216048,417.5690000000001,434.5800724313052,400.55792756869494,0.6137788348039774,0.006066797074013633,0.008181141957206532,0.0137359901252447,-0.0033580854183418163,0.009872519888814324,0.01148443432042523,1,2024-04-02,1,4,2
2024-04-03,419.73,423.26,419.085,420.45,16462007,MSFT,-0.002349088838268787,-0.2349088838268787,1.0099621795101232,-0.07837080751131387,421.7219999999999,423.646,418.459,412.1656,0.9969837950118801,0.9924559655939156,1.0047579332742276,55.51660136110536,3.7941370932139193,4.370274728193417,-0.5761376349794975,418.459,433.9809395152713,402.9370604847287,0.5641350263619161,0.006024448956244702,0.007613585214710443,0.01176858199077063,-0.0028459622909996485,-0.0022780664910657666,0.006683315495302766,1,2024-04-03,2,4,2
2024-04-04,424.99,428.67,417.57,417.88,19290884,MSFT,-0.0061124985134973775,-0.6112498513497377,1.026582369423091,0.17184277712917995,421.012,422.91099999999994,419.24850000000004,412.5452,0.9925607821154742,0.9881038800125796,0.9967358261269866,41.03566194430869,3.24985471324635,4.146190725204004,-0.8963360119576542,419.24850000000004,432.738030092083,405.75896990791705,0.4492754754740043,0.006515469787794028,0.007053188241895818,0.011891770426833283,-0.008423700258643252,-0.017284763539731518,0.024049966497559083,1,2024-04-04,3,4,2
2024-04-05,420.01,426.51,418.32,425.52,16526878,MSFT,0.018282760601129544,1.8282760601129544,1.019578313253012,-0.14328042198584579,421.97200000000004,422.526,420.0675,413.00440000000003,1.0084081408245096,1.0070859544738076,1.0129800567765894,61.43790849673201,3.3958459572804145,3.9961217716192863,-0.6002758143388718,420.0675,432.94816666303257,407.1868333369674,0.7116544175329305,0.011048953385939767,0.008877495188806253,0.011944371135702346,0.01140901312036502,-0.008966625521112381,-0.008507238202669631,0,2024-04-05,4,4,2
2024-04-08,425.17,427.28,423.3,424.59,14248192,MSFT,-0.002185561195713448,-0.2185561195713448,1.0094023151429246,-0.1378775834129108,421.97599999999994,422.111,420.986,413.39880000000005,1.0061946650994371,1.005872862825181,1.008560854755265,59.130871640291375,3.39733942816423,3.876365302928275,-0.47902587476404523,420.986,432.22415755642817,409.7478424435718,0.6603465684612382,0.010443320856099116,0.008885811859513806,0.011794700507796916,4.71064842075819e-05,-0.009679526053085863,-0.02578958524694408,0,2024-04-08,0,4,2
2024-04-09,426.44,427.74,421.62,426.28,12468710,MSFT,0.003980310417108335,0.3980310417108335,1.0145154404440018,-0.12489177574249422,422.94399999999996,422.453,422.07399999999996,413.8458,1.007887569039873,1.0090589959119713,1.0099650772139483,56.50895482491306,3.4946082224104202,3.800013886824704,-0.30540566441428396,422.07399999999996,430.4485137172222,413.6994862827777,0.7511190584923358,0.0096277438872409,0.007747501692358778,0.011700095362230522,0.01148443432042523,0.008087783190654063,-0.027446748615933214,0,2024-04-09,1,4,2
2024-04-10,422.19,424.03,419.7,423.26,16216581,MSFT,-0.007084545369240858,-0.7084545369240858,1.0103168930188229,0.30058209710547446,423.506,422.6139999999999,422.47300000000007,414.11659999999995,0.9994191345577159,1.0015285816371442,1.0018628409389474,47.30947828462165,3.290079691151277,3.698027047690019,-0.40794735653874215,422.47300000000007,430.22159471129726,414.7244052887029,0.5507834019794906,0.010403895217796949,0.00807923478450837,0.01043264489730592,0.006683315495302766,0.003818332740424646,-0.02698105183575117,0,2024-04-10,2,4,2
2024-04-11,425.82,429.37,422.36,427.93,17966423,MSFT,0.011033407361905168,1.1033407361905168,1.016597215645421,0.10790449602169527,425.51599999999996,423.264,423.1145,414.50339999999994,1.0056731121743954,1.0110238527254858,1.0113810800622527,48.06138933764136,3.4648783667613543,3.6513973115042866,-0.1865189447429323,423.1145,430.403723408202,415.82527659179806,0.8303163951993501,0.01014091263813569,0.008731133307550893,0.010662074180719676,0.024049966497559083,0.015423676529910058,-0.05528941649335173,0,2024-04-11,3,4,2
2024-04-12,424.05,425.1794,419.77,421.9,19253750,MSFT,-0.014091089664197476,-1.4091089664197476,1.0128865807465994,0.07165182518523583,424.79200000000003,423.38199999999995,422.94849999999997,414.98980000000006,0.9931919621838452,0.9964996150048893,0.9975209747758889,41.96050775740475,3.081317461706419,3.5373813415447133,-0.4560638798382941,422.94849999999997,430.18686932784294,415.710130672157,0.4275734663077463,0.009710421444106759,0.010029272505720482,0.00976418676752916,-0.008507238202669631,0.002804715725422957,-0.05399383740222796,0,2024-04-12,4,4,2
2024-04-15,426.6,426.82,413.43,413.64,20273538,MSFT,-0.019578099075610367,-1.9578099075610367,1.0323875867740608,0.05296568200999796,422.602,422.28900000000004,422.8095,415.18699999999995,0.9787932854080199,0.9795187655847061,0.9783129281626831,39.73731077471056,2.08677467328215,3.247260007892201,-1.1604853346100508,422.8095,430.6568850153341,414.9621149846659,-0.08423920720612338,0.012620626126740796,0.011259517600108323,0.009644117828302575,-0.02578958524694408,-0.025743693619426744,-0.030654675563291822,0,2024-04-15,0,4,2
2024-04-16,414.57,418.4,413.7301,414.58,16765616,MSFT,0.002272507494439635,0.2272507494439635,1.0112873102537137,-0.17302959157893405,420.262,421.60299999999995,422.6725,415.2542000000001,0.9864798625619257,0.9833421488936275,0.9808539708639668,42.08286674132138,1.358779329949357,2.8695638723036323,-1.5107845423542754,422.6725,431.0041337565075,414.34086624349254,0.014350952255952528,0.012331619585519859,0.011213319300352206,0.009645638126374836,-0.027446748615933214,-0.01627752467729693,-0.016908678662743037,0,2024-04-16,1,4,2
2024-04-17,417.25,418.88,410.33,411.84,15855485,MSFT,-0.006609098364609989,-0.6609098364609989,1.0208368873833256,-0.05428556874975543,417.97799999999995,420.742,422.1940000000001,415.37800000000004,0.98531501657982,0.9788421407893673,0.9754757291671599,39.83464066143731,0.554352444660708,2.406521586775048,-1.8521691421143398,422.1940000000001,431.8283298458633,412.5596701541368,-0.03734925862258385,0.012318071560924855,0.011326003296589438,0.00943826492324117,-0.02698105183575117,-0.02047805922226187,-0.006750194250194186,0,2024-04-17,2,4,2
2024-04-18,410.63,411.89,403.95,404.27,21029917,MSFT,-0.018380924630924667,-1.8380924630924667,1.019655898007179,0.32634965124056436,413.246,419.381,421.146,415.35360000000003,0.9782792815901424,0.9639683247452794,0.959928385880431,34.77697575421057,-0.6860885901912184,1.7879995513817946,-2.474088141573013,421.146,433.55128647922027,408.74071352077976,-0.18019388460994226,0.009119642949449367,0.012430474500281083,0.009867208392607496,-0.05528941649335173,-0.032569158610127324,-0.012936898607366243,0,2024-04-18,3,4,2
2024-04-19,404.03,405.48,397.77,399.12,30565789,MSFT,-0.012739011056966842,-1.2739011056966842,1.0193830605626368,0.45344315909568267,408.68999999999994,416.741,419.6335,415.055,0.9765837187110036,0.9577171432616421,0.9511156759410294,27.001626604012287,-2.060951639261077,1.0182093132532204,-3.0791609525142976,419.6335,434.87016115518236,404.3968388448177,-0.17316257121800327,0.009035004485186446,0.010119636213771753,0.009681054745813121,-0.05399383740222796,-0.0620417371686407,0.018039687312086494,1,2024-04-19,4,4,2
2024-04-22,400.08,402.85,395.75,400.96,20286875,MSFT,0.00461014231308865,0.461014231308865,1.0179406190777007,-0.3362881946217714,406.154,414.378,418.24449999999996,414.792,0.9872117472682775,0.9676189372987948,0.9586736944538422,31.051073279052517,-2.9678562886547297,0.22099619287163041,-3.18885248152636,418.24449999999996,434.9772293208928,401.51177067910714,-0.016487766834852605,0.009746009342954888,0.01064407559320111,0.009845555120533412,-0.030654675563291822,-0.05565368944157889,0.0032172785315243146,1,2024-04-22,0,4,2
2024-04-23,404.235,408.2,403.06,407.57,15734501,MSFT,0.016485434956105438,1.6485434956105438,1.0127524438048925,-0.2243999630302843,404.75199999999995,412.50699999999995,417.4799999999999,414.5324,1.0069622880183422,0.9880317182496298,0.9762623359202838,39.205497820985585,-3.117278947995544,-0.4466588353018045,-2.6706201126937397,417.4799999999999,434.71446974433417,400.24553025566564,0.21249478089519494,0.013977746376981072,0.012478781925451106,0.010460512697144183,-0.016908678662743037,-0.04389133902599229,-0.044753048556076314,0,2024-04-23,1,4,2
2024-04-24,409.56,412.47,406.78,409.06,15065330,MSFT,0.0036558137252495904,0.36558137252495904,1.0139879050100793,-0.042528898755670785,404.196,411.087,416.8505,414.40840000000003,1.0120337657967915,0.9950691702729593,0.9813110455666959,42.47183339023558,-3.0799630378153324,-0.9733196758045102,-2.1066433620108223,416.8505,434.36115897945274,399.3398410205473,0.2775497767062479,0.014128137461528726,0.01268335913899145,0.010526606990522417,-0.006750194250194186,-0.033549118744979456,-0.03451816359458271,0,2024-04-24,2,4,2
2024-04-25,394.03,399.8899,388.03,399.04,40586450,MSFT,-0.02449518408057494,-2.449518408057494,1.030564389351339,1.6940299349566188,403.15,408.198,415.73099999999994,414.26279999999997,0.989805283393278,0.9775648092347342,0.9598514423990515,28.280839895013145,-3.814943871288733,-1.541644514901355,-2.273299356387378,415.73099999999994,434.80226016314805,396.6597398368518,0.062404375557406314,0.01610528110456647,0.013178041973550764,0.011712102502743774,-0.012936898607366243,-0.06751104152548315,-0.003007217321571831,0,2024-04-25,3,4,2
2024-04-26,412.17,413.0,405.7601,406.32,29694654,MSFT,0.018243785084202102,1.8243785084202102,1.0178428090884244,-0.2683604010698152,404.59000000000003,406.64,415.01099999999997,414.19939999999997,1.0042759336612372,0.9992130631516821,0.9790583864042158,36.42846530976081,-3.7665676710608977,-1.9866291461332635,-1.7799385249276343,415.01099999999997,434.3742608171671,395.6477391828328,0.2755801545498298,0.0171083879163607,0.0150482445325424,0.012612597235915894,0.018039687312086494,-0.03692818203365722,0.0008367788934831033,1,2024-04-26,4,4,2
2024-04-29,405.25,406.32,399.19,402.25,19582091,MSFT,-0.01001673557786964,-1.001673557786964,1.0178611688669557,-0.34055163599481575,404.848,405.50100000000003,413.895,414.1132,0.9935827767458404,0.9919827571325347,0.9718648449485981,32.759362892811026,-4.010414606254926,-2.391386238157596,-1.61902836809733,413.895,433.5097361359812,394.28026386401876,0.20315685311110493,0.018133663902291854,0.014204076938678303,0.01247503791811549,0.0032172785315243146,-0.027536021661348054,0.028067122436295833,1,2024-04-29,0,4,2
2024-04-30,401.49,402.16,389.17,389.33,28781374,MSFT,-0.03211932877563706,-3.2119328775637057,1.0333787290901149,0.46978042334702663,401.2,402.976,412.2895,413.8186,0.9704137587238285,0.966136941157786,0.9443121884015965,28.68450810403317,-5.186415314953933,-2.9503920535168637,-2.2360232614370696,412.2895,434.4014852949519,390.17751470504805,-0.01916414771769847,0.020481802217699407,0.016794434619015478,0.014093275242354633,-0.044753048556076314,-0.0609050123016065,0.05139598797934908,1,2024-04-30,1,4,2
2024-05-01,392.61,401.7199,390.31,394.94,23562481,MSFT,0.014409369943235939,1.440936994323594,1.029232917424611,-0.18132883440519554,398.376,401.286,411.014,413.66159999999996,0.9913749824286604,0.98418584251631,0.960891843100235,29.516950204892566,-5.601157576014941,-3.4805451580164792,-2.120612417998462,411.014,434.0669727732493,387.96102722675073,0.15136817368187072,0.022591833623154325,0.018000646829017572,0.014674050566317959,-0.03451816359458271,-0.04103535353535348,0.03949967083607642,1,2024-05-01,2,5,2
2024-05-02,397.66,399.93,394.6515,397.84,17709364,MSFT,0.007342887527219233,0.7342887527219233,1.0133750916948245,-0.2484083488491725,398.13599999999997,400.643,410.012,413.5748,0.9992565354552213,0.9930037464775374,0.9703130640078826,34.45736434108525,-5.630928207034117,-3.9106217678200066,-1.7203064392141103,410.012,433.54549290736543,386.4785070926346,0.2413898555579381,0.020769292041205294,0.01755521954691022,0.014832490694053149,-0.003007217321571831,-0.015905211863358693,0.03639654132314507,1,2024-05-02,3,5,2
2024-05-03,402.28,407.15,401.86,406.66,17446724,MSFT,0.022169716468932288,2.216971646893229,1.0131637883840143,-0.014830572119924779,398.204,401.39700000000005,409.06899999999996,413.475,1.0212353467067132,1.013111707362038,0.994111017945628,45.52334530528478,-4.886492909889171,-4.105795996233839,-0.7806969136553317,409.06899999999996,431.470235774182,386.6677642258179,0.4462306449455712,0.021704795816454417,0.018508605953900244,0.015139346682913649,0.0008367788934831033,0.018891561435157467,0.01986917818324896,1,2024-05-03,4,5,2
2024-05-06,408.76,413.93,406.3701,413.54,16996639,MSFT,0.016918310136231796,1.6918310136231796,1.0186034848528474,-0.025797679839493104,400.462,402.65500000000003,408.5165,413.539,1.0326572808406291,1.0270330680110764,1.0122969329268219,49.3802145411204,-3.698727444491908,-4.024382285885453,0.32565484139354517,408.5165,429.8243006719054,387.2086993280946,0.6178793644015912,0.021828571368196235,0.01909917595425835,0.015728505161348792,0.028067122436295833,0.031374700718276305,0.00043526623784884144,1,2024-05-06,0,5,2
2024-05-07,414.66,414.67,409.09,409.34,20018228,MSFT,-0.01015621221647256,-1.015621221647256,1.0136400303111786,0.17777567670878924,404.46400000000006,402.832,407.66949999999997,413.575,1.0120554610546302,1.0161556182229812,1.0040976820684402,48.53561387066542,-3.0610339608389268,-3.8317126208761483,0.7706786600372215,407.66949999999997,427.2836425614535,388.0553574385464,0.5425840689891521,0.012536417990382975,0.018906436244144717,0.015800946867535928,0.05139598797934908,0.004342812277645436,0.01763814921581086,1,2024-05-07,1,5,2
2024-05-08,408.17,412.23,406.7132,410.54,11792308,MSFT,0.0029315483461183067,0.2931548346118307,1.0135643495219728,-0.410921486157516,407.584,402.98,407.0335,413.63620000000003,1.0072524927376934,1.0187602362400119,1.0086147700373558,53.96885681731866,-2.430806485488688,-3.5515313937986566,1.1207249083099686,407.0335,425.29753111669356,388.76946888330644,0.5959946897154328,0.012609125205439985,0.018894792802464068,0.01578691300037659,0.03949967083607642,0.0036180511416419314,0.03054513567496464,1,2024-05-08,2,5,2
2024-05-09,410.57,412.72,409.1,412.32,14689727,MSFT,0.00433575291080035,0.433575291080035,1.0088486922512834,0.2457041488400744,410.48,404.308,406.25300000000004,413.7282,1.0044825570064315,1.0198165754820583,1.0149340435639858,58.72784977519174,-1.767342720066324,-3.1946936590521906,1.4273509389858665,406.25300000000004,421.90433402755434,390.60166597244574,0.6938173445573057,0.012710150737391832,0.016728666814911527,0.015578826066859577,0.03639654132314507,0.033279871692060814,0.02102735739231676,1,2024-05-09,3,5,2
2024-05-10,412.935,415.38,411.8,414.74,13402281,MSFT,0.005869227784245368,0.5869227784245368,1.0086935405536668,-0.0876426090151301,412.096,405.15,405.895,413.75019999999995,1.0064159807423514,1.023670245588054,1.0217913499796747,59.04199475065618,-1.0343458358172484,-2.762624094405202,1.7282782585879537,405.895,420.31879247887525,391.4712075211247,0.8066114550994198,0.009644005356415122,0.01594862256701179,0.015384112817589484,0.01986917818324896,0.020722583185666554,0.01318898587066597,1,2024-05-10,4,5,2
2024-05-13,418.01,418.348,410.82,413.72,15440226,MSFT,-0.002459372136760285,-0.2459372136760285,1.0183243269558444,0.15205956359219752,412.13200000000006,406.29699999999997,405.899,413.7146,1.0038531344326573,1.018269886314691,1.0192683401535851,54.354907236935304,-0.5296406320800884,-2.3160274019401794,1.786386769860091,405.899,420.33187752612713,391.4661224738729,0.7709438913287407,0.006538031909757387,0.015479210490811891,0.014743889188231715,0.00043526623784884144,0.028514605344934774,0.02808662863772593,1,2024-05-13,0,5,2
2024-05-14,412.02,417.49,411.55,416.56,15109306,MSFT,0.006864546069805577,0.6864546069805577,1.0144332401895273,-0.0214323287754985,413.576,409.02,405.998,413.74739999999997,1.0072151188656981,1.0184343063908856,1.0260149064773718,55.21122846025569,0.09837217007395793,-1.833147487537352,1.9315196576113098,405.998,420.7061353786183,391.2898646213817,0.8590529910186421,0.0036561181325615007,0.009380580205023437,0.014814865751460439,0.01763814921581086,0.06994066730023385,0.02995966967543695,1,2024-05-14,1,5,2
2024-05-15,417.9,423.81,417.27,423.08,22239533,MSFT,0.015652006913769778,1.5652006913769778,1.0156733050542814,0.47190962973415185,416.084,411.834,406.56,414.156,1.0168139125753453,1.0273071188877072,1.0406336088154269,67.55769792579605,1.1093979020171219,-1.2446384096264573,2.354036311643579,406.56,422.9686806294709,390.1513193705291,1.0033920877931268,0.006485420732882122,0.009499722536411615,0.015098587229234281,0.03054513567496464,0.07125132931584544,0.01758532665216972,1,2024-05-15,2,5,2
2024-05-16,421.8,425.42,420.35,420.99,17530050,MSFT,-0.0049399640729884675,-0.49399640729884675,1.0120613774235756,-0.21176177575311494,417.81800000000004,414.149,407.396,414.534,1.007591822276685,1.0165182096298675,1.033368025213797,61.593172119487924,1.722145721607717,-0.6512815833796224,2.3734273049873393,407.396,424.97538793018606,389.81661206981397,0.8866459985406365,0.008199401399922772,0.010210316114917373,0.014454554577423956,0.02102735739231676,0.0581892217977078,0.014275873536188532,1,2024-05-16,3,5,2
2024-05-17,422.54,422.92,418.025,420.21,15352239,MSFT,-0.0018527756003706708,-0.18527756003706708,1.0117098259673465,-0.12423301701934675,418.912,415.504,408.4505,414.7554,1.0030985027881751,1.0113260040817897,1.0287905143952571,64.971657219073,2.1203709851432677,-0.09695106967504441,2.217322054818312,408.4505,426.46442849991274,390.4365715000872,0.8264002074854729,0.008526470064147067,0.008610274007665376,0.01406495998181826,0.01318898587066597,0.03332021836423538,0.023678636872040304,1,2024-05-17,4,5,2
2024-05-20,420.21,426.77,419.99,425.34,16272137,MSFT,0.012208181623474035,1.2208181623474035,1.01614324150575,0.059919468424117106,421.236,416.684,409.66949999999997,415.13779999999997,1.0097427570293136,1.0207735358209098,1.0382515662015357,84.49894615826783,2.817437832812004,0.4859267108223653,2.3315111219896387,409.66949999999997,428.8133383381117,390.52566166188825,0.9092831260699438,0.008845108337345501,0.007881509856529125,0.014221791887891765,0.02808662863772593,0.028534120036755706,0.011708280434475915,1,2024-05-20,0,5,2
2024-05-21,426.825,432.97,424.85,429.04,21453255,MSFT,0.008698923214369714,0.8698923214369714,1.019112627986348,0.31840427597186527,423.73199999999997,418.654,410.74300000000005,415.6282,1.012526785798571,1.0248080754035553,1.0445461030376657,83.91010342084324,3.626621968930692,1.1140657624440307,2.5125562064866616,410.74300000000005,431.71200680327416,389.77399319672594,0.9362867581583088,0.008948811725551273,0.006572146426521679,0.013938459595382084,0.02995966967543695,0.04812625201543952,0.0003030020510907949,1,2024-05-21,1,5,2
2024-05-22,430.09,432.41,427.13,430.52,18073698,MSFT,0.0034495618124184,0.34495618124184,1.012361576100953,-0.15753119981093777,425.21999999999997,420.65200000000004,411.816,415.93300000000005,1.0124641362118434,1.0234588210682463,1.0454183421722323,83.44248874334829,4.337331796728165,1.7587189693008578,2.5786128274273072,411.816,434.54479963023874,389.0872003697612,0.9114603565582914,0.007119483068254928,0.006558416145799332,0.013937762686890853,0.01758532665216972,0.04866760851561347,-0.0368159435101737,0,2024-05-22,2,5,2
2024-05-23,432.97,433.6,425.424,427.0,17211689,MSFT,-0.008176159063458144,-0.8176159063458144,1.019218473804957,-0.047694113291037565,426.4219999999999,422.12,413.21399999999994,416.171,1.0013554647743317,1.0115606936416184,1.033362857986419,73.3471074380165,4.563929732504164,2.319761121941519,2.244168610562645,413.21399999999994,436.07321065082755,390.35478934917234,0.8015414707572359,0.00815223917123709,0.007740159290634797,0.012686304249833247,0.014275873536188532,0.035603414823438095,-0.027798594847775138,0,2024-05-23,3,5,2
2024-05-24,427.19,431.055,424.41,430.16,11855285,MSFT,0.007400468384074932,0.7400468384074932,1.0156570297589596,-0.3112073428703017,428.412,423.662,414.40599999999995,416.26980000000003,1.0040801844952991,1.0153376984482914,1.0380158588437427,70.85843373493975,4.941532904607811,2.8441154784747775,2.097417426133034,414.40599999999995,438.2180008664353,390.5939991335646,0.8307995848052905,0.007858346901953242,0.007806409903033252,0.012245686654700707,0.023678636872040304,0.03717991994984815,-0.03868328063976201,0,2024-05-24,4,5,2
2024-05-28,429.63,430.82,426.6,430.32,15718024,MSFT,0.00037195462153616354,0.037195462153616354,1.0098921706516641,0.32582422101197905,429.408,425.322,415.8095,416.5478,1.0021238542365303,1.0117510968160592,1.034896990088009,79.30167597765369,5.193825613183549,3.3140575054165318,1.879768107767017,415.8095,439.9118907746221,391.7071092253779,0.8010178561887391,0.006740507690331102,0.007607629466408451,0.011882721091057662,0.011708280434475915,0.040123755196751265,-0.033114891243725575,0,2024-05-28,1,5,2
2024-05-29,425.69,430.94,425.69,429.17,15517130,MSFT,-0.0026724298196689755,-0.26724298196689755,1.0123329183208438,-0.012781123123364657,429.434,426.58299999999997,417.80150000000003,416.78479999999996,0.9993852373123693,1.0060644704547534,1.0272102900540088,76.05594405594414,5.2405640530855635,3.6993588149503385,1.541205238135225,417.80150000000003,439.11308644592333,396.48991355407674,0.7667211103417096,0.005932291557843704,0.007799486894539754,0.0086205773496485,0.0003030020510907949,0.030271749567889472,-0.01202320758673725,0,2024-05-29,2,5,2
2024-05-30,424.3,424.3,414.24,414.67,28424847,MSFT,-0.03378614535032742,-3.3786145350327423,1.024285438393202,0.8318366218495301,426.264,425.742,418.788,416.65,0.9728008933430926,0.9739936393402577,0.9901668624697938,52.42417990509597,4.060765804540495,3.7716402128683697,0.2891255916721249,418.788,437.28446976274563,400.2915302372544,0.38868146049431007,0.0158005882844435,0.012899629872754864,0.011929141267452386,-0.0368159435101737,-0.01987803725063808,0.02375382834543127,1,2024-05-30,3,5,2
2024-05-31,416.75,416.75,404.51,415.13,47995250,MSFT,0.001109315841512526,0.1109315841512526,1.0302588316728882,0.688496335617919,423.89,425.15599999999995,419.6525,416.44800000000004,0.9793342612470216,0.9764180677210249,0.989223226359905,50.41926467426359,3.1268410707284033,3.642680384440377,-0.5158393137119734,419.6525,435.44511769575143,403.8598823042485,0.35681601090056697,0.016222553610939387,0.01288461736239661,0.011877505001430646,-0.027798594847775138,-0.013919570536117254,0.02100546816659854,1,2024-05-31,4,5,2
2024-06-03,415.525,416.43,408.9234,413.52,17484675,MSFT,-0.0038783031821357783,-0.38783031821357783,1.0183569832394037,-0.6356998869679812,420.562,424.48699999999997,419.9955,416.131,0.9832557387495778,0.974164108677062,0.9845819776640464,49.78768577494687,2.2310670932889707,3.360357726210096,-1.1292906329211254,419.9955,434.8713489894811,405.1196510105189,0.2823485568931587,0.014689315958697189,0.012909734388668402,0.010965239536051156,-0.03868328063976201,-0.01592061112300991,0.03470207003288839,1,2024-06-03,0,6,2
2024-06-04,412.43,416.44,409.675,416.07,14348917,MSFT,0.00616656993615794,0.616656993615794,1.01651308964423,-0.17934322485262089,417.712,423.56000000000006,420.122,415.8776,0.9960690619374114,0.9823165549154782,0.9903551825422139,49.476607562486635,1.7072434118957744,3.0297348633472323,-1.3224914514514579,420.122,434.8085331798235,405.43546682017654,0.36205049379636084,0.0156870811080257,0.012323560443215078,0.010386589624430217,-0.033114891243725575,-0.021794329242488364,0.039921167111303335,1,2024-06-04,1,6,2
2024-06-05,417.81,424.08,416.3,424.01,16988038,MSFT,0.01908332732472906,1.908332732472906,1.0186884458323324,0.1839247519516629,416.68,423.0570000000001,420.8555,415.9006,1.0175914370740136,1.0022526515339538,1.0074954467744868,50.964130209413234,1.910774790725668,2.80594284882292,-0.8951680580972519,420.8555,434.71686087341743,406.9941391265826,0.6137875288294931,0.019585796714562644,0.013698422891144247,0.010875257934102977,-0.01202320758673725,-0.011723848592205877,0.04021131577085457,1,2024-06-05,2,6,2
2024-06-06,424.01,425.31,420.58,424.52,14861251,MSFT,0.001202801820711752,0.12028018207117519,1.0112463740548767,-0.12519320948069457,418.65,422.457,421.5545,415.958,1.0140212588080735,1.0048833372390562,1.0070346776039634,53.783494105037484,2.089145246609803,2.6625833283802964,-0.5734380817704934,421.5545,434.61226070912585,408.4967392908742,0.6135531606857916,0.008771186858445336,0.013633909221313288,0.010872818171698813,0.02375382834543127,-0.01393663476725815,0.04018656364835582,1,2024-06-06,3,6,2
2024-06-07,426.2,426.28,423.0,423.85,13621650,MSFT,-0.0015782530858380328,-0.15782530858380328,1.0077541371158392,-0.08341161857773616,420.39399999999995,422.142,422.131,416.0064,1.0082208594794408,1.0040460319039566,1.0040721955980492,53.910614525139714,2.1516389627969943,2.560394455263636,-0.4087554924666419,422.131,434.4704581472757,409.79154185272427,0.5696545982604418,0.009124297432483235,0.01342315423853853,0.010878707418489796,0.02100546816659854,-0.007377049180327777,0.0441665683614485,1,2024-06-07,4,6,2
2024-06-10,424.7,428.08,423.89,427.87,14003034,MSFT,0.009484487436593136,0.9484487436593136,1.0098846398829886,0.027998370241490544,423.264,421.913,422.7875,416.14939999999996,1.0108820972253723,1.014119024538234,1.0120214055524346,52.7845036319613,2.4967649345926475,2.547668551129439,-0.05090361653679132,422.7875,434.86562267566313,410.7093773243369,0.710401075418823,0.008062037927786175,0.013577459841078275,0.010985745521715513,0.03470207003288839,-0.005323600520736549,0.04791174889569261,1,2024-06-10,0,6,2
2024-06-11,425.475,432.82,425.25,432.68,14551101,MSFT,0.011241732301867424,1.1241732301867424,1.017801293356849,0.039139160841857645,426.58600000000007,422.149,423.73549999999994,416.31159999999994,1.0142855133548685,1.0249461682960281,1.0211086869049208,53.91061452513966,3.122413317799044,2.66261750446336,0.45979581333568387,423.73549999999994,435.793281021309,411.6777189786909,0.8709015773380255,0.008267911792060784,0.01407647880598585,0.01114418932657805,0.039921167111303335,0.005484290760364496,0.031570675788111124,1,2024-06-11,1,6,2
2024-06-12,435.32,443.4,433.25,441.06,22366233,MSFT,0.019367662013497267,1.9367662013497267,1.0234275822273513,0.5370818331891174,429.996,423.338,424.9605,416.704,1.0257304719113667,1.0418625306492684,1.0378846975189457,59.86152694610782,4.245500645749416,2.979194132720571,1.2663065130288453,424.9605,438.795930451902,411.12506954809805,1.0818214350456572,0.008364586808477433,0.015182667127875358,0.011747916825670035,0.04021131577085457,0.0277046391872684,0.01052011064254299,1,2024-06-12,2,6,2
2024-06-13,440.85,443.39,439.37,441.58,15960565,MSFT,0.0011789779168367431,0.11789779168367431,1.0091494640052803,-0.2863990552186414,433.408,426.029,425.88550000000004,417.12660000000005,1.0188552126402834,1.0365022099434544,1.0368514542054141,64.45281522601113,5.118512077667788,3.4070577217100144,1.7114543559577733,425.88550000000004,441.5450348119367,410.22596518806336,1.0011164184786836,0.00836939203776198,0.008256691853777812,0.011362293500951401,0.04018656364835582,0.06489497672848277,0.018569681597898402,1,2024-06-13,3,6,2
2024-06-14,438.275,443.1376,436.721,442.57,13581985,MSFT,0.002241949363648743,0.2241949363648743,1.0146926756441756,-0.14902855882608168,437.15199999999993,428.77299999999997,426.96450000000004,417.6204,1.0123938584291048,1.0321778656771765,1.0365498770975103,62.85477522270561,5.8231391302799125,3.890274003423994,1.9328651268559183,426.96450000000004,444.1073775758006,409.82162242419946,0.955159874151734,0.007401806938213796,0.008184451594846676,0.011237434688596993,0.0441665683614485,0.06609977597379135,0.011523600786316424,1,2024-06-14,4,6,2
2024-06-17,442.585,450.94,440.72,448.37,20790030,MSFT,0.01310527148247731,1.310527148247731,1.0231893265565437,0.5307062995578333,441.25200000000007,432.258,428.37250000000006,418.07739999999995,1.016131371642508,1.0372740354140353,1.0466825017945829,66.74086440363573,6.771514865172321,4.46652217577366,2.304992689398661,428.37250000000006,447.6698659233297,409.0751340766704,1.0181406643645559,0.007669656389854873,0.007539559682994479,0.011424280055506816,0.04791174889569261,0.08427645579415755,0.005754176238374598,1,2024-06-17,0,6,2
2024-06-18,449.705,450.14,444.89,446.34,17112504,MSFT,-0.004527510761201725,-0.4527510761201725,1.011800669828497,-0.1768889222382074,443.98400000000004,435.28499999999997,429.4225,418.51239999999996,1.0053064975314425,1.0253971535890278,1.0393959329098963,65.66891768570903,7.27543870458743,5.028305481536414,2.2471332230510157,429.4225,450.24975731747594,408.5952426825241,0.9061384497757338,0.009708238375381375,0.008543625845035957,0.01135097349099521,0.031570675788111124,0.07275218112336868,0.013039387014383674,1,2024-06-18,1,6,2
2024-06-20,446.3,446.53,441.27,445.7,19877378,MSFT,-0.0014338844826813357,-0.14338844826813357,1.011920139597072,0.16157039320487532,444.912,437.454,430.25550000000004,418.9008,1.0017711367641242,1.0188499819409582,1.035896112891061,87.90618128512095,7.536285716042755,5.529901528437682,2.0063841876050734,430.25550000000004,452.314571388575,408.19642861142506,0.8500713998323405,0.0066782450956465195,0.007769273358513778,0.011284455645762661,0.01052011064254299,0.05115445390438911,0.01604218083912956,1,2024-06-20,3,6,2
2024-06-21,447.38,450.58,446.51,449.78,34486172,MSFT,0.009154139555755059,0.9154139555755059,1.0091151373989384,0.7349457257390788,446.552,439.98,431.21849999999995,419.43120000000005,1.0072287214031064,1.0222737397154416,1.0430443035259387,88.8888888888889,7.980239520276427,6.019969126805431,1.9602703934709966,431.21849999999995,454.94479567201165,407.49220432798825,0.8911588276693307,0.007320878795871323,0.007741086939788122,0.011395435882797523,0.018569681597898402,0.05950249693771781,-0.006291964960647434,0,2024-06-21,4,6,2
2024-06-24,449.8,452.75,446.41,447.67,15913719,MSFT,-0.004691182355818335,-0.4691182355818335,1.0142021908111376,-0.5385478272276785,447.57199999999995,442.36199999999997,432.25199999999995,419.82599999999996,1.0002189591842208,1.0119992223563508,1.0356690078935438,87.90233074361832,8.068804586040415,6.429736218652428,1.6390683673879867,432.25199999999995,456.98401598610127,407.51998401389864,0.8117012379553801,0.008263840896334553,0.008124880442828102,0.011253330923418596,0.011523600786316424,0.05619912704966379,0.020238121830812972,1,2024-06-24,0,6,2
2024-06-25,448.25,451.42,446.75,450.95,16747529,MSFT,0.007326825563473083,0.7326825563473083,1.010453273642977,0.05239567193564243,448.088,444.66999999999996,433.2915,420.407,1.0063871382407026,1.0141228326624239,1.0407543189746395,88.09523809523822,8.307893402966215,6.805367655515186,1.5025257474510294,433.2915,459.36456517017797,407.218434829822,0.8386349070342055,0.006619067040117148,0.008035831102614565,0.01125162986831512,0.005754176238374598,0.053941617781101625,0.018472114425102548,1,2024-06-25,1,6,2
2024-06-26,449.0,453.6,448.19,452.16,16507030,MSFT,0.002683224304246723,0.2683224304246723,1.012070773555858,-0.014360267714717767,449.25199999999995,446.61800000000005,434.3835,421.1774,1.0064729817563418,1.01240881469175,1.0409235157412746,86.04353393085802,8.49706106975458,7.1437063383630655,1.353354731391514,434.3835,461.730831843295,407.03616815670506,0.8250134254753348,0.005803873912282997,0.007784087083415458,0.011241315856902025,0.013039387014383674,0.045021725062401874,0.01904193205944793,1,2024-06-26,2,6,2
2024-06-27,452.175,456.17,451.77,452.85,14806324,MSFT,0.0015260084925690087,0.15260084925690087,1.0097394691989288,-0.10302919422815615,450.68199999999996,447.797,435.5675,421.9428,1.004810487217151,1.0112841309789926,1.039678121071935,86.10757073668125,8.603479485959156,7.435660967882284,1.1678185180768716,435.5675,463.993609477027,407.141390522973,0.8039898937624077,0.005427304361890191,0.005765524230065862,0.011177898461850575,0.01604218083912956,0.026731056999047764,0.03248316219498726,1,2024-06-27,3,6,2
2024-06-28,453.07,455.38,446.41,446.95,28362271,MSFT,-0.013028596665562664,-1.3028596665562664,1.0200936358952533,0.915551152331936,450.116,448.334,437.18149999999997,422.645,0.9929662575869331,0.9969130157427275,1.0223442666261038,75.9784075573549,8.118155117048673,7.572159797715562,0.5459953193331106,437.18149999999997,464.24463653195596,410.118363468044,0.6804761245701405,0.007863119771287102,0.007621765175935192,0.008164560721636734,-0.006291964960647434,0.012160876851306623,0.043159190066002884,1,2024-06-28,4,6,2
2024-07-01,448.66,457.37,445.66,456.73,17662818,MSFT,0.02188164224186151,2.188164224186151,1.0262756361351704,-0.37724246411720697,451.928,449.75,439.26150000000007,423.6942000000001,1.010625586376591,1.015519733185103,1.039767883140225,78.73357228195937,8.425571578819017,7.7428421539362535,0.6827294248827638,439.26150000000007,465.57263694556633,412.9503630544338,0.8319601892563521,0.012536130322304308,0.01005261351745029,0.00907635414359408,0.020238121830812972,0.03199493865377234,0.0061524314146212955,1,2024-07-01,0,7,3
2024-07-02,453.2,459.59,453.113,459.28,13979779,MSFT,0.005583167297965819,0.5583167297965819,1.0142944475219204,-0.20851933140000645,453.59399999999994,450.841,441.54949999999997,424.8974,1.0125354391812944,1.0187183508154758,1.0401551807894698,77.73144286905753,8.773825825746599,7.949038888298323,0.8247869374482759,441.54949999999997,466.3507193885263,416.74828061147366,0.8574521825366901,0.0124470902330972,0.009495005195573709,0.0088423881277442,0.018472114425102548,0.024332582465374397,0.015175927538756406,1,2024-07-02,1,7,3
2024-07-03,458.19,461.02,457.88,460.77,9932830,MSFT,0.003244208326075526,0.3244208326075526,1.0068576919716956,-0.2894859067514587,455.316,452.284,443.78450000000004,426.0936,1.0119784940568748,1.0187625474259536,1.0382742074137334,73.99561723886046,9.065548374470552,8.17234078553277,0.8932075889377824,443.78450000000004,466.9181869657972,420.6508130342029,0.8671161459285063,0.012437830966696341,0.009173282060658036,0.008851428097311553,0.01904193205944793,0.032329614195456324,-0.013173600711851918,0,2024-07-03,2,7,3
2024-07-05,459.61,468.35,458.965,467.56,16000290,MSFT,0.014736202443735635,1.4736202443735635,1.020448182323271,0.6108490732248513,458.258,454.46999999999997,445.962,427.29339999999996,1.0202986090804744,1.0288027812616896,1.0484301353030079,77.43979721166033,9.732447255955435,8.484362079617304,1.2480851763381313,445.962,469.4542559244736,422.46974407552636,0.9596833967209547,0.013202607770637689,0.009672479423872142,0.008539199383271497,0.03248316219498726,0.04904644379627565,-0.02996406878261615,0,2024-07-05,4,7,3
2024-07-08,466.55,467.7,464.46,466.24,12962321,MSFT,-0.0028231670801608377,-0.2823167080160838,1.0069758429143523,-0.18986962111311734,462.116,456.116,448.04799999999994,428.43699999999995,1.0089241662266617,1.022196108007612,1.0406027925579404,74.82693517935809,10.038736154486855,8.795236894591214,1.243499259895641,448.04799999999994,470.9246436625451,425.17135633745477,0.8976107742978255,0.00977625902974714,0.009819571891115193,0.00867813214898783,0.043159190066002884,0.036595668993730346,-0.026338366506520328,0,2024-07-08,0,7,3
2024-07-09,467.0,467.33,458.0,459.54,17228507,MSFT,-0.014370281400137297,-1.4370281400137297,1.0203711790393013,0.3291220762084197,462.678,457.303,449.8325,429.64700000000005,0.9932177453866404,1.0048917238679826,1.0215802548726471,61.49886761375336,9.629831603142634,8.962155836301498,0.6676757668411355,449.8325,470.1908836345235,429.47411636547645,0.7384152930377578,0.010784385203758658,0.011122965606265469,0.00959119038454536,0.0061524314146212955,0.02651506690195915,-0.021804413108761023,0,2024-07-09,1,7,3
2024-07-10,461.22,466.46,458.855,466.25,18196100,MSFT,0.014601558079818888,1.4601558079818888,1.0165738632029726,0.056162324454463786,464.072,458.83299999999997,451.7515,430.84560000000005,1.0046932372562878,1.0161649227496714,1.0320939720178017,68.69483568075121,9.734993773990993,9.116723423839398,0.6182703501515956,451.7515,470.57049742840826,432.9325025715918,0.8852091498273376,0.012328827970799068,0.01168465743262316,0.009808346284790133,0.015175927538756406,0.03392837343386179,-0.048750670241286875,0,2024-07-10,2,7,3
2024-07-11,462.98,464.78,451.55,454.7,23111175,MSFT,-0.024772117962466478,-2.477211796246648,1.029299080943417,0.2701169481372383,462.858,459.087,452.8525000000001,431.8946000000001,0.9823747239974246,0.9904440770485768,1.0040796948233695,57.01371571072319,8.78507816683242,9.050394372438003,-0.26531620560558267,452.8525000000001,469.41474098109006,436.2902590189101,0.5557744571555656,0.01751143877999769,0.014707301153235503,0.011615810448229348,-0.013173600711851918,0.005617480537862596,-0.0315152848031669,0,2024-07-11,3,7,3
2024-07-12,454.325,456.36,450.645,453.55,16324274,MSFT,-0.002529140092368598,-0.2529140092368598,1.012681822720767,-0.2936631737676687,460.05600000000004,459.157,453.477,433.17900000000003,0.9858582433442885,0.98778849064699,1.0001609783958172,53.07855626326967,7.848989549635974,8.810113407877598,-0.9611238582416242,453.477,469.081220886465,437.87277911353493,0.5023391106973932,0.014739530786959004,0.014736580520625283,0.010960622299164542,-0.02996406878261615,0.0015457657060835572,-0.03624738176606768,0,2024-07-12,4,7,3
2024-07-15,453.3,457.26,451.43,453.96,14429447,MSFT,0.0009039797155769858,0.09039797155769858,1.0129145160933035,-0.11607419723535639,457.6,459.858,454.0959999999999,434.35940000000005,0.9920454545454545,0.987174301632243,0.9997005038582152,55.283050562741444,7.05884616522701,8.45985995934748,-1.4010137941204697,454.0959999999999,468.6606802772615,439.53131972273826,0.4953311711135797,0.015030386842884486,0.01398066413378699,0.01096115842675373,-0.026338366506520328,0.015684080993399796,-0.024275266543307694,0,2024-07-15,0,7,3
2024-07-16,454.22,454.3,446.66,449.52,17175679,MSFT,-0.009780597409463354,-0.9780597409463354,1.0171047329064613,0.1903213615878696,455.596,459.13700000000006,454.4435,435.39300000000003,0.9866636230344428,0.9790541820850855,0.9891658699046196,48.82188169385401,6.005157232539318,7.968919413985848,-1.9637621814465298,454.4435,468.15705883020087,440.7299411697991,0.32048788133838985,0.014462275447641375,0.01238252304577063,0.01124099469276615,-0.021804413108761023,-0.0157861318503274,-0.01038885922762045,0,2024-07-16,1,7,3
2024-07-17,442.59,444.85,439.18,443.52,21754021,MSFT,-0.013347570742124892,-1.3347570742124892,1.0129104239719477,0.266559592782329,451.05,457.561,454.201,436.13020000000006,0.9833056202194878,0.9693133811666641,0.9764839795597102,43.4025656689065,4.63255015157273,7.301645561503225,-2.6690954099304953,454.201,468.5247188643582,439.87728113564185,0.12715688219147955,0.01005155855648577,0.01262060759034168,0.01127800559047617,-0.048750670241286875,-0.03431457934157811,-0.03296356421356428,0,2024-07-17,2,7,3
2024-07-18,444.34,444.65,434.4,440.37,20794822,MSFT,-0.007102272727272707,-0.7102272727272707,1.02359576427256,-0.04409295182715878,448.184,455.521,453.90250000000003,436.6668,0.9825651964371775,0.9667391843625212,0.9701863285617506,40.81542537533115,3.253071097806071,6.4919306687637945,-3.2388595709577235,453.90250000000003,469.1359229142409,438.66907708575917,0.05582865137456199,0.005668286137708789,0.012436910275860344,0.01134112040715643,-0.0315152848031669,-0.04427371573670158,-0.04988986534050921,0,2024-07-18,3,7,3
2024-07-19,433.1,441.14,432.0,437.11,20940417,MSFT,-0.007402865771964473,-0.7402865771964473,1.0211574074074075,0.00700150258559562,444.896,452.476,453.47299999999996,437.2222,0.9824992807307775,0.9660401877668651,0.9639162640333604,42.465543644716696,1.8751536500081443,5.568575265012664,-3.69342161500452,453.47299999999996,470.1007461206424,436.84525387935753,0.00796097434738366,0.005245734406048803,0.010454979264207168,0.011441980499020024,-0.03624738176606768,-0.06512533150825561,-0.02708700327148783,0,2024-07-19,4,7,3
2024-07-22,441.79,444.6,438.9125,442.94,15808755,MSFT,0.01333760380682203,1.333760380682203,1.012958163643095,-0.24506016284202936,442.692,450.146,453.13100000000003,437.87019999999995,1.0005602089037073,0.9839918604186197,0.977509815042449,38.761206193968995,1.2392906507361658,4.702718342157365,-3.4634276914211988,453.13100000000003,470.3494465342417,435.9125534657584,0.2040673797216959,0.010474944748103041,0.012215189934650213,0.011671590649577238,-0.024275266543307694,-0.04997426218256695,-0.0365963787420418,0,2024-07-22,0,7,3
2024-07-23,443.895,448.39,443.1,444.85,13107050,MSFT,0.004312096446471347,0.43120964464713474,1.0119386143082825,-0.17089928966575796,441.758,448.677,452.99000000000007,438.5208,1.0069993073130539,0.9914704787631191,0.9820305083997438,38.11563169164885,0.8793490911841673,3.9380444919627253,-3.058695400778558,452.99000000000007,470.44134951801465,435.5386504819855,0.2667802140001457,0.010712935135102054,0.01205834324516695,0.011683218290106484,-0.01038885922762045,-0.03196674935805366,-0.04929751601663479,0,2024-07-23,1,7,3
2024-07-24,440.45,441.48,427.585,428.9,26805800,MSFT,-0.03585478251095886,-3.585478251095886,1.0324964626916286,1.0451436440694128,438.834,444.942,451.8875,438.80400000000003,0.9773627385298312,0.9639458626068116,0.9491300378966003,28.801383530663813,-0.6850421488201732,3.0134271638061456,-3.698469312626319,451.8875,472.39920128179506,431.3757987182049,-0.060350886652252224,0.018529060088930648,0.014164567571636108,0.013974463788848607,-0.03296356421356428,-0.08010723860589819,-0.024597808346933925,0,2024-07-24,2,7,3
2024-07-25,428.8,429.8,417.51,418.4,29943795,MSFT,-0.024481231056190267,-2.4481231056190267,1.0294364206845346,0.11706403091868167,434.44000000000005,441.312,450.1995,438.8976,0.9630789061780681,0.9480820825175839,0.929365758957973,18.838742393509094,-2.740504890717375,1.862640752901442,-4.6031456436188165,450.1995,475.5924890655693,424.8065109344307,-0.12614723926135624,0.020213851707094388,0.014127056036596563,0.014751851675146291,-0.04988986534050921,-0.07983285682867824,-0.0030831739961758586,0,2024-07-25,3,7,3
2024-07-26,418.2,428.915,417.27,425.27,23583839,MSFT,0.016419694072657753,1.6419694072657753,1.0279075898099552,-0.21239645809757912,432.072,438.48400000000004,448.8205,439.0718,0.9842572534207261,0.9698643508086953,0.9475280206675052,25.737297169252614,-3.771645159830939,0.7357835703549659,-4.507428730185905,448.8205,476.50002119680033,421.14097880319963,0.07458621064004624,0.023521273616523293,0.016103895295644568,0.015395077769426621,-0.02708700327148783,-0.062352552089075086,-0.03945728595950804,0,2024-07-26,4,7,3
2024-07-29,431.58,432.15,424.7042,426.73,15125836,MSFT,0.003433113081101613,0.3433113081101613,1.0175317314968864,-0.35863554699470257,428.83000000000004,435.76099999999997,447.8095,439.14480000000003,0.9951029545507544,0.979275336709802,0.9529275283351515,29.284000505114278,-4.420069642357703,-0.2953870721875679,-4.124682570170135,447.8095,477.2008323957916,418.4181676042084,0.14139938067220356,0.021927226559222728,0.016248806649018444,0.015271577551775571,-0.0365963787420418,-0.05998325843686658,-0.07400463993625961,0,2024-07-29,0,7,3
2024-07-30,427.72,429.05,417.36,422.92,32687578,MSFT,-0.008928362196236495,-0.8928362196236495,1.0280093923710945,1.1610427350924604,424.4440000000001,433.101,446.11899999999997,439.18339999999995,0.9964094203240002,0.9764927811295749,0.9479981798578407,21.601782671385507,-5.181654981746419,-1.2726406540993382,-3.909014327647081,446.11899999999997,477.19122682718296,415.046773172817,0.12669234926373668,0.02096248882418584,0.0162292697939789,0.014233115441397126,-0.04929751601663479,-0.05917423029008717,-0.05511680696112742,0,2024-07-30,1,7,3
2024-07-31,420.495,421.775,412.21,418.35,42891366,MSFT,-0.010805826160976029,-1.0805826160976029,1.0232041920380388,0.31216102948955116,422.334,430.584,444.07250000000005,439.1462,0.990566707866286,0.9715874254500865,0.9420758997686188,23.777232722550877,-6.083846857543847,-2.23488189478824,-3.848964962755607,444.07250000000005,476.8402240910195,411.3047759089806,0.10750249348184474,0.01547980497454306,0.01612027700368119,0.014139512369463652,-0.024597808346933925,-0.05675054112554101,-0.04761563284331305,0,2024-07-31,2,7,3
2024-08-01,420.785,427.46,413.0901,417.11,30296400,MSFT,-0.002964025337635956,-0.2964025337635956,1.0347863577461671,-0.29364805028592467,422.076,428.258,441.88950000000006,438.9816,0.9882343464210237,0.9739689626346736,0.9439237637463663,23.746397694524504,-6.820278135076933,-3.1519611428459786,-3.668316992230954,441.88950000000006,475.7717974893647,408.0072025106354,0.1343296966833771,0.011011815562397697,0.016133598261228697,0.014026851489464042,-0.0030831739961758586,-0.05281922020119445,-0.03457121622593562,0,2024-08-01,3,8,3
2024-08-02,412.49,415.0,404.34,408.49,29437900,MSFT,-0.020666011363908776,-2.0666011363908776,1.026363951130237,-0.02833670006997535,418.7200000000001,425.396,438.93600000000004,438.57059999999996,0.9755683989300724,0.9602582064711469,0.9306368126560591,20.706094575441355,-8.007165567502284,-4.12300202777724,-3.8841635397250442,438.93600000000004,473.683621440746,404.1883785592541,0.06189807046334585,0.009017185357651673,0.01685530451765154,0.01365106503761069,-0.03945728595950804,-0.06547550959712656,-0.006046659648951125,0,2024-08-02,4,8,3
2024-08-05,389.17,401.04,385.58,395.15,40709238,MSFT,-0.03265685818502295,-3.2656858185022952,1.040095440634888,0.38288526015782365,412.404,420.617,435.38149999999996,437.8632,0.9581623844579586,0.9394532317999509,0.9075948334966001,18.575887180672794,-9.909972922621819,-5.280396206746156,-4.629576715875663,435.38149999999996,472.8097546100911,397.95324538990883,-0.03744825158308426,0.011650969588717964,0.017078236523467565,0.014794070492173746,-0.07400463993625961,-0.10789271684652557,0.02950778185499181,1,2024-08-05,0,8,3
2024-08-06,400.0,405.67,398.5,399.61,24946525,MSFT,0.011286853093761984,1.1286853093761984,1.0179924717691342,-0.38720235932689284,407.742,416.093,432.38500000000005,437.3154,0.9800560158139215,0.960386259802496,0.9241994981324513,24.161468753677823,-10.932058765833744,-6.410728718563674,-4.52133004727007,432.38500000000005,471.2384073558268,393.5315926441733,0.07822232037668554,0.016760368511599545,0.017905406594425303,0.015327517125643604,-0.05511680696112742,-0.10169720130381033,0.03603513425589955,1,2024-08-06,1,8,3
2024-08-07,408.635,410.08,397.47,398.43,20650906,MSFT,-0.0029528790570806374,-0.29528790570806374,1.03172566483005,-0.17219308100025954,403.75800000000004,413.046,428.99399999999997,436.6807999999999,0.9868039766394721,0.9646141107770079,0.9287542483111653,24.734939759036195,-11.702387460477496,-7.469060466946439,-4.233326993531057,428.99399999999997,467.2360701928059,390.751929807194,0.10038774253191944,0.017165050846785115,0.01560877102582147,0.014515579325454588,-0.04761563284331305,-0.07104220097924918,0.046256556986170816,1,2024-08-07,2,8,3
2024-08-08,402.44,405.86,399.9407,402.69,20203030,MSFT,0.010691965966418193,1.0691965966418193,1.0148004441658476,-0.021687958872119273,400.87399999999997,411.475,426.3935,436.1282,1.004530101727725,0.9786499787350386,0.9444093308176602,29.511904761904788,-11.83273173735813,-8.341794721028776,-3.4909370163293545,426.3935,464.347809525782,388.43919047421804,0.18773638229542194,0.01942118186844269,0.015248640662627209,0.014489952488808655,-0.03457121622593562,-0.037547801147227444,0.045543718493133545,1,2024-08-08,3,8,3
2024-08-09,404.03,408.05,402.2624,406.02,19276666,MSFT,0.008269388363256969,0.8269388363256969,1.0143876236009133,-0.04585272605148827,400.38,409.55,424.017,435.6652,1.0140866177131724,0.9913807837870833,0.9575559470492928,27.34969325153378,-11.534366350442838,-8.98030904691159,-2.5540573035312484,424.017,460.7440576292899,387.2899423707101,0.2549899017006011,0.01857104368185009,0.014237192224336764,0.01482169129569182,-0.006046659648951125,-0.04526536082959065,0.030663514112605483,1,2024-08-09,4,8,3
2024-08-12,407.06,408.76,404.2434,406.81,16762883,MSFT,0.00194571695975565,0.194571695975565,1.0111729715315079,-0.13040548609391267,402.712,407.558,421.65950000000004,435.508,1.0101760066747452,0.9981646784016017,0.9647831959199306,26.337397362528023,-11.10613858177203,-9.405474953883678,-1.7006636278883516,421.65950000000004,456.2868578942541,387.03214210574595,0.28558138848843423,0.006156125724635113,0.01415228083810535,0.01484687336265758,0.02950778185499181,-0.046680570852764114,0.03618396794572387,1,2024-08-12,0,8,3
2024-08-13,409.59,414.95,409.57,414.01,19414271,MSFT,0.01769867997345198,1.769867997345198,1.0131357277144322,0.15817016679052176,405.592,406.667,419.884,435.4856,1.0207548472356456,1.0180565425766044,0.9860104219260557,39.6063102052213,-10.069707839004025,-9.538321530907748,-0.5313863080962768,419.884,452.0505582472481,387.71744175275194,0.40869399276650065,0.007972202375138562,0.015685570044460032,0.015665412073288695,0.03603513425589955,-0.021067814243828642,0.026062172411294382,1,2024-08-13,1,8,3
2024-08-14,414.8,417.72,412.4456,416.86,18266980,MSFT,0.006883891693437505,0.6883891693437505,1.0127881107229657,-0.059095239785207476,409.27799999999996,406.518,418.55100000000004,435.55240000000003,1.0185253055380452,1.025440447901446,0.9959598710790322,48.79649890590813,-8.915584518157289,-9.413774128357657,0.49818961020036845,418.55100000000004,448.74236084169786,388.35963915830223,0.47199530009815654,0.005771837857386585,0.015581198086748358,0.01568244703646927,0.046256556986170816,-0.0035616110911915744,0.01746389675190696,1,2024-08-14,2,8,3
2024-08-15,419.8,421.11,417.66,421.03,20752144,MSFT,0.010003358441682986,1.0003358441682986,1.0082603074270937,0.13604679043826629,412.946,406.90999999999997,417.584,435.65160000000003,1.0195764095063276,1.0347005480327345,1.008252231886279,46.54046997389034,-7.577105169708659,-9.046440336627857,1.4693351669191976,417.584,446.020768933343,389.147231066657,0.560590568641563,0.005732374311833204,0.015866871455363425,0.015910405074011796,0.045543718493133545,0.009398000527438777,-0.01301569959385307,0,2024-08-15,3,8,3
2024-08-16,420.6,421.34,417.3,418.47,22775593,MSFT,-0.006080326817566317,-0.6080326817566317,1.0096812844476395,0.097505539668576,415.436,407.908,416.65199999999993,435.5408,1.0073031706448166,1.0258930935407005,1.0043633535900467,43.37928823340815,-6.646306760870459,-8.566413621476377,1.9201068606059177,416.65199999999993,443.57580875534984,389.72819124465,0.5337619394142898,0.008888166648069845,0.014235279734978143,0.01589003477208148,0.030663514112605483,0.024431442630174605,-0.004014624704279934,0,2024-08-16,4,8,3
2024-08-19,418.96,421.75,416.46,421.53,15233957,MSFT,0.007312352139938305,0.7312352139938305,1.0127023003409692,-0.3311279754603974,418.38,410.546,415.58149999999995,435.481,1.007529040585114,1.0267546145864288,1.0143136785444011,48.87230245010543,-5.597204796557094,-7.972571856492521,2.375367059935427,415.58149999999995,439.6561691729999,391.506830827,0.6235427153173789,0.008581289232083525,0.007074769018149015,0.015637953094710076,0.03618396794572387,0.06675945843350628,-0.019073375560458294,0,2024-08-19,0,8,3
2024-08-20,421.7,425.86,421.64,424.8,16387581,MSFT,0.007757454985410472,0.7757454985410472,1.0100085380893653,0.0757271403614963,420.538,413.06500000000005,414.579,435.5,1.0101346370601467,1.0284095723433357,1.0246539260309857,55.345599204375915,-4.450618302618523,-7.268181145717721,2.817562843099198,414.579,434.8990009324473,394.25899906755274,0.7515009727110534,0.0064061120259167915,0.006895525302460619,0.015733965011831746,0.026062172411294382,0.06303646054903522,-0.02580037664783441,0,2024-08-20,1,8,3
2024-08-21,424.075,426.4,421.72,424.14,16067298,MSFT,-0.001553672316384258,-0.1553672316384258,1.0110974106041923,-0.019544251222923026,421.994,415.63599999999997,414.341,435.4254,1.0050853803608581,1.0204602103763871,1.0236496026219948,55.88284518828449,-3.5542258267109332,-6.525390081916364,2.971164255205431,414.341,434.0572790340188,394.6247209659812,0.7485002363552633,0.006933165735811003,0.00670169564618468,0.013594638506128524,0.01746389675190696,0.06452827347338297,-0.03192342151176486,0,2024-08-21,2,8,3
2024-08-22,424.36,426.7899,414.61,415.55,19361901,MSFT,-0.020252746734568672,-2.025274673456867,1.029376763705651,0.20505022064070766,420.898,416.922,414.1985000000001,435.0828000000001,0.9872938336604118,0.9967092165920723,1.003262928281971,55.910917615539184,-3.4966621965644435,-5.91964450484598,2.4229823082815365,414.1985000000001,433.83228106599165,394.5647189340085,0.534417721055801,0.011514684538553274,0.010508067778266218,0.013229528296136456,-0.01301569959385307,0.031935235540986984,-0.005847671760317641,0,2024-08-22,3,8,3
2024-08-23,416.98,419.26,412.09,416.79,18493784,MSFT,0.0029839971122609388,0.2983997112260939,1.0173991118445,-0.044836351554529696,420.562,417.99899999999997,413.7745,434.5974,0.9910310489297655,0.9971076485828915,1.0072877859800449,72.72154556908869,-3.3127971051782197,-5.398275024912428,2.085477919734208,413.7745,432.75702767262635,394.7919723273736,0.5794283051236774,0.011536074557761502,0.010356495587318475,0.012667258859737168,-0.004014624704279934,0.026525786907048987,0.0008397514335756195,1,2024-08-23,4,8,3
2024-08-26,416.365,417.2799,411.34,413.49,13152830,MSFT,-0.007917656373713444,-0.7917656373713444,1.0144403656342686,-0.2887972520929194,418.954,418.66700000000003,413.1125,434.0356,0.9869579953885153,0.9876345639852198,1.0009137946685225,64.93758071459322,-3.394238448335159,-4.997467709596974,1.6032292612618155,413.1125,431.08949568015004,395.13550431985,0.5104995296966341,0.010866131779009766,0.010889116493669903,0.012715686465624425,-0.019073375560458294,0.016420441975369293,-0.009794674599143849,0,2024-08-26,0,8,3
2024-08-27,412.86,414.36,410.25,413.84,13492911,MSFT,0.0008464533604197744,0.08464533604197744,1.010018281535649,0.025856108533296673,416.762,418.65,412.6585,433.461,0.9929888041616077,0.9885106891197898,1.0028631422835104,66.88582073197458,-3.391444760514105,-4.6762631197804,1.2848183592662954,412.6585,430.04142359275335,395.27557640724666,0.5339845019077377,0.009364850370401225,0.009327210758287966,0.012602378309371465,-0.02580037664783441,-0.0004106181010120613,-0.011936980475546144,0,2024-08-27,1,8,3
2024-08-28,414.88,415.0,407.31,410.6,14882660,MSFT,-0.007829112700560525,-0.7829112700560525,1.0188799685743046,0.10299845600404534,414.054,418.024,412.271,432.7056,0.9916580929057563,0.9822402541480872,0.9959468407916152,58.865725173727924,-3.6090685690815008,-4.462824209640621,0.85375564055912,412.271,429.46420416541395,395.0777958345861,0.4514052184827364,0.009176178501448234,0.009280695747205301,0.012497723847261388,-0.03192342151176486,-0.01501703209710692,-0.00538236726741359,0,2024-08-28,2,8,3
2024-08-29,414.94,422.05,410.6,413.12,17045241,MSFT,0.006137359961032596,0.6137359961032596,1.0278860204578666,0.1453087687281709,413.56800000000004,417.233,412.0715,432.04119999999995,0.9989167440420922,0.9901421987234951,1.0025444613374135,58.10502283105028,-3.537416925433945,-4.277742752799286,0.740325827365341,412.0715,429.12027618697624,395.0227238130238,0.530750007757183,0.006414688708056215,0.008818528986471352,0.012582479629503526,-0.005847671760317641,-0.018787259815215007,-0.02764329976762203,0,2024-08-29,3,8,3
2024-08-30,415.6,417.49,412.13,417.14,24308324,MSFT,0.009730828814872083,0.9730828814872083,1.0130056050275398,0.426106207591902,413.63800000000003,417.1,412.504,431.47,1.0084663401331597,1.0000959002637257,1.011238678897659,60.982351690410404,-3.1202833935114995,-4.046250880941729,0.9259674874302295,412.504,429.60900130001767,395.39899869998237,0.6355159207148141,0.008013576487505943,0.00937740782632821,0.011818941481883134,0.0008397514335756195,-0.003178244557554999,-0.0273768998417796,0,2024-08-30,4,8,3
2024-09-03,417.91,419.88,407.03,409.44,20313603,MSFT,-0.018459030541305044,-1.8459030541305044,1.0315701545340639,-0.16433551733142937,412.828,415.89099999999996,413.21849999999995,430.6632,0.9917931923222263,0.9844887242089876,0.9908559273120638,45.192509993688184,-3.3721556019082755,-3.9114318251350384,0.5392762232267629,413.21849999999995,428.35143136107035,398.08556863892954,0.37515637552813547,0.011366322289183394,0.010529944428361315,0.009964617298310526,-0.009794674599143849,-0.028681232652480237,0.011625635013677194,1,2024-09-03,1,9,3
2024-09-04,405.91,411.24,404.37,408.9,14886710,MSFT,-0.0013188745603751606,-0.13188745603751606,1.0169893909043697,-0.26715560996244736,411.84,414.30100000000004,413.683,429.8878000000001,0.9928613053613053,0.9869635844470565,0.9884380068796639,41.19858469703663,-3.574139177126142,-3.8439732955332593,0.26983411840711735,413.683,427.5767291420844,399.7892708579156,0.32787198630811765,0.011275708842935743,0.00988491529920622,0.009730565112461703,-0.011936980475546144,-0.03742937853107353,0.034580582049400954,1,2024-09-04,2,9,3
2024-09-05,407.62,413.1,406.13,408.39,14195516,MSFT,-0.0012472487160675172,-0.12472487160675172,1.0171619924654667,-0.046430272370456604,411.39799999999997,412.726,414.1809999999999,429.0366,0.9926883455923461,0.9894942407311388,0.9860181901149498,34.79307025986522,-3.732341246859505,-3.8216468857985086,0.08930563893900345,414.1809999999999,426.38385885399174,401.9781411460081,0.2627195369015687,0.010852053112402773,0.00989299747189585,0.00969972532561908,-0.00538236726741359,-0.03713396520016976,0.04556918631700091,1,2024-09-05,3,9,3
2024-09-06,409.06,410.65,400.8,401.7,19609526,MSFT,-0.016381400132226553,-1.6381400132226553,1.024575848303393,0.3813887427551066,409.114,411.341,414.1315000000001,428.02740000000006,0.9818779117800907,0.9765620251810541,0.9699817570023046,31.64806303348645,-4.347430147683497,-3.9268035381755064,-0.42062660950799025,414.1315000000001,426.5369712462698,401.72602875373036,-0.0010490836346986523,0.01176733843479784,0.00922810187857951,0.010193671601997396,-0.02764329976762203,-0.03332932258452659,0.07191934279312906,1,2024-09-06,4,9,3
2024-09-09,407.24,408.65,402.15,405.72,15295134,MSFT,0.010007468259895624,1.0007468259895624,1.0161631232127315,-0.22001510898325638,406.83000000000004,410.23400000000004,414.1165,427.0848,0.9972715876410294,0.9889965239351199,0.9797243046340826,33.05466237942127,-4.4591102819737785,-4.033264886935161,-0.4258453950386176,414.1165,426.56392251907357,401.6690774809264,0.16272133901079877,0.011857366696752766,0.009998481258526646,0.01027562026461138,-0.0273768998417796,-0.026560138199093086,0.06314699792960643,1,2024-09-09,0,9,3
2024-09-10,408.2,416.33,407.7,414.2,19594287,MSFT,0.020901114068815785,2.0901114068815785,1.021167525141035,0.28107978655172294,407.782,410.305,414.48600000000005,426.42980000000006,1.0157388016145883,1.0094929381801343,0.9993099887571594,39.780177400694136,-3.8193256546288126,-3.9904770404738916,0.17115138584507905,414.48600000000005,426.4495277317936,402.5224722682065,0.48804700392677647,0.013964579602968479,0.012216495183091433,0.011287574496430341,0.011625635013677194,0.0017170911025659041,0.050579430226943556,1,2024-09-10,1,9,3
2024-09-11,415.5,423.99,409.58,423.04,19266923,MSFT,0.02134234669241919,2.134234669241919,1.0351823819522439,-0.016707114680927115,410.60999999999996,411.225,414.9375,425.756,1.0302720342904461,1.0287312298619977,1.0195270372043983,49.083944037308484,-2.5693596285935882,-3.7062535580978313,1.136893929504243,414.9375,427.49235458633945,402.38264541366055,0.8226839444566767,0.015989584073768544,0.01392906186387474,0.011597100172914838,0.034580582049400954,0.02223081384109804,0.018367057488653415,1,2024-09-11,2,9,3
2024-09-12,423.31,427.3692,419.75,427.0,17418759,MSFT,0.009360816944024242,0.9360816944024242,1.0181517569982133,-0.09592419090479576,414.332,412.86499999999995,415.44449999999995,425.1104,1.030574515123138,1.034236372664188,1.027814786331267,60.332070023461476,-1.244863629522115,-3.2139755723826884,1.9691119428605734,415.44449999999995,429.09720511078376,401.79179488921613,0.9231945210210667,0.01532416457713331,0.013598514692932032,0.011674597281269301,0.04556918631700091,0.039941548952751926,0.027377049180327795,1,2024-09-12,3,9,3
2024-09-13,425.825,431.83,425.46,430.59,15874555,MSFT,0.008407494145199035,0.8407494145199035,1.0149720302731162,-0.0886517805315522,420.11,414.61199999999997,415.9225,424.5068,1.0249458475161266,1.0385372348123065,1.0352649832601024,61.94598337950137,0.0934151575511919,-2.5524974263959126,2.6459125839471045,415.9225,430.9942677865088,400.85073221349126,0.9865885743386164,0.0065244503056712325,0.013656847879165728,0.011617056711785752,0.07191934279312906,0.0422879550735864,0.010868807914721668,1,2024-09-13,4,9,3
2024-09-16,430.6,433.53,428.22,431.34,13834697,MSFT,0.0017417961401797744,0.17417961401797744,1.012400168137873,-0.1284985941338198,425.23400000000004,416.032,416.566,423.78240000000005,1.0143591528429052,1.0367952465194985,1.0354661686263402,66.16554971925376,1.2006886783915434,-1.8018602054384214,3.0025488838299648,416.566,433.12167372931384,400.0103262706861,0.9461914459524775,0.008529308371685652,0.013532695185913645,0.011490482668126661,0.06314699792960643,0.034041329050198854,0.005030834144758245,1,2024-09-16,0,9,3
2024-09-17,440.23,441.85,432.27,435.15,18874231,MSFT,0.00883293921268602,0.883293921268602,1.0221620746292828,0.3642677537498653,429.424,418.60299999999995,417.247,423.1606,1.0133341406162675,1.0395291003647849,1.0429074385196297,68.16089994886657,2.358459229723451,-0.969796318406047,3.3282555481294978,417.247,435.6768249127794,398.8171750872206,0.9857072729862418,0.0070910793385655976,0.011172804770146982,0.01153536189086502,0.050579430226943556,0.06279308323563892,-0.013742387682408319,0,2024-09-17,1,9,3
2024-09-18,435.0,436.03,430.41,430.81,18898042,MSFT,-0.009973572331379965,-0.9973572331379965,1.0130573174415092,0.0012615613319557628,430.97799999999995,420.794,417.54749999999996,422.586,0.9996101889191561,1.0238026207598017,1.0317628533280645,66.9064748201439,2.8924565650436875,-0.1973457417161001,3.0898023067597875,417.54749999999996,436.67850968529524,398.4164903147047,0.8466231061028116,0.008236354621713805,0.01211258627175453,0.011721491790550938,0.018367057488653415,0.05358278307654696,0.00301757155126392,1,2024-09-18,2,9,3
2024-09-19,441.225,441.5,436.9,438.69,21706559,MSFT,0.018291126018430415,1.8291126018430415,1.0105287251087205,0.14861417918321917,433.316,423.82399999999996,418.275,422.03479999999996,1.0124020345429203,1.0350758805541924,1.0488076026537565,69.62997082757563,3.906472066333947,0.6234178198939094,3.2830542464400376,418.275,439.45810101049807,397.0918989895019,0.9818699582719874,0.010448952464374333,0.012508632654850806,0.012338332218439229,0.027377049180327795,0.07419378535223675,-0.016822813376188184,0,2024-09-19,3,9,3
2024-09-20,437.22,439.24,434.22,435.27,55167106,MSFT,-0.007795937906038497,-0.7795937906038497,1.0115609598820874,1.5414947620210095,434.25199999999995,427.18100000000004,419.26099999999997,421.64619999999996,1.0023442609360464,1.0189357672742934,1.0381838520635118,64.04772973810631,4.383589942657295,1.3754522444465866,3.0081376982107084,419.26099999999997,441.70812327131927,396.81387672868067,0.8565935778607034,0.01173928182575353,0.010897030394846994,0.011451144776777526,0.010868807914721668,0.08356982823002235,-0.016656328256025033,0,2024-09-20,4,9,3
2024-09-23,434.28,436.46,430.3889,433.51,15128891,MSFT,-0.004043467273186718,-0.40434672731867183,1.0141060794086465,-0.7257624679460257,434.686,429.9599999999999,420.09700000000004,421.2454,0.9972945988598667,1.0082565820076288,1.0319283403594883,70.5410479604028,4.567045943279254,2.01377098421312,2.553274959066134,420.09700000000004,443.38625037775597,396.8077496222441,0.7879654729636768,0.012078317309082466,0.011513831098953771,0.011539212953859656,0.005030834144758245,0.06849551414768795,-0.00740467347927376,0,2024-09-23,0,9,3
2024-09-24,433.0,433.35,426.1,429.17,17015754,MSFT,-0.010011303084127232,-1.0011303084127232,1.0170147852616758,0.12471918794312153,433.48999999999995,431.457,420.88100000000003,420.7496,0.9900343721885166,0.9946993559033693,1.0196944029309947,66.24459047924353,4.312522343273372,2.4735212560251707,1.8390010872482012,420.88100000000003,444.28915143671367,397.4728485632864,0.677053707602887,0.011987083114550325,0.011428778240283871,0.011643250185821356,-0.013742387682408319,0.03614196040560125,-0.019759069832467335,0,2024-09-24,1,9,3
2024-09-25,429.83,433.119,428.57,432.11,13396364,MSFT,0.006850432229652537,0.6850432229652537,1.0106143687145626,-0.2127081761995384,433.75,432.36400000000003,421.79449999999997,420.40139999999997,0.9962190201729106,0.9994125320331942,1.024456222165059,68.29682196852828,4.298493627105984,2.8385157302413333,1.4599778968646504,421.79449999999997,445.4701481376276,398.11885186237237,0.7178504246227089,0.011797036056751297,0.009722636126694347,0.011691226041975849,0.00301757155126392,0.02144005295007556,-0.03466709865543505,0,2024-09-25,2,9,3
2024-09-26,435.085,435.3,429.13,431.31,14492044,MSFT,-0.001851380435537231,-0.1851380435537231,1.014377927434577,0.08178935717184155,432.274,432.79499999999996,422.83000000000004,420.1572,0.9977699329591879,0.9965688143347313,1.0200553413901567,75.12302732054984,4.174699121537742,3.105752408500615,1.068946713037127,422.83000000000004,446.2543696764022,399.4056303235979,0.68100807230136,0.006536681707202682,0.009443223459363869,0.011495375327237926,-0.016822813376188184,0.010093676814988406,-0.034244510908627124,0,2024-09-26,3,9,3
2024-09-27,431.52,431.85,427.47,428.02,14896131,MSFT,-0.007627924230831695,-0.7627924230831695,1.0102463330760054,0.02788336828124449,430.82399999999996,432.538,423.575,419.9102,0.9934915417896868,0.9895546749649741,1.0104940093253851,69.15807560137455,3.76768406308355,3.238138739417202,0.5295453236663481,423.575,446.64414868504116,400.5058513149588,0.5963407896122817,0.006508615232468624,0.00941549577604575,0.011678404729663475,-0.016656328256025033,-0.005968554773682633,-0.027942619503761423,0,2024-09-27,4,9,3
2024-09-30,428.21,430.42,425.37,430.3,16854606,MSFT,0.005326853885332605,0.5326853885332605,1.0118720173025837,0.13147541465632928,430.18199999999996,432.434,424.233,419.774,1.0002743025045215,0.995065142888857,1.0143011034030827,65.48076923076925,3.587741392635621,3.308059270060886,0.279682122574735,424.233,447.28004031688937,401.18595968311064,0.6316221067126346,0.007524059516154075,0.009579645398475988,0.011562693060231667,-0.00740467347927376,-0.0024110910186858625,-0.0482454101789449,0,2024-09-30,0,9,3
2024-10-01,428.45,428.48,418.81,420.69,19092945,MSFT,-0.022333255867999058,-2.233325586799906,1.0230892290059932,0.13280280773101438,428.486,430.988,424.7955,419.329,0.9818057066041831,0.9761060632778639,0.9903353495976299,47.77335607352661,2.6392650395195574,3.1743004239526207,-0.5350353844330633,424.7955,446.85012450610225,402.74087549389776,0.40692428250446827,0.011817171287979268,0.011240138304982663,0.011942942340785308,-0.019759069832467335,-0.033229920716994044,-0.014214742446932438,0,2024-10-01,1,10,4
2024-10-02,422.58,422.82,416.71,417.13,16582257,MSFT,-0.008462288145665409,-0.8462288145665409,1.0146624751025894,-0.13149820522711397,425.48999999999995,429.62,425.207,418.77459999999996,0.9803520646783709,0.9709277966575113,0.9810045460211144,40.57666603016994,1.582091087197682,2.855858556601633,-1.2737674694039507,425.207,446.2989641470122,404.1150358529878,0.3085289747388428,0.010199269338974495,0.011150493482350575,0.012134565821181104,-0.03466709865543505,-0.03175413755483858,0.0007911202742549861,1,2024-10-02,2,10,4
2024-10-03,417.63,419.55,414.29,416.54,13686421,MSFT,-0.0014144271570013522,-0.14144271570013522,1.012696420381858,-0.1746346109579655,422.53600000000006,427.40500000000003,425.6145,418.52740000000006,0.9858094931556127,0.9745791462430248,0.9786790628608752,35.770710958071746,0.6887258415073347,2.4224320135827733,-1.7337061720754385,425.6145,445.6256615959932,405.6033384040068,0.2732640367609402,0.010256015863740033,0.008318931986591558,0.012136301161498277,-0.034244510908627124,-0.05049123526864063,-0.0016805108753061848,0,2024-10-03,3,10,4
2024-10-04,418.24,419.75,414.97,416.06,19190913,MSFT,-0.001152350314495676,-0.1152350314495676,1.0115189049810829,0.4021863714407148,420.14400000000006,425.48400000000004,426.3325,418.4806,0.9902795232110894,0.9778511060345394,0.975904956811878,34.439918533604924,-0.05734352011904775,1.9264769068424092,-1.983820426961457,426.3325,443.5689117342788,409.09608826572116,0.20201164377007186,0.01054622014471344,0.008348158273152769,0.011442422840225607,-0.027942619503761423,-0.04413352631699863,0.0006249098687689525,1,2024-10-04,4,10,4
2024-10-07,416.0,417.11,409.0,409.54,20919761,MSFT,-0.0156708167091284,-1.56708167091284,1.0198288508557458,0.09008680306142813,415.992,423.087,426.52349999999996,418.166,0.9844900863478144,0.9679805808261659,0.9601815609222002,25.284694074503037,-1.1613312704517966,1.3089152713835681,-2.4702465418353645,426.52349999999996,442.8593131271821,410.18768687281784,-0.019824139385510305,0.00919834117994378,0.00906113874147865,0.011906583868116001,-0.0482454101789449,-0.05529284214897001,0.023440933730526803,1,2024-10-07,0,10,4
2024-10-08,410.9,415.66,408.17,414.71,19229261,MSFT,0.012623919519460847,1.2623919519460847,1.018350197221746,-0.08080876258576764,414.796,421.64099999999996,426.549,417.9256,0.9997926691674943,0.9835618452664708,0.9722446893557364,34.70744680851061,-1.6006227412771068,0.7270076688514331,-2.32763041012854,426.549,442.8052142287966,410.29278577120334,0.13586232829571973,0.010491069186063951,0.010551055103771655,0.011289307668972506,-0.014214742446932438,-0.03369294219074037,0.009717634009307696,1,2024-10-08,1,10,4
2024-10-09,415.86,420.38,414.3,417.46,14974257,MSFT,0.006631139832654176,0.6631139832654176,1.0146753560222062,-0.22127756235666052,414.86199999999997,420.17600000000004,426.27,417.8164,1.0062623233750019,0.9935360420395262,0.9793323480423206,27.65733529783202,-1.7071830361826983,0.24016952784460677,-1.947352564027305,426.27,442.9653911068422,409.57460889315774,0.23615472846307212,0.010630514147959624,0.010527652135915534,0.010266878697465523,0.0007911202742549861,-0.03390340422577587,-0.0032098883725386607,0,2024-10-09,2,10,4
2024-10-10,415.225,417.35,413.15,415.84,13848376,MSFT,-0.0038806113160542166,-0.38806113160542166,1.0101657993464845,-0.07518777058521164,414.72200000000004,418.629,425.712,417.76619999999997,1.0026957817525957,0.9933377764082277,0.9768106137482617,28.746444979216776,-1.900446138616644,-0.1879536054476434,-1.7124925331690006,425.712,443.038712689702,408.385287310298,0.21512195715384122,0.010780505019916247,0.010514182573105891,0.010013641064925624,-0.0016805108753061848,-0.03586747351093189,0.0021161985378992387,1,2024-10-10,3,10,4
2024-10-11,416.135,417.13,413.25,416.32,14144944,MSFT,0.001154290111581524,0.1154290111581524,1.0093889897156685,0.021415363072175397,414.774,417.459,424.9985,417.75039999999996,1.0037273310284636,0.9972715883475982,0.9795799279291574,30.65496286293046,-1.9919149950692372,-0.5487458833719622,-1.4431691116972751,424.9985,442.65161515672924,407.3453848432707,0.25419352553501595,0.010783716658163214,0.010506759782948872,0.009772946038289864,0.0006249098687689525,-0.02733517125367968,0.004419677171406677,1,2024-10-11,4,10,4
2024-10-14,417.77,424.04,417.52,419.14,16653086,MSFT,0.006773635664873101,0.6773635664873101,1.0156160183943286,0.177317209598002,416.6940000000001,416.343,424.3885,417.96340000000004,1.0058700149270206,1.0067180185568148,0.9876327940083202,38.3127476112794,-1.8159214781011315,-0.802181002317796,-1.0137404757833355,424.3885,441.9619228460542,406.8150771539458,0.3506693873476534,0.006265159703128511,0.01063897162951218,0.009928078383932348,0.023440933730526803,-0.02593539391122479,-0.0008589015603378547,0,2024-10-14,0,10,4
2024-10-15,422.18,422.48,415.26,418.74,18900201,MSFT,-0.0009543350670420114,-0.09543350670420114,1.0173866974907289,0.1349368519444385,417.5,416.14799999999997,423.56800000000004,418.43519999999995,1.0029700598802396,1.0062285533031519,0.988601594076984,33.440673767649244,-1.6892493895580856,-0.979594679765854,-0.7096547097922316,423.56800000000004,440.5481799010962,406.5878200989039,0.35783425063451896,0.004696933625368855,0.008063217327735222,0.009634710890299507,0.009717634009307696,-0.004635242102260517,0.02094378373214889,1,2024-10-15,1,10,4
2024-10-16,415.17,416.36,410.48,416.12,15508932,MSFT,-0.006256865835602032,-0.6256865835602032,1.014324693042292,-0.17943031399507336,417.23199999999997,416.047,422.8335,418.76539999999994,0.9973348161214864,1.000175460945518,0.9841225919895183,31.998103816070156,-1.779757019450983,-1.1396271477028799,-0.6401298717481032,422.8335,439.76548315862965,405.9015168413704,0.301750924947667,0.005008262173385407,0.00784651695071766,0.009505278695797833,-0.0032098883725386607,-0.002421307506053294,0.020378736902816552,1,2024-10-16,2,10,4
2024-10-17,422.36,422.5,415.59,416.72,14820004,MSFT,0.0014418917619918314,0.14418917619918314,1.0166269640751704,-0.04442136956948417,417.408,416.06499999999994,421.735,419.13120000000004,0.9983517325973628,1.0015742732505741,0.9881086464248877,35.696202531645625,-1.7825221765527886,-1.2682061534728617,-0.5143160230799269,421.735,437.11509308027115,406.3549069197289,0.3369645757725292,0.004701616157883221,0.007849976779526802,0.008313016566714876,0.0021161985378992387,0.0004321313679358507,0.01922153964292561,1,2024-10-17,3,10,4
2024-10-18,417.14,419.65,416.2601,418.16,17145317,MSFT,0.00345555768861594,0.345555768861594,1.008143706302862,0.1569036688519112,417.776,416.275,420.8795,419.44059999999996,1.000919152847459,1.0045282565611675,0.9935385306245612,34.29901707190895,-1.6495031722701583,-1.344465557232321,-0.30503761503783733,420.8795,434.93612454802445,406.82287545197556,0.4032662503466315,0.004898547820008051,0.007905235089740411,0.008318796230492954,0.004419677171406677,0.005047348940056873,0.023890376889228904,1,2024-10-18,4,10,4
2024-10-21,416.12,418.96,413.7501,418.78,14206115,MSFT,0.0014826860531853558,0.14826860531853558,1.0125919002799033,-0.17142885138839947,417.704,417.19899999999996,420.14300000000003,419.69579999999996,1.002575986823205,1.0037895584601113,0.9967558664549926,46.781260532524385,-1.4770295572649843,-1.3709783572388536,-0.10605120002613067,420.14300000000003,432.8963361579553,407.38966384204474,0.44656300190323756,0.0037463075250985752,0.005491311051006258,0.008338056761825587,-0.0008589015603378547,0.022561898715631967,0.018649410191508675,1,2024-10-21,0,10,4
2024-10-22,418.49,430.5793,418.04,427.51,25482197,MSFT,0.020846267730073142,2.0846267730073142,1.0299954549803845,0.7937484667694159,419.45799999999997,418.479,420.06000000000006,420.1098,1.0191962008115234,1.021580533312305,1.0177355615864399,64.89667049368545,-0.6286581545427907,-1.222514316699641,0.5938561621568503,420.06000000000006,432.58554610638095,407.5344538936192,0.79739222293089,0.010024834628862169,0.007474994777073589,0.009492940074978617,0.02094378373214889,0.030864941766535647,0.010385721971415851,1,2024-10-22,1,10,4
2024-10-23,430.855,431.08,422.53,424.6,19654379,MSFT,-0.006806858319103548,-0.6806858319103548,1.020235249568078,-0.22870155191092822,421.154,419.19300000000004,419.6845,420.3216,1.008182280116062,1.0128985932494101,1.0117123696491055,60.8449946178687,-0.1889522617599937,-1.0158019057117116,0.8268496439517179,419.6845,431.0891462830735,408.27985371692654,0.7155042724689974,0.010170139186240271,0.007955958687371879,0.009453932447618938,0.020378736902816552,0.01710343505964662,0.01867640131888826,1,2024-10-23,2,10,4
2024-10-24,425.325,425.9782,422.4,424.73,13581631,MSFT,0.0003061705134244086,0.03061705134244086,1.0084711174242424,-0.30897684429510597,422.756,420.082,419.3555,420.4789999999999,1.0046693601037007,1.011064506453502,1.0128160951746192,61.77669111654448,0.1680703295855892,-0.7790274586522515,0.9470977882378407,419.3555,429.6761823009824,409.0348176990176,0.7603752272990915,0.010256217683281322,0.0077352587706126805,0.009454018927440144,0.01922153964292561,0.021378414774913423,-0.043274550891154395,0,2024-10-24,3,10,4
2024-10-25,426.76,432.52,426.565,428.15,16899064,MSFT,0.008052174322510597,0.8052174322510597,1.013960357741493,0.2442588080916055,424.754,421.26500000000004,419.36199999999997,420.6214,1.0079952160544692,1.0163436316807708,1.020955642142111,77.6030851379413,0.7186940654878526,-0.4794831538242308,1.1981772193120834,419.36199999999997,429.7057967171746,409.0182032828253,0.924795664507239,0.010416029981484151,0.00794196732662171,0.009501560297333865,0.023890376889228904,0.028415641813989145,-0.04152750204367617,0,2024-10-25,4,10,4
2024-10-28,431.655,431.94,426.3,426.59,14882444,MSFT,-0.003643582856475591,-0.3643582856475591,1.0132301196340605,-0.11933323644433802,426.316,422.00999999999993,419.1764999999999,420.7838,1.0006427157319921,1.0108528233928107,1.0176858674090747,69.73421926910304,1.0174597381692934,-0.18009457542552598,1.1975543135948192,419.1764999999999,428.80253984813123,409.5504601518686,0.8850752810585563,0.011053996531541366,0.008050264230149142,0.00945135262808485,0.018649410191508675,0.01777449062365788,-0.042499824187158586,0,2024-10-28,0,10,4
2024-10-29,428.0,433.17,425.8001,431.95,17644080,MSFT,0.012564757729904619,1.2564757729904619,1.0173083566678356,0.1855633389247089,427.204,423.331,419.7395,420.9922,1.0111094465407626,1.020359954739908,1.0290906621845215,72.14918985019878,1.6675187724562193,0.18942809415082307,1.4780906783053962,419.7395,430.92850113127645,408.5504988687236,1.0456474557799518,0.008069666619568773,0.008650534699856575,0.008343562573266692,0.010385721971415851,0.03154702201843618,-0.04743604583863881,0,2024-10-29,1,10,4
2024-10-30,437.435,438.5,432.1,432.53,29749149,MSFT,0.0013427480032410788,0.13427480032410788,1.014811386253182,0.6860697185684943,428.78999999999996,424.97200000000004,420.5095,421.1468,1.0087222183353157,1.01778470110972,1.0285855610872048,76.3498579096938,2.2040890269834676,0.592360280717352,1.6117287462661156,420.5095,432.9876889289785,408.0313110710215,0.9816604424094094,0.006490864460817455,0.008045531752324453,0.00801810193940252,0.01867640131888826,0.03943573969047387,-0.028552932744549397,0,2024-10-30,2,10,4
2024-10-31,415.36,416.16,406.3,406.35,53970981,MSFT,-0.06052759346172509,-6.052759346172509,1.0242677824267783,0.8142025171879708,425.1139999999999,423.93499999999995,420.0,420.791,0.9558612513349363,0.9585195843702456,0.9675,41.3107896112951,0.5109279554366708,0.5760738156612157,-0.06514586022454494,420.0,433.91055941210885,406.08944058789115,0.009365526014793629,0.02977002184785399,0.021969535081481528,0.01610243558003343,-0.043274550891154395,-0.024884814743712846,0.04695459579180494,1,2024-10-31,3,10,4
2024-11-01,409.01,415.5,407.5,410.37,24230442,MSFT,0.009892949427833031,0.9892949427833031,1.019631901840491,-0.5510468486759579,421.558,423.15600000000006,419.71549999999996,420.68739999999997,0.9734603542098597,0.9697841930635509,0.9777337267744461,42.51323203004951,-0.5007615217630814,0.36070674817635634,-0.8614682699394378,419.71549999999996,434.18679205303124,405.2442079469687,0.17710208716151324,0.030035199343196078,0.022249216454378707,0.01628926511828023,-0.04152750204367617,-0.01862923282953899,0.029656163949606462,1,2024-11-01,4,11,4
2024-11-04,409.8,410.415,405.5713,408.46,19672286,MSFT,-0.004654336330628506,-0.46543363306285057,1.0119429062164902,-0.18811691507732298,417.93199999999996,422.12399999999997,419.6615,420.5208,0.9773360259563757,0.9676303645374346,0.9733082496249954,41.444740346205016,-1.4400537159023088,0.000554655360623324,-1.440608371262932,419.6615,434.2997631627174,405.0232368372826,0.11738971777302733,0.030001306995721535,0.02223787218870197,0.015933730107308097,-0.042499824187158586,-0.02464301064998331,0.023380502374773515,1,2024-11-04,0,11,4
2024-11-05,408.37,414.9,408.08,411.46,17626011,MSFT,0.007344660431866101,0.7344660431866101,1.0167124093315036,-0.10401816037038092,413.834,420.51899999999995,419.49899999999997,420.48019999999997,0.9942634003006036,0.9784575726661578,0.9808366646881161,46.14621237181605,-1.9202392957446932,-0.38360413486044004,-1.5366351608842532,419.49899999999997,434.43777455693987,404.56022544306006,0.2309350921202095,0.029174169110401875,0.02105747020111098,0.015756195369319496,-0.04743604583863881,-0.03754298145072632,0.028119379769600883,1,2024-11-05,1,11,4
2024-11-06,412.42,420.45,410.52,420.18,26681842,MSFT,0.021192825548048466,2.1192825548048466,1.0241888336743643,0.5137765430873724,411.36400000000003,420.07700000000006,419.63500000000005,420.60699999999997,1.021431141276339,1.0002451931431617,1.0012987477212338,52.52260134149897,-1.5789574646155984,-0.6226748008114718,-0.9562826638041266,419.63500000000005,434.5451131345181,404.724886865482,0.5182761859377929,0.032183358535645606,0.022404060596775494,0.01641464767632928,-0.028552932744549397,-0.01040979745642967,0.01194726069779617,1,2024-11-06,2,11,4
2024-11-07,421.28,426.85,419.88,425.43,19901782,MSFT,0.012494645152077766,1.2494645152077766,1.0165999809469373,-0.2541076436926656,415.18,420.14700000000005,420.1145,420.9036,1.0246880870947541,1.0125741704689073,1.0126525030676161,55.02141179720956,-0.8747741785216476,-0.673094676353507,-0.20167950216814068,420.1145,435.12720405882334,405.1017959411767,0.6770333971539239,0.009361263133270218,0.022799757506829235,0.016594351138351712,0.04695459579180494,0.001648105855484694,0.0034318219213500534,1,2024-11-07,3,11,4
2024-11-08,425.32,426.5,421.78,422.54,16891414,MSFT,-0.006793126953905437,-0.6793126953905437,1.0111906681208214,-0.15126122876835857,417.61400000000003,419.58599999999996,420.4255,421.09200000000004,1.011795581565752,1.0070402730310355,1.0050294285194405,52.51808197160465,-0.5436360007726648,-0.6472029412373386,0.10356694046467374,420.4255,435.3647559174925,405.4862440825075,0.5707699236052357,0.011746860806268354,0.022729773422708748,0.016692262115091443,0.029656163949606462,-0.013102884503094603,-0.01784446442940313,0,2024-11-08,4,11,4
2024-11-11,422.515,424.81,416.0,418.01,24503321,MSFT,-0.01072087849671044,-1.072087849671044,1.0211778846153847,0.45063764347969926,419.524,418.72799999999995,420.369,421.10939999999994,0.9963911480630429,0.9982852830477065,0.9943882636445598,43.25858643201816,-0.6393694968293744,-0.6456362523557457,0.006266755526371348,420.369,435.3372455463811,405.40075445361896,0.42119984961863544,0.013319716696366689,0.02292783100020944,0.016824892609039802,0.023380502374773515,-0.02011298905272041,-0.0053826463481735365,0,2024-11-11,0,11,4
2024-11-12,418.25,424.44,417.2,423.03,19401204,MSFT,0.012009282074591399,1.2009282074591399,1.017353787152445,-0.20822144883952665,421.838,417.83599999999996,420.5835,421.38120000000004,1.0028257293084073,1.0124307144429872,1.005816918638035,48.91828579302739,-0.3066322701293984,-0.5778354559104762,0.2712031857810778,420.5835,435.5763885247541,405.5906114752459,0.581588681059045,0.013708621633298257,0.022889840643322303,0.017034477546133867,0.028119379769600883,-0.02065053825674268,-0.01238682835732674,0,2024-11-12,1,11,4
2024-11-13,421.64,429.325,418.21,425.2,21502185,MSFT,0.005129659834999911,0.5129659834999911,1.0265775567298725,0.10829126893361884,422.842,417.10299999999995,421.0375,421.70719999999994,1.0055765510521661,1.0194124712600965,1.009886292788647,50.31497118348745,0.1306590872011384,-0.4361365472881533,0.5667956344892917,421.0375,436.0111876237133,406.06381237628676,0.6389938171746008,0.010704664652780633,0.0229795312367711,0.01698164391843093,0.01194726069779617,-0.016946801377939025,-0.022836312323612384,0,2024-11-13,2,11,4
2024-11-14,425.0,428.17,420.0,426.89,30246881,MSFT,0.00397460018814666,0.39746001881466597,1.019452380952381,0.4066887155886716,423.134,419.157,421.546,422.0772,1.0088766206449966,1.0184489344088254,1.0126771455546963,49.135565312843035,0.606592098361034,-0.2275908181583159,0.83418291651935,421.546,436.5928970747745,406.4991029252255,0.6775781403116987,0.009284748103258378,0.009873884605453968,0.016992821582834456,0.0034318219213500534,0.05054755752430151,-0.03284218416922391,0,2024-11-14,3,11,4
2024-11-15,419.82,422.8,413.64,415.0,28247644,MSFT,-0.02785260840029047,-2.785260840029047,1.0221448602649648,-0.06609729446153478,421.62600000000003,419.62,421.38800000000003,422.3432,0.9842846503773486,0.9889900386063581,0.9848405744824247,43.03569282538158,0.024071328205764075,-0.1772583888854999,0.201329717091264,421.38800000000003,436.64943485010906,406.126565149891,0.2907143049542816,0.015937917120722112,0.014100210091828845,0.01818838978960373,-0.01784446442940313,0.011282501157491964,0.004819277108433662,1,2024-11-15,4,11,4
2024-11-18,414.87,418.4037,412.1,415.76,24742013,MSFT,0.001831325301204778,0.1831325301204778,1.0152965299684542,-0.12410348275417238,421.17599999999993,420.35,421.23699999999997,422.54400000000004,0.9871407677550479,0.9890805281313191,0.9869978183302986,39.7023279480982,-0.3719671250863712,-0.21620013612567418,-0.15576698896069702,421.23699999999997,436.66592580767883,405.8080741923211,0.3225087064300318,0.015497080977857028,0.013948717489788211,0.018190272786751324,-0.0053826463481735365,0.017872007050873995,0.007287858379834589,1,2024-11-18,0,11,4
2024-11-19,413.11,417.94,411.55,417.79,18133529,MSFT,0.004882624591110218,0.48826245911102184,1.0155266674766128,-0.2670956481996837,420.12800000000004,420.983,420.75100000000003,422.61580000000004,0.9944350293243963,0.9924153706919282,0.9929625835708055,40.79440419685238,-0.5160773990321559,-0.27617558870697057,-0.23990181032518532,420.75100000000003,435.95870704886585,405.5432929511342,0.4026480458071145,0.014283793939781684,0.013862636382649372,0.017557354496110938,-0.01238682835732674,0.015384241481553484,0.02441417937241197,1,2024-11-19,1,11,4
2024-11-20,416.87,417.29,410.58,415.49,19191655,MSFT,-0.005505158093779161,-0.5505158093779161,1.0163427346680307,0.05835190712188454,418.18600000000004,420.514,420.2955,422.46479999999997,0.9935531079471813,0.9880527164375027,0.9885663777033064,58.13456746173013,-0.8065788683738901,-0.38225624464035446,-0.4243226237335357,420.2955,435.56340162399255,405.02759837600746,0.3426273590717779,0.013659127970776527,0.012136595421388572,0.017537092772919975,-0.022836312323612384,-0.011161883002522743,0.018050975956100057,1,2024-11-20,2,11,4
2024-11-21,419.5,419.78,410.2887,412.87,20780162,MSFT,-0.006305807600664237,-0.6305807600664237,1.0231332230207655,0.08277071466739061,415.38199999999995,419.258,419.7025,422.1822,0.9939525545160841,0.9847635584771192,0.9837206116237097,52.28185469149324,-1.2339908016943468,-0.552603156051153,-0.6813876456431939,419.7025,435.1652373827643,404.23976261723567,0.2790656391921947,0.012805233286379942,0.011226488039547134,0.01757476655478964,-0.03284218416922391,-0.029523070775450688,0.02564972025092649,1,2024-11-21,3,11,4
2024-11-22,411.365,417.4,411.06,417.0,24814626,MSFT,0.010003148690871155,1.0003148690871155,1.0154235391427042,0.19414978574276764,415.782,418.704,419.145,421.9104,1.0029294197440004,0.9959302992089877,0.9948824392513331,57.49122807017545,-1.2253364383221879,-0.6871498125053599,-0.538186625816828,419.145,434.1217138550035,404.16828614499644,0.4283888301276664,0.006937447407691146,0.011825610897259958,0.017634513565274495,0.004819277108433662,-0.013111184739906356,0.03352517985611514,1,2024-11-22,4,11,4
2024-11-25,418.38,421.08,414.85,418.79,27691090,MSFT,0.004292565947242366,0.4292565947242366,1.0150174761962154,0.11591808798569048,416.38800000000003,418.782,418.755,421.65939999999995,1.0057686580785228,1.0000191030177994,1.0000835810915691,56.569277648324096,-1.0617999833916656,-0.7620798466826211,-0.2997201367090445,418.755,433.31587258807775,404.19412741192224,0.5012018510493899,0.007098300247501486,0.011437022653739026,0.017665115002270686,0.007287858379834589,0.0018659840673669326,0.02963299028152533,1,2024-11-25,0,11,4
2024-11-26,419.585,429.0414,418.85,427.99,23458889,MSFT,0.02196805081305664,2.196805081305664,1.0243318610481078,-0.15283620110295404,418.428,419.27799999999996,418.55699999999996,421.5162,1.022852199183611,1.0207785765053259,1.0225369543455254,56.939754753865294,-0.18766971262391507,-0.64719781987088,0.4595281072469649,418.55699999999996,432.455000007571,404.6589999924289,0.8393653761282681,0.01174272598902959,0.012913408601665677,0.01815699816150708,0.02441417937241197,0.011724936765714178,0.022033225075352325,1,2024-11-26,1,11,4
2024-11-27,425.105,427.2299,422.02,422.99,18332444,MSFT,-0.011682515946634275,-1.1682515946634275,1.0123451495189801,-0.2185288911167106,419.928,419.05699999999996,418.08000000000004,421.35979999999995,1.007291726200682,1.0093853580777794,1.0117441637964024,47.82220635487326,0.10046847344915477,-0.497664561206873,0.5981330346560279,418.08000000000004,430.5391086949912,405.62089130500885,0.6970445928437035,0.013327888013970403,0.013434880009444147,0.01832776823971376,0.018050975956100057,-0.005197554092191914,0.046407716494479834,1,2024-11-27,2,11,4
2024-11-29,420.09,424.88,417.8,423.46,16271921,MSFT,0.0011111373791341528,0.11111373791341528,1.0169459071325992,-0.11239761594253339,422.046,418.71400000000006,418.93549999999993,421.0552,1.0033503456969146,1.0113347057896318,1.0107999918841923,50.858208955223844,0.36256570215647344,-0.32561850853420377,0.6881842106906773,418.93549999999993,430.3053909405463,407.56560905945355,0.6989684871938895,0.01231645666406109,0.013360659346368469,0.011803623451475214,0.02564972025092649,-0.00803485675466753,0.04748972748311542,1,2024-11-29,4,11,4
2024-12-02,421.57,433.0,421.31,430.98,20207223,MSFT,0.017758465970811876,1.7758465970811876,1.02774678977475,0.24184618398774194,424.842,420.312,419.966,420.9694,1.0144477240950753,1.0253811454348198,1.0262259325754943,61.459621841314735,1.1636667707772972,-0.02776145267190358,1.1914282234492009,419.966,431.7938625554871,408.1381374445129,0.9655955354710499,0.013512498981760709,0.010563697533166726,0.01220023078497342,0.03352517985611514,0.03850602409638548,0.03489721100747123,1,2024-12-02,0,12,4
2024-12-03,429.84,432.47,427.74,431.2,18301987,MSFT,0.0005104645227156368,0.05104645227156368,1.0110581194183383,-0.09428490000827927,427.32399999999996,421.85600000000005,421.10299999999995,420.9232,1.0090704009135927,1.0221497382993248,1.0239775066907622,57.88762309326126,1.7955987559271875,0.33691058904791465,1.4586881668792728,421.10299999999995,432.64219106897133,409.5638089310286,0.9375090047321706,0.01378336998101805,0.01059973647635744,0.012094495900930716,0.02963299028152533,0.03713680969790256,0.028130797773654903,1,2024-12-03,1,12,4
2024-12-04,433.03,439.67,432.63,437.42,26009429,MSFT,0.014424860853432309,1.4424860853432309,1.0162725654716502,0.4211259684535893,429.21000000000004,423.8190000000001,422.401,421.0882,1.019128165699774,1.0320915296388316,1.0355562605202167,60.941977077363916,2.7664218353930323,0.8228128383169382,1.9436089970760941,422.401,435.1498895698044,409.65211043019565,1.0890316924374488,0.01186945527381136,0.01113375946763385,0.012336273616256213,0.022033225075352325,0.04698532755690654,0.026450550957889396,1,2024-12-04,2,12,4
2024-12-05,437.92,444.66,436.171,442.62,21697775,MSFT,0.011887888070961417,1.1887888070961417,1.019462550238324,-0.16577272803643628,433.13599999999997,426.53200000000004,423.52299999999997,421.29839999999996,1.0218961250046177,1.0377181547926064,1.0450908215138257,63.2518955349621,3.9103268482463704,1.4403156403028246,2.470011207943546,423.52299999999997,439.08770244190896,407.958297558091,1.113471413002413,0.007884955706906076,0.010720653723094829,0.011782480537392432,0.046407716494479834,0.06529639702519918,0.01567936378835122,1,2024-12-05,3,12,4
2024-12-06,442.3,446.1,441.7703,443.57,18821002,MSFT,0.0021463106050336744,0.21463106050336744,1.0098007946663685,-0.13258377875150795,437.158,429.602,424.43,421.5435999999999,1.0146674657675256,1.0325138151125925,1.0450957755106849,79.50836604007435,4.8377700708722955,2.1198065264167187,2.7179635444555768,424.43,442.3921086559547,406.4678913440453,1.032788225664552,0.007630986502252386,0.009910476493558381,0.01155336718774631,0.04748972748311542,0.07435754595877642,0.008341411727573966,1,2024-12-06,4,12,4
2024-12-09,442.6,448.33,440.5,446.02,19144388,MSFT,0.00552336722501523,0.552336722501523,1.0177752553916004,0.017182188280942645,440.166,432.504,425.604,421.9036,1.0132995279053811,1.031250578029336,1.0479694739711092,80.19960079840317,5.704709688931075,2.83678715891959,2.867922530011485,425.604,445.9562551705263,405.2517448294737,1.0015660384792644,0.006058493881354177,0.00987297742426373,0.011378313369514299,0.03489721100747123,0.06959232613908872,0.012488229227388903,1,2024-12-09,0,12,4
2024-12-10,444.39,449.62,441.6,443.33,18469459,MSFT,-0.006031119680731778,-0.6031119680731778,1.0181612318840578,-0.035254665753744696,442.592,434.95799999999997,426.87,422.1642,1.0016674499313136,1.0192478354231904,1.0385597488696792,75.15760441292353,6.104338054202913,3.490297337976255,2.6140407162266577,426.87,448.35196305838923,405.3880369416108,0.8831121009579231,0.008133757116514167,0.010671098310749501,0.011131313581400609,0.028130797773654903,0.05859738771221834,0.025105451920691024,1,2024-12-10,1,12,4
2024-12-11,444.05,450.35,444.05,448.99,19200208,MSFT,0.0127670132858142,1.27670132858142,1.0141875914874452,0.03956526284825124,444.90599999999995,437.058,428.168,422.73019999999997,1.0091794671233925,1.0273007243889827,1.048630444124736,80.94974131559498,6.799382066262638,4.152114283633532,2.647267782629106,428.168,451.71127580837816,404.62472419162185,0.9422069420048642,0.007706133073518775,0.009444655071960172,0.011164816863338393,0.026450550957889396,0.04906656697586387,-0.025835764716363396,0,2024-12-11,2,12,4
2024-12-12,449.11,456.1648,449.11,449.56,20834779,MSFT,0.0012695160248556991,0.12695160248556991,1.015708401059874,0.08513298397600688,446.29400000000004,439.715,429.38599999999997,423.37879999999996,1.0073180459517717,1.0223895022912568,1.0469833669472224,85.23141924332629,7.3119164681183975,4.784074720530505,2.5278417475878925,429.38599999999997,454.734085695392,404.0379143046079,0.8979393205946791,0.006836579282083211,0.007643092586524472,0.011160187005838321,0.01567936378835122,0.06281472375233466,-0.027871696770175314,0,2024-12-12,3,12,4
2024-12-13,448.435,451.43,445.58,447.27,20177833,MSFT,-0.00509386956134894,-0.509386956134894,1.01312895551865,-0.031531219985582726,447.034,442.096,430.40500000000003,423.99340000000007,1.0005279240505196,1.0117033404509428,1.0391840243491595,80.13139558033045,7.447470014095188,5.316753779243442,2.1307162348517465,430.40500000000003,456.9413151370441,403.86868486295594,0.8177720778657923,0.0077975679570764745,0.008318467424704452,0.01129543626189622,0.008341411727573966,0.05622727058045629,-0.02385583651932832,0,2024-12-13,4,12,4
2024-12-16,447.27,452.18,445.28,451.59,23598834,MSFT,0.00965859547924075,0.965859547924075,1.015495867768595,0.16954253709999478,448.14799999999997,444.157,432.2345,424.704,1.0076804984067764,1.016735073408727,1.0447800904370197,81.08415466262316,7.813416866195553,5.816086396633864,1.997330469561689,432.2345,459.33814083136565,405.1308591686344,0.857064575206458,0.008494366014928912,0.007329537883725605,0.008860370016556558,0.012488229227388903,0.047821244605318114,-0.03618326357979573,0,2024-12-16,0,12,4
2024-12-17,451.01,455.29,449.57,454.46,22733494,MSFT,0.006355322305631184,0.6355322305631184,1.0127232689013947,-0.03666876083792958,450.37399999999997,446.483,434.16949999999997,425.6024,1.0090724597778735,1.0178663017404916,1.046734052023461,78.50527676071502,8.24003144415235,6.300875406137561,1.9391560380147892,434.16949999999997,461.84074327185897,406.498256728141,0.8666351345448032,0.007065200670922014,0.007189476119879447,0.008852556746201253,0.025105451920691024,0.053942486085343244,-0.033292258944681574,0,2024-12-17,1,12,4
2024-12-18,451.32,452.65,437.02,437.39,24444545,MSFT,-0.03756106147955818,-3.7561061479558178,1.0357649535490367,0.07526564108447209,448.054,446.48,435.1495,426.056,0.9761992974061162,0.9796407453861314,1.0051488051807482,62.307692307692285,7.118660740908808,6.4644324730918115,0.6542282678169968,435.1495,461.7456599721281,408.55334002787185,0.5421207422866302,0.018995581929795325,0.014711270262624454,0.01291194798907475,-0.025835764716363396,-6.858396964026792e-05,0.0016461281693682661,1,2024-12-18,2,12,4
2024-12-19,441.62,443.1834,436.32,437.03,22963681,MSFT,-0.0008230640846841331,-0.0823064084684133,1.015730198019802,-0.06058055079364333,445.54799999999994,445.921,436.22649999999993,426.4474000000001,0.9808819700683205,0.9800614907124804,1.001841933032496,61.62014043500598,6.130251662972569,6.3975963110679634,-0.2673446480953947,436.22649999999993,461.1633949022986,411.28960509770127,0.5161106666076132,0.018843312875336873,0.014115931817010612,0.012803547126624414,-0.027871696770175314,-0.012629343454882314,-0.014873120838386433,0,2024-12-19,3,12,4
2024-12-20,433.11,443.74,428.63,436.6,64263694,MSFT,-0.000983914147770104,-0.09839141477701041,1.0352518489139817,1.7984927155189099,443.41400000000004,445.224,437.413,426.86260000000004,0.9846328713121372,0.9806299750238083,0.9981413446788275,55.477582846003905,5.251694674128316,6.168415983680034,-0.9167213095517175,437.413,459.7983298765972,415.0276701234028,0.48184078580745104,0.01895438238937993,0.014068629203981081,0.012663052472691116,-0.02385583651932832,-0.015713416146267756,-0.0269583142464499,0,2024-12-20,4,12,4
2024-12-23,436.74,437.65,432.83,435.25,19152519,MSFT,-0.003092075125973537,-0.3092075125973537,1.0111360118291246,-0.7019698400779762,440.146,444.14700000000005,438.32550000000003,427.24120000000005,0.9888764182793891,0.9799683438140975,0.9929835248006332,53.86229258058365,4.395825868918337,5.8138979607276955,-1.4180720918093588,438.32550000000003,458.5951251620594,418.0558748379407,0.4241352522453955,0.01733290730403494,0.013853441533041138,0.012613542889079366,-0.03618326357979573,-0.02414689924218638,-0.03159103963239518,0,2024-12-23,0,12,4
2024-12-24,434.65,439.6,434.19,439.33,7164543,MSFT,0.009373923032739873,0.9373923032739873,1.0124599829567702,-0.6259216346424197,437.12,443.747,439.35249999999996,427.645,1.0050558199121522,0.9900461298893287,0.9999487882736527,51.89898588188503,4.000648589977004,5.451248086577557,-1.450599496600553,439.35249999999996,457.41585502437744,421.2891449756225,0.49937719211160897,0.017965042478258426,0.014249894948241382,0.012708299977817557,-0.033292258944681574,-0.009022624230257348,-0.04723101085744197,0,2024-12-24,1,12,4
2024-12-26,439.08,440.94,436.63,438.11,8199927,MSFT,-0.0027769558190881005,-0.27769558190881005,1.0098710578750887,0.14451500954073415,437.26399999999995,442.659,439.8585,428.0324,1.001934757949431,0.9897234665961836,0.996024857994105,45.130641330166284,3.548123387501846,5.070623146762415,-1.522499759260569,439.8585,457.1313533893617,422.58564661063826,0.449385895874133,0.005152955086047497,0.013428061900107336,0.011888680337706849,0.0016461281693682661,-0.02423216552707186,-0.033690169135605186,0,2024-12-26,3,12,4
2024-12-27,434.6,435.22,426.35,430.53,18117713,MSFT,-0.017301590924653665,-1.7301590924653665,1.0208045033423243,1.2094968650330666,435.96399999999994,440.756,440.23549999999994,428.32060000000007,0.9875356680826858,0.9767989545235913,0.9779538451578758,37.68417075935019,2.548474030719319,4.566193323553796,-2.017719292834477,440.23549999999994,456.2407721248135,424.2302278751864,0.19680303076655603,0.009510029925857736,0.014134793415308789,0.012270335924760126,-0.014873120838386433,-0.042330278494528084,-0.0062248856061132285,0,2024-12-27,4,12,4
2024-12-30,426.06,427.55,421.9,424.83,13158703,MSFT,-0.013239495505539711,-1.3239495505539711,1.0133917990045036,-0.2737105947091667,433.61,438.512,440.304,428.4828,0.9797513894974746,0.9687990294450323,0.9648560994222174,31.144331731624845,1.2815296739156565,3.9092605936261684,-2.627730919710512,440.304,456.01601136240964,424.5919886375903,0.007574185026975973,0.010411303641830582,0.014422248194555096,0.012673755174935323,-0.0269583142464499,-0.05017103762827824,-0.005790551514723519,0,2024-12-30,0,12,4
2024-12-31,426.1,426.73,420.66,421.5,13246509,MSFT,-0.0078384294894428,-0.78384294894428,1.0144297057005658,0.006672846100409746,430.86,435.503,439.8299999999999,428.5496,0.9782760061272803,0.9678463753406981,0.9583248073119162,30.79359493225411,0.008664098939391351,3.129141294688813,-3.1204771957494217,439.8299999999999,457.2098407115184,422.4501592884815,-0.027335097721918604,0.010363711965573393,0.013471009961444399,0.012090430035944781,-0.03159103963239518,-0.06663123629841228,0.007259786476868424,1,2024-12-31,1,12,4
2025-01-02,425.53,426.07,414.85,418.58,16896469,MSFT,-0.006927639383155437,-0.6927639383155437,1.0270459202121247,0.27554127657332206,426.71000000000004,431.91499999999996,439.19899999999996,428.54560000000004,0.980947247545171,0.9691258696734312,0.9530531717968393,21.889443520059118,-1.2216284637791546,2.2589873429952196,-3.480615806774374,439.19899999999996,458.6866586047323,419.7113413952676,-0.02902712476174223,0.005686773891983719,0.012661500492786675,0.01215441759218326,-0.04723101085744197,-0.07895084275843856,0.0008839409431888878,1,2025-01-02,3,1,1
2025-01-03,421.08,424.03,419.54,423.35,16662943,MSFT,0.011395671078407998,1.1395671078407998,1.0107021976450397,-0.013820994197071612,423.758,430.5110000000001,438.4955,428.4624,0.9990371863186065,0.9833662786781289,0.9654603068902646,27.51758449133645,-1.7910983808518495,1.4489701982258059,-3.240068579077655,438.4955,459.22955383471634,417.76144616528364,0.13476751529792758,0.010999159296469201,0.008925249629567832,0.011964051767891627,-0.033690169135605186,-0.032099499302681744,-0.014550608243769969,0,2025-01-03,4,1,1
2025-01-06,428.0,434.32,425.4774,427.85,20573648,MSFT,0.010629502775481248,1.0629502775481248,1.0207827724809826,0.23469473549780484,423.22200000000004,429.593,437.75699999999995,428.52740000000006,1.010935159325366,0.9959426713191323,0.9773687228302461,33.95041322314053,-1.857878533762289,0.7876004518281869,-2.6454789855904757,437.75699999999995,458.92021147651894,416.59378852348095,0.2659381703246707,0.011406270643180704,0.009943837333523633,0.011892677400356188,-0.0062248856061132285,-0.021005422968674803,-0.02846792100035056,0,2025-01-06,0,1,1
2025-01-07,429.0,430.65,420.8,422.37,18139065,MSFT,-0.012808227182423804,-1.2808227182423804,1.023407794676806,-0.11833501768864718,422.73,428.16999999999996,436.697,428.4802,0.9991483925910155,0.9864539785599179,0.9671923553402015,26.30554654557254,-2.32617775859228,0.1648448097440936,-2.4910225683363736,436.697,458.73970505894545,414.65429494105456,0.17501720043689087,0.011293504161477091,0.010487682436456786,0.012111032058544096,-0.005790551514723519,-0.03259276225377927,0.009328314037455376,1,2025-01-07,1,1,1
2025-01-08,423.46,426.97,421.54,424.56,15054575,MSFT,0.00518502734569215,0.518502734569215,1.0128813398491248,-0.17004680230210323,423.342,427.101,435.62399999999997,428.4084,1.0028771064529387,0.9940505875659388,0.9746019503057683,25.483765168907865,-2.491868857720192,-0.3664979237487635,-2.1253709339714284,435.62399999999997,457.84440731067957,413.40359268932036,0.2510396671558228,0.010846680281222253,0.01082352522297113,0.012099649374179362,0.007259786476868424,-0.02456059735784033,4.710759374404461e-05,1,2025-01-08,2,1,1
2025-01-10,424.63,424.71,415.02,418.95,20201132,MSFT,-0.013213680045223275,-1.3213680045223275,1.0233482723724159,0.3418599993689626,423.416,425.063,434.4049999999999,428.25559999999996,0.9894524533791826,0.9856186024189355,0.9644226010289938,31.381260096930546,-3.040807823045782,-0.9013599036081672,-2.1394479194376146,434.4049999999999,457.5030359155874,411.3069640844124,0.16544774507060447,0.01232985981812212,0.010436242150981207,0.012317964695839142,0.0008839409431888878,-0.04638881933853822,0.024060150375939893,1,2025-01-10,4,1,1
2025-01-13,415.235,418.5,412.29,417.19,17604780,MSFT,-0.0042009786370688085,-0.42009786370688085,1.0150622134905043,-0.12852507473343577,422.184,422.971,432.81499999999994,427.9604,0.9881710344304853,0.9863323963108582,0.9638991254924161,30.518460329929326,-3.576633988779008,-1.4364147206423354,-2.140219268136673,432.81499999999994,456.06326422496016,409.5667357750397,0.16395340639615694,0.010661272674806068,0.010416942199858337,0.011764804064609934,-0.014550608243769969,-0.04775056492661667,0.027109949902921926,1,2025-01-13,0,1,1
2025-01-14,417.81,419.74,410.72,415.67,16935856,MSFT,-0.0036434238596322333,-0.3643423859632233,1.0219614335800544,-0.03799672588921876,419.74800000000005,421.485,431.1205,427.6232,0.9902846469786634,0.9862035422375648,0.9641619918329098,29.878869448183053,-4.076935013341711,-1.9645187791822107,-2.1124162341595,431.1205,454.1692716078637,408.07172839213627,0.16483029415050018,0.007614724217312378,0.009450932867908317,0.011708943411287734,-0.02846792100035056,-0.03451559705479279,0.07344768686698577,1,2025-01-14,1,1,1
2025-01-15,419.13,428.15,418.265,426.31,19637838,MSFT,0.025597228570741093,2.5597228570741093,1.023633342498177,0.15954209813782083,420.53599999999994,421.633,430.07249999999993,428.02240000000006,1.013730096828809,1.0110925852577954,0.9912514750419988,42.70799347471453,-3.5736730238868972,-2.286349628123148,-1.287323395763749,430.07249999999993,451.9033635940735,408.2416364059264,0.4138261300615395,0.014736984162154897,0.012482054271534126,0.013422477735452186,0.009328314037455376,0.0034837464397523554,0.04785250170064037,1,2025-01-15,2,1,1
2025-01-16,428.695,429.49,424.39,424.58,15300023,MSFT,-0.004058079801083747,-0.4058079801083747,1.012017248285775,-0.22089066016330305,420.53999999999996,421.941,428.7219999999999,428.30659999999995,1.0096066961525658,1.0062544289367472,0.9903387276603488,37.489397794741315,-3.2766595219051737,-2.4844116068795534,-0.7922479150256203,428.7219999999999,448.1586670307192,409.28533296928066,0.3934488100903928,0.014808476765852846,0.01225949250939699,0.013125859310589847,4.710759374404461e-05,0.0073072360616843746,0.04588063498045125,1,2025-01-16,3,1,1
2025-01-17,434.085,434.48,428.17,429.03,26197507,MSFT,0.010480945875924519,1.0480945875924519,1.0147371371184342,0.7122527855023486,422.5559999999999,422.986,427.45050000000003,428.718,1.0153210462045268,1.0142888889939619,1.0036951647032812,42.69861691862332,-2.6516300314988825,-2.5178552918034196,-0.13377473969546294,427.45050000000003,442.66676619253235,412.2342338074677,0.5519016945423546,0.013186795378174175,0.01227694365429252,0.013311669196458889,0.024060150375939893,0.024965359071145166,0.012889541523902759,1,2025-01-17,4,1,1
2025-01-21,430.2,430.8999,425.595,428.5,26085703,MSFT,-0.0012353448476796203,-0.12353448476796203,1.0124646671131003,-0.004267734330598683,424.81800000000004,423.50100000000003,427.00600000000003,429.0588,1.0086672410302764,1.0118039862951917,1.0034987798766293,48.158897152185766,-2.173995758029605,-2.449083385048657,0.2750876270190519,427.00600000000003,441.50207046572507,412.509929534275,0.5515312064580684,0.012737804443907642,0.011908424623756415,0.010498735505717238,0.027109949902921926,0.012164875398606334,0.043640606767794576,1,2025-01-21,1,1,1
2025-01-22,437.56,447.27,436.0,446.2,27803811,MSFT,0.04130688448074671,4.130688448074671,1.025848623853211,0.06586397154027246,430.924,425.33599999999996,427.46450000000004,429.57919999999996,1.0354494063918465,1.0490529839938307,1.0438293706260986,65.91687769998511,-0.36304017900914687,-2.031874743840755,1.668834564831608,427.46450000000004,443.76348863507224,411.16551136492785,1.0747442500722058,0.019038647433798548,0.017311956552942893,0.01412938671185615,0.07344768686698577,0.04288886291924743,-0.008673240699238027,0,2025-01-22,2,1,1
2025-01-23,442.0,446.75,441.5048,446.71,18389270,MSFT,0.0011429852084265946,0.11429852084265946,1.011880278538308,-0.3386061356840614,435.004,427.77,427.96999999999997,430.00480000000005,1.0269100973784149,1.0442761296958647,1.0437881159894384,69.60037319234954,1.1006206328046915,-1.4053756685116656,2.5059963013163573,427.96999999999997,445.9974188828806,409.94258111711935,1.019763814269498,0.018584571780431314,0.016309510682311203,0.014120620723742965,0.04785250170064037,0.05762719890143697,-0.07100803653376908,0,2025-01-23,3,1,1
2025-01-24,445.16,446.65,441.4,444.06,15549453,MSFT,-0.005932260303104897,-0.5932260303104897,1.011893973719982,-0.15442793542103628,438.9,429.71999999999997,428.41049999999996,430.43519999999995,1.0117566643882434,1.0333705668807596,1.0365292167208788,69.89381636477205,2.023424737413279,-0.7196155873266765,2.7430403247399555,428.41049999999996,447.5812073421898,409.2397926578101,0.9081617782970235,0.01894253712453823,0.016724865206467862,0.014180622484924443,0.04588063498045125,0.04592990390050877,-0.06530649011394851,0,2025-01-24,4,1,1
2025-01-27,424.01,435.2,423.5,434.56,35647805,MSFT,-0.021393505382155564,-2.1393505382155564,1.0276269185360094,1.2925439885248697,440.006,431.28099999999995,428.172,430.7662,0.9876228960514175,1.0076029317312845,1.0149192380632082,58.15035625999709,1.965525677064818,-0.18258733444837766,2.1481130115131957,428.172,446.88391188296066,409.4600881170394,0.670693407492395,0.02325610380225624,0.01785601002049491,0.014886734747791869,0.012889541523902759,0.03725981620718466,-0.05439985272459491,0,2025-01-27,0,1,1
2025-01-28,434.6,448.38,431.38,447.2,23491703,MSFT,0.02908689248895424,2.908689248895424,1.039408410218369,-0.34100562432946435,443.746,434.282,428.62649999999996,431.2496,1.0077837321350502,1.0297456491404202,1.0433325984277688,62.57963853855154,2.9060831006999024,0.43514675258127844,2.4709363481186237,428.62649999999996,448.74359854039847,408.50940145960146,0.9616346627397914,0.02576608127955274,0.0192460899102685,0.016264901309143424,0.043640606767794576,0.0719336513339246,-0.07788461538461533,0,2025-01-28,1,1,1
2025-01-29,446.69,446.88,440.4,442.33,23581370,MSFT,-0.0108899821109123,-1.08899821109123,1.0147138964577658,0.003816964653435395,442.9719999999999,436.948,429.2165,431.5922,0.9985506984640115,1.0123172551424884,1.0305521805429194,63.07994757536042,3.2213792804629406,0.9923932581576109,2.22898602230533,429.2165,450.24036841563145,408.19263158436854,0.8118717198175092,0.01901357673361205,0.019824747317951575,0.01594202816134281,-0.008673240699238027,0.06413741670074802,-0.06565234101236628,0,2025-01-29,2,1,1
2025-01-30,418.77,422.86,413.16,414.99,54586260,MSFT,-0.06180905658671121,-6.18090565867112,1.023477587375351,1.314804440963354,436.628,435.816,428.7245,431.3542,0.9504429399855255,0.9522137782917562,0.9679642754262936,45.28339083292262,1.250726665970035,1.0440599397200958,0.2066667262499391,428.7245,450.62295029364066,406.8260497063593,0.186404749746413,0.032678107416300776,0.028005932494439195,0.02114978008687042,-0.07100803653376908,-0.026553447022120036,0.002000048193932402,1,2025-01-30,3,1,1
2025-01-31,418.98,420.69,414.91,415.06,34223388,MSFT,0.00016867876334369925,0.016867876334369925,1.0139307319659685,-0.3730402485900298,430.828,434.86400000000003,428.4025,431.3553999999999,0.9634007074749088,0.9544593252143199,0.9688552237673683,47.972057136899174,-0.3019011848829223,0.7748677147994922,-1.0767688996824145,428.4025,450.9286325435218,405.87636745647814,0.20384396934934432,0.03317356785587909,0.02800885042927274,0.02108834364235502,-0.06530649011394851,-0.022422158368269773,-0.012793331084662518,0,2025-01-31,4,1,1
2025-02-03,411.6,415.41,408.66,410.92,25679149,MSFT,-0.009974461523635125,-0.9974461523635125,1.016517398326237,-0.2496608167490606,426.1,433.05300000000005,428.0195,431.2586,0.9643745599624501,0.9488907824215511,0.9600497173610081,46.810458846271246,-1.8451634476892878,0.25086148230173627,-2.096024929991024,428.0195,451.4895216177305,404.5494783822695,0.13571614294802947,0.032839845497978276,0.02774932690316373,0.021147716669050912,-0.05439985272459491,-0.04221150036127996,0.003163632823907303,1,2025-02-03,0,2,1
2025-02-04,412.685,413.9199,409.74,412.37,20532096,MSFT,0.0035286673805119406,0.35286673805119406,1.0102013471957827,-0.2004370549818454,419.134,431.44000000000005,427.4705,431.1502,0.9838619629998998,0.9557991841275727,0.9646747553339938,48.32009773976786,-2.9175750388032498,-0.38282582191926096,-2.5347492168839887,427.4705,451.8947058320473,403.04629416795274,0.19087019443255607,0.02647392317280199,0.02784190609937553,0.020983257006633126,-0.07788461538461533,-0.037642940490081656,-0.0022552562019545475,0,2025-02-04,1,2,1
2025-02-05,412.35,413.827,410.4,413.29,16336188,MSFT,0.002231006135266833,0.2231006135266833,1.0083503898635477,-0.2043584834202996,413.326,428.149,426.7425,431.1062,0.9999129016805137,0.9652947922335449,0.9684763059690563,42.64406779661017,-3.651144518578576,-1.036489561251124,-2.614654957327452,426.7425,451.9737111439259,401.5112888560741,0.23341549235858822,0.02770345700394284,0.023216076947652316,0.02081953158654001,-0.06565234101236628,-0.07375616315553557,-0.01028333615620991,0,2025-02-05,2,2,1
2025-02-06,414.0,418.2,414.0,415.82,16309755,MSFT,0.006121609523578986,0.6121609523578986,1.0101449275362318,-0.0016180641407897989,413.492,425.06000000000006,426.41499999999996,431.16519999999997,1.005630096833796,0.9782618924387144,0.9751533130870162,45.095184770436724,-3.9824465951138563,-1.6256809680236706,-2.3567656270901858,426.41499999999996,452.0519540024983,400.77804599750164,0.2933646875723324,0.006195961990422894,0.023471236375394104,0.02070941342767206,0.002000048193932402,-0.06915000783506076,-0.012697801933528874,0,2025-02-06,3,2,1
2025-02-07,416.48,418.65,408.1,409.75,22886844,MSFT,-0.014597662450098636,-1.4597662450098636,1.0258515069835823,0.4032610545038844,412.43,421.629,425.67449999999997,431.0202,0.9935019275998351,0.9718259417639679,0.9625899601690964,39.397272327320714,-4.680846266529102,-2.236714027724757,-2.444132238804345,425.67449999999997,452.37071733504393,398.978282664956,0.20174613503958913,0.00915523249276379,0.023591753390355148,0.020891453825604922,-0.012793331084662518,-0.07726433364860608,-0.0032214765100671006,0,2025-02-07,4,2,1
2025-02-10,413.71,415.4624,410.92,412.22,20817919,MSFT,0.006028065893837864,0.6028065893837864,1.0110542197994743,-0.09039800332453007,412.68999999999994,419.395,425.338,430.88880000000006,0.99886113063074,0.9828920230331789,0.9691586455947976,41.23411587335775,-4.977645481837044,-2.7849003185472143,-2.1927451632898296,425.338,452.5556727416873,398.1203272583127,0.25901686884661296,0.00869107097790696,0.023423126262616417,0.020769439850132895,0.003163632823907303,-0.051408321060382844,-0.006258793847945365,0,2025-02-10,0,2,1
2025-02-11,409.64,412.49,409.3,411.44,18140592,MSFT,-0.0018921934889137848,-0.18921934889137848,1.007793794282922,-0.12860685066552524,412.504,415.8190000000001,425.0505,430.5578,0.9974206310726683,0.9894689756841316,0.9679790989541243,27.11351066631549,-5.215677397171305,-3.2710557342720326,-1.9446216628992725,425.0505,452.7478093696065,397.3531906303935,0.2542992386304604,0.008581542574667764,0.020245436196732875,0.020754795061925947,-0.0022552562019545475,-0.07996422182468688,0.008093525179856176,1,2025-02-11,1,2,1
2025-02-12,407.21,410.75,404.3673,409.04,19121734,MSFT,-0.005833171300797191,-0.5833171300797191,1.0157844118453694,0.054085445502550344,411.654,412.49000000000007,424.71900000000005,430.27880000000005,0.9936500070447513,0.9916361608766272,0.963083827189271,25.79982012077606,-5.534184710926979,-3.723681529603022,-1.8105031813239574,424.71900000000005,453.040700736917,396.3972992630831,0.2231981203098679,0.008715077405711036,0.020231391608528635,0.020778087092179334,-0.01028333615620991,-0.07526055207650384,0.017333268140035107,1,2025-02-12,2,2,1
2025-02-13,407.0,411.0,406.36,410.54,23891731,MSFT,0.003667123019753582,0.3667123019753582,1.0114184466975096,0.2494542074479229,410.59800000000007,412.04499999999996,423.93050000000005,430.0204,0.9998587426144305,0.9963474863182421,0.9684134545638966,28.142931664058423,-5.601001726422965,-4.09914556896701,-1.5018561574559541,423.93050000000005,452.93555253626494,394.92544746373517,0.26916952687367224,0.008194372186671612,0.007021946063719058,0.019882398511782348,-0.012697801933528874,-0.010723149955420563,-0.005675451843913049,0,2025-02-13,3,2,1
2025-02-14,407.79,408.91,405.88,408.43,22758464,MSFT,-0.005139572270667969,-0.5139572270667969,1.0074652606681778,-0.047433440465238785,410.334,411.38199999999995,423.12299999999993,429.56940000000003,0.9953598775631559,0.9928241877379177,0.9652748727911271,31.14446529080675,-5.7578412488039135,-4.430884704934392,-1.3269565438695219,423.12299999999993,452.93979011281203,393.30620988718783,0.2536119759301919,0.005286714380146637,0.007119110778759262,0.01989063941443923,-0.0032214765100671006,-0.015973594179154782,-0.010846411869843031,0,2025-02-14,4,2,1
2025-02-18,408.0,410.597,406.5,409.64,21423051,MSFT,0.002962563964449272,0.2962563964449272,1.0100787207872077,-0.05867764186546154,409.81800000000004,411.254,422.1535,429.1382,0.9995656608543303,0.9960754181114347,0.9703579385223621,17.542343587970933,-5.718580575469275,-4.688423879041369,-1.0301566964279063,422.1535,452.41914721020424,391.8878527897958,0.2932722219173125,0.004429175841291493,0.006580473245993001,0.019717676368138457,-0.006258793847945365,-0.0031149615496934846,-0.028659310614197908,0,2025-02-18,1,2,1
2025-02-19,407.88,415.49,407.65,414.77,24114197,MSFT,0.012523191094619746,1.2523191094619746,1.0192321844719736,0.12561917534528577,410.48400000000004,411.494,421.467,428.68520000000007,1.0104413326707007,1.0079612339426576,0.9841102624879291,26.290433585684767,-5.2134210100308,-4.793423305239255,-0.41999770479154463,421.467,451.7493798689309,391.1846201310691,0.38942414650060264,0.007518528149112619,0.007683109481267673,0.019988413202062617,0.008093525179856176,0.005820016005043893,-0.03626106034669807,0,2025-02-19,2,2,1
2025-02-20,415.29,419.31,412.54,416.13,23508728,MSFT,0.0032789256696483804,0.32789256696483804,1.0164105298880108,-0.025108403982931682,411.90200000000004,411.7780000000001,419.9635,428.1554,1.0102645774965888,1.0105688016358327,0.9908718257658106,51.7734909769757,-4.649738489986078,-4.76468634218862,0.11494785220254222,419.9635,447.97631306454946,391.95068693545056,0.43157595434691715,0.006253342995029502,0.0077148004784892265,0.017342167614683626,0.017333268140035107,0.0068716881608554825,-0.056713046403768064,0,2025-02-20,3,2,1
2025-02-21,417.335,418.048,407.89,408.21,27524799,MSFT,-0.019032513877874746,-1.9032513877874746,1.0249037730760744,0.17083319012411047,411.436,411.017,418.0385,427.4482,0.9921591693483313,0.9931705987830187,0.976489007591406,41.435358839709906,-4.786913284936929,-4.769131730738282,-0.017781554198647243,418.0385,443.4863457572372,392.5906542427628,0.30688935138635726,0.011823305744851345,0.009620387161389791,0.017651937607675583,-0.005675451843913049,-0.018301188014044567,-0.027485852869846283,0,2025-02-21,4,2,1
2025-02-24,408.51,409.37,399.32,404.0,26443656,MSFT,-0.01031331912496014,-1.031331912496014,1.0251677852348993,-0.03927886993834173,410.55,410.442,416.03549999999996,426.6078,0.9840457922299354,0.9843047251499603,0.9710709783179562,41.36295556665001,-5.175675152377778,-4.850440415066181,-0.3252347373115967,416.03549999999996,439.0493946359741,393.0216053640258,0.23851666155656537,0.012475650616080587,0.00906677524469855,0.01769979171166156,-0.010846411869843031,-0.014032946918852929,-0.03839108910891087,0,2025-02-24,0,2,1
2025-02-25,401.1,401.915,396.7,397.9,29387402,MSFT,-0.015099009900990112,-1.5099009900990112,1.0131459541215024,0.11132144511333841,408.202,409.01,414.20250000000004,425.69919999999996,0.9747624950392207,0.9728368499547688,0.9606412322475116,33.81793782151642,-5.907888294647648,-5.061929990982475,-0.8459583036651734,414.20250000000004,436.84074604978184,391.56425395021824,0.1399345610929695,0.013229529021031635,0.009596073533590552,0.017438828795276935,-0.028659310614197908,-0.034738731745184714,-0.023347574767529466,0,2025-02-25,1,2,1
2025-02-26,398.01,403.6,394.245,399.73,19618954,MSFT,0.004599145513948244,0.4599145513948244,1.023728899542163,-0.3324025716870106,405.19399999999996,407.83900000000006,411.829,424.714,0.9865151014082145,0.9801171540730532,0.9706213015596279,35.13809732573435,-6.268250291643767,-5.303194051114734,-0.9650562405290328,411.829,429.2541879397837,394.4038120602163,0.15283014330145103,0.01073614188235993,0.009929756592533623,0.015753291014602204,-0.03626106034669807,-0.02846101497180631,0.003227178345382997,1,2025-02-26,2,2,1
2025-02-27,401.265,405.74,392.17,392.53,21127406,MSFT,-0.018012158206789697,-1.8012158206789697,1.0346023408215825,0.07688748339998153,400.474,406.188,409.339,423.57340000000005,0.9801635062450995,0.9663751760268644,0.9589362362247428,26.844303042354383,-7.053511112177489,-5.653257463327286,-1.400253648850203,409.339,421.9915635430325,396.6864364569675,-0.16425273988275635,0.009652265637544788,0.011024395578971844,0.015961300863068646,-0.056713046403768064,-0.04036280070408771,0.011107431279137936,1,2025-02-27,3,2,1
2025-02-28,392.655,397.63,386.57,396.99,32845658,MSFT,0.011362188877283463,1.1362188877283463,1.0286106009260936,0.5546469831648997,398.22999999999996,404.83299999999997,408.43899999999996,422.5678,0.9968862215302716,0.980626579354944,0.9719688864187799,36.89400164338544,-7.232578579978224,-5.9691216866574734,-1.2634568933207504,408.43899999999996,421.9319141637946,394.9460858362053,0.07574027889687057,0.012827597372191468,0.011860283169516568,0.009555024961058315,-0.027485852869846283,-0.03300531007940766,-0.009269754905665173,0,2025-02-28,4,2,1
2025-03-03,398.82,398.82,386.155,388.49,23007726,MSFT,-0.021411118667976514,-2.1411118667976514,1.0327977107638124,-0.2995200157049678,395.128,402.839,407.1105,421.30580000000003,0.9832003806361483,0.964380310744491,0.9542618036135153,28.312922683238938,-7.968513734751184,-6.369000096276216,-1.599513638474968,407.1105,422.8959409604465,391.3250590395535,-0.0897998049803379,0.014694522888239782,0.013184883458179144,0.010453125885365825,-0.03839108910891087,-0.04882109541414681,-0.0214419933589024,0,2025-03-03,0,3,1
2025-03-04,383.4,392.58,381.0,388.61,29342923,MSFT,0.0003088882596720133,0.030888825967201328,1.0303937007874016,0.27535085388273495,393.27000000000004,400.736,405.995,419.98879999999997,0.9881506344241869,0.9697406771540367,0.9571792756068425,28.880666049953817,-8.444719183821121,-6.784143913785197,-1.660575270035924,405.995,423.6851703303203,388.3048296696797,0.008625420915175465,0.014370177011787891,0.013034583706636994,0.010357432326395407,-0.023347574767529466,-0.05133775998437651,-0.02099791564807907,0,2025-03-04,1,3,1
2025-03-05,389.34,401.67,388.81,401.02,23433132,MSFT,0.031934330048120074,3.1934330048120074,1.0330752809855714,-0.20140430454048497,393.528,399.361,405.42749999999995,419.2614,1.019038035412982,1.0041541362326316,0.9891287591492931,43.74024352169839,-7.731606995100208,-6.9736365300482,-0.7579704650520078,405.42749999999995,422.98428891033495,387.87071108966495,0.37447875512687157,0.021956616239509702,0.01685057947733712,0.012897758811155692,0.003227178345382997,-0.03315090291004652,-0.04426213156451053,0,2025-03-05,2,3,1
2025-03-06,394.28,402.15,392.6777,396.89,23304625,MSFT,-0.010298738217545234,-1.0298738217545234,1.0241223272928408,-0.005483987373092081,394.4,397.437,404.60749999999996,418.4586,1.0063133874239352,0.9986236812375294,0.9809259591085188,39.766081871345015,-7.414250072369043,-7.061759238512369,-0.3524908338566739,404.60749999999996,422.150025623841,387.06497437615894,0.2800345239481488,0.020525565593694055,0.016814061783477368,0.013020142271297254,0.011107431279137936,-0.04623555139019053,-0.045654967371311916,0,2025-03-06,3,3,1
2025-03-07,392.32,394.8,385.54,393.31,22034087,MSFT,-0.00902013152258807,-0.9020131522588071,1.024018260102713,-0.05451870605083753,393.66400000000004,395.947,403.482,417.5928,0.9991007559746382,0.9933400177296456,0.9747894577701112,38.908450704225366,-7.366699775957159,-7.1227473460013275,-0.2439524299558311,403.482,420.88341748612106,386.080582513879,0.2077249595295045,0.02031843115501653,0.01614363963495915,0.012966692827395352,-0.009269754905665173,-0.03650082065603488,-0.01207698761790954,0,2025-03-07,4,3,1
2025-03-10,385.84,386.4,377.22,380.16,32569768,MSFT,-0.03343418677379162,-3.343418677379162,1.0243359312867821,0.47815373516497406,391.998,393.563,402.0025,416.491,0.9698008663309508,0.9659444612425457,0.9456657607850698,31.598002496878948,-8.294497124626446,-7.357097301726352,-0.9373998229000939,402.0025,421.9982562602923,382.0067437397077,-0.04617839194646897,0.02366980028281806,0.01867064858027797,0.01447300646751327,-0.0214419933589024,-0.05900990099009895,0.02246422558922556,1,2025-03-10,0,3,1
2025-03-11,379.0,386.0,376.91,380.45,30380177,MSFT,0.0007628367003365,0.07628367003365,1.0241171632485209,-0.0672277125216243,390.366,391.818,400.414,415.31339999999994,0.9745981975889294,0.9709865294601064,0.9501416034404392,27.19904331650281,-8.903745792391533,-7.666426999859388,-1.237318792532145,400.414,421.9782983704663,378.8497016295337,0.03710527333126722,0.023691808918800492,0.01847573312798446,0.014335099228833293,-0.02099791564807907,-0.0438552400100527,0.008069391510053814,1,2025-03-11,1,3,1
2025-03-12,382.95,385.2165,378.9507,383.27,24253567,MSFT,0.007412274937574015,0.7412274937574015,1.0165346046332677,-0.20166472367820631,386.816,390.17199999999997,399.00550000000004,414.2166,0.9908328507610854,0.9823103656848775,0.9605632002566379,28.584462982273195,-9.054652916225791,-7.944072183132668,-1.1105807330931228,399.00550000000004,421.2079498174123,376.80305018258775,0.1456359516763893,0.015518994269047117,0.01864726137910179,0.014553159945129901,-0.04426213156451053,-0.04117779501163299,0.011871526600047089,1,2025-03-12,2,3,1
2025-03-13,383.155,385.32,377.45,378.77,20473017,MSFT,-0.011741070263782682,-1.1741070263782682,1.0208504437673864,-0.15587604083143725,383.192,388.796,397.492,413.1814,0.988460093112591,0.9742126976614985,0.9528996809998691,29.918144611186904,-9.428672424458057,-8.240992231397748,-1.1876801930603094,397.492,420.9080418247154,374.07595817528465,0.10023132559835156,0.01556447004261686,0.018225838151349937,0.014663848360106035,-0.045654967371311916,-0.035054645504802195,0.021305805634025843,1,2025-03-13,3,3,1
2025-03-14,379.775,390.23,379.51,388.56,19952846,MSFT,0.02584681996990268,2.584681996990268,1.0282469500144924,-0.025407637770241687,382.242,387.953,396.39300000000003,412.45599999999996,1.0165287958937008,1.0015646225187071,0.980239307959525,40.21298174442191,-8.833289732338471,-8.359451731585892,-0.4738380007525791,396.39300000000003,419.2879620751167,373.49803792488336,0.3289361656442029,0.02210429870338325,0.020017952261825848,0.016028288846787263,-0.01207698761790954,-0.021234791808357856,0.006948733786287908,1,2025-03-14,4,3,1
2025-03-17,386.7,392.705,385.57,388.7,22474272,MSFT,0.0003603047148446059,0.03603047148446059,1.0185050704152294,0.1263692407589374,383.95,387.974,395.4065,411.8,1.0123714025263706,1.0018712594142907,0.9830389738155544,43.691716950082295,-8.254989449540119,-8.338559275176738,0.0835698256366193,395.4065,417.8127061656324,373.0002938343676,0.3503428034531182,0.0137753394918568,0.01881571037158248,0.0160300658655316,0.02246422558922556,0.0005405544544261343,0.011268330331875465,1,2025-03-17,0,3,1
2025-03-18,387.07,387.37,381.1,383.52,19486850,MSFT,-0.013326472858245397,-1.3326472858245397,1.0164523747048018,-0.13292630791333304,384.56399999999996,387.465,394.10049999999995,411.0988,0.9972852373077044,0.9898184352135032,0.9731527871697702,39.37327913989771,-8.121050601768843,-8.29505754049516,0.17400693872631656,394.10049999999995,416.0538692175024,372.1471307824975,0.25902332131405553,0.015999613289503275,0.0192959352532399,0.016159195934162478,0.008069391510053814,-0.013097964540284668,0.030350438047559658,1,2025-03-18,1,3,1
2025-03-19,385.525,389.68,384.0,387.82,19185532,MSFT,0.011211931581143197,1.1211931581143197,1.0147916666666668,-0.015462632493194128,385.474,386.145,392.75300000000004,410.3882,1.0060860135832768,1.0043377487731293,0.9874399431703894,46.79024124301487,-7.580545229848099,-8.152155078365748,0.5716098485176495,392.75300000000004,412.5688140993763,372.9371859006238,0.3755287071411484,0.016422781175979055,0.016214821812674047,0.016094725399080807,0.011871526600047089,-0.03291606403670633,0.0055438089835491144,1,2025-03-19,2,3,1
2025-03-20,385.735,391.785,383.28,386.84,18470542,MSFT,-0.002526945490175847,-0.2526945490175847,1.0221900438321856,-0.03726714484643945,387.088,385.14,391.2885,409.568,0.9993593188112263,1.004413979332191,0.9886311506727133,42.738589211618226,-7.148861018458945,-7.951496266384387,0.8026352479254424,391.2885,407.90016397444845,374.67683602555155,0.36610311866280915,0.014873300881266488,0.016023097272101387,0.016023338018940823,0.021305805634025843,-0.025321877598327047,0.009668079826284703,1,2025-03-20,3,3,1
2025-03-21,383.215,391.74,382.8,391.26,39675928,MSFT,0.011425912521972892,1.1425912521972892,1.0233542319749216,1.1480651731822489,387.628,384.935,390.441,408.9458,1.0093698081665927,1.0164313455518463,1.0020976280667246,52.10454338246466,-6.3765857984992635,-7.636514172807363,1.2599283743080996,390.441,405.0232428424361,375.85875715756384,0.5280820998816665,0.01037014469381878,0.016391195378840526,0.015918555708682496,0.006948733786287908,-0.005212173603518888,-0.031845831416449366,0,2025-03-21,4,3,1
2025-03-24,395.4,395.4,389.81,393.08,21004548,MSFT,0.004651638296784721,0.46516382967847214,1.0143403196429028,-0.4705971842674984,388.504,386.227,389.895,408.31620000000004,1.0117785145069291,1.0177434513899857,1.0081688659767374,53.31062064879275,-5.5536740358699035,-7.219946145419872,1.6662721095499684,389.895,403.0915234656306,376.6984765343694,0.6206757222193825,0.010436956521636115,0.01158214904881811,0.01585872056796191,0.011268330331875465,0.03398569023569009,-0.04500356161595609,0,2025-03-24,0,3,1
2025-03-25,393.915,396.36,392.64,395.16,15774968,MSFT,0.005291543706115842,0.5291543706115842,1.009474327628362,-0.24897369845806727,390.832,387.698,389.758,407.8404,1.0110738117656692,1.0192469396282675,1.0138598822859315,44.875830710038514,-4.679726939383954,-6.711902304212689,2.032175364828735,389.758,402.6581747846173,376.85782521538266,0.7093770080713016,0.00573657043788993,0.011555749061742265,0.015574399029488973,0.030350438047559658,0.03866473912472079,-0.03282214799068739,0,2025-03-25,1,3,1
2025-03-26,395.0,395.31,388.57,389.97,16132906,MSFT,-0.013133920437291224,-1.3133920437291224,1.0173456520060735,0.02269025204995656,391.262,388.368,389.27,407.296,0.9966978648578191,1.0041249536522063,1.0017982377270276,44.05906593406597,-4.355697425733922,-6.240661328516936,1.8849639027830136,389.27,401.29024783000455,377.2497521699954,0.5291175360899268,0.009388266552151579,0.012630661479070507,0.01578830063221803,0.0055438089835491144,0.017481149059410006,-0.020078467574428882,0,2025-03-26,2,3,1
2025-03-27,390.13,392.24,387.395,390.58,13766761,MSFT,0.0015642228889400922,0.15642228889400922,1.012506614695595,-0.1466657649898908,392.01,389.549,389.1725,406.7942,0.9963521338741358,1.002646650357208,1.0036166481444604,47.53030577166635,-4.003529602495462,-5.793234983312642,1.7897053808171801,389.1725,401.11277748068625,377.2322225193138,0.5589391662914303,0.009164205825879172,0.011712459807511183,0.015284514803399693,0.009668079826284703,0.03117987168994385,-0.044728352706231655,0,2025-03-27,3,3,1
2025-03-28,388.08,389.13,376.93,378.8,21632016,MSFT,-0.03016027446361813,-3.016027446361813,1.032366752447404,0.5713221141850287,389.518,388.573,388.26300000000003,405.84399999999994,0.97248394169204,0.9748489987724315,0.9756273453818674,48.738404452690155,-4.621705472009523,-5.558929081052018,0.937223609042495,388.26300000000003,400.4642960485005,376.06170395149957,0.11221332707671575,0.015265541137164764,0.012969506618742547,0.016418201732433375,-0.031845831416449366,-0.025118385834877466,-0.05005279831045417,0,2025-03-28,4,3,1
2025-03-31,372.535,377.07,367.24,375.39,35184676,MSFT,-0.009002111932418178,-0.9002111932418178,1.026767236684457,0.6265093369013781,385.98,387.24199999999996,387.608,404.8602,0.9725633452510491,0.9693938157534565,0.968478462776826,45.56296036478429,-5.325385079497664,-5.512220280741148,0.18683520124348352,387.608,401.09657075648227,374.11942924351774,0.04709804987573052,0.013970135375404208,0.01308040853473395,0.015880213134398493,-0.04500356161595609,-0.03424234628248002,-0.04669810064199886,0,2025-03-31,0,3,1
2025-04-01,374.65,382.85,373.23,382.19,19689503,MSFT,0.01811449425930367,1.811449425930367,1.0257749912922327,-0.44039550058667587,383.386,387.109,387.287,403.92339999999996,0.9968804286019833,0.9872929846632345,0.9868392174279024,49.11475409836067,-5.273562719786128,-5.464488768550144,0.1909260487640161,387.287,400.97919693263657,373.5948030673634,0.3138720898816895,0.01789539259950303,0.014163282311619337,0.016480262192707967,-0.03282214799068739,-0.0034678765123069555,-0.07229388524032543,0,2025-04-01,1,4,2
2025-04-02,377.965,385.08,376.62,382.14,16092555,MSFT,-0.00013082498233862871,-0.013082498233862871,1.0224629600127448,-0.18268353447011842,381.82000000000005,386.541,386.343,402.99619999999993,1.0008380912471844,0.9886144031292928,0.9891210659957602,52.97966401414678,-5.176852179045909,-5.406961450649297,0.23010927160338834,386.343,398.57398584484673,374.1120141551533,0.32818228827519724,0.017637554456871464,0.013585186104452359,0.01458925519450945,-0.020078467574428882,-0.01464596977979482,0.02185063065892079,1,2025-04-02,2,4,2
2025-04-03,374.785,377.48,369.35,373.11,30197997,MSFT,-0.02363008321557536,-2.363008321557536,1.0220116420739136,0.8765197322612848,378.32599999999996,385.168,385.154,401.5344,0.9862129486210307,0.9686941802018859,0.968729391360339,36.15343251478762,-5.7624282262830775,-5.478054805776054,-0.2843734205070234,385.154,397.68761358402617,372.6203864159738,0.01953202006523442,0.019207077521709817,0.01531079322545501,0.015262631474467088,-0.044728352706231655,-0.035492710164408914,0.02208463991852261,1,2025-04-03,3,4,2
2025-04-04,364.125,374.59,359.48,359.84,49209854,MSFT,-0.035565918897912274,-3.5565918897912274,1.0420329364637808,0.6295734448877519,374.534,382.026,383.4805,399.79699999999997,0.9607672467653137,0.9419254186887802,0.9383527975998779,29.062681369704023,-7.214119679516955,-5.825267780524235,-1.38885189899272,383.4805,399.79614115552295,367.16485884447707,-0.224473521287197,0.020785856753014927,0.017302254813444308,0.01688427540249314,-0.05005279831045417,-0.08030465674998721,0.07950755891507333,1,2025-04-04,4,4,2
2025-04-07,350.88,370.9999,344.79,357.86,50424998,MSFT,-0.005502445531347155,-0.5502445531347155,1.0760169958525478,0.024693103133368366,371.028,378.504,382.3655,398.07300000000004,0.9645094170790345,0.9454589647665547,0.9359107973915011,30.477784540474772,-8.42722130607325,-6.345658485634038,-2.0815628204392116,382.3655,402.28624028956295,362.44475971043704,-0.11507503345242427,0.0208883355039831,0.016753478373219558,0.015441161235122383,-0.04669810064199886,-0.08960008140836462,0.08369194657128487,1,2025-04-07,0,4,2
2025-04-08,368.255,373.65,350.25,354.56,35868918,MSFT,-0.009221483261610763,-0.9221483261610763,1.0668094218415416,-0.28866793410680947,365.502,374.444,381.071,396.47299999999996,0.9700630913100339,0.9468972663469036,0.9304302872693014,24.30469715698395,-9.544868206582294,-6.98550042982369,-2.559367776758604,381.071,404.5608974029264,357.58110259707365,-0.06430642384792368,0.01450812105196123,0.01596730457028147,0.015477729714381506,-0.07229388524032543,-0.10274319263083309,0.08791177797833938,1,2025-04-08,1,4,2
2025-04-09,353.535,393.225,353.1,390.49,50199696,MSFT,0.10133686823104693,10.133686823104693,1.1136363636363635,0.3995319290088426,367.17199999999997,374.496,381.43199999999996,395.3388,1.063507021232556,1.0427080663077843,1.0237473520837268,51.83104244005219,-7.445533234541415,-7.077506990767235,-0.3680262437741799,381.43199999999996,405.2833295226913,357.5806704773086,0.6898845930450664,0.05490321314053906,0.038762783005390655,0.02806387752241902,0.02185063065892079,0.0013334359053260858,-0.04834950959051443,0,2025-04-09,2,4,2
2025-04-10,382.06,383.9,367.8,381.35,38024368,MSFT,-0.023406489282696064,-2.3406489282696064,1.0437737901033168,-0.24253788309793745,368.82000000000005,373.573,381.56100000000004,394.1192,1.0339732118648663,1.0208178856609018,0.9994470084730881,45.25337676022609,-6.445022550070121,-6.951010102627812,0.5059875525576913,381.56100000000004,405.37959415180563,357.74240584819444,0.4955706873660296,0.05487365501130954,0.03950388156697087,0.028467358447061563,0.02208463991852261,-0.02363152235137478,-0.03558410908614151,0,2025-04-10,3,4,2
2025-04-11,380.635,390.05,378.89,388.45,23839220,MSFT,0.018618067392159432,1.8618067392159432,1.0294544590778327,-0.3730541425435394,374.54200000000003,374.538,381.5555,393.5884,1.0371333522008213,1.0371444286027052,1.0180694551644518,47.889121911188106,-5.021317340868222,-6.565071550275895,1.5437542094076724,381.5555,405.36733913850213,357.74366086149786,0.6447704219715656,0.0498495721216045,0.038602756786439846,0.028175804775819328,0.07950755891507333,0.025475184794086614,-0.07550521302612945,0,2025-04-11,4,4,2
2025-04-14,393.22,394.65,384.21,387.81,19251172,MSFT,-0.0016475736903075466,-0.16475736903075466,1.0271726399625205,-0.19245797471561565,380.53200000000004,375.78000000000003,381.51099999999997,393.0434,1.0191258553814133,1.0320134121028262,1.0165106641748207,46.604453478702744,-3.899709928064908,-6.031999225833697,2.1322892977687893,381.51099999999997,405.26988877429835,357.7521112257016,0.6325609135140633,0.0494550698519507,0.03841488071386711,0.02817933706745208,0.08369194657128487,0.033085590985375335,-0.05412444238157865,0,2025-04-14,0,4,2
2025-04-15,388.505,391.89,384.1599,385.73,17199890,MSFT,-0.005363451174544176,-0.5363451174544176,1.02012208978605,-0.10655361657981133,386.766,376.134,381.6215,392.5396,0.9973213777839831,1.0255121844874433,1.0107659028644875,47.98325722983257,-3.1424424687110672,-5.454087874409171,2.311645405698104,381.6215,405.4402120381834,357.80278796181665,0.586245217487279,0.04896873537141145,0.03816601114237171,0.02803332339563441,0.08791177797833938,0.009262408749574957,-0.029398802271018654,0,2025-04-15,1,4,2
2025-04-16,380.67,381.61,368.0,371.61,21967826,MSFT,-0.03660591605527186,-3.660591605527186,1.0369836956521739,0.2772073542330793,382.99,375.081,380.811,391.7244,0.9702864304551033,0.9907459988642453,0.9758384080291799,42.004551968304824,-3.639712208890103,-5.091212741305358,1.4515005324152552,380.811,404.84384147731373,356.7781585226862,0.30857444574988313,0.021197609193054936,0.04004123973328826,0.02910347356484302,-0.04834950959051443,-0.027555346208195886,0.04222168402357318,1,2025-04-16,2,4,2
2025-04-17,373.745,374.3215,366.89,367.78,21120192,MSFT,-0.010306504130674687,-1.0306504130674687,1.0202553898988798,-0.03858524735219593,380.27599999999995,374.548,379.85800000000006,390.81419999999997,0.9671396564600448,0.9819302198917094,0.9682039077760635,45.021684134441614,-4.293359871892051,-4.931642167422697,0.6382822955306464,379.85800000000006,404.3906288419067,355.32537115809345,0.253838039986802,0.01984336614780305,0.039462679306503726,0.02916639853353602,-0.03558410908614151,-0.01428533140360766,0.06544673446081917,1,2025-04-17,3,4,2
2025-04-21,362.815,364.48,355.67,359.12,20807279,MSFT,-0.023546685518516464,-2.3546685518516464,1.0247701521072905,-0.014815821750105318,374.40999999999997,374.476,378.25100000000003,389.68019999999996,0.9591624155337732,0.9589933667311122,0.9494224734369505,42.982834469076174,-5.447376019578542,-5.034788937853866,-0.4125870817246753,378.25100000000003,403.8272923941605,352.67470760583956,0.12600130415368613,0.014420648373343985,0.03845519507271686,0.02935839798963292,-0.07550521302612945,-0.0020008892841262282,0.08921808866117176,1,2025-04-21,0,4,2
2025-04-22,363.375,367.77,359.8602,366.82,19484993,MSFT,0.02144130095789709,2.144130095789709,1.0219802023118978,-0.06354920314184276,370.212,375.37199999999996,376.938,388.82160000000005,0.9908376821929057,0.9772172671376662,0.9731573892788734,43.422066250106994,-5.675196351588454,-5.162870420600784,-0.5123259309876698,376.938,401.99997001539674,351.87602998460324,0.29814036977571934,0.021781272418677243,0.038933860563508976,0.02985117344539227,-0.05412444238157865,0.025037724249706628,0.07420533231557713,1,2025-04-22,1,4,2
2025-04-23,376.06,380.39,373.02,374.39,20545526,MSFT,0.02063682460062144,2.063682460062144,1.0197576537451074,0.0544281950729979,367.94399999999996,377.35499999999996,375.89950000000005,388.065,1.0175189702780858,0.9921426773197652,0.995984298994811,46.88379573783675,-5.185138818529651,-5.167324100186558,-0.017814718343093006,375.89950000000005,399.4584629608243,352.3405370391758,0.46796336064303473,0.026101606397423944,0.03902619995408332,0.030270925635550585,-0.029398802271018654,0.055928474729241895,0.055744010256684184,1,2025-04-23,2,4,2
2025-04-24,375.695,388.45,375.19,387.3,22232289,MSFT,0.034482758620689724,3.4482758620689724,1.0353420933393747,0.08209879854134661,371.082,377.036,375.76599999999996,387.5822,1.0437046259317349,1.0272228646601387,1.0306946344267445,55.53302659284099,-3.7122431579447834,-4.876307911738204,1.1640647537934203,375.76599999999996,399.0175012758093,352.5144987241906,0.7480269954009361,0.024344144831695985,0.023565660077863933,0.031229334877907158,0.04222168402357318,-0.00816922328356684,0.09837335398915559,1,2025-04-24,3,4,2
2025-04-25,387.0,392.16,384.6,391.85,18973165,MSFT,0.011747998967208906,1.1747998967208906,1.019656786271451,-0.1465941721070646,375.896,378.086,375.8295,387.23839999999996,1.0424425905037564,1.0364044159265353,1.0426270423157311,63.39218475441388,-2.152997347994358,-4.331645798989435,2.1786484509950768,375.8295,399.2576130942701,352.4013869057299,0.8419076033894984,0.021956217734272254,0.02237233080653898,0.031337211399464326,0.06544673446081917,0.027533761636292065,0.11083322700012754,1,2025-04-25,4,4,2
2025-04-28,391.955,392.74,386.638,391.16,16579430,MSFT,-0.0017608778869465658,-0.17608778869465658,1.0157822045427507,-0.12616424302429252,382.304,378.35699999999997,376.4475,386.85079999999994,1.0231648112496863,1.0338384118702708,1.039082474979911,64.08391135171715,-0.9618731681414943,-3.6576912728198465,2.6958181046783523,376.4475,400.83785691674746,352.0571430832525,0.8016048524877838,0.013394712447868133,0.021704296994808806,0.030501621228268043,0.08921808866117176,0.006976444844896568,0.11506800286327845,1,2025-04-28,0,4,2
2025-04-29,391.3,395.1,390.38,394.04,14973976,MSFT,0.007362716024133409,0.7362716024133409,1.0120907833393105,-0.09683408898858403,387.748,378.98,377.38,386.56300000000005,1.0162270340530448,1.0397382447622565,1.044146483650432,66.75721561969442,0.21204888921494103,-2.883743240412889,3.09579212962783,377.38,402.995422163837,351.76457783616297,0.8251947185067292,0.013783155962433635,0.021773343213595128,0.030409334712763355,0.07420533231557713,0.016064567700678323,0.0996599330017256,1,2025-04-29,1,4,2
2025-04-30,390.3,396.66,384.44,395.26,36461075,MSFT,0.0030961323723479595,0.30961323723479595,1.0317864946415567,1.4349628315151568,391.92199999999997,379.933,378.0335,386.2754,1.0085170008317983,1.0403413233385888,1.0455687128257152,52.87038151402094,1.2266938186056677,-2.0616558286091777,3.2883496472148455,378.0335,404.8063411287498,351.2606588712502,0.8217159493301114,0.014058266265775877,0.021627568765766575,0.030197318295270992,0.055744010256684184,0.024706400850335708,0.09636694833780313,1,2025-04-30,2,4,2
2025-05-01,431.11,436.99,424.9,425.4,58938100,MSFT,0.07625360522187918,7.625360522187918,1.0284537538244294,0.6164663274464617,399.54200000000003,385.312,380.19649999999996,386.48799999999994,1.0647191033733623,1.1040403620961714,1.1188950976666014,71.1595734460563,4.411994617204016,-0.7669257394465392,5.178920356650555,380.19649999999996,414.34132916851945,346.05167083148046,1.1619377091755416,0.03220777294978924,0.027510451380240473,0.03443336148108911,0.09837335398915559,0.14474852668119786,0.030018805829807427,1,2025-05-01,3,5,2
2025-05-02,431.74,439.44,429.985,435.28,30757434,MSFT,0.02322519981194171,2.322519981194171,1.021989139156017,-0.47814004862728865,408.228,392.062,383.305,386.871,1.0662668900712347,1.1102325652575358,1.1355969789071365,71.9097969495649,7.645469663203301,0.9155533410834289,6.7299163221198715,383.305,425.178487403946,341.431512596054,1.1206194327523582,0.03193930014926429,0.026240892859208158,0.033906896229989957,0.11083322700012754,0.1835336342378595,0.0079259327329535,1,2025-05-02,4,5,2
2025-05-05,432.87,439.5,432.11,436.17,20136053,MSFT,0.002044660907921436,0.20446609079214362,1.0171021267732754,-0.34532727925222895,417.23,399.767,387.1215,387.4302,1.0453946264650193,1.0910605427661613,1.1267005320035182,72.57281553398059,10.162688349804398,2.7649803428276227,7.397708006976775,387.1215,433.64571227026227,340.5972877297378,1.0271287530358815,0.031280947603443,0.022843317588284458,0.03235557978326326,0.11506800286327845,0.21455223880597019,0.030011234151821498,1,2025-05-05,0,5,2
2025-05-06,432.2,437.73,431.17,433.31,15104204,MSFT,-0.006557076369305581,-0.6557076369305581,1.0152144165874248,-0.24989251865795148,425.084,406.416,390.894,388.0164000000001,1.0193514693566448,1.0661735758434707,1.1085102355114174,72.04819277108433,11.790905972072494,4.570165468676597,7.220740503395897,390.894,439.6120785205742,342.1759214794258,0.9353209454072297,0.03349452379872317,0.02429662696342953,0.03238326963864855,0.0996599330017256,0.18126056376424415,0.03653273637811272,1,2025-05-06,1,5,2
2025-05-07,433.84,438.12,431.1103,433.35,23307241,MSFT,9.231266298970198e-05,0.009231266298970198,1.0162596439936602,0.5430962796847818,432.70200000000006,412.312,394.8335,388.72540000000004,1.0014975664545114,1.0510244669085547,1.0975512462848265,82.90343210402898,12.935396633711889,6.243211701683656,6.692184932028233,394.8335,443.9217175915542,345.7452824084458,0.892319194806402,0.03388943512317357,0.02482283029771086,0.03215709949604256,0.09636694833780313,0.1574828387510352,0.045205953617168504,1,2025-05-07,2,5,2
2025-05-08,437.93,443.67,435.66,438.17,23491330,MSFT,0.011122649128879614,1.1122649128879614,1.0183858972593307,0.007898360857039988,435.256,417.399,397.21750000000003,389.4942,1.0066949105813592,1.049762936662522,1.1030984284428555,87.12161164434133,14.069166848572252,7.808402731061376,6.260764117510876,397.21750000000003,449.9159856968094,344.51901430319066,0.8885548081553267,0.011523602328316356,0.023866256758349615,0.024061261786434,0.030018805829807427,0.1313452104311903,0.034141999680489254,1,2025-05-08,3,5,2
2025-05-09,440.0,440.74,435.88,438.73,15324233,MSFT,0.001278042768788401,0.1278042768788401,1.0111498577590163,-0.34766430849168606,435.946,422.087,400.0865,390.4182,1.0063861120413995,1.039430259638416,1.0965878628746535,95.90589320724251,14.841788334875162,9.215079851824134,5.626708483051027,400.0865,455.33380287296217,344.83919712703783,0.8497320049166781,0.006320466099461494,0.024138941154976286,0.023084212210876143,0.0079259327329535,0.11963761643486026,0.035420418024753264,1,2025-05-09,4,5,2
2025-05-12,445.94,449.37,439.78,449.26,22821935,MSFT,0.024001094066965933,2.4001094066965933,1.0218063577243168,0.4892709475247472,438.56399999999996,427.89700000000005,403.127,391.4636,1.0243886867139118,1.0499255661993423,1.1144378818585705,96.03529148983694,16.11798137018502,10.595660155496311,5.522321214688709,403.127,462.23615579626676,344.01784420373326,0.890235652823464,0.011886525408798147,0.02392648851122747,0.023254114457357946,0.030011234151821498,0.14853256979241225,0.021390731425010134,1,2025-05-12,0,5,2
2025-05-13,447.78,450.6733,445.36,449.14,23618819,MSFT,-0.00026710590749234875,-0.026710590749234875,1.0119303484821267,0.03491745989110906,441.73,433.407,406.19350000000003,392.67659999999995,1.0167749530256038,1.0363007519490917,1.1057291660255517,95.52929711292482,16.924594359442835,11.861446996285617,5.063147363157219,406.19350000000003,468.246967022187,344.14003297781306,0.8460443232337415,0.010476164616154193,0.0242873901111971,0.023227411016558144,0.03653273637811272,0.13983351943965072,0.020105089727033842,1,2025-05-13,1,5,2
2025-05-14,448.14,453.9,448.14,452.94,19902796,MSFT,0.008460613617135015,0.8460613617135015,1.012853126255188,-0.15733314184760894,445.648,439.175,409.554,393.9632000000001,1.0163626898359241,1.0313428587692832,1.1059347485313293,94.97122499314878,17.6668171361041,13.022521024249313,4.644296111854787,409.554,474.1680393413069,344.93996065869305,0.8357319898453084,0.00968638888001665,0.024092265541666994,0.02302556025170454,0.045205953617168504,0.14592926175175847,-0.0008168852386629677,0,2025-05-14,2,5,2
2025-05-15,450.765,456.19,450.4301,453.13,21992323,MSFT,0.00041948160904303755,0.041948160904303755,1.0127875557161923,0.10498660590200481,448.64,441.948,413.63,395.0054,1.0100080242510698,1.0253016191950184,1.0954959746633464,94.65170504226171,18.062156153304727,14.030448050060397,4.0317081032443305,413.63,478.4503541782165,348.8096458217835,0.8046882456967069,0.010244266199209916,0.010287669173518008,0.020583108018420043,0.034141999680489254,0.0651857075693465,0.0038178889060533905,1,2025-05-15,3,5,2
2025-05-16,452.05,454.36,448.73,454.27,23849781,MSFT,0.0025158343080351475,0.25158343080351475,1.0125465201791723,0.0844593815760164,451.74799999999993,443.84700000000004,417.9545,396.15299999999996,1.0055827585290915,1.0234833174494813,1.0868886445773402,95.68553641233528,18.256998333125182,14.875758106673356,3.381240226451826,417.9545,481.42157906673435,354.48742093326564,0.7860971430701496,0.01009193995731727,0.008438606912273928,0.020106194955420122,0.035420418024753264,0.04362709060834402,-0.009003456094393125,0,2025-05-16,4,5,2
2025-05-19,450.875,459.585,450.8,458.87,21336509,MSFT,0.010126136438681987,1.0126136438681987,1.0194875776397514,-0.1053792485557834,453.66999999999996,446.117,422.942,397.4642,1.0114620759582957,1.0285866712095706,1.0849478179041099,95.7903658708857,18.568547068504415,15.614315899039568,2.9542311694648475,422.942,482.4989779728884,363.38502202711163,0.8016271243342401,0.004752438561636306,0.008583177698891203,0.018417414759695955,0.021390731425010134,0.05204392782630629,0.0039662649552161255,1,2025-05-19,0,5,2
2025-05-20,455.59,458.34,454.3201,458.17,15441808,MSFT,-0.0015254865212369628,-0.15254865212369628,1.0088481667441083,-0.2762729835513391,455.476,448.60300000000007,427.5095,399.0244,1.0059146914436765,1.0213262060218053,1.0717188740835,94.76305678098761,18.545190128206116,16.200490744872877,2.3446993833332392,427.5095,482.80297861994836,372.21602138005164,0.7772524062985843,0.00507396492430346,0.00794651014917053,0.01854521944626071,0.020105089727033842,0.05737232004800252,-0.0017679027435231198,0,2025-05-20,1,5,2
2025-05-21,454.57,457.78,451.814,452.57,19216906,MSFT,-0.012222537486086038,-1.2222537486086038,1.0132045487744956,0.24447253844886552,455.40200000000004,450.525,431.41849999999994,400.4668,0.9937813184834496,1.0045391487708784,1.0490278001522884,79.70697572709378,17.868825686340415,16.534157733166385,1.33466795317403,431.41849999999994,481.729623505851,381.10737649414887,0.7102069932660139,0.008072596884821594,0.009666761681933672,0.019124532724220336,-0.0008168852386629677,0.04435214030229595,0.01350067392889498,1,2025-05-21,2,5,2
2025-05-22,454.95,460.25,453.9,454.86,18025612,MSFT,0.005059990719667784,0.5059990719667784,1.013989865609165,-0.061991977272512044,455.74799999999993,452.19399999999996,434.79650000000004,401.8986,0.9980515548066038,1.0058956996333432,1.046144575680807,75.66858940744623,17.317955246857707,16.69091723590465,0.6270380109530578,434.79650000000004,481.5840099280044,388.0089900719957,0.7144108548507206,0.00841222882122561,0.009383625507823835,0.01822803124121594,0.0038178889060533905,0.03809023894835328,0.012091632590247592,1,2025-05-22,3,5,2
2025-05-23,449.98,453.69,448.91,450.18,16883509,MSFT,-0.010288880094974306,-1.0288880094974306,1.0106480140785457,-0.06336001240901001,454.93,453.33900000000006,437.713,403.3268,0.9895588332270899,0.9930317047507493,1.0284821332699736,66.7064154543286,16.315672649008206,16.61586831852536,-0.30019566951715504,437.713,480.31326790130674,395.1127320986933,0.6463253708742237,0.00961838708008831,0.010386276407831574,0.018664593155909126,-0.009003456094393125,0.026098055751829108,0.026189524190323832,1,2025-05-23,4,5,2
2025-05-27,456.48,460.95,456.115,460.69,20974293,MSFT,0.02334621706872797,2.334621706872797,1.0106003968297468,0.24229465569035447,455.29400000000004,454.48199999999997,441.18950000000007,404.7694,1.0118516826490136,1.0136595068671588,1.0441998279650806,77.61194029850743,16.18287947235683,16.529270549291656,-0.3463910769348253,441.18950000000007,478.85634454390475,403.5226554560954,0.758854972272366,0.014356268490602226,0.01023753989633543,0.018878815583477752,0.0039662649552161255,0.02544183768864361,0.004949098091992621,1,2025-05-27,1,5,2
2025-05-28,461.22,462.52,456.93,457.36,17086261,MSFT,-0.007228288002778416,-0.7228288002778416,1.0122338213730768,-0.18537130190753037,455.13199999999995,455.304,444.35549999999995,406.1426,1.0048952831266535,1.004515664259484,1.0292659818546188,72.70663892566672,15.628777929711305,16.349172025375587,-0.7203940956642825,444.35549999999995,475.39773504907544,413.31326495092446,0.7094646210145775,0.014813788660297611,0.010678488436711467,0.019199287958115114,-0.0017679027435231198,0.018301643140223645,0.014233863914640432,1,2025-05-28,2,5,2
2025-05-29,461.55,461.72,455.3105,458.68,13982211,MSFT,0.0028861290886827984,0.28861290886827984,1.0140772066534816,-0.18166935410854368,456.354,455.878,447.52649999999994,407.6458,1.0050969203732192,1.0061463812686728,1.024922546486074,70.7717237188576,15.121846203368364,16.103706860974143,-0.9818606576057789,447.52649999999994,468.90487104227066,426.1481289577292,0.7608594447618725,0.013220601770531464,0.010438809639397919,0.019201965440796876,0.01350067392889498,0.012672760188987553,0.019621522630156152,1,2025-05-29,3,5,2
2025-05-30,459.715,461.68,455.54,460.36,34770475,MSFT,0.0036626842242957203,0.366268422429572,1.0134785090222593,1.4867651475149386,457.454,456.601,449.2745,409.0966,1.006352551294775,1.008232570668921,1.0246742247779477,71.42008318478906,14.686365834257913,15.820238655630897,-1.133872821372984,449.2745,468.6593649317192,429.88963506828077,0.7859318349404889,0.01317438570085316,0.010458470146714966,0.01038647264283111,0.012091632590247592,0.015955686006223324,0.021765574767573126,1,2025-05-30,4,5,2
2025-06-02,457.14,462.11,456.89,461.97,16626495,MSFT,0.003497263011556173,0.3497263011556173,1.0114250694915625,-0.521821459154642,459.81200000000007,457.371,450.60900000000004,410.5992,1.004693222447435,1.0100552942796985,1.0252125456881687,65.287466923262,14.30624456690066,15.51743983788485,-1.2111952709841916,450.60900000000004,469.6083550029011,431.609644997099,0.7989838338792359,0.011117090544203378,0.010472269131984645,0.009350433553239761,0.026189524190323832,0.016950271864750066,0.023334848583241197,1,2025-06-02,0,6,2
2025-06-03,461.47,464.14,460.8622,462.97,15743760,MSFT,0.0021646427257180356,0.21646427257180356,1.0071123212101145,-0.05309206781104492,460.26800000000003,457.78100000000006,451.94900000000007,412.0334,1.0058704928433,1.011335114388758,1.024385494823531,66.28975265017671,13.925166712795658,15.198985212867013,-1.2738185000713553,451.94900000000007,470.43387962462265,433.4641203753775,0.7981085141966399,0.004635319491901124,0.010057568292259386,0.009349812523305,0.004949098091992621,0.008934992481530735,0.017171738989567364,1,2025-06-03,1,6,2
2025-06-04,464.0,465.69,463.0201,463.87,14162688,MSFT,0.0019439704516490686,0.19439704516490686,1.0057662723497316,-0.10042531136145372,461.57,458.351,453.477,413.44919999999996,1.0049829928288234,1.0120409904200056,1.022918472160661,63.81795195954489,13.539704955729974,14.867129161439605,-1.3274242057096313,453.477,470.46636769679156,436.4876323032084,0.8058677693450218,0.000769658639152077,0.0100230358571692,0.00908052506483135,0.014233863914640432,0.012440797084051658,0.018863043525125578,1,2025-06-04,2,6,2
2025-06-05,464.955,469.65,464.03,467.68,20154460,MSFT,0.00821350809494037,0.8213508094940369,1.0121112859082386,0.4230674290078267,463.37000000000006,459.8620000000001,455.19350000000003,414.89959999999996,1.0093014221896108,1.0170007523996327,1.0274311913504917,66.8519805420431,13.387337995570476,14.57117092826578,-1.183832932695303,455.19350000000003,470.47152036638687,439.9154796336132,0.9086426022664401,0.0025328995292017856,0.008994173640329211,0.009103919555948557,0.019621522630156152,0.03338710033806924,0.02392661648990768,1,2025-06-05,3,6,2
2025-06-06,470.085,473.335,468.78,470.38,15285624,MSFT,0.005773178241532673,0.5773178241532673,1.0097167114637997,-0.24157610772007787,465.37399999999997,461.41399999999993,456.804,416.5078,1.0107569395797789,1.0194315733809551,1.029719529601317,68.00804828973844,13.330784531108463,14.323093648834316,-0.9923091177258527,456.804,471.2967646557985,442.31123534420146,0.9683716434520416,0.0026570236530005314,0.009012262776682274,0.00895665233822998,0.021765574767573126,0.03412038869102574,0.00973680853777803,1,2025-06-06,4,6,2
2025-06-09,469.7,473.43,468.62,472.75,16469932,MSFT,0.00503847952719072,0.503847952719072,1.010264179932568,0.07747855108826429,467.53000000000003,463.671,458.50499999999994,418.1512,1.0111650589266998,1.0195806940697176,1.0310683634856763,66.32941176470588,13.323618317856415,14.123198582638738,-0.7995802647823229,458.50499999999994,472.0185682303279,444.991431769672,1.0270628658991257,0.0026271624846552757,0.007622226028953272,0.008945008908690202,0.023334848583241197,0.050135501355013545,0.013516657852987723,1,2025-06-09,0,6,2
2025-06-10,471.185,472.8,466.96,470.92,15375944,MSFT,-0.003870967741935405,-0.3870967741935405,1.0125064245331508,-0.06642334649590542,469.12,464.69399999999996,459.588,419.9936,1.003836971350614,1.0133980641023987,1.0246568665848543,64.61150584460233,13.020184751144939,13.902595816339979,-0.8824110651950399,459.588,473.44921373890935,445.7267862610907,0.9087665125670176,0.00464950311440218,0.004559427030169862,0.007715289875940653,0.017171738989567364,0.0222058217022294,0.015119340864690356,1,2025-06-10,1,6,2
2025-06-11,470.02,475.47,469.655,472.62,16399176,MSFT,0.003609954981737884,0.3609954981737884,1.0123814289212296,0.06654758888299805,470.87000000000006,466.2200000000001,460.762,421.9382,1.0037165247308173,1.0137274248208998,1.0257356292402586,75.2328215454317,12.769686261543086,13.676013905380602,-0.9063276438375159,460.762,474.872389751786,446.651610248214,0.9201868342615804,0.004576435732950199,0.0031317242184527635,0.007693817213132444,0.018863043525125578,0.033365401434318764,0.016122889424907916,1,2025-06-11,2,6,2
2025-06-12,475.02,480.415,473.52,478.87,18950582,MSFT,0.013224154712030867,1.3224154712030867,1.0145611589795573,0.15558135359971748,473.108,468.23900000000003,462.0585,423.8718,1.0121790373445387,1.0227042172907426,1.0363839210835857,77.4776836804761,12.92647876955823,13.526106878216128,-0.5996281086578978,462.0585,477.8121124846248,446.3048875153752,1.0335760295109362,0.006094302188949082,0.004423009921701482,0.007954780423568297,0.02392661648990768,0.0440176157669836,-0.003069726648150861,0,2025-06-12,3,6,2
2025-06-13,476.41,479.18,472.76,474.96,16814456,MSFT,-0.008165055234197194,-0.8165055234197194,1.0135798290887554,-0.11272086524836022,474.024,469.69900000000007,463.15,425.7282,1.001974583565389,1.011200790293358,1.0254992982834934,78.86766076421249,12.590102771341549,13.338906056841212,-0.7488032854996636,463.15,479.3184592241854,446.98154077581455,0.8652172367276078,0.008300560672367958,0.0059409751680636275,0.008314443745052665,0.00973680853777803,0.03171431053957763,0.023244062657908016,1,2025-06-13,4,6,2
2025-06-16,475.21,480.6943,475.0,479.14,15626104,MSFT,0.008800741115041255,0.8800741115041255,1.0119879999999999,-0.07067442443573557,475.30199999999996,471.416,464.39349999999996,427.8488,1.0080748660851417,1.016384679349025,1.0317543204200748,75.21180650450943,12.516530661384365,13.174430977749843,-0.6579003163654775,464.39349999999996,481.48545227677374,447.3015477232262,0.9313872330441448,0.00880383412985384,0.006206890811219445,0.008437388102216095,0.013516657852987723,0.03716691560058005,0.022895187210418833,1,2025-06-16,0,6,2
2025-06-17,475.395,478.7399,474.08,478.04,15414128,MSFT,-0.002295779939057385,-0.22957799390573852,1.0098293536955787,-0.013565505515642284,476.726,472.92299999999994,465.35200000000003,430.2128,1.0027563002647224,1.010819943204285,1.0272653819044508,80.09313154831204,12.228500881088792,12.985244958417635,-0.7567440773288432,465.35200000000003,483.2698471451155,447.4341528548846,0.8540603928932066,0.008533048537837097,0.006481541506398411,0.008318504712801928,0.015119340864690356,0.03255070522928061,0.02976738348255359,1,2025-06-17,1,6,2
2025-06-18,478.0,481.0,474.46,480.24,17526452,MSFT,0.004602125345159358,0.4602125345159358,1.0137840913881044,0.1370381769244422,478.25,474.56000000000006,466.45550000000003,432.6604,1.0041610036591742,1.0119689817936615,1.0295515863785505,80.5902383654938,12.038978963408908,12.795991759415891,-0.7570127960069826,466.45550000000003,485.20987405822234,447.7011259417777,0.8675009349074108,0.008561257037807473,0.006477572313147749,0.008291474498176365,0.016122889424907916,0.03529005971500632,0.03583624854239553,1,2025-06-18,2,6,2
2025-06-20,482.23,483.46,476.87,477.4,37576206,MSFT,-0.00591370981176087,-0.591370981176087,1.0138192798876002,1.1439710672759094,477.956,475.532,467.697,435.1172,0.9988367130028705,1.0039282319591532,1.0207463379068071,73.40659340659337,11.526744082452694,12.542142224023253,-1.015398141570559,467.697,485.8591330766699,449.5348669233301,0.7671217075395164,0.007137526242672504,0.006862754629911007,0.007812568469177468,-0.003069726648150861,0.02078344166951762,0.03883535819019701,1,2025-06-20,4,6,2
2025-06-23,478.21,487.75,472.51,486.0,24863952,MSFT,0.018014243820695386,1.8014243820695386,1.0322532856447484,-0.3383059481843377,480.16400000000004,477.09400000000005,469.254,437.0274,1.0121541806549428,1.0186671808909773,1.035686429950517,77.69071214565565,11.680101436889288,12.369734066596461,-0.6896326297071731,469.254,488.1084334029771,450.39956659702295,0.9440865350362592,0.009429599957456807,0.008492775757490955,0.008522959640541838,0.023244062657908016,0.033207194183426214,0.023477366255144183,1,2025-06-23,0,6,2
2025-06-24,488.95,491.849,486.795,490.11,22305642,MSFT,0.008456790123456903,0.8456790123456903,1.0103821937365831,-0.10289233183847846,482.358,478.83000000000004,471.2505,439.2026,1.0160710509621484,1.0235574212142096,1.0400201166895313,79.1827956989247,11.99500988909017,12.294789231095205,-0.299779342005035,471.2505,490.05705482034,452.44394517966,1.0014076256966202,0.009392855391591917,0.008637879371676612,0.007955927405601625,0.022895187210418833,0.03672131147540991,0.003958295076615492,1,2025-06-24,1,6,2
2025-06-25,492.04,494.5556,489.39,492.27,17495099,MSFT,0.0044071738997366605,0.44071738997366605,1.010555180939537,-0.21566485286547676,485.204,480.96500000000003,472.8295,441.279,1.014562946719318,1.0235048288336988,1.0411152434439899,79.73199329983248,12.277345458317768,12.29130047653972,-0.013955018221951221,472.8295,493.14512165324555,452.51387834675444,0.9784618539323465,0.008613476929347191,0.008224180637382363,0.006575487043237734,0.02976738348255359,0.04533678756476678,-0.0023970585247933274,0,2025-06-25,2,6,2
2025-06-26,492.98,498.04,492.81,497.45,21578853,MSFT,0.01052268064273676,1.052268064273676,1.010612609322051,0.2334227431350917,488.646,483.44800000000004,474.834,443.47180000000003,1.018017133057469,1.0289627840015885,1.0476292767577722,80.29717077142274,12.771855144085066,12.387411410048788,0.3844437340362781,474.834,496.583504434764,453.084495565236,1.0199198921482322,0.008793239775426486,0.008431388623341887,0.006264407445162132,0.03583624854239553,0.05253692183995606,0.002794250678460175,1,2025-06-26,3,6,2
2025-06-27,497.55,499.3,493.03,495.94,34539236,MSFT,-0.0030354809528595483,-0.30354809528595483,1.0127172788674117,0.600605741185595,492.354,485.1549999999999,476.697,445.676,1.0072833774073127,1.0222300089662069,1.0403673612378512,76.65832290362954,12.893287460351871,12.488586620109405,0.4047008402424659,476.697,498.99658989474034,454.39741010525967,0.9314653339104393,0.007762304987630772,0.00827087330284076,0.006467834200066619,0.03883535819019701,0.03564641760811904,0.0035891438480462057,1,2025-06-27,4,6,2
2025-06-30,497.04,500.76,495.33,497.41,28368991,MSFT,0.0029640682340605906,0.29640682340605906,1.0109623887105565,-0.1786445131559945,494.63599999999997,487.4,478.54949999999997,448.19199999999995,1.0056081643875499,1.0205375461633157,1.0394118058842399,76.21173469387756,12.958759645913062,12.582621225270136,0.3761384206429259,478.54949999999997,501.28614463973526,455.8128553602647,0.9147599678590843,0.005266572078814182,0.007200445243160422,0.006471253858788541,0.023477366255144183,0.04726713828532936,-0.0015882270159426337,0,2025-06-30,0,6,2
2025-07-01,496.47,498.05,490.98,492.05,19945375,MSFT,-0.010775818741078802,-1.0775818741078802,1.014399771884802,-0.29693040545573157,495.024,488.691,480.0535,450.6774,0.9939922104786839,1.0068734640089545,1.0249899229981658,70.89183310262999,12.43479899761013,12.553056779738135,-0.11825778212800486,480.0535,502.1426955251269,457.9643044748731,0.7715467837285827,0.008076734211557381,0.0084925473362358,0.007257041159917469,0.003958295076615492,0.026944108193847294,0.023290316024794144,1,2025-07-01,1,7,3
2025-07-02,489.99,493.5,488.7,491.09,16319641,MSFT,-0.0019510212376792069,-0.1951021237679207,1.0098219766728054,-0.18178319535230603,494.788,489.996,481.45949999999993,453.3168,0.9925260919828289,1.0022326712871126,1.0200027208934501,68.53301224162145,11.806000210505488,12.403645465891607,-0.5976452553861193,481.45949999999993,502.5263174850233,460.39268251497657,0.7285703573130224,0.007867905706023266,0.008470709277915876,0.007345282223709216,-0.0023970585247933274,0.027298970797422717,0.021157018061862543,1,2025-07-02,2,7,3
2025-07-03,493.81,500.13,493.44,498.84,13984829,MSFT,0.015781221364719267,1.5781221364719267,1.0135578793774318,-0.14306760792103212,495.066,491.85599999999994,483.20799999999997,455.95719999999994,1.0076232259941098,1.0141992778374158,1.032350457773878,69.45256185466582,11.797043893423393,12.282325151397966,-0.4852812579745738,483.20799999999997,503.9299564205374,462.48604357946255,0.8771844627688535,0.009813153492509686,0.009428847907030793,0.00787529633678842,0.002794250678460175,0.03873063468265858,0.008980835538449305,1,2025-07-03,3,7,3
2025-07-07,497.38,498.75,495.225,497.72,13981605,MSFT,-0.0022452088846122153,-0.22452088846122153,1.0071179766772678,-0.00023053553246876746,495.4219999999999,493.88800000000003,484.71000000000004,458.42379999999997,1.0046384698297615,1.0077588441104055,1.026840791401044,73.44458178821594,11.566242859886984,12.139108693095771,-0.5728658332087875,484.71000000000004,505.04408753274635,464.3759124672537,0.8199061668995105,0.00974616457221727,0.009071482855260042,0.007904905394113539,0.0035891438480462057,0.04256388772517816,0.010648557421843563,1,2025-07-07,0,7,3
2025-07-08,497.24,498.2,494.11,496.62,11846586,MSFT,-0.002210077955477008,-0.22100779554770078,1.0082775090566878,-0.15270199665918183,495.264,494.95,486.02200000000005,460.61019999999996,1.0027379337080828,1.0033740781897162,1.0218055972774893,69.22569291685,11.165857516120411,11.944458457700701,-0.7786009415802901,486.02200000000005,505.8426650268143,466.2013349731858,0.7673472354651704,0.009727597358280209,0.00782119962458482,0.00796663873586002,-0.0015882270159426337,0.02185185185185179,0.01852523055857591,1,2025-07-08,1,7,3
2025-07-09,500.3,506.78,499.74,503.51,18659538,MSFT,0.013873786798759502,1.3873786798759502,1.0140873254092126,0.5750983447889544,497.5559999999999,496.2900000000001,487.56000000000006,462.84340000000003,1.011966492213942,1.0145479457575206,1.0327139223890391,74.84878048780482,11.27454868535034,11.81047650323063,-0.5359278178802906,487.56000000000006,507.8134176453187,467.30658235468144,0.893760704472675,0.00931612027803619,0.008464493034663775,0.008336711261446052,0.023290316024794144,0.02734080104466341,0.004190582113562824,1,2025-07-09,2,7,3
2025-07-10,503.05,504.44,497.75,501.48,16498740,MSFT,-0.004031697483664609,-0.4031697483664609,1.013440482169764,-0.11580125938809416,499.634,497.21099999999996,489.088,465.0498,1.0036947045237115,1.0085858921061683,1.0253369536770478,70.79091620986686,11.06928337707933,11.662237878000372,-0.5929545009210422,489.088,508.6550804104595,469.52091958954054,0.816654292312713,0.009722292082483553,0.008696537197136792,0.008343950208465947,0.021157018061862543,0.018709244926564672,0.020379676158570614,1,2025-07-10,3,7,3
2025-07-11,498.47,505.03,497.795,503.32,16459512,MSFT,0.003669139347531214,0.3669139347531214,1.01453409536054,-0.002377636110393877,500.53000000000003,497.79799999999994,490.62299999999993,467.2354,1.005574091463049,1.0110928529242786,1.0258793411641933,75.87859424920131,10.929097926130964,11.515609887626491,-0.5865119614955265,490.62299999999993,509.55704519294096,471.6889548070589,0.8352954920783051,0.0073437476695318435,0.008196222337826842,0.008344120595004402,0.008980835538449305,0.011800180922705739,0.013371215131526615,1,2025-07-11,4,7,3
2025-07-14,501.515,503.97,501.03,503.02,12058848,MSFT,-0.000596042279265685,-0.0596042279265685,1.0058679121010718,-0.2673629692058914,501.59,498.50600000000003,491.8304999999999,469.39059999999995,1.0028509340297853,1.0090550565088483,1.0227507240807556,70.3685974150311,10.670786271671318,11.346645164435458,-0.6758588927641398,491.8304999999999,510.6887373178606,472.9722626821392,0.7966740690393809,0.007150506450004687,0.008091661993900476,0.008035492670976382,0.010648557421843563,0.014275920474250858,0.013995467377042603,1,2025-07-14,0,7,3
2025-07-15,503.02,508.3,502.79,505.82,14927202,MSFT,0.005566379070414795,0.5566379070414795,1.0109588496191253,0.23786301975114044,503.43,499.3469999999999,493.3735,470.999,1.0047474326122798,1.0129629295860396,1.0252273379093122,69.40943909068444,10.570162767218108,11.191348684991988,-0.6211859177738805,493.3735,511.45362956986395,475.293370430136,0.8442038385816075,0.006804875427195814,0.008187125290616382,0.007654448396745278,0.01852523055857591,0.016907581270983574,-0.0010873433237119645,0,2025-07-15,1,7,3
2025-07-16,505.18,506.72,501.89,505.62,15154374,MSFT,-0.00039539757225892647,-0.03953975722589265,1.0096236227061708,0.015218659196813977,503.852,500.704,494.69750000000005,472.4058,1.0035089669188573,1.0098181760081806,1.0220791493791659,67.33316021812519,10.35491457692325,11.024061863378241,-0.6691472864549919,494.69750000000005,512.2597644205939,477.1352355794061,0.8109650253071018,0.003796857874232668,0.007000500387877501,0.007574842516383872,0.004190582113562824,0.027578498120109707,0.0004944424666746272,1,2025-07-16,2,7,3
2025-07-17,505.68,513.37,505.62,511.7,17503129,MSFT,0.012024840789525593,1.2024840789525593,1.015327716466912,0.154988586133614,505.896,502.76500000000004,496.38050000000004,473.9164,1.0114727137593498,1.0177717223752647,1.030862413007763,68.07916772392795,10.553282352881126,10.92990596127882,-0.3766236083976935,496.38050000000004,513.6707180741755,479.09028192582457,0.9430106067569219,0.005181451118843022,0.007345160425020607,0.007750531353284701,0.020379676158570614,0.041967867397014746,-0.0016025014657025105,0,2025-07-17,3,7,3
2025-07-18,514.48,514.64,507.43,510.05,21209666,MSFT,-0.0032245456322063104,-0.32245456322063104,1.0142088563939853,0.21176425083766448,507.242,503.88599999999997,497.871,475.4512,1.0055358191947827,1.0122329257014484,1.0244621598767554,67.83817951959549,10.456809443983389,10.835286657819735,-0.37847721383634614,497.871,514.4266667353672,481.3153332646328,0.8678196775362262,0.006138226397304982,0.006397043078813168,0.007884997169247319,0.013371215131526615,0.022472135354021372,0.00717576708165879,1,2025-07-18,4,7,3
2025-07-21,506.705,512.09,505.55,510.06,14066805,MSFT,1.9605920988041703e-05,0.0019605920988041703,1.0129364058945702,-0.33677385584478325,508.65,505.12,499.504,476.9854,1.0027720436449425,1.0097798542920493,1.021132963900189,66.6054082436335,10.262857057308679,10.720800737717525,-0.4579436804088459,499.504,513.8537961107803,485.15420388921973,0.8678101040080208,0.006061906281892339,0.00625908612626088,0.007637938401875184,0.013995467377042603,0.024793056336896102,0.004783750931262931,1,2025-07-21,0,7,3
2025-07-22,510.97,511.2,505.27,505.27,13868644,MSFT,-0.009391052033094205,-0.9391052033094205,1.011736299404279,-0.014087136346881857,508.53999999999996,505.98499999999996,500.46750000000003,478.32740000000007,0.9935698273488811,0.9985869146318567,1.0095960277140872,67.61727078891258,9.611836161112763,10.499007822396575,-0.8871716612838121,500.46750000000003,513.5295073817931,487.4054926182069,0.6838346840430551,0.007796733759356597,0.007197256123126023,0.007318730942833945,-0.0010873433237119645,0.0174177439490959,0.01444772102044456,1,2025-07-22,1,7,3
2025-07-23,506.75,506.79,500.7,505.87,16396585,MSFT,0.00118748391948853,0.118748391948853,1.012162971839425,0.1822774454373477,508.59000000000003,506.221,501.25550000000004,479.67019999999997,0.9946518806897501,0.9993066269475189,1.0092058840252127,69.886975242196,9.040103707841126,10.207226999485485,-1.1671232916443586,501.25550000000004,513.5665262516305,488.94447374836955,0.6874132954346033,0.007818581681200407,0.005806878613598755,0.007158453614855602,0.0004944424666746272,0.00468709658199451,0.01456896040484712,1,2025-07-23,2,7,3
2025-07-24,508.77,513.67,507.3,510.88,16107000,MSFT,0.009903730207365458,0.9903730207365458,1.0125566725803272,-0.017661299593787372,508.42600000000004,507.16099999999994,502.186,480.9026,1.0048266611070242,1.0073329771019461,1.0173123105781523,67.48983149331792,8.888802170858014,9.943542033759991,-1.054739862901977,502.186,514.4505546618108,489.92144533818913,0.8544360247776174,0.007029065659074641,0.006257708019671369,0.007373847253707464,-0.0016025014657025105,0.01874451623195328,0.04427654243658008,1,2025-07-24,3,7,3
2025-07-25,512.465,518.29,510.3592,513.71,19125699,MSFT,0.00553946132164107,0.553946132164107,1.0155396434511221,0.18741534736449994,509.158,508.2,502.99899999999997,482.194,1.0089402503741471,1.0108421881149154,1.0212942769269922,72.12842513146971,8.894719175548119,9.733777462117617,-0.8390582865694984,502.99899999999997,516.070827319606,489.92717268039394,0.9096978845465229,0.00720819988592938,0.006344590236002854,0.007147252507175631,0.00717576708165879,0.02064293093856806,0.02024488524653978,1,2025-07-25,4,7,3
2025-07-28,514.08,515.0,510.12,512.5,14308027,MSFT,-0.002355414533491751,-0.2355414533491751,1.0095663765388536,-0.2518952117776192,509.646,509.14799999999997,503.82700000000006,483.38519999999994,1.0055999654662255,1.0065835474164684,1.0172142421902755,71.90949227373068,8.701466467820467,9.527315263258188,-0.8258487954377216,503.82700000000006,517.1123145675144,490.5416854324857,0.8264130463725491,0.007401830152836013,0.006450050302176107,0.00712545419293864,0.004783750931262931,0.01884616913840409,0.04515121951219503,1,2025-07-28,0,7,3
2025-07-29,515.53,517.62,511.56,512.57,16469235,MSFT,0.00013658536585370307,0.013658536585370307,1.0118461177574478,0.15104863864179174,511.10600000000005,509.82300000000004,504.58500000000004,484.574,1.0028643764698517,1.0053881445128996,1.0158248857972394,65.39768864717885,8.456479685779414,9.313148147762433,-0.8566684619830198,504.58500000000004,518.0573412570824,491.11265874291763,0.7963478970591822,0.004852988572916326,0.006333436177229547,0.0071264285805152944,0.01444772102044456,0.01334466806373813,0.0296154671557054,1,2025-07-29,1,7,3
2025-07-30,515.17,515.95,509.435,513.24,26380434,MSFT,0.0013071385371752342,0.13071385371752342,1.0127886776526938,0.6018008122417344,512.58,510.58500000000004,505.64450000000005,485.75340000000006,1.0012876038862226,1.0051999177414142,1.0150214231540142,70.95509622238055,8.221615629356677,9.094841644081281,-0.8732260147246045,505.64450000000005,518.2725881163224,493.01641188367773,0.8007383196108073,0.004842825735649735,0.006304283484783238,0.006514517255591604,0.01456896040484712,0.01507060638424118,0.02279635258358681,1,2025-07-30,2,7,3
2025-07-31,555.225,555.45,531.9,533.5,51617326,MSFT,0.039474709687475684,3.9474709687475684,1.0442752397067119,0.9566518882896315,517.104,512.765,507.76500000000004,487.24600000000004,1.03170735480677,1.0404376273731633,1.0506828946461453,82.46557659208257,9.560094039517026,9.187892123168432,0.3722019163485939,507.76500000000004,523.8675718769565,491.6624281230436,1.2990959517723983,0.017372448200215284,0.013386730910484026,0.01050932138474524,0.04427654243658008,0.04260308774672672,-0.02373008434864099,0,2025-07-31,3,7,3
2025-08-01,535.0,535.8,520.86,524.11,28977628,MSFT,-0.017600749765698143,-1.7600749765698143,1.0286833314134316,-0.4386065640052722,519.184,514.171,509.0285,488.56479999999993,1.0094879657308393,1.0193301450295718,1.0296280070762247,68.9760662227821,9.750752690901834,9.300464236715111,0.4502884541867225,509.0285,526.1178358868199,491.93916411318014,0.9412547128771575,0.02113901011636431,0.014959355703526534,0.011201542987329817,0.02024488524653978,0.027565924909322526,-0.0039495525748413085,0,2025-08-01,4,8,3
2025-08-04,528.27,538.25,528.13,535.64,25349004,MSFT,0.021999198641506457,2.1999198641506457,1.0191619487626153,-0.12522156747957425,523.812,516.729,510.92449999999997,490.2262,1.0225806205279757,1.0365975201701472,1.0483740748388461,73.18818040435458,10.708781518158787,9.582127693003846,1.126653825154941,510.92449999999997,530.9013766063989,490.947623393601,1.1186027096969506,0.022039777321459498,0.01607494809143892,0.01194449123122456,0.04515121951219503,0.05015096263184726,-0.025894257337017446,0,2025-08-04,0,8,3
2025-08-05,537.18,537.3,527.24,527.75,19171569,MSFT,-0.01473004256590249,-1.473004256590249,1.019080494651392,-0.24369537359337667,526.848,518.9770000000001,512.481,491.684,1.0017120687560739,1.016904410022024,1.0297942752999623,65.3701903042089,10.707934798566328,9.807289114116344,0.9006456844499837,512.481,532.6154636722298,492.3465363277702,0.8791757319331922,0.02441947482542612,0.016683897923464135,0.012583969879139543,0.0296154671557054,0.0444910641835059,0.002823306489815325,1,2025-08-05,1,8,3
2025-08-06,530.9,531.7,524.03,524.94,21355702,MSFT,-0.005324490762671608,-0.5324490762671608,1.014636566608782,0.11392562601422962,529.188,520.884,513.5525,493.1792,0.9919726070885962,1.0077867625037438,1.0221739744232576,59.63329452852159,10.361084123118474,9.91804811591677,0.44303600720170344,513.5525,533.9559030959215,493.1490969040785,0.7790588399999889,0.02491918343542999,0.016951891813866995,0.012451933967588208,0.02279635258358681,0.03769743214659904,-0.008305711128890891,0,2025-08-06,2,8,3
2025-08-07,526.8,528.09,517.5511,520.84,16079144,MSFT,-0.007810416428544298,-0.7810416428544298,1.0203630134299781,-0.24707958558327892,526.6560000000001,521.8800000000001,514.5205,494.3822,0.9889567383643213,0.9980072047213917,1.012282309451227,57.58044119713364,9.644194458615289,9.863277384456474,-0.21908292584118527,514.5205,534.3409652077734,494.7000347922266,0.6594185588923921,0.015731677923246364,0.017171382232108734,0.012578830766547734,-0.02373008434864099,0.019495772001252742,0.0031487596958759134,1,2025-08-07,3,8,3
2025-08-08,522.6,524.66,519.41,522.04,15531009,MSFT,0.002303970509177411,0.2303970509177411,1.0101076221097014,-0.034089812243736306,526.242,522.713,515.4565,495.67580000000004,0.9920150805142881,0.9987124865844162,1.0127721737915807,58.27805417357654,9.068349912823635,9.704291890129907,-0.6359419773062722,515.4565,534.812506846779,496.100493153221,0.6700634860308367,0.014080684690563656,0.01712904168869685,0.012572827801604241,-0.0039495525748413085,0.01621537443304577,-0.003582100988430037,0,2025-08-08,4,8,3
2025-08-11,522.3,527.59,519.72,521.77,20194372,MSFT,-0.0005172017469925461,-0.051720174699254606,1.0151427691834065,0.3002614318232639,523.4680000000001,523.64,516.394,496.93760000000003,0.9967562487105227,0.9964288442441371,1.0104106554297687,62.16096698113209,8.492308175661265,9.461895147236179,-0.9695869715749144,516.394,535.016153643328,497.771846356672,0.6443442069850523,0.006631146839267314,0.01709002659056939,0.012572015771283881,-0.025894257337017446,0.01808780487804884,-0.008950303773693324,0,2025-08-11,0,8,3
2025-08-12,523.75,530.98,522.7,529.24,18688921,MSFT,0.014316652931368301,1.43166529313683,1.015840826477903,-0.07454804734705289,523.766,525.307,517.565,498.31519999999995,1.0104512320387349,1.0074870504295583,1.0225575531575744,65.6404765091688,8.540112419472393,9.277538601683421,-0.7374261822110277,517.565,536.3323417347636,498.79765826523646,0.81104564953847,0.008633260101352824,0.017508411713068314,0.012855183325849789,0.002823306489815325,0.03252238718614042,-0.03678860252437466,0,2025-08-12,1,8,3
2025-08-13,532.11,532.7,519.37,520.58,19619160,MSFT,-0.01636308669034836,-1.636308669034836,1.0256657103798834,0.04977489069593699,522.894,526.0409999999999,518.313,499.48740000000004,0.9955746288922803,0.9896186799127826,1.0043738050174316,56.189382337927555,7.789416457564016,8.97991417285954,-1.1904977152955247,518.313,536.2499035642613,500.37609643573865,0.5631937388713226,0.011470290938902965,0.018594569310215928,0.013513221645216815,-0.008305711128890891,0.014301301535344146,-0.0285450843290177,0,2025-08-13,2,8,3
2025-08-14,522.56,525.9499,520.14,522.48,20269074,MSFT,0.003649775250681886,0.3649775250681886,1.0111698773407158,0.03312649471231177,523.222,524.9390000000001,518.852,500.67760000000004,0.9985818639124502,0.9953156461988916,1.0069923600564323,55.66317964613199,7.264063023504036,8.63674394298844,-1.372680919484404,518.852,536.5990597713042,501.1049402286958,0.602214114528038,0.01106023535939848,0.01312921146024686,0.013299443837684036,0.0031487596958759134,-0.020656044985941868,-0.03491042719338544,0,2025-08-14,3,8,3
2025-08-15,522.77,526.1,519.08,520.17,25213272,MSFT,-0.004421221864951863,-0.4421221864951863,1.0135239269476766,0.24392816366450676,522.848,524.5450000000001,519.358,501.8036,0.9948780525123937,0.9916594381797555,1.0015634687441033,54.88348401884628,6.585406480881488,8.22647645056705,-1.641069969685562,519.358,536.618800249788,502.09719975021187,0.5235215050359552,0.011220830656084157,0.012003221915111556,0.013322718822971542,-0.003582100988430037,-0.007517505867089103,-0.024876482688351742,0,2025-08-15,4,8,3
2025-08-18,521.585,522.82,514.02,517.1,23760583,MSFT,-0.005901916681084862,-0.5901916681084862,1.0171199564219293,-0.05761604443881774,521.914,522.691,519.71,502.79200000000003,0.9907762581574743,0.9893034316642146,0.9949779684824228,52.778118483993616,5.733747862235532,7.727930732900747,-1.994182870665215,519.71,536.4517536652945,502.96824633470555,0.42205117659177716,0.011458739761961637,0.009013758931323107,0.01341269694190452,-0.008950303773693324,-0.034612799641550174,-0.02483078708180242,0,2025-08-18,0,8,3
2025-08-19,515.0,515.1641,508.55,509.77,21481016,MSFT,-0.014175207890156694,-1.4175207890156694,1.0130058008062137,-0.09593901799463422,518.02,520.893,519.9350000000001,503.57980000000003,0.9840739739778387,0.9786462862814435,0.9804494792618307,48.0326567638054,4.416422758028716,7.065629137926341,-2.649206379897625,519.9350000000001,535.9654808346288,503.90451916537125,0.18294775107301253,0.008053668590479351,0.008938205488585992,0.013644119011501633,-0.03678860252437466,-0.03406916153481765,-0.01516370127704647,0,2025-08-19,1,8,3
2025-08-20,509.865,511.0,504.44,505.72,27723025,MSFT,-0.007944759401298573,-0.7944759401298573,1.013004519863611,0.29058257765833795,515.048,518.971,519.9275,504.2392,0.9818890666500987,0.974466781380848,0.9726740747508066,30.70297304806887,3.0109239127609726,6.254688092893268,-3.2437641801322954,519.9275,535.9858041314727,503.86919586852724,0.05762763353838174,0.006440986455650705,0.009037949795542122,0.013773189763945873,-0.0285450843290177,-0.036613708233321995,0.0020169263624139067,1,2025-08-20,2,8,3
2025-08-21,503.69,507.63,502.7201,504.24,18443254,MSFT,-0.0029265206042869973,-0.29265206042869973,1.0097666673761403,-0.3347315453490375,511.4,517.311,519.5955,504.90560000000005,0.9859992178333986,0.97473280096499,0.9704472036420638,34.49352270953639,1.7573744025055476,5.355225354815724,-3.5978509523101767,519.5955,536.6829795345022,502.5080204654978,0.05067978372717537,0.004381722603166423,0.008921540198227381,0.013588833931496538,-0.03491042719338544,-0.03187159204362189,0.010709186101856227,1,2025-08-21,3,8,3
2025-08-22,504.25,510.73,502.41,507.23,24324161,MSFT,0.005929716008250097,0.5929716008250097,1.0165601799327242,0.3188649356561484,508.812,515.8299999999999,519.2715000000001,505.5978,0.9968907966007091,0.983327840567629,0.9768107820282838,24.419232847109626,0.9937401776330717,4.4829283193791944,-3.489188141746123,519.2715000000001,537.0602087487343,501.4827912512658,0.161540919858592,0.007372710499397019,0.009238046220461047,0.013598341069181894,-0.024876482688351742,-0.02836947360355513,-0.001064605800130125,0,2025-08-22,4,8,3
2025-08-25,506.63,508.19,504.12,504.26,21638579,MSFT,-0.005855331900715743,-0.5855331900715743,1.008073474569547,-0.11040800132839113,506.244,514.079,518.8595,506.1056,0.9960809412062167,0.9808998227898825,0.971862324964658,26.79312388855952,0.14720350370009783,3.615783356243375,-3.4685798525432774,518.8595,537.6613940535236,500.0576059464764,0.11175454030217921,0.007371321007886437,0.009243436763166139,0.013645268355955744,-0.02483078708180242,-0.03355884776817375,0.001705469400705928,1,2025-08-25,0,8,3
2025-08-26,504.355,504.9778,498.51,502.04,30835709,MSFT,-0.004402490778566581,-0.4402490778566581,1.012974263304648,0.42503391743053,504.69800000000004,511.35900000000004,518.333,506.6472,0.9947334841826201,0.9817760125469581,0.9685665392710865,27.10915633746494,-0.6948090300503509,2.75366487898463,-3.448473909034981,518.333,538.422127826813,498.24387217318696,0.09448214625192328,0.0053457418190596155,0.0068492346837695246,0.013667953901560035,-0.01516370127704647,-0.05139445242234142,0.0065931001513823695,1,2025-08-26,1,8,3
2025-08-27,502.0,507.29,499.9,506.74,17277893,MSFT,0.009361803840331362,0.9361803840331362,1.0147829565913185,-0.43967907467280876,504.90199999999993,509.975,518.008,507.1992000000001,1.0036403103968692,0.9936565517917545,0.9782474401939738,36.07269853812717,-0.9716586330736163,2.008600176572981,-2.9802588096465974,518.008,538.6468418687712,497.3691581312289,0.2270195665133281,0.006785061238454934,0.00703623624413742,0.013855333067551148,0.0020169263624139067,-0.026585731299704207,0.0024272802620672884,1,2025-08-27,2,8,3
2025-08-28,507.09,511.09,505.5,509.64,18015593,MSFT,0.005722855902435153,0.5722855902435153,1.0110583580613253,0.042696178289794995,505.9820000000001,508.691,516.8149999999999,507.8312,1.007229506187967,1.0018655726167753,0.9861168890221841,38.14984709480123,-0.9461515285127007,1.4176498355558447,-2.3638013640685456,516.8149999999999,536.4156170686948,497.21438293130507,0.3169700480639585,0.006820596247566539,0.007269743601049157,0.010331498502538628,0.010709186101856227,-0.024575103353238426,-0.028726159642100235,0,2025-08-28,3,8,3
2025-08-29,508.66,509.6,504.4915,506.69,20961569,MSFT,-0.005788399654658161,-0.5788399654658161,1.010126037802421,0.16352367640632193,505.87399999999997,507.343,515.944,508.36019999999996,1.0016130498898936,0.9987129023165787,0.9820639449242554,36.29090909090909,-1.1507126115089932,0.9039773461428772,-2.0546899576518705,515.944,535.7270372847663,496.1609627152336,0.26611275946171636,0.007200380850803699,0.007323356160239199,0.009726763733562845,-0.001064605800130125,-0.025914604840725053,-0.016755807298348135,0,2025-08-29,4,8,3
2025-09-02,500.465,506.0,496.81,505.12,18127995,MSFT,-0.00309854151453548,-0.309854151453548,1.0184980173506974,-0.13517948012383996,506.046,506.1450000000001,514.418,508.91460000000006,0.998170126826415,0.9979748886188738,0.9819252047945445,25.437881873727022,-1.423109897485972,0.4385598974171074,-1.8616697949030794,514.418,532.4335121463329,496.4024878536672,0.2419446107200263,0.006749784022329885,0.007235965995606812,0.007977652953568845,0.001705469400705928,-0.023167665828659922,-0.013283972125435528,0,2025-09-02,1,9,3
2025-09-03,503.79,507.79,502.32,505.35,15995154,MSFT,0.0004553373455813414,0.04553373455813414,1.0108894728459947,-0.11765454480763038,506.70799999999997,505.703,513.298,509.3016,0.9973199554773164,0.9993019618234419,0.984515817322491,31.27612490779441,-1.601961219576367,0.030455674018412482,-1.6324168935947796,513.298,530.5944987025799,496.0015012974201,0.2702425173825942,0.006222051156769578,0.005934048922336536,0.007500724156797966,0.0065931001513823695,-0.00867057692684925,-0.009854556248144908,0,2025-09-03,2,9,3
2025-09-04,504.3,508.15,503.15,507.97,15509486,MSFT,0.005184525576333199,0.5184525576333199,1.0099373944151844,-0.03036344632880683,506.954,505.928,512.4495,509.65880000000004,1.0020041266071478,1.004036147435999,0.9912586508524256,32.471611500362414,-1.5148280819597062,-0.2786010771772113,-1.2362270047824948,512.4495,528.9897507140653,495.9092492859346,0.3645879050614788,0.005042775830575983,0.005635997033203053,0.00763279301600486,0.0024272802620672884,0.004449102270030814,-0.013701596550977468,0,2025-09-04,3,9,3
2025-09-05,509.07,511.97,492.37,495.0,31994846,MSFT,-0.025533003917554198,-2.55330039175542,1.0398074618681075,1.0629211051868515,504.026,505.004,511.1575000000001,509.71340000000004,0.9820921936566764,0.980190255918765,0.9683903689176036,25.821325648414998,-2.4639422552577344,-0.7156693127933159,-1.7482729424644186,511.1575000000001,528.9291733507046,493.38582664929567,0.04541421955182263,0.011794795788823654,0.009993695324066524,0.009247898510754794,-0.028726159642100235,-0.01832460732984298,0.030101010101009962,1,2025-09-05,4,9,3
2025-09-08,498.105,501.195,495.03,498.2,16771015,MSFT,0.006464646464646506,0.6464646464646506,1.0124537906793527,-0.4758213557271068,502.328,504.101,509.96549999999996,509.72839999999997,0.9917822617891099,0.9882940125093979,0.9769288314601674,31.889612878497474,-2.924200456499534,-1.1573755415345597,-1.7668249149649744,509.96549999999996,527.8614242345974,492.0695757654025,0.1712799002229182,0.012997932104222381,0.010041000890328514,0.009407084032356919,-0.016755807298348135,-0.017802574768842616,0.0344439983942193,1,2025-09-08,0,9,3
2025-09-09,501.43,502.25,497.7,498.41,14410542,MSFT,0.00042151746286633873,0.04215174628663387,1.0091420534458508,-0.1407471760057456,500.98600000000005,503.51599999999996,508.79749999999996,509.7778,0.9948581397484161,0.9898593093367442,0.9795842157243305,37.39458499778079,-3.2347252528400645,-1.572845483795661,-1.6618797690444036,508.79749999999996,526.4976538797929,491.0973461202071,0.20657034762113902,0.01310681089165082,0.009951565098970331,0.009418740559321803,-0.013283972125435528,-0.011601158132709233,0.021327822475472047,1,2025-09-09,1,9,3
2025-09-10,502.98,503.2299,496.72,500.37,21611816,MSFT,0.0039325053670671295,0.39325053670671295,1.0131057738766307,0.4997226336108662,499.98999999999995,503.349,507.354,509.83700000000005,1.0007600152003042,0.9940816411674603,0.9862344635106849,43.77472655340933,-3.284797668743977,-1.9152359207853242,-1.3695617479586526,507.354,522.5689959268005,492.13900407319943,0.2704895869312075,0.01339854536655737,0.009995155860041674,0.008717854362796516,-0.009854556248144908,-0.0033264281730539524,0.019285728560864968,1,2025-09-10,2,9,3
2025-09-11,502.25,503.17,497.88,501.01,18881608,MSFT,0.0012790535004096881,0.1279053500409688,1.0106250502129028,-0.12632941165147804,498.59799999999996,502.776,506.3755,510.0162,1.0048375645309449,0.99648750139227,0.989404108216136,46.166627106574865,-3.235540471304148,-2.179296830889089,-1.056243640415059,506.3755,520.4861640897074,492.2648359102926,0.3098778354480952,0.012989446105287378,0.009439499586202372,0.008143067226252328,-0.013701596550977468,-0.011307573903777124,0.014850002993952227,1,2025-09-11,3,9,3
2025-09-12,506.65,512.55,503.85,509.9,23624884,MSFT,0.01774415680325747,1.7744156803257471,1.0172670437630247,0.2512114434321484,501.578,502.802,505.7465,510.39240000000007,1.0165916367942773,1.0141168889543,1.0082126124451676,52.77951280449715,-2.450902604691123,-2.233617985649496,-0.2172846190416271,505.7465,517.8071437377258,493.68585626227417,0.6721923012702791,0.006996739459752387,0.011034993445932896,0.0091896458351368,0.030101010101009962,0.0005101640373597061,0.015748185918807556,1,2025-09-12,4,9,3
2025-09-15,508.79,515.47,507.0,515.36,17143786,MSFT,0.010707981957246648,1.0707981957246648,1.0167061143984222,-0.2743335374683744,505.01000000000005,503.669,505.50600000000003,510.72280000000006,1.0204946436704223,1.0232116727453944,1.0194933393471095,60.98574821852734,-1.3726717678325144,-2.0614287420861,0.6887569742535855,505.50600000000003,516.5003150860093,494.5116849139908,0.948140694664081,0.0073217800770691835,0.011286072077471438,0.009525153571698624,0.0344439983942193,0.017111054096192957,-0.0017657559764048258,0,2025-09-15,0,9,3
2025-09-16,516.88,517.23,508.6,509.04,19711922,MSFT,-0.012263272275690795,-1.2263272275690795,1.016968147856862,0.1497998166799328,507.1360000000001,504.061,505.10299999999995,510.94919999999996,1.0037544169611305,1.009877772729888,1.0077944498448832,56.407909190772614,-1.016420579207363,-1.8524271095103526,0.8360065303029895,505.10299999999995,514.8252070268848,495.38079297311515,0.7024746021717646,0.011240649007399106,0.012069012946661772,0.009819467145247463,0.021327822475472047,0.0077605321507761005,0.0003732516108754247,1,2025-09-16,1,9,3
2025-09-17,510.62,511.29,505.93,510.02,15816585,MSFT,0.0019251925192518282,0.19251925192518282,1.0105943509971735,-0.19761325151347497,509.066,504.5280000000001,505.1155,511.2172,1.001874020264563,1.0108854216217928,1.009709660463795,53.222003929273065,-0.6475466214046719,-1.6114510118892167,0.9639043904845448,505.1155,514.8635804588135,495.36741954118645,0.7515623471062793,0.011291895398181456,0.01207276649505852,0.009306555071586732,0.019285728560864968,0.00924112001583044,0.00025489196502093137,1,2025-09-17,2,9,3
2025-09-18,511.49,513.07,507.66,508.45,18913696,MSFT,-0.003078310654484162,-0.3078310654484162,1.0106567387621637,0.19581414066310776,510.554,504.576,505.25200000000007,511.316,0.9958789863559976,1.007677733384069,1.0063295147767846,48.7996772241275,-0.47640552487661125,-1.3844419144866955,0.9080363896100843,505.25200000000007,515.1115390091834,495.3924609908167,0.6621779678046447,0.011703326900910964,0.012036214957864924,0.009148365281251783,0.014850002993952227,0.0009449376931707221,-0.002792801652079846,0,2025-09-18,3,9,3
2025-09-19,510.56,519.3,510.31,517.93,52474093,MSFT,0.018644901170223216,1.8644901170223216,1.017616742764202,1.7743965536931543,512.16,506.86899999999997,505.93649999999997,511.645,1.0112660106216806,1.0218222065267357,1.0237055440751952,60.01782531194292,0.4193478188406061,-1.0236839678212353,1.4430317866618414,505.93649999999997,517.2881672088719,494.5848327911281,1.0282704196360892,0.011990298858375294,0.009370298806786742,0.009980565706969969,0.015748185918807556,0.04632323232323232,-0.012492035603266838,0,2025-09-19,4,9,3
2025-09-22,515.59,517.74,512.545,514.45,20009314,MSFT,-0.006719054698511195,-0.6719054698511195,1.010135695402355,-0.6186820418220473,511.97799999999995,508.494,506.2975,511.86760000000004,1.004828332467411,1.0117130192293322,1.016102192880668,58.0417169453543,0.8387631414811949,-0.6511945459607493,1.4899576874419442,506.2975,518.2648835244374,494.33011647556253,0.8406133004492009,0.011788807202930398,0.009982769700927463,0.01007788930404358,-0.0017657559764048258,0.03261742272179857,0.00029157352512387824,1,2025-09-22,0,9,3
2025-09-23,513.8,514.5899,507.31,509.23,19799580,MSFT,-0.010146758674312473,-1.0146758674312473,1.0143500029567718,-0.010481818617069982,512.016,509.576,506.546,511.9918,0.9945587637886317,0.9993210041289229,1.0052986303316975,53.079365079365076,0.7413960792597436,-0.37267642091665076,1.1140725001763943,506.546,518.5416121802463,494.5503878197537,0.6118742403334735,0.01127872712678404,0.010839256348795193,0.01026990197977502,0.0003732516108754247,0.021709034730442722,0.01712389293639416,1,2025-09-23,1,9,3
2025-09-24,510.38,512.48,506.92,510.15,13533711,MSFT,0.0018066492547570423,0.18066492547570423,1.0109682001104712,-0.3164647431915223,512.042,510.5539999999999,506.95149999999995,512.0784,0.9963049906062392,0.9992087027033381,1.0063092820516362,51.77814029363781,0.7300526991231209,-0.15213059690869643,0.8821832960318173,506.95149999999995,518.8536984258516,495.0493015741483,0.6343659333158523,0.011274121129705935,0.01082239319238627,0.01020625779995668,0.00025489196502093137,0.019545536303135602,0.018739586396158137,1,2025-09-24,2,9,3
2025-09-25,508.3,510.01,505.04,507.03,15786468,MSFT,-0.006115848279917735,-0.6115848279917735,1.0098408046887375,0.16645523168035736,511.758,511.15600000000006,506.966,512.1066000000001,0.9907612582509702,0.9919281002277189,1.0001262412074972,61.69096209912538,0.46395685771562967,-0.028913105983831205,0.4928699636994609,506.966,518.8678201173261,495.0641798826739,0.5026886643962463,0.011566352454765415,0.011124794234795557,0.010113350826828382,-0.002792801652079846,0.012015728228977451,0.017178470701930904,1,2025-09-25,3,9,3
2025-09-26,510.06,513.94,506.62,511.46,16213129,MSFT,0.008737155592371204,0.8737155592371204,1.014448699222297,0.027027008194613344,510.46399999999994,511.312,507.0570000000001,512.1018,1.001951165997994,1.0002894514503864,1.008683441901009,62.58542141230072,0.6035802656417104,0.09758556834127713,0.5059946973004332,507.0570000000001,519.0721958172243,495.04180418277593,0.6832263105395268,0.007651271476214347,0.009942877175502268,0.010223769752262864,-0.012492035603266838,0.003059423416356122,0.01151605208618478,1,2025-09-26,4,9,3
2025-09-29,511.5,516.845,508.88,514.6,17617775,MSFT,0.006139287529816739,0.6139287529816739,1.0156520201226222,0.08663633034684426,510.494,511.236,507.4525,512.1928,1.008043189537977,1.006580131289659,1.014085062148674,64.55673440028775,0.9565777474568335,0.26938400416438846,0.6871937432924451,507.4525,519.9287272890624,494.97627271093756,0.7864447654887652,0.008025236303816036,0.00950956696830451,0.010202208593436743,0.00029157352512387824,-0.0014746972989754248,0.02714729887291112,1,2025-09-29,0,9,3
2025-09-30,513.24,518.16,509.66,517.95,19728229,MSFT,0.00650991061018269,0.650991061018269,1.0166777851901267,0.11979117680864926,512.238,512.1270000000001,508.09399999999994,512.3506,1.0111510664964334,1.0113702265258422,1.0193979854121484,65.42105263157902,1.489478022412186,0.513402807813948,0.976075214598238,508.09399999999994,521.3596555375914,494.82834446240844,0.8714855994892509,0.005889597068253651,0.008658023291503576,0.010233935989346368,0.01712389293639416,0.017503536067892567,0.01164205039096422,1,2025-09-30,1,9,3
2025-10-01,514.8,520.505,511.69,519.71,22632336,MSFT,0.0033980113910609955,0.33980113910609955,1.0172272274228538,0.14720566149145986,514.15,513.0959999999999,508.81200000000007,512.6394,1.0108139647962657,1.0128903752903944,1.021418520003459,66.08740536820378,2.0304172347285885,0.8168056931968761,1.2136115415317124,508.81200000000007,522.9763371294148,494.64766287058535,0.8846985531489634,0.005823552454066982,0.00867346401610751,0.010242230130645595,0.018739586396158137,0.018999254931179266,0.009890131034615335,1,2025-10-01,2,10,4
2025-10-02,517.64,521.6,510.6791,515.74,21222886,MSFT,-0.007638875526736144,-0.7638875526736144,1.0213850537451015,-0.06227594005320525,515.892,513.825,509.20050000000003,512.8368,0.9997053646887332,1.0037269498370067,1.0128426818119778,55.48872180451132,2.1143961932701814,1.0763237932115373,1.038072400058644,509.20050000000003,523.690094778393,494.7109052216071,0.725661935341067,0.0064713409235703945,0.00907590201582724,0.010396486265781397,0.017178470701930904,0.01433769298849441,0.012913483538216974,1,2025-10-02,3,10,4
2025-10-03,517.1,520.49,515.0,517.35,15112321,MSFT,0.003121728002482005,0.3121728002482005,1.0106601941747573,-0.28792337667930745,517.07,513.767,510.3179999999999,512.9662,1.0005415127545594,1.0069739784766245,1.0137796432812483,52.016210739615005,2.2845290389278716,1.317964842354804,0.9665641965730676,510.3179999999999,523.5927383362032,497.04326166379667,0.7648639778014388,0.0057689992199341554,0.006869735091360264,0.008347523268274693,0.01151605208618478,-0.0011198424497517179,-0.012351406204697102,0,2025-10-03,4,10,4
2025-10-06,518.61,531.03,518.2,528.57,21388581,MSFT,0.021687445636416447,2.1687445636416447,1.0247587803936702,0.41530748321187727,519.8639999999999,515.179,511.83650000000006,513.2634,1.0167466875952174,1.025992907319592,1.0326930572555884,68.00000000000004,3.2868322195550945,1.7117383177948622,1.5750939017602323,511.83650000000006,526.1797467512886,497.4932532487115,1.0833232980704575,0.01055606839608509,0.009276035268628621,0.009382523322750235,0.02714729887291112,0.027446787831664876,-0.027470344514444855,0,2025-10-06,0,10,4
2025-10-07,528.285,529.8,521.44,523.98,14615208,MSFT,-0.008683807253533127,-0.8683807253533127,1.0160325253145135,-0.3166817377927035,521.07,516.654,513.115,513.493,1.0055846623294376,1.0141797024701251,1.0211745904914102,62.063601797442125,3.668501865692633,2.1030910273744166,1.5654108383182166,513.115,526.9692328701731,499.260767129827,0.8921184269751733,0.012218322453928423,0.009059037187083585,0.009728973520467624,0.01164205039096422,0.028965300551813566,-0.019867170502690934,0,2025-10-07,1,10,4
2025-10-08,523.28,526.95,523.09,524.85,13363447,MSFT,0.0016603687163632141,0.16603687163632141,1.0073792272840238,-0.08564784024969063,522.0980000000001,518.124,514.339,513.7386,1.005271041068918,1.0129814484563542,1.0204359381652957,64.34569629111269,3.995126211063166,2.4814980641121664,1.5136281469509996,514.339,527.771290865473,500.9067091345271,0.891258650712291,0.012206724418438782,0.00906110982356361,0.009725238103443582,0.009890131034615335,0.02881505439576615,-0.02175859769457955,0,2025-10-08,2,10,4
2025-10-09,522.335,524.325,517.4,522.4,18343602,MSFT,-0.004668000381061299,-0.4668000381061299,1.0133842288364903,0.3726699406223559,523.43,519.661,515.4085,513.9218,0.998032210610779,1.0052707438118313,1.0135649683697494,54.45840813883903,4.010058376683219,2.787210126626377,1.2228482500568418,515.4085,527.7327717730816,503.08422822691847,0.7836475910597267,0.011679373392460122,0.008911704823136713,0.009852550729691325,0.012913483538216974,0.03031378813876895,-0.020654670750382742,0,2025-10-09,3,10,4
2025-10-10,519.64,523.58,509.63,510.96,24133840,MSFT,-0.02189892802450233,-2.189892802450233,1.0273727998744189,0.3156543627581976,522.1519999999999,519.611,515.4615,513.471,0.9785656283993933,0.9833510068108643,0.99126704904246,46.996040626613826,3.063466103289443,2.8424613219589903,0.22100478133045254,515.4615,527.6948096180248,503.22819038197514,0.3160146297054649,0.015980675830345528,0.011592928297851201,0.010513301252209282,-0.012351406204697102,-0.00097759355570326,0.005127602943479026,1,2025-10-10,4,10,4
2025-10-13,516.41,516.41,511.68,514.05,14284238,MSFT,0.006047440112728841,0.6047440112728841,1.0092440587867417,-0.40812411120650505,519.2479999999999,519.556,515.396,513.2698,0.9899893692416726,0.9894024898182292,0.9973884158976787,54.30664760543238,2.533418412131482,2.780652739993489,-0.24723432786200705,515.396,527.6456150745081,503.1463849254918,0.44505949812247264,0.010774594854507975,0.011587526178265185,0.010316930296846799,-0.027470344514444855,-0.001068791294209226,0.005330220795642493,1,2025-10-13,0,10,4
2025-10-14,510.225,515.282,506.0,513.57,14684300,MSFT,-0.0009337613072656348,-0.09337613072656348,1.0183438735177865,0.02800723426758922,517.166,519.118,515.6225000000001,512.8284,0.9930467200086626,0.989312641827099,0.9960193746393922,53.07997118155625,2.0509774186358527,2.634717675721962,-0.5837402570861094,515.6225000000001,527.5403024731663,503.70469752683385,0.4138893262989807,0.010761063095886802,0.011356335433901134,0.009915821887893635,-0.019867170502690934,-0.008456414711844773,0.007963860817415291,1,2025-10-14,1,10,4
2025-10-15,514.955,517.19,510.0,513.43,14694654,MSFT,-0.00027260159277231466,-0.027260159277231466,1.0140980392156864,0.0007051068147614359,514.882,518.49,515.793,512.5419999999999,0.9971799363737711,0.9902408918204786,0.9954187047904876,56.09059763989337,1.6384555300721786,2.4354652465920053,-0.7970097165198267,515.793,527.4684282689369,504.1175717310631,0.3988045686389534,0.01054121088743276,0.01126485173337038,0.009911253743070428,-0.02175859769457955,-0.012083662042292942,0.013848041602555483,1,2025-10-15,2,10,4
2025-10-16,512.58,516.85,508.13,511.61,15559565,MSFT,-0.0035447870206258836,-0.35447870206258836,1.017160962745754,0.0588588884093495,512.724,518.077,515.9509999999999,512.2754,0.9978272910961843,0.9875172995519971,0.991586410337416,50.150210294412204,1.1513975771509877,2.178651712703802,-1.0272541355528144,515.9509999999999,527.2886668907781,504.6133331092216,0.30855849612539255,0.010544578941776048,0.01107594984194445,0.009920364707843214,-0.020654670750382742,-0.00800791096288822,0.01749379410097518,1,2025-10-16,3,10,4
2025-10-17,509.04,515.48,507.31,513.58,19867765,MSFT,0.0038505893160807325,0.38505893160807325,1.0161045514576885,0.2768843473451861,513.248,517.7,515.7335,512.1302000000001,1.0006468607768564,0.9920417230056017,0.9958243938002864,48.95406070549633,0.9138291231284938,1.9256871947887406,-1.0118580716602468,515.7335,527.0782122391627,504.3887877608374,0.4050879407691821,0.003860447936859487,0.011106603660547847,0.008993153084225327,0.005127602943479026,-0.007287136368029357,0.01952957669691191,1,2025-10-17,4,10,4
2025-10-20,514.61,518.7,513.43,516.79,14665620,MSFT,0.0062502433895399445,0.6250243389539945,1.0102643008784062,-0.2618384604408196,513.796,516.5219999999999,515.8505,512.0251999999999,1.0058272154707315,1.0005188549568074,1.0018212641065578,48.80707527766343,0.9733543614513565,1.7352206281212639,-0.7618662666699074,515.8505,527.1877408691996,504.5132591308004,0.5414342436064993,0.003926846577044933,0.00839471030538465,0.008979826558530244,0.005330220795642493,-0.02228654672039665,0.028502873507614268,1,2025-10-20,0,10,4
2025-10-21,517.5,518.69,513.04,517.66,15586204,MSFT,0.0016834691073743802,0.16834691073743802,1.0110127865273664,0.06277157051662319,514.6139999999999,515.8900000000001,516.272,511.943,1.005918999483108,1.0034309639651862,1.0026885052840362,47.85250366645709,1.078300296189127,1.6038365617348367,-0.5255362655457096,516.272,527.192014652002,505.3519853479982,0.5635530282802982,0.0037640448393014034,0.008144082151262572,0.008641124365754238,0.007963860817415291,-0.012061529065995003,0.04715450295560819,1,2025-10-21,1,10,4
2025-10-22,521.15,525.23,517.71,520.54,18962694,MSFT,0.005563497276204421,0.5563497276204421,1.0145255065577252,0.21663324822387797,516.036,515.4590000000001,516.7915,511.769,1.0087280732352006,1.0098572340380125,1.0072534087731704,55.145797598627745,1.3779781619102778,1.5586648817699251,-0.18068671985964735,516.7915,527.4711536017124,506.1118463982877,0.6754972651640526,0.00394144761718276,0.008385427555748521,0.008703468101279956,0.013848041602555483,-0.00821187005811197,0.040361931840012355,1,2025-10-22,2,10,4
2025-10-23,522.46,523.95,518.61,520.56,14023532,MSFT,3.842163906697671e-05,0.003842163906697671,1.010296754786834,-0.2604673154563376,517.8259999999999,515.275,517.4680000000001,511.7686,1.0052797657900532,1.0102566590655475,1.0059752487110312,53.562708102108694,1.5986604993054243,1.566664005277025,0.031996494028399214,517.4680000000001,527.217741373085,507.7182586269152,0.6585683087212757,0.0026088547615462773,0.00827507912267827,0.008544321215248129,0.01749379410097518,-0.0035222052067381826,0.009989242354387695,1,2025-10-23,3,10,4
2025-10-24,522.79,525.345,520.71,523.61,15532360,MSFT,0.005859074842477385,0.5859074842477385,1.008901307829694,0.10759258081344991,519.832,516.54,518.0754999999999,511.79119999999995,1.0072677326520876,1.013687226545863,1.0106828058844708,43.27548806941427,1.9966462565317897,1.6526604555279782,0.3439858010038115,518.0754999999999,527.7629296737653,508.3880703262345,0.7856536866011096,0.0028262793871746753,0.0035255214033633755,0.008436961500321964,0.01952957669691191,0.02475731955534677,-0.01107694658238012,0,2025-10-24,4,10,4
2025-10-27,531.78,534.58,529.01,531.52,18734716,MSFT,0.015106663356314831,1.5106663356314831,1.0105291015292717,0.20617317651664013,522.778,518.287,518.9215,512.0182,1.0167222033061833,1.025532185835261,1.0242782386160527,59.3781094527363,2.9167018069907726,1.9054687258205374,1.0112330811702352,518.9215,530.1617571144944,507.68124288550564,1.0604186751099351,0.005845999820711184,0.005279214618788275,0.008936297353409568,0.028502873507614268,0.03398502091236266,-0.027261438892233647,0,2025-10-27,0,10,4
2025-10-28,550.0,553.72,540.77,542.07,29986683,MSFT,0.01984873570138479,1.984873570138479,1.0239473343565657,0.6005944792544493,527.6600000000001,521.137,520.1274999999999,512.5175999999999,1.0273092521699578,1.0401679404839805,1.0421867715127544,67.261427425822,4.445899724792071,2.413554925614844,2.0323447991772268,520.1274999999999,535.386330575318,504.86866942468185,1.2190098838731869,0.00800890158634888,0.00715757874145648,0.009775878719873779,0.04715450295560819,0.05549389567147611,-0.05117420259376093,0,2025-10-28,1,10,4
2025-10-29,544.94,546.27,536.7287,541.55,36023004,MSFT,-0.0009592857011089251,-0.09592857011089251,1.017776765058399,0.2013000570953447,531.862,523.949,521.2195,513.1532,1.0182152513245917,1.0335929642007142,1.0390056396585314,69.96871741397285,5.551842256120153,3.0412123917159057,2.5106298644042475,521.2195,539.2303242016017,503.20867579839836,1.064396714232323,0.009207796001343605,0.007221464881269828,0.009799203089259866,0.040361931840012355,0.054768907153847746,-0.06350290831871463,0,2025-10-29,2,10,4
2025-10-30,530.48,534.97,522.12,525.76,41023088,MSFT,-0.02915704921059914,-2.915704921059914,1.0246112004903087,0.1388025274072091,532.902,525.364,521.7205,513.554,0.9865979110605702,1.0007537631051993,1.0077426514771797,64.1491395793499,5.095451450111,3.4520602033949253,1.6433912467160745,521.7205,539.6467976187427,503.7942023812574,0.612669667934569,0.019265747175210582,0.012980213973924256,0.011884802768992763,0.009989242354387695,0.027657786204335233,-0.054511564211807584,0,2025-10-30,3,10,4
2025-10-31,528.875,529.32,515.1,517.81,34006424,MSFT,-0.01512096774193561,-1.512096774193561,1.0276062900407688,-0.17104182893301445,531.742,525.7869999999999,521.7435,513.8254000000001,0.9737993237321859,0.9848284571508995,0.9924608548070075,53.289013296011184,4.04562444882049,3.5707730524800385,0.4748513963404517,521.7435,539.6473534811262,503.83964651887385,0.39014934678317514,0.02049839927635513,0.014145117058906436,0.012404498005421857,-0.01107694658238012,0.008236302036683574,-0.04053610397636187,0,2025-10-31,4,10,4
2025-11-03,519.805,524.96,514.59,517.03,22374742,MSFT,-0.0015063440258009653,-0.15063440258009653,1.0201519656425504,-0.3420436679846137,528.8439999999999,525.811,521.1665,514.0214,0.9776607090181604,0.9833000831097104,0.9920629971419881,53.01079011486244,3.114784211925439,3.4795752843691186,-0.36479107244367937,521.1665,538.8869030784604,503.4460969215397,0.3832842576524654,0.018243297037146625,0.014032038517613539,0.011318481035989302,-0.027261438892233647,0.00046440527099989026,-0.021333384909966502,0,2025-11-03,0,11,4
2025-11-04,511.76,515.55,507.84,514.33,20958663,MSFT,-0.005222134112140342,-0.5222134112140342,1.0151819470699432,-0.06328917669754586,523.2959999999999,525.478,520.684,514.2228,0.982866293646426,0.9787850300107713,0.9877968211045473,50.74975008330564,2.134612696273507,3.2105827667499964,-1.0759700704764894,520.684,538.6062066310558,502.7617933689441,0.3227338817478646,0.011928418750317915,0.014117065804571722,0.011221521525963613,-0.05117420259376093,-0.00643279372561123,-0.010985165166332966,0,2025-11-04,1,11,4
2025-11-05,513.3,514.83,506.575,507.16,22883851,MSFT,-0.013940466237629567,-1.3940466237629567,1.0162957113951538,0.09185643187258652,516.418,524.14,519.7995,514.3252,0.9820726620683246,0.9676040752470715,0.9756838935012443,46.596297996022656,0.7703801675287423,2.7225422469057454,-1.9521620793770031,519.7995,538.5814750937168,501.0175249062832,0.163520478093161,0.010712515844828479,0.014519414389624053,0.01157318094900189,-0.06350290831871463,-0.025704076535904896,0.007847622052212344,1,2025-11-05,2,11,4
2025-11-06,505.66,505.7,495.81,497.1,27406496,MSFT,-0.019835949207350767,-1.9835949207350767,1.0199471571771443,0.19763478620796815,510.686,521.7940000000001,518.5345,514.1324,0.9733965685372226,0.9526748103657764,0.9586633097701311,38.78301116253743,-1.109749365448124,1.9560839244349715,-3.065833289883096,518.5345,539.8201388205744,497.24886117942566,-0.003496751511205536,0.007535542659864385,0.015462143632279919,0.012258155246578776,-0.054511564211807584,-0.045066851083448434,0.012452222892778142,1,2025-11-06,3,11,4
2025-11-07,496.945,499.377,493.25,496.82,24019764,MSFT,-0.0005632669483002228,-0.056326694830022284,1.0124216928535226,-0.12357406068984522,506.488,519.115,517.8275000000001,513.876,0.9809116899117057,0.957051905647111,0.9594314709048861,35.84290372890973,-2.5924747902539593,1.0463721814971851,-3.6388469717511445,517.8275000000001,541.0258301350027,494.62916986499744,0.0472195654224469,0.00837167463324606,0.015113851622636844,0.011368695325046647,-0.04053610397636187,-0.05116403430033811,0.02689102693128298,1,2025-11-07,4,11,4
2025-11-10,500.035,506.85,498.8,506.0,26101480,MSFT,0.018477517008171906,1.8477517008171906,1.0161387329591018,0.08666679655969967,504.28200000000004,516.563,517.425,513.8622,1.00340682395961,0.9795513809545012,0.9779195052423058,42.60527650938613,-2.992302689571943,0.23863720728335946,-3.2309398968553027,517.425,541.1721420995175,493.6778579004825,0.25944473755786984,0.014730058824973013,0.015643764819921083,0.012109462027951963,-0.021333384909966502,-0.04801324503311255,0.0029446640316206363,1,2025-11-10,0,11,4
2025-11-11,504.8,509.6,502.3488,508.68,17980020,MSFT,0.005296442687747094,0.5296442687747094,1.0144345920603375,-0.31114940608731767,503.15200000000004,513.224,517.1805,513.9334,1.0109867395936019,0.9911461661964366,0.983563765455194,42.45930824008143,-3.0576686769057915,-0.4206239695544707,-2.637044707351321,517.1805,541.1939633070689,493.1670366929313,0.3230055387825338,0.015291033240452572,0.013645544518245395,0.012183552333552464,-0.010985165166332966,-0.06159721069234603,-0.02927184084296608,0,2025-11-11,1,11,4
2025-11-12,509.355,511.67,499.1201,511.14,26574851,MSFT,0.004836046237320035,0.4836046237320035,1.0251440484965444,0.47802121465938296,503.948,510.183,517.066,514.0491999999999,1.0142713137069699,1.001875797507953,0.9885391806848641,44.19092254563398,-2.8777968017182616,-0.9120585359872289,-1.9657382657310327,517.066,541.1764025594532,492.95559744054685,0.3771069876293586,0.013902850606967882,0.014013464388800965,0.012239949145075731,0.007847622052212344,-0.056153633090203936,-0.04699299604804941,0,2025-11-12,2,11,4
