date,Open,High,Low,Close,Volume,symbol,price_change,daily_return,high_low_ratio,volume_change,MA_5,MA_10,MA_20,MA_50,MA_5_ratio,MA_10_ratio,MA_20_ratio,RSI_14,MACD,MACD_signal,MACD_histogram,BB_middle,BB_upper,BB_lower,BB_position,volatility_5,volatility_10,volatility_20,momentum_5,momentum_10,target_5_days,target_direction,date_dt,day_of_week,month,quarter
2024-02-01,188.5,189.88,184.28,188.86,91843275,TSLA,0.008382721981953223,0.8382721981953223,1.0303885391795093,-0.11023054999334925,188.38400000000001,196.251,212.0365,231.67680000000001,1.0025267538644471,0.9623390454061381,0.8906957056921805,19.439133205863627,-14.060553910092551,-11.852063473027576,-2.2084904370649756,212.0365,251.0395289107212,173.03347108927878,0.20288845959820848,0.022984157145736497,0.04247638050973434,0.03117719228575797,0.03411268685320046,-0.10864640362469313,0.003706449221645647,1,2024-02-01,3,2,1
2024-02-02,185.04,188.69,182.0,187.91,110612672,TSLA,-0.005030181086519203,-0.5030181086519203,1.0367582417582417,0.20436332436969384,189.316,193.823,209.5355,230.72299999999998,0.9925732637494982,0.96949278465404,0.8967931448370323,22.029613578909377,-13.929765459956627,-12.267603870413387,-1.6621615895432402,209.5355,247.95804517721032,171.1129548227897,0.2185831924946656,0.023609365635713718,0.04232134065653699,0.03114077318689377,0.025429740791268696,-0.1144257505066214,0.030120802511840683,1,2024-02-02,4,2,1
2024-02-05,184.26,184.68,175.01,181.06,134294447,TSLA,-0.03645362141450692,-3.645362141450692,1.0552539854865437,0.21409640117906203,187.342,191.049,206.71400000000003,229.52020000000002,0.9664677434851768,0.9477149841140231,0.8758961657168841,18.264989380820126,-14.214990857030102,-12.657081267736732,-1.55790958929337,206.71400000000003,244.77923397924638,168.64876602075367,0.1630258464457764,0.01869142390859287,0.043065928691534645,0.031549992281427595,-0.051694338239145265,-0.13285440613026822,0.039047829448801474,1,2024-02-05,0,2,1
2024-02-06,177.21,186.49,177.11,185.1,122675954,TSLA,0.022313045399315,2.2313045399315,1.0529614363954605,-0.08651506640479334,186.044,188.64499999999998,203.9465,228.53799999999998,0.9949259315000751,0.9812080892682022,0.9075909613550613,24.99589423550664,-13.954184648389315,-12.91650194386725,-1.0376827045220658,203.9465,239.66008537027662,168.23291462972335,0.23614382587745755,0.0234795825342855,0.04433879298134509,0.03204099398997572,-0.033874419332950656,-0.11494692550444674,-0.005834683954619058,0,2024-02-06,1,2,1
2024-02-07,188.18,189.79,182.68,187.58,111535217,TSLA,0.01339816315505149,1.339816315505149,1.0389205167506022,-0.09081434981137382,186.10200000000003,186.62,201.5775,227.5806,1.007941881333892,1.0051441431786519,0.9305602063722391,29.64824120603018,-13.392992494629283,-13.011800054019657,-0.38119244060962565,201.5775,234.83001957212826,168.3249804278717,0.28952722710774,0.02291538501242801,0.045012775484179944,0.032446592105467624,0.0015484008756474488,-0.0974354039359091,0.006024096385542244,1,2024-02-07,2,2,1
2024-02-08,189.0,191.6171,185.58,189.56,83034043,TSLA,0.01055549632156949,1.055549632156949,1.032530983942235,-0.25553520015117737,186.24200000000002,187.31300000000002,199.3585,226.65019999999996,1.0178155303315042,1.0119959639747373,0.9508498508967513,31.56265276193581,-12.642736619237496,-12.937987367063226,0.2952507478257296,199.3585,229.27356381671171,169.44343618328827,0.33622799436372647,0.023121393115931227,0.021962057242709332,0.032768893539089815,0.003706449221645647,0.03794557301648149,0.057448828866849544,1,2024-02-08,3,2,1
2024-02-09,190.18,194.12,189.48,193.57,84476347,TSLA,0.02115425195188858,2.115425195188858,1.0244880726198016,0.017370032192699503,187.374,188.345,197.676,225.58720000000002,1.033067554730112,1.027741644322918,0.9792286367591413,37.71576060654943,-11.590966498981942,-12.66858319344697,1.0776166944650285,197.676,224.6319284759409,170.72007152405908,0.42383864641010716,0.02435864831467427,0.0226205042233054,0.03315851835316468,0.030120802511840683,0.05631650750341066,0.03295965283876634,1,2024-02-09,4,2,1
2024-02-12,192.11,194.73,187.28,188.13,95498597,TSLA,-0.028103528439324288,-2.810352843932429,1.0397800085433575,0.13047735125194282,188.788,188.065,196.138,224.467,0.9965146089793842,1.0003456251827825,0.959171603666806,34.341928752422135,-11.06879940762525,-12.348626436282627,1.2798270286573779,196.138,221.45800798204002,170.81799201796,0.34186418887228937,0.020717986900775736,0.020949446733267207,0.03281493979525292,0.039047829448801474,-0.014665060493374571,0.029926114920533653,1,2024-02-12,0,2,1
2024-02-13,183.99,187.26,182.1087,184.02,86759478,TSLA,-0.021846595439323768,-2.184659543932377,1.0282869516942352,-0.0915104438654738,188.572,187.308,194.3435,223.34580000000003,0.975860679210063,0.982446024729323,0.9468801374885191,32.96608956932323,-10.861417220293077,-12.051184593084718,1.189767372791641,194.3435,217.57039754301528,171.11660245698474,0.27776842600521023,0.02236528723778751,0.021824003904742418,0.032854355875676415,-0.005834683954619058,-0.039511456756615604,0.05841756330833614,1,2024-02-13,1,2,1
2024-02-14,185.3,188.89,183.35,188.71,81202987,TSLA,0.025486360178241574,2.5486360178241574,1.0302154349604582,-0.06404477214581672,188.798,187.45,193.00150000000002,222.3434,0.9995338933675145,1.0067217924779943,0.97776442152004,56.15633859862293,-10.201030410043728,-11.68115375647652,1.4801233464327925,193.00150000000002,214.07067456480326,171.9323254351968,0.39815690247378965,0.024824668265238294,0.022528168085437755,0.03357421699944057,0.006024096385542244,0.007581824977308083,0.0461024852948968,1,2024-02-14,2,2,1
2024-02-15,189.16,200.88,188.8595,200.45,120831762,TSLA,0.06221185946690677,6.221185946690677,1.063647844032204,0.4880211487786774,190.976,188.609,192.43,221.6408,1.0496083277479893,1.062780673244649,1.041677493114379,64.21487603305783,-8.63085806115842,-11.071094617412902,2.440236556254481,192.43,211.9026431585184,172.9573568414816,0.7059299278149509,0.03721745933963988,0.029761727536674602,0.03673848871985069,0.057448828866849544,0.06136820925553299,-0.04230481416812171,0,2024-02-15,3,2,1
2024-02-16,202.06,203.17,197.4,199.95,111346705,TSLA,-0.00249438762783738,-0.249438762783738,1.0292299898682877,-0.0784980442476706,192.252,189.813,191.818,220.86539999999997,1.0400411959303413,1.053405193532582,1.0423943529804292,58.45836459114777,-7.342194732987167,-10.325314640527756,2.9831199075405888,191.818,209.34827528531696,174.28772471468307,0.731941594403004,0.037231066458763,0.029664459709320887,0.03672893963418265,0.03295965283876634,0.06407322654462244,-0.002750687671917884,0,2024-02-16,4,2,1
2024-02-20,196.13,198.6,189.13,193.76,104545762,TSLA,-0.03095773943485869,-3.095773943485869,1.0500713794744356,-0.061078978493346536,193.378,191.083,191.06599999999997,219.9532,1.0019754056821355,1.0140096188567271,1.0140998398459171,51.84367034834324,-6.742675661252065,-9.608786844672618,2.8661111834205535,191.06599999999997,206.7187991779525,175.41320082204746,0.5860548956570849,0.037920317322260415,0.028816522200212618,0.037172662069428326,0.029926114920533653,0.0701424942008173,0.030811312964492243,1,2024-02-20,1,2,1
2024-02-21,193.36,199.44,191.95,194.77,103844008,TSLA,0.0052126341866227666,0.5212634186622767,1.0390205782755926,-0.0067124098248956265,195.528,192.05,190.3475,218.99579999999997,0.9961233173765395,1.014162978391044,1.023233822351226,56.73146148308137,-6.115557577570655,-8.910140991252227,2.794583413681572,190.3475,203.6498415034246,177.0451584965754,0.666230133201041,0.034657528516122485,0.02832129646817751,0.03720501865493865,0.05841756330833614,0.05224203133441385,0.03732607691122847,1,2024-02-21,2,2,1
2024-02-22,194.0,198.32,191.36,197.41,92739461,TSLA,0.013554448837089783,1.3554448837089783,1.036371237458194,-0.10693488448558341,197.26799999999997,193.033,189.8265,218.0672,1.0007198329176552,1.0226748794247615,1.0399496382222713,57.549002295603024,-5.343934491181301,-8.196899691238043,2.852965200056742,189.8265,200.87029468537338,178.78270531462664,0.8433376034255567,0.033889725804370004,0.028326205400915953,0.03737336735713505,0.0461024852948968,0.05240430749546854,0.02264322982625,1,2024-02-22,3,2,1
2024-02-23,195.31,197.57,191.5,191.97,78841917,TSLA,-0.027556861354541273,-2.7556861354541273,1.0316971279373368,-0.14985577714323783,195.572,193.274,190.2935,217.11180000000002,0.9815822305851554,0.993253101814005,1.008810074963149,53.321335078534034,-5.112447064623467,-7.580009165915128,2.4675621012916613,190.2935,200.83443629118332,179.75256370881667,0.5795232963034919,0.019862043779868534,0.030076894500229337,0.025658289219143662,-0.04230481416812171,0.012713652669339437,0.0555816012918684,1,2024-02-23,4,2,1
2024-02-26,192.29,201.78,192.0,199.4,111747116,TSLA,0.03870396416106692,3.8703964161066917,1.0509375,0.4173566581340229,195.462,193.85700000000003,191.101,216.35960000000003,1.0201471385742498,1.028593241409905,1.0434272976070247,64.86223662884927,-4.280114214019733,-6.92003017553605,2.6399159615163175,191.101,201.84251003792224,180.35948996207776,0.8863050898198157,0.02926788307183686,0.031802855004019526,0.026886216786193552,-0.002750687671917884,0.030118303456114104,-0.05646940822467417,0,2024-02-26,0,2,1
2024-02-27,204.04,205.6,198.26,199.73,108645412,TSLA,0.0016549648946839746,0.16549648946839746,1.037022092202159,-0.027756456819878927,196.656,195.017,191.541,215.5684,1.0156313562769506,1.0241671238917633,1.0427532486517246,62.614243835143995,-3.552900565096394,-6.246604253448119,2.693703688351725,191.541,202.95303040193915,180.12896959806085,0.8587880382183571,0.023831118003775353,0.029858108059510353,0.02541023353142053,0.030811312964492243,0.06165949077765376,-0.09507835578030333,0,2024-02-27,1,2,1
2024-02-28,200.42,205.3,198.44,202.04,99806173,TSLA,0.011565613578330858,1.1565613578330858,1.0345696432170934,-0.08135860352759305,198.10999999999999,196.81900000000002,192.0635,214.5882,1.019837464035132,1.0265269105116883,1.0519437581841422,62.50432376340366,-2.758383882149616,-5.548960179188419,2.790576297038803,192.0635,204.40410524831674,179.72289475168327,0.9042143719555727,0.023926895267152973,0.028168037243619878,0.025489864068199964,0.03732607691122847,0.09792413868057803,-0.1262126311621461,0,2024-02-28,2,2,1
2024-02-29,204.18,205.28,198.4463,201.88,85906974,TSLA,-0.0007919223916056373,-0.07919223916056373,1.0344360161917858,-0.13926191719624392,199.004,198.136,192.793,213.5558,1.014451970814657,1.0188961117616182,1.0471334540154467,61.0,-2.1172282601013137,-4.862613795370998,2.7453855352696843,192.793,205.65922686276966,179.92677313723036,0.853133832355101,0.0238921725434628,0.02775840814901573,0.024804482485251907,0.02264322982625,0.06978962429124036,-0.11506835744006338,0,2024-02-29,3,2,1
2024-03-01,200.52,204.52,198.5,202.64,82243119,TSLA,0.003764612641173004,0.3764612641173004,1.0303274559193956,-0.04264909854699339,201.13799999999998,198.355,193.482,212.567,1.0074675098688464,1.021602682059943,1.047332568404296,58.59715639810426,-1.5301436187802722,-4.196119760052853,2.665976141272581,193.482,206.9243879457578,180.0396120542422,0.8406388819067714,0.016175269563311355,0.019911363960088472,0.024783492188944073,0.0555816012918684,0.010925417809927618,-0.134721673904461,0,2024-03-01,4,3,1
2024-03-04,198.73,199.75,186.72,188.14,134334869,TSLA,-0.07155546782471378,-7.155546782471378,1.0697836332476436,0.6333873354195139,198.886,197.174,193.49349999999998,211.18540000000002,0.9459690475951047,0.9541826001399778,0.9723324039308814,50.008089305937546,-2.209434642032676,-3.7987827364488176,1.5893480944161418,193.49349999999998,206.91619605830837,180.0708039416916,0.3005803015748731,0.03412657371238413,0.030514076125767915,0.02995757321255808,-0.05646940822467417,-0.05906476619154788,-0.055118528755182195,0,2024-03-04,0,3,1
2024-03-05,183.05,184.59,177.57,180.74,119660758,TSLA,-0.039332412033591835,-3.9332412033591835,1.0395337050177396,-0.10923530956061756,195.088,195.872,193.47750000000002,209.8574,0.9264537029443124,0.9227454664270544,0.9341654714372472,47.48079877112135,-3.30677735663744,-3.7003816604865425,0.3936043038491026,193.47750000000002,206.9632146640452,179.99178533595483,0.027741009011558883,0.035210574827037815,0.031388510150675696,0.030150718792188783,-0.09507835578030333,-0.06719653179190743,-0.017704990594223813,0,2024-03-05,1,3,1
2024-03-06,179.99,181.576,173.7,176.54,107920944,TSLA,-0.02323780015491872,-2.323780015491872,1.045342544617156,-0.09810913950586875,189.988,194.04899999999998,193.04950000000002,208.2982,0.9292165820999221,0.9097702126782411,0.9144804829849338,40.58195325800958,-4.4638774623063,-3.853080820850494,-0.6107966414558059,193.04950000000002,208.10650812526364,177.9924918747364,-0.04823308397832784,0.03074815877681562,0.03150030327439833,0.030124501969754258,-0.1262126311621461,-0.09359757662884438,-0.03999093689815336,0,2024-03-06,2,3,1
2024-03-07,174.35,180.04,173.7,178.65,102129004,TSLA,0.011951965560213162,1.1951965560213162,1.0364997121473805,-0.05366835931309122,185.342,192.173,192.603,206.82039999999998,0.9638937747515404,0.9296311136319879,0.9275556455506924,30.174608948708624,-5.151247887405191,-4.112714234161434,-1.038533653243757,192.603,208.82729640028361,176.3787035997164,0.06999676116136229,0.033764247654683416,0.03137481541499835,0.03008748340274953,-0.11506835744006338,-0.09503064687705787,-0.09040022390148339,0,2024-03-07,3,3,1
2024-03-08,181.5,182.73,174.7,175.34,85544644,TSLA,-0.018527847746991344,-1.8527847746991344,1.045964510589582,-0.16238638731853294,179.882,190.51,191.892,205.195,0.9747501139635983,0.9203716340349588,0.9137431471869594,28.707388821595444,-5.895127874164643,-4.469196962162076,-1.425930912002567,191.892,209.8332662816625,173.9507337183375,0.03871706321761866,0.030553083599768646,0.030923579488471947,0.03015131805776906,-0.134721673904461,-0.08662811897692346,-0.06712672521957341,0,2024-03-08,4,3,1
2024-03-11,175.45,182.87,174.8,177.77,85013157,TSLA,0.013858788639215192,1.3858788639215192,1.04616704805492,-0.006212978102989153,177.80800000000002,188.34699999999998,191.102,203.5216,0.9997862863313236,0.9438430131618769,0.9302362089355423,35.20266518600779,-6.216912731321884,-4.8187401159940375,-1.3981726153278462,191.102,210.09289044779226,172.11110955220775,0.14898960276109965,0.023205028564645316,0.027512393362977342,0.0298808127314654,-0.055118528755182195,-0.10847542627883644,-0.02233222703493276,0,2024-03-11,0,3,1
2024-03-12,177.77,179.43,172.4101,177.54,87009098,TSLA,-0.001293806604038994,-0.1293806604038994,1.0407162921429778,0.023478024701517608,177.168,186.128,190.5725,202.0088,1.0020997019777838,0.9538597094472622,0.9316139526951686,33.82159624413144,-6.416522944407234,-5.138296681676677,-1.2782262627305565,190.5725,210.48067750521113,170.66432249478885,0.17268475488053525,0.017032046299185668,0.027376379878323955,0.029330472529976236,-0.017704990594223813,-0.11109998497972262,-0.03503435845443281,0,2024-03-12,1,3,1
2024-03-13,173.05,176.05,169.15,169.48,104717978,TSLA,-0.04539822011940975,-4.539822011940975,1.0407921962754951,0.20352906083453481,175.756,182.87199999999999,189.8455,200.42880000000002,0.9642914039918978,0.9267684500634323,0.8927259271354865,26.197375149139262,-7.142752906859755,-5.539187926713293,-1.6035649801464622,189.8455,211.72546678050125,167.96553321949872,0.034608525590882316,0.024648799255068573,0.02799552355183489,0.030594427275497434,-0.03999093689815336,-0.16115620669174424,0.03646447958461185,1,2024-03-13,2,3,1
2024-03-14,167.77,171.17,160.51,162.5,125494925,TSLA,-0.04118480056643847,-4.118480056643847,1.066413307582082,0.19840859608652872,172.526,178.934,188.535,198.71040000000002,0.9418870199274312,0.9081560798953804,0.8619089293765083,25.527321043016116,-8.187146718959497,-6.068779685162534,-2.1183670337969627,188.535,213.6080314334587,163.4619685665413,-0.01918333188179209,0.02540304642209589,0.02830046591684748,0.030882488459514825,-0.09040022390148339,-0.1950663760649891,0.06350769230769227,1,2024-03-14,3,3,1
2024-03-15,163.16,165.1845,160.76,163.57,97146832,TSLA,0.006584615384615411,0.6584615384615411,1.0275223936302564,-0.22589035373342792,170.17199999999997,175.027,186.691,197.2128,0.9612039583480245,0.9345415278785559,0.8761536442570879,16.731662024141116,-8.826747036485415,-6.62037315542711,-2.2063738810583047,186.691,213.44287186761156,159.93912813238845,0.06786201514383441,0.027770622926350925,0.028588295349617154,0.026518310979096116,-0.06712672521957341,-0.19280497433872879,0.04438466711499678,1,2024-03-15,4,3,1
2024-03-18,170.02,174.72,165.9,173.8,108214358,TSLA,0.06254203093476818,6.254203093476818,1.0531645569620254,0.11392575313212472,169.378,173.59300000000002,185.38349999999997,195.93019999999996,1.0261072866606054,1.0011924443957994,0.9375160141005,29.662745098039238,-8.411200310484531,-6.978538586438595,-1.4326617240459365,185.38349999999997,211.9624123178518,158.80458768214814,0.2820922868950537,0.04371329620138429,0.03321779745611167,0.031057096899769522,-0.02233222703493276,-0.07621983629212281,-0.006731875719217628,0,2024-03-18,0,3,1
2024-03-19,172.36,172.82,167.42,171.32,77271428,TSLA,-0.014269275028768846,-1.4269275028768846,1.0322542109664317,-0.2859410763218685,168.134,172.651,184.2615,194.6068,1.0189491714941654,0.9922908063086804,0.9297655777251351,25.969962453066344,-8.187610137002508,-7.220352896551378,-0.9672572404511302,184.2615,211.24306038950843,157.2799396104916,0.260178807059798,0.04391570853593648,0.031438968096748676,0.030586647552491728,-0.03503435845443281,-0.05211906606174621,0.03706514125612892,1,2024-03-19,1,3,1
2024-03-20,173.0,176.25,170.82,175.66,83846726,TSLA,0.025332710716787332,2.533271071678733,1.03178784685634,0.08509352253720492,169.36999999999998,172.56300000000002,183.30599999999998,193.31100000000004,1.037137627679046,1.0179470686068275,0.958288326623242,30.748898678414108,-7.57291572601801,-7.290865462444705,-0.2820502635733053,183.30599999999998,210.07329929557716,156.5387007044228,0.3571764764990065,0.03934503347614362,0.03203689140039586,0.031286895224094814,0.03646447958461185,-0.004984706015633833,0.023739041329841726,1,2024-03-20,2,3,1
2024-03-21,176.39,178.18,171.8,172.82,73178014,TSLA,-0.016167596493225522,-1.6167596493225522,1.0371362048894062,-0.1272406509945302,171.434,171.98,182.07649999999998,192.0682,1.008084743983107,1.004884288870799,0.9491614788289539,28.754630948988336,-7.231569213411717,-7.279006212638108,0.047436999226390775,182.07649999999998,208.3708638347412,155.78213616525878,0.3239831916418165,0.03256469208130588,0.03210133479365014,0.031080306051974163,0.06350769230769227,-0.03263364119787304,0.017185510936234216,1,2024-03-21,3,3,1
2024-03-22,166.69,171.2,166.3,170.83,75580637,TSLA,-0.011514870964008717,-1.1514870964008717,1.0294648226097414,0.03283258001508482,172.88600000000002,171.529,181.0195,190.806,0.9881077704383234,0.9959248873368353,0.9437104842295997,34.992196982833406,-7.040467880590086,-7.231298546228504,0.19083066563841822,181.0195,207.33890206887727,154.7000979311227,0.30642607356097434,0.03438409201493564,0.03179598328280869,0.03070398242993696,0.04438466711499678,-0.025721455457967335,0.025698062401217525,1,2024-03-22,4,3,1
2024-03-25,168.76,175.24,168.73,172.63,74228615,TSLA,0.010536790961774845,1.0536790961774845,1.0385823505008003,-0.017888470561580494,172.652,171.01500000000001,179.68099999999998,189.71419999999998,0.9998725760489309,1.009443616057071,0.9607582326456332,42.212406376032256,-6.666921618344219,-7.118423160651647,0.4515015423074278,179.68099999999998,204.75808612301512,154.60391387698485,0.3594134907578287,0.018323257795195766,0.031627034558839286,0.02918456560288739,-0.006731875719217628,-0.02891376497721787,-0.034756415455019396,0,2024-03-25,0,3,1
2024-03-26,178.58,184.25,177.38,177.67,113186227,TSLA,0.029195388982216297,2.9195388982216297,1.038730409290788,0.5248328020130781,173.922,171.02800000000002,178.578,188.8898,1.0215498901806557,1.0388357461936055,0.9949153871137542,51.067851067851066,-5.896229571076475,-6.873984442736613,0.9777548716601379,178.578,201.8151559089513,155.3408440910487,0.4804623250031593,0.02073424251466185,0.0331856489152102,0.030234060238631018,0.03706514125612892,0.0007322293567646465,-0.052287949569426395,0,2024-03-26,1,3,1
2024-03-27,181.41,181.91,176.0,179.83,81804043,TSLA,0.012157370405808665,1.2157370405808665,1.0335795454545453,-0.2772615081515174,174.75600000000003,172.06300000000002,177.4675,188.0882,1.029034768477191,1.0451404427448086,1.0133122966176906,51.114048338368576,-5.052909823831612,-6.509769518955613,1.4568596951240007,177.4675,197.94225248870555,156.99274751129445,0.5576930051121065,0.01862782337010361,0.029063165918802016,0.030251818399276067,0.023739041329841726,0.06106915270238389,-0.04849024078296171,0,2024-03-27,2,3,1
2024-03-28,177.45,179.57,175.3,175.79,77654838,TSLA,-0.022465662014124588,-2.2465662014124588,1.0243582430119793,-0.05072127058561149,175.35,173.392,176.16299999999998,187.293,1.0025092671799258,1.0138299344837132,0.9978826427796984,50.41907245297074,-4.656885408482168,-6.139192696860925,1.482307288378757,176.16299999999998,193.10924951520693,159.21675048479304,0.48899461501303654,0.020520404474485953,0.02611689507451726,0.030466722180717182,0.017185510936234216,0.08178461538461534,-0.061948916320609726,0,2024-03-28,3,3,1
2024-04-01,176.17,176.75,170.21,175.22,80751684,TSLA,-0.003242505261960238,-0.3242505261960238,1.0384231243757711,0.039879627332427114,176.228,174.557,174.79199999999997,186.5598,0.9942801370951267,1.0037981862658043,1.002448624651014,47.54003472892146,-4.339010035675784,-5.779156164623897,1.440146128948113,174.79199999999997,186.2751493937889,163.30885060621105,0.5186360024294173,0.019295875226037883,0.026367824412663072,0.03038323665052977,0.025698062401217525,0.07122332946139265,-0.012783928775254028,0,2024-04-01,0,4,2
2024-04-02,164.75,167.69,163.43,166.63,115344925,TSLA,-0.04902408400867486,-4.902408400867486,1.026066205714985,0.4283903354882357,175.028,173.83999999999997,173.7165,185.64860000000002,0.9520191055145463,0.9585250805338243,0.9592065232721129,40.93703272968933,-4.725757136346857,-5.568476358968489,0.842719222621632,173.7165,183.8903887146963,163.5426112853037,0.15173100479448548,0.0303970184399163,0.02383600455139345,0.02819478186653237,-0.034756415455019396,-0.041254315304948275,0.061513532977254926,1,2024-04-02,1,4,2
2024-04-03,164.02,168.82,163.28,168.38,82223543,TSLA,0.01050231050831174,1.050231050831174,1.0339294463498285,-0.28715075240631527,173.17000000000002,173.546,173.0985,184.8402,0.9723393197436044,0.9702326760628306,0.9727409538499756,48.97921306607276,-4.835308202270369,-5.421842727628865,0.5865345253584966,173.0985,182.97322323396693,163.22377676603307,0.26108191145199,0.025663058504357603,0.02393097742665417,0.0272499868540988,-0.052287949569426395,-0.017160868550081698,0.020073642950469095,1,2024-04-03,2,4,2
2024-04-04,170.07,177.19,168.01,171.11,122061224,TSLA,0.0162133269984559,1.6213326998455901,1.0546396047854294,0.4845045536410417,171.426,173.09099999999998,172.827,184.07960000000003,0.9981566390162521,0.9885551530697727,0.990065209718389,58.674188998589564,-4.648257804321361,-5.267125742967365,0.6188679386460043,172.827,182.6013942604119,163.0526057395881,0.41216847027778736,0.026601842425042745,0.022949803997551775,0.027149580347799487,-0.04849024078296171,-0.025902311283160562,0.02039623633919696,1,2024-04-04,3,4,2
2024-04-05,169.08,170.86,160.51,164.9,136439809,TSLA,-0.036292443457425105,-3.6292443457425105,1.0644819637405771,0.11779813874388156,169.248,172.299,172.1395,183.22100000000003,0.9743098884477218,0.9570572086895455,0.9579439930986207,51.214168340332314,-4.944121363713776,-5.202524867116648,0.25840350340287177,172.1395,182.12144259124028,162.15755740875971,0.13737018451934088,0.028893189064407146,0.025076900011923475,0.028046947857430175,-0.061948916320609726,-0.045828029163291206,0.037295330503335444,1,2024-04-05,4,4,2
2024-04-08,169.34,174.5,167.79,172.98,104039371,TSLA,0.04899939357186156,4.899939357186156,1.0399904642708147,-0.23747056110288167,168.8,172.514,172.0215,183.028,1.0247630331753552,1.0027012300450977,1.0055719779213643,49.22082858228808,-4.475021629748113,-5.057024219642941,0.5820025898948282,172.0215,181.89939509860412,162.1436049013959,0.5485174214967841,0.0402373445545501,0.02998803508885759,0.03014434118274448,-0.012783928775254028,0.012585611426564336,-0.06648167418198636,0,2024-04-08,0,4,2
2024-04-09,172.91,179.22,171.92,176.88,102327658,TSLA,0.022545959070412902,2.25459590704129,1.0424616100511868,-0.016452550448425862,170.85,172.939,171.977,182.90060000000003,1.035294117647059,1.0227883820306582,1.028509626287236,55.144337527757216,-3.7453848395499563,-4.794696343624345,1.0493115040743888,171.977,181.75335191890028,162.20064808109973,0.7507581580876398,0.030949768316915375,0.030616974961057093,0.030419617064555014,0.061513532977254926,0.024619127613972003,-0.11177069199457246,0,2024-04-09,1,4,2
2024-04-10,173.04,174.93,170.01,171.76,84532407,TSLA,-0.028946178199909522,-2.8946178199909522,1.0289394741485796,-0.17390460553685305,171.526,172.34799999999998,171.68800000000002,182.51719999999997,1.0013642246656482,0.996588298094553,1.000419365360421,46.44290404961692,-3.5394826838158053,-4.543653611662637,1.0041709278468316,171.68800000000002,181.10713751778943,162.2688624822106,0.5038220059885521,0.036144587753044015,0.03058049705834429,0.031111067196545134,0.020073642950469095,-0.03326391624922609,-0.09495808104331627,0,2024-04-10,2,4,2
2024-04-11,172.55,175.88,168.51,174.6,94515987,TSLA,0.01653469958081044,1.6534699580810441,1.0437362767788263,0.11810358126913378,172.224,171.825,171.94400000000002,182.17739999999998,1.0137959866220736,1.0161501527717154,1.0154468896850135,51.62349507479022,-3.111274639479177,-4.257177817225945,1.145903177746768,171.94400000000002,181.38873654588275,162.49926345411728,0.6406074159452236,0.036170891699942566,0.030850989452753337,0.029521337866379057,0.02039623633919696,-0.029083022854918594,-0.14129438717067577,0,2024-04-11,3,4,2
2024-04-12,172.34,173.8099,170.3644,171.05,64722669,TSLA,-0.02033218785796098,-2.033218785796098,1.020224295686188,-0.31521987915123817,173.454,171.351,172.37150000000003,181.85260000000002,0.9861404176323406,0.9982433717924029,0.9923334193877758,50.19510464703795,-3.023518768395121,-4.01044600745978,0.9869272390646593,172.37150000000003,180.72764435138194,164.0153556486181,0.42092644978174243,0.032143514340618365,0.030704742295030497,0.028260842754696907,0.037295330503335444,-0.026963991125774966,-0.1403098509207834,0,2024-04-12,4,4,2
2024-04-15,170.24,170.69,161.38,161.48,100245310,TSLA,-0.05594855305466251,-5.59485530546625,1.0576899244020326,0.5488438834313214,171.154,169.977,172.267,181.305,0.9434778036154574,0.9500108838254586,0.9373820871089645,41.30943102104443,-3.683726917621101,-3.9451021894920446,0.26137527187094367,172.267,181.12386673836363,163.41013326163636,-0.10896253261189835,0.03274206274202965,0.03509364822559293,0.031148582414304616,-0.06648167418198636,-0.0784157059696382,-0.12032449838989334,0,2024-04-15,0,4,2
2024-04-16,156.742,158.19,153.75,157.11,96999956,TSLA,-0.027062174882338197,-2.7062174882338197,1.0288780487804878,-0.03237412303877363,167.2,169.025,171.4325,180.68900000000002,0.939653110047847,0.9295074693092739,0.9164539979292142,33.805923125393846,-4.507608209264021,-4.05760339344644,-0.45000481581758045,171.4325,182.5402609189098,160.3247390810902,-0.14470689027963451,0.0260166356334723,0.03282539385182624,0.02792962336421095,-0.11177069199457246,-0.05713256916521625,-0.07911654254980593,0,2024-04-16,1,4,2
2024-04-17,157.64,158.33,153.78,155.45,82439718,TSLA,-0.01056584558589535,-1.056584558589535,1.02958772272077,-0.15010561448089732,163.938,167.732,170.639,180.17680000000001,0.9482243287096341,0.9267760475043522,0.9109875233680459,30.64464909495078,-5.23415214762511,-4.292913144282174,-0.9412390033429361,170.639,183.84905183463587,157.42894816536415,-0.07490311885739503,0.026290167183991235,0.03236575085121011,0.027874800977496894,-0.09495808104331627,-0.07679059270697242,0.04297201672563533,1,2024-04-17,2,4,2
2024-04-18,151.25,152.2,148.7,149.93,96098830,TSLA,-0.03550981022836919,-3.5509810228369187,1.023537323470074,0.16568605923664115,159.004,165.614,169.35250000000002,179.4734,0.9429322532766472,0.9052978612919198,0.8853131781343646,29.941048712379782,-6.184075151781258,-4.671145545781991,-1.5129296059992665,169.35250000000002,185.24325583642002,153.46174416358002,-0.11112574505378832,0.01720030209339028,0.032290497447776456,0.02777009622771831,-0.14129438717067577,-0.12378002454561399,0.1350630294137265,1,2024-04-18,3,4,2
2024-04-19,148.97,150.94,146.22,147.05,87074500,TSLA,-0.01920896418328555,-1.9208964183285548,1.0322801258377787,-0.09390676244445428,154.204,163.829,168.06400000000002,178.66279999999998,0.9536069103265804,0.8975822351354156,0.8749642993145468,28.90519694473568,-7.0875866205442435,-5.154433760734442,-1.9331528598098018,168.06400000000002,186.7109971055052,149.41700289449486,-0.06346874194011737,0.017362804172002807,0.03133904194170638,0.027828212834508738,-0.1403098509207834,-0.10824742268041232,0.1444406664399862,1,2024-04-19,4,4,2
2024-04-22,140.56,144.44,138.8025,142.05,107097564,TSLA,-0.03400204012240737,-3.4002040122407373,1.040615262693395,0.22995324693222474,150.318,160.736,166.625,177.7126,0.9449966071927514,0.8837472625920766,0.8525131282820706,30.54764165875278,-8.113556157375143,-5.746258240062582,-2.367297917312561,166.625,188.5304806888736,144.7195193111264,-0.06093268047941766,0.010455410572463391,0.023776431209412748,0.02843924805983377,-0.12032449838989334,-0.17880679847381187,0.36606828581485384,1,2024-04-22,0,4,2
2024-04-23,143.33,147.26,141.11,144.68,124545104,TSLA,0.018514607532558847,1.8514607532558847,1.0435830203387426,0.16291257567725825,147.832,157.51600000000002,165.22750000000002,176.7348,0.9786784999188268,0.9185098656644404,0.8756411614289388,31.501717140181086,-8.615115695833822,-6.320029731216831,-2.295085964616991,165.22750000000002,189.00608733797205,141.448912662028,0.06794111214530163,0.021998139405008298,0.023010891845761244,0.028778603301009665,-0.07911654254980593,-0.1820443238353685,0.26679568703345313,1,2024-04-23,1,4,2
2024-04-24,162.84,167.97,157.51,162.13,181178020,TSLA,0.12061100359413879,12.061100359413878,1.0664084820011428,0.4547181236445874,149.168,156.55300000000003,164.45049999999998,176.2148,1.0868953126675962,1.0356237184851134,0.9858893709657315,44.30058390454429,-7.5178746995169945,-6.559598724876865,-0.9582759746401299,164.45049999999998,187.52226399160458,141.37873600839538,0.44971125743041646,0.06551287246811957,0.04957182947460031,0.04009722714135851,0.04297201672563533,-0.056066604564508626,0.11015851477209648,1,2024-04-24,2,4,2
2024-04-25,158.96,170.88,158.36,170.18,126427521,TSLA,0.049651514216986437,4.965151421698644,1.079060368779995,-0.30219172833437524,153.21800000000002,156.111,163.96800000000002,175.938,1.1107050085499093,1.0901217723286636,1.0378854410616705,53.27462168196477,-5.930373922351208,-6.433753764371733,0.5033798420205251,163.96800000000002,186.06871168180334,141.8672883181967,0.6405384606938848,0.061653398419983206,0.05218513540981993,0.041727220312606526,0.1350630294137265,-0.02531500572737677,0.0577623692560818,1,2024-04-25,3,4,2
2024-04-26,168.85,172.12,166.37,168.29,109815725,TSLA,-0.011105887883417598,-1.1105887883417598,1.0345615195047184,-0.13139382840544667,157.466,155.83499999999998,163.59300000000002,175.5296,1.0687386483431343,1.0799242788847179,1.0287114974357092,46.84938868735725,-4.769792129160351,-6.100961437329457,1.3311693081691063,163.59300000000002,185.09553067113848,142.09046932886156,0.6092197023651842,0.060221237054575605,0.051893680854873656,0.04151003331365487,0.1444406664399862,-0.016135632855890147,0.07665339592370324,1,2024-04-26,4,4,2
2024-04-29,188.42,198.87,184.54,194.05,243869678,TSLA,0.1530691068988057,15.30691068988057,1.0776525414544273,1.2207172788778657,167.86599999999999,159.092,164.5345,175.4016,1.1559815567178584,1.2197344932491891,1.1793879095265734,58.91577526222869,-1.751219019063086,-5.231012953676183,3.479793934613097,164.5345,189.5436254713594,139.5253745286406,1.090094604343549,0.0689759648342,0.0669668650479185,0.05398295387125727,0.36606828581485384,0.20169680455784023,-0.047874259211543535,0,2024-04-29,0,4,2
2024-04-30,186.98,190.95,182.8401,183.28,127031787,TSLA,-0.05550115949497558,-5.550115949497558,1.0443551496635584,-0.4790997058683122,175.586,161.709,165.36700000000002,175.0682,1.0438189832902394,1.133393936020877,1.1083227004178584,55.65038257798706,-0.22542847389789245,-4.2298960577205245,4.004467583822632,165.36700000000002,191.74106708751864,138.9929329124814,0.8395949502319497,0.08727063691267728,0.0697541128523537,0.05435132819821783,0.26679568703345313,0.16657119215836036,-0.029845045831514594,0,2024-04-30,1,4,2
2024-05-01,182.0,185.86,179.01,179.99,92829719,TSLA,-0.017950676560453904,-1.7950676560453904,1.0382660186581756,-0.2692402335487889,179.15800000000002,164.163,165.9475,174.79280000000003,1.0046439455675995,1.0964102751533538,1.0846201358863496,52.63209297782987,0.7101103119027528,-3.2418947837958694,3.952005095698622,165.9475,193.10037548987236,138.79462451012762,0.758582189669703,0.08159178349707089,0.07012349296658105,0.05460206328700259,0.11015851477209648,0.15786426503698947,-0.029279404411356236,0,2024-05-01,2,5,2
2024-05-02,182.86,184.6,176.02,180.01,89148041,TSLA,0.00011111728429336054,0.011111728429336054,1.0487444608567207,-0.039660553103688656,181.124,167.171,166.39249999999998,174.49759999999998,0.9938495174576533,1.0768015983633525,1.0818396261850745,54.53166093465506,1.4365853114684626,-2.306198764743003,3.7427840762114655,166.39249999999998,194.1857804260705,138.59921957392947,0.7449782787645784,0.08064474652114391,0.06804166333885972,0.05454182222190792,0.0577623692560818,0.20062695924764884,-0.04466418532303762,0,2024-05-02,3,5,2
2024-05-03,182.1,184.78,178.42,181.19,75491539,TSLA,0.006555191378256886,0.6555191378256886,1.0356462280013452,-0.15318903081672874,183.704,170.585,167.207,174.1732,0.9863149414275137,1.06216842043556,1.0836268816496917,60.89311373936112,2.0835205924790046,-1.4282548932986014,3.511775485777606,167.207,195.7604985228575,138.6535014771425,0.7448561598993974,0.07966612932050876,0.06685180054633026,0.05371605822301568,0.07665339592370324,0.2321659299557972,-0.07020254980959217,0,2024-05-03,4,5,2
2024-05-06,183.8,187.56,182.2,184.76,84390253,TSLA,0.019703074121088404,1.9703074121088404,1.029418221734358,0.11787697161664701,181.846,174.85600000000002,167.796,174.02899999999997,1.0160245482441186,1.0566408930777322,1.101098953491144,65.41764246682278,2.851421218997473,-0.5723196708393865,3.4237408898368593,167.796,197.32039733330427,138.2716026666957,0.787287828579386,0.029113776910271505,0.06385416506394395,0.05287529570587487,-0.047874259211543535,0.3006687785990847,-0.06965793461788272,0,2024-05-06,0,5,2
2024-05-07,182.4,183.26,177.4,177.81,75045854,TSLA,-0.03761636717904304,-3.761636717904304,1.0330326944757608,-0.11072841551974022,180.752,178.169,167.8425,173.5972,0.9837235549260865,0.9979850591292536,1.0593860315474328,61.77337826453244,2.8661419808681217,0.11537265950211506,2.7507693213660067,167.8425,197.42999940520014,138.25500059479987,0.6684410680249675,0.02234899996949262,0.06719599864232191,0.05350567758524099,-0.029845045831514594,0.22898811169477473,-0.0014622349699116022,0,2024-05-07,1,5,2
2024-05-08,171.59,176.06,170.15,174.72,79969488,TSLA,-0.01737810021933528,-1.737810021933528,1.0347340581839553,0.06560834126825976,179.698,179.428,167.9905,173.097,0.9722979665883872,0.9737610629333214,1.040058812849536,63.39565546309305,2.598517028135774,0.6120015332288469,1.986515494906927,167.9905,197.68990880148934,138.29109119851066,0.6132935009747154,0.022272765679295453,0.05846922463123308,0.05322042429071361,-0.029279404411356236,0.0776537346573738,-0.004178113553113483,0,2024-05-08,2,5,2
2024-05-09,175.01,175.62,171.37,171.97,65950292,TSLA,-0.015739468864468864,-1.5739468864468864,1.0248001400478497,-0.17530681201810372,178.08999999999997,179.60700000000003,167.85899999999998,172.49560000000002,0.9656353529114494,0.9574793855473337,1.0244907928678237,63.48484848484847,2.1398534095775403,0.9175719084985856,1.2222815010789547,167.85899999999998,197.45830930915506,138.2596906908449,0.5694441879886786,0.02236227254200386,0.05705134639305148,0.053249906158174876,-0.04466418532303762,0.010518274767892688,0.016688957376286506,1,2024-05-09,3,5,2
2024-05-10,173.05,173.0599,167.75,168.47,72627178,TSLA,-0.020352387044251907,-2.0352387044251907,1.031653651266766,0.10124118934909343,175.546,179.625,167.73000000000002,171.82739999999998,0.9596914768778554,0.9378983994432846,1.004411852381804,64.53245324532452,1.4769134986321717,1.0294402265253029,0.4474732721068688,167.73000000000002,197.293219680793,138.16678031920705,0.5125155515534181,0.02090476896827111,0.05736887366768819,0.05325032254903506,-0.07020254980959217,0.0010695822687027956,0.05336261648958285,1,2024-05-10,4,5,2
2024-05-13,170.0,175.4,169.0,171.89,67018903,TSLA,0.020300350210719964,2.0300350210719964,1.0378698224852072,-0.07722005941081722,172.972,177.409,168.25050000000002,171.2124,0.9937446523136692,0.9688910934620002,1.0216314364593269,64.83804122586977,1.2135057222660635,1.066253325673455,0.14725239659260847,168.25050000000002,197.71680009099748,138.78419990900255,0.5617569899980742,0.021147774154471284,0.0241190268734176,0.0517021681076861,-0.06965793461788272,-0.11419737181138889,0.01780208272732553,1,2024-05-13,0,5,2
2024-05-14,174.4959,179.49,174.07,177.55,86407422,TSLA,0.03292803537145872,3.292803537145872,1.0311368989486989,0.2892992593447852,172.92,176.83599999999998,169.2725,171.00059999999996,1.0267753874624106,1.0040376393946935,1.048900441595652,59.64956195244056,1.4448129547739086,1.1419652514935459,0.3028477032803627,169.2725,198.52900184147254,140.01599815852748,0.6414642810827479,0.02480069034625891,0.022464920017002003,0.051525195010939204,-0.0014622349699116022,-0.03126364033173279,0.05097155730780045,1,2024-05-14,1,5,2
2024-05-15,179.9,180.0,173.11,173.99,79662993,TSLA,-0.02005068994649395,-2.005068994649395,1.0398012824215817,-0.07805381579374049,172.77399999999997,176.236,170.1995,170.86559999999997,1.0070380960098164,0.987255725277469,1.0222709232400802,52.52619016045617,1.3255828611003153,1.1786887734148999,0.14689408768541545,170.1995,198.7789755025365,141.6200244974635,0.5663150728512074,0.02529151029469964,0.022629998524616366,0.05174173172516779,-0.004178113553113483,-0.033335185288071556,0.03517443531237441,1,2024-05-15,2,5,2
2024-05-16,174.1,175.79,171.43,174.84,59812220,TSLA,0.004885338237829773,0.4885338237829773,1.025433121390655,-0.24918437347690414,173.348,175.719,171.445,170.8316,1.0086069640261208,0.9949976951837878,1.0198022689492257,54.40365738873203,1.2848688804602943,1.1999247948239788,0.0849440856363155,171.445,198.4319040364723,144.45809596352768,0.5629008795416423,0.02384188900500138,0.022756541008035105,0.05078060772063383,0.016688957376286506,-0.028720626631853707,-0.006291466483642205,0,2024-05-16,3,5,2
2024-05-17,173.55,179.63,172.75,177.46,77445845,TSLA,0.014985129261038788,1.4985129261038788,1.0398263386396527,0.2948164271448208,175.14600000000002,175.346,172.9655,170.80780000000001,1.013211834697909,1.0120561632429597,1.0259849507560757,33.80831544017177,1.4473309311786977,1.2494060220949226,0.19792490908377514,172.9655,197.47851478162752,148.45248521837246,0.5916757901881705,0.01989967968153237,0.02328648655667184,0.05035931752757419,0.05336261648958285,-0.020586125062089455,0.010030429392539064,1,2024-05-17,4,5,2
2024-05-20,177.56,177.754,173.52,174.95,61727425,TSLA,-0.014144032458018763,-1.4144032458018763,1.0244006454587367,-0.2029601458929139,175.75799999999998,174.36499999999998,174.6105,170.8,0.9954027697174525,1.0033550311128954,1.0019443275175317,40.307191063532684,1.3578942936369458,1.2711036764033272,0.08679061723361858,174.6105,194.33634249418358,154.88465750581642,0.5086054626082535,0.021595947733729876,0.02224486468832503,0.049624444157416334,0.01780208272732553,-0.05309590820523924,0.010288653901114664,1,2024-05-20,0,5,2
2024-05-21,175.51,186.875,174.71,186.6,115266512,TSLA,0.06659045441554734,6.659045441554734,1.069629672027932,0.8673468397555868,177.568,175.244,176.70649999999998,170.9766,1.0508650207244548,1.064801077355002,1.0559883196147284,56.43872978764854,2.20169300446733,1.4572215420161279,0.7444714624512023,176.70649999999998,191.27623109602914,162.13676890397082,0.8395223952587703,0.03441817088108862,0.028818291848188658,0.05112019801234861,0.05097155730780045,0.0494347899443226,-0.055787781350482346,0,2024-05-21,1,5,2
2024-05-22,182.85,183.8,178.12,180.11,88313477,TSLA,-0.03478027867095379,-3.478027867095379,1.0318886144172468,-0.233832312024849,178.79199999999997,175.783,177.6055,171.028,1.007371694482975,1.0246155771604764,1.0141014777132464,50.08650519031144,2.319977544240828,1.6297727424610682,0.69020480177976,177.6055,190.51214043694145,164.69885956305856,0.5970236992436706,0.038113748361609176,0.03079123200696079,0.04556749570218813,0.03517443531237441,0.03084935897435903,-0.0073288545888624546,0,2024-05-22,2,5,2
2024-05-23,181.8,181.9,173.26,173.74,71975496,TSLA,-0.03536727555382824,-3.5367275553828237,1.0498672515294933,-0.18499986134619073,178.572,175.95999999999998,177.7835,171.1132,0.972940886589163,0.9873834962491477,0.9772560445710654,44.08636291474838,1.878063978032145,1.6794309895752837,0.1986329884568614,177.7835,190.35273441122337,165.21426558877664,0.33915090339991355,0.04277245902001747,0.03271662929210569,0.04526605196100333,-0.006291466483642205,0.01029249287666456,0.024979854955681002,1,2024-05-23,3,5,2
2024-05-24,174.835,180.08,173.73,179.24,65584478,TSLA,0.03165649821572458,3.1656498215724582,1.0365509698958155,-0.08879435856892182,178.928,177.037,178.331,171.44799999999998,1.0017437181436109,1.0124437264526625,1.0050972629548425,45.748613678373395,1.9491794007685428,1.7333806718139355,0.21579872895460728,178.331,190.086684671908,166.575315328092,0.5386621462453911,0.044883286615128894,0.03298964712080442,0.0456250609306337,0.010030429392539064,0.06392829583902193,-0.01645837982593179,0,2024-05-24,4,5,2
2024-05-28,176.4,178.25,173.16,176.75,59736620,TSLA,-0.013891988395447474,-1.3891988395447474,1.0293947793947795,-0.0891652747468692,179.288,177.523,177.466,171.7116,0.9858440051760295,0.995645634650158,0.9959654243629765,49.12338736354615,1.784051263017659,1.7435147900546801,0.04053647296297891,177.466,186.60676675351561,168.3252332464844,0.460834795411193,0.044859646969229956,0.03319475250732875,0.029278866825138083,0.010288653901114664,0.028273896096340678,-0.01120226308345118,0,2024-05-28,1,5,2
2024-05-29,174.19,178.15,173.93,176.19,54782649,TSLA,-0.003168316831683171,-0.3168316831683171,1.0242626343931467,-0.08293021935288603,177.20600000000002,177.387,177.1115,171.75940000000003,0.9942665598230307,0.9932520421451403,0.9947970628671768,51.26877265665458,1.5896739327226044,1.7127466185882652,-0.12307268586566078,177.1115,185.84367709635902,168.379322903641,0.44723538071712726,0.02760652400202844,0.03153373019063385,0.026681001232145143,-0.055787781350482346,-0.007659814136862897,-0.006754072308303494,0,2024-05-29,2,5,2
2024-05-30,178.575,182.67,175.38,178.79,77784755,TSLA,0.014756796639990855,1.4756796639990855,1.0415668833390352,0.41987940378713695,176.942,177.86700000000002,177.0515,171.90879999999999,1.0104441003266607,1.0051892706348,1.0098191769061544,55.90169608861196,1.6266754667339,1.6955323882173923,-0.0688569214834922,177.0515,185.71663224608702,168.386367753913,0.6003158376945175,0.025819238721076318,0.031031939943051576,0.026630731404499813,-0.0073288545888624546,0.027587792401862155,-0.004754180882599712,0,2024-05-30,3,5,2
2024-05-31,178.5,180.32,173.82,178.08,67314602,TSLA,-0.003971139325465556,-0.3971139325465556,1.0373950063283857,-0.1346041779009267,177.81,178.19099999999997,176.95499999999998,171.95719999999997,1.0015184747764467,0.9993770729161408,1.0063575485292873,58.73795235497364,1.58048948378854,1.6725238073316218,-0.09203432354308183,176.95499999999998,185.5238579353296,168.38614206467037,0.5656446873370152,0.018095888911999286,0.031103280856950754,0.02664546836161253,0.024979854955681002,0.01853122855181888,-0.003369272237196852,0,2024-05-31,4,5,2
2024-06-03,178.13,182.6389,174.49,176.29,68568920,TSLA,-0.010051662174303755,-1.0051662174303755,1.0467012436242764,0.018633668813788695,177.22,178.07399999999998,176.70999999999998,172.0266,0.9947522852951134,0.989981693004032,0.9976232244921058,54.122938530734636,1.383500585654275,1.6147191629961524,-0.23121857734187734,176.70999999999998,185.04605737934014,168.37394262065982,0.4748082348232809,0.011003235887649586,0.030973143312394983,0.026682447667046576,-0.01645837982593179,-0.006593035050152185,-0.014181178739576805,0,2024-06-03,0,6,2
2024-06-04,174.775,177.755,174.0,174.77,60056340,TSLA,-0.008622156673662618,-0.8622156673662618,1.021580459770115,-0.12414633335336189,176.824,178.056,176.2105,172.1054,0.9883839297832874,0.9815451318686256,0.9918251182534527,47.17594473791142,1.0921446046584151,1.510204251328605,-0.4180596466701898,176.2105,183.66630515614438,168.75469484385562,0.40339742188589384,0.00993100676626074,0.030746052487307038,0.02627233032067749,-0.01120226308345118,-0.0010288653901113776,-0.02351662184585468,0,2024-06-04,1,6,2
2024-06-05,175.35,176.15,172.13,175.0,57953756,TSLA,0.0013160153344395908,0.13160153344395908,1.0233544414105618,-0.035010192096288306,176.58599999999998,176.89600000000002,176.07,172.1528,0.9910185405411528,0.9892818379160636,0.993922871585165,51.10045761603834,0.8697757351641542,1.382118548095715,-0.5123428129315608,176.07,183.5047689590032,168.63523104099679,0.42804080356093205,0.010025015810662119,0.020249501471175543,0.024938151016250878,-0.006754072308303494,-0.062165058949624874,0.013085714285714145,1,2024-06-05,2,6,2
2024-06-06,174.6,179.73,172.73,177.94,69887024,TSLA,0.016799999999999926,1.6799999999999926,1.0405256759103803,0.20591017431208436,176.416,176.679,176.231,172.1582,1.0086386722292762,1.007137237589074,1.0096974993048897,53.230512713630674,0.9201730512565405,1.2897294487278803,-0.36955639747133984,176.231,183.68211761310232,168.77988238689767,0.6146807827187449,0.01085146392689129,0.018671933942502415,0.024892047662871834,-0.004754180882599712,-0.012048192771084376,0.0254580195571541,1,2024-06-06,3,6,2
2024-06-07,176.13,179.35,175.58,177.48,56244932,TSLA,-0.002585141058783935,-0.2585141058783935,1.0214716938147852,-0.1952020735637563,176.296,177.053,176.50650000000002,172.11120000000003,1.006715977673912,1.0024117072289087,1.005515377620654,50.02182453077257,0.912476668693472,1.2142788927209986,-0.30180222402752666,176.50650000000002,183.69716434234581,169.31583565765422,0.5676919373267805,0.010770987985195367,0.014357606977329247,0.024592780669069392,-0.003369272237196852,0.02152641878669259,0.0029862519720531555,1,2024-06-07,4,6,2
2024-06-10,176.06,178.57,173.17,173.79,50869682,TSLA,-0.020791075050709873,-2.0791075050709873,1.0311832303516775,-0.0955686105194331,175.796,176.50799999999998,176.77249999999998,172.07119999999998,0.9885890463946847,0.9846012645319193,0.9831280317922755,48.76595744680852,0.6016891704609293,1.0917609482689847,-0.49007177780805544,176.77249999999998,183.04660341676663,170.49839658323333,0.2623166369851603,0.013772447753185958,0.011754920288513406,0.02461382289419771,-0.014181178739576805,-0.030406159339433247,0.07854306922147414,1,2024-06-10,0,6,2
2024-06-11,173.92,174.75,167.41,170.66,64761928,TSLA,-0.018010242246389252,-1.8010242246389252,1.043844453736336,0.2730948072370494,174.974,175.899,176.711,171.98,0.9753449083863889,0.9702158625120098,0.9657576494955039,29.28794178794176,0.10165122545870986,0.8937390037069298,-0.79208777824822,176.711,183.20681209218023,170.2151879078198,0.034238374345501275,0.015321470021748291,0.012240222625689414,0.024592262474599735,-0.02351662184585468,-0.034455445544554486,0.0832063752490333,1,2024-06-11,1,6,2
2024-06-12,171.12,180.55,169.8,177.29,90389446,TSLA,0.0388491737958514,3.88491737958514,1.0633097762073027,0.39571888594792926,175.432,176.009,176.698,172.1932,1.010590998221533,1.0072780369185668,1.0033503491833522,46.3490419471776,0.23761407509559263,0.7625140179846623,-0.5248999428890697,176.698,183.18778014387715,170.20821985612287,0.5456101737559256,0.025070569778665088,0.018133905597818207,0.025042022977397688,0.013085714285714145,0.006243260116919114,0.024141237520446834,1,2024-06-12,2,6,2
2024-06-13,188.39,191.08,181.23,182.47,118984122,TSLA,0.029217665971007944,2.9217665971007944,1.0543508249186118,0.31634972074062717,176.338,176.377,177.122,172.475,1.0347741269607231,1.0345453205349904,1.0301938776662412,61.66176863478492,0.7546491957501757,0.760941053537765,-0.006291857787589228,177.122,183.9652697632567,170.2787302367433,0.890748880653134,0.027312462086007218,0.019867062664506257,0.025364214280621657,0.0254580195571541,0.02058280664466694,0.002959390584753585,1,2024-06-13,3,6,2
2024-06-14,185.8,186.0,176.92,178.01,82038194,TSLA,-0.024442374088891383,-2.4442374088891383,1.0513226316979427,-0.310511414287698,176.44400000000002,176.37,177.2805,172.613,1.008875337217474,1.0092986335544594,1.0041149477804947,48.309975267930724,0.7953502253713225,0.7678228879044765,0.02752733746684599,177.2805,184.047645009457,170.51335499054298,0.5539001306297215,0.03046450818572361,0.021558055025635167,0.026068224467249355,0.0029862519720531555,-0.00039308176100638637,0.02567271501601054,1,2024-06-14,4,6,2
2024-06-17,177.92,188.81,177.0,187.44,109786083,TSLA,0.05297455199146128,5.297455199146128,1.066723163841808,0.33823134868132265,179.17399999999998,177.48499999999999,177.77949999999998,173.06380000000001,1.0461339256811815,1.056089246978618,1.0543397860833224,62.33556427417494,1.5704253884605635,0.9283433880156939,0.6420820004448695,177.77949999999998,185.93232831131348,169.62667168868649,1.0924631079618317,0.0348417595009424,0.02681128520770805,0.0284036637885561,0.07854306922147414,0.06324805717851278,-0.00048015364916775827,0,2024-06-17,0,6,2
2024-06-18,186.56,187.2,182.37,184.86,68982265,TSLA,-0.013764404609474923,-1.3764404609474923,1.0264846191807862,-0.37166657999812236,182.01399999999998,178.49399999999997,178.275,173.3014,1.0156361598558354,1.0356650643719119,1.036937315944468,59.55898566703421,1.9539694576790794,1.133468601948371,0.8205008557307083,178.275,186.8949633654165,169.65503663458352,0.881962180165359,0.0338519103201942,0.027179701160197654,0.028391646067188938,0.0832063752490333,0.05773302054128293,0.06226333441523302,1,2024-06-18,1,6,2
2024-06-20,184.68,185.21,179.66,181.57,55893139,TSLA,-0.017797251974467243,-1.7797251974467243,1.0308916842925526,-0.18974624854663735,182.87,179.15099999999998,178.0235,173.39519999999996,0.9928911248427844,1.0135025760392071,1.0199215272141036,53.01911381407472,1.9697493471502128,1.3007247509887394,0.6690245961614734,178.0235,185.88050163783313,170.1664983621669,0.7256904200530412,0.03400897527118157,0.02819534469055864,0.024463994412291273,0.024141237520446834,0.0375428571428571,0.08729415652365469,1,2024-06-20,3,6,2
2024-06-21,182.3,183.95,180.69,183.01,63029482,TSLA,0.007930825576912381,0.7930825576912381,1.0180419503016216,0.12767833633391024,182.978,179.658,178.1685,173.6202,1.0001748844123337,1.0186576717986398,1.027173714770007,55.270472525122926,2.074537017281159,1.4554872042472236,0.6190498130339355,178.1685,186.29021170706653,170.04678829293346,0.7980590899198936,0.03149613935050887,0.02788735705414324,0.023199180799938716,0.002959390584753585,0.02849275036529164,0.08125239057974976,1,2024-06-21,4,6,2
2024-06-24,184.97,188.8,182.55,182.58,61992070,TSLA,-0.0023495983826019584,-0.23495983826019584,1.034237195288962,-0.016459154780932517,183.892,180.168,178.61049999999997,173.7798,0.9928653775041874,1.0133875049953378,1.0222243373149957,56.925787271526126,2.0986921774432403,1.584128198886427,0.5145639785568132,178.61049999999997,186.67945147431223,170.54154852568772,0.7459737186818547,0.028439348826381702,0.027882066104810466,0.021590131334211105,0.02567271501601054,0.028735632183908066,0.1494139555263445,1,2024-06-24,0,6,2
2024-06-25,184.4,187.97,182.01,187.35,63678265,TSLA,0.026125534012487517,2.6125534012487517,1.0327454535465084,0.027200172538197176,183.87399999999997,181.524,179.01600000000002,174.1058,1.0189042496492164,1.0320949295960864,1.0465544979219734,62.92642827784627,2.47421326101815,1.7621452113127718,0.7120680497053782,179.01600000000002,187.9832724245955,170.04872757540454,0.9646897967068246,0.017728218574875807,0.027342056950787726,0.021232199971892768,-0.00048015364916775827,0.0780252028310029,0.23437416599946626,1,2024-06-25,1,6,2
2024-06-26,186.54,197.755,186.36,196.37,95737066,TSLA,0.04814518281291713,4.814518281291713,1.0611450955140587,0.5034496621413915,186.17600000000002,184.095,179.997,174.80360000000002,1.054754640770024,1.0666775306227763,1.090962627154897,68.5987815491732,3.4597729332091376,2.1016707556920453,1.3581021775170923,179.997,191.77330287797284,168.2206971220272,1.1951672426252355,0.025571008873792843,0.028367614203402947,0.02316624593258749,0.06226333441523302,0.15065041603187623,0.254723226562102,1,2024-06-26,2,6,2
2024-06-27,195.17,198.72,194.05,197.42,72746521,TSLA,0.005347048938228793,0.5347048938228793,1.0240659623808297,-0.24014256923227628,189.346,186.108,181.0585,175.6098,1.0426415134198768,1.0607819115782233,1.0903658209915579,67.53059755219581,4.276268141527311,2.5365902328590986,1.7396779086682121,181.0585,195.01533763759434,167.10166236240568,1.0861463902083526,0.020283848343916767,0.02712196143575182,0.023076079293787008,0.08729415652365469,0.11354278301088616,0.27403505217303215,1,2024-06-27,3,6,2
2024-06-28,199.55,203.2,195.26,197.88,95438068,TSLA,0.002330057744909464,0.2330057744909464,1.0406637304107345,0.3119262156880327,192.32,187.649,182.01299999999998,176.4584,1.028910149750416,1.0545220065121583,1.087175091889041,68.35853131749461,4.90393512079055,3.010059210445389,1.8938759103451606,182.01299999999998,197.8068270419693,166.21917295803064,1.0023165049812257,0.021052715863332353,0.02645511275637414,0.022993732574039905,0.08125239057974976,0.08445223872417373,0.27824944410754004,1,2024-06-28,4,6,2
2024-07-01,201.02,213.23,200.85,209.86,135691395,TSLA,0.06054174247018396,6.054174247018396,1.0616380383370674,0.42177432803857684,197.776,190.834,183.602,177.657,1.0610994256128146,1.0996992150245763,1.1430158712868053,78.24588880187943,6.295481214278368,3.6671436112119853,2.6283376030663828,183.602,203.57225219248969,163.63174780751032,1.157427851859452,0.025686424214622486,0.028300521287879014,0.02595433606402982,0.1494139555263445,0.17892253244199785,0.2500238254074143,1,2024-07-01,0,7,3
2024-07-02,218.89,231.3,218.06,231.26,205047920,TSLA,0.10197274373391774,10.197274373391775,1.0607172337888655,0.5111342911612045,206.558,195.21599999999998,186.3505,179.34120000000001,1.1195886869547536,1.1846365052044916,1.2409947920719289,86.89722357525574,9.021103011577594,4.737935491285107,4.283167520292487,186.3505,215.22805163480984,157.47294836519018,1.2775849657881795,0.04147750068064868,0.03785858440588495,0.03288848902002588,0.23437416599946626,0.23378147673922323,0.13837239470725593,1,2024-07-02,1,7,3
2024-07-03,234.56,248.35,234.25,246.39,166561471,TSLA,0.06542419787252451,6.542419787252451,1.0601921024546423,-0.18769490078221718,216.56199999999998,201.369,189.9315,181.428,1.1377342285350154,1.2235746316463805,1.297257169031993,88.12624144780402,12.26070865890236,6.242490124808558,6.018218534093801,189.9315,228.79766457049885,151.06533542950115,1.2263194172091592,0.04264718233243901,0.03786376180404126,0.034325329244375154,0.254723226562102,0.3328464784160985,-0.02175412963188439,0,2024-07-03,2,7,3
2024-07-05,249.81,252.37,242.4601,251.52,154501152,TSLA,0.020820650188725365,2.0820650188725365,1.040872291977113,-0.07240761580449784,227.38199999999998,208.36399999999998,193.7575,183.5648,1.1061561601182153,1.2071183121844467,1.2981174922261074,88.11968643038534,15.068368825223416,8.00766586489153,7.060702960331886,193.7575,240.66766537798088,146.8473346220191,1.1156714598485842,0.03928683240149288,0.034272634475306506,0.034106882481662014,0.27403505217303215,0.3852508674340476,-0.013080470737913519,0,2024-07-05,4,7,3
2024-07-08,247.71,259.439,244.57,252.94,157219580,TSLA,0.005645674300254422,0.5645674300254422,1.060796499979556,0.01759487204341359,238.394,215.35700000000003,197.5075,185.38099999999997,1.0610166363247397,1.174514875300083,1.280660228092604,92.80246772535132,17.20965962419035,9.848064616751294,7.361595007439057,197.5075,250.6682337777566,144.3467662222434,1.0213669569699764,0.03829184034864739,0.03447006540896705,0.034232909051810506,0.27824944410754004,0.3821102671985137,-0.0011860520281490317,0,2024-07-08,0,7,3
2024-07-09,251.0,265.61,250.3,262.33,160742516,TSLA,0.03712342848106265,3.712342848106265,1.061166600079904,0.02240774336122775,248.888,223.33199999999997,201.75,187.22400000000002,1.0540082286008163,1.174618952948973,1.300272614622057,92.79917704880559,19.440247462421524,11.76650118588534,7.673746276536184,201.75,261.33573089520524,142.16426910479473,1.0083431812437056,0.03824695272955372,0.03209995033766638,0.034110417497613586,0.2500238254074143,0.43679482966370897,-0.02199519688941398,0,2024-07-09,1,7,3
2024-07-10,262.8,267.59,257.86,263.26,128519430,TSLA,0.0035451530515000496,0.35451530515000496,1.037733653920732,-0.20046398925347164,255.288,230.923,206.2235,189.1234,1.0312274764187896,1.1400336908839743,1.2765761419042931,95.6663560111836,21.040505769156255,13.621302102539524,7.419203666616731,206.2235,270.2402021873776,142.20679781262243,0.9454813982220885,0.025602893523763097,0.03372988417158483,0.032984243591420444,0.13837239470725593,0.40517747531358417,-0.05606624629643697,0,2024-07-10,2,7,3
2024-07-11,263.3,271.0,239.65,241.03,221707273,TSLA,-0.0844412368001215,-8.44412368001215,1.130815773002295,0.7250875840330135,254.21600000000004,235.38900000000004,209.74200000000002,190.063,0.9481307234792459,1.0239645862805822,1.1491737467936798,78.37373544569576,20.28115822293239,14.953273326618099,5.327884896314291,209.74200000000002,273.262057868196,146.22194213180404,0.7462844103898845,0.04724010695442921,0.050109435150804876,0.03980916265703632,-0.02175412963188439,0.22742781483933383,0.03402066132846526,1,2024-07-11,3,7,3
2024-07-12,235.8,251.84,233.0912,248.23,155955773,TSLA,0.029871800190847564,2.9871800190847564,1.0804354690352962,-0.29656898084710104,253.558,240.46999999999997,213.289,191.362,0.9789870562159348,1.0322701376471077,1.1638199813398722,79.50063325493036,20.02946247335035,15.96851115596455,4.0609513173858005,213.289,277.100991910447,149.47700808955295,0.7737808282887938,0.04855823310134291,0.0498123027548437,0.039613735508970176,-0.013080470737913519,0.2573700739540068,-0.0363775530757765,0,2024-07-12,4,7,3
2024-07-15,255.97,265.6,251.73,252.64,146912920,TSLA,0.017765781734681463,1.7765781734681463,1.055098716879196,-0.05798344508862774,253.49799999999996,245.946,216.79749999999999,192.815,0.9966153579120941,1.027217356655526,1.165327090948927,80.588543485854,19.95580383794163,16.765969692359967,3.1898341455816634,216.79749999999999,281.188342720963,152.40665727903695,0.778319854853609,0.04931024092506876,0.04929288077256748,0.039521317850835506,-0.0011860520281490317,0.2767333737618758,-0.0044727675744141715,0,2024-07-15,0,7,3
2024-07-16,255.31,258.62,245.8001,256.56,126332470,TSLA,0.01551614946168467,1.551614946168467,1.052155796519204,-0.14008604552955584,252.344,250.61599999999999,220.725,194.34600000000003,1.0167073518688774,1.0237175599323267,1.162351342167856,80.44338875692796,19.983384065607822,17.409452567009538,2.5739314985982844,220.725,284.73558974888454,156.71441025111545,0.7799146214757728,0.046175292934731604,0.04780348913565384,0.038299778375544324,-0.02199519688941398,0.2225293052511197,-0.0396788275647022,0,2024-07-16,1,7,3
2024-07-17,252.73,258.47,246.182,248.5,115584810,TSLA,-0.031415653258497045,-3.1415653258497045,1.049914291052961,-0.08507440723671433,249.392,252.34,223.77800000000002,195.6922,0.996423301469173,0.9847824363953396,1.1104755606002377,73.12572087658593,19.13429867058153,17.754421787723935,1.3798768828575945,223.77800000000002,286.9229165683276,160.63308343167245,0.6957560587893794,0.04746166741857914,0.04091275638728997,0.03901753447249313,-0.05606624629643697,0.07454812764853425,-0.13082494969818914,0,2024-07-17,2,7,3
2024-07-18,251.09,257.14,247.2,249.23,110869037,TSLA,0.002937625754527051,0.2937625754527051,1.040210355987055,-0.04079924516032862,251.032,252.62400000000002,226.99649999999997,196.9816,0.9928216323018578,0.986565013617075,1.0979464441081692,73.04920366580657,18.309239758004452,17.865385381780037,0.44385437622441515,226.99649999999997,288.3249531801812,165.66804681981876,0.6812657815995998,0.023472272835069197,0.035591063767932946,0.038547257467970754,0.03402066132846526,0.011526441819879052,-0.11627813666091558,0,2024-07-18,3,7,3
2024-07-19,247.79,249.44,236.83,239.2,87403903,TSLA,-0.0402439513702203,-4.0243951370220294,1.053244943630452,-0.21164731502087464,249.22599999999997,251.392,229.878,198.20940000000002,0.9597714524166822,0.9515020366598778,1.0405519449447098,66.93998032141687,16.654059815010953,17.62312026842622,-0.9690604534152669,229.878,287.52465274438373,172.2313472556162,0.5808546511914191,0.027020006640917187,0.0371570731146735,0.03987924623847196,-0.0363775530757765,-0.04898218829516543,-0.08110367892976578,0,2024-07-19,4,7,3
2024-07-22,244.21,253.21,243.75,251.51,101225430,TSLA,0.05146321070234117,5.146321070234117,1.0388102564102564,0.15813397944025454,249.0,251.24900000000002,233.30299999999997,199.7452,1.0100803212851406,1.0010388101047167,1.0780401452188786,67.02919290211791,16.149470858933313,17.328390386527637,-1.1789195275943243,233.30299999999997,287.24569907186583,179.36030092813408,0.6687624119043758,0.037093645488606074,0.041140542371237626,0.04067445478346377,-0.0044727675744141715,-0.005653514667510073,-0.07717386982624941,0,2024-07-22,0,7,3
2024-07-23,253.6,255.7594,245.63,246.38,111928192,TSLA,-0.020396803308019518,-2.0396803308019518,1.0412384480723038,0.10573194897764338,246.964,249.65399999999994,236.493,201.2334,0.9976352828752368,0.9868858500164229,1.041806734237377,57.13073005093379,15.160867308058442,16.8948857708338,-1.7340184627753565,236.493,285.08644426219587,187.8995557378041,0.6017318297778264,0.03672891151703569,0.03939026403243431,0.04131690791413523,-0.0396788275647022,-0.060801280829489546,-0.0964363990583651,0,2024-07-23,1,7,3
2024-07-24,225.42,225.99,214.71,215.99,167942939,TSLA,-0.12334605081581296,-12.334605081581296,1.0525359787620512,0.5004525312085806,240.462,244.927,237.925,202.18380000000002,0.8982292420424018,0.8818545934094649,0.9078070820636756,37.467018469657,11.789273445600287,15.873763305787097,-4.08448986018681,237.925,281.8881652038024,193.96183479619762,0.25052979126599795,0.0643203709674039,0.05390318134820687,0.05160764682823096,-0.13082494969818914,-0.17955633214312838,0.07444789110606975,1,2024-07-24,2,7,3
2024-07-25,216.8,226.0,216.231,220.25,100636466,TSLA,0.019723135330339314,1.9723135330339314,1.0451785359176067,-0.4007698888727915,234.666,242.849,239.119,203.15099999999998,0.9385680072954753,0.9069421739434793,0.9210894993706062,37.01519807324972,9.353189667941024,14.569648578217883,-5.2164589102768595,239.119,279.4797010006409,198.7582989993591,0.2662453880607725,0.06660054213564054,0.0495773706159321,0.050842120293384786,-0.11627813666091558,-0.08621333443969625,-0.01539160045402943,0,2024-07-25,3,7,3
2024-07-26,221.19,222.2799,215.33,219.8,94604145,TSLA,-0.0020431328036322194,-0.20431328036322194,1.0322755770213161,-0.059941701450446416,230.786,240.00600000000003,240.238,203.996,0.9523974591179708,0.9158104380723815,0.9149260316852456,36.12692565304755,7.3020905296844205,13.116136968511192,-5.814046438826772,240.238,276.7923814639299,203.6836185360701,0.2204439087532198,0.06625499050528709,0.04788013445285971,0.05088167620072161,-0.08110367892976578,-0.11453087862063405,-0.05518653321201106,0,2024-07-26,4,7,3
2024-07-29,224.9,234.27,224.7,232.1,129201789,TSLA,0.05595996360327571,5.595996360327571,1.0425901201602137,0.36570959972208406,226.904,237.952,241.949,205.1582,1.0228995522335438,0.9754068047337278,0.9592930741602569,37.64609726195341,6.593085899657922,11.81152675474054,-5.218440855082617,241.949,272.93468355326587,210.96331644673415,0.34107176491573726,0.06740194515260597,0.05179355990169147,0.05204252245661099,-0.07717386982624941,-0.08130145661811272,-0.1431279620853081,0,2024-07-29,0,7,3
2024-07-30,232.25,232.41,220.0,222.62,100560334,TSLA,-0.04084446359327876,-4.084446359327876,1.0564090909090909,-0.22168001868766696,222.152,234.558,242.587,206.1138,1.0021066657063633,0.9491042727171958,0.9176913849464317,34.476699770817405,5.206223743373272,10.490466152467086,-5.284242409093814,242.587,271.2274212700562,213.94657872994378,0.15141923347203617,0.06849695629139746,0.05211437390405686,0.05172760373121804,-0.0964363990583651,-0.13228874337386964,-0.09873326745126232,0,2024-07-30,1,7,3
2024-07-31,227.9,234.68,226.7875,232.07,67497011,TSLA,0.042449016260893035,4.2449016260893035,1.0348013007771593,-0.328790902782801,225.368,232.91500000000002,242.6275,207.206,1.029738028468993,0.9963720670630916,0.9564867956023122,46.207246867592275,4.814166797641718,9.355206281502012,-4.541039483860294,242.6275,271.2026963662263,214.0523036337737,0.31526811111474695,0.03828359848327988,0.05437169301465322,0.04733512036299843,0.07444789110606975,-0.0661167002012073,-0.17369759124402118,0,2024-07-31,2,7,3
2024-08-01,227.69,231.867,214.3328,216.86,83861898,TSLA,-0.0655405696557072,-6.55405696557072,1.081808290658266,0.24245350657083176,224.69,229.67799999999997,241.15099999999998,208.04420000000002,0.9651519871823402,0.944191433223905,0.8992705815028759,37.564417664314604,3.238804041896003,8.13192583358081,-4.893121791684807,241.15099999999998,271.87825647574624,210.42374352425372,0.1047320394651338,0.05215690404513173,0.057426569946998435,0.047051741314084204,-0.01539160045402943,-0.12988003049392116,-0.08309508438624003,0,2024-08-01,3,8,3
2024-08-02,214.88,216.13,205.78,207.67,82880120,TSLA,-0.042377570782993756,-4.237757078299376,1.050296433083876,-0.011707080610076304,222.26399999999998,226.525,238.95850000000002,208.46560000000002,0.9343393442032898,0.9167641540668799,0.8690630381426062,32.82407761057215,1.234530611703292,6.752446789205307,-5.517916177502015,238.95850000000002,272.6821461005593,205.23485389944074,0.036104430898396635,0.05519518547191371,0.05754584259261961,0.04732846710127095,-0.05518653321201106,-0.13181438127090306,-0.03693359657148354,0,2024-08-02,4,8,3
2024-08-05,185.22,203.8799,182.0,198.88,100308836,TSLA,-0.04232676843068328,-4.232676843068328,1.1202192307692307,0.21028825730464673,215.61999999999998,221.262,236.25549999999998,208.84099999999998,0.922363417122716,0.8988439045113937,0.8418005083479538,28.759758432758858,-1.0510343904329602,5.191750553277654,-6.242784943710614,236.25549999999998,273.7192511680148,198.7917488319852,0.001177820763583235,0.04163645695610213,0.05346159621021843,0.04779080404257342,-0.1431279620853081,-0.2092560931970896,-0.00698913917940458,0,2024-08-05,0,8,3
2024-08-06,200.75,202.9,192.67,200.64,73783942,TSLA,0.008849557522123908,0.8849557522123908,1.0530959671977995,-0.2644322779301317,211.224,216.68800000000002,233.171,209.379,0.9498920577207135,0.925939599793251,0.8604843655514622,31.518381217176383,-2.6893427608766842,3.6155318904467864,-6.304874651323471,233.171,271.73763837813016,194.60436162186983,0.07824947457117191,0.044173346903130295,0.05434408821456405,0.04670342147222223,-0.09873326745126232,-0.18564818572936115,0.03583532695374814,1,2024-08-06,1,8,3
2024-08-07,200.77,203.49,191.48,191.76,71159778,TSLA,-0.04425837320574155,-4.425837320574155,1.0627219552955924,-0.035565516410061115,203.162,214.26500000000001,229.596,209.62939999999998,0.9438772998887587,0.8949665134296314,0.8352061882611195,29.12155779989827,-4.650645982610314,1.9622963158353663,-6.61294229844568,229.596,269.6459479728947,189.54605202710528,0.02763983581692898,0.027507441180172777,0.041761175843893605,0.047074562951768525,-0.17369759124402118,-0.11218111949627307,0.050166875260742705,1,2024-08-07,2,8,3
2024-08-08,195.7,200.7,192.04,198.84,65033874,TSLA,0.03692115143929908,3.6921151439299082,1.045094771922516,-0.08608660920780276,199.558,212.12399999999997,227.48649999999998,210.07119999999998,0.9964020485272452,0.9373762516264074,0.8740738461403205,35.01633501633502,-5.569494421488656,0.4559381683705619,-6.025432589859218,227.48649999999998,269.4016711134964,185.57132888650358,0.1582800542262847,0.03742833697261026,0.043487314000943085,0.04539472461264511,-0.08309508438624003,-0.09720771850170262,0.07694628847314422,1,2024-08-08,3,8,3
2024-08-09,197.05,200.88,195.11,200.0,58648274,TSLA,0.005833836250251467,0.5833836250251467,1.0295730613500076,-0.09818883002418088,198.02399999999997,210.144,225.075,210.54739999999998,1.009978588453925,0.951728338663012,0.8885926913251139,29.150813567554437,-6.133384287601444,-0.8619263228238394,-5.271457964777605,225.075,267.5115673992558,182.63843260074418,0.2045590449848717,0.035288632152199295,0.043704585612454924,0.0446353062499022,-0.03693359657148354,-0.09008189262966337,0.0806,1,2024-08-09,4,8,3
2024-08-12,199.02,199.26,194.67,197.49,64044903,TSLA,-0.01254999999999995,-1.254999999999995,1.0235783633841886,0.09201684264399668,197.746,206.683,222.31750000000002,210.9214,0.998705409970366,0.955521257190964,0.8883241310288214,29.78248283847489,-6.705510145238549,-2.0306430873067813,-4.674867057931767,222.31750000000002,264.37791413065395,180.2570858693461,0.20485906388275954,0.029943320920516363,0.03738417940022431,0.04416329543266536,-0.00698913917940458,-0.14911676001723384,0.1277533039647576,1,2024-08-12,0,8,3
2024-08-13,198.47,208.49,197.06,207.83,76247387,TSLA,0.05235708137120865,5.235708137120865,1.0580026387902162,0.1905301347712245,199.184,205.204,219.881,211.5164,1.0434071009719657,1.0127970215005555,0.9451930817123808,45.954788816180844,-6.252497524923001,-2.8750139748300256,-3.3774835500929754,219.881,259.1418839217331,180.6201160782669,0.34652663419367025,0.03860485887261389,0.04170030098497291,0.04606725565146598,0.03583532695374814,-0.06643607941784202,0.06385026223355617,1,2024-08-13,1,8,3
2024-08-14,207.39,208.44,198.75,201.38,70250014,TSLA,-0.031034980512919308,-3.103498051291931,1.048754716981132,-0.07865676760831164,201.108,202.13500000000002,217.525,212.0182,1.0013525071106073,0.9962648724862095,0.9257786461326284,40.84425036390101,-6.3408494887792415,-3.568181077619869,-2.7726684111593727,217.525,255.17702419944783,179.87297580055218,0.2856024962366196,0.034380711828377236,0.038557668893841414,0.04605777680470221,0.050166875260742705,-0.1322445813763089,0.10869997020558153,1,2024-08-14,2,8,3
2024-08-15,205.02,215.88,204.82,214.14,89848530,TSLA,0.06336279670275102,6.336279670275102,1.0539986329460014,0.2789823785657892,204.168,201.863,215.7705,212.80559999999997,1.0488421300105795,1.0608184758970192,0.9924433599588451,47.54680998613036,-5.319918981956874,-3.9185286584872703,-1.4013903234696041,215.7705,250.3465540654491,181.19444593455088,0.47642154311603,0.0409114575825353,0.040682769221774426,0.04881087735186659,0.07694628847314422,-0.012542654246979756,-0.01625105071448585,0,2024-08-15,3,8,3
2024-08-16,211.15,219.8,210.8,216.12,88765122,TSLA,0.009246287475483506,0.9246287475483506,1.0426944971537002,-0.012058160550873831,207.392,202.70800000000003,214.6165,213.628,1.0420845548526463,1.0661641375772046,1.0070055191469436,42.39337395277989,-4.301470077956935,-3.995116942381203,-0.30635313557573207,214.6165,247.39386078454183,181.83913921545818,0.5229350375383041,0.040736024804932505,0.0379661421134518,0.0482562647574675,0.0806,0.04068955554485498,0.019433647973348123,1,2024-08-16,4,8,3
2024-08-19,217.07,222.98,214.09,222.72,76435222,TSLA,0.030538589672404193,3.0538589672404193,1.0415245924611145,-0.1389047828943445,212.43800000000002,205.092,213.177,214.52360000000002,1.0484000037658046,1.0859516704698378,1.0447656173039306,50.04894283476899,-2.9280246964417813,-3.781698493193319,0.8536737967515378,213.177,241.33550332446148,185.0184966755385,0.6694514777656868,0.037546079419772,0.03481182192872742,0.04720758056603483,0.1277533039647576,0.11987127916331453,-0.0426993534482758,0,2024-08-19,0,8,3
2024-08-20,224.88,228.22,219.56,221.1,74001182,TSLA,-0.007273706896551713,-0.7273706896551713,1.0394425214064493,-0.031844481330871255,215.092,207.138,211.913,215.396,1.0279322336488572,1.067404339136228,1.0433526966255018,44.18530690130394,-1.9478264665203255,-3.414924087858721,1.4670976213383953,211.913,235.73100300966578,188.09499699033424,0.6928583180603288,0.03608393441742309,0.035339549722199715,0.04707293839603075,0.06385026223355617,0.10197368421052633,-0.05377657168701944,0,2024-08-20,1,8,3
2024-08-21,222.67,224.6594,218.86,223.27,70145964,TSLA,0.009814563545906818,0.9814563545906818,1.026498218038929,-0.05209670840122527,219.46999999999997,210.28900000000004,212.277,216.3856,1.017314439331116,1.0617293343921934,1.0517861096586065,53.942674375691965,-0.9845620246557019,-2.9288516752181173,1.9442896505624154,212.277,236.5750251309275,187.9789748690725,0.7262117999459902,0.027148492918654267,0.02975761757517673,0.03786871841054361,0.10869997020558153,0.164319983312474,-0.07847001388453445,0,2024-08-21,2,8,3
2024-08-22,223.82,224.8,210.32,210.66,79514482,TSLA,-0.0564787029157523,-5.64787029157523,1.0688474705211108,0.1335574773767454,218.77400000000003,211.471,211.79749999999999,217.18560000000002,0.9629114977099654,0.9961649587886755,0.9946293039341825,51.76484476449061,-1.2245735072443438,-2.587996041623363,1.3634225343790192,211.79749999999999,235.80986161909823,187.78513838090174,0.47631428307544565,0.03285237562545616,0.03630234855904758,0.03981135524916262,-0.01625105071448585,0.05944477972238982,-0.020791797208772445,0,2024-08-22,3,8,3
2024-08-23,214.455,221.48,214.21,220.32,81525207,TSLA,0.045855881515237895,4.5855881515237895,1.0339386583259418,0.02528753189890609,219.61399999999998,213.503,211.82350000000002,218.0462,1.0032147313012831,1.0319292937335776,1.0401112246752602,62.526291189530255,-0.6280631473665323,-2.1960094627719973,1.567946315405465,211.82350000000002,235.8734421380205,187.77355786197955,0.6766428366280325,0.039602978678401575,0.03838183732345566,0.041191854723739985,0.019433647973348123,0.10159999999999991,-0.02818627450980382,0,2024-08-23,4,8,3
2024-08-26,218.75,219.09,211.01,213.21,59301187,TSLA,-0.032271241830065245,-3.2271241830065245,1.0382920240746885,-0.2726030490177106,217.712,215.075,210.879,218.66099999999997,0.9793213052105535,0.991328606300128,1.0110537322350732,56.91191026064006,-0.7207337982045487,-1.9009543298585077,1.180220531653959,210.879,232.9808836063218,188.77711639367817,0.5527330620665579,0.03923517240683447,0.04015676067405061,0.03968464283220205,-0.0426993534482758,0.07959896703630553,-0.012241452089489346,0,2024-08-26,0,8,3
2024-08-27,213.25,215.66,206.94,209.21,62821390,TSLA,-0.018760846114159735,-1.8760846114159735,1.0421378177249445,0.05936142559844537,215.334,215.21300000000002,210.20850000000002,219.285,0.9715604595651407,0.9721067035913258,0.9952499542121275,60.13945380592679,-1.1042138374855597,-1.7416062313839182,0.6373923938983586,210.20850000000002,231.61330051911693,188.8036994808831,0.476675792911309,0.03951218013425489,0.037733653510431966,0.038889753277976453,-0.05377657168701944,0.00664004234229898,0.04875483963481653,1,2024-08-27,1,8,3
2024-08-28,209.72,211.84,202.59,205.75,64116350,TSLA,-0.016538406385928073,-1.6538406385928073,1.0456587195814206,0.0206133611497612,211.83,215.65,208.8925,219.6512,0.9712977387527734,0.9540922791560399,0.9849563770839067,54.191435157102994,-1.66808892424433,-1.7269027699560007,0.0588138457116707,208.8925,227.71914391368426,190.06585608631576,0.4165411526768223,0.03787046378628743,0.03661527325203477,0.037523627451333606,-0.07847001388453445,0.021700268149766666,0.11868772782503023,1,2024-08-28,2,8,3
2024-08-29,209.8,214.89,205.97,206.28,62308818,TSLA,0.002575941676792315,0.2575941676792315,1.0433072777588968,-0.028191436349698673,210.954,214.86399999999998,208.3635,220.0796,0.9778435109075913,0.9600491473676374,0.9900006479061833,53.83863080684596,-2.0485826369557003,-1.7912387433559407,-0.2573438935997596,208.3635,226.8387993281081,189.88820067189187,0.4436139040835411,0.030426390191883524,0.029856436007895573,0.03476071740466021,-0.020791797208772445,-0.03670495937237317,0.021572619740158894,1,2024-08-29,3,8,3
2024-08-30,208.63,214.5701,207.03,214.11,63370608,TSLA,0.03795811518324621,3.795811518324621,1.0364203255566826,0.01704076620423134,209.712,214.663,208.6855,220.7304,1.0209716182192723,0.9974238690412414,1.0259936603166009,59.53856749311294,-1.698729190938053,-1.7727368328723632,0.07400764193431009,208.6855,227.33358100752437,190.0374189924756,0.6454439198813882,0.027240509703067205,0.03246660075083452,0.03448075211870588,-0.02818627450980382,-0.009300388672959459,0.010088272383354413,1,2024-08-30,4,8,3
2024-09-03,215.26,219.9043,209.64,210.6,76714222,TSLA,-0.01639344262295095,-1.639344262295095,1.048961553138714,0.2105647147964873,209.19,213.45100000000002,209.2715,221.28220000000002,1.0067402839523878,0.9866433045523327,1.0063482127284413,51.724996886287194,-1.685268750998972,-1.7552432164976852,0.06997446549871311,209.2715,227.35007967756115,191.19292032243885,0.5367423775455354,0.024066491933532868,0.03083938937472307,0.033185785361807205,-0.012241452089489346,-0.05441810344827591,0.07393162393162389,1,2024-09-03,1,9,3
2024-09-04,210.59,222.22,210.57,219.41,80217329,TSLA,0.041832858499525116,4.183285849952512,1.055326019850881,0.04566437498381992,211.23000000000002,213.282,210.20999999999998,222.0188,1.0387255598163139,1.028731913616714,1.0437657580514723,60.90744101633393,-0.9527254575880306,-1.5947396647157543,0.6420142071277237,210.20999999999998,228.3506040635229,192.06939593647706,0.7535747973933061,0.02850851067587931,0.034191391298394866,0.03427323163913721,0.04875483963481653,-0.00764360018091359,0.03974294699421166,1,2024-09-04,2,9,3
2024-09-05,223.49,235.0,222.25,230.17,119355013,TSLA,0.04904060890570161,4.904060890570161,1.0573678290213724,0.48789562664196917,216.11399999999998,213.97199999999998,212.13049999999998,222.8752,1.06503974754065,1.0757014936533753,1.0850396336217565,59.9380037197768,0.49040932166653306,-1.177709867439297,1.66811918910583,212.13049999999998,230.17938038516294,194.08161961483702,0.9997401394168841,0.02839683310554674,0.03755753877750666,0.0335523995047916,0.11868772782503023,0.030904286290141858,-0.0015640613459616537,0,2024-09-05,3,9,3
2024-09-06,232.6,233.6,210.51,210.73,112177004,TSLA,-0.08445931268193074,-8.445931268193075,1.1096860006650515,-0.06013998758476946,217.004,213.97899999999998,212.725,223.1624,0.9710880905421099,0.9848162670168568,0.9906216946762252,47.25308327387626,0.06471253251652342,-0.929225387448133,0.9939379199646564,212.725,229.68082682023848,195.7691731797615,0.4411706659560013,0.05665983009339817,0.043161727041748955,0.03891845226402632,0.021572619740158894,0.00033228899648718446,0.09282019645992512,1,2024-09-06,4,9,3
2024-09-09,216.2,219.87,213.67,216.27,67443518,TSLA,0.026289564846011526,2.6289564846011526,1.0290167080076755,-0.39877590241222705,217.43599999999998,213.57399999999998,213.53849999999997,223.5394,0.9946375025294801,1.0126232593855058,1.0127916043242788,46.67697063369398,0.17238926429334356,-0.7089024570998378,0.8812917213931813,213.53849999999997,229.45294927697768,197.62405072302226,0.5858182382707866,0.05521554587432486,0.041299853733128916,0.03924674666969099,0.010088272383354413,-0.018382352941176405,0.048596661580431855,1,2024-09-09,0,9,3
2024-09-10,220.07,226.4,218.6377,226.17,78891136,TSLA,0.04577611319184349,4.577611319184349,1.035503026239299,0.16973637110685713,220.55,214.86999999999998,214.9725,224.1052,1.0254817501700293,1.0525899381021082,1.0520880577748317,52.406721731700365,1.0445304158074862,-0.358215882518373,1.4027462983258592,214.9725,229.93845698313584,200.00654301686416,0.8740990306405972,0.056663748992386874,0.04211546494023683,0.040059563917178354,0.07393162393162389,0.06078514140987745,0.007516469912013157,1,2024-09-10,1,9,3
2024-09-11,224.55,228.47,216.8003,228.13,83548633,TSLA,0.008666047663262288,0.8666047663262288,1.0538269550365014,0.05903701272599249,222.29399999999995,216.762,215.9875,224.4706,1.0262535201130036,1.0524446166763546,1.0562185311649979,52.31164383561643,1.872281683622731,0.08788363070984778,1.7843980529128831,215.9875,231.65109759039098,200.32390240960905,0.8876025264926672,0.05474805240873896,0.04115288138832217,0.03865545708984819,0.03974294699421166,0.09043544763634626,-0.004076622978126498,0,2024-09-11,2,9,3
2024-09-12,224.66,231.45,223.83,229.81,72020042,TSLA,0.007364222154035094,0.7364222154035094,1.0340436938748157,-0.13798659039699668,222.22199999999998,219.16799999999998,217.40899999999996,224.4416,1.0341460341460342,1.0485563585924953,1.0570399569475046,60.165622677566624,2.6334853073113607,0.5970039660301504,2.03648134128121,217.40899999999996,232.6452005209896,202.17279947901034,0.9069584140388619,0.05011650522634376,0.04015618184636253,0.0376928311345795,-0.0015640613459616537,0.11693803159173766,0.06139854662547317,1,2024-09-12,3,9,3
2024-09-13,228.0,232.67,226.32,230.29,59515114,TSLA,0.002088681954658167,0.2088681954658167,1.028057617532697,-0.17363122337529324,226.13399999999996,221.56900000000002,218.2165,224.1196,1.018378483553999,1.0393601993058594,1.0553280801405942,55.86401599811787,3.2381492824826523,1.125233029320651,2.1129162531620014,218.2165,234.40529570307203,202.02770429692796,0.8728967929871675,0.01798356896101439,0.04016899935404351,0.03531179156528595,0.09282019645992512,0.11639519100252071,0.03456511355247738,1,2024-09-13,4,9,3
2024-09-16,229.3,229.96,223.53,226.78,54322995,TSLA,-0.015241651830300906,-1.5241651830300906,1.0287657137744375,-0.08724034368815958,228.23599999999996,222.836,218.74950000000004,223.6248,0.9936206382866859,1.0176991150442478,1.0367109410535793,58.33435695860459,3.3949868780444206,1.579183799065405,1.8158030789790156,218.74950000000004,235.34450682672235,202.15449317327773,0.7419553087218003,0.022293633115221805,0.03984366418410995,0.03555292170780542,0.048596661580431855,0.05917519032273133,0.10238998147984835,1,2024-09-16,0,9,3
2024-09-17,229.45,234.57,226.5533,227.87,66761636,TSLA,0.004806420319252158,0.4806420319252158,1.0353854920674295,0.22897561152510093,228.57600000000002,224.56300000000002,219.007,223.1234,0.9969113117737645,1.0147263796796444,1.0404690261041885,61.88535031847133,3.5661275939056907,1.976572558033462,1.5895550358722286,219.007,236.0160701500239,201.99792984997612,0.7605374638891578,0.009712060256911324,0.03904644984821015,0.03496536963736451,0.007516469912013157,0.08200379867046537,0.11585553166279028,1,2024-09-17,1,9,3
2024-09-18,230.09,235.68,226.88,227.2,78010204,TSLA,-0.0029402729626542,-0.29402729626542,1.038787023977433,0.16848850139022953,228.39000000000001,225.342,219.31199999999998,222.4208,0.9947896142563158,1.0082452450053696,1.0359670241482455,64.16589618280278,3.6061252762026186,2.3024831016672938,1.3036421745353248,219.31199999999998,236.69377702743853,201.93022297256144,0.7269043029244984,0.008938286097084646,0.0373443189995194,0.03492001972587884,-0.004076622978126498,0.03550430700515017,0.13124999999999987,1,2024-09-18,2,9,3
2024-09-19,234.0,244.24,232.13,243.92,102694576,TSLA,0.0735915492957746,7.3591549295774605,1.052169043208547,0.31642491282294305,231.212,226.717,220.3445,222.03400000000002,1.054962545196616,1.0758787386918491,1.1069938210393269,70.47878128400434,4.930156220723575,2.82801772547855,2.1021384952450246,220.3445,240.88286510174657,199.80613489825345,1.0739380881391367,0.035027695314607525,0.04122918146418495,0.03841335264335812,0.06139854662547317,0.059738454186036405,0.04222695965890466,1,2024-09-19,3,9,3
2024-09-20,241.52,243.99,235.92,238.25,99879070,TSLA,-0.02324532633650367,-2.324532633650367,1.034206510681587,-0.02741630677748741,232.804,229.469,221.72400000000002,221.9784,1.0233930688476143,1.0382666068183501,1.0745341054644513,63.44996657009136,5.459010593545116,3.3542162990918634,2.104794294453253,221.72400000000002,243.20801158266812,200.23998841733192,0.8846115967776725,0.03855758469831687,0.028912812225755525,0.03626647920378126,0.03456511355247738,0.130593650643003,0.0932214060860439,1,2024-09-20,4,9,3
2024-09-23,242.61,250.0,241.92,250.0,86927194,TSLA,0.04931794333683115,4.931794333683115,1.033399470899471,-0.12967557667487295,237.448,232.842,223.208,222.0138,1.0528621003335468,1.0736894546516522,1.1200315400881689,70.10614411104308,6.748466178023023,4.033066274878095,2.7153999031449274,223.208,248.11176813593528,198.30423186406472,1.0379105654565597,0.03986974674648368,0.03095876790771017,0.0364703979820238,0.10238998147984835,0.15596245433948308,0.046519999999999895,1,2024-09-23,0,9,3
2024-09-24,254.08,257.19,249.0501,254.27,88490999,TSLA,0.017079999999999984,1.7079999999999984,1.0326837853106665,0.01798982491025769,242.72799999999998,235.652,225.26099999999997,222.0464,1.0475511683860124,1.0790063313699862,1.1287795046634794,68.65368150684932,8.022444585485488,4.830941936999574,3.1915026484859137,225.26099999999997,253.2705118430188,197.25148815698114,1.017841941740772,0.03904621376248482,0.029062906499470603,0.03532703179976375,0.11585553166279028,0.12424282619268712,0.014748102410823138,1,2024-09-24,1,9,3
2024-09-25,252.54,257.05,252.28,257.02,65034318,TSLA,0.010815275101270228,1.0815275101270228,1.01890756302521,-0.2650742026316145,248.692,238.54100000000003,227.6515,222.05559999999997,1.0334872050568573,1.0774667667193478,1.1290063979371978,65.71462015685356,9.14852516585654,5.6944585827709675,3.454066583085573,227.6515,257.9595335190106,197.34346648098938,0.9845002560390248,0.03722477406517097,0.02904222936963405,0.03469781170232488,0.13124999999999987,0.12663832025599442,-0.031125982413819808,0,2024-09-25,2,9,3
2024-09-26,260.6,261.75,251.53,254.22,67142193,TSLA,-0.01089409384483686,-1.089409384483686,1.0406313362223194,0.03241173375570727,250.752,240.98199999999997,230.075,222.17,1.0138303981623278,1.0549335635026684,1.1049440399869608,81.6106992295392,9.70316351041103,6.496199568298981,3.2069639421120497,230.075,260.75838381119746,199.3916161888025,0.8934539969347943,0.027968339995559692,0.029951169121708768,0.03448503169099754,0.04222695965890466,0.10621818023584706,-0.05333962709464246,0,2024-09-26,3,9,3
2024-09-27,257.375,260.6999,254.12,260.46,70988067,TSLA,0.024545669105499046,2.4545669105499046,1.0258928852510625,0.05727954104805599,255.19399999999996,243.99899999999997,232.78400000000002,222.3946,1.0206352813937634,1.0674633912434068,1.118891332737645,81.79594186213845,10.524909637792348,7.301941582197655,3.222968055594693,232.78400000000002,264.18046403154665,201.38753596845342,0.9407502700334596,0.02185660721752148,0.03008885286691939,0.03454567199341409,0.0932214060860439,0.1310087281254071,-0.039852568532596,0,2024-09-27,4,9,3
2024-09-30,259.04,264.86,255.77,261.63,80873381,TSLA,0.004492052522460321,0.44920525224603214,1.0355397427376158,0.1392531789885192,257.52,247.484,235.16,222.8432,1.015959925442684,1.057159250699035,1.1125616601462833,79.18038183015145,11.14211917191966,8.069977100142056,3.072142071777604,235.16,267.7748858490621,202.54511415093785,0.9057962999242136,0.013473401093986688,0.028659779478058398,0.03404431204380816,0.046519999999999895,0.15367316341829085,-0.07950158620953252,0,2024-09-30,0,9,3
2024-10-01,262.67,263.98,248.53,258.02,87397613,TSLA,-0.013798111837327598,-1.3798111837327598,1.0621655333360158,0.0806721806276407,258.27,250.49900000000002,237.531,222.97339999999997,0.9990320207534751,1.0300240719523828,1.0862582147172368,73.94648293542701,11.210734970202623,8.69812867415417,2.512606296048453,237.531,269.51676782192163,205.54523217807838,0.8202830726789326,0.015833018009513557,0.029952204958287054,0.03394068765453115,0.014748102410823138,0.13231228331943634,-0.05239903883419883,0,2024-10-01,1,10,4
2024-10-02,247.55,251.1585,241.5,249.02,93983930,TSLA,-0.034881016975428114,-3.4881016975428114,1.0399937888198758,0.07536037626107706,256.66999999999996,252.68099999999998,239.01149999999998,223.0262,0.9701951922702304,0.9855113760037361,1.0418745541532521,63.774559013337175,10.418787405094378,9.042260420342211,1.3765269847521662,239.01149999999998,270.1967301578805,207.8262698421195,0.6604685928134936,0.022146893457608677,0.03334012573828616,0.03457274080817109,-0.031125982413819808,0.09603873239436633,-0.03200546140872218,0,2024-10-02,2,10,4
2024-10-03,244.48,249.79,237.81,240.66,80729240,TSLA,-0.03357160067464471,-3.357160067464471,1.0503763508683401,-0.14103145080228074,253.958,252.35499999999996,239.536,223.5196,0.9476370108443128,0.9536565552495494,1.0046924053169461,56.68084009792553,9.012688459153821,9.036346028104534,-0.02365756895071236,239.536,270.44676010916413,208.62523989083584,0.5181813710829255,0.02544832594683161,0.02717534880818666,0.0342087381510604,-0.05333962709464246,-0.013365037717284367,-0.007853403141361182,0,2024-10-03,3,10,4
2024-10-04,246.69,250.96,244.58,250.08,86726285,TSLA,0.03914235851408643,3.914235851408643,1.0260855343854771,0.07428590929383216,251.882,253.53799999999995,241.50350000000003,224.1162,0.992845856393073,0.9863610188610783,1.0355129428766041,63.948754789272044,8.559788276902339,8.941034477864095,-0.38124620096175654,241.50350000000003,269.5728721640543,213.43412783594576,0.6527732781102794,0.030774113972394046,0.028627037180760505,0.028265353255440013,-0.039852568532596,0.04965372507869881,-0.12907869481765832,0,2024-10-04,4,10,4
2024-10-07,249.0,249.83,240.7,240.83,68113270,TSLA,-0.03698816378758796,-3.6988163787587958,1.0379310344827588,-0.21461792119886147,247.72200000000004,252.621,242.7315,224.53679999999997,0.9721784904045663,0.9533253371651604,0.9921662412995429,57.068062827225134,7.369512769133763,8.626730136118029,-1.257217366984266,242.7315,268.1792390371961,217.2837609628039,0.4626391170307775,0.03221522590971216,0.02680884624482893,0.029728313491717753,-0.07950158620953252,-0.036679999999999935,-0.08998048415895032,0,2024-10-07,0,10,4
2024-10-08,243.56,246.21,240.56,244.5,56303160,TSLA,0.015238965245193636,1.5238965245193636,1.0234868639840373,-0.17338926761261053,245.01800000000003,251.64399999999995,243.648,224.7848,0.9978858696095796,0.9716106881149562,1.0034968479117417,59.136037177862285,6.645741214396168,8.230532351773657,-1.58479113737749,243.648,267.8753665184853,219.4206334815147,0.5175834216102261,0.03519516524177285,0.02665843330577706,0.028318158080901365,-0.05239903883419883,-0.03842372281433126,-0.10196319018404909,0,2024-10-08,1,10,4
2024-10-09,243.82,247.43,239.51,241.05,66289529,TSLA,-0.01411042944785268,-1.411042944785268,1.0330675128387123,0.1773678244702428,243.42400000000004,250.04699999999997,244.294,225.1534,0.9902474694360457,0.9640187644722794,0.9867209182378609,48.23731728288909,5.727735110662763,7.729972903551479,-2.0022377928887156,244.294,267.4442191873214,221.14378081267867,0.42993586856022836,0.032692308010543965,0.026325090807471956,0.0285891499252974,-0.03200546140872218,-0.06213524239358792,-0.08180875337066995,0,2024-10-09,2,10,4
2024-10-10,241.81,242.7899,232.34,238.77,83087063,TSLA,-0.009458618543870534,-0.9458618543870534,1.0449767581991907,0.25339649041706114,243.046,248.502,244.74200000000002,225.28740000000002,0.9824066226146492,0.9608373373252529,0.9755987938318719,50.333247885157654,4.7613458828299144,7.136247499407167,-2.3749016165772527,244.74200000000002,267.0432594404789,222.44074055952117,0.3661062166480094,0.02921222311619329,0.026299839787903307,0.028705585456267748,-0.007853403141361182,-0.060774132641019496,-0.0748837793692676,0,2024-10-10,3,10,4
2024-10-11,220.13,223.34,214.38,217.8,142628874,TSLA,-0.08782510365623819,-8.78251036562382,1.0417949435581677,0.7166195175294618,236.59,244.23600000000002,244.1175,225.3062,0.9205799061667864,0.8917604284380681,0.8921933085501859,31.545162769371842,2.277122460649423,6.1644224916556185,-3.8873000310061956,244.1175,268.705067996855,219.529932003145,-0.035178997844892,0.038912525291766906,0.034542178459290473,0.035074637751619855,-0.12907869481765832,-0.1637871458189356,0.0133149678604223,1,2024-10-11,4,10,4
2024-10-14,220.13,221.91,213.74,219.16,86291923,TSLA,0.006244260789715295,0.6244260789715295,1.0382240104800224,-0.394989804098152,232.256,239.98899999999998,243.73649999999998,225.53599999999997,0.943613943235051,0.913208522057261,0.8991677487778811,29.182971658958834,0.4133334836060385,5.014204690045703,-4.600871206439664,243.73649999999998,269.65536147190824,217.81763852809172,0.02589545596675173,0.04079289295277213,0.034668518877218196,0.0349829655793035,-0.08998048415895032,-0.16232847914994453,-0.0014144916955648457,0,2024-10-14,0,10,4
2024-10-15,220.01,224.26,217.12,219.57,62988787,TSLA,0.0018707793392955807,0.18707793392955807,1.032885040530582,-0.2700500254235846,227.26999999999998,236.144,243.32149999999996,225.94979999999998,0.9661195934351212,0.9298140117894166,0.9023863489251875,27.161849005976336,-1.0189038457995423,3.807582982876654,-4.826486828676196,243.32149999999996,270.54308375453627,216.09991624546367,0.06373772712541113,0.03844149499274133,0.03517966900136983,0.03496293519426734,-0.10196319018404909,-0.14901945585613519,-0.0072869699867923465,0,2024-10-15,1,10,4
2024-10-16,221.4,222.8199,218.93,221.33,49632824,TSLA,0.008015666985471626,0.8015666985471626,1.0177677796555975,-0.21203715194578998,223.32600000000002,233.375,243.02799999999996,226.36360000000002,0.9910623930935045,0.9483877878950188,0.9107181065556235,29.68499073502163,-1.9890168093417913,2.648263024432965,-4.637279833774756,243.02799999999996,271.0949122296207,214.96108777037924,0.11345943895636781,0.040596469830695155,0.03516020096497727,0.03502114659483557,-0.08180875337066995,-0.1111958878804915,-0.0346993177608097,0,2024-10-16,2,10,4
2024-10-17,221.59,222.08,217.9,220.89,50791784,TSLA,-0.001987981746713219,-0.19879817467132188,1.0191831115190455,0.023350676157375183,219.75,231.398,241.8765,226.94620000000003,1.0051877133105802,0.9545890629996802,0.9132346466068427,23.67265469061877,-2.7615096803866663,1.5663084834690388,-4.327818163855705,241.8765,271.62844378435364,212.12455621564632,0.1473087581753793,0.04104303794486207,0.034330505377661524,0.03034606190039353,-0.0748837793692676,-0.08214909000249315,0.1792294807370185,1,2024-10-17,3,10,4
2024-10-18,220.71,222.28,219.23,220.7,49611867,TSLA,-0.0008601566390511461,-0.08601566390511461,1.0139123295169457,-0.023230469715338264,220.33,228.46000000000004,240.99899999999997,227.3834,1.0016792992329686,0.9660334413026348,0.9157714347362438,22.40798166374546,-3.350425637126847,0.5829616593498617,-3.9333872964767087,240.99899999999997,272.2011887896207,209.79681121037925,0.17471833247236238,0.004363145076394206,0.030325899476061596,0.030029447602823032,0.0133149678604223,-0.1174824056301984,0.21971001359311293,1,2024-10-18,4,10,4
2024-10-21,218.9,220.48,215.726,218.85,47328988,TSLA,-0.008382419574082478,-0.8382419574082478,1.022037213873154,-0.0460147770693653,220.26799999999997,226.262,239.4415,227.7604,0.9935623876368788,0.9672415164720545,0.9140019587247825,22.952630852092256,-3.921223886571397,-0.3178754498343901,-3.603348436737007,239.4415,271.8388126078461,207.0441873921539,0.1822035789009691,0.005965448518882516,0.029026797618315683,0.02735247521912501,-0.0014144916955648457,-0.09126769920690947,0.19949737262965495,1,2024-10-21,0,10,4
2024-10-22,217.31,218.22,215.26,217.97,43268741,TSLA,-0.004021018962759859,-0.4021018962759859,1.0137508129703614,-0.08578774175353165,219.948,223.609,237.62650000000002,228.17,0.9910069652827032,0.9747818737170686,0.9172798488384081,25.85160989267382,-4.393943610363323,-1.1330890819401767,-3.2608545284231463,237.62650000000002,270.588325623303,204.66467437669704,0.20182931879077287,0.006018819049077131,0.027845463498663195,0.026806084496201442,-0.0072869699867923465,-0.10850715746421269,0.19062256273799139,1,2024-10-22,1,10,4
2024-10-23,217.125,218.72,212.11,213.65,80938892,TSLA,-0.019819241179978908,-1.9819241179978908,1.031163075762576,0.870608899852205,218.41199999999998,220.869,235.458,228.2864,0.9781971686537371,0.9673154675395823,0.9073805094751506,27.585062240663902,-5.058850019483941,-1.9182412694489297,-3.1406087500350113,235.458,268.75255817713327,202.16344182286673,0.17249903296542698,0.0077125766893604425,0.027973371654512955,0.02658960458646428,-0.0346993177608097,-0.11366936320265508,0.20547624619705118,1,2024-10-23,2,10,4
2024-10-24,244.68,262.1199,242.65,260.48,204491903,TSLA,0.21919026445120537,21.919026445120537,1.0802386152895116,1.5264974346325375,226.33,223.04000000000002,235.77100000000002,229.4684,1.1508858746078734,1.1678622668579626,1.104800844887624,55.32459553553144,-1.7864108811085089,-1.8918751917808456,0.10546431067233675,235.77100000000002,269.9150742489202,201.62692575107985,0.8618343818588294,0.10197690034211936,0.0782335186893224,0.05748477453847777,0.1792294807370185,0.0909243204757717,-0.04080927518427524,0,2024-10-24,3,10,4
2024-10-25,256.01,269.49,255.32,269.19,161611931,TSLA,0.03343826781326764,3.343826781326764,1.055498981670061,-0.20969031717603015,236.02800000000002,228.179,236.20750000000004,230.56939999999997,1.1405002796278407,1.1797317018656406,1.1396335848777026,64.60049423393738,1.4926387102808576,-1.214972411368505,2.7076111216493626,236.20750000000004,271.86997260961533,200.54502739038472,0.9624258721632672,0.09990742926511363,0.07015231943522707,0.057697029849027186,0.21971001359311293,0.23595041322314048,-0.07507708310115535,0,2024-10-25,4,10,4
2024-10-28,270.0,273.536,262.24,262.51,107653603,TSLA,-0.024815186299639636,-2.4815186299639636,1.0430750457596094,-0.33387589434841913,244.76,232.51399999999998,236.25150000000002,231.49719999999996,1.0725200196110476,1.1290072855828037,1.1111463842557612,58.9933086986917,3.511807037320608,-0.2696165216306824,3.7814235589512903,236.25150000000002,272.04795985142556,200.45504014857448,0.8667750960428321,0.10230621953493166,0.07166597804584754,0.05803091876059963,0.19949737262965495,0.19780069355721852,-0.07493047883890136,0,2024-10-28,0,10,4
2024-10-29,264.51,264.98,255.51,259.52,80521751,TSLA,-0.011390042284103452,-1.1390042284103452,1.0370631286446717,-0.2520292051906521,253.07,236.50899999999996,236.32649999999998,232.2332,1.0254870194017465,1.0972943947164802,1.0981417657351165,59.265576402127,4.815237412781158,0.7473542652516858,4.067883147529472,236.32649999999998,272.3207365415702,200.33226345842974,0.8221835247597695,0.10316271996396154,0.07216506182109406,0.057999710914605,0.19062256273799139,0.1819465318577218,-0.031134401972872983,0,2024-10-29,1,10,4
2024-10-30,258.035,263.35,255.8201,257.55,53993576,TSLA,-0.00759093711467318,-0.759093711467318,1.0294343564090547,-0.3294535286496688,261.85,240.131,236.75300000000001,232.96220000000002,0.9835783845713194,1.0725395721502013,1.0878426038951987,59.45048309178744,5.624418049819695,1.722767022165288,3.9016510276544074,236.75300000000001,273.5731976037464,199.93280239625363,0.7824129330295059,0.10154241377378175,0.07259496377231325,0.057410555788397016,0.20547624619705118,0.1636470428771517,0.12028732284993193,1,2024-10-30,2,10,4
2024-10-31,257.99,259.75,249.25,249.85,66575292,TSLA,-0.029897107357794717,-2.9897107357794717,1.0421263791374122,0.2330224617832315,259.724,243.027,237.2125,233.49379999999996,0.9619827201182795,1.0280750698482062,1.0532750171259946,68.61424091067487,5.580050536960215,2.4942237251242734,3.0858268118359415,237.2125,274.4648315413028,199.96016845869724,0.6696202556608896,0.024955012291581157,0.07394604526283606,0.05729272785926748,-0.04080927518427524,0.13110598035221166,0.18835301180708441,1,2024-10-31,3,10,4
2024-11-01,252.043,254.0,246.63,248.98,57544757,TSLA,-0.0034820892535522008,-0.3482089253552201,1.0298828204192516,-0.13564394129882296,255.68200000000002,245.85499999999996,237.15749999999997,234.2602,0.973787751973154,1.012710744137805,1.0498508375235867,67.41822429906541,5.412297636150527,3.077838507329524,2.3344591288210026,237.15749999999997,274.33300969459077,199.98199030540917,0.6590092522890176,0.011378746910391719,0.07401151498851695,0.05667874921156989,-0.07507708310115535,0.12813774354327134,0.2901437866495302,1,2024-11-01,4,11,4
2024-11-04,244.56,248.9,238.88,242.84,68802354,TSLA,-0.024660615310466705,-2.4660615310466705,1.0419457468184863,0.19563201909080963,251.748,248.254,237.25799999999998,234.71059999999997,0.9646154090598535,0.978191690768326,1.023527130802755,62.73951604073142,4.729388125417557,3.408148430947131,1.3212396944704263,237.25799999999998,274.4861430612575,200.02985693874248,0.5749701642493292,0.01134705745784628,0.07474179923286493,0.056307775369570275,-0.07493047883890136,0.10961846013251098,0.4412782078734969,1,2024-11-04,0,11,4
2024-11-05,247.34,255.2799,246.2101,251.44,69282505,TSLA,0.03541426453632024,3.541426453632024,1.0368376439471816,0.006978700176450303,250.132,251.60100000000003,237.60499999999996,235.4752,1.005229238961828,0.999360097932838,1.0582268891647906,65.33564225323418,4.826488786519462,3.6918165020615974,1.134672284457865,237.60499999999996,275.2444638923729,199.96553610762703,0.6837831702327127,0.02570648358508843,0.07480213633971829,0.056740553317740514,-0.031134401972872983,0.15355324127173464,0.30643493477569206,1,2024-11-05,1,11,4
2024-11-06,284.67,289.59,275.62,288.53,165228710,TSLA,0.14751034043907096,14.751034043907097,1.0506857267252012,1.3848547335290489,256.328,259.089,239.97899999999998,237.0616,1.1256281014949596,1.1136327671186348,1.202313535767713,75.08529891707462,7.8063085205848495,4.514714905766248,3.291593614818601,239.97899999999998,283.98434412521874,195.97365587478123,1.051648907253701,0.07315793921939735,0.08390239234650589,0.06509969420218507,0.12028732284993193,0.35047975661128006,0.144560357675112,1,2024-11-06,2,11,4
2024-11-07,288.89,299.75,285.52,296.91,117309232,TSLA,0.02904377361106314,2.904377361106314,1.049838890445503,-0.29001907719306164,265.74,262.732,242.88600000000002,238.88479999999998,1.1172951004741478,1.1300869326918686,1.2224253353425063,76.64498986084891,10.720454368976988,5.755862798408396,4.964591570568592,242.88600000000002,293.70849414952914,192.0635058504709,1.0314969375671672,0.06655619178891205,0.05294770197265412,0.06503601665932882,0.18835301180708441,0.13985718673218672,0.04806170219931949,1,2024-11-07,3,11,4
2024-11-08,299.14,328.71,297.66,321.22,204782763,TSLA,0.08187666296184037,8.187666296184037,1.1043136464422494,0.7456662149147819,280.188,267.935,248.05700000000002,241.1836,1.1464445301012178,1.1988728609550825,1.2949443071552103,80.93309965552669,14.82070590980868,7.568831420688453,7.251874489120227,248.05700000000002,308.3038980114327,187.81010198856737,1.1071930872367597,0.06456952507593981,0.05695154676604578,0.06222636852320705,0.2901437866495302,0.19328355436680433,-0.0015565655936741196,0,2024-11-08,4,11,4
2024-11-11,346.3,358.64,336.0,350.0,210521625,TSLA,0.08959591557188218,8.959591557188219,1.0673809523809523,0.02802414576269774,301.62,276.684,254.59900000000002,243.9014,1.1604005039453618,1.2649809891428487,1.3747108197597004,84.13921497646999,20.16009722060494,10.08708458067175,10.07301263993319,254.59900000000002,328.5013605918823,180.69663940811776,1.1454529952489718,0.047913552258606745,0.058594993139983544,0.0639338067419822,0.4412782078734969,0.3332825416174623,-0.03217142857142852,0,2024-11-11,0,11,4
2024-11-12,342.74,345.84,323.31,328.49,155726016,TSLA,-0.06145714285714288,-6.145714285714288,1.0696854412174073,-0.2602849422238689,317.03000000000003,283.581,260.045,246.2592,1.0361479986121187,1.1583639242403405,1.2632044453844526,77.2701367781155,22.397738877546715,12.549215440046744,9.84852343749997,260.045,338.9614454877499,181.1285545122501,0.9336548584833602,0.07855987587343957,0.06443364263623128,0.06667271318493283,0.30643493477569206,0.26575986436498167,0.05330451459709584,1,2024-11-12,1,11,4
2024-11-13,335.85,344.5999,322.5,330.24,125405599,TSLA,0.005327407227008418,0.5327407227008418,1.0685268217054262,-0.19470360687837795,325.37199999999996,290.85,265.4905,248.47580000000002,1.014961336562458,1.1354306343476017,1.243886316082873,71.07807590041092,24.035233179964848,14.846418988030367,9.188814191934481,265.4905,348.10245643679997,182.87854356320003,0.8918893995055961,0.06166567011051856,0.06382004898833739,0.0667056982653174,0.144560357675112,0.2822364589400117,0.03570130813953476,1,2024-11-13,2,11,4
2024-11-14,327.69,329.98,310.37,311.18,120726109,TSLA,-0.057715600775193776,-5.771560077519378,1.0631826529625932,-0.037314841102110585,328.226,296.983,270.005,250.09599999999998,0.9480662714105526,1.0478040830619935,1.1524971759782228,61.94051072058238,23.52380867980861,16.581896926386015,6.941911753422595,270.005,352.2219203996351,187.78807960036488,0.7504046600131641,0.07280708836822303,0.0670944604019456,0.06889508834212694,0.04806170219931949,0.24546728036822096,0.09145831994344111,1,2024-11-14,3,11,4
2024-11-15,310.57,324.6799,309.22,320.72,114440286,TSLA,0.03065749726846212,3.065749726846212,1.0499964426621822,-0.052066806857827275,328.12600000000003,304.15700000000004,275.00600000000003,252.2958,0.9774294021199174,1.054455429268437,1.16622910045599,66.28798477810734,23.616068018092903,17.988731144727396,5.627336873365508,275.00600000000003,356.76177582042715,193.25022417957294,0.7795765775644324,0.06343411894630803,0.06639744394484214,0.06876845564207583,-0.0015565655936741196,0.2881355932203391,0.0992766275879271,1,2024-11-15,4,11,4
2024-11-18,340.73,348.5499,330.01,338.74,126547455,TSLA,0.05618608131703651,5.618608131703651,1.0561798127329474,0.10579464123324533,325.874,313.747,281.0005,254.7452,1.0394815173962941,1.0796597258300478,1.205478282067114,70.44703696056165,24.85671487266785,19.362327890315488,5.4943869823523634,281.0005,363.0003440242414,199.00065597575858,0.8520707916403515,0.05264834075311746,0.06421885091977864,0.0688349621493366,-0.03217142857142852,0.39491022895733807,-0.0004428175001477408,0,2024-11-18,0,11,4
2024-11-19,335.76,347.3799,332.75,346.0,88852452,TSLA,0.021432367007144126,2.1432367007144126,1.0439666416228401,-0.29787247005481066,329.37600000000003,323.203,287.402,257.1418,1.0504711940153502,1.0705346175623371,1.203888629863397,72.2225013818401,26.124609532261672,20.714784218704725,5.409825313556947,287.402,368.670088538717,206.13391146128296,0.8605228143890901,0.04269334814390504,0.06437642207287057,0.06852090624513774,0.05330451459709584,0.37607381482659874,-0.0224566473988439,0,2024-11-19,1,11,4
2024-11-20,345.0,346.5999,334.3,342.03,66340650,TSLA,-0.01147398843930647,-1.147398843930647,1.0367930002991324,-0.2533616292322467,331.73400000000004,328.553,293.821,259.4198,1.0310369151187395,1.0410192571670323,1.1640760871414908,73.60200737402704,26.50356278941058,21.872539932845896,4.631022856564684,293.821,370.7244598906824,216.91754010931766,0.8134384335147511,0.0439126933830709,0.05167498053520166,0.06825567309187944,0.03570130813953476,0.18542265968876714,-0.026722802093383624,0,2024-11-20,2,11,4
2024-11-21,343.81,347.9899,335.28,339.64,58011719,TSLA,-0.006987691138204188,-0.6987691138204188,1.037908315437843,-0.12554792574386897,337.42600000000004,332.82599999999996,297.77900000000005,261.6164,1.0065614386561792,1.020473160149748,1.1405774080778024,73.03353658536585,26.307773315217673,22.75958660932025,3.5481867058974217,297.77900000000005,375.6001422767814,219.9578577232187,0.7689564736220117,0.027943084968558102,0.05210070687038251,0.051125353878623825,0.09145831994344111,0.14391566467953232,0.016252502649864775,1,2024-11-21,3,11,4
2024-11-22,341.085,361.53,337.7,352.56,89140722,TSLA,0.03804027794134979,3.8040277941349787,1.0705655907610305,0.536598527618187,343.794,335.96,301.9475,264.0618,1.025497827187211,1.0494106441243005,1.1676201988756323,76.94763729246488,26.885228589679457,23.584715005392095,3.300513584287362,301.9475,382.2137904600082,221.68120953999176,0.8152786786952433,0.028958210823194754,0.047462412489908345,0.05122509476663228,0.0992766275879271,0.0975655314114936,0.012848876786929697,1,2024-11-22,4,11,4
2024-11-25,360.14,361.93,338.2,338.59,95890899,TSLA,-0.03962446108463813,-3.962446108463813,1.0701655824955647,0.07572495318133043,343.764,334.819,305.75149999999996,266.298,0.9849489766234975,1.0112628016928549,1.1074025801999337,70.85427135678391,25.916850487452336,24.051142101804142,1.865708385648194,305.75149999999996,385.3566646764063,226.14633532359363,0.7062586022746637,0.030234925074130534,0.04058541508106288,0.051929769491809226,-0.0004428175001477408,-0.03260000000000007,0.037892436279866715,1,2024-11-25,0,11,4
2024-11-26,341.0,346.96,335.66,338.23,62295857,TSLA,-0.001063232818452886,-0.10632328184528861,1.0336650181731513,-0.35034651202925937,342.21,335.793,309.687,268.5052,0.9883697145027908,1.0072574472964,1.092167252742285,64.42921844152829,24.8340830228874,24.207730286020798,0.6263527368666004,309.687,387.4293596787551,231.94464032124495,0.6835743095395138,0.027882129498034324,0.03494979246180667,0.051714500459879596,-0.0224566473988439,0.029650826509178385,0.05824438991218983,1,2024-11-26,1,11,4
2024-11-27,341.8,342.55,326.59,332.89,57896439,TSLA,-0.015788073204624165,-1.5788073204624165,1.0488686120211888,-0.0706213576931769,340.38199999999995,336.058,313.454,270.619,0.9779894353990518,0.9905730558415511,1.0620059083629496,60.63364463884618,23.276768536144118,24.021537936045462,-0.7447693999013438,313.454,387.7857039110207,239.12229608897934,0.6307382918550205,0.028227267799625855,0.03545977561916127,0.0519312944440351,-0.026722802093383624,0.008024467054263518,0.10994622848388369,1,2024-11-27,2,11,4
2024-11-29,336.08,345.45,334.65,345.16,37167621,TSLA,0.03685902249992501,3.685902249992501,1.0322725235320485,-0.35803269351332645,341.486,339.456,318.2195,272.6438,1.0107588598068442,1.0168033559577678,1.0846601166804675,57.61741122565864,22.770191447827983,23.771268638401967,-1.0010771905739837,318.2195,387.42599847034717,249.0130015296528,0.6946385136906125,0.03375743105301184,0.030168387182458966,0.051089960484373136,0.016252502649864775,0.10919724918053864,0.1276509444895122,1,2024-11-29,4,11,4
2024-12-02,352.38,360.0,351.1501,357.09,77986478,TSLA,0.03456368061189008,3.456368061189008,1.0252026127858143,1.0982370111877757,342.392,343.09299999999996,323.625,275.0206,1.0429274048459076,1.0407965187281583,1.103406720741599,52.52690854658208,23.065492117120698,23.630113334145715,-0.5646212170250173,323.625,386.6750738344227,260.5749261655773,0.7653843046075031,0.03289773933607528,0.03047743241732132,0.05097637273990767,0.012848876786929697,0.11340109753055616,0.09157355288582725,1,2024-12-02,0,12,4
2024-12-03,351.8,355.69,348.2,351.42,58267196,TSLA,-0.01587834999579929,-1.587834999579929,1.0215106260769673,-0.2528551424004556,344.95799999999997,344.361,329.054,277.04900000000004,1.0187327152870786,1.0204988369763128,1.0679706066481491,59.2125351546806,22.58169073702669,23.420428814721912,-0.838738077695222,329.054,380.4341028045911,277.67389719540887,0.7176523476905297,0.026250337600464177,0.02698168409027076,0.050613509820097116,0.037892436279866715,0.037432839345810986,0.141056285925673,1,2024-12-03,1,12,4
2024-12-04,353.0,358.1,348.6,357.93,50810874,TSLA,0.018524842069318703,1.8524842069318703,1.0272518646012623,-0.12796775049892573,348.898,345.554,334.37850000000003,279.12219999999996,1.0258872220534367,1.03581495222165,1.0704336552738887,60.71511492918505,22.46461910604677,23.229266872986884,-0.764647766940115,334.37850000000003,372.1659400046508,296.59105999534927,0.8116313250791973,0.026069391769954688,0.026788027993840058,0.050480457099745225,0.05824438991218983,0.03447976878612713,0.18674042410527192,1,2024-12-04,2,12,4
2024-12-05,359.87,375.43,359.5,369.49,81403569,TSLA,0.03229681781353899,3.229681781353899,1.0443115438108483,0.6020895251673883,356.21799999999996,348.3,338.4265,281.37160000000006,1.0372580835331175,1.0608383577375826,1.0917880248739387,73.95448196532743,23.039054505067668,23.19122439940304,-0.15216989433537265,338.4265,372.7177812457262,304.13521875427375,0.952935831959786,0.021959428646931272,0.02759391994802692,0.04065980412951527,0.10994622848388369,0.08028535508581136,0.1315597174483749,1,2024-12-05,3,12,4
2024-12-06,377.42,389.49,370.8,389.22,81455834,TSLA,0.05339792687217515,5.339792687217515,1.0504045307443366,0.0006420480163467079,365.03000000000003,353.258,343.04200000000003,284.0716,1.0662685258745856,1.101800950013871,1.1346132543536942,75.96664139499622,24.800460535581806,23.513071626638798,1.287388908943008,343.04200000000003,378.6296676451388,307.45433235486126,1.148792166719977,0.02580328991645062,0.030392125530372887,0.04151433045498597,0.1276509444895122,0.1459780944529503,0.12078002158162482,1,2024-12-06,4,12,4
2024-12-09,397.61,404.8,378.01,389.79,96359173,TSLA,0.001464467396331104,0.1464467396331104,1.0708711409751066,0.18296220501529703,371.57,356.98100000000005,346.4705,286.6582,1.049035175067955,1.0919068521854103,1.1250308467820493,72.30231542158148,25.943323259938154,23.99912195329867,1.944201306639485,346.4705,386.17963588371543,306.7613641162846,1.0454601193898705,0.026827441978266236,0.02937927293367413,0.03841769489306032,0.09157355288582725,0.10559904697072842,0.18787039174940334,1,2024-12-09,0,12,4
2024-12-10,392.68,409.73,390.85,400.99,97563578,TSLA,0.02873342055978867,2.873342055978867,1.0483049763336318,0.012499121386191137,381.48400000000004,363.221,349.02,289.4454,1.0511318954399136,1.1039835251816388,1.148902641682425,73.22408987245545,27.436525414235177,24.686602645485973,2.7499227687492045,349.02,395.6310287378405,302.40897126215947,1.0574860865257938,0.019050823007787886,0.0238615751783608,0.033968679749709844,0.141056285925673,0.1842936885318529,0.1966881967131351,1,2024-12-10,1,12,4
2024-12-11,409.7,424.88,402.38,424.77,104287559,TSLA,0.05930322451931458,5.930322451931458,1.055917292111934,0.06891896687101817,394.852,371.875,353.834,292.7804,1.0757701619847437,1.1422386554621848,1.2004781903378419,79.93487698986976,30.19072624265317,25.787427364919417,4.403298877733754,353.834,410.35205986165926,297.31594013834075,1.1275516195498563,0.02291468918646964,0.026216386311920685,0.031749955085209815,0.18674042410527192,0.2558613960914169,0.03616074581538253,1,2024-12-11,2,12,4
2024-12-12,424.84,429.3,415.0,418.1,87752225,TSLA,-0.01570261553311192,-1.5702615533111919,1.0344578313253012,-0.15855519257095663,404.574,380.396,358.227,296.16200000000003,1.0334326971085637,1.099117761490657,1.1671370388050037,77.53368893879846,31.472442262152754,26.924430344366087,4.548011917786667,358.227,420.3988427044183,296.05515729558164,0.9815121877973956,0.0324297365191127,0.026202221852926307,0.03237392818515719,0.1315597174483749,0.25597044068611274,0.04321932552021046,1,2024-12-12,3,12,4
2024-12-13,420.0,436.3,415.71,436.23,89000158,TSLA,0.04336283185840717,4.336283185840717,1.0495297202376657,0.014221098097512597,413.976,389.503,364.47950000000003,300.0734,1.0537567395211318,1.1199656998790768,1.1968574364264657,78.32622384724765,33.564243220311596,28.25239291955519,5.311850300756404,364.47950000000003,431.678385164623,297.28061483537704,1.0338667436537563,0.030521215933754738,0.026651488287222757,0.028518542156235727,0.12078002158162482,0.2638486499014949,-0.034775233248515725,0,2024-12-13,4,12,4
2024-12-16,441.09,463.19,436.15,463.02,114083811,TSLA,0.061412557595763584,6.141255759576358,1.0619970193740687,0.281838297410663,428.622,400.096,371.59450000000004,304.3322,1.080252530201436,1.1572722546588818,1.2460356652210942,88.7608248707246,36.9577141337374,29.993457162391632,6.964256971345765,371.59450000000004,448.6896566435564,294.49934335644366,1.0929393231710964,0.03149342069207923,0.029075347752785703,0.03005779774411867,0.18787039174940334,0.2966479038897758,-0.0700185737117186,0,2024-12-16,0,12,4
2024-12-17,475.9,483.99,457.5101,479.86,131222978,TSLA,0.03636991922595145,3.6369919225951453,1.057878285091411,0.15023312115686593,444.396,412.94000000000005,378.6505,309.11280000000005,1.0798026984941358,1.1620574417590932,1.2672900207447237,90.01073506977798,40.53860770825918,32.102487271565145,8.436120436694033,378.6505,467.95029984064183,289.3507001593582,1.066683800974982,0.03127236078324668,0.024981933120547632,0.02907645443200737,0.1966881967131351,0.365488589152581,-0.036635685408244134,0,2024-12-17,1,12,4
2024-12-18,466.495,488.5399,427.01,440.13,149340788,TSLA,-0.08279498186971201,-8.279498186971201,1.1440947518793472,0.1380688830274832,447.468,421.15999999999997,383.35699999999997,313.0254,0.9836010619753814,1.0450422642226234,1.1480943350454016,75.36663828176745,39.71282794233451,33.62455540571902,6.0882725366154915,383.35699999999997,475.29440275460735,291.4195972453926,0.8087589941578749,0.05855003019573096,0.044183527804750836,0.036749617586285324,0.03616074581538253,0.22965384293018176,0.03180878376843199,1,2024-12-18,2,12,4
2024-12-19,451.88,456.36,420.02,436.17,118566146,TSLA,-0.008997341694499283,-0.8997341694499283,1.0865196895385936,-0.2060699050282231,451.082,427.828,388.06399999999996,316.9278,0.9669417090462489,1.0194984900474022,1.1239640883977902,72.40852907864286,38.29738421755212,34.559121168085646,3.7382630494664753,388.06399999999996,480.72919664617024,295.3988033538297,0.7595688658800693,0.05792975529496688,0.04501374793916647,0.03666777458380063,0.04321932552021046,0.18046496522233357,-0.010340005043904865,0,2024-12-19,3,12,4
2024-12-20,425.505,447.08,417.64,421.06,132216176,TSLA,-0.034642455923149296,-3.4642455923149296,1.070491332247869,0.1151258640050592,448.04799999999994,431.012,392.135,320.57359999999994,0.93976538228047,0.9769101556337179,1.073762862279572,65.50787878787881,35.546624783975574,34.756621891263634,0.7900028927119394,392.135,482.97885110842805,301.29114889157194,0.6592017491942087,0.05715361602319519,0.04584815917611822,0.037955035396766895,-0.034775233248515725,0.08180463491084722,-0.008668598299529706,0,2024-12-20,4,12,4
2024-12-23,431.0,434.51,415.4112,430.6,72698055,TSLA,0.022657103500688835,2.2657103500688835,1.045975650150983,-0.4501576342670809,441.564,435.093,396.03700000000003,324.82959999999997,0.975170077270792,0.989673472108262,1.0872721488143784,68.84161431562917,33.74740728149851,34.55477896931061,-0.8073716878121004,396.03700000000003,486.42649475522575,305.6475052447743,0.6911892532068932,0.04760098518413655,0.045958462252780816,0.03754234242316245,-0.0700185737117186,0.1046974011647297,-0.0621458430097539,0,2024-12-23,0,12,4
2024-12-24,435.9,462.78,435.14,462.28,59551750,TSLA,0.07357176033441704,7.357176033441704,1.0635197867353035,-0.18083434281701205,438.04800000000006,441.22200000000004,402.2215,329.69199999999995,1.0553181386514718,1.0477265412876056,1.1493169808177832,72.17476305835352,34.480357588315655,34.53989469311162,-0.059537104795964524,402.2215,492.98638430062016,311.4566156993798,0.8308465628683097,0.05890613236843104,0.04990212752418533,0.03808136519221716,-0.036635685408244134,0.15284670440659354,-0.1795448645842347,0,2024-12-24,1,12,4
2024-12-26,465.16,465.3299,451.02,454.13,76651210,TSLA,-0.017630007787488022,-1.7630007787488022,1.0317278612921823,0.28713614629293005,440.84799999999996,444.158,408.01650000000006,334.3832,1.030128298188945,1.0224514699723972,1.11301871370398,68.25081938933931,34.01152540604062,34.434220835697424,-0.4226954296568053,408.01650000000006,496.34566291975693,319.6873370802432,0.7610321352297429,0.04264267284371856,0.04829530213059645,0.038656647948541636,0.03180878376843199,0.0691197589283612,-0.09620593222205098,0,2024-12-26,3,12,4
2024-12-27,449.52,450.0,426.5,431.66,82666821,TSLA,-0.04947922401074578,-4.947922401074578,1.0550996483001172,0.07848031361801078,439.946,445.514,412.95500000000004,338.58979999999997,0.9811658703568166,0.9689033341264248,1.0452954922449176,59.044412241070674,31.464132381112393,33.84020314478042,-2.376070763668025,412.95500000000004,494.37262811836723,331.53737188163285,0.6148707008069931,0.04969697796820716,0.05121167413804666,0.040770632363047135,-0.010340005043904865,0.032432432432432545,-0.0477459111337627,0,2024-12-27,4,12,4
2024-12-30,419.4,427.0,415.75,417.41,64941012,TSLA,-0.033012092850854824,-3.3012092850854824,1.0270595309681299,-0.21442470855387075,439.216,443.63200000000006,416.5675,342.5202,0.9503524461768242,0.9408924514011613,1.0020224813505616,55.56182037857432,27.97299388715311,32.66676129325496,-4.693767406101848,416.5675,491.47041987140983,341.66458012859016,0.5056239463124161,0.04942652897279475,0.05044179851863745,0.04168044468940794,-0.008668598299529706,-0.04314237902024165,-0.05522148487099021,0,2024-12-30,0,12,4
2024-12-31,423.79,427.93,402.54,403.84,76825121,TSLA,-0.03251000215615352,-3.2510002156153517,1.0630744770706015,0.18299851871726291,433.86400000000003,437.71400000000006,418.90500000000003,346.18299999999994,0.9307985912636216,0.9226115682843133,0.9640371922034827,50.568476483025485,23.836483740750225,30.900705782754013,-7.064222042003788,418.90500000000003,488.7390337778357,349.0709662221644,0.392137120075817,0.04904311046987022,0.04557203227169627,0.04232528248243675,-0.0621458430097539,-0.12781305343181726,-0.022038431061806585,0,2024-12-31,1,12,4
2025-01-02,390.1,392.7299,373.04,379.28,109710749,TSLA,-0.06081616481774965,-6.081616481774965,1.0527822753592107,0.42805826495216315,417.264,427.65600000000006,420.29800000000006,349.39160000000004,0.908968902181832,0.8868810445778849,0.9024073395543161,40.9544641081726,18.364785093388946,28.393521644881,-10.028736551492056,420.29800000000006,485.41630484021255,355.17969515978757,0.18505015524705234,0.016732668630356273,0.044302545365729494,0.044729488962545784,-0.1795448645842347,-0.20960280081690497,0.040761442733600495,1,2025-01-02,3,1,1
2025-01-03,381.48,411.8799,379.45,410.44,95423329,TSLA,0.08215566336215985,8.215566336215986,1.0854655422321782,-0.13022807819860938,408.52599999999995,424.687,422.9235,353.241,1.0046851363193532,0.9664529406362803,0.9704828414595075,48.61201710516778,16.354254414192667,25.985668198743337,-9.63141378455067,422.9235,481.34378749095634,364.50321250904364,0.3931578349222222,0.05763797299964711,0.049683964509066814,0.04790891454935504,-0.09620593222205098,-0.06745734214891053,-0.017371601208459153,0,2025-01-03,4,1,1
2025-01-06,423.2,426.43,401.7,411.05,85516534,TSLA,0.0014862099210604107,0.14862099210604107,1.061563355738113,-0.10381942344518291,404.404,422.175,425.0015,357.189,1.0164340609885165,0.9736483685675371,0.9671730570362692,45.12808606145035,14.641340014090758,23.71680256181282,-9.075462547722061,425.0015,478.1366739087722,371.86632609122785,0.3687169065828847,0.05530024858757732,0.049721240518324536,0.0475792966764665,-0.0477459111337627,-0.05759222321571866,-0.03573774479990266,0,2025-01-06,0,1,1
2025-01-07,405.83,414.33,390.0,394.36,75699525,TSLA,-0.040603332927867664,-4.060333292786766,1.0623846153846153,-0.1147966193297778,399.794,419.505,425.2585,359.86660000000006,0.9864080001200619,0.9400603091739074,0.927341840315949,36.175096649484544,11.801064173394536,21.333654884129164,-9.532590710734627,425.2585,477.71030575888784,372.8066942411122,0.2054581863011995,0.05623639736061674,0.0501523321254601,0.04733631087269153,-0.05522148487099021,-0.06341139030066967,0.08586063495283502,1,2025-01-07,1,1,1
2025-01-08,392.95,402.4999,387.4,394.94,73038805,TSLA,0.0014707373973019688,0.14707373973019688,1.0389775425916368,-0.035148437192967896,398.014,415.939,425.51599999999996,362.38159999999993,0.9922766535850498,0.9495142316541608,0.9281437125748504,31.70300784279928,9.487559578280468,18.964435822959423,-9.476876244678955,425.51599999999996,477.28071563973697,373.75128436026296,0.20466369203303028,0.05488164207122915,0.04927436164941325,0.04733630913680553,-0.022038431061806585,-0.08281467719461222,0.0478047298323796,1,2025-01-08,2,1,1
2025-01-10,391.4,399.28,377.29,394.74,62287333,TSLA,-0.0005064060363598744,-0.050640603635987436,1.0582840785602585,-0.14720218930197448,401.106,409.185,425.20349999999996,365.0262,0.9841288836367444,0.9646981194325306,0.9283554815517747,38.212226665974136,7.550910000019769,16.681730658371492,-9.130820658351723,425.20349999999996,477.6624400438666,372.74455995613334,0.20964434303737253,0.044764834018922214,0.040515782606474274,0.04690757500442077,0.040761442733600495,-0.14610192956649648,0.08045802300248273,1,2025-01-10,4,1,1
2025-01-13,383.21,403.79,380.07,403.31,67580494,TSLA,0.021710492982722762,2.171049298272276,1.0624095561343965,0.08497973416200044,399.68,404.103,424.13050000000004,367.902,1.0090822658126501,0.998037629020324,0.9509101561901347,41.66582124378615,6.631188421610204,14.671622211019237,-8.040433789409033,424.13050000000004,477.4968163921105,370.7641836078896,0.30492845105683464,0.022751563950822628,0.04210484774111894,0.045136668831112677,-0.017371601208459153,-0.11190628234206068,0.051474052217896915,1,2025-01-13,0,1,1
2025-01-14,414.34,422.64,394.54,396.36,84565022,TSLA,-0.0172324018744886,-1.72324018744886,1.0712221827951538,0.25132293350800317,396.742,400.573,423.04350000000005,370.6782,0.9990371576490515,0.9894825662238844,0.9369249261600756,43.46491692242566,5.280623784148474,12.793422525645084,-7.51279874149661,423.04350000000005,477.7946692833534,368.2923307166467,0.25632027270591157,0.02330286149530074,0.04001422209782633,0.04516306928498288,-0.03573774479990266,-0.08177732474632815,0.04730547986678779,1,2025-01-14,1,1,1
2025-01-15,409.9,429.8,405.661,428.22,81375460,TSLA,0.0803814713896458,8.038147138964579,1.0595053505266714,-0.03771727275137471,403.514,401.654,422.64300000000003,374.24559999999997,1.0612271197529701,1.0661415048773324,1.0131955338193226,49.4368196876479,6.703849509394615,11.575507922394992,-4.871658413000377,422.64300000000003,477.1044483059221,368.18155169407794,0.5512013559451517,0.037943225636563285,0.04744765260544103,0.04778936476998065,0.08586063495283502,0.025897798327783272,-0.0369903320722994,0,2025-01-15,2,1,1
2025-01-16,423.49,424.0,409.13,413.82,68335151,TSLA,-0.033627574611181266,-3.3627574611181266,1.0363454158824823,-0.16024866710430885,407.29,402.652,420.183,377.5424,1.0160328021802647,1.027736109593396,0.9848565981965001,37.511596742603864,6.593797305420651,10.579165799000124,-3.9853684935794735,420.183,471.307709485724,369.058290514276,0.43776981753043703,0.0442886424864613,0.04754325416315619,0.04607131532276313,0.0478047298323796,0.02471275752773372,-0.017495529457251968,0,2025-01-16,3,1,1
2025-01-17,421.5,439.74,419.75,426.5,94991429,TSLA,0.03064134164612642,3.064134164612642,1.0476235854675402,0.3900814970029114,413.642,407.374,417.515,381.2156,1.0310848511514787,1.0469494862215065,1.0215201849035365,43.042054898010576,7.44394105096336,9.952120849392772,-2.5081797984294116,417.515,460.43828848930985,374.5917115106901,0.6046634626123503,0.04460532282426698,0.042318262295659666,0.04582030405388607,0.08045802300248273,0.1244990508331576,-0.0688159437280188,0,2025-01-17,4,1,1
2025-01-21,432.64,433.2,406.31,424.07,87320894,TSLA,-0.005697538100820632,-0.5697538100820632,1.0661809948069207,-0.08074975901246839,417.79400000000004,408.73699999999997,416.712,384.6682,1.0150217571338984,1.0375131196833172,1.017657278888057,47.87406867962578,7.831330697175247,9.527962818949268,-1.6966321217740212,416.712,458.43811177919895,374.98588822080103,0.5881702090879706,0.045461550794627506,0.03470564120694892,0.04200538461622832,0.051474052217896915,0.03320826430172508,-0.06126347065342985,0,2025-01-21,1,1,1
2025-01-22,416.81,428.0,414.59,415.11,60963342,TSLA,-0.02112858726153699,-2.112858726153699,1.0323452085192601,-0.3018470241497986,421.544,409.143,415.659,387.19980000000004,0.9847370618488225,1.0145841429524642,0.9986792057912857,49.336104375938106,7.330837335122737,9.088537722183961,-1.7577003870612238,415.659,456.36811285539596,374.949887144604,0.49325703802548954,0.04609316282207202,0.03559865126117788,0.04221350118094392,0.04730547986678779,0.009877143899768903,-0.0626580906265809,0,2025-01-22,2,1,1
2025-01-23,416.06,420.73,408.95,412.38,50690592,TSLA,-0.00657657006576573,-0.657657006576573,1.0288054774422302,-0.16850700212596614,418.37600000000003,410.945,415.225,389.5092000000001,0.9856683939805342,1.0034919514776917,0.9931482930941056,52.629634191402886,6.637392822573133,8.598308742261796,-1.960915919688663,415.225,455.8767049555016,374.5732950444984,0.46500761772336197,0.024119521057087083,0.03262472828869666,0.04151947404922322,-0.0369903320722994,0.04569428948169185,-0.029341869149813293,0,2025-01-23,3,1,1
2025-01-24,414.45,418.88,405.78,406.58,56427149,TSLA,-0.01406469760900142,-1.406469760900142,1.0322835033762137,0.11316808057795025,416.928,412.10900000000004,414.024,391.2164,0.9751803668738966,0.9865836465595266,0.9820203659691226,59.504247319314864,5.555777972882311,7.989802588385899,-2.4340246155035885,414.024,454.17938943967937,373.86861056032063,0.4073100758843063,0.020013837397744483,0.03317373874026286,0.041264926922586764,-0.017495529457251968,0.029472831316149195,-0.004869890304491031,0,2025-01-24,4,1,1
2025-01-27,394.8,406.69,389.0,397.15,58125510,TSLA,-0.023193467460278394,-2.3193467460278394,1.0454755784061696,0.03009829541449993,411.058,412.35,410.76750000000004,392.1594,0.9661653586598484,0.9631381108281798,0.9668486430888518,44.548363278365734,3.8927945097584598,7.170400972660412,-3.277606462901952,410.76750000000004,444.4944443277018,377.0405556722983,0.2981213496887223,0.008051267358707953,0.034228803390925384,0.03742275666199518,-0.0688159437280188,0.0061052844910574056,-0.03391665617524853,0,2025-01-27,0,1,1
2025-01-28,396.91,400.59,386.5,398.09,48910676,TSLA,0.002366863905325367,0.2366863905325367,1.0364553686934022,-0.15853338749199797,405.86199999999997,411.828,407.96549999999996,393.5514,0.9808506339593261,0.9666414134055965,0.9757932962468641,44.698085419734895,2.6205106624704513,6.26042291062242,-3.639912248151969,407.96549999999996,435.2130810418331,380.7179189581668,0.3187820785845511,0.010575441442071953,0.033474228467068205,0.03738843319040849,-0.06126347065342985,-0.012942897522997265,-0.01477052927729905,0,2025-01-28,1,1,1
2025-01-29,395.21,398.5899,384.48,389.1,68033648,TSLA,-0.02258283302770714,-2.258283302770714,1.0366986579275905,0.39097746267093103,400.65999999999997,411.102,405.8375,394.72860000000003,0.9711476064493587,0.9464804355123547,0.9587581236332277,47.70345791128187,0.8766927118890635,5.1836768708757495,-4.306984158986686,405.8375,431.916149363632,379.758850636368,0.1790957275697481,0.010886824314541198,0.03380693660352056,0.03620383373736495,-0.0626580906265809,-0.018316681804420254,-0.028090465176047297,0,2025-01-29,2,1,1
2025-01-30,410.78,412.5,384.41,400.28,98092879,TSLA,0.02873297352865567,2.873297352865567,1.0730730209932102,0.44182888737643466,398.23999999999995,408.308,404.981,396.51060000000007,1.0051225391723584,0.980338372013284,0.9883920480220059,52.13395140664961,0.39231462853450694,4.225404422407501,-3.833089793872994,404.981,430.5801240804035,379.3818759195965,0.4081804520882278,0.021861564151007026,0.021716777865494,0.03628307519907485,-0.029341869149813293,-0.0652468357386391,-0.0648546017787548,0,2025-01-30,3,1,1
2025-01-31,401.53,419.99,401.34,404.6,83568219,TSLA,0.010792445288298369,1.079244528829837,1.0464693277520307,-0.14807048328146222,397.844,407.38599999999997,405.019,398.1882,1.0169815304491208,0.993161277019829,0.9989654806317729,53.81460848034664,0.35296069281758946,3.4509156764895192,-3.09795498367193,405.019,430.6132484492883,379.42475155071173,0.49181456722923167,0.02231908851988094,0.020032005564435965,0.035619878690721744,-0.004869890304491031,-0.022280218452467193,-0.10622837370242222,0,2025-01-31,4,1,1
2025-02-03,386.68,389.17,374.36,383.68,93732122,TSLA,-0.05170538803756797,-5.170538803756797,1.0395608505182177,0.12162402312295306,395.15,403.104,405.239,399.08700000000005,0.9709730482095408,0.951813923950147,0.9467992962177876,43.06801327777385,-1.350726415710767,2.490587258049462,-3.841313673760229,405.239,429.9625246167161,380.51547538328384,0.06399824996183105,0.031309722225268295,0.02192640942984733,0.03484170271564729,-0.03391665617524853,-0.10039859320046896,-0.08587885738115097,0,2025-02-03,0,2,1
2025-02-04,382.63,394.0,381.4,392.21,57072235,TSLA,0.02223206839032521,2.223206839032521,1.0330361824855796,-0.3911133794666465,393.974,399.918,404.3275,400.01120000000003,0.9955225471731637,0.9807260488400121,0.9700304827151257,48.55067402388767,-1.9896752737803922,1.5945347516834911,-3.584210025463883,404.3275,429.5821524114021,379.0728475885979,0.2600937086243734,0.0338686918461588,0.02423581068163471,0.02970632819154108,-0.01477052927729905,-0.07512910604381351,-0.16243848958466123,0,2025-02-04,1,2,1
2025-02-05,387.51,388.39,375.53,378.17,57614721,TSLA,-0.03579714948624457,-3.5797149486244573,1.034244933826858,0.009505252422653543,391.788,396.22400000000005,402.6835,400.73400000000004,0.9652414060665462,0.9544348651267969,0.9391246475209439,30.03589948145192,-3.5876018688630893,0.5581074275741751,-4.145709296437264,402.6835,430.26879759052053,375.0982024094794,0.055678166611046194,0.03625826474166722,0.0255592365024944,0.030640736996546337,-0.028090465176047297,-0.08898846088988455,-0.11016209641166674,0,2025-02-05,2,2,1
2025-02-06,373.03,375.4,363.18,374.32,77918230,TSLA,-0.010180606605494913,-1.0180606605494913,1.033647227270224,0.3524014114378857,386.596,392.418,401.6815,401.42760000000004,0.9682459208062163,0.9538808107681095,0.9318825985264444,32.79616724738675,-5.105776815222839,-0.5746694209852277,-4.531107394237612,401.6815,431.8725877578084,371.49041224219167,0.04686130855084058,0.030956105440499447,0.02554699431827659,0.02944511818696103,-0.0648546017787548,-0.09229351568941269,-0.04910237230177383,0,2025-02-06,3,2,1
2025-02-07,370.19,380.5459,360.34,361.62,70298258,TSLA,-0.033928189784141916,-3.3928189784141916,1.0560745407115504,-0.09779446992058216,378.0,387.922,400.01550000000003,401.6088,0.9566666666666667,0.9321977098488871,0.9040149694199349,21.74708238982754,-7.250150043109102,-1.9097655454100027,-5.340384497699099,400.01550000000003,435.0601280739544,364.9708719260457,-0.04780863873022644,0.028771296442709697,0.02670131410696675,0.030265456026135614,-0.10622837370242222,-0.11058094347975789,-0.01598362922404739,0,2025-02-07,4,2,1
2025-02-10,356.21,362.7,350.51,350.73,77514903,TSLA,-0.030114484818317577,-3.0114484818317577,1.0347778950671878,0.10265752246663062,371.40999999999997,383.28000000000003,397.815,401.85159999999996,0.9443202929377239,0.9150751408891672,0.881640963764564,20.254704737183644,-9.716309694095628,-3.471074375147128,-6.245235318948501,397.815,439.20654223293377,356.4234577670662,-0.0687756176736044,0.02447442784729962,0.02712935548304881,0.030806502858162384,-0.08587885738115097,-0.11688278987787981,0.009637042739429225,1,2025-02-10,0,2,1
2025-02-11,345.8,349.37,325.1,328.5,118543400,TSLA,-0.06338208878624585,-6.3382088786245845,1.0746539526299599,0.5292981789579225,358.668,376.321,394.0745,401.657,0.9158887885175148,0.8729249762835452,0.8335987230840869,18.28634199926765,-13.31109221616083,-5.439077943349869,-7.872014272810961,394.0745,445.6446490460447,342.5043509539553,-0.1357796245794385,0.01901767169353407,0.030953394423422962,0.0326773771729871,-0.16243848958466123,-0.1748097163957898,0.09759512937595138,1,2025-02-11,1,2,1
2025-02-12,329.94,346.4,329.12,336.51,105382729,TSLA,0.024383561643835483,2.4383561643835483,1.0525036460865338,-0.11101985433183126,350.336,371.062,391.082,401.7294,0.9605350292290828,0.9068834857786569,0.8604589318864074,23.253190439258248,-15.336849551497892,-7.418632264979474,-7.918217286518418,391.082,448.68660200913865,333.47739799086133,0.02632256715060327,0.03244094900306646,0.033720297311191715,0.03348765234895807,-0.11016209641166674,-0.13515805705474182,0.05316335324358845,1,2025-02-12,2,2,1
2025-02-13,345.0,358.69,342.85,355.94,89441519,TSLA,0.05773974027517759,5.773974027517759,1.0462009625200523,-0.15126966393136398,346.66,366.62800000000004,387.46799999999996,401.945,1.0267697455720302,0.9708478348625854,0.918630699825534,33.712852180625234,-15.199230944693625,-8.974752000922305,-6.22447894377132,387.46799999999996,444.3268048451665,330.6091951548334,0.22275182281922262,0.04897265726922191,0.038677981814670456,0.03061555239526481,-0.04910237230177383,-0.11077245927850499,-0.05096364555824007,0,2025-02-13,3,2,1
2025-02-14,360.62,362.0,347.5,355.84,68277279,TSLA,-0.00028094622689223137,-0.028094622689223137,1.041726618705036,-0.23662657160373135,345.504,361.75200000000007,384.569,401.92,1.0299157173288875,0.9836573121917775,0.9252955906482321,35.86532539519605,-14.926176697827657,-10.165036940303375,-4.7611397575242815,384.569,441.68237935241024,327.4556206475898,0.24849150649332344,0.046972124265398645,0.038139641554343566,0.030093241867721963,-0.01598362922404739,-0.12051408798813656,-0.07112747302158273,0,2025-02-14,4,2,1
2025-02-18,355.01,359.1,350.02,354.11,51631702,TSLA,-0.004861735611510709,-0.4861735611510709,1.0259413747785842,-0.24379379559047742,346.18,358.79499999999996,380.94950000000006,401.97380000000004,1.0229071581258304,0.9869424044370743,0.9295457796899588,35.03267084127417,-14.680152126091343,-11.068059977460969,-3.6120921486303743,380.94950000000006,436.01258782707635,325.88641217292377,0.2562841001190438,0.044532168871662704,0.03552210102460134,0.028768539941340012,0.009637042739429225,-0.07706943286071721,-0.14489847787410692,0,2025-02-18,1,2,1
2025-02-19,354.0,367.34,353.67,360.56,67094374,TSLA,0.018214679054531002,1.8214679054531002,1.0386518505951874,0.29948019145291793,352.592,355.63,377.774,402.02639999999997,1.0225983573081636,1.013862722492478,0.9544330737425021,40.1163596065937,-13.805572736541933,-11.615562529277161,-2.1900102072647716,377.774,429.59638995890015,325.95161004109985,0.333913487841334,0.024857074581475364,0.03517047813479904,0.02939701720749787,0.09759512937595138,-0.0806965656153591,-0.19347681384512982,0,2025-02-19,2,2,1
2025-02-20,361.51,362.3,348.0,354.4,45965354,TSLA,-0.01708453516751729,-1.708453516751729,1.0410919540229886,-0.31491492863470194,356.16999999999996,353.253,374.73850000000004,401.7246,0.9950304629811607,1.003246964640074,0.9457261530373846,33.5390355912744,-13.45442851126478,-11.983335725674685,-1.4710927855900948,374.73850000000004,424.4206311836263,325.0563688163738,0.29531373236759395,0.02917158905521376,0.033994745243298874,0.02931333759022338,0.05316335324358845,-0.06285532961366591,-0.2044300225733634,0,2025-02-20,3,2,1
2025-02-21,353.44,354.98,334.42,337.8,74058648,TSLA,-0.04683972911963874,-4.683972911963874,1.061479576580348,0.6111841105368188,352.54200000000003,349.601,371.0095,400.69620000000003,0.9581837057712272,0.9662443757311907,0.910488814976436,27.97414930097598,-14.350205217828204,-12.45670962410539,-1.8934955937228146,371.0095,419.98630158691344,322.03269841308656,0.16096704027245481,0.024104672211196245,0.03639369095805528,0.030603341880468617,-0.05096364555824007,-0.09756358196195769,-0.1326820603907637,0,2025-02-21,4,2,1
2025-02-24,338.14,342.3973,324.7,330.53,76052321,TSLA,-0.021521610420367154,-2.1521610420367154,1.0545035417308284,0.026920191683758476,347.48,346.492,367.207,399.51099999999997,0.9512202141130424,0.9539325583274648,0.9001190064459554,30.741358069425303,-15.468432492567842,-13.059054197797881,-2.4093782947699616,367.207,416.36432642294847,318.0496735770515,0.12694268922976015,0.023795767163150475,0.03567719436327313,0.030707415067741495,-0.07112747302158273,-0.08597422708920976,-0.13880736998154475,0,2025-02-24,0,2,1
2025-02-25,327.025,328.89,297.2512,302.8,134228777,TSLA,-0.08389556167367551,-8.389556167367552,1.1064379218654121,0.7649530643515798,337.21799999999996,341.69899999999996,362.4895,397.54720000000003,0.8979354601474419,0.886160041439981,0.8353345407246279,21.55989566766334,-18.380337821864487,-14.123310922611203,-4.257026899253283,362.4895,417.32837459975906,307.650625400241,-0.044226157407890036,0.037918998294271006,0.042683980933977045,0.03482010762330213,-0.14489847787410692,-0.13665782795882875,-0.10158520475561428,0,2025-02-25,1,2,1
2025-02-26,303.715,309.0,288.04,290.8,100118276,TSLA,-0.039630118890356725,-3.9630118890356725,1.0727676711567837,-0.2541221171969703,323.26599999999996,337.929,357.125,394.8678,0.8995687761781321,0.8605357930216111,0.8142807140357018,21.843377376732192,-21.4095475491269,-15.580558247914343,-5.828989301212555,357.125,417.96320977330555,296.28679022669445,-0.04509329126497341,0.026571651671753974,0.04020427678911597,0.03511694754933432,-0.19347681384512982,-0.11476407914764075,-0.040233837689133356,0,2025-02-26,2,2,1
2025-02-27,291.16,297.23,280.88,281.95,101748197,TSLA,-0.03043328748280616,-3.043328748280616,1.0582099117060668,0.016279954720754386,308.776,332.473,351.7675,392.14480000000003,0.9131214861258646,0.8480387881121173,0.8015237337161619,21.161411177021535,-24.24485947163589,-17.313418492658656,-6.9314409789772355,351.7675,419.25775781547793,284.27724218452204,-0.017241319412979992,0.024015998234519793,0.038486970218811214,0.03524995981392129,-0.2044300225733634,-0.16213485483343737,-0.0656144706508246,0,2025-02-27,3,2,1
2025-02-28,279.5,293.88,273.6,292.98,115696968,TSLA,0.03912041142046463,3.912041142046463,1.0741228070175437,0.13709108771725953,299.812,326.177,346.40250000000003,389.2798,0.9772123864288288,0.8982239704209678,0.845779115335484,28.344270570418985,-25.3100769668024,-18.912750187487404,-6.397326779314994,346.40250000000003,414.7095217165787,278.09547828342136,0.1089530866851282,0.044186999932689215,0.03474552703053764,0.036002585836752116,-0.1326820603907637,-0.17688374445131194,-0.10345416069356272,0,2025-02-28,4,2,1
2025-03-03,300.34,303.94,277.3,284.65,115551414,TSLA,-0.028431974878831423,-2.8431974878831423,1.0960692390912368,-0.0012580623547542302,290.636,319.05800000000005,340.405,385.7124,0.9794037903081516,0.8921575387547089,0.8362098089040996,28.80964597229348,-26.520716577353937,-20.434343465460714,-6.086373111893224,340.405,408.2590320331634,272.55096796683654,0.08915484953974494,0.04407008998310694,0.03422193991126249,0.03559780309063574,-0.13880736998154475,-0.2000618255395683,-0.219567890391709,0,2025-03-03,0,3,1
2025-03-04,270.93,284.35,261.8401,272.04,126706623,TSLA,-0.044300017565431116,-4.430001756543112,1.085968115655318,0.09653892249211249,284.48400000000004,310.851,334.823,381.556,0.9562576454211835,0.8751459702558461,0.8124889867183558,30.70403280929598,-28.1729189323176,-21.98205855883209,-6.19086037348551,334.823,405.9754368336608,263.67056316633915,0.058813423728739066,0.03408924335269627,0.0343590111469195,0.03525268555842231,-0.10158520475561428,-0.23176414108610321,-0.15240405822673142,0,2025-03-04,1,3,1
2025-03-05,272.92,279.55,267.71,279.1,94042913,TSLA,0.02595206587266574,2.595206587266574,1.0442269620111315,-0.2577900762140902,282.144,302.70500000000004,329.1675,378.33539999999994,0.9892111829420438,0.9220197882426785,0.8478965876035757,30.25111799105609,-28.58312967843085,-23.302272782751842,-5.280856895679008,329.1675,399.0843986048866,259.25060139511345,0.14194993628835875,0.03745249567479823,0.0355198273732698,0.03547662140871339,-0.040233837689133356,-0.22592633680940755,-0.11110713006091011,0,2025-03-05,2,3,1
2025-03-06,272.06,272.65,260.02,263.45,98451566,TSLA,-0.05607309208169131,-5.607309208169131,1.0485731866779477,0.04687916249467938,278.444,293.61,323.4315,374.881,0.946150752036316,0.8972787030414494,0.814546511394221,17.334180970544608,-29.827219241016053,-24.607262074404687,-5.2199571666113656,323.4315,395.2196111033655,251.64338889663458,0.08223235659707945,0.04273934860066539,0.036710104921906205,0.036343321931970915,-0.0656144706508246,-0.2566309255079007,-0.08643006263048014,0,2025-03-06,3,3,1
2025-03-07,259.32,266.2499,250.73,262.67,102369640,TSLA,-0.0029607136078951823,-0.29607136078951823,1.0618988553424002,0.03979696981153147,272.38199999999995,286.097,317.849,371.7132,0.9643441930817751,0.9181151847100809,0.8263986987531816,17.251318101933222,-30.524244177616822,-25.79065849504712,-4.733585682569704,317.849,390.3361176649209,245.3618823350791,0.11938754238325125,0.03300767626071526,0.03691025013995352,0.03645321462688676,-0.10345416069356272,-0.2224097098875074,-0.04831156965013139,0,2025-03-07,4,3,1
2025-03-10,252.54,253.37,220.0,222.15,185037825,TSLA,-0.15426200175124682,-15.426200175124682,1.1516818181818183,0.8075459188876701,259.882,275.259,310.8755,367.5442,0.8548110296211358,0.8070580798448007,0.7145947493449951,13.555015466195329,-33.954856373784196,-27.423498070794533,-6.531358302989663,310.8755,391.95780995982244,229.79319004017754,-0.04713229090269412,0.06865485728486234,0.05518014112969929,0.04762700846319306,-0.219567890391709,-0.32789761897558456,0.071393202790907,1,2025-03-10,0,3,1
2025-03-11,225.305,237.0649,217.02,230.58,174896415,TSLA,0.03794733288318697,3.794733288318697,1.092364298221362,-0.05480722657651216,251.58999999999997,268.037,304.86800000000005,362.91020000000003,0.9164911164990661,0.860254367867123,0.7563273285487488,14.490219648125901,-35.58322938931377,-29.055444334498382,-6.527785054815389,304.86800000000005,391.15431009304643,218.5816899069537,0.0695261512521975,0.07842093960700824,0.05720987284773024,0.04948233987143196,-0.15240405822673142,-0.23850726552179657,-0.022855408101309815,0,2025-03-11,1,3,1
2025-03-12,247.22,251.84,241.1,248.09,142215681,TSLA,0.07593893659467432,7.593893659467432,1.044545831605143,-0.1868576551440463,245.388,263.76599999999996,300.84749999999997,358.7894,1.0110111333887557,0.9405685342310989,0.8246370669525259,22.652672737562384,-35.056704209010036,-30.255696309400715,-4.801007899609321,300.84749999999997,389.94506470769426,211.74993529230568,0.20393410766566142,0.08969391504088581,0.06512102025687826,0.05268692373329594,-0.11110713006091011,-0.14687070151306747,-0.049296626224354045,0,2025-03-12,2,3,1
2025-03-13,248.125,248.29,232.6,240.68,114813525,TSLA,-0.02986819299447785,-2.986819299447785,1.0674548581255374,-0.19268027131269727,240.834,259.639,296.056,354.9698,0.9993605554033068,0.9269793829124284,0.8129543059421191,23.77686575224108,-34.835788991290485,-31.17171484577867,-3.6640741455118153,296.056,387.35819445105693,204.75380554894303,0.19674332400803032,0.08779603962539594,0.06510517807465907,0.05207761640078099,-0.08643006263048014,-0.14637347047348814,-0.018364633538308195,0,2025-03-13,3,3,1
2025-03-14,247.31,251.58,240.73,249.98,100242264,TSLA,0.03864051853082917,3.864051853082917,1.0450712416400116,-0.1269124086208484,238.296,255.339,290.75800000000004,351.62120000000004,1.049031456675731,0.9790122151336067,0.859752784102243,28.486726136424338,-33.52383787779178,-31.642139452181294,-1.8816984256104838,290.75800000000004,379.6955406143322,201.8204593856679,0.27074922626414105,0.09108914714441631,0.06506208566520412,0.050828358396525795,-0.04831156965013139,-0.14676769745375118,-0.005080406432514506,0,2025-03-14,4,3,1
2025-03-17,245.055,245.4,232.8,238.01,111900565,TSLA,-0.04788383070645652,-4.7883830706456525,1.0541237113402062,0.11630125393017865,241.46800000000002,250.675,284.8665,348.3046,0.9856792618483607,0.9494764136830557,0.83551417944897,31.10527850685331,-33.068789707639894,-31.927469503273016,-1.1413202043668775,284.8665,371.224931100298,198.50806889970195,0.22870917521891915,0.051880942929057774,0.0658362597010778,0.05115562864717317,0.071393202790907,-0.16385034252590902,0.169656737111886,1,2025-03-17,0,3,1
2025-03-18,228.155,230.1,222.28,225.31,111477636,TSLA,-0.05335910255871601,-5.335910255871601,1.0351808529782256,-0.0037795072795209217,240.414,246.002,278.4265,345.2252,0.9371750397231443,0.9158868627084332,0.8092261332883185,30.978797560267196,-33.348523594755704,-32.21168032156956,-1.1368432731861446,278.4265,362.21481831026813,194.63818168973185,0.18303159037451025,0.0575267688887429,0.06633416706255338,0.05161690702084358,-0.022855408101309815,-0.1717762093809735,0.2788602370067905,1,2025-03-18,1,3,1
2025-03-19,231.61,241.41,229.201,235.86,111993753,TSLA,0.04682437530513517,4.682437530513517,1.0532676559002796,0.004629780631516089,237.968,241.67800000000003,272.1915,341.7336,0.9911416661063673,0.975926646198661,0.8665222830250026,36.74431981593329,-32.34605272460709,-32.23855480217707,-0.10749792243002076,272.1915,348.4677037183542,195.91529628164585,0.2618424998302738,0.0482210019335549,0.06812578480167829,0.05313602892062806,-0.049296626224354045,-0.15492654962379082,0.15348087848723813,1,2025-03-19,2,3,1
2025-03-20,233.345,238.0,230.0501,236.26,99028270,TSLA,0.0016959213092511138,0.16959213092511138,1.0345572551370332,-0.1157696983330847,237.084,238.959,266.2845,338.2378,0.9965244385956032,0.9887051753648115,0.8872465351907453,32.62467834824163,-31.160116256831344,-32.02286709310793,0.8627508362765823,266.2845,333.5166409587289,199.0523590412711,0.27671021945864527,0.046874518138808545,0.0666425017409647,0.053348453758410214,-0.018364633538308195,-0.10320743974188651,0.15605688648099547,1,2025-03-20,3,3,1
2025-03-21,234.985,249.52,234.55,248.71,132728684,TSLA,0.05269618217218319,5.269618217218319,1.063824344489448,0.3403110445128448,236.83,237.56300000000002,261.83000000000004,335.32480000000004,1.0501625638643752,1.046922290087261,0.9498911507466675,39.26138400860524,-28.882700320461936,-31.39483373857873,2.512133418116793,261.83000000000004,320.352705625115,203.3072943748851,0.3879067546531068,0.0502800676619362,0.06944300790155362,0.055192829818971445,-0.005080406432514506,-0.053146533673430585,0.05966788629327335,1,2025-03-21,4,3,1
2025-03-24,258.075,278.64,256.33,278.39,169079865,TSLA,0.11933577258654648,11.933577258654648,1.0870362423438535,0.27387584887076866,244.906,243.18699999999998,259.223,332.99379999999996,1.1367218442994453,1.1447569154601192,1.0739401982077206,51.72170706577733,-24.401617175779762,-29.996190426018934,5.594573250239172,259.223,308.8254685718433,209.6205314281567,0.6932061100168718,0.0641673525438208,0.055867344134959904,0.06262724130160388,0.169656737111886,0.25316227774026556,-0.06907575703150248,0,2025-03-24,0,3,1
2025-03-25,283.6,288.2,271.28,288.14,150361538,TSLA,0.035022809727360826,3.5022809727360826,1.0623709820112062,-0.1107070141083919,257.47200000000004,248.94300000000004,258.49,330.8618,1.1191119811086252,1.1574537143040775,1.1147046307400672,52.41582041688936,-19.834938162985736,-27.963939973412295,8.129001810426558,258.49,305.7594747390418,211.2205252609582,0.8136273479204839,0.04294236642306644,0.05579497315460467,0.06051675946969934,0.2788602370067905,0.24963136438546263,-0.06830013188033601,0,2025-03-25,1,3,1
2025-03-26,282.66,284.9,266.51,272.06,156254441,TSLA,-0.05580620531685976,-5.580620531685976,1.0690030392855803,0.03919155841569011,264.712,251.34,257.553,328.2368,1.0277584695820363,1.082438131614546,1.0563262707093297,52.295632698768195,-17.31375160694506,-25.83390230011885,8.52015069317379,257.553,302.82658895472895,212.27941104527105,0.6602148220953522,0.06458195822894139,0.057665900331846105,0.06116900508282188,0.15348087848723813,0.0966181627635132,0.03932955965595819,1,2025-03-26,2,3,1
2025-03-27,272.48,291.85,271.8216,273.13,162572146,TSLA,0.003932955965595841,0.3932955965595841,1.0736821503515543,0.040432162820895456,272.08599999999996,254.58499999999998,257.112,325.7722,1.0038370221180068,1.0728440403008819,1.0622996981860044,52.784580981791066,-15.05579915868583,-23.67828167183225,8.62248251314642,257.112,301.5490744216757,212.67492557832435,0.6802323871279278,0.06433904646895523,0.05598804550911887,0.06079531137329674,0.15605688648099547,0.13482632541133444,-0.021418372203712566,0,2025-03-27,3,3,1
2025-03-28,275.575,276.1,260.57,263.55,123809389,TSLA,-0.0350748727712078,-3.50748727712078,1.0596001074567296,-0.23843418416830153,275.054,255.942,255.64049999999997,322.47880000000004,0.9581754855410212,1.029725484680123,1.030939933226543,63.194798572157076,-13.87938856066296,-21.71850304959839,7.839114488935429,255.64049999999997,296.9129776270256,214.36802237297434,0.5958205135087506,0.06877288198446005,0.05723824648701137,0.06055914990707144,0.05966788629327335,0.05428434274741978,-0.09151963574274335,0,2025-03-28,4,3,1
2025-03-31,249.31,260.56,243.3601,259.16,134008936,TSLA,-0.016657180800607074,-1.6657180800607074,1.0706767461058737,0.08238104623874687,271.20799999999997,258.05699999999996,254.36600000000004,319.3856,0.9555765316657328,1.0042742494875165,1.0188468584637884,59.34964668934834,-13.149729105680251,-20.004748260814765,6.855019155134514,254.36600000000004,293.3790382524081,215.35296174759196,0.5614409978656825,0.03508345262814843,0.054723757241567826,0.060360939300754965,-0.06907575703150248,0.08886181252888559,-0.09982250347275823,0,2025-03-31,0,3,1
2025-04-01,263.8,277.45,259.25,268.46,146486911,TSLA,0.03588516746411474,3.5885167464114742,1.070202507232401,0.09311300703111325,267.27200000000005,262.37199999999996,254.18700000000004,316.2248,1.0044449100541768,1.02320369551629,1.0561515734478943,57.04210744658784,-11.686323787893969,-18.341063366230607,6.654739578336638,254.18700000000004,292.89021955871596,215.48378044128413,0.6843903448180408,0.0353837920566989,0.05037218887567404,0.060129830120341766,-0.06830013188033601,0.19151391416270913,-0.1735826566341353,0,2025-04-01,1,4,2
2025-04-02,254.6,284.99,251.27,282.76,212787817,TSLA,0.05326678089845793,5.326678089845793,1.1341982727743065,0.4526063492457699,269.412,267.062,254.36999999999998,313.3986,1.0495449348952535,1.0587803581190884,1.11160907339702,63.88595564941922,-9.2658629401937,-16.526023281023225,7.260160340829525,254.36999999999998,293.60022518952314,215.1397748104768,0.861838351205563,0.03642204021208958,0.05080993620016908,0.061027593380542075,0.03932955965595819,0.19884677350970903,-0.03734615928702789,0,2025-04-02,2,4,2
2025-04-03,265.29,276.3,261.51,267.28,136174291,TSLA,-0.054746074409393164,-5.474607440939316,1.056556154640358,-0.36004658105026754,268.242,270.164,254.56150000000002,310.442,0.9964136861490742,0.9893250025910187,1.0499623862995777,55.48509828788839,-8.49876839638074,-14.920572304094728,6.421803907713988,254.56150000000002,294.0151062123292,215.10789378767083,0.6611829845357132,0.04628686888998809,0.055880665513026444,0.06096128816469947,-0.021418372203712566,0.1312960297976804,-0.05567195450463924,0,2025-04-03,3,4,2
2025-04-04,255.38,261.0,236.0,239.43,181229353,TSLA,-0.10419784495659967,-10.419784495659968,1.1059322033898304,0.33086320236468136,263.418,269.236,253.3995,306.983,0.9089356080450083,0.8892941508564977,0.9448716355004647,50.40903329876714,-10.022568757822057,-13.940971594840194,3.918402837018137,253.3995,293.2148583035711,213.58414169642887,0.3245714644398036,0.06473443683764318,0.06501991528830103,0.06547687958846975,-0.09151963574274335,-0.03731253266856982,0.053794428434197794,1,2025-04-04,4,4,2
2025-04-07,223.78,252.0,214.25,233.29,183453776,TSLA,-0.025644238399532338,-2.5644238399532338,1.176196032672112,0.012274076815801394,258.244,264.726,253.95649999999995,303.5172,0.9033704558479576,0.8812508027167713,0.9186218899693454,52.38893545683151,-11.59201270188214,-13.471179816248585,1.8791671143664441,253.95649999999995,292.2122979231447,215.70070207685518,0.22989061629927843,0.06483716468604542,0.049228422795916396,0.05531852091689705,-0.09982250347275823,-0.16200294550810013,0.0817008873076428,1,2025-04-07,0,4,2
2025-04-08,245.0,250.44,217.8,221.86,171603472,TSLA,-0.04899481332247413,-4.899481332247413,1.149862258953168,-0.06459558510259278,248.92399999999998,258.09799999999996,253.5205,300.0114,0.8912760521283606,0.8595959674232271,0.8751166079271696,45.830851697438945,-13.601326188517447,-13.49720909070236,-0.10411709781508804,253.5205,293.0747971116874,213.96620288831258,0.09978431786308992,0.05754782035582386,0.04657472445932766,0.05591482637305063,-0.1735826566341353,-0.23002707017422075,0.1453619399621382,1,2025-04-08,1,4,2
2025-04-09,224.69,274.69,223.88,272.2,219433373,TSLA,0.2268998467502028,22.68998467502028,1.2269519385385028,0.27872338736829283,246.81199999999998,258.11199999999997,254.72600000000003,297.49359999999996,1.1028637181336403,1.0545809571038929,1.0685992007097822,58.24917370547191,-11.004847282735767,-12.99873672910904,1.9938894463732737,254.72600000000003,295.04563157725977,214.4063684227403,0.7166934482835812,0.1307545887125163,0.09062992847636914,0.07402560192904138,-0.03734615928702789,0.000514592369330158,-0.11260102865540034,0,2025-04-09,2,4,2
2025-04-10,260.0,262.49,239.33,252.4,181722604,TSLA,-0.07274063188831736,-7.274063188831736,1.0967701500020892,-0.1718552127437789,243.836,256.03900000000004,255.31199999999998,294.75960000000003,1.0351219672238718,0.9857873214627457,0.9885943473083914,50.81930813979306,-10.42464475219191,-12.483918333725615,2.0592735815337058,255.31199999999998,295.109374999386,215.51462500061402,0.46341467244956586,0.1328234278807804,0.09377488017173903,0.07575300747309296,-0.05567195450463924,-0.07589792406546325,-0.04370047543581612,0,2025-04-10,3,4,2
2025-04-11,251.84,257.74,241.3629,252.31,128948085,TSLA,-0.0003565768621236476,-0.03565768621236476,1.067852598721676,-0.29041251797162226,246.41199999999998,254.91500000000002,255.42849999999999,291.8002,1.0239355226206517,0.9897809073612772,0.9877911039684296,43.33333333333333,-9.858450236783568,-11.958824714337208,2.1003744775536397,255.42849999999999,295.1737621605415,215.68323783945849,0.46076890891543804,0.12101612614333765,0.0931453811696787,0.07534107962104387,0.053794428434197794,-0.04264845380383231,-0.09833141770044784,0,2025-04-11,4,4,2
2025-04-14,258.36,261.8,245.93,252.35,100135241,TSLA,0.00015853513534924701,0.0158535135349247,1.0645305574757045,-0.22344530358864967,250.224,254.234,256.14549999999997,288.7552,1.0084963872370356,0.9925895041575871,0.9851822499321675,40.373339071493895,-9.29931265078801,-11.42692230162737,2.127609650839359,256.14549999999997,295.0767459951706,217.21425400482934,0.4512538077965601,0.11934382750823967,0.09297750464505337,0.07439309553782854,0.0817008873076428,-0.026277203272110028,-0.05698434713691303,0,2025-04-14,0,4,2
2025-04-15,249.91,258.75,247.54,254.11,79594318,TSLA,0.006974440261541481,0.6974440261541481,1.045285610406399,-0.20513180769195927,256.67400000000004,252.79900000000004,257.5855,286.1638,0.9900106750196747,1.005185938235515,0.9865073926909705,44.76889899166521,-8.614867959187109,-10.864511433139317,2.249643473952208,257.5855,293.7463753241701,221.4246246758299,0.45194391771710024,0.11362601016967397,0.09221699445945908,0.0730966595056538,0.1453619399621382,-0.053453028384116696,-0.013261973161229457,0,2025-04-15,1,4,2
2025-04-16,247.61,251.97,233.89,241.55,112378737,TSLA,-0.04942741332493805,-4.942741332493805,1.0773012954807817,0.4118939620790518,250.544,248.67799999999997,257.87,283.1506,0.9641021138003704,0.9713364270261142,0.9367122968937838,41.374412760843434,-8.982384306688516,-10.488086007849157,1.5057017011606408,257.87,293.3951235043546,222.3448764956454,0.27030340235130335,0.03577714839209836,0.09109751890068611,0.07360214293679322,-0.11260102865540034,-0.14574197199038041,0.07435313599668802,1,2025-04-16,2,4,2
2025-04-17,243.47,244.34,237.6833,241.37,83404775,TSLA,-0.000745187331815389,-0.0745187331815389,1.0280065953308457,-0.2578242359139523,248.33800000000002,246.087,258.1255,280.4146,0.9719414668717634,0.9808319821851622,0.9350877770696813,43.613958309340084,-9.182320085423925,-10.22693282336411,1.0446127379401862,258.1255,293.0648932252267,223.1861067747733,0.2602205068074523,0.022998769085762323,0.08988824159544279,0.07360750997474448,-0.04370047543581612,-0.0969395390601615,0.18055267846045475,1,2025-04-17,3,4,2
2025-04-21,230.26,232.21,222.79,227.5,97768007,TSLA,-0.057463645026308185,-5.7463645026308185,1.0422819695677545,0.1722111473833483,243.37600000000003,244.89399999999995,257.065,277.4782,0.9347676023930049,0.9289733517358533,0.8849901775815455,41.35633941247133,-10.340761848416946,-10.249698628374679,-0.09106322004226719,257.065,294.41228088460167,219.71771911539835,0.10418805198493437,0.030717183605317944,0.085363152704124,0.07385276239050848,-0.09833141770044784,-0.04982667167856991,0.2566153846153847,1,2025-04-21,0,4,2
2025-04-22,230.96,242.79,229.8501,237.97,120858452,TSLA,0.04602197802197794,4.602197802197794,1.056297125822438,0.23617587908895388,240.5,245.362,255.04399999999995,275.0052,0.9894802494802495,0.9698730854818595,0.9330546886027511,41.72860940806251,-10.295315801207295,-10.258822062941203,-0.036493738266091924,255.04399999999995,291.90381032020844,218.18418967979144,0.2683927311118165,0.04276464112508781,0.08617454398495662,0.06918419380119731,-0.05698434713691303,0.020060868446997393,0.22717149220489974,1,2025-04-22,1,4,2
2025-04-23,254.86,259.4499,244.43,250.74,150381903,TSLA,0.05366222633105022,5.366222633105022,1.0614486765127031,0.24428122743124336,239.82599999999996,248.25,253.17400000000004,273.0054,1.0455079932951392,1.0100302114803625,0.9903860586000142,41.24083597767809,-9.12369492887828,-10.03179663612862,0.9081017072503403,253.17400000000004,286.5988816240027,219.7491183759974,0.46358999820283353,0.051794558100877484,0.0851315907780969,0.06988343011194736,-0.013261973161229457,0.13017218065446667,0.12530908510808003,1,2025-04-23,2,4,2
2025-04-24,250.5,259.54,249.2,259.51,94464195,TSLA,0.03497646964983647,3.4976469649836472,1.0414927768860354,-0.3718380129821871,243.41800000000003,246.981,252.5465,271.6256,1.0661085047120589,1.0507285985561643,1.0275731399960006,47.793491225080935,-7.402183477009345,-9.505874004304765,2.10369052729542,252.5465,284.93362107580094,220.15937892419907,0.6075041524021563,0.04570191300897797,0.043659120467809356,0.06933900048500145,0.07435313599668802,-0.04662013225569439,0.08096027128049021,1,2025-04-24,3,4,2
2025-04-25,261.69,286.85,259.63,284.95,167560688,TSLA,0.09803090439674778,9.803090439674778,1.1048415052189655,0.7738010470528014,252.13400000000001,250.23599999999996,253.1375,270.5944,1.1301530138735751,1.1387250435588805,1.1256728062811714,63.10606933087642,-3.939663866832717,-8.392631976810355,4.452968109977638,253.1375,287.47856755842446,218.79643244157552,0.963184493986353,0.056991607747817224,0.047007798637473716,0.07274399675716561,0.18055267846045475,0.1289619651347067,0.00793121600280755,1,2025-04-25,4,4,2
2025-04-28,288.98,294.86,272.42,285.88,151731771,TSLA,0.0032637304790315014,0.32637304790315014,1.0823728066955436,-0.09446677015315197,263.81,253.593,254.25400000000005,269.1932,1.0836586937568704,1.1273181830728767,1.1243874236000218,65.6099732858415,-1.1077791139383635,-6.935661404235957,5.827882290297594,254.25400000000005,291.3610629679164,217.14693703208374,0.9261452870487831,0.03430283887999295,0.046905766104723114,0.07214919393557807,0.2566153846153847,0.13305061234196036,-0.019658598013152395,0,2025-04-28,0,4,2
2025-04-29,285.5,293.32,279.4695,292.03,108906553,TSLA,0.02151252273681248,2.151252273681248,1.0495599698714888,-0.28224291931582346,274.62199999999996,257.56100000000004,255.89749999999998,267.917,1.0633889491737736,1.133828491114726,1.141199112926074,71.5021143592572,1.6141565655536283,-5.2256978102780405,6.839854375831669,255.89749999999998,296.6518929178795,215.14310708212048,0.9432957702597525,0.03620986382044879,0.046714301922268824,0.07201165495812507,0.22717149220489974,0.15724192589657204,-0.057117419443207695,0,2025-04-29,1,4,2
2025-04-30,279.9,284.45,270.78,282.16,128961057,TSLA,-0.033797897476286476,-3.3797897476286476,1.0504837875766306,0.18414414420039527,280.906,260.366,256.5825,266.478,1.0044641267897447,1.0837052456926022,1.099685286408855,54.05867970660149,2.9409818806478825,-3.592361872092856,6.5333437527407385,256.5825,298.6648517828863,214.5001482171137,0.8038981772211896,0.048411408399387144,0.049268110480670715,0.07229280307737182,0.12530908510808003,0.11038526622328915,-0.02105188545506098,0,2025-04-30,2,4,2
2025-05-01,280.01,290.8688,279.81,280.52,99658974,TSLA,-0.00581230507513486,-0.581230507513486,1.039522533147493,-0.22721652320203922,285.108,264.26300000000003,256.4705,264.87719999999996,0.9839078524629262,1.0615182602180402,1.0937710184992036,63.449397359862246,3.81617571007331,-2.110654355659623,5.926830065732933,256.4705,298.27048009316655,214.67051990683348,0.7876735819777528,0.049687103170238923,0.045011655221509926,0.07141121536981009,0.08096027128049021,0.16133305733802517,0.015328675317267892,1,2025-05-01,3,5,2
2025-05-02,284.9,294.78,279.81,287.21,114454683,TSLA,0.02384856694709825,2.384856694709825,1.0535005896858582,0.1484633887561395,285.56,268.84700000000004,257.467,263.53340000000003,1.0057781201848999,1.0683027893188317,1.1155216008265136,65.70091776138203,4.992054913069637,-0.6901125019137709,5.682167414983408,257.467,301.25499023043534,213.67900976956463,0.8396250871925925,0.02346285795965342,0.04466776474137377,0.07028480625794807,0.00793121600280755,0.18991589675601772,0.03847359075241119,1,2025-05-02,4,5,2
2025-05-05,284.57,284.849,274.4,280.26,94618882,TSLA,-0.024198321785453114,-2.4198321785453114,1.03807944606414,-0.17330702842451629,284.43600000000004,274.123,259.5085,262.3826,0.9853183141374507,1.0223877602390168,1.079964625436161,61.82126217704362,5.302022323815208,0.508314463232025,4.793707860583184,259.5085,303.5621191356286,215.45488086437143,0.7355254847066252,0.026101344564089884,0.0393049832361713,0.06582998585861723,-0.019658598013152395,0.23191208791208795,0.13601655605509166,1,2025-05-05,0,5,2
2025-05-06,273.105,277.73,271.35,275.35,76715792,TSLA,-0.01751944622850199,-1.751944622850199,1.0235120692832136,-0.1892126563068035,281.1,277.861,261.61150000000004,261.279,0.97954464603344,0.9909631074530072,1.0525148932673065,58.76237623762377,5.092771465296039,1.4252058636448277,3.6675656016512113,261.61150000000004,304.3925032976969,218.83049670230315,0.6605677630372404,0.022229194288465367,0.040073882687800204,0.06562443967393113,-0.057117419443207695,0.1570786233558854,0.21325585618303955,1,2025-05-06,1,5,2
2025-05-07,276.88,277.92,271.0,276.22,71882408,TSLA,0.003159615035409402,0.3159615035409402,1.0255350553505536,-0.06300376850701095,279.912,280.409,264.3295,260.7474,0.9868101403298181,0.9850611071684576,1.0449836283880536,65.82960460231944,4.940192912720647,2.1282032734599916,2.8119896392606556,264.3295,303.20580504155294,225.45319495844706,0.6529273420826757,0.018846620209975844,0.03783543823191996,0.06416786513809461,-0.02105188545506098,0.10161920714684536,0.25870682789081156,1,2025-05-07,2,5,2
2025-05-08,279.63,289.8,279.41,284.82,97539448,TSLA,0.031134602852798343,3.1134602852798343,1.0371854980136717,0.3569307249695921,280.77200000000005,282.94,264.9605,260.6278,1.0144173920476398,1.0066445182724253,1.074952681626129,68.42194522174172,5.450392703008106,2.7926411593696145,2.6577515436384913,264.9605,304.77307747575287,225.14792252424718,0.7494123874810046,0.024426595880684396,0.037576169168922334,0.04027716729835707,0.015328675317267892,0.09752996030981476,0.2036373850150972,1,2025-05-08,3,5,2
2025-05-09,290.21,307.04,290.0,298.26,132387835,TSLA,0.047187697493153546,4.718769749315355,1.0587586206896553,0.35727480229332453,282.98199999999997,284.271,267.25350000000003,260.954,1.0539892996727709,1.0492100847430796,1.1160190605548663,80.11063829787237,6.860145898213261,3.606142107138344,3.254003791074917,267.25350000000003,309.24317255233484,225.2638274476652,0.8692157870647156,0.030750112792041862,0.025989001775224365,0.03721300131777452,0.03847359075241119,0.0467099491138796,0.17340575336954345,1,2025-05-09,4,5,2
2025-05-12,321.99,322.21,311.5,318.38,112826661,TSLA,0.06745792261785022,6.745792261785022,1.03438202247191,-0.14775658201525843,290.606,287.521,270.55699999999996,261.462,1.095572699806611,1.1073278125771682,1.1767575778856214,81.62013370035393,9.49148933151406,4.783211552013487,4.708277779500573,270.55699999999996,317.67885417672255,223.43514582327737,1.0074397096159238,0.03394577993696242,0.032626542013833165,0.0393413166330794,0.13601655605509166,0.11368406324331892,0.07447075821345561,1,2025-05-12,0,5,2
2025-05-13,320.0,337.5894,316.8,334.07,136992574,TSLA,0.049280733714429203,4.92807337144292,1.065623106060606,0.21418619310200104,302.35,291.725,274.64300000000003,262.45039999999995,1.1049115263767155,1.1451538263775816,1.2163790812072397,82.03275159529487,12.696542000550096,6.365877641720809,6.330664358829287,274.64300000000003,328.76902607754477,220.5169739224553,1.0489688076754489,0.02411901991132033,0.034707835393406945,0.04006221645556135,0.21325585618303955,0.14395781255350482,0.029185500044900836,1,2025-05-13,1,5,2
2025-05-14,342.5,350.0,337.0,347.68,136997264,TSLA,0.04073996467806151,4.073996467806151,1.0385756676557865,3.423543235281379e-05,316.642,298.277,279.3215,263.9632,1.098022372268998,1.1656279230379816,1.2447305345274173,82.67734044918838,16.148631219874062,8.32242835735146,7.826202862522601,279.3215,341.54479713471864,217.0982028652814,1.0492998856360676,0.013365385781278234,0.0311010055939135,0.04042149976838166,0.25870682789081156,0.2322086759285511,-0.037563276576161986,0,2025-05-14,2,5,2
2025-05-15,340.34,346.1393,334.7153,342.82,97882596,TSLA,-0.013978370915784688,-1.3978370915784688,1.034130498366821,-0.28551422749581334,328.24199999999996,304.507,284.385,265.2376,1.0444123542995718,1.1258197676900694,1.2054784886685304,75.30831802676465,18.281537232508242,10.314250132382817,7.967287100125425,284.385,350.0529870737294,218.71701292627057,0.9449276017429276,0.03077580924378773,0.03199304262499246,0.038085138212368856,0.2036373850150972,0.22208755168971916,-0.0051922291581587565,0,2025-05-15,3,5,2
2025-05-16,346.24,351.62,342.33,349.98,95895665,TSLA,0.020885595939560186,2.0885595939560186,1.0271375573277248,-0.020299124473568297,338.58599999999996,310.784,289.8155,266.9682,1.0336517162552499,1.1261197487644152,1.2075958670257458,76.58427339084275,20.315448926366855,12.314489891179626,8.000959035187229,289.8155,358.4042188744754,221.22678112552455,0.9385888888674783,0.031088456287090834,0.03197447416300891,0.03782090841828613,0.17340575336954345,0.218550886111208,-0.030401737242128246,0,2025-05-16,4,5,2
2025-05-19,336.3,343.0,333.37,342.09,88869853,TSLA,-0.022544145379736147,-2.2544145379736147,1.0288868224495304,-0.07326516793016657,343.328,316.967,295.54499999999996,268.5566,0.9963941187435922,1.0792606170358428,1.1574887073034563,70.46606704824202,21.04805268735163,14.061202450414028,6.986850236937601,295.54499999999996,361.3018361064959,229.78816389350402,0.8539175753880437,0.03209979599825027,0.03172130207019693,0.03476761442618925,0.07447075821345561,0.22061657032755289,0.060802712736414355,1,2025-05-19,0,5,2
2025-05-20,347.87,354.9899,341.63,343.82,131715548,TSLA,0.005057148703557557,0.5057148703557557,1.0391063431197494,0.48211731598115737,345.278,323.81399999999996,300.8375,270.99,0.9957773156702714,1.0617823812435534,1.14287613744962,77.0059565522074,21.520171842683226,15.552996328867867,5.967175513815359,300.8375,364.07340082090485,237.6015991790951,0.8398583671776415,0.025706193263604352,0.029428956002981232,0.034431236000560236,0.029185500044900836,0.2486653350281458,0.0380431621197137,1,2025-05-20,1,5,2
2025-05-21,344.43,347.35,332.2,334.62,102354844,TSLA,-0.02675818742365188,-2.675818742365188,1.0456050571944613,-0.22290993315382934,342.666,329.654,305.0315,273.07079999999996,0.9765194095708357,1.0150642795173122,1.0970014572265487,72.2231350640815,20.910918510334056,16.624580765161106,4.2863377451729505,305.0315,365.33582655334425,244.72717344665574,0.7453265104770426,0.0200161945167448,0.0329606012627904,0.03487763290985663,-0.037563276576161986,0.2114256751864454,0.0711553403861096,1,2025-05-21,2,5,2
2025-05-22,331.9,347.27,331.39,341.04,97113416,TSLA,0.019185942262865296,1.9185942262865296,1.0479193699266725,-0.0512084020175928,342.31000000000006,335.27599999999995,309.10800000000006,274.9298,0.9962899126522742,1.0171918061537362,1.1033036996777823,72.1613832853026,20.70741896492848,17.441148405114582,3.266270559813897,309.10800000000006,367.4463129864502,250.7696870135499,0.7736794943609064,0.02264198794475128,0.03272162769714817,0.034581387240469885,-0.0051922291581587565,0.19738782388877185,0.01589256392212035,1,2025-05-22,3,5,2
2025-05-23,337.92,343.18,333.21,339.34,84654818,TSLA,-0.004984752521698499,-0.4984752521698499,1.0299210707961948,-0.12828915419883902,340.182,339.384,311.8275,276.903,0.9975248543426752,0.9998703533460621,1.088229870681707,75.42168674698793,20.176387481036045,17.988196220298875,2.1881912607371703,311.8275,370.4940965659449,253.16090343405506,0.734481814272916,0.019119581957536092,0.03181281781801069,0.02861119067722568,-0.030401737242128246,0.1377321799772011,0.009872104673778637,1,2025-05-23,4,5,2
2025-05-27,347.35,363.79,347.32,362.89,120146414,TSLA,0.06939942240820418,6.939942240820418,1.0474202464585973,0.4192507507369516,344.342,343.835,315.678,279.1612,1.053865052767307,1.0554190236596042,1.1495574604502055,82.46069415603674,21.40903931011144,18.672364838261387,2.7366744718500513,315.678,377.2127304929653,254.1432695070347,0.8836207587306919,0.036001707868769335,0.03218292339952562,0.03156384919585462,0.060802712736414355,0.1398014950687858,-0.051310314420347725,0,2025-05-27,1,5,2
2025-05-28,364.84,365.0,355.91,356.9,91404309,TSLA,-0.016506379343602773,-1.6506379343602773,1.0255401646483662,-0.23922565845369304,346.95799999999997,346.118,318.9215,281.539,1.0286547651300735,1.0311512258825024,1.1190841633442712,78.82252072020573,21.65297975385863,19.268487821380837,2.3844919324777933,318.9215,382.02643192002785,255.81656807997211,0.8009154660695118,0.03831543360915255,0.03077856053267295,0.032129917311779374,0.0380431621197137,0.06833897087436758,-0.06962734659568492,0,2025-05-28,2,5,2
2025-05-29,365.29,367.71,356.0,358.43,88545666,TSLA,0.004286915102269528,0.42869151022695284,1.0328932584269663,-0.03127470719132075,351.71999999999997,347.193,322.735,284.2014,1.0190776754236326,1.0323652838622899,1.110601577145336,77.69583866355629,21.719394862163597,19.75866922953739,1.9607256326262075,322.735,385.70410203048874,259.7658979695113,0.7834326586292829,0.033470182676540956,0.02841280835522103,0.03044698892637039,0.0711553403861096,0.030919236079153256,-0.2057026476578412,0,2025-05-29,3,5,2
2025-05-30,355.52,363.68,345.29,346.46,123474938,TSLA,-0.033395642105850554,-3.3395642105850554,1.0532595789046888,0.39447748916361425,352.804,347.55699999999996,326.03200000000004,286.4134,0.9820183444632147,0.9968436831944113,1.0626564263630562,68.33815248820571,20.56904322494205,19.920744028618323,0.6482991963237268,326.03200000000004,386.55190071999203,265.51209928000804,0.6687709311893485,0.03929551495473809,0.03033143820046135,0.03190819185039746,0.01589256392212035,0.01061781693016739,-0.148126767880852,0,2025-05-30,4,5,2
2025-06-02,343.5,348.02,333.33,342.69,81873829,TSLA,-0.010881487040350968,-1.0881487040350968,1.044070440704407,-0.3369194564811201,353.474,346.828,328.80600000000004,288.542,0.9694913911631408,0.9880690140357757,1.0422255068338169,60.563135482749615,19.132624782959965,19.763120179486652,-0.6304953965266868,328.80600000000004,386.8696077346017,270.7423922653984,0.6195585371086588,0.03970987630063018,0.029728724837187304,0.03212145172116611,0.009872104673778637,-0.020829761700668636,-0.0995360238116082,0,2025-06-02,0,6,2
2025-06-03,346.595,355.4,343.04,344.27,99324544,TSLA,0.004610580991566637,0.46105809915666374,1.0360307835820894,0.21314155222910114,349.75,347.046,332.0065,290.4532,0.9843316654753395,0.992001060378163,1.036937529837518,55.05150554675117,17.915229994706692,19.393542142530663,-1.4783121478239707,332.0065,385.69492716618504,278.318072833815,0.6142099019034402,0.0158693074250994,0.028841612500462587,0.03116966699761578,-0.051310314420347725,0.00637259200795115,-0.05280738954890063,0,2025-06-03,1,6,2
2025-06-04,345.095,345.6,327.3308,332.05,98912075,TSLA,-0.03549539605542151,-3.5495396055421513,1.0558126519105444,-0.004152739931028493,344.78,345.869,334.8415,291.52639999999997,0.9630779047508558,0.9600455663849607,0.9916632197621861,42.15125037661947,15.78245367918396,18.671324449861324,-2.8888707706773644,334.8415,381.4550798035838,288.22792019641616,0.47005700901150954,0.019548529106882706,0.030979670897972215,0.032268774992329906,-0.06962734659568492,-0.034233028910476415,-0.016925161873211914,0,2025-06-04,2,6,2
2025-06-05,322.49,324.5499,273.21,284.7,292818655,TSLA,-0.14259900617376908,-14.259900617376909,1.187913692763808,1.9603934100058056,330.034,340.877,335.2655,291.45759999999996,0.8626383948320476,0.8351986200300988,0.8491777412230009,29.543854709277795,10.154410085208156,16.96794157693069,-6.813531491722536,335.2655,379.7390684838087,290.79193151619126,-0.0684893491109121,0.05780433921734526,0.05396160604590593,0.04697711205534747,-0.2057026476578412,-0.14918414918414924,0.12086406743940992,1,2025-06-05,3,6,2
2025-06-06,298.83,305.5,291.14,295.14,164747685,TSLA,0.03667017913593251,3.6670179135932512,1.049323349591262,-0.43737298772853117,319.77,336.287,335.7815,291.9192,0.9229758889201614,0.8776432035731384,0.8789644456290772,31.1338929406908,6.462074960751863,14.866768253694927,-8.404693292943064,335.7815,377.9715438617033,293.5914561382967,0.018352005828428993,0.06840320848390714,0.05544225622203688,0.047169965615151514,-0.148126767880852,-0.13458831808585514,0.10222267398522744,1,2025-06-06,4,6,2
2025-06-09,285.955,309.83,281.85,308.58,140908876,TSLA,0.0455377109168531,4.55377109168531,1.0992726627638814,-0.14469890123190499,312.948,333.21099999999996,336.2975,292.6282,0.9860424096015952,0.9260798713127718,0.9175804161493915,38.89588441911328,4.567714678505467,12.806957538657036,-8.239242860151569,336.2975,376.77291833599133,295.8220816640087,0.15760082119579685,0.07643262260094519,0.05846233516991487,0.047089770192419174,-0.0995360238116082,-0.09064654918370951,0.06659537235076818,1,2025-06-09,0,6,2
2025-06-10,314.94,327.83,310.667,326.09,151256520,TSLA,0.05674379415386599,5.674379415386599,1.0552456488780593,0.07343500490345267,309.312,329.531,336.683,293.87899999999996,1.054242965032071,0.9895578868148974,0.9685371699788822,44.68110637787244,4.428284660466204,11.131222963018871,-6.702938302552667,336.683,376.58265471424045,296.78334528575954,0.3672544903475154,0.08355568884944947,0.05671546074159453,0.04637092756388635,-0.05280738954890063,-0.10140814020777644,-0.029869054555490715,0,2025-06-10,1,6,2
2025-06-11,334.395,335.5,322.5,326.43,122611360,TSLA,0.001042656935202002,0.10426569352020021,1.0403100775193799,-0.18938132385962603,308.188,326.484,336.301,295.2244,1.0591911430685166,0.9998346013893484,0.9706483180246268,47.4051074076421,4.295702342509912,9.76411883891708,-5.468416496407167,336.301,376.4514915877335,296.15050841226645,0.3770749795375396,0.08211645719286428,0.05673242693136681,0.04503182847692125,-0.016925161873211914,-0.08537405435696266,-0.0134178843856263,0,2025-06-11,2,6,2
2025-06-12,323.075,332.56,316.86,319.11,105127536,TSLA,-0.02242440952118374,-2.242440952118374,1.0495486965852427,-0.14259546586874172,315.07,322.552,334.87250000000006,296.23740000000004,1.0128225473704258,0.9893288524020933,0.9529298464340905,43.09117257891753,3.558941810293277,8.523083433192319,-4.964141622899042,334.87250000000006,375.3499946567105,294.3950053432896,0.3052930383453599,0.03308189399046354,0.05675257547948529,0.04422087125953878,0.12086406743940992,-0.10970063889741366,0.009557832722258741,1,2025-06-12,3,6,2
2025-06-13,313.97,332.99,313.3,325.31,128964279,TSLA,0.01942903700918186,1.942903700918186,1.0628471113948292,0.22674119366785117,321.104,320.437,333.99699999999996,297.0884,1.0130985599681102,1.015207357452479,0.9739907843483625,45.7018565038907,3.435736928239919,7.50561413220184,-4.069877203961921,333.99699999999996,374.5081540715682,293.48584592843173,0.3927826150712315,0.03225599496691513,0.056793367169794606,0.0444270521418741,0.10222267398522744,-0.06104600819719441,0.07183916879284369,1,2025-06-13,4,6,2
2025-06-16,331.29,332.05,326.41,329.13,83925858,TSLA,0.011742645476622293,1.1742645476622293,1.0172788823871817,-0.34923175122004135,325.214,319.081,332.9545,298.3254,1.0120413020349677,1.0314935705980612,0.9885134455308459,38.23529411764706,3.604784534286523,6.725448212618778,-3.1206636783322548,332.9545,372.8015097801687,293.1074902198313,0.45201020075158316,0.028956127872343067,0.056971729134060005,0.04422970173783916,0.06659537235076818,-0.03956929002888909,0.03445447087776876,1,2025-06-16,0,6,2
2025-06-17,326.09,327.26,314.74,316.35,88282669,TSLA,-0.03882964178288206,-3.8829641782882063,1.039778865094999,0.051912617920450765,323.26599999999996,316.289,331.6675,299.86379999999997,0.9786058540025863,1.0001928615917721,0.9538166989530177,36.507619618020904,2.6766618947584675,5.915690949046716,-3.239029054288249,331.6675,371.93267255709253,291.4023274429075,0.30979219723594736,0.02428167305545896,0.058018022310330764,0.04477258111236671,-0.029869054555490715,-0.08109913730502205,0.03540382487750904,1,2025-06-17,1,6,2
2025-06-18,317.31,329.32,315.45,322.05,95137686,TSLA,0.018018018018018056,1.8018018018018056,1.0439689332699318,0.07764850199533502,322.39,315.289,330.579,301.639,0.9989453767176402,1.0214438182112284,0.9741998130552758,38.22196322196322,2.3736978678376204,5.207292332804897,-2.833594464967277,330.579,370.6374204434081,290.52057955659194,0.39354298165538987,0.026558951817164493,0.05754506487153207,0.04498722818416382,-0.0134178843856263,-0.030115946393615367,0.01158205247632349,1,2025-06-18,2,6,2
2025-06-20,327.95,332.36,317.78,322.16,108688008,TSLA,0.00034156186927503107,0.03415618692750311,1.0458807980363776,0.14242854298558405,323.0,319.03499999999997,329.956,303.645,0.9973993808049536,1.0097951635400506,0.9763726072567251,41.478468228363035,2.118057130303157,4.589445292304549,-2.471388162001392,329.956,370.13717726393276,289.7748227360673,0.40298940286403945,0.02410901793954666,0.029523454732867056,0.04461712680911712,0.009557832722258741,0.13157709870038659,0.00456295008691332,1,2025-06-20,4,6,2
2025-06-23,327.54,357.54,327.48,348.68,190716815,TSLA,0.08231934442513023,8.231934442513023,1.0917918651520704,0.7547181010070587,327.67400000000004,324.389,330.33799999999997,305.17460000000005,1.0641063984325885,1.074882317217908,1.0555249471753176,51.81152845823505,4.009186955536222,4.473393624950884,-0.4642066694146614,330.33799999999997,371.1038730338297,289.57212696617023,0.7249675848322794,0.04377132775754895,0.036357788950129324,0.048202685225813835,0.07183916879284369,0.18140543470895176,-0.08896409315131348,0,2025-06-23,0,6,2
2025-06-24,356.17,356.26,340.44,340.47,114736245,TSLA,-0.023545944705747335,-2.3545944705747335,1.04646927505581,-0.3983947089300962,329.942,327.57800000000003,330.3945,306.936,1.0319086384879768,1.0393555122749392,1.030495362362267,48.895091881833,4.790223861852326,4.536759672331172,0.25346418952115357,330.3945,371.2159997403627,289.5730002596373,0.6234092336646536,0.04709024198221886,0.03697369695079432,0.048526925953789116,0.03445447087776876,0.10334435154579058,-0.11677974564572513,0,2025-06-24,1,6,2
2025-06-25,342.7,343.0,320.4,327.55,119845050,TSLA,-0.03794754310218229,-3.794754310218229,1.0705368289637953,0.04452651383178874,332.1820000000001,327.72400000000005,328.6275,308.44079999999997,0.986055836860516,0.9994690654331082,0.9967212117062633,48.69686088265956,4.3169026475774785,4.492788267380433,-0.1758856198029548,328.6275,366.4777961818322,290.7772038181678,0.4857662936793983,0.04687368120054138,0.03592033412041332,0.046495069649040065,0.03540382487750904,0.004477291545279094,-0.036330331247137915,0,2025-06-25,2,6,2
2025-06-26,324.61,331.05,323.61,325.78,80440907,TSLA,-0.005403755151885292,-0.5403755151885292,1.022990636877723,-0.3287924115347276,332.928,327.659,327.0715,309.9094,0.9785298923490964,0.9942653795561849,0.9960513221115259,66.1630468995908,3.7556748854239004,4.345365590989127,-0.5896907055652267,327.0715,362.5098516754585,291.63314832454154,0.4817782157050151,0.04677210874032763,0.03597757348936339,0.04640463707030529,0.01158205247632349,-0.001991238550378416,-0.032015470562956394,0,2025-06-26,3,6,2
2025-06-27,324.51,329.3393,317.495,323.63,89067049,TSLA,-0.006599545705690879,-0.6599545705690879,1.0373054693774704,0.10723576252067879,333.22200000000004,328.111,325.3315,311.2998,0.9712143856047919,0.9863430363505034,0.9947699500355791,61.991750147318804,3.1016568394582578,4.096623840682954,-0.9949670012246958,325.3315,357.55882105070236,293.10417894929765,0.47360159106425437,0.046978955611523585,0.03520325293349931,0.046372462883039374,0.00456295008691332,0.014164394722822715,-0.0917405679325155,0,2025-06-27,4,6,2
2025-06-30,319.9,325.5799,316.6,317.66,76695081,TSLA,-0.01844699193523458,-1.844699193523458,1.028363550221099,-0.13890623006943903,327.01800000000003,327.346,323.8915,312.822,0.9713838381985089,0.9704105136461115,0.9807605324622598,54.07833273445924,2.0776637055597575,3.6928318136583145,-1.615168108098557,323.8915,354.685612407198,293.097387592802,0.39881994457902614,0.013386017574957899,0.03515152198870619,0.045993212597878474,-0.08896409315131348,-0.02351603086286924,-0.06248819492539204,0,2025-06-30,0,6,2
2025-07-01,298.46,305.89,293.21,300.71,145085665,TSLA,-0.053358937228483394,-5.33589372284834,1.0432454554755977,0.8917206046108745,319.066,324.504,321.79249999999996,314.0088,0.9424695830956604,0.9266757882799594,0.9344841784690445,38.54279523293607,-0.10042394869759619,2.9341806611871326,-3.034604609884729,321.79249999999996,352.91263995029715,290.6723600497028,0.1612724101872387,0.02082844169686322,0.038249449386740665,0.047323931358843774,-0.11677974564572513,-0.08634885911342027,-0.01606198663163838,0,2025-07-01,1,7,3
2025-07-02,312.63,316.832,303.82,315.65,119483730,TSLA,0.04968241827674502,4.968241827674502,1.0428279902573891,-0.176460817131727,316.686,324.434,320.3615,315.7718,0.9967286207789419,0.9729251558098102,0.9852931766145433,45.700382897255885,-0.6139635758371469,2.224551813782277,-2.838515389619424,320.3615,349.71142819859904,291.0115718014009,0.41973574912825695,0.03706628217373152,0.04058143202695274,0.04887400797101609,-0.036330331247137915,-0.002212739054844426,-0.01831142087755422,0,2025-07-02,2,7,3
2025-07-03,317.99,318.45,312.76,315.35,58042302,TSLA,-0.0009504197687310034,-0.09504197687310034,1.0181928635375368,-0.5142242211554662,314.6,323.764,319.5265,317.3194,1.002383979656707,0.9740119346190436,0.986929096647696,48.41135710664188,-1.0332443255808244,1.572992585909657,-2.6062369114904813,319.5265,348.4229993509007,290.6300006490993,0.42773346090674824,0.03716236214512455,0.040112534243972736,0.04827774788185183,-0.032015470562956394,-0.02080422294674733,-0.005834786744886689,0,2025-07-03,3,7,3
2025-07-07,291.37,296.15,288.7701,293.94,131177949,TSLA,-0.06789281750436027,-6.789281750436027,1.0255563162529637,1.2600404270664525,308.662,320.942,319.98850000000004,318.1834,0.9523038145285134,0.9158664182313315,0.9185955120262133,38.25533508049419,-3.057886003293561,0.6468168680690135,-3.7047028713625743,319.98850000000004,346.7576946087245,293.2193053912756,0.013461268059396575,0.04639816400379209,0.045258563450917846,0.03872540766939537,-0.0917405679325155,-0.08759622547802337,0.07811117915220778,1,2025-07-07,0,7,3
2025-07-08,297.0,304.0499,294.35,297.81,103246742,TSLA,0.013165952235149936,1.3165952235149936,1.0329536266349582,-0.21292608409360025,304.692,315.85499999999996,320.12199999999996,318.94939999999997,0.9774132566657477,0.9428693546089187,0.9303015725254747,38.27844311377245,-4.300578075538112,-0.34266212065241175,-3.9579159548857006,320.12199999999996,346.3913855035972,293.85261449640274,0.07532314570234917,0.0484629351232595,0.03369401009520891,0.03797708686166812,-0.06248819492539204,-0.14589308248250543,0.04355125751317934,1,2025-07-08,1,7,3
2025-07-09,297.55,300.15,293.55,295.88,75586771,TSLA,-0.006480642020079919,-0.6480642020079919,1.0224833929483903,-0.2679016350946939,303.726,311.396,319.48699999999997,319.168,0.9741675062391761,0.9501727703631389,0.9261096695640199,41.66191446028512,-5.379147897660971,-1.3499592760541237,-4.029188621606847,319.48699999999997,347.488034642534,291.48596535746594,0.07846200504068951,0.042611307207192535,0.03365252081580633,0.03652945845696997,-0.01606198663163838,-0.13096601756395576,0.08716371501960252,1,2025-07-09,2,7,3
2025-07-10,300.05,310.48,300.0,309.87,104365271,TSLA,0.047282682168446666,4.728268216844667,1.0349333333333335,0.3807346129390816,302.57,309.628,318.676,319.64779999999996,1.0241266483788876,1.0007815830609634,0.972366918123737,45.352564102564095,-5.0468690073279845,-2.089341222308896,-2.9575277850190886,318.676,346.8110423194198,290.54095768058016,0.3435047671152468,0.041883995859412784,0.03734192730843082,0.03578968717032514,-0.01831142087755422,-0.05397649213860478,0.03078710426953246,1,2025-07-10,3,7,3
2025-07-11,307.89,314.09,305.65,313.51,79236442,TSLA,0.011746861587117241,1.174686158711724,1.027613283167021,-0.24077769126858306,302.20200000000006,308.401,318.03000000000003,320.0774,1.0374186802205145,1.0165660941436636,0.9857875043234914,46.78605929999255,-4.438651996299882,-2.5592033771070932,-1.8794486191927886,318.03000000000003,346.0082795453106,290.0517204546895,0.41922305314235025,0.042418945570020475,0.037708284878755875,0.0359164950259513,-0.005834786744886689,-0.03766345386457115,0.05148161143185215,1,2025-07-11,4,7,3
2025-07-14,317.73,322.5986,312.67,316.9,78043430,TSLA,0.010813052215240315,1.0813052215240315,1.0317542456903444,-0.015056355003926103,306.794,307.72799999999995,317.91949999999997,320.7722,1.0329406702869026,1.0298055425570634,0.9967932133763422,35.741206030150735,-3.6411184179011684,-2.775586385265908,-0.8655320326352602,317.91949999999997,345.8972765001883,289.94172349981164,0.48178018185267274,0.01958698434299316,0.03793445258710284,0.03566090275618201,0.07811117915220778,-0.020795352717609683,0.036573051435784265,1,2025-07-14,0,7,3
2025-07-15,319.675,321.2,310.5,310.78,77556346,TSLA,-0.019312085831492576,-1.9312085831492576,1.0344605475040258,-0.006241191603188145,309.388,307.04,317.19300000000004,321.3774,1.004499204881896,1.0121808233454923,0.9797820254545337,36.42432556012801,-3.4629810739375557,-2.913065323000238,-0.5499157509373176,317.19300000000004,345.1172879379557,289.26871206204436,0.38517164673546983,0.025087048911190093,0.037978497360561504,0.03561669207195131,0.04355125751317934,-0.021658376880942076,0.06863376021623036,1,2025-07-15,1,7,3
2025-07-16,312.8,323.5,312.62,321.67,97284786,TSLA,0.03504086492052272,3.504086492052272,1.0348026357878575,0.2543755735990967,314.546,309.136,316.82,322.0666,1.0226485156384122,1.0405452616324207,1.0153083769964018,47.26052925829296,-2.4152326583085824,-2.8134987900619075,0.39826613175332515,316.82,344.26815898341266,289.3718410165873,0.5883483661496378,0.025626596125967654,0.03472287569173331,0.036450160972471946,0.08716371501960252,0.06970170596255532,0.033854571455218085,1,2025-07-16,2,7,3
2025-07-17,323.15,324.34,317.0601,319.41,73922870,TSLA,-0.0070258339291821015,-0.7025833929182101,1.0229606311232475,-0.2401394602440715,316.454,309.512,316.973,322.8496,1.009341010067814,1.031979373982269,1.0076883520047448,47.045728596605166,-1.7471080288750613,-2.6002206378245383,0.8531126089494769,316.973,344.44423211077293,289.5017678892271,0.5443554914132216,0.020673768410717733,0.031516429049886927,0.03536848033926826,0.03078710426953246,0.011911927768097685,-0.04417519802135195,0,2025-07-17,3,7,3
2025-07-18,321.66,330.9,321.42,329.65,94254993,TSLA,0.03205910898218578,3.205910898218578,1.0294941198431957,0.2750450976808665,319.68199999999996,310.942,317.353,323.9356,1.031180986104942,1.0601655614230305,1.0387486489807878,52.597066436583255,-0.3868724014968734,-2.1575509905590056,1.7706785890621322,317.353,345.32561149202843,289.3803885079716,0.7198042896978772,0.023784929386746454,0.032912845329395216,0.03585851264513659,0.05148161143185215,0.04534644046297753,-0.04122554224177155,0,2025-07-18,4,7,3
2025-07-21,334.4,338.0,326.88,328.49,75768797,TSLA,-0.0035188836644926003,-0.35188836644926,1.0340186000978953,-0.19612962042233673,322.0,314.39700000000005,317.66949999999997,324.981,1.0201552795031057,1.0448254913373853,1.0340621306105875,54.874426140966776,0.5907124621355138,-1.6078983000201017,2.1986107621556155,317.66949999999997,346.01191862798515,289.3270813720148,0.6908887900857537,0.024560840160068667,0.021348610014736636,0.035877016590625734,0.036573051435784265,0.11754099476083568,-0.008828274833328376,0,2025-07-21,0,7,3
2025-07-22,329.74,335.4098,321.55,332.11,77370371,TSLA,0.011020122378154529,1.1020122378154529,1.0431030943865651,0.021137645883436695,326.26599999999996,317.827,316.841,325.9268,1.017911765246762,1.0449395425813415,1.0481913641226988,66.05973813420624,1.638669691908774,-0.9585847016343267,2.5972543935431007,316.841,342.1757648810621,291.5062351189379,0.8013448135730221,0.01952914683262425,0.021339414136180887,0.0305840799412733,0.06863376021623036,0.11517410429468455,-0.03285056156092869,0,2025-07-22,1,7,3
2025-07-23,330.9,336.2,328.67,332.56,92553756,TSLA,0.0013549727499924114,0.13549727499924114,1.022910518148903,0.19624288734507944,328.444,321.495,316.4455,326.6128,1.0125318166871673,1.0344173315292617,1.0509234607539055,60.15371682478686,2.4769419409685725,-0.271479373113747,2.7484213140823193,316.4455,340.43855993955134,292.4524400604486,0.835815857597973,0.01567730001057681,0.020755460911500316,0.03016406225839086,0.033854571455218085,0.12396917669325402,-0.04065431801780128,0,2025-07-23,2,7,3
2025-07-24,310.0,310.15,300.41,305.3,156966023,TSLA,-0.08197017079624724,-8.197017079624725,1.0324223561133117,0.6959443871732229,325.62199999999996,321.038,315.33299999999997,326.3512,0.9375902119635653,0.9509777658719528,0.968182841630911,45.44134990474461,0.9308937948932794,-0.031004739512341728,0.9618985344056211,315.33299999999997,339.22123546610237,291.44476453389757,0.2900012327357358,0.043432294471584476,0.03296135906294602,0.034339411145282744,-0.04417519802135195,-0.014748120179430058,0.00972813625941682,1,2025-07-24,3,7,3
2025-07-25,308.74,323.63,308.01,316.06,148227027,TSLA,0.0352440222731738,3.5244022273173803,1.0507126392000259,-0.05567444363421248,322.904,321.293,314.84700000000004,325.99100000000004,0.9788048460223472,0.9837126859284204,1.0038526649451955,61.10664792126934,0.5673416144081216,0.08866453127175095,0.47867708313637064,314.84700000000004,338.23049314321304,291.46350685678703,0.5259370999997927,0.04418734312675975,0.03475792190009756,0.035373214057096466,-0.04122554224177155,0.008133711843322455,-0.04249193191166234,0,2025-07-25,4,7,3
2025-07-28,318.45,330.49,315.69,325.59,112673755,TSLA,0.03015250268936276,3.015250268936276,1.0468814343184771,-0.23985687846252224,322.32399999999996,322.162,314.945,325.54920000000004,1.0101326615455257,1.010640609382857,1.033799552302783,63.19840364880274,1.0362697736928794,0.27818557975597663,0.7580841939369027,314.945,338.49928534034683,291.39071465965316,0.7259673737960083,0.04740827171382447,0.0358621713578573,0.03601081431519172,-0.008828274833328376,0.027421899652887438,-0.050155103043705185,0,2025-07-28,0,7,3
2025-07-29,325.55,326.25,318.25,321.2,87358861,TSLA,-0.013483215086458333,-1.3483215086458333,1.0251374705420266,-0.22467427308160626,320.14199999999994,323.204,315.122,325.1168,1.003304783502321,0.9937995816883454,1.0192877679121102,61.7548746518106,1.0416548583326062,0.4308794354713026,0.6107754228613036,315.122,338.81498328285926,291.42901671714077,0.6282658229957289,0.04714153367282456,0.035499261813134904,0.03588712885810863,-0.03285056156092869,0.033528541090160235,-0.038854296388542875,0,2025-07-29,1,7,3
2025-07-30,322.18,324.4499,311.6164,319.04,83931942,TSLA,-0.006724782067247692,-0.6724782067247692,1.0411836475872258,-0.03922806411132118,317.438,322.941,316.0385,324.498,1.0050466547798311,0.98792039412772,1.009497260618564,54.78251799311569,0.8616955387958569,0.5170426561362135,0.34465288265964344,316.0385,338.78327825555755,293.29372174444245,0.565982177673388,0.04697569945072364,0.033845100010626225,0.03359920816686255,-0.04065431801780128,-0.00817608107688006,0.00272693079237718,1,2025-07-30,2,7,3
2025-07-31,319.605,321.37,306.1,308.27,85270919,TSLA,-0.03375752256770326,-3.3757522567703258,1.0498856582816072,0.015953127833024494,318.032,321.827,315.6695,323.8216,0.9693049755999397,0.9578748830893616,0.9765593445042995,47.45631067961164,-0.14826342139730286,0.38398144062951023,-0.5322448620268131,315.6695,338.67873793883797,292.6602620611621,0.3392058872251866,0.029545604838487147,0.03545373256806592,0.03273347296638714,0.00972813625941682,-0.034876804107573434,0.04541473383722061,1,2025-07-31,3,7,3
2025-08-01,306.205,309.31,297.82,302.63,89121446,TSLA,-0.018295649917280277,-1.8295649917280277,1.0385803505473106,0.045156391477380486,315.346,319.125,315.0335,322.9978,0.9596760383832361,0.9483117900509205,0.9606279967051123,43.2209026128266,-1.387766727287726,0.029631807046062997,-1.4173985343337892,315.0335,338.77156827151066,291.29543172848935,0.23874243139476262,0.023747980812621305,0.033446056442879506,0.032970442031049665,-0.04249193191166234,-0.0819657212194751,0.08928394409014295,1,2025-08-01,4,8,3
2025-08-04,309.08,312.1186,303.0001,309.26,78683905,TSLA,0.021907940389254144,2.1907940389254144,1.0300940494739113,-0.11711592964952566,312.08,317.20200000000006,315.79949999999997,322.49060000000003,0.9909638554216867,0.9749623268453539,0.9792922408046879,49.28139183055976,-1.8141836566629195,-0.33913128569573353,-1.4750523709671859,315.79949999999997,337.5795869700007,294.0194130299992,0.34987433684247243,0.020458428774311026,0.03476491138804938,0.02937586650317174,-0.050155103043705185,-0.05854059484306984,0.09626204488132961,1,2025-08-04,0,8,3
2025-08-05,308.95,312.4499,305.5,308.72,57961278,TSLA,-0.0017461036021469978,-0.17461036021469978,1.022749263502455,-0.2633655129343161,309.584,314.863,316.34499999999997,321.8442,0.9972091580960257,0.9804899273652351,0.9758965686197033,43.21349963316214,-2.1706734599436004,-0.7054397205453069,-1.4652337393982935,316.34499999999997,336.7297915445691,295.96020845543086,0.3129733143621136,0.020641521560287264,0.03432429595012451,0.02929234261212284,-0.038854296388542875,-0.07042847249405315,0.10404249805649113,1,2025-08-05,1,8,3
2025-08-06,307.89,320.47,306.9345,319.91,78523579,TSLA,0.03624643690075158,3.6246436900751577,1.0440989852883922,0.354759275666765,309.75800000000004,313.598,317.54650000000004,321.4556,1.032773971939385,1.0201276793857104,1.0074430044103777,50.23960130343108,-1.5325879957339907,-0.8708693755830437,-0.6617186201509471,317.54650000000004,335.5455330441963,299.54746695580377,0.5656563048191662,0.02858023212115296,0.036913423033110876,0.030169694435257813,0.00272693079237718,-0.03803824873706996,0.06086086711887706,1,2025-08-06,2,8,3
2025-08-07,319.79,322.4,316.16,322.27,66658672,TSLA,0.007377074802288108,0.7377074802288108,1.019736842105263,-0.15109992630366476,312.558,315.29499999999996,318.1665,320.6432,1.03107263291933,1.0221221395835647,1.0128973352002804,46.174580136844284,-0.8269359882110052,-0.862082698108636,0.0351467098976308,318.1665,335.9045320216126,300.42846797838735,0.6156695397493969,0.021048161565638566,0.024449201171698468,0.028451677268061512,0.04541473383722061,0.05558467081559115,0.04130077264405618,1,2025-08-07,3,8,3
2025-08-08,321.43,335.15,320.98,329.65,91200319,TSLA,0.022900052750798983,2.2900052750798983,1.0441460527135646,0.3681688558091887,317.962,316.654,318.9735,320.0982,1.036759109579132,1.0410416416656665,1.0334714325798224,50.5648617062719,0.3240669919077277,-0.6248527601053633,0.948919752013091,318.9735,337.27904851173673,300.66795148826327,0.7916192320911516,0.014771364263803571,0.023063753138884212,0.02875312456178059,0.08928394409014295,0.04299816490539765,0.0027605035643865072,1,2025-08-08,4,8,3
2025-08-11,335.0,346.64,334.15,339.03,105320174,TSLA,0.02845442135598364,2.845442135598364,1.0373784228639833,0.15482242995224604,323.916,317.998,320.08000000000004,319.7102,1.046660245248768,1.0661387807470486,1.0592039490127465,53.19070453707118,1.9704189906684633,-0.10579840995059797,2.0762174006190612,320.08000000000004,340.4201040208429,299.73989597915715,0.9658284928282941,0.015547540296814018,0.022858894918350213,0.029274072517045707,0.09626204488132961,0.0412789090574035,-0.011414919033713722,0,2025-08-11,0,8,3
2025-08-12,345.0,345.26,332.94,340.84,80690111,TSLA,0.005338760581659496,0.5338760581659496,1.0370036643239022,-0.2338589281100124,330.34,319.962,321.58299999999997,319.5978,1.0317854331900467,1.0652514986154606,1.0598818967420542,53.770491803278674,3.3822284598892907,0.5918069640173798,2.790421495871911,321.58299999999997,343.41719153529084,299.7488084647091,0.9409826663120244,0.013398734777635412,0.02199148344785803,0.028764433734577613,0.10404249805649113,0.0611457036114571,-0.03382818917967367,0,2025-08-12,1,8,3
2025-08-13,341.5,348.98,338.2,339.38,67838892,TSLA,-0.004283534796385324,-0.42835347963853243,1.0318746303962154,-0.15926634429837383,334.234,321.996,322.46850000000006,319.5316,1.015396398930091,1.0539882483012213,1.0524438821156172,70.28571428571432,4.333335839365645,1.3401127390870329,2.9932231002786125,322.46850000000006,345.7087557056271,299.22824429437304,0.8638406610970562,0.013420572757537672,0.021845499937220545,0.02793707971298414,0.06086086711887706,0.06375376128385146,-0.04561258765985032,0,2025-08-13,2,8,3
2025-08-14,335.76,340.4699,330.4,335.58,75000662,TSLA,-0.011196888443632536,-1.1196888443632536,1.0304779055690074,0.10557026786345514,336.89599999999996,324.727,323.277,319.3578,0.9960937500000001,1.0334219205671227,1.038057146038846,62.66874350986502,4.7259887909283975,2.017287949455306,2.7087008414730915,323.277,347.18473325669873,299.36926674330124,0.7573016828467584,0.017077680543005874,0.018075515325176816,0.028031761788527072,0.04130077264405618,0.0885911700781783,-0.046099290780141744,0,2025-08-14,3,8,3
2025-08-15,337.655,339.3,327.02,330.56,74319792,TSLA,-0.014959175159425464,-1.4959175159425464,1.037551220108862,-0.009078186536540134,337.078,327.52,323.3225,319.32800000000003,0.9806632292822434,1.0092818759159747,1.022384770623758,53.42616848200747,4.579309607213361,2.529692281006917,2.0496173262064437,323.3225,347.28470346163135,299.36029653836863,0.6510190832739736,0.017345050139477684,0.0175454807425486,0.027418436267235956,0.0027605035643865072,0.09229091630043285,0.028587850919651547,1,2025-08-15,4,8,3
2025-08-18,329.62,336.27,329.59,335.16,56956552,TSLA,0.013915779283639962,1.3915779283639962,1.0202676052064688,-0.23362874858422644,336.304,330.11,323.656,320.3372,0.9965983158095059,1.0152979309926995,1.0355439108188942,59.59582073137205,4.779155721314623,2.9795849690684584,1.799570752246165,323.656,348.10180721772326,299.21019278227675,0.7352959732018912,0.011880930870077024,0.017067903151401297,0.027560622521714165,-0.011414919033713722,0.08374830239927578,0.034132951426184555,1,2025-08-18,0,8,3
2025-08-19,335.79,340.55,327.85,329.31,75956002,TSLA,-0.017454350161117183,-1.7454350161117183,1.0387372273905748,0.3335779525417901,333.99799999999993,332.169,323.51599999999996,321.0206,0.9859639878083104,0.9913929355237846,1.0179094697016533,56.71856600811199,4.414600332404575,3.2665880417356816,1.1480122906688934,323.51599999999996,347.7894148704598,299.24258512954015,0.6193486790161363,0.012598570928452948,0.018727617069039113,0.02777080302426196,-0.03382818917967367,0.06669473956983674,0.06789954753879335,1,2025-08-19,1,8,3
2025-08-20,329.22,331.37,314.6,323.9,77481768,TSLA,-0.016428289453706335,-1.6428289453706335,1.0533057851239669,0.02008749749624794,330.902,332.56800000000004,323.08299999999997,321.327,0.9788396564541767,0.9739361574174302,1.0025287619590013,60.99620092866189,3.6471042261941307,3.3426912786273717,0.30441294756675896,323.08299999999997,346.98321986245014,299.1827801375498,0.5170918929763404,0.013151752324437618,0.01677964334058352,0.028007171346839332,-0.04561258765985032,0.01247225782251249,0.07934547699907402,1,2025-08-20,2,8,3
2025-08-21,322.08,324.9,318.68,320.11,55744445,TSLA,-0.011701142327878888,-1.1701142327878888,1.0195180117986695,-0.2805475863689636,327.808,332.352,323.8235,321.2074,0.9765167415072238,0.963165559406894,0.9885323332000302,62.62640855244152,2.7018909894059107,3.21453122078308,-0.5126402313771692,323.8235,346.2778244223231,301.36917557767697,0.4173099147817554,0.013172574330374043,0.017101793019427113,0.020782578623331313,-0.046099290780141744,-0.006702454463648366,0.08081596951048087,1,2025-08-21,3,8,3
2025-08-22,321.66,340.25,319.69,340.01,94016347,TSLA,0.06216613039267749,6.216613039267749,1.0643123025430887,0.6865599253880812,329.69800000000004,333.38800000000003,325.02099999999996,321.47900000000004,1.0312771081413898,1.0198627425102282,1.046117020131007,68.6386228633774,3.518012915119982,3.2752275596504603,0.24278535546952185,325.02099999999996,348.27241752327984,301.7695824767201,0.8223244343058371,0.03385154829442119,0.02551860970838479,0.023679856705915343,0.028587850919651547,0.03142727134839984,-0.01805829240316459,0,2025-08-22,4,8,3
2025-08-25,338.9,349.53,335.03,346.6,86670037,TSLA,0.019381782888738597,1.9381782888738597,1.0432797062949586,-0.07813864539961335,331.986,334.145,326.0715,322.0288,1.044019928551204,1.0372742372323394,1.062957050830876,71.39146148633387,4.643031370706524,3.5487883218616734,1.0942430488448505,326.0715,351.24978410607247,300.89321589392756,0.9076628080276722,0.03425294619830121,0.024675646962091076,0.02316886455326155,0.034132951426184555,0.0223284075155592,-0.049740334679746145,0,2025-08-25,0,8,3
2025-08-26,344.93,351.9,343.72,351.67,76651550,TSLA,0.014627813040969384,1.4627813040969384,1.0237984405911786,-0.11559343167235525,336.45799999999997,335.228,327.59499999999997,322.556,1.045212181015164,1.0490472156263797,1.0734901326332822,69.26716816306723,5.8759884926537325,4.0142283560200855,1.861760136633647,327.59499999999997,355.1110205966174,300.07897940338256,0.9374724156689944,0.031364789080721205,0.02496841350319537,0.02294340969020516,0.06789954753879335,0.031774439619763006,-0.04999004748770164,0,2025-08-26,1,8,3
2025-08-27,351.94,355.39,349.156,349.6,65519012,TSLA,-0.005886200130804431,-0.5886200130804431,1.0178544833827858,-0.14523565407353145,341.598,336.25,329.123,322.9654,1.023425195697867,1.0397026022304834,1.0622168611734824,66.63825642274446,6.609889502810063,4.533360585378081,2.0765289174319816,329.123,357.99918002145324,300.24681997854674,0.8545655967095867,0.0291143927396854,0.025028332488698075,0.022922018165114907,0.07934547699907402,0.030113736814190606,-0.031664759725400615,0,2025-08-27,2,8,3
2025-08-28,350.91,353.55,340.26,345.98,67903224,TSLA,-0.010354691075514899,-1.03546910755149,1.0390583671310176,0.036389620771448694,346.77200000000005,337.29,331.0085,323.55800000000005,0.9977160785761249,1.0257641791929792,1.0452299563304266,60.41852749776703,6.820781866860614,4.990844841674588,1.8299370251860259,331.0085,359.0645306116887,302.95246938831133,0.7668142939964318,0.028801933947869875,0.0249756921076639,0.021394952146435404,0.08081596951048087,0.03099111985219638,0.014047054743048681,1,2025-08-28,3,8,3
2025-08-29,347.23,348.7499,331.7,333.87,81145660,TSLA,-0.035002023238337565,-3.5002023238337565,1.0514015676816402,0.1950192526940988,345.544,337.621,332.5705,323.7944,0.9662155904891997,0.9888899090992563,1.0039074421814322,46.81874229346488,5.942241333089839,5.181124139957639,0.7611171931322005,332.5705,357.2493684164326,307.89163158356735,0.5263281925668589,0.02177864538330255,0.02730237263345177,0.022680950405660313,-0.01805829240316459,0.010013310745401682,0.0375295773804174,1,2025-08-29,4,8,3
2025-09-02,328.23,333.33,325.6,329.36,58391952,TSLA,-0.013508251714739239,-1.350825171473924,1.0237407862407861,-0.2804057296471555,342.096,337.041,333.57550000000003,323.9384,0.9627706842523737,0.9772104877448144,0.9873626810122446,43.150357995226756,4.826436170356715,5.110186546037454,-0.28375037568073935,333.57550000000003,355.7693753761108,311.38162462388925,0.40503010563586533,0.017755170255518347,0.027274626128979552,0.02268751928546492,-0.049740334679746145,-0.01730516768110757,0.05346733058051978,1,2025-09-02,1,9,3
2025-09-03,335.2,343.33,328.51,334.09,88238894,TSLA,0.014361185329123005,1.4361185329123005,1.045112781954887,0.511148214397765,338.58000000000004,337.519,334.844,323.6466,0.9867387323527672,0.9898405719381723,0.9977482051343312,46.96221431032502,4.2745496620004815,4.943059169230059,-0.6685095072295777,334.844,353.7063014725648,315.9816985274352,0.4800130434481521,0.017662779260761024,0.02705059086137863,0.022781133817048622,-0.04999004748770164,0.014515198445233857,0.04100691430452885,1,2025-09-03,2,9,3
2025-09-04,336.15,338.89,331.48,338.53,60711033,TSLA,0.013289832081175623,1.3289832081175623,1.0223542898515747,-0.3119696967190001,336.366,338.98199999999997,335.775,323.6078,1.0064334683053577,0.9986665958664472,1.00820489911399,51.681678257895335,4.147635165003464,4.78397436838474,-0.6363392033812758,335.775,353.32620328757895,318.223796712421,0.5784846473161677,0.020632712409965708,0.02645558534983304,0.02163076514800197,-0.031664759725400615,0.045168261809200416,0.08944554396951543,1,2025-09-04,3,9,3
2025-09-05,348.0,355.87,344.6801,350.84,108989785,TSLA,0.036363099282190614,3.6363099282190614,1.0324645954321123,0.7952220480254388,337.338,342.055,337.20349999999996,324.0736,1.0400251379921621,1.0256830041952316,1.0404399717084787,60.673684210526304,4.982928534421717,4.823765201592136,0.15916333282958117,337.20349999999996,354.7772211408586,319.6297788591413,0.887979867516372,0.027679771240201087,0.02748336836654242,0.02287129730475346,0.014047054743048681,0.0959982506013557,0.12854862615437246,1,2025-09-05,4,9,3
2025-09-08,354.64,358.44,344.84,346.4,75208290,TSLA,-0.012655341466195402,-1.2655341466195402,1.0394385802111126,-0.3099510197217106,339.84399999999994,342.694,338.041,324.486,1.019291204199574,1.0108143124770201,1.024727769708408,55.92576971741879,5.226387116907006,4.9042895846551104,0.3220975322518953,338.041,355.6953513646094,320.3866486353906,0.736740501742725,0.020983543410281864,0.020981200369143808,0.022747411074471254,0.0375295773804174,0.01879356489515005,0.18371824480369536,1,2025-09-08,0,9,3
2025-09-09,348.44,350.77,343.82,346.97,53815991,TSLA,0.0016454965357968199,0.164549653579682,1.0202140654993892,-0.2844407046084946,343.366,342.731,338.438,324.95279999999997,1.0104960887216556,1.012368300503894,1.0252099350545745,59.859312192943285,5.403041138889364,5.004039895501961,0.39900124338740284,338.438,356.53748135342505,320.3385186465749,0.7356973615264805,0.018070092913977605,0.020084897632684187,0.021926422958086347,0.05346733058051978,0.0010675129832660168,0.2151482837132892,1,2025-09-09,1,9,3
2025-09-10,350.55,356.33,346.07,347.79,72121679,TSLA,0.0023633167132603994,0.23633167132603994,1.0296471812061143,0.34015331985617436,346.10599999999994,342.34299999999996,338.7855,325.55539999999996,1.0048655614176005,1.0159109431184516,1.0265787644394462,64.05790278921975,5.545285274187393,5.112288971239048,0.4329963029483448,338.7855,357.34030357722224,320.2306964227778,0.7426460609654171,0.018241711807808834,0.01947723795149421,0.021908256992122354,0.04100691430452885,-0.011033070776580334,0.2244745392334455,1,2025-09-10,2,9,3
2025-09-11,350.17,368.99,347.6,368.81,103756010,TSLA,0.06043877052244162,6.043877052244162,1.061536248561565,0.43862443912322124,352.16200000000003,344.264,340.25699999999995,326.91740000000004,1.047273697900398,1.0712999326098576,1.0839159811554209,73.82583170254402,7.270345092165201,5.543900195424279,1.7264448967409214,340.25699999999995,363.1670962344882,317.3469037655117,1.1231532095665557,0.02995537395006014,0.027319174674260017,0.025530937015950408,0.08944554396951543,0.05494851258581224,0.13025677177950712,1,2025-09-11,3,9,3
2025-09-12,370.94,396.6899,370.24,395.94,168156391,TSLA,0.07356091212277316,7.356091212277316,1.0714398768366464,0.6206906086693196,361.18199999999996,349.26,343.275,328.5232,1.096234031596259,1.133654011338258,1.1534192702643653,75.5551494105821,10.703251273291187,6.575770410997661,4.127480862293526,343.275,376.9599180682244,309.59008193177556,1.2817296734006287,0.03901865163594001,0.033929971666170296,0.029516807501278525,0.12854862615437246,0.1444014104861553,0.07609738849320613,1,2025-09-12,4,9,3
2025-09-15,423.13,425.7,402.43,410.04,163823667,TSLA,0.03561145628125484,3.561145628125484,1.0578237208955594,-0.025766038235204514,373.91,356.877,347.249,330.417,1.0966275306892033,1.1489672912516078,1.1808241348427209,77.12502137848469,14.39566208444927,8.139748745687983,6.255913338761287,347.249,391.6627024375403,302.83529756245974,1.2068877007980139,0.032831935516812336,0.029657890296024895,0.029548679180608002,0.18371824480369536,0.2281426902686674,0.05894546873475748,1,2025-09-15,0,9,3
2025-09-16,414.495,423.25,411.43,421.62,104285721,TSLA,0.028241147205150696,2.8241147205150696,1.028729066912962,-0.3634270132654276,388.84000000000003,366.103,351.572,332.9706,1.0843020265404792,1.1516431168277779,1.1992422604758057,78.33130822195221,18.048284092228982,10.121455814996184,7.926828277232799,351.572,406.59520222558615,296.54879777441386,1.1365314736937213,0.027920058783573544,0.027062375196548118,0.02978967985819133,0.2151482837132892,0.280119018702939,0.010032730895118913,1,2025-09-16,1,9,3
2025-09-17,415.75,428.312095,409.67,425.86,106133532,TSLA,0.01005644893506008,1.005644893506008,1.0455051504869772,0.017718734475643094,404.454,375.28,356.3995,335.5316,1.052925672635207,1.1347793647409936,1.1948950545665749,80.35344690335933,21.042580148555203,12.305680681707987,8.736899466847216,356.3995,419.5415968843072,293.2574031156928,1.0500332062717983,0.025424961800912728,0.02728938289493357,0.028984602226313723,0.2244745392334455,0.2746864617318687,0.03975484901141213,1,2025-09-17,2,9,3
2025-09-18,428.865,432.2199,416.56,416.85,90454509,TSLA,-0.021157187808199862,-2.115718780819986,1.03759338390628,-0.14772921153702867,414.062,383.112,361.047,337.95099999999996,1.0067332911496347,1.0880630207354507,1.154558824751348,77.04755362186093,22.429990675322927,14.330542680430975,8.099447994891952,361.047,427.70236061673694,294.3916393832631,0.9185934895834025,0.03476607992731675,0.03085741033584724,0.029258120659296293,0.13025677177950712,0.23135320355655353,0.01568909679740904,1,2025-09-18,3,9,3
2025-09-19,421.82,429.47,421.72,426.07,93131034,TSLA,0.022118267962096594,2.2118267962096594,1.018377122261216,0.02958973554319999,420.088,390.635,366.34499999999997,340.275,1.0142398735503038,1.0907112777912886,1.1630293848694537,85.98189197627225,23.996879370935005,16.26381001853178,7.7330693524032235,366.34499999999997,436.0733868796775,296.6166131203224,0.9282689064861113,0.022263239894174645,0.030417980161279376,0.028722164750333148,0.07609738849320613,0.21442822939231565,0.03363297110803387,1,2025-09-19,4,9,3
2025-09-22,431.11,444.98,429.13,434.21,97108777,TSLA,0.01910484192738271,1.910484192738271,1.0369351944632164,0.04271125133218212,424.922,399.416,371.055,342.689,1.0218581292566635,1.0871121837883309,1.1702038781312742,89.79127134724858,25.600374737913853,18.1311229624082,7.469251775505654,371.055,445.83632570156874,296.2736742984313,0.9222645119453607,0.019488931906810954,0.02820445666788205,0.026512265494345995,0.05894546873475748,0.2534930715935335,0.020727297851270032,1,2025-09-22,0,9,3
2025-09-23,439.88,440.97,423.72,425.85,83422691,TSLA,-0.019253356670735244,-1.9253356670735244,1.0407108467856132,-0.1409356231517569,425.76800000000003,407.304,375.01750000000004,344.86800000000005,1.0001925931493207,1.0455335572447118,1.1355470078063024,83.88979169744427,25.89803777770743,19.684505925468045,6.2135318522393845,375.01750000000004,452.6856043726575,297.3493956273426,0.8272417964271522,0.020916716833491493,0.030647399672029747,0.027387506737448004,0.010032730895118913,0.22733953944145013,0.04431137724550904,1,2025-09-23,1,9,3
2025-09-24,429.83,444.21,429.0301,442.79,93133570,TSLA,0.03977926499941287,3.9779264999412867,1.0353818997781274,0.11640572707010843,429.154,416.804,379.5735,347.5082,1.031774141683405,1.062345850807574,1.1665461366507408,85.2515553151204,27.187454258711455,21.185095592116728,6.002358666594727,379.5735,462.01831644680453,297.1286835531955,0.883386747187368,0.02704339885463158,0.030387481112284453,0.028144428095659285,0.03975484901141213,0.2731533396589896,0.037647643352379134,1,2025-09-24,2,9,3
2025-09-25,435.24,435.35,419.08,423.39,96746426,TSLA,-0.043813094243320805,-4.3813094243320805,1.038823136394006,0.038792199203788735,430.462,422.262,383.263,349.5426,0.9835711398450967,1.0026713272802195,1.1046983403041777,73.40775633993677,26.340273960253512,22.216131265744085,4.124142694509427,383.263,466.65892141989684,299.8670785801031,0.7405813097139448,0.03414140515234159,0.03443483000715998,0.030582056746259644,0.01568909679740904,0.1479894796778829,0.029783414818489007,1,2025-09-25,3,9,3
2025-09-26,428.3,440.47,421.02,440.4,101628160,TSLA,0.04017572450931772,4.017572450931772,1.0461973302930978,0.0504590629528785,433.328,426.70799999999997,387.98400000000004,351.9624,1.0163202008640106,1.032087516521837,1.1350983545713225,78.05300226811508,26.733277726871847,23.119560557969642,3.6137171689022054,387.98400000000004,473.16434920406385,302.8036507959362,0.8076765973007966,0.03739200459588898,0.02929997273066549,0.030892481511558205,0.03363297110803387,0.11228974086982868,-0.024000908265213394,0,2025-09-26,4,9,3
2025-09-29,444.35,450.98,439.5,443.21,79491510,TSLA,0.006380563124432248,0.6380563124432248,1.0261205915813425,-0.21782004121692256,435.128,430.025,393.451,354.2336,1.0185738449375816,1.0306610080809255,1.1264680989500597,78.34256096124396,26.960693467363456,23.887787139848406,3.0729063275150494,393.451,478.04085976307556,308.8611402369245,0.7941191777558683,0.036807536934807275,0.02801113821176297,0.028856106099975607,0.020727297851270032,0.08089454687347564,0.022652918481081308,1,2025-09-29,0,9,3
2025-09-30,441.52,445.0,433.12,444.72,74357960,TSLA,0.0034069628392863205,0.34069628392863205,1.0274288880679718,-0.06457985261570698,438.90199999999993,432.3349999999999,399.21899999999994,356.5582,1.0132558065353998,1.0286467669746842,1.1139750362582945,78.43022232650907,26.95207966327723,24.500645644534174,2.4514340187430577,399.21899999999994,481.0967244689328,317.3412755310671,0.7778594562509166,0.03444736065942072,0.027119984453974906,0.02822826174164159,0.04431137724550904,0.054788672264124205,-0.02615128620255458,0,2025-09-30,1,9,3
2025-10-01,443.8,462.29,440.75,459.46,98122285,TSLA,0.03314445044072656,3.314445044072656,1.0488712422007942,0.3195935579728115,442.236,435.695,405.4875,359.10519999999997,1.0389475302779512,1.0545450372393532,1.1331052128610621,77.60521347219685,27.81402520522363,25.163321556672066,2.6507036485515627,405.4875,485.54685689421797,325.42814310578206,0.8370780261907023,0.033074674680700494,0.028482521709369848,0.028499506224463268,0.037647643352379134,0.07889916874090064,-0.04520524093501066,0,2025-10-01,2,10,4
2025-10-02,470.54,470.75,435.57,436.0,137008950,TSLA,-0.051059939929482434,-5.105993992948243,1.080767729641619,0.3963081882978978,444.758,437.60999999999996,410.361,361.1739999999999,0.9803083924291413,0.9963209250245654,1.0624791342257183,62.478195863443815,26.300916724352874,25.39084059020823,0.9100761341446422,410.361,484.93743733992505,335.7845626600749,0.6718974579271969,0.03593976935520302,0.03308091874094368,0.032258413066148114,0.029783414818489007,0.04593978649394259,-0.001055045871559579,0,2025-10-02,3,10,4
2025-10-03,443.285,446.77,416.575,429.83,133188180,TSLA,-0.014151376146789074,-1.4151376146789074,1.072483946468223,-0.027887010301151816,442.64399999999995,437.986,414.31050000000005,363.6646,0.971051228526762,0.9813784002228382,1.0374586210100878,56.48469755554099,24.323513592908796,25.177375190748347,-0.8538615978395505,414.31050000000005,483.8081490249849,344.8128509750152,0.6116548560831214,0.03106033923590771,0.032983493711036926,0.03232871000025712,-0.024000908265213394,0.008824840988569838,-0.0380150291975897,0,2025-10-03,4,10,4
2025-10-06,440.75,453.55,436.69,453.25,85324878,TSLA,0.054486657515762094,5.448665751576209,1.0386086239666583,-0.3593659887836894,444.65199999999993,439.89,419.65299999999996,366.40840000000003,1.0193364698685716,1.030371229170929,1.0800590011271218,59.6180745606033,24.365337195419443,25.01496759168257,-0.6496303962631274,419.65299999999996,483.3558262117813,355.95017378821865,0.7637010160923328,0.04108811415308569,0.036776752557898286,0.033249125123976986,0.022652918481081308,0.04384975012090919,-0.038279095421952625,0,2025-10-06,0,10,4
2025-10-07,447.82,452.68,432.4501,433.09,102296082,TSLA,-0.04447876447876453,-4.447876447876453,1.046779732505554,0.1989010051675668,442.326,440.61400000000003,423.959,368.55840000000006,0.9791194729679014,0.9829238290204123,1.021537459990235,52.00443581924035,22.512232186612493,24.514420510668558,-2.002188324056064,423.959,477.86464774629246,370.05335225370754,0.5846942795583788,0.04678613627412698,0.03939048811433811,0.03566682093041622,-0.02615128620255458,0.017001291534577856,-0.008889607240989084,0,2025-10-07,1,10,4
2025-10-08,437.57,441.33,425.23,438.69,71192128,TSLA,0.012930337805075132,1.2930337805075132,1.0378618629917926,-0.3040581163216006,438.1719999999999,440.204,428.504,370.9082,1.0011821841651225,0.9965606855003589,1.023771073315535,56.17158358765682,21.25054328014994,23.861645064564833,-2.611101784414892,428.504,469.03932541272854,387.9686745872715,0.6256434960899743,0.04348656728794945,0.03742457807252577,0.03559869006303581,-0.04520524093501066,-0.009259468371011104,-0.008069479586952144,0,2025-10-08,2,10,4
2025-10-09,431.81,436.35,426.18,435.54,69339928,TSLA,-0.007180469123982736,-0.7180469123982736,1.0238631564127834,-0.026016921421424533,438.0799999999999,441.419,431.84049999999996,373.2382,0.9942019722425129,0.9866815882415574,1.0085668203885463,52.77111254169838,19.76858709098235,23.04303346984834,-3.2744463788659885,431.84049999999996,461.106150405966,402.57484959403394,0.5632054977197071,0.036625313859810014,0.03435919783089396,0.03395691210101174,-0.001055045871559579,0.02869694607808415,-0.015589842494374895,0,2025-10-09,3,10,4
2025-10-10,436.54,443.13,411.45,413.49,112107870,TSLA,-0.0506268081002893,-5.06268081002893,1.0769959897921983,0.616786651408118,434.812,438.72800000000007,432.718,375.34259999999995,0.9509627149204714,0.9424746084134132,0.9555645940312166,44.39333261175453,16.623252901851288,21.75907735624893,-5.135824454397643,432.718,458.26781396574586,407.1681860342542,0.12371545981159335,0.043260295678294654,0.035528770022801325,0.032846082058260194,-0.0380150291975897,-0.06110354223433234,0.06244407361725801,1,2025-10-10,4,10,4
2025-10-13,423.53,436.89,419.7,435.9,79552785,TSLA,0.05419719944859591,5.419719944859591,1.0409578270192994,-0.2903907192242614,431.342,437.997,434.0110000000001,378.00800000000004,1.0105670210644917,0.9952122959746299,1.0043524242473114,52.52728461499773,15.757213261912682,20.55870453738168,-4.801491275468997,434.0110000000001,457.240578150553,410.78142184944716,0.5406593694417764,0.04315755814924667,0.040242531375868563,0.0340668789500759,-0.038279095421952625,-0.016493310168994357,0.026451020876347764,1,2025-10-13,0,10,4
2025-10-14,426.79,434.2,417.86,429.24,72669438,TSLA,-0.015278733654507826,-1.5278733654507826,1.0391040061264538,-0.08652553144431085,430.572,436.44899999999996,434.392,380.4076,0.9969064407346506,0.9834826062151593,0.9881397447466804,46.4067886502254,14.367840743306488,19.320531778566643,-4.952691035260155,434.392,457.007716565908,411.77628343409197,0.38609690997440366,0.03855354043270671,0.04045188460950935,0.03379997151779079,-0.008889607240989084,-0.03480841878035623,0.031124778678594867,1,2025-10-14,1,10,4
2025-10-15,434.9,440.51,426.3301,435.15,71558185,TSLA,0.013768521107072829,1.3768521107072829,1.0332603773460987,-0.015291889280883098,429.8639999999999,434.01800000000003,434.8565,382.93619999999993,1.0122969125118644,1.0026081867572312,1.0006749352947466,53.35884839483606,13.587017935357949,18.173829009924905,-4.586811074566956,434.8565,457.1131364082837,412.59986359171626,0.5065935389925037,0.03863203872531708,0.03897591395724856,0.033859920990987585,-0.008069479586952144,-0.05290993775301445,0.008778582098127208,1,2025-10-15,2,10,4
2025-10-16,434.73,439.35,421.3101,428.75,77189889,TSLA,-0.01470757210157414,-1.470757210157414,1.042818579473884,0.07870104586917614,428.506,433.293,435.4515,385.11299999999994,1.0005694202648272,0.9895151779511785,0.9846102263971992,46.45788993615081,12.309883052374289,17.00103981841478,-4.691156766040493,435.4515,456.27114990352334,414.6318500964767,0.3390582927413705,0.03907602643475339,0.03573624809357485,0.0336616603468603,-0.015589842494374895,-0.01662844036697253,0.04718367346938779,1,2025-10-16,3,10,4
2025-10-17,425.5,441.4558,423.6,439.31,89331578,TSLA,0.024629737609329405,2.4629737609329405,1.0421525023607177,0.1572963655900581,433.66999999999996,434.241,436.11349999999993,387.4538,1.0130052805128325,1.0116732413567582,1.0073295139911973,48.86759581881534,12.01138839416916,16.00310953356566,-3.9917211393964998,436.11349999999993,456.51492025499863,415.71207974500123,0.5783401341682787,0.029151774227253433,0.03626341348006742,0.0337454485482489,0.06244407361725801,0.022055231137891873,-0.012724499783751786,0,2025-10-17,4,10,4
2025-10-20,443.865,449.8,440.61,447.43,63718971,TSLA,0.01848353099178257,1.848353099178257,1.0208574476294228,-0.2867139210280154,435.976,433.659,436.7745,389.80940000000004,1.026272088371837,1.0317553653907794,1.0243958839172158,50.757787595772044,12.288392426695964,15.26016611219172,-2.971773685495757,436.7745,457.7644058196031,415.7845941803969,0.7538243880553415,0.018992867305315877,0.032107951737822035,0.03372922587132302,0.026451020876347764,-0.012840595697738544,0.011152582526875676,1,2025-10-20,0,10,4
2025-10-21,445.755,449.3,442.05,442.6,54412169,TSLA,-0.010794984690342568,-1.0794984690342568,1.0164008596312635,-0.14606014274775403,438.648,434.60999999999996,437.61199999999997,391.8808,1.009009501924094,1.018384298566531,1.0113982249115656,45.008880994671415,11.980080572673444,14.604149004288066,-2.6240684316146226,437.61199999999997,458.09716957780915,417.1268304221908,0.621746612373748,0.01784481847770923,0.02859421569045821,0.0335004145274443,0.031124778678594867,0.02195848437969028,0.04055580659737901,1,2025-10-21,1,10,4
2025-10-22,443.45,445.539,429.0,438.97,84023458,TSLA,-0.008201536375960217,-0.8201536375960217,1.0385524475524475,0.5442034299349472,439.412,434.63800000000003,437.421,393.84340000000003,0.9989941103110521,1.0099669149959276,1.0035412108700772,50.99617629301672,11.31242791698429,13.945804786827312,-2.633376869843021,437.421,457.7736963427717,417.0683036572283,0.5380539259740433,0.01823916079947116,0.028521952848230163,0.032387089916871996,0.008778582098127208,0.0006382639221318431,0.05134747249242544,1,2025-10-22,2,10,4
2025-10-23,420.0,449.3999,413.9,448.98,126709833,TSLA,0.022803380641046145,2.2803380641046145,1.0857692679391158,0.5080292577341914,443.45799999999997,435.9820000000001,438.70050000000003,396.0354,1.0124521375192241,1.0298131574239302,1.0234317034058542,56.261853377803945,11.458940190538499,13.44843186756955,-1.989491677031051,438.70050000000003,458.55047571256694,418.85052428743313,0.7589297878458384,0.01740514485053369,0.029201081787945393,0.031034223902258205,0.04718367346938779,0.030858244937319146,-0.01977816383803288,0,2025-10-23,3,10,4
2025-10-24,446.83,451.68,430.17,433.72,94727774,TSLA,-0.033988150919862736,-3.3988150919862736,1.0500034869935142,-0.25240392353764685,442.34000000000003,438.005,438.3665,397.9982,0.9805127277659719,0.9902170066551752,0.98940042179318,43.2538860103627,10.22582085853071,12.803909665761783,-2.5780888072310724,438.3665,458.32059603116795,418.412403968832,0.3835702706666795,0.023309112292567626,0.026086851422556612,0.030838459950740926,-0.012724499783751786,0.04892500423226687,0.052660702757539424,1,2025-10-24,4,10,4
2025-10-27,439.98,460.16,438.69,452.42,105867547,TSLA,0.043115373973992455,4.3115373973992455,1.0489411657434635,0.11759774910365772,443.338,439.657,438.82700000000006,400.4354,1.0204854986488865,1.0290294479560202,1.030975760379375,56.74506246074397,10.634906044467243,12.370108941502876,-1.7352028970356326,438.82700000000006,459.6575869235356,417.99641307646453,0.8262750120747163,0.030349888135007448,0.023913898668696334,0.03231657932062653,0.011152582526875676,0.03789860059646721,0.0352548516864859,1,2025-10-27,0,10,4
2025-10-28,454.775,467.0,451.6,460.55,80185667,TSLA,0.01797002785022772,1.797002785022772,1.0341009743135519,-0.24258501049429249,446.92800000000005,442.788,439.6184999999999,402.9432,1.0304791823291446,1.0401140048962483,1.0476128734345804,57.495542449595405,11.482765879096007,12.192640329021504,-0.709874449925497,439.6184999999999,462.4944595944835,416.74254040551637,0.9574999337961679,0.029902124660311082,0.023240167284025035,0.03252461486791291,0.04055580659737901,0.07294287578044911,-0.035370752361307156,0,2025-10-28,1,10,4
2025-10-29,462.5,465.7,452.65,461.51,67983544,TSLA,0.0020844642275539282,0.20844642275539282,1.0288302220258478,-0.15217336784141233,451.436,445.424,439.721,405.5872,1.0223154555684526,1.0361139049534827,1.0495518749388817,59.040590405904055,12.09276699307469,12.172665661832141,-0.07989866875745122,439.721,462.9863470796561,416.4556529203439,0.9682715440564587,0.02881362915391879,0.023172876256595976,0.03170312467554852,0.05134747249242544,0.060576812593358564,0.0012134081601697932,1,2025-10-29,2,10,4
2025-10-30,451.05,455.0607,439.61,440.1,72447938,TSLA,-0.04639119412363757,-4.6391194123637565,1.0351463797456837,0.06566874477741269,449.66,446.559,439.92600000000004,407.91119999999995,0.978739492060668,0.9855360657830208,1.0003955210649063,59.304846492761754,10.724958555387616,11.883124240543237,-1.1581656851556215,439.92600000000004,463.1254558919867,416.7265441080134,0.5037500879505558,0.03685887419165907,0.02800262556603759,0.03131677965785562,-0.01977816383803288,0.026472303206997116,0.013201545103385559,1,2025-10-30,3,10,4
2025-10-31,446.75,458.0,443.6855,456.56,83135787,TSLA,0.03740059077482383,3.7400590774823828,1.0322627176231813,0.1475245437627224,454.22800000000007,448.284,441.2625,410.64020000000005,1.005133985575526,1.0184615110064157,1.0346675731565678,57.537945125510824,10.844140451155454,11.675327482665681,-0.8311870315102272,441.2625,465.0844543809138,417.44054561908615,0.8210798693380166,0.03588199738757142,0.029358527109272274,0.032121062019169415,0.052660702757539424,0.0392661218729371,-0.059225512528473856,0,2025-10-31,4,10,4
2025-11-03,455.99,474.07,453.8,468.37,84595244,TSLA,0.025867355878745446,2.5867355878745446,1.0446672542970472,0.017555099346085568,457.418,450.378,442.0185,413.2074,1.0239430892531558,1.0399486653433339,1.0596162830288778,63.75975807018779,11.756044894265244,11.691470964985594,0.06457392927964989,442.0185,468.2773004496142,415.75969955038585,1.0017651139579602,0.03269002412464503,0.029845155807588824,0.0303174695603492,0.0352548516864859,0.04680061685626802,-0.0494053846318081,0,2025-11-03,0,11,4
2025-11-04,454.46,460.22,443.6,444.26,87756644,TSLA,-0.051476396865725804,-5.14763968657258,1.0374661857529306,0.037370895224322576,454.15999999999997,450.544,442.57700000000006,415.16060000000004,0.9782015148846223,0.9860524166341135,1.003802728112848,52.83995261549973,10.413223077393752,11.435821387467227,-1.0225983100734748,442.57700000000006,468.5093395741592,416.6446604258409,0.5324498295880137,0.04081293980032539,0.03462514873274481,0.030917507063135466,-0.035370752361307156,0.003750564844102966,-0.010444334398775457,0,2025-11-04,1,11,4
2025-11-05,452.05,466.3299,440.71,462.07,84911911,TSLA,0.04008913699185168,4.008913699185168,1.0581332395452794,-0.03241615529417918,454.27200000000005,452.854,443.746,417.3686,1.0171659270216962,1.0203509298802704,1.0412938933534048,59.69732246798604,10.663226234233605,11.281302356820502,-0.6180761225868974,443.746,471.01405217601194,416.477947823988,0.8359975967795723,0.04601901404796041,0.03652713394296267,0.032012362519197875,0.0012134081601697932,0.05262318609472172,-0.06810656394052839,0,2025-11-05,2,11,4
2025-11-06,461.96,467.45,435.09,445.91,109622907,TSLA,-0.03497305603047152,-3.4973056030471517,1.0743754165804777,0.29101919517510333,455.434,452.547,444.26450000000006,419.2948,0.979088078623906,0.9853341199919566,1.0037038746062312,51.86020293122887,9.448462596609772,10.914734404778356,-1.4662718081685835,444.26450000000006,471.26864897946786,417.26035102053226,0.530467540400016,0.043274772333580076,0.038066502957188254,0.0330674163957202,0.013201545103385559,-0.006837721056617174,-0.09849521203830369,0,2025-11-06,3,11,4
2025-11-07,437.92,439.36,421.88,429.52,103471495,TSLA,-0.03675629611356557,-3.6756296113565567,1.0414335830093866,-0.05611429370323118,450.026,452.12699999999995,445.066,420.96560000000005,0.9544337438281343,0.949998562350844,0.9650703491167603,45.17692680562287,7.081585528994367,10.148104629621558,-3.0665191006271915,445.066,469.0014248805104,421.13057511948955,0.17525122120020473,0.04136642033578651,0.038349888240905766,0.032041781281446524,-0.059225512528473856,-0.009683666881859399,-0.058600298007077556,0,2025-11-07,4,11,4
2025-11-10,439.6,449.6715,433.36,445.23,76515907,TSLA,0.03657571242317004,3.6575712423170037,1.037639606793428,-0.26051221159991933,445.39799999999997,451.408,445.53249999999997,423.1928,0.999622809262727,0.9863139332931627,0.9993210371858395,50.669040956499614,6.399712207882658,9.39842614527378,-2.9987139373911216,445.53249999999997,469.0762133188912,421.98878668110876,0.4935757797441997,0.04397632875585643,0.037575081220031586,0.030758878337909648,-0.0494053846318081,-0.015892312453030355,-0.08155335444601663,0,2025-11-10,0,11,4
2025-11-11,439.4,442.49,432.36,439.62,60533237,TSLA,-0.012600229095074522,-1.2600229095074522,1.0234295494495327,-0.20888035738764754,444.46999999999997,449.31500000000005,446.05150000000003,425.398,0.9890881274326727,0.978422710125413,0.9855812613565922,50.163703218657126,5.345028412619797,8.587746598742983,-3.242718186123186,446.05150000000003,468.5158832953887,423.5871167046114,0.35685117825334983,0.03763667674813303,0.03710438195916746,0.03068767648271726,-0.010444334398775457,-0.04544566279448492,-0.08727992357035619,0,2025-11-11,1,11,4
2025-11-12,442.15,442.329,426.56,430.6,58513520,TSLA,-0.020517719848960447,-2.0517719848960447,1.0369678357089271,-0.033365422040787296,438.17600000000004,446.224,445.82399999999996,427.3282,0.9827101438691301,0.9649861952741224,0.9658519954062591,45.34777766528298,3.7382530355607173,7.617847886106531,-3.8795948505458133,445.82399999999996,468.83864741831826,422.80935258168165,0.16925411188609987,0.029830619037508815,0.037378739732921266,0.030931469166326615,-0.06810656394052839,-0.06697579684080512,-0.06179749187180683,0,2025-11-12,2,11,4
