date,Open,High,Low,Close,Volume,daily_return,volatility_10d,MA_5,MA_20,MA_50,RSI_14,volume_MA_5,volume_ratio,target_3d,symbol
2024-12-09,240.08767817050534,245.45870413211114,240.0082527322972,244.97222900390625,44649200,0.016101163916684147,0.006420798499737439,241.90250549316406,231.7462127685547,228.9600225830078,96.01956420107685,40959720.0,1.0900758110651148,0.004903796443364694,AAPL
2024-12-10,245.11124429862218,246.4217414371147,243.57240847043047,245.9849090576172,36914800,0.004133856551122639,0.006119235557891391,242.91913452148438,232.91473388671875,229.2583792114258,96.16287696495749,40570480.0,0.9098931045430076,0.001452899524572615,AAPL
2024-12-11,246.17352158557497,248.9930565140259,244.48575750906295,244.714111328125,45205800,-0.005166161348517995,0.006958653687838767,243.61012268066406,234.01971511840821,229.66599334716796,90.35517873835587,40734860.0,1.1097570974835804,0.018459139481358244,AAPL
2024-12-12,245.11122473397327,246.9479020514793,243.9099357862414,246.17352294921875,32777500,0.005963741171987058,0.006704102508321793,244.5870330810547,235.1534866333008,230.09149047851562,92.89477682398775,39283580.0,0.8343816933181751,0.02226163294785155,AAPL
2024-12-13,246.03453629863122,247.4939314395242,244.46591792091505,246.34230041503906,33155300,0.0006856036498088525,0.006625534507459477,245.63741455078124,236.1418144226074,230.54237854003907,92.50446665269011,38540520.0,0.860271215852822,-0.00032234308986911486,AAPL
2024-12-16,246.2033097230519,249.56888515433104,245.86574781090837,249.2313232421875,51694800,0.011727676579625257,0.006845066279406489,246.4892333984375,237.43443450927734,231.02863494873046,92.47292744317656,39949640.0,1.2939991449234587,-0.004979299143900939,AAPL
2024-12-17,248.27824960945253,252.00123197197036,247.98040799068028,251.65374755859375,51356400,0.009719582133150606,0.006504760964701743,247.6230010986328,238.69826278686523,231.66469177246094,92.5598797717026,42837960.0,1.1988526064266365,0.00398462805247024,AAPL
2024-12-18,250.343283238806,252.44800456803839,245.9551295369763,246.2628936767578,56774100,-0.02142171111749791,0.010468824048704806,247.93275756835936,239.6796432495117,232.11200866699218,74.35041966563671,45151620.0,1.2574100331283795,0.029106854570751794,AAPL
2024-12-19,245.71683140567848,250.184410158509,245.3097817058068,247.99032592773438,60882300,0.007014586018971869,0.010550426347647034,248.2961181640625,240.71165313720704,232.51909973144532,73.70622499824549,50772580.0,1.199117712749677,0.03366835475656549,AAPL
2024-12-20,246.25295201238012,253.1628143156686,243.91989202858784,252.656494140625,147495300,0.01881592838524826,0.011580024063043029,249.5589569091797,242.00079803466798,233.02943145751954,75.94009748286986,73640580.0,2.0029079075694405,0.01780011421603067,AAPL
2024-12-23,252.9344343151273,253.8080837794399,251.6239373953799,253.4308319091797,40858800,0.0030647847433666886,0.010873323919374768,250.39885864257812,243.26164779663085,233.58480224609374,73.86532146633502,71473380.0,0.5716645833735581,0.0012536092971677792,AAPL
2024-12-24,253.64927033575188,256.34965954757746,253.45069916161225,256.3397521972656,23234700,0.011478162566772365,0.011168391699738748,251.3360595703125,244.51902465820314,234.12397338867189,76.18061938908771,65849040.0,0.35284796862642187,-0.023237859357806423,AAPL
2024-12-26,256.32980188696064,258.2260444048055,255.77383898408218,257.15380859375,27237100,0.0031756931553008627,0.010693502061279817,253.51424255371094,245.70839233398436,234.6288491821289,76.81203072666901,59941640.0,0.4543936402140482,-0.033202016135922996,AAPL
2024-12-27,255.97238682838486,256.836144148833,251.2367643772991,253.74853515625,42355300,-0.013242166064433514,0.012133427754627411,254.66588439941407,246.73395004272462,235.1066760253906,69.30066038297745,56236240.0,0.7531673525826051,-0.04593285829467153,AAPL
2024-12-30,250.4127477342041,251.67360197393796,248.9434149702759,250.38296508789062,35557500,-0.013263406885430706,0.013197245143979328,254.2111785888672,247.47209396362305,235.50985260009764,58.38205162389574,33848680.0,1.05048409568704,-0.035051652443053194,AAPL
2024-12-31,250.62123433005314,251.45517870098834,247.63291094425557,248.61578369140625,39480700,-0.007057913847549724,0.012946995184939742,253.2481689453125,248.00969161987305,235.82115814208984,53.982525734881406,33573060.0,1.1759637042319049,-0.021643580262886264,AAPL
2025-01-02,247.1365264348607,247.3053149666319,240.07776640397734,242.0931396484375,55740700,-0.026235840484950756,0.014760490623106592,250.3988464355469,248.06926040649415,235.97265655517577,46.57676373356122,40074260.0,1.3909352287478296,-0.006725402588811047,AAPL
2025-01-03,241.60662841796875,242.42071256392975,240.14721833490813,241.60662841796875,40244100,-0.0020096035400889445,0.013393915240332314,247.28941040039064,248.08663330078124,236.1267224121094,43.87966270417415,42675660.0,0.9430223223261222,-0.002711960617236442,AAPL
2025-01-06,242.5498168429892,245.54806288478193,241.4478134561986,243.23484802246094,45045600,0.00673913466345577,0.013373982556645167,245.18667297363282,248.183927154541,236.41450622558594,45.99230932720389,43213720.0,1.042391166509155,-0.03326529130984024,AAPL
2025-01-07,241.22940732447114,243.78089861816605,239.61116122247878,240.4649658203125,40856000,-0.011387686528752106,0.011461136841650382,243.20307312011718,248.15265579223632,236.6506607055664,38.65915073914341,44273420.0,0.9228110229568892,-0.03224490060099838,AAPL
2025-01-08,240.17702168463396,241.95413364050106,238.32049944087447,240.95140075683594,37628900,0.0020228931680921214,0.011385436306226118,241.67019653320312,247.9516143798828,236.87988311767577,35.424501933663194,43903060.0,0.8570905991518587,-0.038813270174113845,AAPL
2025-01-10,238.28079154222544,238.4297199246896,231.32130202918376,235.14356994628906,61710900,-0.02410374371057522,0.011230067762684558,240.28028259277343,247.4095474243164,236.9534799194336,35.02668302798328,45097100.0,1.3684006288652708,0.004306451065513084,AAPL
2025-01-13,231.84746989306117,232.9792558543989,228.06492247356016,232.71119689941406,49630700,-0.01034420395773783,0.010450144826621273,238.5011962890625,246.80940170288085,236.97307342529297,29.808423277965105,46974420.0,1.05654737195265,-0.02619448046585393,AAPL
2025-01-14,233.05869925952226,234.41882398797216,230.79512716232853,231.5992889404297,39435300,-0.0047780595596566,0.010491006669766224,236.17408447265626,246.0806900024414,237.04123657226563,19.28748104399041,45852360.0,0.8600495154447885,-0.014146047747374824,AAPL
2025-01-15,232.94947976770305,237.2383625727966,232.74098609709984,236.1562042236328,39832000,0.01967586042276337,0.013698890255805608,235.3123321533203,245.5713851928711,237.28364318847656,27.308277585001505,45647560.0,0.8725986668290704,-0.06402656167810095,AAPL
2025-01-16,235.6399687194268,236.29520209930612,226.3871093224655,226.61544799804688,71759100,-0.04040019298646558,0.017565211115623543,232.4451416015625,244.44059143066406,237.3947366333008,16.748032205732144,52473600.0,1.367527671057446,-0.019407641129127295,AAPL
2025-01-17,230.447655820989,230.61642921557544,226.83388128979956,228.3230743408203,68488300,0.007535348352722071,0.017142125565892403,231.08104248046874,243.2740577697754,237.55783325195313,18.37981289467686,53829080.0,1.2723290087811272,-0.027480554027194737,AAPL
2025-01-21,222.38613659782595,222.8031087860845,217.79942737812888,221.0359344482422,98070400,-0.031915915260060546,0.01894022198230873,228.74598999023436,242.0127098083496,237.54662567138672,16.937594440199973,63517020.0,1.544001906890468,0.0006288912647003375,AAPL
2025-01-22,218.2064751614249,222.5052806842356,218.2064751614249,222.21737670898438,64126500,0.005345023485395561,0.018818730740458266,226.8696075439453,240.72406234741212,237.57352600097656,20.21838068636511,68455260.0,0.9367651222126685,0.02694009395438024,AAPL
2025-01-23,223.12085064421797,225.39434551599345,220.6984273684604,222.0486297607422,60234800,-0.0007593778251787642,0.01895815992217077,224.0480926513672,239.19366912841798,237.5026416015625,20.925731663859608,72535820.0,0.830414545530746,0.0652774405812353,AAPL
2025-01-24,223.16053267311034,224.00441476166836,219.8148172645265,221.17494201660156,54697900,-0.003934668478170811,0.01870810743537401,222.95999145507812,237.58087463378905,237.41964416503907,23.87803174281362,69123580.0,0.7913059479847543,0.07442324107872,AAPL
2025-01-27,222.40601266103107,230.47742834163907,222.36629236472388,228.2039337158203,94863400,0.03178023529759155,0.021607365058532745,222.93616333007813,236.1740837097168,237.53143310546875,35.613855499632294,74398600.0,1.275069692171627,0.03362913610866003,AAPL
2025-01-28,229.18679454547646,238.4594987479956,229.147074251248,236.54339599609375,75707600,0.03654390239678551,0.024655782992604906,226.03765563964845,235.143563079834,237.8100112915039,43.72203928107901,69926040.0,1.0826810727448601,-0.009485419660345551,AAPL
2025-01-29,232.43324490532586,238.131895727024,232.32403680973889,237.635498046875,45486100,0.00461692048591078,0.024551429392147127,229.12127990722655,234.33791122436523,238.09275939941406,47.25908661447118,66197960.0,0.6871223826232712,-0.047418272367224734,AAPL
2025-01-30,236.95045561956258,239.05517683623282,235.50098294542886,235.87823486328125,55658300,-0.007394784020218759,0.023975562930326638,231.88720092773437,233.61267471313477,238.27880920410155,45.20370010787797,65282660.0,0.8525740219531496,-0.020160732116847435,AAPL
2025-01-31,245.40906406001392,245.40906406001392,231.75812916176676,234.2996826171875,100959800,-0.006692233588269425,0.019615432976120895,234.51214904785155,232.89686965942383,238.49722442626953,49.13281963683324,74535040.0,1.354528017963095,-0.014957671293327035,AAPL
2025-02-03,228.33297872450572,230.15971829856622,224.0738787357251,226.3672332763672,73063300,-0.03385599695318753,0.022783471739579435,234.14480895996093,232.1105743408203,238.49702545166016,44.142993027231775,70175020.0,1.0411582355088749,0.02284990640168516,AAPL
2025-02-04,225.61273982041166,231.45038123633566,225.01705656002386,231.1227569580078,45067300,0.02100800373274292,0.020765166979843375,233.06068115234376,231.58638076782228,238.58677490234376,49.58777980287348,64046960.0,0.7036602517902489,-0.02220790168999376,AAPL
2025-02-05,226.88348940722173,230.99366099381652,226.62536810475493,230.79510498046875,39620300,-0.001417653466285862,0.02085053103382361,231.6926025390625,230.96439361572266,238.65567443847655,44.9963043190334,62873800.0,0.6301559632152025,-0.019657148629840138,AAPL
2025-02-06,229.62360070928509,232.11552641696264,228.76979621063217,231.53970336914062,29925300,0.0032262312874222765,0.020787668754224095,230.82489624023438,230.51813049316405,238.74899658203125,55.498860069724884,57727200.0,0.5183916767139234,-0.0014759935063403118,AAPL
2025-02-07,230.92419948813392,232.31410688860944,225.622660920367,225.99000549316406,39707200,-0.02396866625992322,0.022568025514647757,229.1629608154297,229.77006072998046,238.7045199584961,47.600577995495556,45476680.0,0.8731332190476525,0.041736186691033295,AAPL
2025-02-10,228.16660736242451,229.1803610121675,225.81108525741098,226.25833129882812,33115600,0.0011873348340274426,0.020076462843402455,229.14118041992188,229.32579879760743,238.60584228515626,56.27714631250323,37487140.0,0.8833856090381929,0.06097079686588924,AAPL
2025-02-11,226.80497424991785,233.79199753404617,226.7354100570617,231.1979522705078,53718400,0.021831774959728323,0.017407698795121156,229.15621948242188,229.2501365661621,238.5624722290039,59.89994936913266,39217360.0,1.3697607386116761,0.05150032118319503,AAPL
2025-02-12,229.78663009476247,235.51142789245534,229.26980470124647,235.42196655273438,45243300,0.01827011978585502,0.01849831560594958,230.081591796875,229.44127044677734,238.6061639404297,63.53249475567288,40341960.0,1.1214948406076453,0.03208518924642223,AAPL
2025-02-13,235.4617298072221,240.85852795215618,234.1299251101732,240.05348205566406,53614100,0.01967325127195485,0.019382217408412113,231.7843475341797,229.6361343383789,238.69483184814453,67.75307688201636,45079720.0,1.1893175024157203,0.013828502089193728,AAPL
2025-02-14,239.77519417214083,244.04891051069433,239.51678905976664,243.10472106933594,40896200,0.012710663421930057,0.01939476600330774,235.20729064941406,230.46059799194336,238.79964965820312,65.14553415669721,45317520.0,0.9024368500306283,0.005028523840939769,AAPL
2025-02-18,242.65747382373942,243.6811760890431,240.3615975750387,242.97552490234375,48822500,-0.0005314424435028942,0.014417252957694244,238.55072937011718,231.19322052001954,238.8411248779297,57.84755266626455,48458900.0,1.0075032656539873,0.0044176446044637,AAPL
2025-02-19,243.16435439309654,244.50609250836237,241.6735241546838,243.37306213378906,32204200,0.001636120475941416,0.01363591345033819,240.98575134277343,232.31007690429686,238.88340270996093,57.1208300997515,44156060.0,0.7293268466434731,0.009106944163265407,AAPL
2025-02-20,243.44262036367402,245.2713683243621,242.79658488378954,244.32717895507812,32316900,0.0039203879547053955,0.013448578296597522,242.76679382324218,233.41556701660156,238.9441668701172,60.699189140934585,41570780.0,0.7773946026511891,0.004922176342002649,AAPL
2025-02-21,244.44645306890683,247.1697083342209,243.72091995824803,244.0489044189453,53197400,-0.0011389422057870302,0.0136111019787209,243.56587829589844,234.5155807495117,239.00333709716796,62.766188288015044,41487440.0,1.2822531349246904,-0.021136190602606963,AAPL
2025-02-24,243.43269920852308,247.33868242018207,242.92582237394555,245.58944702148438,51326400,0.0063124340025493275,0.008922242829063206,244.0628234863281,235.73630599975587,239.01568145751952,80.23134987048304,43573480.0,1.1779274916761295,-0.03966014184573419,AAPL
2025-02-25,246.48393846255715,248.47171215983582,243.41283173998391,245.52980041503906,48013300,-0.0002428712111562925,0.009060863280255503,244.57367858886718,236.60259933471679,239.00657928466796,76.58520680136189,43411640.0,1.106000602603357,-0.021049290720221325,AAPL
2025-02-26,242.83637220684057,243.48239258336395,237.66816369812489,238.89064025878906,44433600,-0.027040139913881323,0.01316731773838585,243.67719421386718,236.71996154785157,238.89010986328125,62.11634914334704,45857520.0,0.9689490404191068,-0.00969383052576156,AAPL
2025-02-27,237.94643641845556,240.97779411500133,235.61079643123784,235.84933471679688,41153600,-0.01273095312021244,0.012913025949276312,241.98162536621095,236.63065338134766,238.6836260986328,56.03518938762602,47624860.0,0.8641201254974817,-0.005773188993041245,AAPL
2025-02-28,235.50146657809572,240.61004395755495,228.79273089598732,240.361572265625,56833400,0.019131864646751318,0.012823400411423469,241.24415893554686,236.85482025146484,238.56401153564454,70.72818177056489,48352060.0,1.175408038457927,-0.02522311611433381,AAPL
2025-03-03,240.31188380351972,242.5381957053339,234.66661403302143,236.5748748779297,47184000,-0.015754171317828636,0.012897480317768521,239.44124450683594,236.96857986450195,238.31088256835938,63.50859680663209,47523580.0,0.9928544945477592,-0.011343076646922912,AAPL
2025-03-04,236.2568645897131,238.60243830930253,233.24537329325,234.48773193359375,53798100,-0.008822335615364385,0.013012574344105446,237.2328308105469,237.37460479736328,237.96756225585938,54.655441731348674,48680540.0,1.1051253745336431,0.013309028183579485,AAPL
2025-03-05,233.9808533299346,235.10395038542654,227.82869096216822,234.2989044189453,47227600,-0.0008052767327798582,0.012928702321323312,236.31448364257812,237.53341217041014,237.72828247070314,48.20582426384945,49239340.0,0.9591436440862123,-0.03503878505345448,AAPL
2025-03-06,233.00682927336524,236.4059203890797,231.73465535282332,233.89138793945312,45170400,-0.0017393016860356436,0.012678680603505861,235.9228942871094,237.68822631835937,237.4463037109375,38.61966933158991,50042700.0,0.9026371478757141,-0.06157307924306832,AAPL
2025-03-07,233.67273718007357,239.89446338205195,233.32487071745646,237.60853576660156,46273600,0.015892623751117663,0.014200558290417348,235.37228698730468,237.9916679382324,237.14534454345704,40.09316110776786,47930740.0,0.965426363123123,-0.09239969424437444,AAPL
2025-03-10,234.10008031193473,234.71630041445476,222.84929009717774,226.08935546875,72071200,-0.04847965693103984,0.019839380102899894,233.27518310546876,237.99663543701172,236.59851501464843,28.422620672443244,52908180.0,1.3621938989396347,-0.07824854059447428,AAPL
2025-03-11,222.44182022291236,224.45940937640347,216.12069905845206,219.48997497558594,76137400,-0.029189257846666816,0.020666705270087866,230.2756317138672,237.6582176208496,235.86151947021483,23.65710658053119,57376040.0,1.3269894541345133,-0.03328201650457663,AAPL
2025-03-12,218.7942660196618,220.39442456790263,213.5962416730392,215.65357971191406,62547500,-0.017478681038159527,0.020051803142930317,226.54656677246095,236.88099899291993,235.03151489257812,20.26390338122053,60440020.0,1.0348689494146428,-0.01373409731910391,AAPL
2025-03-13,214.62986833256545,215.51442704761877,207.14590135231947,208.398193359375,61368300,-0.033643709333419536,0.021412897945937873,221.44792785644532,235.52981033325196,234.12450805664062,17.70216996606827,63679600.0,0.9637042318105014,0.014355174385162206,AAPL
2025-03-14,209.9585940343847,212.64208545758027,208.2988048386841,212.18490600585938,60107600,0.01817056369559955,0.021258767041533604,216.3632019042969,234.13638153076172,233.360546875,20.92057912306923,66446400.0,0.9046028076765633,0.008197112705175869,AAPL
2025-03-17,212.00598815128762,213.904315554563,208.6864099217596,212.6917724609375,48073400,0.002388796001653981,0.021690124514347382,213.68368530273438,232.6157341003418,232.64206665039063,21.63460334473622,61646840.0,0.7798193711145616,0.00046739471673951094,AAPL
2025-03-18,212.85080057479257,213.83473880015984,210.19712464056028,211.38978576660156,42432400,-0.006121471833495873,0.021728328005988815,212.0636474609375,231.03644714355468,232.0279995727539,23.832028634267857,54905840.0,0.7728212518012656,0.02623541349165892,AAPL
2025-03-19,212.91044076829724,217.4226803637017,212.443312738742,213.92420959472656,54385400,0.011989339120307863,0.02269183086123255,211.7177734375,229.56400451660156,231.47435119628906,28.934313486607635,53273420.0,1.0208730732887057,0.025506327258492778,AAPL
2025-03-20,212.6818553101102,216.16045933121794,210.92267131595005,212.7911834716797,48862900,-0.005296390367379944,0.022596163112532777,212.59637145996095,227.98720474243163,230.86547790527345,21.67077920632218,50772340.0,0.9623921213794755,0.0450723004717728,AAPL
2025-03-21,210.26669685360034,217.5021918152461,209.9884097524224,216.93568420410156,94127800,0.019476844222606093,0.023061631993397287,213.54652709960936,226.63154373168945,230.39489227294922,29.967570185738353,57576380.0,1.6348335897463508,0.014935538528013215,AAPL
2025-03-24,219.64898417718916,220.1260455978378,217.24377992596973,219.38063049316406,44299500,0.011270373972970704,0.01903237668750631,214.8842987060547,225.32110290527345,229.96347686767578,34.70207127791899,56821600.0,0.7796242978022442,0.014134892510284658,AAPL
2025-03-25,219.42039321145907,222.7300380772677,218.73460889257407,222.38217163085938,34493600,0.013681887644081847,0.01717642495987493,217.08277587890626,224.16372146606446,229.7082489013672,38.583101455182195,55233840.0,0.6245012115760917,-0.026145259124478737,AAPL
2025-03-26,222.1436270366165,223.64440576884627,219.12221792138408,220.1757354736328,34466100,-0.00992182125502894,0.01640011277563367,218.3330810546875,223.22797622680665,229.45753967285157,37.297482613103504,51249980.0,0.6725095307354266,0.0027085602854775015,AAPL
2025-03-27,220.0365840783956,223.61458239748316,219.21165626689742,222.48155212402344,37094800,0.0104726192712854,0.010592252320179381,220.27115478515626,222.55958709716796,229.27518493652343,35.61433803683475,48896360.0,0.7586413385372653,-0.0029483110754867647,AAPL
2025-03-28,220.31488968867507,222.44180687800483,216.34927581514728,216.56793212890625,39818600,-0.026580271211972706,0.014053635985135093,220.19760437011718,221.36990509033203,228.8834194946289,39.86458083600852,38034520.0,1.0469068625028002,0.027489685757679405,AAPL
2025-03-31,215.6833836525119,224.24075018814546,214.90815310911736,220.7720947265625,65299300,0.019412673687782434,0.015081190595140076,220.47589721679688,220.57976608276368,228.7665524291992,51.43813363885721,42234480.0,1.5461135072575771,-0.08526545907943595,AAPL
2025-04-01,218.46626491168394,222.31260214779184,217.5618242432653,221.8256072998047,36412700,0.004771946266791671,0.014669647674446099,220.36458435058594,219.94665985107423,228.6366030883789,57.38405559518968,42618300.0,0.8543911887616352,-0.15596575574599403,AAPL
2025-04-02,219.9670353213626,223.8133724100327,219.66886624627372,222.5213165283203,35905900,0.0031362890740354032,0.01446179710315093,220.83370056152344,219.35778045654297,228.66631072998047,70.04231615900412,42906260.0,0.8368452528838449,-0.1895126686217532,AAPL
2025-04-03,204.28348559152053,206.22157697816277,200.0197179050274,201.94786071777344,103419000,-0.09245611221219108,0.03390732952401576,216.72696228027343,217.76060409545897,228.26092041015625,40.16047246510381,56171100.0,1.8411425092262748,-0.15143467759941454,AAPL
2025-04-04,192.70471987275084,198.65810753704542,186.19475800144227,187.22840881347656,125910900,-0.07288738713042187,0.03882171867451499,210.8590576171875,215.24159774780273,227.56451599121092,30.777315401328693,73389560.0,1.7156513814771475,0.05557920363325741,AAPL
2025-04-07,176.11674047268428,192.96311894309866,173.55251067175698,180.3507080078125,160466300,-0.036734280065990776,0.03832693615574003,202.7747802734375,212.95466537475585,226.74803131103516,28.387542873195216,92422960.0,1.7362168448186468,0.049377196800125533,AAPL
2025-04-08,185.55865310846366,189.17640027021665,168.17558356470508,171.36595153808594,120859500,-0.049818248949360155,0.03761765507213056,192.68284912109374,210.54846420288087,225.61127166748048,22.809225937351684,109312320.0,1.1056347537038826,0.14922864139787584,AAPL
2025-04-09,170.8988481608281,199.38365014436008,170.8392173737498,197.63441467285156,184395900,0.15328869532713152,0.06802880685961374,187.70546875,209.64750595092772,224.83309204101562,42.67038801753356,139010320.0,1.3264907238541714,0.018456059367353728,AAPL
2025-04-10,187.9141823452429,193.58926741380884,181.88128226075605,189.25592041015625,121880000,-0.04239390329141013,0.06842295200380924,185.16708068847657,208.6903923034668,223.86550048828124,37.141010444015635,142702520.0,0.8540844268202131,0.061548199817529126,AAPL
2025-04-11,184.96233608452022,198.32016168749274,184.92257212057936,196.93865966796875,87435900,0.040594446087406144,0.07032452585440947,187.109130859375,207.92807998657227,223.086708984375,40.058122612051164,135007520.0,0.6476372575394319,-0.019580954571051135,AAPL
2025-04-14,210.14743595954587,211.63826622013798,199.9302804535287,201.28196716308594,101352900,0.022054113206822157,0.07044090912575485,191.29538269042968,207.3575897216797,222.42635467529297,40.76234873998476,123184840.0,0.822770886417517,-0.02735547862725307,AAPL
2025-04-15,200.6259945192588,202.26590170954893,198.57859009217825,200.90428161621094,51343900,-0.0018764003164226661,0.07034830539637235,197.2030487060547,206.83331451416015,221.91709564208983,41.425677765584744,109281720.0,0.4698306359014115,-0.04442461122626484,AAPL
2025-04-16,197.1474065096439,199.47309822086447,191.19401850640656,193.08241271972656,59732400,-0.03893331109501463,0.07088353936125535,196.2926483154297,205.79122467041014,221.1562887573242,37.53163519907557,84349020.0,0.7081576051505992,0.02815657117450976,AAPL
2025-04-17,195.99445890478637,197.61449911758032,193.23145502579916,195.7758026123047,52164700,0.01394943151289385,0.06520943447308851,197.59662475585938,204.9404556274414,220.45590270996092,40.9342994131588,70405960.0,0.7409131272409324,0.038684330287459545,AAPL
2025-04-21,192.08851517151226,192.6152739871965,188.64966000796989,191.97918701171875,46742500,-0.019392670339880458,0.06072181911113506,196.60473022460937,203.69263076782227,219.6646923828125,37.40105643075112,62267280.0,0.750675153949233,0.07874301318088994,AAPL
2025-04-22,194.92107095045932,200.35763286451953,194.7719939992729,198.51895141601562,52976400,0.03406496561472405,0.05955125985628069,196.0521270751953,202.64954681396483,219.11527130126953,40.26889618316856,52591980.0,1.0073094795061908,0.04776213749615876,AAPL
2025-04-23,204.7406939661261,206.72846769395255,201.56025903470575,203.34925842285156,52929200,0.0243317173115305,0.0556011900750225,196.54112243652344,201.69790115356446,218.65708984375,42.26234258769789,52909040.0,1.0003810312944632,0.027077076938119005,AAPL
2025-04-24,203.6374845300284,207.5534013078127,201.69940812530302,207.09620666503906,47311000,0.018426171166043614,0.029543163219667407,199.34388122558593,201.04392471313477,218.17505493164063,52.40438733238869,50424760.0,0.9382493838344496,0.013629641702187056,AAPL
2025-04-25,205.10842646651815,208.46776890662989,204.9394675201618,208.00064086914062,38222300,0.004367217626368269,0.024456385373809994,201.78884887695312,200.31987915039062,217.62662841796876,61.13834705639878,47636280.0,0.8023779354727112,0.015386093857402638,AAPL
2025-04-28,208.71621839949725,210.2070485309222,206.19175271644127,208.85536193847656,38743100,0.004109223249334493,0.02193672629723506,205.1640838623047,199.93425064086915,217.002666015625,66.34000894637927,46036400.0,0.8415753621047692,0.015132881754909233,AAPL
2025-04-29,207.41425458581946,210.94255602883885,207.096203506044,209.91885375976562,36827600,0.005092001524013234,0.021210666737236636,207.44406433105468,199.3915885925293,216.3389486694336,74.30757736305911,42806640.0,0.8603244730256802,-0.02774495062309723,AAPL
2025-04-30,208.0205233254963,212.2743578831654,205.4065960245207,211.20095825195312,52286500,0.006107619535950626,0.021097548160188547,209.014404296875,198.86035614013673,215.70345733642577,62.48856276398349,42678100.0,1.2251365454413388,-0.06404717603144106,AAPL
2025-05-01,207.80185982414434,213.2483553954001,207.62295230903422,212.0159454345703,57365700,0.0038588233186183096,0.014437006899270905,209.99835205078125,198.33508758544923,215.07631500244142,74.34104132458519,44689040.0,1.2836637350007967,-0.06942629900644681,AAPL
2025-05-02,204.83013207172814,205.72463931330321,200.92416412992952,204.09466552734375,101010600,-0.03736171772830699,0.020515324468907154,209.21715698242187,198.44242782592772,214.27166473388672,57.61424550492987,57246700.0,1.7644790005362754,-0.04431467032229264,AAPL
2025-05-05,201.85840315300126,202.85228989395054,196.99829759637964,197.67413330078125,69018500,-0.03145859892992797,0.022341140296154225,206.9809112548828,198.96471405029297,213.34416931152344,46.32364854127944,63301780.0,1.0903089928908791,-0.0070388733973859585,AAPL
2025-05-06,196.9983091053983,199.42338015596502,195.81558138809015,197.2964630126953,51216500,-0.0019105700972583683,0.019530200435955932,204.45643310546876,199.8120018005371,212.37830963134766,46.32366294661738,66179560.0,0.7739020930329545,0.00010077323153612205,AAPL
2025-05-07,197.95242524507105,198.22077891807172,192.0686174137577,195.05027770996094,68536700,-0.011384822963551255,0.017673490363843233,201.2262969970703,200.99621810913087,211.3687191772461,52.26230739004743,69429600.0,0.9871394909375828,0.07549768967164128,AAPL
2025-05-08,196.51131984408346,198.82707814993435,193.48989516366862,196.28273010253906,50478900,0.006318639517195468,0.016328835424488694,198.07965393066405,200.92863388061522,210.5165609741211,50.6030329168627,68052240.0,0.7417669131831663,0.07959491852387957,AAPL
2025-05-09,197.7834732241415,199.31405222350435,196.3323918231404,197.31634521484375,36453900,0.00526595035520816,0.016389863450704357,196.72398986816407,201.3316551208496,209.74590118408204,56.79572566543617,55140900.0,0.6611045521563849,0.07091346562811363,AAPL
2025-05-12,209.95526516858178,210.2538252478288,205.75556156059073,209.776123046875,63775800,0.06314620219863021,0.027174616163958082,199.1443878173828,201.97352828979493,209.13419219970703,62.455790596169344,54092360.0,1.1790167779701237,0.003131099118642844,AAPL
2025-05-13,209.4178625594749,212.3735786127325,207.99474788922345,211.9058380126953,51909300,0.010152323033181476,0.0273108693635271,202.0662628173828,202.50472183227538,208.64081146240235,60.069427485412035,54230920.0,0.9571901048331837,-0.00784290231310103,AAPL
2025-05-14,211.40824098508043,212.91098786371114,209.56714827780408,211.30873107910156,49325800,-0.0028177936917338497,0.027281157284008324,205.31795349121094,203.02494430541992,208.1772314453125,55.354258628581185,50388740.0,0.9789052077904706,-0.016719201284140506,AAPL
2025-05-15,209.93535780893234,211.93569971673273,208.53213606160298,210.43295288085938,45029500,-0.004144543359707931,0.027285183768658176,208.147998046875,203.89247131347656,207.6999124145508,53.09380315521185,49298860.0,0.9133984031273745,-0.021707304233346325,AAPL
2025-05-16,211.33859654598928,211.54759317457453,208.76105751069144,210.24388122558594,54737900,-0.0008984888188138251,0.02404365486781549,210.73350524902344,204.61587524414062,207.22696228027343,51.79656300072891,52955660.0,1.0336553259840402,-0.043406258557236455,AAPL
2025-05-19,206.9100072183761,208.47244800462508,203.27755371752323,207.77581787109375,46140500,-0.011739049622300435,0.021563571585798323,210.33344421386718,205.40570678710938,206.63030792236327,47.32443854472745,49428600.0,0.9334777841168878,-0.03553985827503037,AAPL
2025-05-20,206.6711222878563,207.46727738969238,204.04382108157407,205.86502075195312,42496600,-0.009196436518546625,0.021950094048178315,209.12528076171876,205.77301025390625,206.22582122802734,43.44109295111055,47546060.0,0.8937985608060899,-0.056028171665714166,AAPL
2025-05-21,204.1831685508297,206.04416933851562,199.74462882701684,201.11798095703125,59211800,-0.023058991651824012,0.02316392221272023,207.08713073730468,205.66144638061525,205.85838134765626,37.78503923891252,49523260.0,1.1956361515780665,-0.009302856317393249,AAPL
2025-05-22,199.7446272097534,201.77480849030061,198.7394754118135,200.39149475097656,46742400,-0.003612238958434544,0.023233035619936802,205.07883911132814,205.32621078491212,205.5531396484375,45.05112800537361,49865840.0,0.9373631327578158,-0.004668291141828429,AAPL
2025-05-23,192.73846975457602,196.74908474491085,192.52948833207407,194.33078002929688,78432900,-0.03024437104584321,0.0253484491172923,201.8962188720703,204.64271774291993,205.27179138183592,45.48859702800442,54604840.0,1.436372673191607,0.02396679497304488,AAPL
2025-05-27,197.34619261173145,199.77445879612063,196.48036693049403,199.24700927734375,56288500,0.025298253047230768,0.015628473390444503,200.19045715332032,204.16230010986328,205.01303344726563,52.34479927479262,56634440.0,0.9938917026459518,0.0031966972822177198,AAPL
2025-05-28,199.6251894151235,201.75489573800118,198.9385057789635,199.4560089111328,45339700,0.001048947407276568,0.014893982903077274,198.90865478515624,203.63915786743163,204.74831817626952,55.56900119274846,57203060.0,0.7926096960547215,0.006386618754977036,AAPL
2025-05-29,202.60081106845576,202.8297005493605,197.55518975609246,198.98826599121094,51396800,-0.002345093148486077,0.014905726129008439,198.4827117919922,203.02852325439454,204.5002877807617,53.487311857057,55640060.0,0.9237373216348077,0.01660415178559438,AAPL
2025-05-30,198.4110493394953,200.98860329086406,195.83351057352263,199.88394165039062,70819900,0.004501148119051557,0.015264580548636287,198.381201171875,202.42192306518555,204.219482421875,53.32132469279671,60455560.0,1.1714373334727195,0.009808395588443375,AAPL
2025-06-02,199.31669015009302,201.15779807678393,199.15745607510846,200.7298583984375,35423300,0.004232039557867218,0.015503030004164442,199.66101684570313,202.25368270874023,203.97825592041016,33.27202957027171,51853640.0,0.6831400842833791,-0.0053048901743454335,AAPL
2025-06-03,200.38153417950807,202.78989241693247,199.99341064507593,202.29229736328125,46381600,0.00778378950351466,0.015719489301378765,200.27007446289062,202.48459091186524,203.68538818359374,31.842100257482826,49872260.0,0.9300079843985414,0.003197754496573557,AAPL
2025-06-04,201.93404589483336,205.24803106286797,201.12794426741362,201.844482421875,43604000,-0.0022137023863150196,0.015546035683798632,200.74776916503907,202.7119918823242,203.33466522216796,32.022695640630715,49525120.0,0.8804420867632425,-0.006754872967203118,AAPL
2025-06-05,202.52119947175674,203.76518718349973,199.18730633012683,199.66500854492188,55126100,-0.010797787736391062,0.01410512586327898,200.88311767578125,202.94272842407227,202.8803219604492,30.51154138461267,50270980.0,1.0965789805569734,0.010167940289391497,AAPL
2025-06-06,202.0236053289331,204.7106157617459,201.07817770068002,202.93917846679688,46607700,0.016398316088211073,0.015025219225142793,201.4941650390625,203.27555084228516,202.5355908203125,38.10756923615041,45428540.0,1.025956370158495,-0.025205976440887734,AAPL
2025-06-09,203.4069099948636,205.0091667110405,199.05793398755327,200.48104858398438,72862600,-0.012112643312068405,0.011457126095292057,201.44440307617188,203.43378601074218,202.09558074951173,38.11989888979564,52916400.0,1.376937962522016,-0.011169043330380712,AAPL
2025-06-10,199.63515466910712,203.36711781582227,199.60530017876516,201.6951904296875,54672600,0.0060561427340823926,0.008585484731145274,201.32498168945312,203.0297393798828,201.79812591552735,43.051434952903925,54574600.0,1.001795707160474,-0.03069034011645677,AAPL
2025-06-11,202.5211970741936,203.51638723180633,197.45568281643992,197.8238983154297,60989900,-0.019193775052397055,0.01075243010412957,200.52086486816407,202.32564239501954,201.3391619873047,44.34574306199067,58051780.0,1.0506120570290869,-0.0018110873875117894,AAPL
2025-06-12,198.12244911144163,198.71955406677787,196.410720905765,198.2418670654297,43904600,0.00211283244117233,0.010772226390856272,200.23623657226562,201.67229919433595,200.8674871826172,46.2706891275597,55807480.0,0.7867153291995983,-0.01787148824670981,AAPL
2025-06-13,198.7693188209708,199.4062398916536,194.758703844025,195.50509643554688,51447300,-0.013805210122337819,0.011398536626629962,198.74942016601562,200.9259063720703,200.3271627807617,52.30287332521023,56775400.0,0.9061547783018702,0.0006617693084209897,AAPL
2025-06-16,196.35101387226533,197.73432753277095,195.61456771612566,197.4656219482422,43020700,0.010028002074829123,0.011895844691113825,198.14633483886718,200.28699340820313,200.2375180053711,46.04857265285317,50807020.0,0.8467471621047643,0.013002828892458629,AAPL
2025-06-17,196.2514839890114,197.43576263348734,194.27106541566712,194.69898986816406,38856200,-0.014010702484725579,0.011986964461139038,196.7470947265625,199.63315200805664,200.38692962646485,40.52337330411924,47643740.0,0.8155573009171824,0.02995307212272169,AAPL
2025-06-18,194.9975546383106,196.6197193940347,194.13174409281177,195.6344757080078,45394700,0.004804780140241993,0.012288829966013711,196.30921020507813,199.1216247558594,200.69260498046876,43.441029124058055,44524700.0,1.0195397161575486,0.01892364782088518,AAPL
2025-06-20,197.28651411005004,200.72986375748766,195.9131467510872,200.03323364257812,96813500,0.022484574452693362,0.0143002961208761,196.6674835205078,199.06738739013673,201.2659506225586,50.25678442076531,55106480.0,1.7568442041661887,0.002785944535278473,AAPL
2025-06-23,200.6602023375907,201.3269779408771,198.00304635957568,200.53082275390625,55814300,0.0024875322078592443,0.013191341757588375,197.6726287841797,199.0743537902832,201.3238787841797,49.65350385066557,55979880.0,0.9970421515730294,-0.002481359745572731,AAPL
2025-06-24,201.61557243039425,202.46149014710028,199.23706853700068,199.3365936279297,54064000,-0.0059553394813630645,0.0127575297033703,198.04682312011718,199.32464447021485,201.52549224853516,44.78766681322892,58188540.0,0.9291176578755885,0.003894142580947335,AAPL
2025-06-25,200.4810436177515,202.6903668657116,199.65503400834336,200.59051513671875,39525700,0.006290473244112693,0.012771116245002965,199.22512817382812,199.3918197631836,201.59852935791017,47.84978309444942,58322440.0,0.6777099860705417,0.017910375097939246,AAPL
2025-06-26,200.461158146952,201.66534499125092,198.5006473897771,200.03323364257812,50799100,-0.00277820461132372,0.011034794667367103,200.1048797607422,199.42068099975586,201.5735546875,50.668603136993276,59403320.0,0.8551559071109157,0.03393021392776996,AAPL
2025-06-27,200.91894034324127,202.24254507531293,199.03803155248616,200.1128387451172,73188600,0.0003979593844956053,0.011031767880043116,200.12080078125,199.47690963745117,201.5577258300781,44.19459925694181,54678340.0,1.3385300285268353,0.05649492035400261,AAPL
2025-06-30,201.03836190454115,206.39248990855162,198.3015889216639,204.18316650390625,91912800,0.020340163001602463,0.011224672635940573,200.85126953125,199.69187088012694,201.7797409057617,57.131930514369564,61898040.0,1.484906468767024,0.04084424080443916,AAPL
2025-07-01,205.67592638082795,209.17899961843958,205.1484768676989,206.82040405273438,78788900,0.012916038055358792,0.011420752841551356,202.34803161621093,199.99639816284179,202.00063293457032,59.360223383977434,66843020.0,1.1787154440358918,0.010249309032444698,AAPL
2025-07-02,207.90517762155153,212.3138626915596,207.13887695509675,211.41819763183594,67941800,0.02223085096540678,0.010540727433417621,204.51356811523436,200.45269317626952,202.38941314697266,74.18559347432338,72526240.0,0.9367892227695797,-0.011438559827095407,AAPL
2025-07-03,211.12959751601144,213.61757304735917,210.79123648824356,212.5228729248047,34955800,0.005225071944338744,0.01052597303668251,207.0114959716797,200.98661270141602,202.66949157714845,74.80130758582092,69357580.0,0.5039939398116255,-0.011285549959832442,AAPL
2025-07-07,211.65703516300363,215.18996325511674,207.79570768244494,208.94017028808594,50229000,-0.01685796256851091,0.011921648354785779,208.77696228027344,201.45037078857422,202.78130981445312,72.66622903553822,64765660.0,0.7755498824531395,0.011717212672686328,AAPL
2025-07-08,209.08945658408672,210.41304612040562,207.4473837253886,208.9998779296875,42848900,0.000285764300465674,0.011981682874790654,209.74030456542968,201.75340576171874,202.8193832397461,70.79297332952633,54952880.0,0.7797389327001606,0.005475937240636997,AAPL
2025-07-09,208.52217876921287,210.3135239719546,206.22329208627588,210.1244354248047,48749400,0.005380661014048549,0.011436997019864907,210.40111083984374,202.23557510375977,202.8618591308594,79.55760171406384,48944980.0,0.996004084586407,-0.011935110123185377,AAPL
2025-07-10,209.49749609462273,212.45321238064957,209.01980902189666,211.38836669921875,44443600,0.006015156075773742,0.011434794176066269,210.3951446533203,202.72023391723633,202.9125192260742,79.81171312527684,44245340.0,1.0044809238667847,-0.015536020086695523,AAPL
2025-07-11,209.55718962168862,211.1096837700706,208.85059795908091,210.14434814453125,39765800,-0.005884990617565977,0.01171783395614694,209.91943969726563,203.3362564086914,202.91702911376953,71.72790491479896,45207340.0,0.8796314934698657,-0.004735688737019017,AAPL
2025-07-14,208.92027389637033,209.89557123752414,206.54176989733165,207.6165771484375,38840100,-0.012028736525215633,0.012863585861937617,209.65472106933595,203.80499191284179,202.84534149169923,64.00470711991093,42929560.0,0.9047402302748968,0.006710758792211946,AAPL
2025-07-15,208.2137043224775,210.8708604550018,207.915144211828,208.10423278808594,42296300,0.0023488280480599144,0.011469992623243587,209.47559204101563,204.43494873046876,202.76710723876954,67.82679162674795,42819040.0,0.9877918795003344,0.00989902054644709,AAPL
2025-07-16,209.28849593835915,211.37838618562168,207.63647661047767,209.149169921875,47490500,0.005021219990528181,0.01088933475890854,209.2805389404297,205.01912612915038,202.86819732666015,67.55102909296632,42567260.0,1.115657902340907,0.011039119269267816,AAPL
2025-07-17,209.5571995447156,210.78127919114968,208.58190225319882,209.0098419189453,48068100,-0.0006661656987771991,0.007991297049037347,208.804833984375,205.73466873168945,203.09491149902342,68.72916694523664,43292160.0,1.1103188198509846,0.020855081255066077,AAPL
2025-07-18,209.85575432940058,210.77132749863404,208.6913836081342,210.1642608642578,48974600,0.005523275529580873,0.008018100489779004,208.8088165283203,206.46115798950194,203.35226745605468,70.07148254680187,45133920.0,1.0850952011258939,0.014063851684324558,AAPL
2025-07-21,211.07983063398711,214.74212298846783,210.61209006251647,211.45799255371094,51377400,0.006155812049741138,0.006049321868943778,209.577099609375,207.0323959350586,203.68042175292967,66.33876927442421,47641380.0,1.0784196427559403,0.006024125510323941,AAPL
2025-07-22,212.1148250502387,213.91611676733493,211.20919838168209,213.36875915527344,46404100,0.009036152185532442,0.006514916448865082,210.6300048828125,207.67429275512694,204.02214233398436,65.20327933665064,48462940.0,0.9575172286287212,-0.0024252440494345606,AAPL
2025-07-23,213.96589762082587,214.11517007989065,211.38835859165647,213.11997985839844,46989300,-0.001165959336596023,0.006476331364457888,211.42416687011718,208.36346206665038,204.33821502685547,54.95078864241286,48362700.0,0.9716020817696283,-0.00046695679274999513,AAPL
2025-07-24,212.87116805528336,214.65256693634578,212.50295255730364,212.73184204101562,46022600,-0.0018212174083382937,0.006333133813795036,212.16856689453124,208.97052841186525,204.3973294067383,50.63437609724599,47953600.0,0.9597319075105936,-0.011648596279593249,AAPL
2025-07-25,213.66733592091674,214.20474714033003,212.37358560556336,212.85128784179688,40268800,0.0005614852935753589,0.005907620255848942,212.70597229003906,209.61143112182617,204.4162384033203,65.03444821271668,46212440.0,0.871384415105543,-0.02258287117559421,AAPL
2025-07-28,213.00055398053098,213.81661722083774,212.03521828670327,213.0204620361328,37858000,0.0007947999565860453,0.003656744817584482,213.01846618652343,210.25681228637694,204.45047302246093,65.32625728089268,43508560.0,0.8701276254603691,-0.030273251498208253,AAPL
2025-07-29,213.14980632007004,213.77678093648746,209.8059821935656,210.25381469726562,51411700,-0.012987706966844814,0.006138123787929608,212.39547729492188,210.56034469604492,204.44689025878907,50.43831398769061,44510080.0,1.1550574611413864,-0.04207880373844797,AAPL
2025-07-30,210.88077731884883,211.36842593737322,206.72088996610802,208.04449462890625,45512500,-0.010507871505401556,0.006933313984522796,211.38038024902343,210.6215492248535,204.40290252685546,39.35352793372626,44214720.0,1.029351763394634,-0.027266098320102627,AAPL
2025-07-31,207.4872131893059,208.83071086700429,206.1636083824018,206.57164001464844,80698400,-0.00707951737384338,0.0072394570215979425,210.14833984375,210.37922134399415,204.37881896972655,38.788315841188755,51149880.0,1.57768503073712,-0.0224022537060643,AAPL
2025-08-01,209.85574027592583,212.5527122409286,200.53081350952442,201.40658569335938,104434500,-0.025003695187407082,0.01001676763724909,207.8593994140625,209.8234069824219,204.28965026855468,33.27973246125782,63983020.0,1.6322221114289386,0.053710847977579634,AAPL
2025-08-04,203.52634207300898,206.88014336875773,200.70995198839026,202.37193298339844,75109300,0.004793027431132746,0.009868366164558372,205.7296936035156,209.4949951171875,204.31472930908203,34.952969016106366,71433280.0,1.051460887698283,0.08202600883518962,AAPL
2025-08-05,202.42165671427045,204.35232790405936,201.18763073057525,201.9439697265625,44155100,-0.00211473622120828,0.008756594081416682,204.067724609375,209.14219970703124,204.34577880859376,30.453550482990195,69981960.0,0.6309497476206726,0.13024859081498485,AAPL
2025-08-06,204.6409599471833,214.3440641251077,204.60114383647723,212.22430419921875,108483100,0.05090686533782662,0.0199360470433348,204.9036865234375,209.24719314575196,204.70364929199218,55.62520126911022,82576080.0,1.313735163984534,0.06653141440684629,AAPL
2025-08-07,217.82723230897543,219.78775818606874,215.53829184895108,218.97169494628906,90224800,0.03179367590592452,0.022331013625858296,207.38369750976562,209.62635955810546,205.0981430053711,62.88957648700288,84481360.0,1.0679847010038663,0.04490580103353681,AAPL
2025-08-08,219.76786212559261,229.88894502591432,218.19545972697713,228.24688720703125,113854000,0.04235795070690429,0.025488143060944678,212.7517578125,210.53148651123047,205.67396057128906,69.91734932788628,86365260.0,1.3182846899320397,0.018507876650879718,AAPL
2025-08-11,227.08116933177635,228.71513292468896,223.9327956372812,226.34388732910156,61806100,-0.00833746256615353,0.025907089319901565,217.54614868164063,211.46785202026368,206.22107299804688,65.39575999113558,83704620.0,0.7383833771660393,0.024650064754697,AAPL
2025-08-12,227.17083074525974,229.95057099439725,226.23430307406312,228.80479431152344,55626200,0.010872425190982637,0.02500808923782006,222.9183135986328,212.50288009643555,206.79949005126954,67.68268599573656,85998840.0,0.6468250036860962,0.008447710165908617,AAPL
2025-08-13,230.2195756343437,234.1351043372746,229.58191650034667,232.47125244140625,69878500,0.016024393810956772,0.02412775523271118,226.96770324707032,213.66898422241212,207.43431793212892,70.72201113595736,78277920.0,0.8926974554254891,-0.010457271551290725,AAPL
2025-08-14,233.1985666998313,234.25466305951576,230.0003892485326,231.92327880859375,51916300,-0.0023571672929779686,0.02376896454635861,229.55802001953126,214.81465606689454,208.02693756103517,69.84283874540246,70616220.0,0.7351894508088935,-0.009536871508232903,AAPL
2025-08-15,233.13880497436926,233.41777326838445,228.4959516198378,230.7376708984375,56038700,-0.005112069457825941,0.021010290284280943,230.0561767578125,215.84332656860352,208.6048013305664,68.05150434514664,59053160.0,0.9489534514325736,-0.02409436975816881,AAPL
2025-08-18,230.8472538899505,232.26202593201924,229.26310933608104,230.0402374267578,37476200,-0.003022625083126007,0.021525049890088715,230.79544677734376,216.77243881225587,209.21230590820312,71.04721979387173,54187180.0,0.6916063910319747,-0.025943164850270817,AAPL
2025-08-19,230.42880766374827,232.0129522601839,228.50591803460907,229.71145629882812,39402600,-0.0014292331272452996,0.02147223488354102,230.97677917480468,217.5895736694336,209.74775146484376,74.00808719946059,50942460.0,0.7734726591530916,-0.012144380668204668,AAPL
2025-08-20,229.13358225147155,229.6217843388592,224.93908515924198,225.17819213867188,42263900,-0.019734601979358835,0.019174885498447872,229.5181671142578,218.19248428344727,210.2416943359375,69.3075282955115,45419540.0,0.9305224139214091,0.005088336751533751,AAPL
2025-08-21,225.43723377620466,225.6863136691638,222.95639256938466,224.072265625,30621200,-0.004911339340493592,0.01711351239512904,227.94796447753907,218.75950546264647,210.68923583984375,75.68315251257515,41160520.0,0.7439458976708749,0.019608779145783295,AAPL
2025-08-22,225.33760837029214,228.2468598588307,224.58041092619504,226.9217529296875,42477800,0.012716822837219421,0.010851864180788423,227.18478088378907,219.46302871704103,211.2711929321289,76.67894960788222,38448340.0,1.104801923828181,0.011986314265687525,AAPL
2025-08-25,225.6464693442017,228.45609804536198,225.3973894325087,226.323974609375,30983100,-0.0026342927136550065,0.010541321540824607,226.4415283203125,220.12820434570312,211.8328350830078,76.39697966773966,37149720.0,0.8340062859154793,0.023771726807209737,AAPL
2025-08-26,226.03502689374838,228.6453946309622,223.86305742355088,228.46604919433594,54575100,0.009464638417816973,0.010388897881038845,226.19244689941405,221.03881607055663,212.4920541381836,71.34752973539082,40184220.0,1.358122666061454,0.01234135263452929,AAPL
2025-08-27,227.76862267507164,230.05018785299507,227.41990473660533,229.64170837402344,31259500,0.005145881341378056,0.008988026800820684,227.08515014648438,222.1186767578125,213.1355758666992,66.43080297980566,37983340.0,0.8229792324740268,-0.0033407090686061736,AAPL
2025-08-28,229.9704999102399,232.55096405412047,228.4959359400532,231.70408630371094,38074700,0.008980850840599297,0.009523255192918231,228.61151428222655,223.37529907226562,213.87567779541016,56.8441148484345,39474040.0,0.9645503728526393,0.02541277852643531,AAPL
2025-08-29,231.65426265633033,232.52107103838586,230.51845893056873,231.28562927246094,39418400,-0.0018059976322623017,0.009384510034894832,229.48428955078126,224.8692512512207,214.5887008666992,60.39395763877032,38862160.0,1.014313151919502,0.032911156068582414,AAPL
2025-09-02,228.4062708029861,230.00038826150748,226.1346633063032,228.87454223632812,44075600,-0.010424716156024028,0.009948654394989763,229.99440307617186,226.1943817138672,215.16552703857423,50.14700878450653,41480660.0,1.0625578281541326,0.043400649700703786,AAPL
2025-09-03,236.33697373754433,237.9709372370204,233.49745685978084,237.5923309326172,66427800,0.03808981379539955,0.01570565208053699,231.8196594238281,227.97679977416993,215.90675720214844,58.89888864318165,43851200.0,1.514845659867917,-0.002474045895115129,AAPL
2025-09-04,237.57239985348932,239.0170601981439,235.8687018920251,238.8975067138672,47549400,0.005493341372285965,0.013420793093570815,233.6708190917969,229.31045989990236,216.69797546386718,61.8083568908154,47109180.0,1.0093446754963682,-0.022645646150673215,AAPL
2025-09-05,239.1167027112504,240.43185187342493,237.61226559630578,238.80784606933594,54870400,-0.0003753100891029648,0.013083002333634984,235.09157104492186,230.3022674560547,217.46232208251953,64.19059056738536,50468320.0,1.0872246193255493,-0.05381952065335116,AAPL
2025-09-08,238.41928864081726,239.2661511981365,235.47017586985078,237.0045166015625,48999500,-0.0075513828270526995,0.013567864061211713,236.2353485107422,230.74014892578126,218.20174774169922,61.78754114821933,52384540.0,0.9353809349094218,-0.032999882567506966,AAPL
2025-09-09,236.12775932745953,237.90120710535396,232.5011563745861,233.48751831054688,66313900,-0.014839372436636689,0.014770438504527814,237.15794372558594,231.09733047485352,218.8692413330078,55.76866772466446,56832200.0,1.1668367580350576,-0.0011948237852210664,AAPL
2025-09-10,231.33545739080094,231.56460664903227,225.118417424808,225.955322265625,83440800,-0.032259523333079354,0.01828483731724848,234.8305419921875,230.9548568725586,219.3046844482422,51.087564649557756,60234800.0,1.385259019702896,0.043696847045908704,AAPL
2025-09-11,226.04499474029723,229.60184779162614,225.81583028738913,229.1833953857422,50208600,0.014286333633347192,0.018843606752420264,232.8877197265625,230.79046401977538,219.75194427490234,56.75179708346586,60766640.0,0.8262526939123177,0.03529975805876573,AAPL
2025-09-12,228.37638560886936,233.6469097348115,228.17712472443904,233.2085418701172,55824200,0.017562993503958735,0.0194846611662646,231.76785888671876,230.85472717285157,220.18775115966798,58.05465681626684,60957400.0,0.9157903716365855,0.021019389795109866,AAPL
2025-09-15,236.12775635652346,237.31337916896246,234.16500543557729,235.828857421875,42699500,0.011235933001189746,0.01972453891964101,231.53272705078126,231.10928649902343,220.65387084960938,61.57767019163286,59697400.0,0.7152656564607504,0.004985221878865964,AAPL
2025-09-16,236.30708253667353,240.33222235518573,235.45026224943368,237.2735137939453,63421100,0.006125867664642737,0.01924330146775867,232.28992614746093,231.4709503173828,221.22053771972656,60.91358541966195,59118840.0,1.072773078768122,0.030862850617529025,AAPL
2025-09-17,238.09051246512186,239.21635855568803,236.85507060288438,238.11044311523438,46508000,0.0035272766349128126,0.015040571466502495,234.7209503173828,231.89089965820312,221.8027490234375,60.58269288192266,51732280.0,0.8990131500100131,0.07150912353540306,AAPL
2025-09-18,239.08682096339746,240.31228984200703,235.77903252032195,237.0045166015625,44249600,-0.0046445947485665995,0.014994767826893136,236.28517456054686,232.48221588134766,222.34035064697267,56.785725029761004,50540480.0,0.8755278936804716,0.06957289338726302,AAPL
2025-09-19,240.342162048153,245.3935094903633,239.32592704772566,244.59645080566406,163741300,0.032032867191576164,0.01822529241205299,238.56275634765626,233.50842514038087,223.00451232910157,64.39654643166699,72123900.0,2.2702779522460657,0.027739396313370746,AAPL
2025-09-22,247.38616206443075,255.69547916115815,247.2068166293636,255.13751220703125,105517400,0.04309572508777837,0.02179473829756313,242.4244873046875,234.91921310424806,223.90437561035156,74.156880423884,84687480.0,1.245962213068567,0.003085099587983642,AAPL
2025-09-23,254.93828225227924,256.3929004583055,252.64674396870498,253.4936065673828,60275200,-0.0064432141923312924,0.020980215664049492,245.668505859375,236.27769470214844,224.82191619873046,66.81418185221159,84058300.0,0.7170642280417282,0.004048225731277055,AAPL
2025-09-24,254.2807025242173,254.79879299943292,250.11607847800005,251.38140869140625,42303700,-0.008332351669844251,0.016761603026199605,248.32269897460938,237.42346267700196,225.68745971679687,62.97909847105396,83217440.0,0.5083513744234381,0.008402363114169198,AAPL
2025-09-25,252.27811828759639,256.2235509944071,250.78363873545524,255.9246368408203,55202100,0.01807304753786032,0.016890274631136803,252.10672302246093,238.73760910034179,226.6229690551758,66.28746608247998,85407940.0,0.6463345211229775,-0.00872040212548364,AAPL
2025-09-26,253.16481067495934,256.6519291955366,252.84598111295833,254.51980590820312,46076300,-0.0054892367923568,0.017491304410992906,254.09139404296874,239.8783950805664,227.53316833496095,66.79401977801524,61874940.0,0.7446681968499687,-3.914818818229193e-05,AAPL
2025-09-29,253.6231329894407,254.06151607705354,252.07883445903423,253.4936065673828,40127700,-0.004031903675073667,0.017927421912746926,253.76261291503906,240.9887939453125,228.39975524902343,70.14443988636556,48797000.0,0.8223394880832838,0.010611897689255523,AAPL
2025-09-30,253.92202035086734,254.97811672142575,252.17846100632588,253.69287109375,37704300,0.0007860731837203705,0.01804841940015,253.8024658203125,242.2297103881836,229.24445281982423,82.76836484091424,44282820.0,0.8514430652790405,0.013313351797568318,AAPL
2025-10-01,254.10134722927504,257.83756097799323,253.9917514638179,254.5098419189453,48713900,0.0032203144758191637,0.018054972271063945,254.42815246582032,243.0755859375,230.06727447509766,81.72740861945705,45564860.0,1.069111152761141,0.004854205660258293,AAPL
2025-10-02,255.63566078088252,257.229778167004,253.21461153357077,256.18365478515625,42630200,0.006576613515574703,0.01760593086925908,254.4799560546875,243.93989334106445,230.92854797363282,80.58354420455206,43050480.0,0.9902375072240774,-0.0025277481093261,AAPL
2025-10-03,253.73271197999827,258.2858846694617,253.01536064819075,257.07037353515625,49155600,0.003461262002619314,0.015449490768602515,254.9900695800781,244.85301971435547,231.81531860351564,79.64403747870529,43666340.0,1.125709184694664,0.00015503909098191215,AAPL
2025-10-06,257.0404883747525,258.1165305885388,254.1113214696764,255.7452850341797,44664100,-0.005154574923412314,0.00800031594015365,255.4404052734375,245.79005813598633,232.67319854736328,75.86498211236477,44573620.0,1.0020299001965736,-0.010323842519711302,AAPL
2025-10-07,255.86485915808862,256.4526841311554,254.48993311029045,255.5360870361328,31955800,-0.0008179935673845451,0.007666926728463561,255.80904846191407,246.89248657226562,233.5235110473633,74.83676776024619,43423920.0,0.7359031612070029,-0.043707241491261706,AAPL
2025-10-08,255.5758888188916,257.56852798749276,255.16739414069707,257.1102294921875,36496900,0.006160157159454727,0.007090838038383572,256.3291259765625,248.45023193359376,234.46063934326173,78.27922788673268,40980520.0,0.8905914322219435,-0.040300710220596114,AAPL
2025-10-09,256.86113993459566,257.0504430809132,252.20832947523735,253.10501098632812,38322000,-0.015577826342304535,0.006738397693648073,255.71339721679686,249.64631271362305,235.36184967041015,63.31049898049843,40118880.0,0.9552111125734317,-0.024681069890622354,AAPL
2025-10-10,254.00171816056968,255.436420799504,243.10197943699816,244.3673095703125,61999100,-0.034522040405148724,0.01257379396910027,253.17278442382812,250.20425109863282,236.11776306152345,32.14398831044906,42687580.0,1.4523920072302061,0.016593967501175255,AAPL
2025-10-13,248.46217548947354,248.77103211910116,244.6562274921306,246.74850463867188,38142900,0.009744327392016583,0.013302272017321672,251.37342834472656,250.75023345947267,237.02460144042968,39.084100287190985,41383340.0,0.9216969920745884,-0.0008478805459927186,AAPL
2025-10-14,245.69241642712313,247.93413549962378,243.79940008876653,246.8581085205078,35478000,0.00044419268921780386,0.013293003336895133,249.63783264160156,251.22946319580078,237.91432495117186,42.172372108792885,42087780.0,0.8429525149580235,0.018242755805644162,AAPL
2025-10-15,248.57178982967116,250.89321639065437,246.559219921403,248.42233276367188,33893600,0.0063365317531554055,0.013481015704436617,247.90025329589844,251.74505767822265,238.84389221191407,35.52470660556283,41567120.0,0.8153944752487062,0.0517364034238037,AAPL
2025-10-16,247.33635013275978,248.1234359576197,244.22783772705108,246.53929138183594,39777000,-0.007580000400476461,0.013181190723933022,246.587109375,252.22179641723633,239.5301919555664,34.8810251316595,41858120.0,0.9502815702186338,0.06191141174902892,AAPL
2025-10-17,247.1072067041429,252.4474806979352,246.3599669580113,251.36148071289062,49147000,0.019559516473121263,0.01501528548221838,247.98594360351564,252.56004791259767,240.17798767089843,46.46863034989954,39287700.0,1.2509513155516867,0.02441634686490679,AAPL
2025-10-20,254.9481912125226,263.406949073437,254.68915362058422,261.2748107910156,90483000,0.03943854106050626,0.01986071153073938,250.89120483398438,252.86691284179688,240.83854614257814,59.50059769503099,49755720.0,1.8185446818978803,-0.0101431380864907,AAPL
2025-10-21,260.9161783410852,264.3136317818121,260.86634411857244,261.8028869628906,46695900,0.002021152250675229,0.019831163133427095,253.88016052246093,253.28237686157226,241.5477261352539,59.20524260692813,51999300.0,0.898010165521459,0.00019035391724009365,AAPL
2025-10-22,261.6833338430701,261.882609922878,254.4899051977633,257.4988098144531,45015300,-0.016440143950924413,0.020651503193909373,255.6954559326172,253.5882469177246,242.1216064453125,51.556624730448725,54223640.0,0.830178497791738,0.04008499451451408,AAPL
2025-10-23,258.9833552231903,259.66084534801524,257.06046542540827,258.6246643066406,32754900,0.004372270664080968,0.019892337641681756,258.11253051757814,253.72324829101564,242.6446746826172,51.82931165643378,52819220.0,0.6201322170225156,0.036289208722569466,AAPL
2025-10-24,260.2287163700197,263.15789839957887,258.22610426270086,261.85272216796875,38253700,0.012481631904607271,0.015219487425840011,260.2107788085938,254.08989410400392,243.24326354980468,56.87992780714194,50640560.0,0.7553964648100258,0.026177597987970147,AAPL
2025-10-27,263.9051197703755,268.1295048126629,263.6759553344934,267.8206481933594,44888200,0.022791155180591938,0.016015673098478914,261.5199462890625,254.80624618530274,243.98492309570312,62.2491273565026,41521600.0,1.0810806905321568,0.0096350855354983,AAPL
2025-10-28,267.9999758056659,268.896687690681,267.16307106420925,268.00994873046875,41534800,0.0007068183069018907,0.01600149142528374,262.7613586425781,255.52210006713867,244.74431732177734,61.17695324895275,40489380.0,1.0258196099816792,0.005092944210700168,AAPL
2025-10-29,268.28892986747474,270.4110953948544,266.1269030442272,268.7073974609375,51086700,0.002602324032269898,0.016097469977971644,265.003076171875,256.23197784423826,245.52423614501953,67.1635763261294,41703660.0,1.2249932020355048,-0.002410106798361511,AAPL
2025-10-30,270.98894793982623,273.1310593223432,267.49188695276854,270.401123046875,69886500,0.0063032339337949495,0.015177303249756201,267.3583679199219,256.9428512573242,246.4286947631836,83.89108938425417,49129980.0,1.4224817514682482,-0.005010888771112776,AAPL
2025-10-31,275.97053891965146,276.29934139392066,268.1693703205502,269.3749084472656,86167100,-0.003795156573486058,0.015234257498051152,268.86280517578126,257.5580780029297,247.3347476196289,80.53242790253304,58712660.0,1.4676068159746127,-0.000850583960782525,AAPL
2025-11-03,269.42476736726525,269.8531775103368,265.2701011373342,268.0597839355469,50194600,-0.004882134417416251,0.010464269026218184,268.91063232421874,258.17380294799807,248.1575082397461,77.70838526471545,59773940.0,0.8397405290666802,0.002676067931095316,AAPL
2025-11-04,267.3424445625432,270.49081837885313,266.6350661079627,269.0461730957031,49274800,0.0036797357129609853,0.010466934998014226,269.1178771972656,258.84930725097655,249.01195220947267,77.3665429412103,61321940.0,0.8035427450599247,-0.005814018775865293,AAPL
2025-11-05,267.6213843438783,270.70003856307255,265.94757476828966,269.1457824707031,43683100,0.0003702315251463695,0.008124574400204011,269.20555419921874,259.45108489990236,249.825546875,81.48771108325501,59841220.0,0.7299834461931091,-0.0016615701191321497,AAPL
2025-11-06,266.90407480138714,272.3937751745226,266.90407480138714,268.7771301269531,51204000,-0.0013697125043753422,0.008331958390363492,268.88075561523436,260.2346908569336,250.60825531005858,77.6933080991896,56104720.0,0.912650486447486,0.02130269598283885,AAPL
2025-11-07,268.80702532983145,271.2878818962731,265.7881780523408,267.48193359375,48227400,-0.004818849477972176,0.008143504221388247,268.5021606445313,261.39042205810546,251.32381225585937,63.596813160220385,48516780.0,0.9940354656677546,0.019611635022079188,AAPL
2025-11-10,268.2298525605972,272.98692304032335,266.733924572705,268.6985778808594,41312400,0.004548510139593898,0.003994244204286295,268.6299194335937,262.48792572021483,252.07207122802734,64.66280950119011,46740340.0,0.8838703355602463,0.013064704536149163,AAPL
2025-11-11,269.07757258136417,275.16101963639426,269.0675899882029,274.5028076171875,46208300,0.021601267048394046,0.00783202002457672,269.72124633789065,263.87016067504885,252.98463653564454,83.98845390406639,46127040.0,1.0017616565034306,-0.010317837603230573,AAPL
2025-11-12,274.2535373864602,274.9815668240292,270.96250711171905,272.7276916503906,48398000,-0.0064666586917843105,0.008318995719934882,270.4376281738281,265.08542861938474,253.68734375,77.47667507782901,47070020.0,1.0282128624547004,-0.021977027195931975,AAPL
2025-11-13,273.3658696206449,275.9488654308047,271.3513641926929,272.20904541015625,49602800,-0.0019016999597504247,0.00819823391591672,271.12401123046874,266.3689163208008,254.35357452392577,72.55864412548327,46749780.0,1.061027452963415,-0.020186897698656447,AAPL
2025-11-14,270.31420819279356,275.21088338895913,268.8681625557137,271.6705322265625,47431300,-0.0019783074540463685,0.008107257945313685,271.96173095703125,267.3843688964844,255.01082824707032,60.984095860187054,46590560.0,1.0180452864271217,-0.014133069725121072,AAPL
2025-11-17,268.09027174019775,269.7557213346742,265.00866346949266,266.73394775390625,45018300,-0.018171218027207114,0.010019916820779367,271.5688049316406,267.6573257446289,255.60541687011718,47.135426657824205,47331740.0,0.9511228617414023,-0.0045239669221029954,AAPL
2025-11-18,269.25705465795,269.97510130800674,264.59974924229334,266.7139892578125,45677300,-7.482548157744517e-05,0.009917772663040206,270.01104125976565,267.902880859375,256.2699462890625,45.38447623839053,47225540.0,0.967216044538612,0.015143568119854178,AAPL
2025-11-19,264.80921977983166,271.47107967039307,264.77930243197466,267.83099365234375,40424500,0.004188023274068087,0.010041651047259547,269.0317016601563,268.4194900512695,257.1074597167969,43.885851020888204,45630840.0,0.8859030427666903,0.027405442347708364,AAPL
2025-11-20,270.09480618650156,274.68232536305425,265.1981613886433,265.5272521972656,45823600,-0.008601474473370674,0.010370714050931835,267.6953430175781,268.7646194458008,257.83433685302737,41.3711920457283,44875000.0,1.0211387186629526,0.04026286327562856,AAPL
2025-11-21,265.2280517805383,272.5879921198442,264.9488130991126,270.75299072265625,59030800,0.01968061086817685,0.012152985685075026,267.5118347167969,269.20963287353516,258.5852258300781,55.13852610691041,47194900.0,1.2507876910428881,0.022321487947408736,AAPL
2025-11-24,270.164627965921,276.24807542504453,270.164627965921,275.1710205078125,65585800,0.016317565960635383,0.013041781947080838,269.1992492675781,269.5771514892578,259.3720690917969,60.33287786755522,51308400.0,1.2782663267613101,0.0106189510163468,AAPL
2025-11-25,274.52274228722064,279.6188865292943,274.5028075356392,276.2181396484375,46914200,0.0038053394528705375,0.011227550987047924,271.10007934570314,269.98756103515626,260.15096160888675,61.56174074425148,51555780.0,0.9099697453903326,0.022132408865381814,AAPL
2025-11-26,276.2082055022192,278.7712367451818,275.8791146523587,276.7966003417969,33431400,0.002094216889939382,0.010944923015236413,272.89320068359376,270.3920211791992,260.924684753418,63.02074146012745,50157160.0,0.6665329536201811,0.031129414532697686,AAPL
2025-11-28,276.50736791500816,278.242634823177,275.2407959413455,278.0930480957031,20135600,0.004683756058800448,0.010913183425202928,275.40635986328124,270.7766174316406,261.74645538330077,67.22794166466,45019560.0,0.447263367300791,0.01900663842503847,AAPL
2025-12-01,277.2553332443013,282.65065109438723,275.3904143522869,282.3315124511719,46587700,0.01524117335723596,0.011523092686477927,277.72206420898436,271.42444763183596,262.50115661621095,70.15629653025313,42530940.0,1.0953837371099722,-0.008477600079295766,AAPL
2025-12-02,282.231773534172,286.619823290159,281.86278279875575,285.4131164550781,53669500,0.010914842545035386,0.008638127768797464,279.7704833984375,272.2921142578125,263.1066687011719,67.54326821632391,40147680.0,1.3368020269166239,-0.025891916496024514,AAPL
2025-12-03,285.4231155973949,287.8365294074879,282.5309633672564,283.378662109375,43538700,-0.007128103890149506,0.009508246810146753,281.202587890625,273.0087387084961,263.7043698120117,66.98461116199304,39472580.0,1.1030112549015039,-0.022030633598657423,AAPL
2025-12-04,283.3287830094401,283.95707766942763,277.83373081751637,279.9380187988281,43989100,-0.012141504532966252,0.011139181376991493,281.83087158203125,273.54835052490233,264.27550201416017,61.27436272515293,41584120.0,1.0578340962848318,-0.012540050925492374,AAPL
2025-12-05,279.77845592816414,280.37683325787106,277.2951945750906,278.0232238769531,47265800,-0.006840067419534801,0.010921017214176139,281.81690673828126,274.01065521240236,264.7174737548828,58.90904484288427,47010160.0,1.0054379734083014,0.0,AAPL
2025-12-08,277.374989388386,278.9108174051644,275.4003533668138,277.1356506347656,38211800,-0.003192442810390217,0.009759720566804604,280.777734375,274.49334106445315,265.16979064941404,66.45628963278328,45334980.0,0.842876736683241,0.0005037890996777428,AAPL
2025-12-09,277.40493251311347,279.2698514894354,276.16830825817004,276.4275817871094,32193300,-0.0025549540307587826,0.008508684684484041,278.9806274414062,274.8797912597656,265.6284701538086,65.04017865158877,41039740.0,0.7844421041653773,0.003968434901427731,AAPL
2025-12-10,276.9960211276047,278.9905919368044,275.68957968235776,278.0232238769531,33038300,0.005772369311079162,0.00861595061814839,277.9095397949219,275.0558120727539,266.11507720947264,65.55078862355693,38939660.0,0.8484485997052876,-0.0167516532175519,AAPL
2025-12-11,278.34237127554803,278.8310314000742,273.0667227973629,277.2752685546875,33248000,-0.0026902620286017864,0.008661717429350116,277.3769897460937,275.28319091796874,266.5703857421875,68.81790443005984,36791440.0,0.9036884666650721,-0.012300902643654577,AAPL
2025-12-12,277.14559334691864,278.4620173164318,276.06853855760204,277.5245666503906,39532900,0.0008990996456430533,0.00852597015039413,277.2772583007812,275.5489669799805,266.9972039794922,62.903865501259034,35244860.0,1.1216642653708937,-0.02314215259087793,AAPL
2025-12-15,279.3894873363706,279.3894873363706,272.0993337942639,273.3658752441406,50409100,-0.0149849487432544,0.007779789361082054,276.52330322265624,275.63373413085935,267.3231140136719,46.52578977477631,37684320.0,1.3376677620824788,-0.007004290074643427,AAPL
2025-12-16,272.07941349564567,274.752131096348,271.0522107383373,273.8645324707031,37648600,0.0018241385327160131,0.006347120354067535,276.010693359375,275.9902633666992,267.68549896240233,45.37251819540029,38775380.0,0.9709408392645024,-0.003422891014067009,AAPL
2025-12-17,274.2634587890498,275.41033087528734,270.9026119684932,271.10205078125,50138700,-0.010087037063657212,0.006568877782003402,274.6264587402344,276.2096664428711,267.9968182373047,39.689307212771624,42195460.0,1.1882486883659995,-0.0032003252782245584,AAPL
2025-12-18,272.8672697170699,272.88723490520505,266.22537510199504,271.4511413574219,51630700,0.0012876722074433022,0.006170935897137459,273.4616333007813,276.390673828125,268.28363647460935,37.54677640477983,45872000.0,1.1255384548308336,0.0006245143993008906,AAPL
2025-12-19,271.4112306527045,273.8545921928022,269.1673383776201,272.9271240234375,144632000,0.005437378743868182,0.006544587170820025,272.5421447753906,276.7606674194336,268.6800787353516,30.329611128061828,66891820.0,2.162177677330352,0.0005114456939492307,AAPL
2025-12-22,272.1192896847017,273.13654030849926,269.7756932559407,270.23443603515625,36571800,-0.009865959632689436,0.007021918900169512,271.9158569335938,276.73473968505857,269.1974212646484,17.72693826542067,64124360.0,0.5703261599803882,0.008967885189025582,AAPL
2025-12-23,270.1048034873943,271.7603010837797,268.8282792538215,271.62066650390625,29642000,0.005129732868573544,0.00742378188541373,271.4670837402344,276.5572219848633,269.69486450195313,24.291368845852034,62523040.0,0.47409722879757604,0.005140292654339573,AAPL
2025-12-24,271.60070067851706,274.6823088952694,271.46109654935304,273.06671142578125,17910600,0.005323766193815027,0.007374616942589347,271.8600158691406,276.39965057373047,270.2190365600586,33.540359049260715,56077420.0,0.31939058537286485,-0.002666115323792906,AAPL
2025-12-26,273.4158142002898,274.6225212124231,272.1193247047194,272.6578674316406,21521800,-0.0014972311784394732,0.007367769658145565,272.1013610839844,276.19271392822264,270.703747253418,36.14837715441851,50055640.0,0.429957543245876,-0.005632913397160433,AAPL
2025-12-29,271.9497734782625,273.61522314661676,271.6107000753325,273.0168762207031,23715200,0.0013167006418859373,0.007385007491633505,272.1193115234375,275.9389053344727,271.2332989501953,39.06830648009253,25872280.0,0.9166258250142624,-0.010045251529221755,AAPL
2025-12-30,272.06942798009953,273.3359694836473,271.54086793463244,272.33868408203125,22139600,-0.0024840667289872664,0.005745839324349965,272.5401611328125,275.43926391601565,271.6528430175781,39.13036423846432,22985840.0,0.963184290850367,-0.021312206171362313,AAPL
2025-12-31,272.3187639976345,272.9370761103812,271.0123224859311,271.12200927734375,27293600,-0.004467506365423368,0.005823858379444636,272.4404296875,274.7247085571289,271.8497869873047,31.27706326615433,22516160.0,1.2121782755141197,-0.03494434905583288,AAPL
2026-01-02,271.52095990203577,277.0857995993762,268.26979943372277,270.27435302734375,37838100,-0.0031264752435974374,0.0049691107815167885,271.8819580078125,274.06949310302736,272.01921630859374,31.10877241524699,26501660.0,1.4277633929346312,-0.0394082212198027,AAPL
2026-01-05,269.9053759278346,270.7730094869922,265.41759095171795,266.5345458984375,45647200,-0.013837077351279037,0.006499982008414078,270.65729370117185,273.3993194580078,272.19993103027343,25.0454228587505,31326740.0,1.4571321497225693,-0.030756701203736636,AAPL
2026-01-06,266.27524679504927,266.8237416838396,261.4084883511094,261.6478271484375,52352100,-0.018334279083890626,0.00777749706229692,268.38348388671875,272.580549621582,272.26039428710936,24.24387148531879,37054120.0,1.4128550347437747,-0.01139662847068168,AAPL
2026-01-07,262.485556491205,262.96423405428067,259.10474402829175,259.6233215332031,48309800,-0.007737521221935606,0.007632503504263487,265.8404113769531,271.7049331665039,272.21580627441404,20.665620662603345,42288160.0,1.142395412805854,-0.00030738173414313064,AAPL
2026-01-08,256.3222864925608,258.58614386359903,255.00587765735156,258.3368225097656,50419300,-0.004955252154698941,0.0069303096511435505,263.2833740234375,270.8003952026367,272.0261297607422,22.003552673674747,46913300.0,1.0747336043296891,0.00775943243269106,AAPL
2026-01-09,258.3767027680543,259.5036402038468,255.52448097015204,258.6659240722656,39997000,0.0012739243260126987,0.006355814774916807,260.96168823242186,269.83253021240233,271.8392492675781,21.935106137826438,47345080.0,0.8447973897182136,0.0022746672502778065,AAPL
2026-01-12,258.45648066308013,260.5906555331263,256.1028713590674,259.54351806640625,45263800,0.0033927700267757377,0.006856542157644067,259.5634826660156,268.9459426879883,271.6559716796875,19.828971628278154,47268400.0,0.9575911179561821,-0.007838469029322725,AAPL
2026-01-13,258.01770778709204,261.0993163539261,257.68861696081353,260.34136962890625,45730800,0.0030740569768183956,0.0070531666203454465,259.30219116210935,268.08678283691404,271.4547766113281,25.61449698355625,45944140.0,0.995356535131575,-0.021145449946113337,AAPL
2026-01-14,258.78557762508564,261.1092696408236,256.0131254420647,259.2543029785156,40019400,-0.004175543256686898,0.007013755357637994,259.2283874511719,267.38120422363284,271.25236450195314,19.061761800127357,44286060.0,0.9036568166145283,-0.051007769640545986,AAPL
2026-01-15,259.94247342351326,260.3314293980394,256.35223934409396,257.50909423828125,39388600,-0.00673164811609317,0.0070351389834013445,259.062841796875,266.56343231201174,271.0413507080078,11.651897877205926,42079920.0,0.9360426540734869,-0.04089702867650358,AAPL
2026-01-16,257.1998957308392,258.1971811198186,254.23795690818102,254.83633422851562,72142800,-0.010379283953724894,0.00717965131242108,258.296923828125,265.750146484375,270.75715393066406,10.482030765732716,48509080.0,1.487201983628632,-0.028098394858162012,AAPL
2026-01-20,252.04394930256512,254.09835490933511,242.75922413209136,246.0303192138672,80267500,-0.03455557089732719,0.011458092112915305,255.5942840576172,264.47910537719724,270.29484466552736,6.467188262277304,55509820.0,1.4460054094933112,0.005431645545047825,AAPL
2026-01-21,248.02489020045314,250.87712721718017,244.51444112970407,246.9777374267578,54641700,0.0038508189393806624,0.011363440704768347,252.9215576171875,263.18163604736327,269.8588568115234,9.4417940677656,57292000.0,0.9537404873280737,0.03133461629922718,AAPL
2026-01-22,248.52352576906395,250.31864258405668,247.47637302553753,247.67584228515625,39708300,0.002826590224981107,0.01164007140512799,250.60586547851562,262.05370635986327,269.4627349853516,11.871572563635539,57229780.0,0.693839815564554,0.03994360659066554,AAPL
2026-01-23,246.64863719927277,248.73296007338791,244.0157890837153,247.36666870117188,41689000,-0.0012482993138605014,0.011687771356610218,248.57738037109374,260.84100646972655,269.0360968017578,12.083194423397487,57689860.0,0.7226399925394168,0.03386556712915123,AAPL
2026-01-26,250.7973501838168,255.86356228737432,249.121917868832,254.71669006347656,55969200,0.029713062802263712,0.015890293290223307,248.55345153808594,259.92350540161135,268.64037445068357,32.52728986477004,54455140.0,1.0278038032773398,0.011236789686860593,AAPL
2026-01-27,258.4664899667647,261.2389423700868,257.5090739976807,257.56890869140625,49648300,0.01119761185346313,0.01633848282855307,250.86116943359374,259.16905746459963,268.3371987915039,43.58328460474151,48331300.0,1.0272494222170725,0.004685179581370491,AAPL
2026-01-28,256.9505880888889,258.1572949521919,253.81911240916085,255.74388122558594,41288000,-0.0070855891539567395,0.01639744708984192,252.61439819335936,258.30540771484374,268.0078955078125,43.85854727756459,45660560.0,0.9042377053632281,0.05291683728180985,AAPL
2026-01-29,257.29964922744847,258.94516415300217,253.7193980705993,257.5788879394531,67253000,0.007175173478534136,0.0165955392761415,254.59500732421876,257.56741790771486,267.7260626220703,48.820613151996355,51169500.0,1.314318099649205,0.043363867235284737,AAPL
2026-01-30,254.4773517832236,261.1890792690021,251.49546251262876,258.7756652832031,92443400,0.00464625557367615,0.01651245917352504,256.876806640625,256.9501007080078,267.56689697265625,50.16627333190303,61320380.0,1.5075477353532383,0.06555386534751029,AAPL
2026-02-02,259.3241194003358,269.7557160843994,258.50633807413067,269.27703857421875,73913400,0.04058099234146684,0.020195591204826856,259.78887634277345,256.9002349853516,267.6181579589844,61.417880954017456,64909220.0,1.1387195840590905,0.021851111838951276,AAPL
2026-02-03,268.4692659190308,271.1419837262723,266.88355520832346,268.7485046386719,64394700,-0.0019627887262330113,0.014914857848518204,262.02479553222656,257.0109329223633,267.6365081787109,59.92467643072631,67858500.0,0.9489555472048454,0.03206152014608543,AAPL
2026-02-04,271.55083028665655,278.19275421850585,271.55083028665655,275.7394104003906,90545700,0.026012817340576033,0.01569586077536354,266.0239013671875,257.71551208496095,267.84075134277344,67.0799880607284,77710040.0,1.1651737664785657,-0.005833812650179682,AAPL
2026-02-05,277.37501624935936,278.7412924914769,272.48832346973,275.1610412597656,52977400,-0.002097520770734884,0.016060247003957303,269.54033203125,258.4923980712891,267.9289123535156,68.7420978924905,74854920.0,0.707734374707768,-0.007154346425993219,AAPL
2026-02-06,276.3677049075235,280.1474248180158,276.1782182606431,277.364990234375,50453400,0.008009669408572728,0.01555426080766455,273.25819702148436,259.44380645751954,267.97279174804686,74.16050778307027,66456920.0,0.7591895622005955,-0.008493407635154715,AAPL
2026-02-09,277.41494619870406,277.70443813431814,271.2160169672847,274.13079833984375,44623400,-0.011660418612306933,0.015708357208370095,274.22894897460935,260.21705017089846,267.931044921875,84.22624346593328,60598920.0,0.7363728594503004,-0.04693746369417362,AAPL
2026-02-10,274.40031021957236,274.87943562430115,272.4537718732244,273.19244384765625,34376900,-0.003423017398520134,0.016001731243244978,275.11773681640625,260.8994964599609,267.8589617919922,81.93643300124288,54595360.0,0.6296670632815683,-0.06540476565493403,AAPL
2026-02-11,274.2106536370846,279.6808719096702,273.9610989943363,275.00921630859375,51931300,0.0066501563343039916,0.015327115930991144,274.97169799804686,261.6328887939453,267.79728515625,82.41572151273849,46872480.0,1.1079272955047397,-0.04217776348493296,AAPL
2026-02-12,275.09909064411113,275.22886395053104,259.7165366668213,261.2637939453125,81077200,-0.04998167896983208,0.023756672005057444,272.19224853515624,261.73336334228514,267.3759307861328,62.49810626852563,52492440.0,1.5445500342525513,0.010010288407133139,AAPL
2026-02-13,261.5432690161623,261.7628783299504,254.9949421084194,255.32435607910156,56290700,-0.022733490073462592,0.024925511565103864,267.78412170410155,261.6241264343262,266.77415557861326,50.560718819449214,53659900.0,1.04902729971543,0.018766042088128376,AAPL
2026-02-17,257.5903108294174,265.8156532326085,255.08478749757862,263.4099426269531,58469100,0.03166790145686926,0.023382613916349625,265.63995056152345,262.05280685424805,266.37478118896485,54.91506446882873,56429040.0,1.0361526618209347,0.002652635135111714,AAPL
2026-02-18,263.13045584681157,266.3447212846438,261.9825104325609,263.8791198730469,34203300,0.001781167564954833,0.0234123737092834,263.77728576660155,262.945246887207,266.05360321044924,57.00542378956779,56394320.0,0.6065025697623448,0.00692245250289969,AAPL
2026-02-19,262.13220471573277,264.00886051677537,259.5867290635135,260.11578369140625,30845300,-0.01426159138112626,0.021527026089108836,260.79859924316406,263.60214920043944,265.6954544067383,52.1143550999479,52177120.0,0.5911652463761894,0.04436277977735359,AAPL
2026-02-20,258.50868117461044,264.2783836675007,257.7001265171608,264.1086730957031,42070500,0.015350431056632585,0.022526764671044423,261.36757507324216,264.4237907409668,265.434914855957,54.2468165644121,44375780.0,0.9480509413017641,0.03647302795727403,AAPL
2026-02-23,263.0206001676805,268.95002088588865,262.91081074777924,265.705810546875,37308200,0.006047273769737682,0.022420168795130126,263.44386596679686,265.34074783325195,265.22047943115234,46.68619274350347,40579280.0,0.9193903883952599,0.025434013181651505,AAPL
2026-02-24,267.38283777638213,274.4003442568012,267.233111068832,271.6552429199219,47014600,0.02239105106810335,0.023687003075734056,265.0929260253906,266.1876754760742,265.0931198120117,52.450670378556126,38288380.0,1.2279077882114626,-0.02924980107506525,AAPL
2026-02-25,271.29586819299504,274.45024283739696,270.567157599074,273.74151611328125,33714300,0.007679856169661159,0.02380257391713575,267.0654052734375,266.99630584716795,265.0224447631836,48.16371122916655,38190580.0,0.8827909919147602,-0.034679076678362786,AAPL
2026-02-26,274.4602128097023,275.61811956353745,270.31758130113775,272.4637756347656,32345100,-0.004667689785084916,0.02374449253312235,269.5350036621094,267.83230056762693,264.9212289428711,47.552377254699095,38490540.0,0.8403389508175255,-0.03370574208848409,AAPL
2026-02-27,272.3240124520744,272.3240124520744,262.4217010495403,263.7093811035156,72366500,-0.03213048968015897,0.020001550315534914,269.45514526367185,268.1388252258301,264.7280990600586,38.92491753095806,44549740.0,1.6243978079333348,-0.006283596928168489,AAPL
2026-03-02,261.94253069595567,266.05518620599753,259.73647625260065,264.2484130859375,41827900,0.002044037948768729,0.018170198248386345,269.1636657714844,268.4124626159668,264.5357766723633,41.61870282016547,45453680.0,0.9202313212043557,-0.016734589136808697,AAPL
2026-03-03,263.0106738027697,265.08695529305965,259.6666350681776,263.2801818847656,38568900,-0.003664094667077511,0.015314615569429313,267.4886535644531,268.1126197814941,264.3793392944336,41.59762232928535,43764540.0,0.8812819693752065,-0.02384850643287806,AAPL
2026-03-04,264.17854815272653,265.67587606267574,260.95432154975975,262.0523376464844,39803100,-0.004663640952734749,0.015369504908158403,265.15081787109375,267.77781143188474,264.19136322021484,38.90600976839517,44982300.0,0.8848613788089982,-0.010056328623113453,AAPL
2026-03-05,260.3254337562426,261.09405110124777,256.79173142961054,259.8263244628906,49658600,-0.008494536639458317,0.014900445652573964,262.6233276367187,266.98215713500974,263.9293472290039,48.466749129260116,48445000.0,1.02505108886366,0.0020745857200425988,AAPL
2026-03-06,258.16927189629365,258.3090066542827,253.916851068475,257.0013427734375,41120000,-0.010872576884936036,0.014187070517136814,261.28171997070314,266.07417221069335,263.66468536376954,51.916027630491165,42195700.0,0.9745068810329015,0.013011701114538976,AAPL
2026-03-09,255.2345148744848,260.68477987096253,253.22808575123491,259.41705322265625,38218500,0.009399602442343502,0.014452104151428394,260.31544799804686,265.1767753601074,263.42061309814454,44.758913800217115,41473820.0,0.9215090387140611,-0.01585351019660075,AAPL
2026-03-10,257.19102845716964,262.01244158439727,256.4922936817907,260.3653564453125,30590800,0.003655516130785408,0.01188167873613859,259.73248291015625,264.48850326538087,263.16658599853514,45.44510861180231,39878200.0,0.7671058372745009,-0.041061215342585444,AAPL
2026-03-11,260.62486739620806,261.6630231774062,259.08760235948154,260.3453674316406,26218900,-7.677293916819039e-05,0.01125890141700535,259.3910888671875,263.8461494445801,262.92033599853517,50.329596764229876,37161360.0,0.7055419930809852,-0.030635164916832158,AAPL
2026-03-12,258.1992253881205,258.48871731031414,253.72719511663234,255.30438232421875,40794000,-0.01936268410362818,0.012142686424826746,258.4867004394531,262.8609077453613,262.56608612060546,37.729576798654634,35388440.0,1.1527493158782924,-0.005982143518849403,AAPL
2026-03-13,255.024890934378,255.87336762960538,249.07551643845036,249.6744384765625,36930000,-0.02205188879408504,0.010000572701017323,257.0213195800781,262.2814399719238,262.1128012084961,29.915028591441384,34550440.0,1.068872060674191,-0.0007196260951151112,AAPL
2026-03-16,251.66090222791988,253.43773019062647,249.4348789230203,252.36964416503906,32074200,0.010794880344667579,0.011052692709794764,255.6118377685547,262.1337043762207,261.73775390625,23.692833108331158,33321580.0,0.9625654005602375,-0.015267758962185685,AAPL
2026-03-17,252.5093881906664,254.67552076289968,251.7307636559193,253.77711486816406,32361600,0.0055770205952525576,0.011510320469382855,254.294189453125,261.6520629882813,261.4078091430664,22.253047762810823,33675740.0,0.9609766555983625,-0.024544694816841073,AAPL
2026-03-18,252.1799767808244,254.48585937367065,248.55643828829037,249.49476623535156,35757900,-0.01687444762321122,0.012257987603490726,252.1240692138672,260.9328453063965,261.0670135498047,20.53778581027416,35583540.0,1.0049000183792844,0.006201497667802647,AAPL
2026-03-19,248.95572868612365,251.38140795985734,246.85947863088072,248.5165252685547,34864100,-0.003920887726655109,0.012191233444739956,250.76649780273436,260.3528823852539,260.80438751220703,25.655829692347936,34397560.0,1.013563171341223,0.010764682200206765,AAPL
2026-03-20,247.53824109812177,248.75606899357115,245.56177255944445,247.54823303222656,88331100,-0.003896289131202657,0.011975690998342796,250.34125671386718,259.5248603820801,260.5628857421875,23.603698163700713,44677780.0,1.9770700334707767,0.01867009843422318,AAPL
2026-03-23,253.51758537106093,254.14646797882926,249.83415620831627,251.04200744628906,40546100,0.01411350980480508,0.012622836202194242,250.0757293701172,258.79167022705076,260.416989440918,32.08651102829339,46372160.0,0.8743629798568796,0.005566824166533868,AAPL
2026-03-24,249.90403139868116,254.37604644028636,249.10545347620703,251.1917266845703,45152300,0.0005963911769359953,0.012474315304561608,249.55865173339845,257.7684944152832,260.26750549316404,33.58480992806717,48930300.0,0.9227881292368941,-0.011285922738537457,AAPL
2026-03-25,253.6473574345128,254.5457480998694,251.15181088451408,252.16998291015625,28476700,0.003894460372950048,0.012657627146484818,250.09369506835938,256.68991775512694,260.1200347900391,37.97429036794742,47474060.0,0.5998370478530802,-0.02371148330906081,AAPL
2026-03-26,251.67088153367666,256.5421934269488,250.32329549316128,252.43951416015625,41796700,0.001068847476965784,0.011321711325928506,250.8782928466797,255.68870468139647,259.96199768066407,42.20939904562767,48860580.0,0.8554278315975783,0.0035587790914293205,AAPL
2026-03-27,253.4477020992108,255.03488128462607,247.6281009352486,248.35679626464844,47900000,-0.016173054004998577,0.010209118811054234,251.04000549316407,254.92107543945312,259.7440475463867,32.129041611008304,40774360.0,1.1747578625391055,0.02745173645305754,AAPL
2026-03-30,249.62453299565456,250.4230956915925,245.07264337813007,246.19065856933594,39446200,-0.008721878071757172,0.009664791886958549,250.06973571777343,254.01818771362304,259.51767883300784,27.964013817191216,40554380.0,0.972674221625383,0.03766776860129051,AAPL
2026-03-31,247.46837564153284,255.02488248828539,246.65982101631488,253.337890625,49598100,0.029031288584213888,0.013790231071681449,250.49896850585938,253.52107315063478,259.4877099609375,41.08233329449688,41443540.0,1.1967631143478574,0.01997704958792368,AAPL
2026-04-01,253.62737973002484,255.7236296181179,252.8787157917901,255.17462158203125,40059400,0.007250123353044202,0.012584858319669538,251.0998962402344,253.17718734741212,259.6705960083008,49.82020427027544,43760080.0,0.9154325129204517,-0.008332354648569296,AAPL
2026-04-02,253.74717405681358,255.6737439434535,250.20349485503914,255.464111328125,31289400,0.0011344770271390914,0.012406387519664247,251.70481567382814,252.95907669067384,259.84032348632815,59.41558796057797,41658620.0,0.751090650626449,0.011644181230354933,AAPL
2026-04-06,256.053045051996,261.6929736576745,256.003115847535,258.3988342285156,29329900,0.011487808933839494,0.01243346844287168,253.71322326660157,253.02895126342773,260.05478332519533,59.729312999880335,37944600.0,0.7729663772974283,0.006296877142455193,AAPL
2026-04-07,255.70368128016966,255.7436185540334,245.2623079794448,253.0484161376953,62148000,-0.02070604577917201,0.014157160160387653,255.08477478027345,252.71051940917968,260.1684182739258,48.95684433835325,42484960.0,1.4628235497926796,0.027534553187840594,AAPL
2026-04-08,257.98960165960847,259.2872736156141,256.0730086009651,258.43878173828125,41032800,0.02130171641798695,0.015555146311660726,256.1049530029297,252.61419067382812,260.24286010742185,62.409961590104466,40771900.0,1.0063990150078854,0.0011588799084421009,AAPL
2026-04-09,258.5386040524215,260.65482250105316,255.6138310165902,260.02593994140625,28121600,0.00614133139171158,0.01558639184305494,257.07521667480466,252.5982192993164,260.29200073242185,65.70413031321192,38384340.0,0.7326321098656379,-0.006372608276715153,AAPL
2026-04-10,259.5168819122501,261.7229364827484,258.5585701252562,260.0159912109375,31291500,-3.8260530741629495e-05,0.015606983477387213,257.9855926513672,252.83379974365235,260.37744293212893,67.46859728630612,38384760.0,0.8152063475191716,0.022842410815515635,AAPL
2026-04-13,259.2673359057164,259.71651601158027,256.2027973984465,258.73828125,36234700,-0.004913966848681062,0.014425888723234274,258.05348205566406,253.28699188232423,260.4006307983398,61.497224297799995,39765720.0,0.9112044243132025,0.016203533334843145,AAPL
2026-04-14,258.78816168339415,261.4633801130582,256.73183388682423,258.368896484375,48370700,-0.0014276386309766131,0.013873956070556677,259.117578125,253.58695449829102,260.39249542236325,60.651842592152256,37010260.0,1.3069538014593791,0.0440445052769638,AAPL
2026-04-15,257.7001261657452,266.08515659729386,257.35074355126085,265.95538330078125,49913500,0.02936300351797594,0.01393824099309602,260.6208984375,254.19586791992188,260.32606231689454,67.10430856517979,38786400.0,1.2868814842315863,0.02484696768472494,AAPL
2026-04-16,266.3246925362851,266.6840670491935,260.804545264895,262.9307556152344,43323100,-0.011372688335946068,0.014814686546938956,261.2018615722656,254.867667388916,260.20970733642577,62.18406325646015,41826700.0,1.035776190806351,0.010516480640318404,AAPL
2026-04-17,266.4844323486072,271.8149160854778,266.24486962975914,269.7486267089844,61436200,0.02593029133391722,0.016436072107188213,263.148388671875,255.9292724609375,260.08989166259767,73.35950207629281,47855640.0,1.2837818071182414,0.010879699264282117,AAPL
2026-04-20,269.84841238867654,273.7913879220191,269.80850557942483,272.5635681152344,36590200,0.010435424419368289,0.016397341026896557,265.9134460449219,257.1800392150879,260.037942199707,78.39638602951203,47926740.0,0.7634610657849876,0.001391724868869293,AAPL
2026-04-21,271.0163536236942,272.3140256362382,264.9272139873882,265.69586181640625,50209800,-0.025196714096157535,0.017234050053071208,267.37883911132815,257.91273193359376,259.8045596313477,63.386724284640366,48294560.0,1.0396574686672784,0.018371592504848877,AAPL
2026-04-22,267.3429346055621,273.2523721409737,266.39461467279705,272.68341064453125,43249200,0.026299050276339386,0.017821011946022147,268.7244445800781,258.9873161315918,259.7756118774414,67.06230933346339,46961700.0,0.9209462178754176,-0.020353788181469157,AAPL
2026-04-23,274.56001085217736,275.2787294551341,271.1660737405759,272.9429016113281,33399600,0.0009516199250387825,0.017876451050069703,270.72687377929685,260.0259620666504,259.77062103271487,67.0430401894911,44977000.0,0.7425928808057451,-0.009947681034209954,AAPL
2026-04-24,272.2741016414235,272.5735550213531,269.16962610782736,270.5771179199219,38157100,-0.008667687188198547,0.018348885549594622,270.8925720214844,260.9328422546387,259.6819790649414,62.00790540951237,40321180.0,0.9463289516824657,-0.003283342004772871,AAPL
2026-04-27,265.6159889280984,267.88193422863776,264.59781690250213,267.1332702636719,41466800,-0.012727786010601316,0.018934324520893307,269.8065124511719,261.87166595458984,259.7993685913086,64.43035382361816,41296500.0,1.0041238361604494,0.013975675572858837,AAPL
2026-04-28,271.8548539018017,272.7432830913257,268.181416710472,270.2277526855469,40018900,0.011584039752220443,0.019015768104451016,270.712890625,263.0735206604004,260.0974365234375,62.674407998734864,39258320.0,1.019373727658239,0.03483434959682419,AAPL
2026-04-29,267.07336249706583,270.55716597281076,266.56429174844374,269.688720703125,30047900,-0.001994732136373578,0.016964348815735712,270.11395263671875,263.8910621643066,260.22301208496094,60.628049484558225,36618060.0,0.8205759671593743,0.02465113226421156,AAPL
2026-04-30,270.018146234023,275.50834883767226,267.6623648300734,270.86663818359375,91848200,0.0043676927881808325,0.016354019759296356,269.6986999511719,264.67566299438477,260.3627624511719,61.63562559069239,48307780.0,1.9013127906105394,0.0472820462207284,AAPL
2026-05-01,278.36321169794013,286.7083346607987,277.87409435408995,279.6409606933594,79915400,0.03239351501021104,0.017447764762129038,271.5114685058594,265.8845054626465,260.7532659912109,69.31018986567369,56659440.0,1.4104516387736978,0.026308279517966993,AAPL
2026-05-04,279.16182884121525,280.13010214166496,274.3703610857382,276.33685302734375,46668400,-0.0118155353844559,0.017912297446150475,273.35218505859376,266.7814064025879,260.9978295898438,65.74529786348694,57699760.0,0.808814456073994,0.03832675538812458,AAPL
2026-05-05,276.43668191704,284.0630869835518,276.00745521106614,283.67376708984375,49311700,0.026550617415383337,0.01677528478830533,276.0413879394531,268.3126739501953,261.3571887207031,65.59480935845424,59558320.0,0.8279565306744717,0.03216271407581073,AAPL
2026-05-06,281.4177950537395,287.5168959460148,280.5693031693742,286.9978332519531,58336100,0.011717918777652159,0.01546434881452817,279.5032104492187,269.7406265258789,261.66404052734373,71.0715346846818,65215960.0,0.8945064981026117,0.0189198716125365,AAPL
2026-05-07,288.75467457606095,291.60959552514373,285.2709015174152,286.9279479980469,45224300,-0.0002435044652232543,0.01550570110951985,282.71547241210936,271.0857269287109,261.9277691650391,67.0564986747045,55891180.0,0.8091491358743902,0.02655025949114309,AAPL
2026-05-08,289.49338424193445,294.2349225642168,289.48339230776435,292.7974853515625,52692800,0.020456485310924144,0.015363496348389296,285.34677734375,272.7248016357422,262.334443359375,68.94042190698575,50446660.0,1.0445250488337583,0.019860047352681542,AAPL
2026-05-11,291.72841688276577,293.6267735875138,289.979924827367,292.42779541015625,42247300,-0.0012626131025762488,0.014010634951066794,288.5649658203125,274.40927734375,262.9088116455078,78.48876388415496,49562440.0,0.852405571638523,0.01889436682774881,AAPL
2026-05-12,292.3078994315659,295.0155556946294,292.3078994315659,294.54595947265625,45748100,0.007243374589372076,0.013994951328489979,290.739404296875,276.21813049316404,263.5147625732422,75.99760198112358,48849720.0,0.9365069032125466,0.018419380166068366,AAPL
2026-05-13,293.24708951115105,300.6607090744109,293.24708951115105,298.6124572753906,52684300,0.013805987391627639,0.013532469887535004,293.0623291015625,277.85098419189455,264.2214080810547,77.9903790351349,47719360.0,1.1040445638835055,-0.0034463189477127454,AAPL
2026-05-14,299.5616620172475,300.1911240450107,295.12548538387824,297.9530334472656,35324900,-0.002208293097152536,0.014005442635374768,295.26734619140626,279.6020980834961,264.9394219970703,81.00478488744247,45739480.0,0.7723065500526023,0.0025485170267300905,AAPL
2026-05-15,297.643304079477,302.93875555297063,296.26448829773227,299.9713134765625,54862800,0.006773819369938039,0.011505779852736042,296.7021118164063,281.113232421875,265.74232177734376,88.43195171169884,46173480.0,1.1881885445931302,0.006728141729047232,AAPL
2026-05-18,299.98126929450746,300.4009207908792,294.6558756451712,297.5833435058594,34483000,-0.007960661114649215,0.010847286826180164,297.73322143554685,282.3642211914063,266.5539617919922,82.55392678827462,44620620.0,0.7728041430172866,0.024006146518622096,AAPL
2026-05-19,296.7140952726279,300.2510533099592,296.09463441963413,298.7123718261719,42243600,0.0037939903054091673,0.008546716964551573,298.56650390625,284.01504669189455,267.3398681640625,84.06067729765698,43919720.0,0.9618367330210666,0.03294648345708251,AAPL
2026-05-20,297.9230626302997,302.5390768782648,297.82314269813475,301.98956298828125,38229800,0.010971059357449242,0.008486596106553744,299.24192504882814,285.48035430908203,268.1723522949219,84.80916051378391,41028820.0,0.9317791737612732,0.02011572018819696,AAPL
2026-05-21,300.80056674721834,305.27671719779084,300.1411318265125,304.7271728515625,42965100,0.00906524661379593,0.008340113851764572,300.5967529296875,287.06956787109374,269.0599884033203,82.4376423049756,42556860.0,1.009592813003591,0.01921384435119622,AAPL
2026-05-22,305.85620846339293,311.13165741506583,305.57645096183757,308.55389404296875,43670200,0.012557860054279724,0.00710919516430644,302.3132690429687,288.9684066772461,270.12497863769534,91.10262340271451,40318340.0,1.0831348711281268,0.011948734676373363,AAPL
2026-05-26,309.29325163060713,311.5513139598484,307.4048960873393,308.0643005371094,48000500,-0.001586735786880733,0.0071429869272564015,304.4094604492187,291.014958190918,271.29277587890624,87.70527920802915,43021840.0,1.1157240136637578,0.012097495990698537,AAPL
2026-05-27,308.0643052358437,312.9900803339556,308.0343323058515,310.5821533203125,50430900,0.008173140408717527,0.007177846851311016,306.7834167480469,293.0326782226563,272.4570260620117,87.3909808122359,44659300.0,1.1292362397081908,-0.014605160813099483,AAPL
2026-05-28,310.412282475935,312.5304508120942,309.30325358892543,312.24072265625,48220400,0.00534019523725493,0.006539017640963907,308.8336486816406,295.1602783203125,273.6262982177734,88.20665937647689,46657420.0,1.0334990661721115,0.008607727661544162,AAPL
2026-05-29,311.5113496628706,314.7285763294451,309.2632884033746,311.7911071777344,70026800,-0.0014399642515899869,0.006455523586117377,310.246435546875,297.20650177001954,274.8722250366211,84.27683485758533,52069760.0,1.344865042589019,-0.005768162954812195,AAPL
2026-06-01,309.363197507879,310.67206624496237,304.7571540774977,306.0460510253906,48849900,-0.01842597822736758,0.009634766602294164,309.7448669433594,298.5267562866211,276.0228155517578,70.58284141300366,53105700.0,0.9198617097599693,0.016062195437271498,AAPL
2026-06-02,307.1950545511415,315.1781903378333,306.42572903356995,314.92840576171875,44534700,0.029022935295418106,0.012138521973914488,311.11768798828126,300.45633392333986,277.3704190063477,75.5766788749956,52412540.0,0.8496955117992755,-0.024936591374798978,AAPL
2026-06-03,313.9092501546009,316.6668815001487,308.5838566628498,309.9926452636719,50836700,-0.01567264307615801,0.013917184149963902,310.9997863769531,301.77227783203125,278.5494317626953,63.97541505827681,52493700.0,0.9684343073549778,-0.028105387376192947,AAPL
2026-06-04,312.96009909963743,313.26982953176514,309.38316692864953,310.9618225097656,44869100,0.00312645238815068,0.013687285041301522,310.74400634765624,302.97047729492186,279.74483367919925,65.85479431674477,51823440.0,0.8658070556489496,-0.06644610184288935,AAPL
2026-06-05,312.5903972939029,314.8984348439246,306.8853260765596,307.0751647949219,65310500,-0.012498826008526143,0.014312751341327756,309.8008178710937,303.97783813476565,280.8429373168945,58.280867691243756,50880180.0,1.2836137765235893,-0.05127874621145456,AAPL
2026-06-08,308.4739595974908,317.1265012321255,300.9105055796523,301.2801818847656,77949100,-0.018871545388655542,0.014897369107338854,308.84764404296874,304.40197296142577,281.8197506713867,53.99225133209067,56700020.0,1.37476318350505,-0.01959948944268486,AAPL
2026-06-09,300.0212482417878,300.4908444635933,287.5320194610898,290.29962158203125,70108800,-0.036446341189923515,0.01838626795226406,303.92188720703126,304.29556427001955,282.6586071777344,42.508909069070896,61814840.0,1.1341742533022814,0.001996312655991428,AAPL
2026-06-10,290.4894628291428,294.4960172141002,287.1323727394638,291.3287353515625,52793300,0.0035450055495178656,0.01805152107031602,300.18910522460936,304.1347030639648,283.5613687133789,40.111214653793155,62206160.0,0.8486828314109085,0.016599275527798385,AAPL
2026-06-11,293.4668864344149,296.7440586571729,289.3404406054596,295.375244140625,42572500,0.01388983748609407,0.018845515036757944,297.07178955078126,303.97284240722655,284.4021157836914,41.530971631723126,61746840.0,0.6894684813020391,0.012211257198164738,AAPL
2026-06-12,295.7749221682621,296.88398158337014,289.3704417369658,290.879150390625,38742100,-0.015221633631081977,0.01902863663764915,293.83258666992185,303.61914825439453,285.11620635986327,34.1856266431039,56433160.0,0.6865130359526208,0.01655610726842527,AAPL
2026-06-15,293.8665449684006,297.5233947188816,291.4486474146935,296.1645812988281,45732600,0.018170538868479413,0.020027651415045065,292.80946655273436,303.42881164550784,285.93021575927736,40.194327984678274,49989860.0,0.9148375290508916,0.005363987280005311,AAPL
2026-06-16,294.99559499590845,300.2210994929347,293.71669913987887,298.9821472167969,39874400,0.009513514092780229,0.017318224924013477,294.5459716796875,303.4987518310547,286.741882019043,40.48828167031929,43942980.0,0.9074122874688972,-0.0074521434877264925,AAPL
2026-06-17,300.59074812548096,301.8096980081642,294.10632015937927,295.6949768066406,42745100,-0.010994537435617069,0.017060560742832555,295.4192199707031,303.34788208007814,287.59481323242187,36.785824833351604,41933340.0,1.019358343504238,-0.00557530637041781,AAPL
2026-06-18,297.8530937792582,300.31099586682666,295.3652492546472,297.7532043457031,85962200,0.006960644246616354,0.01729444996330742,295.8948120117187,303.13606414794924,288.3811016845703,39.06954993522436,50611280.0,1.6984790742300926,-0.016543167892430044,AAPL
2026-06-22,297.05381866220307,302.1594314563154,296.5043047694293,296.75408935546875,44879900,-0.003355513813629196,0.01704660052345679,297.0697998046875,302.7374099731445,289.11566467285155,42.18752164937026,51838840.0,0.8657581844038177,-0.07360028827530296,AAPL
2026-06-23,297.2836155142734,301.3800886038737,293.9264950024863,294.04638671875,52010900,-0.009124398732296202,0.01631924181907128,296.6461608886719,302.0120346069336,289.7962725830078,30.408683303365905,53094500.0,0.9795911064234525,-0.035745806674449154,AAPL
2026-06-24,295.1054570720635,299.4417438827621,292.68755959702736,292.8274230957031,53081900,-0.004145480706800209,0.01120696088550503,295.41521606445315,301.2501907348633,290.4780554199219,32.688415485415035,55736000.0,0.9523808669441653,-0.03869241505980647,AAPL
2026-06-25,287.1523472601469,288.55113481081804,273.5141152813601,274.91290283203125,107013700,-0.06117774105404383,0.022512196025252108,291.25880126953126,299.4667282104492,290.808935546875,22.904762931499164,68589720.0,1.560200274910001,0.05164455272921353,AAPL
2026-06-26,274.7630284991681,285.70360492137456,273.9737007161028,283.53546142578125,261775500,0.03136469225316163,0.02475521868802722,288.4152526855469,298.0314651489258,291.160537109375,33.48288371857974,103752380.0,2.523079470562507,0.037352933895461016,AAPL
2026-06-29,286.4829438934296,288.12151489662153,279.6088673150861,281.4972229003906,66427000,-0.007188654692930396,0.02447216103669816,285.36387939453124,296.5167709350586,291.5318664550781,35.34634056362454,108061800.0,0.6147130623402535,0.09544258025795682,AAPL
2026-06-30,280.9277417485351,289.69017405322865,280.45814550695326,289.11065673828125,65100200,0.027046212958856453,0.02546597837291096,284.3767333984375,295.6700012207031,291.9191070556641,49.07307129356993,110679660.0,0.5881857605995537,0.08052258608099283,AAPL
2026-07-01,293.1871503157195,296.33442991747245,288.95081360688545,294.1263427734375,50164200,0.017348672275670385,0.025978712109633442,284.6365173339844,294.62989807128906,292.3503625488281,52.05340391255966,110096120.0,0.4556400352709977,0.05530263131136426,AAPL
2026-07-02,293.866538367699,309.15337194761725,293.4269150966668,308.3640441894531,75352800,0.04840675364798175,0.03000209011668718,291.3267456054688,294.5484680175781,293.20372619628904,58.29293869666554,103763940.0,0.7261944756531026,0.015423070554990925,AAPL
2026-07-06,307.0951430290638,313.9292760509671,306.7354678654279,312.3905944824219,53590000,0.01305778143996239,0.030116823961544126,297.0977722167969,294.6199066162109,293.99786987304685,63.817222743854266,62126840.0,0.8625901462234358,0.01138611515848087,AAPL
2026-07-07,315.0183186077797,315.20815732134815,309.88273318392555,310.3923034667969,42490000,-0.006396770744445224,0.030228228954672563,302.8767883300781,294.7857635498047,294.7468579101562,59.541669770720276,57339440.0,0.7410257233066804,0.015000390819526421,AAPL
2026-07-08,311.6412289475945,314.5487250421545,306.7854009831778,313.1199645996094,41323500,0.008787785980344909,0.029831702807072636,307.67864990234375,295.37775268554685,295.59771484375,59.49282323318427,52584100.0,0.7858554201745395,0.012508290437476921,AAPL
2026-07-09,310.24243869469103,316.2572401947346,307.8944576262147,315.947509765625,48124500,0.00903022957872146,0.029588939249706583,312.0428833007812,296.66014709472654,296.5739996337891,63.682998389713966,52176160.0,0.9223465276095443,-0.004300795675211244,AAPL
2026-07-10,314.4488202226986,316.6369356310425,311.9010296470402,315.0483093261719,34132300,-0.002846043762522954,0.017851584396369583,313.379736328125,297.846125793457,297.47041076660156,61.870814928514456,43932060.0,0.7769337472451782,0.038627392271789907,AAPL
2026-07-13,316.7468014245228,323.171283634363,315.5078797345754,317.03656005859375,43257800,0.006310939222858858,0.016852200687345453,314.3089294433594,298.92919158935547,298.41736755371096,63.73475491306353,41865620.0,1.033253538344828,0.05026637714568216,AAPL
2026-07-14,313.48965629761443,315.91755515351207,311.64124426456783,314.58868408203125,36336800,-0.007721115748007379,0.016918016230789642,315.14820556640626,300.11466827392576,299.2918084716797,63.95982669101111,40634980.0,0.894224631093703,0.059963086565360646,AAPL
2026-07-15,317.34631234952286,328.44675508114506,317.0465830462295,327.2178039550781,60957600,0.04014486379221993,0.018686997556347784,317.9677734375,301.6673294067383,300.24334533691405,70.23281751711588,44561800.0,1.3679339703512874,-0.0027787018666657337,AAPL
2026-07-16,327.72736328456057,334.3915986652446,326.50841333986017,332.97283935546875,62970600,0.017587781993612772,0.01869388306327946,321.3728393554687,303.3668640136719,301.3760650634766,89.86146496815286,47531020.0,1.324831657305061,-0.01656368969834987,AAPL
2026-07-17,331.693929977533,334.7013154010385,328.71648699084636,333.452392578125,63407100,0.0014402172368908062,0.014025315495550281,325.05365600585935,305.2547348022461,302.3716375732422,88.58513755148451,53385980.0,1.1877107060692713,-0.023521200801569164,AAPL
2026-07-20,333.2226134619852,333.4224228207836,323.4010672140761,326.3085632324219,53468000,-0.02142383591993391,0.016624949069894316,326.908056640625,306.68250274658203,303.15785217285156,82.10453589403858,55428020.0,0.9646384626403758,-0.015095283329525366,AAPL
2026-07-21,322.85156758462244,329.3159936819017,321.94234806189104,327.45758056640625,41338900,0.0035212601306020552,0.016193457037191536,329.4818359375,308.2176773071289,303.96844482421875,80.27771941221488,56428440.0,0.7325898075509442,0.016110336035071393,AAPL
2026-07-22,327.58746619388995,328.7164973399543,323.0613709608057,325.60919189453125,38755900,-0.005644666001250687,0.016506336297541353,329.1601135253906,309.79581756591796,304.62467895507814,76.16679298194352,51988100.0,0.7454763686305135,0.03381507132157813,AAPL
2026-07-23,321.4527900194849,323.0214140443725,319.0748358849152,321.3828430175781,40840800,-0.012979820539962161,0.0172190407676071,326.8421142578125,311.22358856201174,305.2037799072266,62.980721832807326,47562140.0,0.8586829776793055,0.05726529480899045,AAPL
2026-07-24,321.5127284115298,334.0818750563203,321.3428614810286,332.7330322265625,47489400,0.03531672413627751,0.02005999385208693,326.6982421875,314.1145950317383,305.9675213623047,67.69821584367352,44378600.0,1.0700968484810247,0.01552463194520115,AAPL
2026-07-27,334.2517370375488,339.277401491225,333.73216560461384,336.61968994140625,49604300,0.011681009513348384,0.020151168774759344,328.7604675292969,316.76880645751953,306.727666015625,72.09229511610152,43605860.0,1.1375604104585944,-0.010329224247925262,AAPL
2026-07-28,339.73698155301014,342.59453283396704,335.31080637618777,339.78692626953125,51859000,0.009408945533389002,0.01955632375576996,331.22633666992186,319.68329162597655,307.5643438720703,72.29744384830789,45709880.0,1.1345249648434867,-0.09165478279503991,AAPL
2026-07-29,339.43727163464206,344.2730974331505,337.0593175600121,337.8985900878906,56090800,-0.005557412706758247,0.0162447556924965,333.68421630859376,322.12268829345703,308.32288940429686,68.64716157522219,49176860.0,1.140593360373151,-0.10281197309203605,AAPL
2026-07-30,332.8129674612056,334.4615395264105,329.30598233808786,333.1426696777344,74817800,-0.014074993355015719,0.01624377834829771,336.036181640625,324.07350463867186,309.03407592773436,64.42568866267328,55972260.0,1.336694283918498,-0.07212905624087895,AAPL
2026-07-31,304.54735603914753,310.4222943774597,299.7415030462749,308.6438293457031,132489100,-0.07353858440208272,0.028370004469080605,331.2183410644531,324.0874938964844,309.232705078125,45.076211275337066,72972200.0,1.8156106023937884,0.0067657137523469135,AAPL
2026-08-03,309.313234694189,311.5313230344714,302.29929450581176,303.1585693359375,75052000,-0.017772135672998512,0.028191363092246173,324.5261169433594,323.62589263916016,309.25608520507814,43.52502190354419,78061740.0,0.9614441082148566,0.029628846676531984,AAPL
2026-08-04,302.46913991298527,310.1525156602479,301.0603512911937,309.1134033203125,68001000,0.019642637836096544,0.02929686774848354,318.39141235351565,323.56194763183595,309.34380981445315,38.90518241286871,81290140.0,0.8365221169504691,0.012767463965940307,AAPL
2026-08-05,309.09342362565195,311.4414048335362,305.40663118634393,310.7320251464844,49438800,0.005236336596166957,0.02948623412636685,312.9580993652344,323.4425506591797,309.38737243652344,35.64238660573109,79959740.0,0.6182961575412826,-0.00795545737422465,AAPL
2026-08-06,314.06913775686996,316.0174696892129,308.96355554648414,312.14080810546875,46139900,0.004533755277783991,0.02943107764367163,308.7577270507812,323.25221557617186,309.4689025878906,36.405352686271385,74224160.0,0.621629129922117,-0.02316520062611027,AAPL
2026-08-07,311.1816431226555,314.53873325457766,310.47223295908327,313.05999755859375,34437200,0.0029447910342259576,0.02643575211269186,309.6409606933594,323.15279998779295,309.5184594726563,40.819704786841484,54613780.0,0.6305588076855329,-0.03453011449209664,AAPL
2026-08-10,306.8299865722656,308.260009765625,304.6099853515625,308.260009765625,44812500,-0.015332485243728322,0.025829946979422383,310.6612487792969,322.7139724731445,309.43884521484375,37.33813024939455,48565880.0,0.9227157008171168,-0.009732044069812873,AAPL
2026-08-11,307.75,309.9700012207031,302.7900085449219,304.9100036621094,37476700,-0.010867469011185404,0.025056441364858902,309.82056884765626,322.23003845214845,309.30122314453126,36.61290150676923,42461020.0,0.8826142188765131,0.003345213346303222,AAPL
2026-08-12,305.1000061035156,305.6600036621094,300.57000732421875,302.25,41657800,-0.008723897642456846,0.025007300705134152,308.12416381835936,320.98164825439454,309.2253021240234,37.370037973791035,40904820.0,1.0184080995833742,0.011050442805262684,AAPL
2026-08-13,304.2099914550781,306.0,302.04998779296875,305.260009765625,40349300,0.009958675816790663,0.025799419896350286,306.7480041503906,319.5960067749023,309.03193420410156,29.620534218566362,39746700.0,1.0151610070773172,0.015625987227525284,AAPL
2026-08-14,306.0,307.489990234375,304.29998779296875,305.92999267578125,28229400,0.002194794236790587,0.011948567021127642,305.32200317382814,318.21988677978516,308.95068115234375,26.09353010535925,38505140.0,0.7331332907762445,0.03562904637478925,AAPL
2026-08-17,306.2099914550781,307.6600036621094,302.94000244140625,305.5899963378906,38169300,-0.0011113534012042736,0.010380623552036962,304.7880004882812,317.18395843505857,308.84324462890623,22.134079896072734,37176500.0,1.0267050421637325,0.018685138661294953,AAPL
2026-08-18,307.5799865722656,311.489990234375,305.739990234375,310.0299987792969,53424500,0.014529279409058127,0.009434782864778932,305.81199951171874,316.3125793457031,308.90234130859375,28.19749313596752,40366060.0,1.3235004853086973,-0.0021933125131717857,AAPL
2026-08-19,310.1400146484375,319.2799987792969,309.6000061035156,316.8299865722656,50505600,0.021933322000267097,0.01162220160373523,308.7279968261719,315.87361907958984,309.21333740234377,37.63356977276829,42135620.0,1.1986438077806854,-0.020484141367391406,AAPL
2026-08-20,317.4599914550781,320.2799987792969,310.6499938964844,311.29998779296875,40959200,-0.017454152112068244,0.013079410085744316,309.9359924316406,315.3694763183594,309.6333447265625,52.826502491785526,42257600.0,0.969274166067169,-0.004497250084749216,AAPL
2026-08-21,312.04998779296875,312.3800048828125,307.010009765625,309.3500061035156,46876800,-0.006263995393247401,0.01315789819194928,310.6199951171875,314.20032501220703,309.99377014160154,57.124556209900874,45987080.0,1.0193471731625492,0.013253615718836098,AAPL
2026-08-24,311.4700012207031,313.3599853515625,309.9700012207031,310.3399963378906,34673600,0.0032002269754076718,0.012203203478284663,311.5699951171875,312.88634033203124,310.2930651855469,51.59353498894242,45287940.0,0.7656254623195491,0.013662403442702198,AAPL
2026-08-25,310.7900085449219,313.5899963378906,308.2099914550781,309.8999938964844,25869800,-0.0014178077160482694,0.011553091933220842,311.543994140625,311.3919937133789,310.67348205566407,48.88491344827755,39777000.0,0.6503708173064836,0.03162316393533193,AAPL
2026-08-26,310.29998779296875,315.42999267578125,308.79998779296875,313.45001220703125,34024500,0.011455367474878742,0.011292474694925501,310.8679992675781,310.16956481933596,311.0191906738281,51.65935621620367,36480780.0,0.9326692027966508,0.010847005149384747,AAPL
2026-08-27,310.54998779296875,315.3999938964844,309.3999938964844,314.5799865722656,32419200,0.003604958753321119,0.011078065676988496,311.5239990234375,309.2414306640625,311.3311474609375,51.91627737332993,34772780.0,0.9323154490380119,0.033536838835497074,AAPL
2026-08-28,316.8500061035156,322.3699951171875,315.45001220703125,319.70001220703125,38649400,0.01627575132974779,0.011824612198589024,313.5940002441406,309.7942398071289,311.8112481689453,64.30716361948728,33127300.0,1.1666933314818895,0.01645285907790517,AAPL
2026-08-31,319.6000061035156,321.239990234375,312.79998779296875,316.8500061035156,41242700,-0.008914626195478559,0.012473889237520694,314.8960021972656,310.4788116455078,312.19318420410156,65.12159111990601,34441120.0,1.1974842862253028,0.03585288033054712,AAPL
2026-09-01,316.9800109863281,327.29998779296875,314.7300109863281,325.1300048828125,53167400,0.02613223487390992,0.014035550669644221,317.94200439453124,311.27964172363284,312.7607025146484,75.36587280320686,39900640.0,1.332494917374759,-0.015870585872162724,AAPL
2026-09-02,326.8699951171875,328.3999938964844,323.5299987792969,324.9599914550781,33776400,-0.000522909067699362,0.012735778492859043,320.24400024414064,311.9910400390625,313.378974609375,73.30808254048492,39851020.0,0.8475667624065834,-0.026895588577657836,AAPL
2026-09-03,324.8699951171875,330.80999755859375,324.1099853515625,328.2099914550781,37225800,0.010001231183714099,0.010731614574395868,322.9700012207031,312.794499206543,314.0866259765625,74.84389005231682,40812340.0,0.9121211868763223,-0.0392126853302972,AAPL
2026-09-04,328.30999755859375,328.92999267578125,317.8599853515625,319.9700012207031,39606900,-0.025105848234065142,0.014118035236544901,323.0239990234375,313.13999938964844,314.9877679443359,63.63292334612518,41003840.0,0.9659314834903268,0.020626952771623186,AAPL
2026-09-08,317.1000061035156,320.70001220703125,314.8999938964844,316.2200012207031,35477100,-0.011719848691107093,0.014915665632855214,322.897998046875,313.53799896240236,315.6414587402344,55.946209311352064,39850720.0,0.8902499126740997,0.05075576412311378,AAPL
2026-09-09,315.489990234375,319.1499938964844,309.8999938964844,315.3399963378906,65640000,-0.0027828881140200545,0.014956396826295806,320.93999633789065,314.0594985961914,316.31831420898436,48.38500967194764,42345240.0,1.550115195946463,0.05625670844292907,AAPL
2026-09-10,316.6700134277344,326.739990234375,316.510009765625,326.57000732421875,70011900,0.03561239017170226,0.01826622249582912,321.2619995117187,315.27549896240237,317.06750122070315,64.73086484303148,49592340.0,1.4117482659620417,0.01460632913829163,AAPL
2026-09-11,327.45001220703125,336.2200012207031,326.29998779296875,332.2699890136719,50716900,0.017454088133066703,0.018730317561887026,322.0739990234375,316.62599792480466,317.8303741455078,70.61890595778934,52290560.0,0.9699054666846176,0.0004213881875192449,AAPL
2026-09-14,334.7900085449219,335.5,331.3399963378906,333.0799865722656,39269100,0.0024377692400032736,0.018365097080922637,324.69599609375,317.9834976196289,318.32469299316404,70.52344784581248,52223000.0,0.7519502901020623,0.011768985186036973,AAPL
2026-09-15,330.1400146484375,331.7799987792969,328.3500061035156,331.3399963378906,31748200,-0.005223941108804753,0.018106197742902074,327.7199951171875,319.27099761962893,318.70368103027346,68.9065236556929,51477220.0,0.6167427067739867,0.014456475517181877,AAPL
2026-09-16,332.5299987792969,335.4800109863281,330.70001220703125,332.4100036621094,35981000,0.0032293334219983816,0.016457318088084028,331.1339965820313,320.3899978637695,319.1440350341797,67.48431485449555,45545420.0,0.7900025952115493,0.019764770168881896,AAPL
2026-09-17,334.7699890136719,338.3399963378906,330.17999267578125,337.0,36700200,0.01380823768034456,0.01680090946201607,333.2199951171875,321.39849853515625,319.6216357421875,69.43481658509073,38883080.0,0.943860414349892,0.008160237388723957,AAPL
2026-09-18,337.9100036621094,338.489990234375,332.5299987792969,336.1300048828125,86588200,-0.0025815878848294282,0.016753584045410847,333.99199829101565,322.63999938964844,320.02528564453127,65.37525259967764,46057340.0,1.8800087021960017,0.002647737833370911,AAPL
2026-09-21,335.2799987792969,339.6400146484375,333.04998779296875,338.9800109863281,34999200,0.0084788803799567,0.013687610677806892,335.1720031738281,324.1214996337891,320.50391967773436,70.70934673068334,45203360.0,0.7742610283837308,-0.009027073748950842,AAPL
2026-09-22,340.1400146484375,345.3399963378906,338.75,339.75,40711800,0.002271487960105567,0.012338251924198063,336.85400390625,325.59199981689454,320.9581884765625,65.91899015488741,46996080.0,0.8662807621401615,0.0038852312706953995,AAPL
2026-09-23,341.0799865722656,341.79998779296875,335.5,337.0199890136719,31658800,-0.008035352424806796,0.012912227281909749,337.7760009765625,326.94799957275393,321.4068145751953,62.438121304903966,46131640.0,0.6862708544504379,0.004094727101651374,AAPL
2026-09-24,336.7200012207031,338.9100036621094,334.29998779296875,335.9200134277344,24733100,-0.0032638289175568325,0.008274828440252603,337.56000366210935,328.0714996337891,321.58085876464844,58.320774105154996,43738220.0,0.5654802595990418,-0.019409440553182833,AAPL
2024-12-09,397.6099853515625,404.79998779296875,378.010009765625,389.7900085449219,96359200,0.0014644862094215227,0.02937926253974085,371.57000122070315,346.47050018310546,286.65820068359375,72.30233888267456,73659340.0,1.3081735459481445,0.07262884357727484,TSLA
2024-12-10,392.67999267578125,409.7300109863281,390.8500061035156,400.989990234375,97563600,0.02873337295448497,0.023861558018596796,381.48399658203124,349.0199996948242,289.445400390625,73.22410682064236,81518620.0,1.1968259521566975,0.08788254472725288,TSLA
2024-12-11,409.70001220703125,424.8800048828125,402.3800048828125,424.7699890136719,104287600,0.05930322291934931,0.026216375371927003,394.85199584960935,353.83399963378906,292.780400390625,79.93489725372493,92213960.0,1.1309307180821646,0.09004873458413942,TSLA
2024-12-12,424.8399963378906,429.29998779296875,415.0,418.1000061035156,87752200,-0.015702575706076027,0.02620220619509834,404.5739990234375,358.2270004272461,296.1620004272461,77.53370740670852,93483680.0,0.9386900472895376,0.14771580566003628,TSLA
2024-12-13,420.0,436.29998779296875,415.7099914550781,436.2300109863281,89000200,0.04336284290396253,0.026651475731749925,413.9760009765625,364.47950134277346,300.07340057373045,78.3262454842987,94992560.0,0.9369175859667326,0.008940223731206398,TSLA
2024-12-16,441.0899963378906,463.19000244140625,436.1499938964844,463.0199890136719,114083800,0.06141250567967771,0.02907532988362419,428.6219970703125,371.59450073242186,304.3322003173828,88.76084970914071,98537480.0,1.1577706269736145,-0.05798880442102183,TSLA
2024-12-17,475.8999938964844,483.989990234375,457.510009765625,479.8599853515625,131223000,0.036369912179738284,0.024981922753013273,444.39599609375,378.65050048828124,309.112799987793,90.01075073216194,105269360.0,1.2465450535654439,-0.12253571789256357,TSLA
2024-12-18,466.5,488.5400085449219,427.010009765625,440.1300048828125,149340800,-0.0827949436951747,0.04418350954681877,447.46799926757814,383.35700073242185,313.02540008544923,75.36665003488056,114280000.0,1.3067973398669934,-0.021652690508647043,TSLA
2024-12-19,451.8800048828125,456.3599853515625,420.0199890136719,436.1700134277344,118566100,-0.008997322180141931,0.04501372920834072,451.0820007324219,388.0640014648437,316.92780029296875,72.40854414524134,120442780.0,0.9844184931633095,0.059861944993356175,TSLA
2024-12-20,425.510009765625,447.0799865722656,417.6400146484375,421.05999755859375,132216200,-0.034642491239586515,0.04584814222065825,448.047998046875,392.13500061035154,320.5736001586914,65.50788596763405,129085980.0,1.0242491090047114,0.07853989340228607,TSLA
2024-12-23,431.0,434.510009765625,415.4100036621094,430.6000061035156,72698100,0.022657123925894362,0.04595844643001552,441.5640014648437,396.03700103759763,324.82960021972656,68.84161848367734,120808840.0,0.6017614273922339,0.0024616756701552056,TSLA
2024-12-24,435.8999938964844,462.7799987792969,435.1400146484375,462.2799987792969,59551800,0.07357174228224572,0.0499021121681535,438.0480041503906,402.221501159668,329.69200012207034,72.17476930228491,106474600.0,0.559305223968909,-0.09706237612631274,TSLA
2024-12-26,465.1600036621094,465.3299865722656,451.0199890136719,454.1300048828125,76366400,-0.017629994630971146,0.048295285951324596,440.84800415039064,408.01650085449216,334.38320007324216,68.25082696760646,91879720.0,0.8311562116210193,-0.11073923326845392,TSLA
2024-12-27,449.5199890136719,450.0,426.5,431.6600036621094,82666800,-0.04947922616674816,0.051211661086179715,439.9460021972656,412.95500030517576,338.5898001098633,59.04441530244565,84699860.0,0.975996890667824,-0.12134551368769853,TSLA
2024-12-30,419.3999938964844,427.0,415.75,417.4100036621094,64941000,-0.03301209257078741,0.05044178391021922,439.21600341796875,416.56750030517577,342.5202001953125,55.56182103592152,71244820.0,0.9115189006021771,-0.016698213170629472,TSLA
2024-12-31,423.7900085449219,427.92999267578125,402.5400085449219,403.8399963378906,76825100,-0.03251001941775111,0.04557202578731698,433.86400146484374,418.9050003051758,346.1830001831055,50.56847780843158,72070220.0,1.0659756554094049,0.017853584390996158,TSLA
2025-01-02,390.1000061035156,392.7300109863281,373.0400085449219,379.2799987792969,109710700,-0.06081615932376483,0.04430253948932034,417.2640014648438,420.2979995727539,349.39160003662107,40.95446429351641,82102000.0,1.3362731723953132,0.039759509124657644,TSLA
2025-01-03,381.4800109863281,411.8800048828125,379.45001220703125,410.44000244140625,95423300,0.08215567328200035,0.04968396689428526,408.5260009765625,422.92350006103516,353.24100006103515,48.612016300374215,85913380.0,1.1106919550831313,-0.037764350228539856,TSLA
2025-01-06,423.20001220703125,426.42999267578125,401.70001220703125,411.04998779296875,85516500,0.0014861742226248698,0.049721242589972084,404.40399780273435,425.00149993896486,357.18899993896486,45.12808067638927,86483320.0,0.98882073444914,-0.03967886642246665,TSLA
2025-01-07,405.8299865722656,414.3299865722656,390.0,394.3599853515625,75699500,-0.040603340073111505,0.05015233237149743,399.793994140625,425.2584991455078,359.86659942626954,36.17509462084621,88635020.0,0.8540585876778727,0.022695031289882373,TSLA
2025-01-08,392.95001220703125,402.5,387.3999938964844,394.94000244140625,73038800,0.0014707807875757872,0.04927436124220638,398.0139953613281,425.51599884033203,362.38159942626953,31.703011332507998,87877760.0,0.8311408938962486,0.0035954395639294923,TSLA
2025-01-10,391.3999938964844,399.2799987792969,377.2900085449219,394.739990234375,62287300,-0.0005064369418008585,0.0405157851056663,401.1059936523437,425.20349884033203,365.02619903564454,38.21222465549839,78393080.0,0.7945509986340631,0.0848153514075165,TSLA
2025-01-13,383.2099914550781,403.7900085449219,380.07000732421875,403.30999755859375,67580500,0.021710512074366584,0.04210485224158064,399.67999267578125,424.1304992675781,367.901999206543,41.66581912835909,72824520.0,0.9279910118185468,0.026059383177323925,TSLA
2025-01-14,414.3399963378906,422.6400146484375,394.5400085449219,396.3599853515625,84565000,-0.017232432245921525,0.040014227514734366,396.7419921875,423.04349822998046,370.67819915771486,43.46491512794998,72634220.0,1.1642583895029093,0.07604202180425457,TSLA
2025-01-15,409.8999938964844,429.79998779296875,405.6600036621094,428.2200012207031,81375500,0.08038151439752794,0.04744766608264781,403.5139953613281,422.6429977416992,374.24559906005857,49.436818662368495,73769420.0,1.103106138017623,-0.009691265902233015,TSLA
2025-01-16,423.489990234375,424.0,409.1300048828125,413.82000732421875,68335200,-0.03362756026209679,0.047543264919685885,407.2899963378906,420.18299865722656,377.5423992919922,37.51160216614664,72828700.0,0.9383004227728904,0.003117244223363791,TSLA
2025-01-17,421.5,439.739990234375,419.75,426.5,94991400,0.030641323404759335,0.042318273826882274,413.6419982910156,417.51499938964844,381.21559936523437,43.042055379515304,79369520.0,1.1968246752657696,-0.03310667084920871,TSLA
2025-01-21,432.6400146484375,433.20001220703125,406.30999755859375,424.07000732421875,87320900,-0.00569752092797482,0.034705652464878604,417.79400024414065,416.7119995117188,384.66819946289064,47.87407018511417,83317600.0,1.0480486715891961,-0.04124323920550532,TSLA
2025-01-22,416.80999755859375,428.0,414.5899963378906,415.1099853515625,60963300,-0.021128638710367298,0.035598665974340034,421.54400024414065,415.6589981079102,387.1997991943359,49.33609932920196,78597260.0,0.7756415427204459,-0.04326562137470036,TSLA
2025-01-23,416.05999755859375,420.7300109863281,408.95001220703125,412.3800048828125,50690600,-0.006576523247056931,0.032624741410531864,418.3760009765625,415.2249984741211,389.50919921875,52.6296362492668,72460280.0,0.6995639542104999,-0.03465252528182772,TSLA
2025-01-24,414.45001220703125,418.8800048828125,405.7799987792969,406.5799865722656,56427100,-0.014064741844588391,0.03317375478502946,416.92799682617186,414.0239974975586,391.2163989257813,59.50423935359366,70078660.0,0.8051966176293897,-0.04299272233273854,TSLA
2025-01-27,394.79998779296875,406.69000244140625,389.0,397.1499938964844,58125500,-0.023193450212053546,0.034228817160450176,411.05799560546876,410.76749725341796,392.1593988037109,44.548361793278225,62705480.0,0.9269604506655559,0.007881165632419362,TSLA
2025-01-28,396.9100036621094,400.5899963378906,386.5,398.0899963378906,48910700,0.0023668700890153715,0.03347424127089446,405.86199340820315,407.9654968261719,393.55139892578126,44.69809161610994,55023440.0,0.8889066187065003,0.016353110667215676,TSLA
2025-01-29,395.2099914550781,398.5899963378906,384.4800109863281,389.1000061035156,68033600,-0.02258280870425211,0.03380694599907614,400.6599975585938,405.8374969482422,394.72859924316407,47.70346797534398,56437500.0,1.2054679955703211,-0.01392961537577675,TSLA
2025-01-30,410.7799987792969,412.5,384.4100036621094,400.2799987792969,98092900,0.028732954254456988,0.021716771353453568,398.2399963378906,404.9809967041016,396.5105993652344,52.133949506004114,65917960.0,1.4881058212359728,-0.0201609057380564,TSLA
2025-01-31,401.5299987792969,419.989990234375,401.3399963378906,404.6000061035156,83283600,0.010792463618949588,0.020032002499199942,397.8440002441406,405.0189971923828,398.1881994628906,53.81461400724498,71289260.0,1.1682489059361816,-0.06532375748165264,TSLA
2025-02-03,386.67999267578125,389.1700134277344,374.3599853515625,383.67999267578125,93732100,-0.05170542044525339,0.02192641708302855,395.15,405.238996887207,399.0869995117188,43.0680128682897,78410580.0,1.1954011818303092,-0.024395291728104063,TSLA
2025-02-04,382.6300048828125,394.0,381.3999938964844,392.2099914550781,57072200,0.022232065633156273,0.02423581730802944,393.9739990234375,404.32749633789064,400.0111993408203,48.550676291380285,80042880.0,0.7130203211078862,-0.0779939241843467,TSLA
2025-02-05,387.510009765625,388.3900146484375,375.5299987792969,378.1700134277344,57223300,-0.035797094243459227,0.025559233390943202,391.7880004882812,402.6834976196289,400.73399963378904,30.035900462279926,77880820.0,0.7347547188126679,-0.07255996368588291,TSLA
2025-02-06,373.0299987792969,375.3999938964844,363.17999267578125,374.32000732421875,77918200,-0.010180622383618276,0.025546990809109518,386.59600219726565,401.6814987182617,401.4275994873047,32.79616541805099,73845880.0,1.0551462045005084,-0.12240865149516722,TSLA
2025-02-07,370.19000244140625,380.54998779296875,360.3399963378906,361.6199951171875,70298300,-0.0339282217314959,0.02670131330698967,378.0,400.01549835205077,401.6087994384766,21.747082065754455,71248820.0,0.9866591474778109,-0.06943749153977308,TSLA
2025-02-10,356.2099914550781,362.70001220703125,350.510009765625,350.7300109863281,77514900,-0.030114441341470455,0.027129352317189496,371.4100036621094,397.81499938964845,401.85159973144533,20.254705927930686,68005380.0,1.139834818951089,0.01485470673133027,TSLA
2025-02-11,345.79998779296875,349.3699951171875,325.1000061035156,328.5,118543400,-0.06338211812502892,0.030953396971702365,358.6680053710937,394.0744995117187,401.65699951171877,18.286344527955265,80299620.0,1.476263524036602,0.08322677728429406,TSLA
2025-02-12,329.94000244140625,346.3999938964844,329.1199951171875,336.510009765625,105382700,0.0243835913717656,0.0337203039435731,350.33600463867185,391.0820007324219,401.7293994140625,23.253195383482606,89931500.0,1.171810767083836,0.05230149200671819,TSLA
2025-02-13,345.0,358.69000244140625,342.8500061035156,355.94000244140625,89441500,0.05773971683431944,0.03867798504080944,346.6600036621094,387.468000793457,401.94499938964844,33.71285638932628,92236160.0,0.969701036990265,0.01297970187531261,TSLA
2025-02-14,360.6199951171875,362.0,347.5,355.8399963378906,68277300,-0.0002809633725618932,0.03813964304864088,345.50400390625,384.5690002441406,401.9199993896484,35.86532670284865,91831960.0,0.7435025888590421,-0.004046769492541458,TSLA
2025-02-18,355.010009765625,359.1000061035156,350.0199890136719,354.1099853515625,51631700,-0.004861766535893763,0.03552209824941331,346.17999877929685,380.9494995117187,401.973798828125,35.032668470330435,86655320.0,0.5958283923018229,-0.04605912917818766,TSLA
2025-02-19,354.0,367.3399963378906,353.6700134277344,360.55999755859375,67094400,0.018214714280444966,0.03517047846197935,352.5919982910156,377.7739990234375,402.0263989257812,40.11635907077612,76365520.0,0.8785954708355289,-0.08328710612002033,TSLA
2025-02-20,361.510009765625,362.29998779296875,348.0,354.3999938964844,45965400,-0.01708454543992588,0.03399475125260236,356.1699951171875,374.7384994506836,401.72459899902344,33.53903931852274,64482060.0,0.7128401294871783,-0.1455982138605435,TSLA
2025-02-21,353.44000244140625,354.9800109863281,334.4200134277344,337.79998779296875,74058600,-0.046839747148427646,0.03639369802866565,352.5419921875,371.0094985961914,400.6961987304687,27.974149823875962,61405480.0,1.2060584820768439,-0.13913558821324,TSLA
2025-02-24,338.1400146484375,342.3999938964844,324.70001220703125,330.5299987792969,76052300,-0.021521578674915554,0.035677197937150164,347.47999267578126,367.20699920654295,399.51099853515626,30.741363177260027,62960480.0,1.2079371059432837,-0.14697602865603643,TSLA
2025-02-25,327.0199890136719,328.8900146484375,297.25,302.79998779296875,134228800,-0.0838955952220366,0.042683992052835996,337.2179931640625,362.4894989013672,397.5471984863281,21.559900466005004,79479900.0,1.6888395682430402,-0.03243057200304367,TSLA
2025-02-26,303.7099914550781,309.0,288.0400085449219,290.79998779296875,100118300,-0.039630120487999076,0.0402042849350903,323.2659912109375,357.12499847412107,394.86779846191405,21.84337908444151,86084680.0,1.1630211089824578,-0.021148535607445673,TSLA
2025-02-27,291.1600036621094,297.2300109863281,280.8800048828125,281.95001220703125,101748200,-0.030433204805490277,0.038486971343239126,308.7759948730469,351.7674987792969,392.14479858398437,21.161417097768293,97241240.0,1.0463482366123673,-0.03514808736675146,TSLA
2025-02-28,279.5,293.8800048828125,273.6000061035156,292.9800109863281,115697000,0.03912040539724382,0.034745532980952905,299.81199951171874,346.4024993896484,389.27979858398436,28.344277078331075,105568920.0,1.0959380848075362,-0.047375262346686875,TSLA
2025-03-03,300.3399963378906,303.94000244140625,277.29998779296875,284.6499938964844,115551400,-0.02843203214376444,0.03422194871152296,290.63599853515626,340.4049987792969,385.71239868164065,28.809646464369692,113468740.0,1.0183544824768478,-0.07447736569129415,TSLA
2025-03-04,270.92999267578125,284.3500061035156,261.8399963378906,272.0400085449219,126706600,-0.04429996705409467,0.03435901879770665,284.4840026855469,334.82299957275393,381.5559991455078,30.704038144673333,111964300.0,1.1316696482718152,-0.034443445165677655,TSLA
2025-03-05,272.9200134277344,279.54998779296875,267.7099914550781,279.1000061035156,94042900,0.025952056083059283,0.035519828315427306,282.1440063476563,329.1675003051758,378.33539916992186,30.25111756059266,110749220.0,0.8491518044099995,-0.20404876732933142,TSLA
2025-03-06,272.05999755859375,272.6499938964844,260.0199890136719,263.45001220703125,98451600,-0.056073068986891905,0.03671010460692552,278.4440063476562,323.43150024414064,374.8809991455078,17.334186109577004,110089900.0,0.8942836717991387,-0.12476754166990045,TSLA
2025-03-07,259.32000732421875,266.25,250.72999572753906,262.6700134277344,102369600,-0.0029607088371812473,0.03691024808819132,272.3820068359375,317.84900054931643,371.7131994628906,17.25132410890818,107424420.0,0.9529453358929003,-0.055506972035294755,TSLA
2025-03-10,252.5399932861328,253.3699951171875,220.0,222.14999389648438,189076900,-0.1542620682219512,0.05518015662629248,259.8820068359375,310.87550048828126,367.54419921875,13.555019546319073,122129520.0,1.5481670606746019,0.08341210573218083,TSLA
2025-03-11,225.30999755859375,237.05999755859375,217.02000427246094,230.5800018310547,174896400,0.037947369642955975,0.05720988881585472,251.59000549316406,304.8680000305176,362.91019927978516,14.490221644285796,131767480.0,1.3273108053671512,0.08413563076774833,TSLA
2025-03-12,247.22000122070312,251.83999633789062,241.10000610351562,248.08999633789062,142215700,0.0759389121683911,0.06512102935922319,245.38800354003905,300.8474998474121,358.7893991088867,22.65267267859464,141402040.0,1.005754230985635,-0.040630424361512985,TSLA
2025-03-13,248.1300048828125,248.2899932861328,232.60000610351562,240.67999267578125,114813500,-0.02986820819658198,0.06510518995754738,240.83399963378906,296.0559989929199,354.96979888916013,23.77686603346288,144674420.0,0.793599172542043,-0.0638607095933077,TSLA
2025-03-14,247.30999755859375,251.5800018310547,240.72999572753906,249.97999572753906,100242300,0.038640532386444715,0.0650620993339484,238.29599609375,290.75799865722655,351.62119873046873,28.486726092886983,144248960.0,0.694925634125889,-0.0564845001940768,TSLA
2025-03-17,245.05999755859375,245.39999389648438,232.8000030517578,238.00999450683594,111900600,-0.04788383640805238,0.06583627214217475,241.4679962158203,284.86649856567385,348.30459869384765,31.105280128499558,128813700.0,0.8687010776027705,-0.007352632412038207,TSLA
2025-03-18,228.16000366210938,230.10000610351562,222.27999877929688,225.30999755859375,111477600,-0.05335909096824687,0.0663341810519441,240.41399536132812,278.4264991760254,345.2251986694336,30.978799722248368,116129940.0,0.9599384964807525,0.1038569500192199,TSLA
2025-03-19,231.61000061035156,241.41000366210938,229.1999969482422,235.86000061035156,111993800,0.046824389357219776,0.06812580058202485,237.9679962158203,272.1914993286133,341.7335986328125,36.7443181095078,110085560.0,1.0173341535438436,0.18031889225823794,TSLA
2025-03-20,233.35000610351562,238.0,230.0500030517578,236.25999450683594,99028300,0.0016958954271570903,0.06664251931964671,237.08399658203126,266.28449935913085,338.2377987670898,32.62467505429434,106928520.0,0.9261168114923877,0.21958867920019554,TSLA
2025-03-21,234.99000549316406,249.52000427246094,234.5500030517578,248.7100067138672,132728700,0.05269623506518384,0.0694430300016911,236.8299987792969,261.83000030517576,335.3247991943359,39.26138858253482,113425800.0,1.1701808583232387,0.09388440438421908,TSLA
2025-03-24,258.0799865722656,278.6400146484375,256.3299865722656,278.3900146484375,169079900,0.11933580126800525,0.05586735390447585,244.9060028076172,259.22300109863284,332.9937994384766,51.72170840154182,124861660.0,1.354137851442949,-0.018894390922273407,TSLA
2025-03-25,283.6000061035156,288.20001220703125,271.2799987792969,288.1400146484375,150361500,0.03502280788451673,0.05579498191843151,257.4720062255859,258.49000244140626,330.86179992675784,52.41582222755768,132638440.0,1.1336193338823948,-0.0853405483631674,TSLA
2025-03-26,282.6600036621094,284.8999938964844,266.510009765625,272.05999755859375,153629800,-0.05580626179068926,0.05766592033937194,264.7120056152344,257.5530029296875,328.23679992675784,52.295628060930994,140965640.0,1.0898386301796665,-0.0474159891650594,TSLA
2025-03-27,272.4800109863281,291.8500061035156,271.82000732421875,273.1300048828125,162572100,0.0039329829222258805,0.055988064137877214,272.0860076904297,257.11200256347655,325.77220031738284,52.78457769354657,153674400.0,1.0578996892130375,-0.01709813401767435,TSLA
2025-03-28,275.5799865722656,276.1000061035156,260.57000732421875,263.54998779296875,123809400,-0.03507493471452938,0.05723826971044977,275.05400390625,255.6405014038086,322.47880004882813,63.194791082677156,151890540.0,0.8151225217844377,0.07288948154968855,TSLA
2025-03-31,249.30999755859375,260.55999755859375,243.36000061035156,259.1600036621094,134008900,-0.016657121359109794,0.05472377777515934,271.2080017089844,254.36600189208986,319.38559997558593,59.349644712113225,144876340.0,0.9249881657695107,0.03133197639468421,TSLA
2025-04-01,263.79998779296875,277.45001220703125,259.25,268.4599914550781,146486900,0.035885119854736525,0.05037221029731286,267.2719970703125,254.18700103759767,316.2247998046875,57.04210403489001,144101420.0,1.0165541741365214,-0.10813528906840675,TSLA
2025-04-02,254.60000610351562,284.989990234375,251.27000427246094,282.760009765625,212787800,0.05326685079977622,0.050809961784299265,269.41199951171876,254.37000122070313,313.39859985351563,63.88595670219329,155933020.0,1.3646102666388427,-0.17495407685300712,TSLA
2025-04-03,265.2900085449219,276.29998779296875,261.510009765625,267.2799987792969,136174300,-0.05474611137253549,0.05588069368541602,268.24199829101565,254.5615005493164,310.44200012207034,55.48509723870204,150653460.0,0.9038909561054888,-0.1699341453770744,TSLA
2025-04-04,255.3800048828125,261.0,236.0,239.42999267578125,181229400,-0.10419786826814681,0.06501993952650996,263.4179992675781,253.39949951171874,306.9829998779297,50.40903262318778,162137460.0,1.1177515670962157,0.13686681089960517,TSLA
2025-04-07,223.77999877929688,252.0,214.25,233.2899932861328,183453800,-0.025644236634809525,0.049228444572977245,258.24399719238284,253.95649948120118,303.517200012207,52.388933243691866,172026440.0,1.0664279281719717,0.08191521779896038,TSLA
2025-04-08,245.0,250.44000244140625,217.8000030517578,221.86000061035156,171603500,-0.048994783337158565,0.04657474460504273,248.9239990234375,253.520499420166,300.0114001464844,45.83085306145372,177049760.0,0.9692388173810572,0.13724870127320044,TSLA
2025-04-09,224.69000244140625,274.69000244140625,223.8800048828125,272.20001220703125,219433400,0.22689989839624536,0.09062995019836881,246.81199951171874,254.72600021362305,297.4936004638672,58.24917501770583,178378880.0,1.2301534800532439,-0.07292433950523858,TSLA
2025-04-10,260.0,262.489990234375,239.3300018310547,252.39999389648438,181722600,-0.07274069589492627,0.09377490673826563,243.83599853515625,255.3120002746582,294.75960021972656,50.81930500742747,187488540.0,0.9692464403424337,0.006774987144288591,TSLA
2025-04-11,251.83999633789062,257.739990234375,241.36000061035156,252.30999755859375,128948100,-0.00035656236159631316,0.09314540547166714,246.41199951171876,255.42850036621093,291.8002001953125,43.33333125306288,177032280.0,0.7283875008557761,-0.04264593005014461,TSLA
2025-04-14,258.3599853515625,261.79998779296875,245.92999267578125,252.35000610351562,100135200,0.00015856900364230597,0.0929775300984698,250.2240020751953,256.14550094604493,288.7552001953125,40.37334069252826,160368560.0,0.6244066792144296,-0.04351103911534704,TSLA
2025-04-15,249.91000366210938,258.75,247.5399932861328,254.11000061035156,79594300,0.0069744183248166,0.09221702216062844,256.6740020751953,257.5855010986328,286.1638003540039,44.76890150004247,141966720.0,0.560654637932045,-0.10471843117719293,TSLA
2025-04-16,247.61000061035156,251.97000122070312,233.88999938964844,241.5500030517578,112378700,-0.049427403598542585,0.09109754161301846,250.54400024414062,257.8700012207031,283.1506005859375,41.3744143026149,120555780.0,0.9321718129151502,-0.014820955437071959,TSLA
2025-04-17,243.47000122070312,244.33999633789062,237.67999267578125,241.3699951171875,83404800,-0.0007452201709629014,0.08988826220846782,248.33800048828124,258.1255012512207,280.41460021972654,43.613961675018615,100892220.0,0.8266722647197178,0.03882011254724227,TSLA
2025-04-21,230.25999450683594,232.2100067138672,222.7899932861328,227.5,97768000,-0.05746362595919796,0.0853631699433999,243.3760009765625,257.0650009155273,277.4782000732422,41.356340544360535,94656200.0,1.0328747615053213,0.14070333962912085,TSLA
2025-04-22,230.9600067138672,242.7899932861328,229.85000610351562,237.97000122070312,120858500,0.04602198338770602,0.08617456102926821,240.5,255.04400024414062,275.0052001953125,41.7286146868468,98800860.0,1.2232535222871541,0.19741988799149923,TSLA
2025-04-23,254.86000061035156,259.45001220703125,244.42999267578125,250.74000549316406,150381900,0.0536622440095611,0.08513161082459467,239.8260009765625,253.17399978637695,273.0054000854492,41.24083694412561,112958380.0,1.331303618199907,0.14014516479144956,TSLA
2025-04-24,250.5,259.5400085449219,249.1999969482422,259.510009765625,94464200,0.0349764859229853,0.04365913244688217,243.41800231933593,252.5465003967285,271.6256002807617,47.793494819188545,109375480.0,0.8636688954416475,0.12531304300378276,TSLA
2025-04-25,261.69000244140625,286.8500061035156,259.6300048828125,284.95001220703125,167560700,0.09803091011549903,0.04700779800357612,252.13400573730468,253.13750076293945,270.59440032958986,63.10607237476127,126206660.0,1.3276692371068215,-0.009791221005089112,TSLA
2025-04-28,288.9800109863281,294.8599853515625,272.4200134277344,285.8800048828125,151731800,0.0032637046356942534,0.046905766518552675,263.8100067138672,254.25400161743164,269.19320037841794,65.60997418280343,136999420.0,1.1075360757001744,-0.018749180696767453,TSLA
2025-04-29,285.5,293.32000732421875,279.4700012207031,292.0299987792969,108906600,0.021512501019458785,0.04671430314941326,274.62200622558595,255.89750137329102,267.9170004272461,71.50211001793518,134609040.0,0.8090585892299655,-0.01650517872946844,TSLA
2025-04-30,279.8999938964844,284.45001220703125,270.7799987792969,282.1600036621094,128961100,-0.03379788089732105,0.049268109455549124,280.906005859375,256.5825019836426,266.47800079345706,54.05867582077851,130324880.0,0.9895355361155905,-0.006733746356055614,TSLA
2025-05-01,280.010009765625,290.8699951171875,279.80999755859375,280.5199890136719,99659000,-0.005812356915055328,0.045011658348488554,285.1080017089844,256.4705009460449,264.8772006225586,63.44939392515166,131363840.0,0.7586486509529563,-0.018429998262634584,TSLA
2025-05-02,284.8999938964844,294.7799987792969,279.80999755859375,287.2099914550781,114454700,0.023848576584252656,0.044667766771971,285.55999755859375,257.467000579834,263.5334005737305,65.7009129461074,120742640.0,0.9479227885028851,-0.03826465151402614,TSLA
2025-05-05,284.57000732421875,284.8500061035156,274.3999938964844,280.260009765625,94618900,-0.024198258752220814,0.03930498171134456,284.4359985351563,259.50850143432615,262.3826010131836,61.82126495051266,109320060.0,0.8655218447556652,0.0162705965878156,TSLA
2025-05-06,273.1099853515625,277.7300109863281,271.3500061035156,275.3500061035156,76715800,-0.017519458684867262,0.0400738824880349,281.1,261.6115020751953,261.279001159668,58.76237872441305,102881900.0,0.7456685772716095,0.08320320738796916,TSLA
2025-05-07,276.8800048828125,277.9200134277344,271.0,276.2200012207031,71592600,0.003159597232260225,0.037835436400335216,279.91199951171876,264.3295021057129,260.74740142822264,65.8296045603313,91408200.0,0.7832185733883831,0.15263197261527428,TSLA
2025-05-08,279.6300048828125,289.79998779296875,279.4100036621094,284.82000732421875,97539400,0.031134624811778533,0.037576167474875806,280.7720031738281,264.96050186157225,260.6278018188477,68.42195154140563,90984280.0,1.0720467315892372,0.17291622334640744,TSLA
2025-05-09,290.2099914550781,307.0400085449219,290.0,298.260009765625,132387800,0.04718770485146129,0.025988998102597197,282.9820068359375,267.2535026550293,260.95400177001954,80.11064245345744,94570900.0,1.3998788210749817,0.1656942979013205,TSLA
2025-05-12,321.989990234375,322.2099914550781,311.5,318.3800048828125,112826700,0.06745790403815088,0.03262653507034014,290.606005859375,270.55700302124023,261.4620016479492,81.62013665827344,98212460.0,1.1488023006449488,0.0767636222959478,TSLA
2025-05-13,320.0,337.5899963378906,316.79998779296875,334.07000732421875,136992600,0.049280740626853614,0.034707830196568,302.3500061035156,274.6430030822754,262.4504019165039,82.0327542532396,110267820.0,1.2423624589658162,0.04762475922200493,TSLA
2025-05-14,342.5,350.0,337.0,347.67999267578125,136997300,0.04073991993646375,0.031100999340004657,316.6420043945312,279.3215026855469,263.9632015991211,82.67734062021431,123348760.0,1.1106499976165143,-0.016077992566870036,TSLA
2025-05-15,340.3399963378906,346.1400146484375,334.7200012207031,342.82000732421875,97882600,-0.013978329078298546,0.03199302662616651,328.24200439453125,284.38500289916993,265.23760162353517,75.30832561918703,123417400.0,0.79310210715831,0.002916982610802643,TSLA
2025-05-16,346.239990234375,351.6199951171875,342.3299865722656,349.9800109863281,95895700,0.0208856061756566,0.03197445811549471,338.58600463867185,289.815503692627,266.9682015991211,76.58428318983707,116118980.0,0.8258400134069382,-0.04388826614940777,TSLA
2025-05-19,336.29998779296875,343.0,333.3699951171875,342.0899963378906,88869900,-0.022544186527114873,0.03172130196322414,343.3280029296875,295.5450035095215,268.55660125732425,70.46606809288325,111327620.0,0.7982736000284566,-0.0030693320594258333,TSLA
2025-05-20,347.8699951171875,354.989990234375,341.6300048828125,343.82000732421875,131715500,0.005057180873010214,0.02942895222575464,345.2780029296875,300.83750381469724,270.9900015258789,77.00595728982744,110272200.0,1.1944578960064278,-0.013030105552012006,TSLA
2025-05-21,344.42999267578125,347.3500061035156,332.20001220703125,334.6199951171875,102354800,-0.026758222357769146,0.03296060235901688,342.66600341796874,305.03150329589846,273.07080139160155,72.22313734840559,103343700.0,0.990430959990788,0.08448395177744694,TSLA
2025-05-22,331.8999938964844,347.2699890136719,331.3900146484375,341.0400085449219,97113400,0.019185982671137136,0.03272162786711137,342.31000366210935,309.1080032348633,274.9298016357422,72.16138809359762,103189860.0,0.9411137877306937,0.04650476470262399,TSLA
2025-05-23,337.9200134277344,343.17999267578125,333.2099914550781,339.3399963378906,84654800,-0.004984788190348977,0.031812819411203126,340.1820007324219,311.82750244140624,276.9030017089844,75.4216716220507,100941680.0,0.8386505950762856,0.05625625197120043,TSLA
2025-05-27,347.3500061035156,363.7900085449219,347.32000732421875,362.8900146484375,120146400,0.06939947711644767,0.03218293899053571,344.3420043945313,315.6780029296875,279.16120208740233,82.4606835128877,107196980.0,1.120800231499059,-0.04527548990091812,TSLA
2025-05-28,364.8399963378906,365.0,355.9100036621094,356.8999938964844,91404300,-0.016506435862546853,0.030778581294729327,346.9580017089844,318.9215026855469,281.5390020751953,78.82250100954775,99134740.0,0.9220208778476647,-0.039815050989324474,TSLA
2025-05-29,365.2900085449219,367.7099914550781,356.0,358.42999267578125,88087800,0.004286911755287504,0.028412836887216093,351.7200012207031,322.7350021362305,284.20140197753904,77.69581737872778,96281340.0,0.9149000211255888,-0.03950563276360031,TSLA
2025-05-30,355.5199890136719,363.67999267578125,345.2900085449219,346.4599914550781,123474900,-0.03339564619395741,0.030331467871240737,352.8039978027344,326.0320022583008,286.4134017944336,68.33813513135067,101553640.0,1.215858929330352,-0.04159211458035772,TSLA
2025-06-02,343.5,348.0199890136719,333.3299865722656,342.69000244140625,81873800,-0.01088145559849063,0.029728752714274186,353.4739990234375,328.8060028076172,288.542001953125,60.56312814670069,100997440.0,0.8106522303931664,-0.16921996504491033,TSLA
2025-06-03,346.6000061035156,355.3999938964844,343.0400085449219,344.2699890136719,99324500,0.004610541775392996,0.02884163713491532,349.7499938964844,332.00650177001955,290.4532015991211,55.05149385220444,96833060.0,1.0257292292529019,-0.1427076885382632,TSLA
2025-06-04,345.1000061035156,345.6000061035156,327.3299865722656,332.04998779296875,98912100,-0.03549540073392177,0.030979693221979653,344.7799926757813,334.8415008544922,291.5264010620117,42.151253313194665,98334620.0,1.005872601124609,-0.07068213246053945,TSLA
2025-06-05,322.489990234375,324.54998779296875,273.2099914550781,284.70001220703125,287499800,-0.14259893789082123,0.05396159876134113,330.03399658203125,335.26550140380857,291.4576010131836,29.54386486514356,138217020.0,2.0800607624155116,0.14538104094200377,TSLA
2025-06-06,298.8299865722656,305.5,291.1400146484375,295.1400146484375,164747700,0.036670186138995975,0.055442247050204556,319.77000122070314,335.78150177001953,291.9192013549805,31.13390164793597,146471580.0,1.1247758780235728,0.10601740351817601,TSLA
2025-06-09,285.9599914550781,309.8299865722656,281.8500061035156,308.5799865722656,140908900,0.04553761352840424,0.05846231661389466,312.947998046875,336.29750061035156,292.62820098876955,38.89588226109567,158278600.0,0.8902586957428231,0.03412404963868543,TSLA
2025-06-10,314.94000244140625,327.8299865722656,310.6700134277344,326.0899963378906,151256500,0.05674382827003055,0.05671543749264042,309.31199951171874,336.6830001831055,293.87900115966795,44.68110351055573,168665000.0,0.8967865295111612,-0.0023919739582831667,TSLA
2025-06-11,334.3999938964844,335.5,322.5,326.42999267578125,122611400,0.0010426457165473302,0.056732402712551894,308.18800048828126,336.3009994506836,295.2244009399414,47.40510659397059,173404860.0,0.7070816815630196,0.008271336175021737,TSLA
2025-06-12,323.0799865722656,332.55999755859375,316.8599853515625,319.1099853515625,105127500,-0.022424432461661592,0.05675255182032833,315.0699951171875,334.8724990844727,296.2374008178711,43.09116490011074,136930400.0,0.7677440509923289,-0.008648990551035962,TSLA
2025-06-13,313.9700012207031,332.989990234375,313.29998779296875,325.30999755859375,128964300,0.019429076154419578,0.05679334554893562,321.10399169921874,333.9969985961914,297.0884005737305,45.70185665282677,129773720.0,0.9937628358037359,-0.010021240632292039,TSLA
2025-06-16,331.2900085449219,332.04998779296875,326.4100036621094,329.1300048828125,83925900,0.011742668079331553,0.05697170870306911,325.2139953613281,332.9544982910156,298.3254006958008,38.23528911304182,118377120.0,0.7089706186465763,-0.02117704590070668,TSLA
2025-06-17,326.0899963378906,327.260009765625,314.739990234375,316.3500061035156,88282700,-0.03882963749794621,0.05801800280773612,323.2659973144531,331.66749877929686,299.86380096435545,36.507619953184836,105782360.0,0.8345692041659876,0.1021968893583225,TSLA
2025-06-18,317.30999755859375,329.32000732421875,315.45001220703125,322.04998779296875,95137700,0.0180179597897272,0.05754504230542457,322.38999633789064,330.57899780273436,301.63900085449217,38.221957172621586,100287620.0,0.9486484971923753,0.057196131426577645,TSLA
2025-06-20,327.95001220703125,332.3599853515625,317.7799987792969,322.1600036621094,108688000,0.0003416111576173275,0.029523449145740836,323.0,329.9559982299805,303.64500091552736,41.47846988266417,100999720.0,1.076121795189135,0.01673076753659508,TSLA
2025-06-23,327.5400085449219,357.5400085449219,327.4800109863281,348.67999267578125,190716800,0.0823193093872907,0.03635777751346862,327.6739990234375,330.33799743652344,305.17460052490236,51.81152598637165,113350220.0,1.682544594972996,-0.0656762486449225,TSLA
2025-06-24,356.1700134277344,356.260009765625,340.44000244140625,340.4700012207031,114736200,-0.023545920693855638,0.03697369194333847,329.94199829101564,330.3944976806641,306.9360006713867,48.895095180223414,119512280.0,0.9600369100146027,-0.049461028218384606,TSLA
2025-06-25,342.70001220703125,343.0,320.3999938964844,327.54998779296875,119845100,-0.037947582404945,0.035920329169834335,332.18199462890624,328.62749633789065,308.44080047607423,48.69686067996979,125824760.0,0.9524762852716747,-0.03019381620954431,TSLA
2025-06-26,324.6099853515625,331.04998779296875,323.6099853515625,325.7799987792969,80440900,-0.0054037218123500486,0.0359775679209488,332.92799682617186,327.0714965820313,309.90940032958986,66.16304332425506,122885400.0,0.654600953408623,-0.0769537952549465,TSLA
2025-06-27,324.510009765625,329.3399963378906,317.5,323.6300048828125,89067000,-0.006599526995335614,0.03520324488680038,333.2219970703125,325.3314971923828,311.29980041503904,61.99174825498201,118961200.0,0.7487063008779333,-0.024657821790095458,TSLA
2025-06-30,319.8999938964844,325.5799865722656,316.6000061035156,317.6600036621094,76695100,-0.018446995428822777,0.03515151218661994,327.01799926757815,323.89149780273436,312.8220004272461,54.07834014212659,96156860.0,0.7976040398989734,-0.007271918189143078,TSLA
2025-07-01,298.4599914550781,305.8900146484375,293.2099914550781,300.7099914550781,145085700,-0.05335897504131726,0.038249444309917224,319.0659973144531,321.792497253418,314.0088003540039,38.54279403887823,102226760.0,1.4192536279150392,-0.022513349093966517,TSLA
2025-07-02,312.6300048828125,316.8299865722656,303.82000732421875,315.6499938964844,119483700,0.04968242780731846,0.040581430058727316,316.6859985351563,320.3614974975586,315.7718002319336,45.7003839284171,102154480.0,1.1696373962257944,-0.05651828507160106,TSLA
2025-07-03,317.989990234375,318.45001220703125,312.760009765625,315.3500061035156,58042300,-0.0009503811144286889,0.04011253522552815,314.6,319.52649841308596,317.3194003295898,48.41136582541748,97674760.0,0.5942405182259982,-0.06174092546017573,TSLA
2025-07-07,291.3699951171875,296.1499938964844,288.7699890136719,293.94000244140625,131177900,-0.06789282780315342,0.04525856576417787,308.66199951171876,319.9884979248047,318.1834002685547,38.25533583506659,106096940.0,1.2363966387720513,0.05419470825158168,TSLA
2025-07-08,297.0,304.04998779296875,294.3500061035156,297.80999755859375,103246700,0.013165935514200422,0.033694022862980566,304.69199829101564,320.1219970703125,318.94940002441405,38.27843823067456,111407260.0,0.92675019563357,0.05271821743976979,TSLA
2025-07-09,297.54998779296875,300.1499938964844,293.54998779296875,295.8800048828125,75586800,-0.0064806174796113725,0.03365253487074793,303.7260009765625,319.4869979858398,319.1679998779297,41.661911890074045,97507480.0,0.7751897598009917,0.07104227614839043,TSLA
2025-07-10,300.04998779296875,310.4800109863281,300.0,309.8699951171875,104365300,0.0472826483827995,0.03734193042924784,302.57000122070315,318.6759979248047,319.6477996826172,45.352566117937045,94483800.0,1.1045840662632112,0.002936727261267258,TSLA
2025-07-11,307.8900146484375,314.0899963378906,305.6499938964844,313.510009765625,79236400,0.01174690904506881,0.03770829016075763,302.202001953125,318.0299987792969,320.07739990234376,46.78606101384959,98722620.0,0.8026164621643955,0.026027888768877405,TSLA
2025-07-14,317.7300109863281,322.6000061035156,312.6700134277344,316.8999938964844,78043400,0.010813001260769006,0.03793445610325584,306.79400024414065,317.919499206543,320.77219970703123,35.74120298548743,88095720.0,0.8858932079787758,0.00792051061523491,TSLA
2025-07-15,319.67999267578125,321.20001220703125,310.5,310.7799987792969,77556300,-0.01931207079538977,0.03797849990919245,309.38800048828125,317.1929992675781,321.37739990234377,36.42432141282325,82957640.0,0.9348903850205961,0.06071817746092534,TSLA
2025-07-16,312.79998779296875,323.5,312.6199951171875,321.6700134277344,97284800,0.03504091219258654,0.034722875739372584,314.54600219726564,316.8199996948242,322.06660034179686,47.26054060940193,87297240.0,1.1144086571350937,0.021201779842536572,TSLA
2025-07-17,323.1499938964844,324.3399963378906,317.05999755859375,319.4100036621094,73922900,-0.007025863995037018,0.03151642982062982,316.45400390625,316.9729995727539,322.84960021972654,47.045730794249636,81208760.0,0.9102823389988962,0.03976075120955791,TSLA
2025-07-18,321.6600036621094,330.8999938964844,321.4200134277344,329.6499938964844,94255000,0.03205907804067243,0.03291284365631471,319.6820007324219,317.3529998779297,323.93559997558594,52.5970618337774,84212480.0,1.1192521583499262,0.00882755563776283,TSLA
2025-07-21,334.3999938964844,338.0,326.8800048828125,328.489990234375,75768800,-0.0035188948387289143,0.021348605341314556,322.0,317.669499206543,324.9809997558594,54.8744202580245,83757560.0,0.904620430681123,-0.07059576587055316,TSLA
2025-07-22,329.739990234375,335.4100036621094,321.54998779296875,332.1099853515625,77370400,0.0110201078413521,0.021339409601998413,326.2659973144531,316.840998840332,325.92679931640623,66.05973842159531,83720380.0,0.9241525181801612,-0.048327326791992364,TSLA
2025-07-23,330.8999938964844,336.20001220703125,328.6700134277344,332.55999755859375,92553800,0.0013550095657464123,0.020755456739001612,328.443994140625,316.44549865722655,326.6127990722656,60.15372036336703,82774180.0,1.1181481954880133,-0.020958627832185606,TSLA
2025-07-24,310.0,310.1499938964844,300.4100036621094,305.29998779296875,156966000,-0.08197020076301287,0.03296136902962929,325.6219909667969,315.33299865722654,326.35119873046875,45.44134205348424,99382800.0,1.579408106835388,0.05208000343860042,TSLA
2025-07-25,308.739990234375,323.6300048828125,308.010009765625,316.05999755859375,148227000,0.03524405566934252,0.03475793355187166,322.90399169921875,314.8469985961914,325.9909985351562,61.10664356345222,110177200.0,1.3453509437524278,0.009428624341413672,TSLA
2025-07-28,318.45001220703125,330.489990234375,315.69000244140625,325.5899963378906,112673800,0.030152499060024596,0.03586218374477746,322.32399291992186,314.9449981689453,325.54919860839846,63.198400466289016,117558200.0,0.9584512182051104,-0.053195760063354025,TSLA
2025-07-29,325.54998779296875,326.25,318.25,321.20001220703125,87358900,-0.013483166498468035,0.03549927275455683,320.1419982910156,315.1219985961914,325.1167987060547,61.754876719765925,119555900.0,0.7306950137968934,-0.057814466433610656,TSLA
2025-07-30,322.17999267578125,324.45001220703125,311.6199951171875,319.0400085449219,83931900,-0.006724793213012448,0.033845106866775394,317.43800048828126,316.0384994506836,324.49799865722656,54.78252371740737,117831520.0,0.7123043138202749,-0.030654458742969237,TSLA
2025-07-31,319.6099853515625,321.3699951171875,306.1000061035156,308.2699890136719,85270900,-0.03375758288237862,0.035453744445231715,318.03200073242186,315.669499206543,323.8215985107422,47.456301359513255,103492500.0,0.8239331352513467,0.0014597989524411936,TSLA
2025-08-01,306.2099914550781,309.30999755859375,297.82000732421875,302.6300048828125,89121400,-0.01829559909125389,0.03344607069391575,315.34600219726565,315.0334991455078,322.99779846191404,43.220909797604,91671380.0,0.9721834666392063,0.05709942338991869,TSLA
2025-08-04,309.0799865722656,312.1199951171875,303.0,309.260009765625,78683900,0.021907956170373222,0.0347649262319477,312.0800048828125,315.79949951171875,322.4905987548828,49.281397298260444,84873400.0,0.9270737357051797,0.042068094280623525,TSLA
2025-08-05,308.95001220703125,312.45001220703125,305.5,308.7200012207031,57961300,-0.0017461311772288823,0.034324311646864655,309.58400268554686,316.3449996948242,321.8441986083984,43.21349566721554,78993880.0,0.7337441837266381,0.06779603716319782,TSLA
2025-08-06,307.8900146484375,320.4700012207031,306.92999267578125,319.9100036621094,78523600,0.03624644466558724,0.03691343748806224,309.75800170898435,317.54649963378904,321.4555987548828,50.23960124176152,77912220.0,1.0078470360618654,0.05976679346789715,TSLA
2025-08-07,319.7900085449219,322.3999938964844,316.1600036621094,322.2699890136719,66658700,0.007377028928595486,0.024449209742819836,312.55800170898436,318.16649932861327,320.6431982421875,46.174578477234576,74189780.0,0.8984889832534886,0.057622515149652775,TSLA
2025-08-08,321.42999267578125,335.1499938964844,320.9800109863281,329.6499938964844,91200300,0.02290006868278205,0.02306375873371889,317.9619995117188,318.97349853515624,320.0981982421875,50.56486336194381,74605560.0,1.222433019737403,0.029516187369879043,TSLA
2025-08-11,335.0,346.6400146484375,334.1499938964844,339.0299987792969,105320200,0.02845443669493286,0.02285890281347264,323.91599731445314,320.0799987792969,319.7101983642578,53.190709758614595,79932820.0,1.3176089621259452,-0.010176126653845596,TSLA
2025-08-12,345.0,345.260009765625,332.94000244140625,340.8399963378906,80522100,0.005338753399730889,0.02199149642055978,330.3399963378906,321.58299865722654,319.59779846191407,53.770490618625665,84444980.0,0.953545136726896,-0.03016077599386502,TSLA
2025-08-13,341.5,348.9800109863281,338.20001220703125,339.3800048828125,67838900,-0.004283509772223915,0.021845510947852982,334.23399658203124,322.46849822998047,319.5315985107422,70.28572445824032,82308040.0,0.8242074528806663,-0.012434442689575276,TSLA
2025-08-14,335.760009765625,340.4700012207031,330.3999938964844,335.5799865722656,75000700,-0.011196942235471519,0.018075519613704367,336.89599609375,323.2769973754883,319.35779846191406,62.66873497443202,83976440.0,0.893115973956505,-0.018684037381715757,TSLA
2025-08-15,337.6600036621094,339.29998779296875,327.0199890136719,330.55999755859375,74319800,-0.014959143019665277,0.01754548907814369,337.0779968261719,323.32249755859374,319.32799865722654,53.42616938118699,80600340.0,0.9220779961970383,-0.020147639494487946,TSLA
2025-08-18,329.6199951171875,336.2699890136719,329.5899963378906,335.1600036621094,56956600,0.013915797850586165,0.017067910885980205,336.3039978027344,323.65599822998047,320.33719848632813,59.59581212018233,70927620.0,0.8030242661462488,-0.044903980624488526,TSLA
2025-08-19,335.7900085449219,340.54998779296875,327.8500061035156,329.30999755859375,75956000,-0.017454368181154756,0.018727625139315876,333.997998046875,323.51599884033203,321.0205981445313,56.7185567821234,70014400.0,1.0848625425626728,0.03249221792948265,TSLA
2025-08-20,329.2200012207031,331.3699951171875,314.6000061035156,323.8999938964844,77481800,-0.016428300696053943,0.016779651526716302,330.90199584960936,323.08299865722654,321.3269982910156,60.99620323064622,71942980.0,1.0769890265874447,0.07008339806973263,TSLA
2025-08-21,322.0799865722656,324.8999938964844,318.67999267578125,320.1099853515625,55744400,-0.011701168929731831,0.017101804979379957,327.80799560546876,323.82349853515626,321.20739807128905,62.626388654978705,68091720.0,0.8186663517972523,0.09859120152565981,TSLA
2025-08-22,321.6600036621094,340.25,319.69000244140625,340.010009765625,94016300,0.062166209505171155,0.025518636786011,329.697998046875,325.0209991455078,321.47899841308595,68.63861127902942,72031020.0,1.305219612328133,0.02820504121187839,TSLA
2025-08-25,338.8999938964844,349.5299987792969,335.0299987792969,346.6000061035156,86670000,0.019381771561470362,0.02467567252630196,331.9859985351562,326.0714996337891,322.028798828125,71.39145480615453,77973700.0,1.1115286308075671,-0.0017887914202815436,TSLA
2025-08-26,344.92999267578125,351.8999938964844,343.7200012207031,351.6700134277344,76651600,0.01462783391499567,0.024968439761447424,336.4580017089844,327.5949996948242,322.5559991455078,69.267163814362,78112820.0,0.981293467576769,-0.050615684109798664,TSLA
2025-08-27,351.94000244140625,355.3900146484375,349.1600036621094,349.6000061035156,65519000,-0.0058862207330171445,0.025028360394860796,341.59800415039064,329.1229995727539,322.96539916992185,66.638253472937,75720260.0,0.8652770077651609,-0.05789479519047869,TSLA
2025-08-28,350.9100036621094,353.54998779296875,340.260009765625,345.9800109863281,67903200,-0.010354676927882056,0.024975715731294534,346.7720092773437,331.00850067138674,323.5579992675781,60.41853093616508,78152020.0,0.8688604593969548,-0.034366189579973616,TSLA
2025-08-29,347.2300109863281,348.75,331.70001220703125,333.8699951171875,81145700,-0.03500206799409333,0.027302403619358113,345.54400634765625,332.5705001831055,323.7943994140625,46.81874266929622,75577900.0,1.0736696838626105,0.013957539552105436,TSLA
2025-09-02,328.2300109863281,333.3299865722656,325.6000061035156,329.3599853515625,58392000,-0.01350828116207925,0.027274657439068727,342.09600219726565,333.5754989624023,323.9383990478516,43.15035792569523,69922300.0,0.8350983877818664,0.06521742756151783,TSLA
2025-09-03,335.20001220703125,343.3299865722656,328.510009765625,334.0899963378906,88733300,0.014361219324440011,0.027050623392447248,338.5799987792969,334.84399871826173,323.64659912109374,46.96221285311868,72338640.0,1.226637658656563,0.036846351861860915,TSLA
2025-09-04,336.1499938964844,338.8900146484375,331.4800109863281,338.5299987792969,60711000,0.01328983953448204,0.026455617829055696,336.3659973144531,335.7749984741211,323.6077990722656,51.68168362511326,71377040.0,0.850567633513522,0.024931328011815745,TSLA
2025-09-05,348.0,355.8699951171875,344.67999267578125,350.8399963378906,108989800,0.036363092201525005,0.027483396134604935,337.33799438476564,337.20349884033203,324.07359924316404,60.67367328169336,79594360.0,1.36931561482497,-0.008693386799694669,TSLA
2025-09-08,354.6400146484375,358.44000244140625,344.8399963378906,346.3999938964844,75208300,-0.01265534855703887,0.020981213792802707,339.843994140625,338.040998840332,324.48599914550783,55.92575907739436,78406880.0,0.9592053656515857,0.06469400709287032,TSLA
2025-09-09,348.44000244140625,350.7699890136719,343.82000732421875,346.9700012207031,53816000,0.001645517708609212,0.020084912580758577,343.3659973144531,338.43799896240233,324.95279907226563,59.8593044275319,77491680.0,0.6944745552038619,0.141136124300135,TSLA
2025-09-10,350.54998779296875,356.3299865722656,346.07000732421875,347.7900085449219,72121700,0.0023633378140295314,0.019477251830452805,346.1059997558594,338.7854995727539,325.5553991699219,64.05789606005101,74169360.0,0.9723921036934928,0.1789873155368682,TSLA
2025-09-11,350.1700134277344,368.989990234375,347.6000061035156,368.80999755859375,103756000,0.06043873744853956,0.027319176534504098,352.16199951171876,340.25699920654296,326.9173992919922,73.82582059976852,82778360.0,1.2534193719228068,0.14319025489596093,TSLA
2025-09-12,370.94000244140625,396.69000244140625,370.239990234375,395.94000244140625,168156400,0.07356092584909457,0.03392997761762507,361.1820007324219,343.275,328.5231994628906,75.5551335209621,94611680.0,1.7773323547367512,0.0755669614731187,TSLA
2025-09-15,423.1300048828125,425.70001220703125,402.42999267578125,410.0400085449219,163823700,0.03561147147692467,0.02965788914837433,373.9100036621094,347.2490005493164,330.41699951171876,77.12500769854682,112334760.0,1.4583526951052372,0.016608129491460843,TSLA
2025-09-16,414.5,423.25,411.42999267578125,421.6199951171875,104285700,0.028241113869250656,0.027062368228336055,388.8400024414062,351.57200012207034,332.97059936523436,78.3312910006425,122428700.0,0.8518076235392519,0.01055455684874329,TSLA
2025-09-17,415.75,428.30999755859375,409.6700134277344,425.8599853515625,106133500,0.01005642588937583,0.027289378890449197,404.45399780273436,356.3994995117188,335.53159912109373,80.35343244944448,129231060.0,0.8212692830964939,0.019607397714585417,TSLA
2025-09-18,428.8699951171875,432.2200012207031,416.55999755859375,416.8500061035156,90454500,-0.021157139806429193,0.03085739933963532,414.06199951171874,361.0470001220703,337.9509991455078,77.0475497421811,126570760.0,0.7146555807992304,0.0215904998637928,TSLA
2025-09-19,421.82000732421875,429.4700012207031,421.7200012207031,426.07000732421875,93131000,0.022118270566640064,0.030417969529813654,420.08800048828124,366.3450012207031,340.2749993896484,85.98189811149254,111565680.0,0.8347638807920141,0.0392423802034485,TSLA
2025-09-22,431.1099853515625,444.9800109863281,429.1300048828125,434.2099914550781,97108800,0.019104804353584193,0.028204444490431694,424.9219970703125,371.0550003051758,342.6889990234375,89.7912828805265,98222700.0,0.988659444303608,-0.024918765158723932,TSLA
2025-09-23,439.8800048828125,440.9700012207031,423.7200012207031,425.8500061035156,83422700,-0.019253323313789705,0.03064738503851987,425.76799926757815,375.01750030517576,344.8679992675781,83.88980936086183,94050100.0,0.8870027783064558,0.03416693104245705,TSLA
2025-09-24,429.8299865722656,444.2099914550781,429.0299987792969,442.7900085449219,93133600,0.03977927016229388,0.030387468275217107,429.15400390625,379.57350006103513,347.5081994628906,85.25157200256722,91450120.0,1.0184087237939108,0.0009484922921734196,TSLA
2025-09-25,435.239990234375,435.3500061035156,419.0799865722656,423.3900146484375,96746400,-0.04381307961359793,0.03443482053822119,430.4620056152344,383.26300048828125,349.5425994873047,73.40777128250875,92708500.0,1.0435547981037336,0.050379049657033104,TSLA
2025-09-26,428.29998779296875,440.4700012207031,421.0199890136719,440.3999938964844,101628200,0.0401756741055197,0.02929995328037491,433.3280029296875,387.98399963378904,351.9623992919922,78.05301616700194,94407940.0,1.0764793723917714,0.043278832476718376,TSLA
2025-09-29,444.3500061035156,450.9800109863281,439.5,443.2099914550781,79491500,0.00638055766924972,0.02801111595603232,435.1280029296875,393.4509994506836,354.23359924316406,78.34257357260412,90884480.0,0.8746432834296901,-0.016267664524907022,TSLA
2025-09-30,441.5199890136719,445.0,433.1199951171875,444.7200012207031,74358000,0.0034069849388267404,0.027119963873883646,438.902001953125,399.2190002441406,356.5581994628906,78.43023524344437,89071540.0,0.8348121072117985,-0.033481774167040346,TSLA
2025-10-01,443.79998779296875,462.2900085449219,440.75,459.4599914550781,98122300,0.033144428390707636,0.028482500051379846,442.2359985351562,405.4875,359.1051995849609,77.60522659578916,90069280.0,1.0894091748041064,-0.013515848105536965,TSLA
2025-10-02,470.5400085449219,470.75,435.57000732421875,436.0,137009000,-0.051059922281332826,0.033080901091751984,444.75799560546875,410.36100006103516,361.17399963378904,62.478203073965446,98121800.0,1.3963155995915282,-0.006674320325938954,TSLA
2025-10-03,443.2900085449219,446.7699890136719,416.5799865722656,429.8299865722656,133188200,-0.014151406944344913,0.03298347719400216,442.643994140625,414.3104995727539,363.664599609375,56.48469440203389,104433800.0,1.2753361459604076,0.020612837972976195,TSLA
2025-10-06,440.75,453.54998779296875,436.69000244140625,453.25,85324900,0.054486690457546505,0.036776744860709025,444.65199584960936,419.6529998779297,366.4083996582031,59.61808004394919,105600480.0,0.807997274254814,-0.03907334022080111,TSLA
2025-10-07,447.82000732421875,452.67999267578125,432.45001220703125,433.0899963378906,102296100,-0.044478772558432134,0.03939048415409337,442.32599487304685,423.95899963378906,368.55839965820314,52.00443947559499,111188100.0,0.9200274130055285,-0.04525619679338888,TSLA
2025-10-08,437.57000732421875,441.3299865722656,425.2300109863281,438.69000244140625,71192100,0.012930352007360923,0.03742457365397798,438.1719970703125,428.5039993286133,370.90819946289065,56.17158353209546,105802060.0,0.6728800932609441,-0.006359863524116993,TSLA
2025-10-09,431.80999755859375,436.3500061035156,426.17999267578125,435.5400085449219,69339900,-0.007180455170972544,0.03435919495513123,438.0799987792969,431.8404998779297,373.23819946289063,52.771113473012555,92268240.0,0.751503442571355,-0.014464844071602867,TSLA
2025-10-10,436.5400085449219,443.1300048828125,411.45001220703125,413.489990234375,112107900,-0.05062684914805626,0.035528779788162344,434.81199951171874,432.71799926757814,375.3425994873047,44.39333224440289,88052180.0,1.2731984602766224,0.05238338091287775,TSLA
2025-10-13,423.5299987792969,436.8900146484375,419.70001220703125,435.8999938964844,79552800,0.054197209585187034,0.0402425417374392,431.3419982910156,434.01099853515626,378.0079992675781,52.52728132805711,86897760.0,0.9154758419549595,-0.016402830916722455,TSLA
2025-10-14,426.7900085449219,434.20001220703125,417.8599853515625,429.239990234375,72669400,-0.015278742269702716,0.040451894882051954,430.5719970703125,434.3919982910156,380.4075988769531,46.406784143550276,80972420.0,0.8974586655555065,0.02346008655605525,TSLA
2025-10-15,434.8999938964844,440.510009765625,426.3299865722656,435.1499938964844,71558200,0.013768529951932784,0.038975927346909654,429.86399536132814,434.8564987182617,382.93619873046873,53.358841929046726,81045640.0,0.8829370710133204,0.028220151560471196,TSLA
2025-10-16,434.7300109863281,439.3500061035156,421.30999755859375,428.75,77189900,-0.01470755828163206,0.03573626474987123,428.50599365234376,435.4514984130859,385.11299865722657,46.45789271213701,82615640.0,0.9343255102786833,0.03230322123268947,TSLA
2025-10-17,425.5,441.4599914550781,423.6000061035156,439.30999755859375,89331600,0.02462973191508744,0.03626342785209587,433.6699951171875,436.1134979248047,387.453798828125,48.86759787199315,78060380.0,1.1443910470330787,-0.0007739326211105846,TSLA
2025-10-20,443.8699951171875,449.79998779296875,440.6099853515625,447.42999267578125,63719000,0.018483519979771268,0.03210796130808187,435.9759948730469,436.77449798583984,389.80939880371096,50.75778508740115,74893620.0,0.8507934320707158,0.00346427002194738,TSLA
2025-10-21,445.760009765625,449.29998779296875,442.04998779296875,442.6000061035156,54412200,-0.010794954856246153,0.028594223590923142,438.647998046875,437.6119979858398,391.8807989501953,45.008886052547325,71242180.0,0.763763826429792,-0.020063273294975148,TSLA
2025-10-22,443.45001220703125,445.5400085449219,429.0,438.9700012207031,84023500,-0.008201547294971134,0.028521960645196225,439.41199951171876,437.4209976196289,393.84339904785156,50.99617644957436,73735240.0,1.1395297553788393,0.03063993477829685,TSLA
2025-10-23,420.0,449.3999938964844,413.8999938964844,448.9800109863281,126709800,0.022803402824313368,0.029201091610243687,443.4580017089844,438.70049743652345,396.0353991699219,56.261859961249804,83639220.0,1.5149567391948418,0.02576946973925076,TSLA
2025-10-24,446.8299865722656,451.67999267578125,430.1700134277344,433.7200012207031,94727800,-0.03398817183887881,0.026086856104644958,442.3400024414062,438.3664978027344,397.9981994628906,43.25388785430163,84718460.0,1.1181482760663968,0.0640736153894379,TSLA
2025-10-27,439.9800109863281,460.1600036621094,438.69000244140625,452.4200134277344,105867500,0.043115401997602554,0.02391390664894846,443.3380065917969,438.8269989013672,400.4353997802734,56.7450665853376,93148160.0,1.136549557178585,-0.027231349097218138,TSLA
2025-10-28,454.7799987792969,467.0,451.6000061035156,460.54998779296875,80185700,0.017969970655449252,0.023240170925742126,446.9280029296875,439.61849822998045,402.9431994628906,57.495537050330356,98302860.0,0.8157005808376278,-0.008663533471134577,TSLA
2025-10-29,462.5,465.70001220703125,452.6499938964844,461.510009765625,67983500,0.0020845119924046696,0.023172878639655215,451.4360046386719,439.7209991455078,405.58719970703123,59.04058860262333,95094860.0,0.7149019410723145,0.014864217907313293,TSLA
2025-10-30,451.04998779296875,455.05999755859375,439.6099853515625,440.1000061035156,72447900,-0.04639120107705208,0.028002630320579917,449.6600036621094,439.9259994506836,407.91119995117185,59.304850691399444,84242480.0,0.8599924883502955,0.009452405372452732,TSLA
2025-10-31,446.75,458.0,443.69000244140625,456.55999755859375,83135800,0.03740057084027071,0.029358529509236935,454.2280029296875,441.2625,410.6402001953125,57.53794599163974,81924080.0,1.014790767256709,0.012068533807362058,TSLA
2025-11-03,455.989990234375,474.07000732421875,453.79998779296875,468.3699951171875,84595200,0.02586735066967427,0.02984515831441501,457.4179992675781,442.01849975585935,413.20739990234375,63.7597595509351,77669620.0,1.089167167291407,-0.0479535232598719,TSLA
2025-11-04,454.4599914550781,460.2200012207031,443.6000061035156,444.260009765625,87756600,-0.05147636612701911,0.034625146933854496,454.1600036621094,442.5770004272461,415.1605999755859,52.8399578435359,79183800.0,1.1082645692679562,-0.033178815171163833,TSLA
2025-11-05,452.04998779296875,466.3299865722656,440.7099914550781,462.07000732421875,85573000,0.040089130615176494,0.03652713099695238,454.2720031738281,443.7460006713867,417.3685998535156,59.697325288629166,82701700.0,1.034718754269864,-0.036444686023679895,TSLA
2025-11-06,461.9599914550781,467.45001220703125,435.0899963378906,445.9100036621094,109622900,-0.03497306340156037,0.03806649960808402,455.4340026855469,444.2645004272461,419.2947998046875,51.860204715499265,90136700.0,1.2161849723808393,-0.014106004559808372,TSLA
2025-11-07,437.9200134277344,439.3599853515625,421.8800048828125,429.5199890136719,103471500,-0.03675632866235745,0.038349886298500835,450.0260009765625,445.0660003662109,420.96559936523437,45.17692616824196,94203840.0,1.0983787922021013,0.0025144745703775673,TSLA
2025-11-10,439.6000061035156,449.6700134277344,433.3599853515625,445.2300109863281,76515900,0.03657576451501576,0.03757508131097115,445.39800415039065,445.5325012207031,423.1927996826172,50.66904203242206,92587980.0,0.8264128885844577,-0.09711838754122282,TSLA
2025-11-11,439.3999938964844,442.489990234375,432.3599853515625,439.6199951171875,60533200,-0.01260026442672324,0.03710438667952423,444.4700012207031,446.05150146484374,425.3979998779297,50.16370163215885,87143300.0,0.6946397485520975,-0.08022835495521563,TSLA
2025-11-12,442.1499938964844,442.3299865722656,426.55999755859375,430.6000061035156,58513500,-0.02051769508633805,0.03737874229645011,438.1760009765625,445.8240020751953,427.3282000732422,45.34777734933088,81731400.0,0.7159243571014322,-0.05034833341495448,TSLA
2025-11-13,423.1300048828125,424.5,396.3399963378906,401.989990234375,118948000,-0.06644220962287406,0.040200862173586704,429.3919982910156,444.4860015869141,428.59739990234374,42.477119780274634,83596420.0,1.4228838986167112,-0.0018408175635009627,TSLA
2025-11-14,386.29998779296875,412.19000244140625,382.7799987792969,404.3500061035156,105506700,0.005870832424868633,0.037355490667085614,424.3580017089844,442.73800201416014,429.66760009765625,37.64585061433571,84003460.0,1.255980408426034,-0.0008903570266014516,TSLA
2025-11-17,398.739990234375,423.9599914550781,398.739990234375,408.9200134277344,102214300,0.011302107716671506,0.035998692550884226,417.09600219726565,440.8125030517578,430.9180004882812,36.48359802715183,89143140.0,1.1466311372922247,-0.033478435859989,TSLA
2025-11-18,405.3800048828125,408.8999938964844,393.7099914550781,401.25,80688600,-0.018756757252943457,0.033502554678475994,409.4220031738281,438.74500274658203,432.0036004638672,34.75974015148569,93174220.0,0.865997053691461,-0.025320881400895612,TSLA
2025-11-19,406.17999267578125,411.7799987792969,398.5,403.989990234375,72047700,0.006828636098130891,0.029421586958330113,404.1,436.9960021972656,433.1276000976562,39.91509696568133,95881060.0,0.7514278628125305,0.03413453025636004,TSLA
2025-11-20,414.6300048828125,428.94000244140625,394.739990234375,395.2300109863281,113548800,-0.02168365419886953,0.028604945402047385,402.7480041503906,434.3085021972656,433.65600036621095,32.101800755698605,94801220.0,1.1977567377297464,0.06115421966524792,TSLA
2025-11-21,402.32000732421875,402.79998779296875,383.760009765625,391.0899963378906,100460600,-0.010474950113494086,0.027212096481453556,400.09600219726565,432.177001953125,433.55900024414063,26.390086695172855,93792000.0,1.0710998805868304,0.09074635139404763,TSLA
2025-11-24,402.1700134277344,421.7200012207031,401.0899963378906,417.7799987792969,96806400,0.0682451678419993,0.03408031271800992,401.8679992675781,430.44500122070315,433.71380004882815,42.03561177856042,92710420.0,1.0441803628977195,0.029656792294125323,TSLA
2025-11-25,414.4200134277344,420.4800109863281,405.95001220703125,419.3999938964844,71915600,0.0038776272725380423,0.034114552451526545,405.497998046875,428.3875015258789,433.6694000244141,35.781409242235,90955820.0,0.7906651822830029,0.025608061297692775,TSLA
2025-11-26,423.95001220703125,426.94000244140625,416.8900146484375,426.5799865722656,63463000,0.017119677587676296,0.034187316306066313,410.0159973144531,426.64100036621096,433.6838000488281,43.14878864288891,89238880.0,0.7111586339945101,0.006235650395799208,TSLA
2025-11-28,426.5899963378906,432.92999267578125,426.20001220703125,430.1700134277344,36252900,0.008415835173881447,0.025114019518634272,417.0039978027344,426.1445007324219,433.9502001953125,50.2533811513925,73779700.0,0.49136686649579764,0.03851959990099196,TSLA
2025-12-01,425.32000732421875,433.6600036621094,425.2900085449219,430.1400146484375,57463600,-6.973703038437584e-05,0.02521570826719435,424.8140014648437,424.82350158691406,434.0316003417969,43.29869941894929,65180300.0,0.8816099342899618,0.05670243013962284,TSLA
2025-12-02,430.80999755859375,436.79998779296875,422.1199951171875,429.239990234375,69336600,-0.0020923987153301793,0.025286777610587605,427.1059997558594,422.86700134277345,433.9322003173828,45.18909967541854,59686340.0,1.1616828909261314,0.06001307043073845,TSLA
2025-12-03,432.1000061035156,447.9200134277344,431.1099853515625,446.739990234375,87483000,0.04076973347810542,0.02603151983150694,432.5739990234375,422.9910003662109,434.35,56.93536157772313,62799820.0,1.393045394079155,-0.01602722795949607,TSLA
2025-12-04,449.94000244140625,454.6300048828125,445.3900146484375,454.5299987792969,71906500,0.017437455153354264,0.02605455863807864,438.16400146484375,422.61399993896487,434.5847998046875,77.49632105976477,64488520.0,1.1150279150459648,-0.020592667979451362,TSLA
2025-12-05,453.0299987792969,458.8699951171875,451.6600036621094,455.0,56427500,0.0010340378456106247,0.023656326343812963,443.1299987792969,423.06849975585936,435.21699951171877,77.0421592029263,68523440.0,0.8234773385574338,-0.007802170973557732,TSLA
2025-12-08,447.45001220703125,449.75,435.25,439.5799865722656,69165800,-0.033890139401614006,0.027276714433002974,445.0179931640625,423.5714996337891,435.2005993652344,64.6698350416353,70863880.0,0.9760374396660189,0.0166295743652336,TSLA
2025-12-09,437.5400085449219,452.3900146484375,435.70001220703125,445.1700134277344,62367400,0.01271674558948499,0.018956781245196674,448.20399780273436,423.56849975585936,435.2397998046875,71.44111574711249,69470040.0,0.8977596673328532,0.030976879869250906,TSLA
2025-12-10,446.07000732421875,456.8800048828125,443.6099853515625,451.45001220703125,63257500,0.014106967203253218,0.019073276447708433,449.1460021972656,424.1600006103516,435.37440002441406,72.39523631231819,64624940.0,0.9788403672018883,0.05285188770937621,TSLA
2025-12-11,448.95001220703125,449.2699890136719,440.3299865722656,446.8900146484375,55979500,-0.010100780674035192,0.019494293022151866,447.6180053710938,424.97450103759763,435.12300048828126,75.38323124329916,61439540.0,0.9111314961016961,0.09619814456627473,TSLA
2025-12-12,448.0899963378906,463.010009765625,441.6700134277344,458.9599914550781,95656700,0.027008830833098685,0.020722013104499254,448.4100036621094,427.8230010986328,435.5822003173828,80.93716648805172,69285380.0,1.3806188260784598,0.018084404882945604,TSLA
2025-12-15,469.44000244140625,481.7699890136719,467.6600036621094,475.30999755859375,114542200,0.035624033484225714,0.02243149644127989,455.556005859375,431.3710006713867,436.4918005371094,78.9531755922203,78360660.0,1.4617309246757237,0.016957349098469576,TSLA
2025-12-16,472.2099914550781,491.5,465.8299865722656,489.8800048828125,107608100,0.030653694218629735,0.022814575698873598,464.4980041503906,435.41900024414065,437.22440063476563,81.38021424248657,87408800.0,1.2310900046677222,-0.017718609841725685,TSLA
2025-12-17,488.2200012207031,495.2799987792969,466.20001220703125,467.260009765625,106490400,-0.04617456293730249,0.027390788890023277,467.6600036621094,438.71950073242186,437.9078009033203,65.92296741329648,96055380.0,1.1086354559213654,0.045948723990894,TSLA
2025-12-18,478.1600036621094,490.8599853515625,473.1199951171875,483.3699951171875,95168400,0.034477560704677446,0.028757404776970686,474.95599975585935,442.6885009765625,438.80140075683596,68.96476772074053,103893160.0,0.9160218054778582,0.004530695871752144,TSLA
2025-12-19,488.1199951171875,490.489990234375,474.7200012207031,481.20001220703125,103305400,-0.00448927929345333,0.028927564581080218,479.40400390625,446.9870010375977,439.7146008300781,67.92836685551558,105422900.0,0.9799142311585054,0.008728141277864587,TSLA
2025-12-22,489.8800048828125,498.8299865722656,485.3299865722656,488.7300109863281,86916100,0.01564837611861325,0.02536042530938981,482.0880065917969,451.8690017700195,441.2194012451172,69.95907576972262,99897680.0,0.8700512364251102,-0.027704475355618485,TSLA
2025-12-23,489.3999938964844,491.9700012207031,482.8399963378906,485.55999755859375,58223600,-0.00648622625268469,0.02593212636548292,481.2240051269531,455.25800170898435,442.21260131835936,64.40980096740941,90020780.0,0.6467795546761537,-0.053381627482664284,TSLA
2025-12-24,488.4800109863281,490.8999938964844,476.79998779296875,485.3999938964844,41285400,-0.00032952397832164415,0.026019586305132927,484.852001953125,458.55800170898436,443.33580139160154,62.14684557246573,76979780.0,0.5363148608634631,-0.06380305234883821,TSLA
2025-12-26,485.2300109863281,489.0899963378906,473.82000732421875,475.19000244140625,58780700,-0.021034181259704576,0.02705436404214238,483.21600341796875,460.9885025024414,444.1366015625,57.378847599481595,69702240.0,0.8433114918544942,-0.05359961507995681,TSLA
2025-12-29,469.0,469.3999938964844,459.0,459.6400146484375,66263000,-0.03272372674735757,0.02857218607648344,478.90400390625,462.4620025634766,444.75440185546876,57.32438739191874,62293760.0,1.0637180995335649,-0.04692804507178705,TSLA
2025-12-30,461.0899963378906,463.1199951171875,453.8299865722656,454.42999267578125,59238500,-0.011335005235871831,0.025894537014083414,472.04400024414065,463.67650146484374,445.0568017578125,53.3904443039539,56758240.0,1.0436986770555254,-0.00607349711183347,TSLA
2025-12-31,456.1000061035156,456.54998779296875,449.29998779296875,449.7200012207031,49078000,-0.010364613980130777,0.02283130140554279,464.8760009765625,464.7005020141602,445.10260192871095,49.359207532931485,54929120.0,0.8934787231253659,-0.037267654807729866,TSLA
2026-01-02,457.79998779296875,458.3399963378906,435.29998779296875,438.07000732421875,85535400,-0.02590499391813139,0.019790618475474416,455.4100036621094,464.26700286865236,445.012001953125,46.89611132733464,63779120.0,1.3411191625096113,-0.015203057846368995,TSLA
2026-01-05,447.989990234375,457.54998779296875,444.57000732421875,451.6700134277344,67940800,0.031045280151877908,0.019020498639258435,450.706005859375,464.1240036010742,445.2660021972656,47.46188330515541,65611140.0,1.035507080047687,-0.03513632776798181,TSLA
2026-01-06,446.3800048828125,448.25,428.7799987792969,432.9599914550781,89093800,-0.041424095947095174,0.021929309676593827,445.3700012207031,463.0220031738281,444.94560180664064,35.49359260486564,70177300.0,1.2695529751073353,0.027831713202990382,TSLA
2026-01-07,435.8999938964844,438.3699951171875,431.2900085449219,431.4100036621094,59828800,-0.0035799792672750463,0.020174984961243106,440.76600341796876,462.61350402832034,444.89940185546874,28.01052678695423,70295360.0,0.8511059620435829,0.04068053045592879,TSLA
2026-01-08,427.8900146484375,436.8900146484375,424.3699951171875,435.79998779296875,57041100,0.010175897854927118,0.021354150998153652,437.98200073242185,462.145002746582,444.56700134277344,36.28834117554421,71887980.0,0.7934720102025401,0.026158845189041546,TSLA
2026-01-09,435.95001220703125,449.04998779296875,430.3900146484375,445.010009765625,67331500,0.02113359850994656,0.02346916663346009,439.3700012207031,461.82300262451173,444.2562017822266,32.211100563083534,68247200.0,0.9865825997257031,-0.013055880611884896,TSLA
2026-01-12,441.2300109863281,454.29998779296875,438.0,448.9599914550781,61649600,0.00887616368794375,0.023585935478336113,438.8279968261719,461.92650146484374,444.0052014160156,35.291962154863896,66988960.0,0.9202949262087364,-0.023142338579403177,TSLA
2026-01-13,450.20001220703125,451.80999755859375,443.95001220703125,447.20001220703125,53719200,-0.003920124914344347,0.021550692123496876,441.6760009765625,461.33850250244143,444.14720153808594,30.000961114257677,59914040.0,0.8966045354310943,-0.02169054548804583,TSLA
2026-01-14,442.80999755859375,443.9100036621094,434.2200012207031,439.20001220703125,57259500,-0.017889087168218576,0.021944302245775663,443.2340026855469,459.53300323486326,443.8000018310547,28.667404376265594,59400180.0,0.963961725368509,-0.04542352379905479,TSLA
2026-01-15,441.1300048828125,445.3599853515625,437.6499938964844,438.57000732421875,49465800,-0.0014344373071545347,0.02180091208200178,443.7880065917969,456.9675033569336,443.2040020751953,28.54393953418527,57885120.0,0.8545512214538037,-0.016257392807852322,TSLA
2026-01-16,439.5,447.25,435.260009765625,437.5,60220600,-0.0024397640202233895,0.020179508047087548,442.2860046386719,455.47950286865233,443.0688018798828,31.153112250005492,56462940.0,1.0665509093221146,0.027108537946428646,TSLA
2026-01-20,429.3599853515625,430.7300109863281,417.44000244140625,419.25,63187300,-0.041714285714285704,0.02086916368407668,436.34400634765626,452.273503112793,442.21240173339845,30.33400833178304,56770480.0,1.113030927341111,0.07110315458221517,TSLA
2026-01-21,421.6600036621094,438.20001220703125,419.6199951171875,431.44000244140625,68124000,0.02907573629435012,0.019917504321931973,433.19200439453124,449.7855026245117,441.9230017089844,39.518558485958344,59651440.0,1.1420344588496103,0.008715023512766651,TSLA
2026-01-22,435.1600036621094,449.5,432.6300048828125,449.3599853515625,71546700,0.041535283721378935,0.023792327791617482,435.2239990234375,447.81700134277344,442.3198016357422,49.853509137269775,62508880.0,1.1445845774232397,-0.041080630356162495,TSLA
2026-01-23,447.42999267578125,452.42999267578125,444.0400085449219,449.05999755859375,56771400,-0.0006675890216037983,0.02374384521171885,437.3219970703125,445.99200134277345,442.3964013671875,54.92692251493592,63970000.0,0.8874691261528842,-0.03919299469826221,TSLA
2026-01-26,445.0,445.0400085449219,434.2799987792969,435.20001220703125,49397400,-0.030864440001147186,0.025051283190696313,436.86199951171875,443.4820022583008,442.30800170898436,42.633505253563,61805360.0,0.7992413602962591,-0.042830914810659926,TSLA
2026-01-27,437.4100036621094,437.5199890136719,430.69000244140625,430.8999938964844,37733100,-0.009880556502607107,0.024852505109761447,439.19199829101564,441.2675018310547,442.3140014648437,48.94228858777303,56714520.0,0.6653163951665287,-0.0011371321450812655,TSLA
2026-01-28,431.9100036621094,438.260009765625,430.1000061035156,431.4599914550781,54857400,0.0012995998294869082,0.02490492599460367,439.19599609375,439.8585006713867,442.9034014892578,50.025929980820045,54061200.0,1.0147277529910546,-0.02236590666017546,TSLA
2026-01-29,437.79998779296875,440.2300109863281,414.6199951171875,416.55999755859375,81686100,-0.03453389466363932,0.026493973968705543,432.63599853515626,437.96500091552736,443.14760131835936,41.00093693850064,56089080.0,1.4563636986022948,0.012963304033351886,TSLA
2026-01-30,425.3500061035156,439.8800048828125,422.70001220703125,430.4100036621094,82626100,0.033248526466028494,0.029144688676750383,428.9059997558594,436.99950103759767,443.57740112304685,43.45525687008354,61260020.0,1.3487769021296434,-0.056690118001159306,TSLA
2026-02-02,421.2900085449219,427.1499938964844,414.5,421.80999755859375,58739500,-0.019980962408733927,0.02972992318629754,426.2279968261719,436.1865005493164,443.98860107421876,38.3165502809987,63128440.0,0.930476026336149,-0.058320111533388785,TSLA
2026-02-03,424.2699890136719,428.55999755859375,413.69000244140625,421.9599914550781,56886500,0.0003555958781265023,0.026480978480875984,424.43999633789065,434.7009994506836,444.34800109863284,38.985851060458,66959120.0,0.8495706036757951,-0.02571335274252118,TSLA
2026-02-04,420.4599914550781,423.8999938964844,399.17999267578125,406.010009765625,74606900,-0.03779974882085746,0.027030025635887443,419.35,433.35350036621094,444.56360107421875,36.456373525489774,70909020.0,1.0521496418932317,0.02785645005432902,TSLA
2026-02-05,397.0199890136719,402.1000061035156,387.5299987792969,397.2099914550781,72819800,-0.02167438757390938,0.021593260589678073,415.47999877929686,431.64349975585935,444.6860009765625,34.17749745083623,69135760.0,1.0532870398763245,0.07049168098070524,TSLA
2026-02-06,400.8699951171875,414.54998779296875,397.75,411.1099853515625,62677100,0.03499406912088299,0.02614662632537085,411.6199951171875,430.40899963378905,444.5526007080078,40.8067928363515,65145960.0,0.9621026384445022,0.04174066374825447,TSLA
2026-02-09,409.9100036621094,421.25,407.2900085449219,417.32000732421875,54484300,0.015105500216312517,0.025813511857840723,410.7219970703125,429.0244995117188,444.5110009765625,49.266106616807434,64294920.0,0.8474122061276381,-0.0005990606623510475,TSLA
2026-02-10,418.0799865722656,427.25,417.0,425.2099914550781,64450200,0.018906316477488305,0.026661997839947132,411.3719970703125,427.8369995117188,444.48360107421877,47.550903230775475,65807660.0,0.9793723101535596,-0.01827329829923041,TSLA
2026-02-11,427.9599914550781,436.3500061035156,420.0299987792969,428.2699890136719,57362000,0.00719643851293883,0.026783637123984096,415.82399291992186,426.89049835205077,444.4456005859375,40.61248159042433,62358680.0,0.9198719408428786,-0.041188933577823605,TSLA
2026-02-12,430.29998779296875,436.2300109863281,414.0,417.07000732421875,61933400,-0.02615168463063977,0.025706841586807673,419.79599609375,425.7839981079102,444.18420043945315,37.02020802377414,60181400.0,1.0291119847660573,-0.013786654276316979,TSLA
2026-02-13,414.30999755859375,424.05999755859375,410.8800048828125,417.44000244140625,51434100,0.0008871295242764976,0.023010512618179237,421.06199951171874,424.72749786376954,443.94820068359377,41.9081413586358,57932800.0,0.8878234782368537,-0.013726549810310518,TSLA
2026-02-17,412.3599853515625,413.7200012207031,400.510009765625,410.6300048828125,59678800,-0.016313715788533356,0.022734120263466988,419.7239990234375,423.38399810791014,443.2260009765625,40.97104920957412,58971700.0,1.0119904971367621,0.0028979919325327064,TSLA
2026-02-18,411.1099853515625,416.8999938964844,409.5799865722656,411.32000732421875,45921400,0.0016803507615161806,0.022756131013575733,416.9460021972656,422.9874984741211,442.36180114746094,41.0393358582711,55265940.0,0.8309168359390974,-0.027934504880274935,TSLA
2026-02-19,407.25,415.25,404.1099853515625,411.7099914550781,51019600,0.0009481282794785439,0.01903816988709814,413.6340026855469,422.00099792480466,441.4960009765625,47.52221934310632,53997460.0,0.944851850438891,-0.005659290813008755,TSLA
2026-02-20,408.29998779296875,414.70001220703125,405.5,411.82000732421875,57912200,0.00026721690370390405,0.01724288659301812,412.58400268554686,420.1239990234375,440.94080139160155,38.95162129897623,53193220.0,1.0887139376033261,0.013549576205685865,TSLA
2026-02-23,407.2900085449219,407.70001220703125,394.0400085449219,399.8299865722656,69680000,-0.02911471161845125,0.016224163399022447,409.06199951171874,417.6624984741211,440.0340008544922,37.44286234834048,56842400.0,1.2258454956159486,0.02188430156280563,TSLA
2026-02-24,399.5,410.82000732421875,397.6400146484375,409.3800048828125,58579500,0.023885197787236967,0.017481158938197232,408.81199951171874,416.37149810791016,439.19260070800783,43.51011925847207,56622540.0,1.0345615014797993,-0.01678146229724653,TSLA
2026-02-25,412.1499938964844,420.3399963378906,412.1499938964844,417.3999938964844,54809700,0.019590573349979934,0.017572233251158413,410.0279968261719,415.69649810791014,438.60280029296877,56.39958505156849,58400200.0,0.9385190461676501,-0.033732598893514765,TSLA
2026-02-26,414.4200134277344,416.80999755859375,403.6600036621094,408.5799865722656,53602500,-0.021130827631028026,0.018246792287228756,409.40199584960936,414.55249786376953,437.5952001953125,56.386919374082865,58916780.0,0.9098002300872519,-0.03952712914788825,TSLA
2026-02-27,402.94000244140625,407.1199951171875,398.1099853515625,402.510009765625,56890100,-0.014856275407819197,0.017072489582776715,407.5399963378906,413.8499984741211,436.13920043945313,44.70314340857094,58712360.0,0.9689629236501479,0.008521509012356043,TSLA
2026-03-02,390.6000061035156,404.5400085449219,388.25,403.32000732421875,55088300,0.0020123662491409178,0.01710767220875002,408.2380004882813,412.49549865722656,434.40800048828123,40.762730361902065,55794020.0,0.9873513326338558,0.00552905987368324,TSLA
2026-03-03,395.0899963378906,396.3399963378906,385.3900146484375,392.42999267578125,62617300,-0.027000928420799375,0.018302822620373374,404.847998046875,411.02649841308596,432.91140014648437,29.195227667411856,56601580.0,1.1062818387755253,0.010957415056956243,TSLA
2026-03-04,397.8500061035156,408.3299865722656,394.5799865722656,405.94000244140625,68305500,0.03442654745501761,0.022051449177921203,402.5559997558594,410.22549896240236,431.36280029296876,37.48740119751468,59300740.0,1.1518490325753101,-0.017884440365477206,TSLA
2026-03-05,401.57000732421875,408.6199951171875,399.4200134277344,405.54998779296875,51925900,-0.0009607691927178141,0.02204003499197454,401.95,410.2024978637695,429.8497998046875,42.654926628653975,58965420.0,0.8806161306067183,-0.015559111696521577,TSLA
2026-03-06,398.0899963378906,402.3500061035156,394.2099914550781,396.7300109863281,64054600,-0.021748186591348584,0.022948236260918985,400.79400024414065,410.17849884033205,428.0097998046875,38.07989792581002,60398320.0,1.0605361208722361,0.02795351002138524,TSLA
2026-03-09,390.04998779296875,401.5899963378906,381.3999938964844,398.67999267578125,67018900,0.004915135319874642,0.02118120500939855,399.8659973144531,409.55699920654297,426.27219970703123,42.714296558930435,62784440.0,1.067444417757011,-0.009205335049609076,TSLA
2026-03-10,402.2200012207031,406.5899963378906,398.19000244140625,399.239990234375,59258700,0.0014046291985592152,0.019478834218138452,401.2279968261719,408.65299835205076,424.54899963378904,42.623341249714876,62112720.0,0.954050957678234,-0.020138208155510262,TSLA
2026-03-11,402.2799987792969,416.3800048828125,402.1499938964844,407.82000732421875,62559900,0.02149087591352461,0.01972422217375131,401.6039978027344,407.7834991455078,423.2015997314453,47.840578163355545,60963600.0,1.026184477294648,-0.030062305785498733,TSLA
2026-03-12,405.17999267578125,406.5,394.6499938964844,395.010009765625,60973800,-0.03141091003024221,0.02104723146338115,399.4960021972656,406.1205001831055,421.90899963378905,41.82154599402299,62773180.0,0.9713352103557602,0.01078448429844725,TSLA
2026-03-13,399.1700134277344,400.20001220703125,389.95001220703125,391.20001220703125,58504100,-0.009645319015724074,0.02078874578995797,398.39000244140624,404.8270004272461,420.64440002441404,45.43822037247642,61663080.0,0.948770317668206,0.00403882035522396,TSLA
2026-03-16,396.2200012207031,403.7300109863281,394.4200134277344,395.55999755859375,58068300,0.011145156481373375,0.021212694593938937,397.76600341796876,403.73300018310545,419.5611999511719,42.2706862498114,59872960.0,0.9698585137598007,-0.03857824314847347,TSLA
2026-03-17,395.69000244140625,400.1199951171875,393.0,399.2699890136719,46890500,0.00937908655570907,0.019444669769332,397.7720031738281,403.1649993896484,418.78519958496094,39.3465670669687,57399320.0,0.8169173432716624,-0.0784181090994085,TSLA
2026-03-18,399.0,403.07000732421875,392.30999755859375,392.7799987792969,50853100,-0.016254640751756533,0.016389613917014326,394.7640014648438,402.23799896240234,417.6073992919922,40.454327222684796,55057960.0,0.9236284816945634,-0.03037321837379181,TSLA
2026-03-19,387.2699890136719,387.2699890136719,378.7300109863281,380.29998779296875,67078300,-0.03177353995904619,0.018666687224345252,391.8219970703125,400.66749877929686,416.55419921875,37.546245245424075,56278860.0,1.1918915912653525,0.007178572374328729,TSLA
2026-03-20,379.8500061035156,379.8900146484375,364.4599914550781,367.9599914550781,78628600,-0.03244805872728129,0.019918465940621778,387.1739929199219,398.47449798583983,415.2851989746094,32.44288863021508,60303760.0,1.303875579234197,0.04889124135700884,TSLA
2026-03-23,373.0899963378906,385.3299865722656,372.7300109863281,380.8500061035156,74606000,0.035031022251806876,0.023860490140895887,384.23199462890625,397.52549896240237,414.18619934082034,44.3622255906133,63611300.0,1.1728419321724284,-0.022948721575122066,TSLA
2026-03-24,376.55999755859375,387.4800109863281,376.30999755859375,383.0299987792969,60004900,0.005724019012326664,0.024014000395782508,380.98399658203124,396.20799865722654,412.94659912109375,37.46305541295607,66234180.0,0.9059506738061829,-0.05534817709995288,TSLA
2026-03-25,389.989990234375,396.2300109863281,385.010009765625,385.95001220703125,55157300,0.007623458833617036,0.022753686312669375,379.6179992675781,394.63549957275393,411.6863995361328,39.563374211953935,67095020.0,0.8220774060429522,-0.07946628438317649,TSLA
2026-03-26,381.6000061035156,384.44000244140625,371.8699951171875,372.1099853515625,55522900,-0.03585963575004292,0.023357212105152115,377.97999877929686,392.81199951171874,410.1845989990234,37.55558921716499,64783940.0,0.8570472867195172,-0.0009674165320299188,TSLA
2026-03-27,369.69000244140625,369.8599853515625,359.4700012207031,361.8299865722656,62065700,-0.027626237359861583,0.024364398188175387,376.7539978027344,390.77799835205076,408.63719848632815,32.82051486340791,61471360.0,1.0096685676061177,0.05369931712245957,TSLA
2026-03-30,365.8599853515625,367.2900085449219,352.1400146484375,355.2799987792969,67954400,-0.018102390725044493,0.023620835286804993,371.63999633789064,388.37599792480466,406.97139831542967,30.589904892648164,60141040.0,1.1299172744601689,0.01494595129711307,TSLA
2026-03-31,361.510009765625,373.3299865722656,361.0,371.75,75534900,0.04635780589195071,0.029282642393365588,369.3839965820313,387.3419982910156,405.65639831542967,35.11103530495406,63247040.0,1.1942835585665352,-0.050921298388113656,TSLA
2026-04-01,378.6300048828125,383.1400146484375,374.0799865722656,381.260009765625,58683800,0.025581734406523227,0.03072421306203809,368.44599609375,386.1079986572266,404.8965985107422,44.16532376910553,63952340.0,0.9176177134409781,-0.09077798610564147,TSLA
2026-04-02,364.20001220703125,370.2799987792969,359.0299987792969,360.5899963378906,83031200,-0.05421500524128142,0.033765083315419935,366.1419982910156,383.85999908447263,403.4795983886719,38.63686673888411,69454000.0,1.1954847812940939,-0.048087846346248075,TSLA
2026-04-06,362.5899963378906,367.7200012207031,346.6400146484375,352.82000732421875,77697600,-0.021547988276388597,0.03293896887278139,364.3400024414062,381.6644989013672,401.548798828125,34.52571364928704,72580380.0,1.0705041775752622,-0.020407040580368574,TSLA
2026-04-07,346.44000244140625,348.0199890136719,337.239990234375,346.6499938964844,74515400,-0.017487708462248674,0.030145239615953744,362.61400146484374,379.06299896240233,399.5005987548828,31.282024337628144,73892580.0,1.008428721801296,0.006634987310092599,TSLA
2026-04-08,363.7900085449219,364.5,339.6700134277344,343.25,78838600,-0.009808146419583275,0.029701744499028362,356.91400146484375,376.2634994506836,397.6615985107422,31.985169000974338,74553320.0,1.0574793986371096,0.026715261260697343,TSLA
2026-04-09,343.1499938964844,348.8800048828125,337.25,345.6199951171875,62164000,0.006904574267115882,0.029653814273811904,349.78599853515624,373.153498840332,395.95599853515625,36.38505808545398,75249360.0,0.8261066937977944,0.05375851325830827,TSLA
2026-04-10,346.2900085449219,350.3599853515625,342.739990234375,348.95001220703125,51336000,0.009634908676839249,0.0288227779837108,347.4580017089844,370.85049896240236,394.3057989501953,41.9687501208712,68910320.0,0.7449682427827936,0.12322681901638166,TSLA
2026-04-13,350.07000732421875,356.3500061035156,348.57000732421875,352.4200134277344,53617500,0.009944121218842028,0.028135501872957113,347.3780029296875,368.9114990234375,393.02299926757814,36.95034487395711,64094300.0,0.8365408468459754,0.10351279461667251,TSLA
2026-04-14,357.6700134277344,367.6300048828125,354.7699890136719,364.20001220703125,59979600,0.03342602102735692,0.029595184258460496,350.88800659179685,367.3434997558594,391.69879943847656,42.05687291403461,61187140.0,0.9802648072781307,0.09999994972392567,TSLA
2026-04-15,366.8299865722656,394.6499938964844,362.5,391.95001220703125,113810400,0.07619439612820611,0.035400237013349094,360.6280090332031,366.97750091552734,391.10159973144533,52.092633251462125,68181500.0,1.669226989725952,0.001403209021149987,TSLA
2026-04-16,393.80999755859375,394.05999755859375,381.79998779296875,388.8999938964844,63515100,-0.007781651270713175,0.03490400623346516,369.2840087890625,366.7835006713867,390.4403997802734,56.3325049982102,68451720.0,0.9278817245205818,-0.006376910536568747,TSLA
2026-04-17,395.9200134277344,409.2799987792969,391.6499938964844,400.6199951171875,90640000,0.03013628543234881,0.029431312900138305,379.6180053710938,367.7995010375977,390.33259948730466,64.47279937493752,76312520.0,1.1877474364625884,-0.03272424120450512,TSLA
2026-04-20,402.5799865722656,406.79998779296875,388.3299865722656,392.5,64603900,-0.02026857175416885,0.029276662154864172,387.6340026855469,369.02650146484376,390.23839965820315,63.72620893616858,78509800.0,0.8228768892545899,-0.047847130647890146,TSLA
2026-04-21,393.0,393.95001220703125,385.2200012207031,386.4200134277344,50530600,-0.015490411649084379,0.029066098562373157,392.0780029296875,369.3050018310547,389.7446002197266,55.85909799725856,76620000.0,0.6594962150874445,-0.026189186075006976,TSLA
2026-04-22,387.57000732421875,393.010009765625,385.29998779296875,387.510009765625,62362800,0.0028207553957204645,0.02831217166753146,391.19000244140625,369.5290023803711,389.14840026855467,52.67620063141609,66330480.0,0.9401831556171462,-0.022812304495662628,TSLA
2026-04-23,375.2799987792969,386.0,368.3900146484375,373.7200012207031,93969500,-0.03558619957523779,0.03217842871013277,388.15400390625,368.91750183105466,388.1186004638672,55.974157399477235,72421360.0,1.2975384610286247,0.006154307464026898,TSLA
2026-04-24,373.5,382.760009765625,370.7300109863281,376.29998779296875,62893300,0.0069035282132037246,0.03217745894203851,383.2900024414063,369.127001953125,387.07920043945313,61.21297885921984,66872020.0,0.9405024702409169,-0.00930108985792899,TSLA
2026-04-27,372.0899963378906,380.7799987792969,364.0199890136719,378.6700134277344,66735800,0.0062982346841573555,0.032174013701083706,380.5240051269531,369.96900329589846,386.31120056152344,65.86720108205809,67298400.0,0.991640217300857,0.007816809755502474,TSLA
2026-04-28,374.67999267578125,382.2900085449219,372.5400085449219,376.0199890136719,50864400,-0.006998242057971282,0.031099289154047513,378.4440002441406,371.00600280761716,385.48280029296876,66.36044485249641,67365160.0,0.7550549868804587,0.039359658377120965,TSLA
2026-04-29,375.3999938964844,376.3999938964844,370.0400085449219,372.79998779296875,45384800,-0.008563377785179571,0.017851151558962372,375.5019958496094,371.0585021972656,384.72619995117185,63.45543378747088,63969560.0,0.7094749440202496,0.05287023234454091,TSLA
2026-04-30,372.75,384.75,368.1700134277344,381.6300048828125,51076000,0.02368566893502,0.019929959886368802,377.08399658203126,371.077001953125,384.13239990234376,65.34271077318604,55390860.0,0.9221015886014408,0.020281398567577824,TSLA
2026-05-01,382.489990234375,397.82000732421875,378.79998779296875,390.82000732421875,65338300,0.024080922159745333,0.018921458594637404,379.9880004882813,372.58850250244143,383.71460021972655,67.10923747704453,55879860.0,1.1692638456860844,0.020239505434396454,TSLA
2026-05-04,390.2300109863281,394.6400146484375,384.79998779296875,392.510009765625,48765100,0.00432424750456617,0.017898800856835838,382.75599975585936,374.57300262451173,383.3284002685547,63.85977640577087,52285720.0,0.932665745063853,0.04911976331714274,TSLA
2026-05-05,395.19000244140625,402.1199951171875,389.0,389.3699951171875,47780600,-0.007999833304410453,0.017318991962417405,385.4260009765625,376.70900268554686,383.11920043945315,48.33590401932463,51668960.0,0.924744759716472,0.10011046427600667,TSLA
2026-05-06,386.25,401.67999267578125,384.0199890136719,398.7300109863281,53465400,0.024038873016714035,0.018815980718517828,390.61200561523435,379.4830032348633,382.90620056152346,55.86306091423779,53285080.0,1.0033840617298502,0.1160434071647003,TSLA
2026-05-07,407.4800109863281,415.8299865722656,402.1199951171875,411.7900085449219,64294200,0.03275398690529352,0.015323273949517912,396.6440063476563,382.79150390625,382.7940008544922,56.55747543851288,55928720.0,1.1495739577090267,0.05259963382464261,TSLA
2026-05-08,416.4800109863281,431.20001220703125,416.3900146484375,428.3500061035156,65050000,0.040214665764012114,0.01799824872560973,404.15000610351564,386.7615036010742,383.1894012451172,69.14858276431457,55871060.0,1.1642879157832338,0.039500368084662396,TSLA
2026-05-11,422.1600036621094,449.1600036621094,416.79998779296875,445.0,78376100,0.038870068073398656,0.01949852453862065,414.64800415039065,391.3905029296875,384.03920104980466,78.11477213042578,61793260.0,1.2683600120789873,-0.0038202521506319753,TSLA
2026-05-12,441.4100036621094,447.79998779296875,422.260009765625,433.45001220703125,60569300,-0.025955028748244402,0.022690697773332977,423.46400756835936,394.8530029296875,384.6418011474609,70.03662426401414,64351000.0,0.9412332364687418,-0.025862317815097735,TSLA
2026-05-13,436.6700134277344,453.3999938964844,430.2099914550781,445.2699890136719,68283200,0.027269526989873505,0.021430314110938875,432.7720031738281,397.51900177001954,385.69860107421874,81.75200136945784,67314560.0,1.0143897546088096,-0.07923282424096545,TSLA
2026-05-14,446.489990234375,451.9800109863281,441.1600036621094,443.29998779296875,46070400,-0.004424284747029383,0.022440151496641282,439.0739990234375,400.23900146484374,386.44580078125,79.89468363696574,63669800.0,0.7235832372647629,-0.0884051511855869,TSLA
2026-05-15,433.9800109863281,434.6600036621094,422.0,422.239990234375,52688700,-0.04750732717914996,0.029607976799510827,437.85199584960935,401.32000122070315,386.77960083007815,66.6615551194013,61197540.0,0.8609610778472468,-0.011794194259017843,TSLA
2026-05-18,419.2699890136719,421.1300048828125,405.3299865722656,409.989990234375,52474200,-0.029011937010514632,0.03187736863896709,430.84999389648436,402.1945007324219,387.04480041503905,62.10188804539432,56017160.0,0.9367522380641932,0.01917123846035218,TSLA
2026-05-19,403.1600036621094,405.6300048828125,393.6300048828125,404.1099853515625,46500600,-0.014341825466156255,0.03222208836646959,424.98198852539065,403.0789993286133,387.15340026855466,60.946785336881945,53203420.0,0.8740152418773078,0.054193227606118555,TSLA
2026-05-20,407.6000061035156,417.4599914550781,406.3900146484375,417.260009765625,45294700,0.0325407064678751,0.03290881689672543,419.37999267578124,404.5664993286133,387.5138006591797,62.09190278620713,48605720.0,0.9318800338725566,0.03913623685490064,TSLA
2026-05-21,422.17999267578125,426.95001220703125,412.8999938964844,417.8500061035156,42636900,0.0014139776735901943,0.03143569982914593,414.2899963378906,406.7729995727539,387.71440063476564,59.74194357339188,47919020.0,0.8897698659112812,0.05387095589145541,TSLA
2026-05-22,422.6700134277344,431.510009765625,420.510009765625,426.010009765625,46104700,0.019528547428303344,0.029238621926044945,415.04400024414065,409.25850067138674,388.33440063476564,61.535811702355275,46602220.0,0.9893241137439375,0.03776905699174238,TSLA
2026-05-26,430.260009765625,435.20001220703125,426.1199951171875,433.5899963378906,45658900,0.017792977626126305,0.02676759615342032,419.7640014648438,412.0044998168945,389.1822003173828,64.77546308145588,45239160.0,1.0092782447773123,0.0050739459526571995,TSLA
2026-05-27,442.8900146484375,445.6000061035156,435.5199890136719,440.3599853515625,44656500,0.015613803526030035,0.025894114640152954,427.0140014648438,415.22149963378905,390.0782000732422,64.15504469928919,44870340.0,0.995234268338506,-0.05559083768523232,TSLA
2026-05-28,437.6199951171875,443.9599914550781,436.29998779296875,442.1000061035156,32435000,0.003951359818862743,0.02435884780047211,431.98200073242185,418.6865005493164,390.93480041503904,61.16554995952874,42298400.0,0.766813874756492,-0.0415291011437845,TSLA
2026-05-29,439.8500061035156,441.07000732421875,428.1400146484375,435.7900085449219,45176800,-0.014272783242432974,0.02473384231297935,435.57000122070315,421.3945007324219,391.79500061035156,52.96461730931618,42806380.0,1.0553753903039687,-0.02774271117013083,TSLA
2026-06-01,427.489990234375,429.6000061035156,415.42999267578125,415.8800048828125,44937900,-0.045687150397476395,0.024360961135284704,433.54400024414065,422.6475006103516,392.50660095214846,38.690384757613515,42573020.0,1.0555487959275616,0.006179684750515779,TSLA
2026-06-02,418.2200012207031,424.4200134277344,413.6499938964844,423.739990234375,37596000,0.018899647156100485,0.022965127637964954,431.5739990234375,424.20899963378906,393.62220092773435,46.11754381426568,40960440.0,0.9178612339125263,-0.07726433895527818,TSLA
2026-06-03,418.70001220703125,433.6000061035156,416.0,423.70001220703125,44500700,-9.43456559803213e-05,0.022160053229499127,428.24200439453125,425.9255004882813,394.4792010498047,40.478512007255034,40929280.0,1.0872583148298725,-0.034812366238008874,TSLA
2026-06-04,419.8399963378906,426.3500061035156,417.1600036621094,418.45001220703125,35323300,-0.012390842220308285,0.020436522475578256,423.5120056152344,426.91150054931643,395.1876013183594,39.33934869642404,41506940.0,0.8510215400123449,-0.052025376738378815,TSLA
2026-06-05,420.5,424.67999267578125,388.5899963378906,391.0,63420200,-0.06559926253138726,0.02920194379845118,414.55400390625,425.8720001220703,395.2886010742188,37.29461948348987,45155620.0,1.4044807711642537,-0.024066505529691473,TSLA
2026-06-08,396.3299865722656,412.94000244140625,394.7200012207031,408.95001220703125,50328800,0.04590795960877547,0.03276149008125778,413.1680053710937,424.9020004272461,396.0254016113281,49.595779730674806,46233800.0,1.0885715645263854,-0.023963853815917258,TSLA
2026-06-09,411.0299987792969,418.5,384.239990234375,396.67999267578125,59940200,-0.03000371479396924,0.03278217932260453,407.756005859375,422.48600006103516,396.72240173339844,47.24876284391312,50702640.0,1.182190907613489,0.024579006201527642,TSLA
2026-06-10,391.5400085449219,397.0899963378906,380.1499938964844,381.5899963378906,49695600,-0.038040729596927614,0.03281184533078912,399.33400268554686,419.89299926757815,397.2486016845703,36.97889570349845,51741620.0,0.9604569783474116,0.0774653367286362,TSLA
2026-06-11,388.2799987792969,399.5400085449219,380.6600036621094,399.1499938964844,45324300,0.046017971453959916,0.03766819408390879,395.4739990234375,417.5869995117188,397.7966015625,43.92620114640151,53741820.0,0.8433711400172157,0.013804358887335999,TSLA
2026-06-12,399.489990234375,406.67999267578125,386.760009765625,406.42999267578125,63514500,0.018238754580025995,0.03860441307587529,398.55999755859375,415.7434997558594,398.3000012207031,43.60380981244031,53760680.0,1.1814303688122993,-0.024727475762316264,TSLA
2026-06-15,412.3699951171875,416.0,407.1000061035156,411.1499938964844,45620500,0.011613319158924273,0.03628753380504065,398.9999938964844,415.18899993896486,399.311201171875,42.52995984764781,52819020.0,0.8637134880579004,-0.025927286441340125,TSLA
2026-06-16,404.1099853515625,412.4200134277344,400.5400085449219,404.6600036621094,40255500,-0.015784969793794956,0.03587775150326581,400.59599609375,414.92250061035156,400.34800109863284,38.09365711981425,48882080.0,0.8235226487907225,0.0009637328308458315,TSLA
2026-06-17,401.5299987792969,405.94000244140625,393.760009765625,396.3800048828125,43534300,-0.02046161890071707,0.03620713900862613,403.5539978027344,414.53600158691404,401.34260131835936,35.38923567759812,47649820.0,0.9136298940898413,-0.037262271934268454,TSLA
2026-06-18,398.1000061035156,402.5199890136719,384.70001220703125,400.489990234375,58384700,0.010368800900483421,0.03647860423973311,403.8219970703125,413.69750061035154,402.4874011230469,38.55827075738642,50261900.0,1.1616094894940303,-0.06232363370797611,TSLA
2026-06-22,394.8500061035156,414.75,394.3999938964844,405.04998779296875,47819500,0.011386046267785943,0.02942229120660949,403.54599609375,413.05749969482423,403.6760009765625,46.101785622485345,47122900.0,1.0147826216128464,-0.07389209622956272,TSLA
2026-06-23,392.6099853515625,392.8699951171875,379.05999755859375,381.6099853515625,50420200,-0.05786940661108486,0.031215873441864973,397.63799438476565,410.8374984741211,404.32920043945313,36.3648108143131,48082840.0,1.0486111053340443,-0.004978889361959449,TSLA
2026-06-24,380.0799865722656,384.5799865722656,373.04998779296875,375.5299987792969,37081400,-0.0159324619523894,0.030341237834898872,391.81199340820314,407.9344985961914,404.79140014648436,34.99656955272252,47448020.0,0.7815162782345818,0.09669000526355687,TSLA
2026-06-25,375.2699890136719,379.1199951171875,371.2200012207031,375.1199951171875,30138800,-0.00109180002514353,0.028039276683076614,387.55999145507815,404.67249908447263,405.0097998046875,36.08452167436025,44768920.0,0.6732081095545749,0.12124123368075912,TSLA
2026-06-26,370.1499938964844,387.79998779296875,368.6000061035156,379.7099914550781,53434100,0.01223607484974698,0.02333914350825948,383.40399169921875,401.5529983520508,404.76499938964844,45.75020338544581,43778800.0,1.2205473882335742,0.12006530605946453,TSLA
2026-06-29,381.7900085449219,413.2699890136719,379.29998779296875,411.8399963378906,57645800,0.08461722263269356,0.03638857669542477,384.7619934082031,400.3554977416992,405.2237994384766,50.982921072991644,45744060.0,1.26018110329516,-0.044653225268027286,TSLA
2026-06-30,406.0,424.5400085449219,406.0,420.6000061035156,43385600,0.02127042017171621,0.036800571296730956,392.55999755859375,400.59149780273435,405.62339965820314,58.334501224637705,44337140.0,0.9785385345107961,-0.0019734119776485537,TSLA
2026-07-01,421.4599914550781,432.8599853515625,418.0899963378906,425.29998779296875,40127900,0.011174468904540102,0.03626539068255738,402.5139953613281,400.66949768066405,406.2793994140625,66.4187537699917,44946440.0,0.892793734053242,-0.05266869160454446,TSLA
2026-07-02,428.010009765625,432.3500061035156,389.29998779296875,393.45001220703125,73717700,-0.07488825887632455,0.043889055639315167,406.17999877929685,399.15699768066406,406.4199993896484,48.06649108354222,53662220.0,1.3737355629342207,0.0015503503180513967,TSLA
2026-07-06,397.5,420.0,390.5,419.7699890136719,54727900,0.06689535135353153,0.048728070285496174,414.19199829101564,399.2229965209961,407.06519897460936,54.00745117762454,53920980.0,1.0149648615436886,-0.03149344061438497,TSLA
2026-07-07,416.9599914550781,419.55999755859375,401.8800048828125,402.8999938964844,38149900,-0.04018866417017264,0.050755946108196795,412.40399780273435,399.8179962158203,407.648798828125,47.69023898357391,50021800.0,0.7626654778516567,0.012062586107631779,TSLA
2026-07-08,399.3800048828125,399.6300048828125,390.510009765625,394.05999755859375,33844900,-0.021940919513048773,0.04731012164206329,407.09599609375,399.07349548339846,408.0039990234375,47.07084908701056,48113660.0,0.7034364045470662,0.001776410220190261,TSLA
2026-07-09,393.989990234375,407.8599853515625,390.8599853515625,406.54998779296875,37835000,0.03169565627507742,0.04745364675822107,403.34599609375,399.56699523925784,408.5615985107422,52.74641865359308,47655080.0,0.7939342458348617,-0.025507306428621312,TSLA
2026-07-10,410.489990234375,413.1600036621094,402.80999755859375,407.760009765625,33410000,0.002976317818197627,0.04737510133545206,406.20799560546874,400.87549591064453,409.19639892578124,51.9945190578781,39593540.0,0.8438245228893401,-0.03261726994315006,TSLA
2026-07-13,404.6099853515625,405.57000732421875,391.3699951171875,394.760009765625,32809200,-0.03188149815738972,0.04910277282597358,401.20599975585935,400.65599670410154,409.6355993652344,47.30190854550064,35209800.0,0.9318201182625292,-0.00937281415416924,TSLA
2026-07-14,399.04998779296875,402.2200012207031,394.760009765625,396.17999267578125,23385000,0.0035970789214421206,0.040417277448084724,399.86199951171875,400.14349670410155,409.9265991210938,54.31908877476581,32256820.0,0.7249629690713467,-0.03871976531244048,TSLA
2026-07-15,399.3999938964844,406.5899963378906,390.6600036621094,394.4599914550781,31549800,-0.004341464113536642,0.039500419277013116,399.94199829101564,399.3089965820312,409.99939880371096,55.76045279923806,31797800.0,0.9922007182886866,-0.06309888117942097,TSLA
2026-07-16,392.3500061035156,395.30999755859375,385.32000732421875,391.05999755859375,29269100,-0.00861936310433542,0.039054849946593036,396.8440002441406,398.62899627685545,409.9703985595703,54.763900005910166,30084620.0,0.9728924613307398,-0.031018270747559695,TSLA
2026-07-17,381.7799987792969,385.69000244140625,377.2200012207031,380.8399963378906,31394600,-0.02613410035418373,0.03216696426220395,391.4599975585937,397.85199584960935,409.7997985839844,50.326723335888666,29681540.0,1.0577146603579195,-0.017934005456207158,TSLA
2026-07-20,386.04998779296875,386.6099853515625,369.42999267578125,369.57000732421875,33901500,-0.029592451218471427,0.02171265126931713,386.4219970703125,396.3059967041016,409.2165985107422,36.10179114020453,29900000.0,1.1338294314381272,-0.13496767566166012,TSLA
2026-07-21,371.1700134277344,384.07000732421875,369.9800109863281,378.92999267578125,32735300,0.025326690927467865,0.02228713321228232,382.9719970703125,394.9999969482422,408.55939819335936,36.35290394941758,31770060.0,1.0303820641194885,-0.17391073594132067,TSLA
2026-07-22,375.5299987792969,380.1700134277344,372.8999938964844,374.010009765625,30646100,-0.012983883580748534,0.021743812026400324,378.8820007324219,394.6199981689453,407.47259826660155,33.22649811493092,31589320.0,0.9701411742956164,-0.17323068060537417,TSLA
2026-07-23,341.0,342.1099853515625,315.739990234375,319.69000244140625,115606400,-0.14523677416617442,0.04648289342424868,364.6080017089844,391.82799835205077,404.9663983154297,28.968966240958792,48856780.0,2.3662304392553093,-0.03831837062920107,TSLA
2026-07-24,320.7200012207031,322.9599914550781,306.510009765625,313.0299987792969,62760000,-0.020832692956452514,0.045624052502404165,351.04600219726564,388.72349853515624,402.557998046875,15.722535739094027,55129860.0,1.1384030360316533,-0.04699227394320593,TSLA
2026-07-27,313.239990234375,317.0,304.2799987792969,309.2200012207031,44919400,-0.012171349626078465,0.04572272848388336,338.9760009765625,385.1989990234375,399.8369982910156,17.162078259727267,57333440.0,0.7834764493461408,-0.0011965432886840155,TSLA
2026-07-28,305.92999267578125,311.1600036621094,300.69000244140625,307.44000244140625,39802400,-0.005756415407379811,0.04520871362408327,324.6780029296875,379.97899932861327,397.1197985839844,18.05575188332098,58746860.0,0.6775238710630662,0.012262519463095423,TSLA
2026-07-29,307.1400146484375,309.05999755859375,297.3800048828125,298.32000732421875,39478000,-0.029664308628561287,0.04468932349954568,309.5400024414063,373.86499938964846,394.64139892578123,9.068900822112084,60513240.0,0.6523861554925832,0.07964594618095511,TSLA
2026-07-30,302.70001220703125,310.8699951171875,301.3299865722656,308.8500061035156,38005400,0.03529766197629747,0.0486328900230638,307.37200317382815,368.0425003051758,392.61859924316406,15.05686173588235,44993040.0,0.8446950906184602,0.05989962646722269,TSLA
2026-07-31,309.69000244140625,315.5,301.9700012207031,311.2099914550781,36630600,0.007641202217659959,0.04949260349239566,307.00800170898435,363.9304992675781,390.7605993652344,18.083861486625906,39767160.0,0.9211268795659534,0.033225142578313216,TSLA
2026-08-03,310.9599914550781,324.6499938964844,310.42999267578125,322.0799865722656,38281400,0.03492816881091865,0.05206753211347331,309.5799987792969,359.04599914550784,388.8569989013672,23.599814641616177,38439560.0,0.995885488803722,-0.007917250059859327,TSLA
2026-08-04,324.0,329.57000732421875,320.7900085449219,327.3500061035156,33318300,0.01636245575931672,0.05142002854756898,313.56199951171874,355.26849975585935,387.0469989013672,26.680100428718134,37142740.0,0.8970339829533308,0.003757386423756559,TSLA
2026-08-05,323.4200134277344,327.1400146484375,320.2799987792969,321.54998779296875,27820800,-0.01771809440172356,0.05143918242031819,318.20799560546874,351.64299926757815,384.9577984619141,26.242388336187815,34811300.0,0.7991887691640358,0.029015759427896137,TSLA
2026-08-06,317.04998779296875,323.0,315.5199890136719,319.5299987792969,26033800,-0.006282037289245479,0.022706678965145423,320.343994140625,347.29199981689453,382.67659851074217,27.800705071369023,32416980.0,0.8030914662624341,0.041561039120053156,TSLA
2026-08-07,322.3399963378906,333.7300109863281,321.25,328.5799865722656,39492300,0.02832281108985857,0.02297136500168272,323.8179931640625,343.33299865722654,380.44099853515627,34.91571670282492,32989320.0,1.1971237964286623,-0.0032563663350363425,TSLA
2026-08-10,326.6000061035156,332.04998779296875,326.1499938964844,330.8800048828125,25003800,0.006999873408422008,0.022155666241911575,325.5779968261719,340.1389984130859,378.2165985107422,31.348502172313317,30333800.0,0.824288417540829,0.027441931933848585,TSLA
2026-08-11,332.79998779296875,336.20001220703125,329.5299987792969,332.80999755859375,23345200,0.005832908145854354,0.021712163182658374,326.6699951171875,336.9704986572266,376.1569982910156,33.6274003303524,28339180.0,0.8237782462301309,0.02842460119730217,TSLA
2026-08-12,335.0,335.5,323.6400146484375,327.510009765625,28698900,-0.015924965691680115,0.019359066378665662,327.86199951171875,333.6229995727539,374.38959838867186,55.09115141092165,28514800.0,1.006456296379424,0.03599883263348502,TSLA
2026-08-13,327.20001220703125,341.6400146484375,325.239990234375,339.9599914550781,34708300,0.0380140493976433,0.019775138527576678,331.947998046875,331.0679992675781,372.71399841308596,66.30342887801388,30249700.0,1.147393197287907,-0.009089294080356303,TSLA
2026-08-14,342.3299865722656,351.260009765625,335.3299865722656,342.2699890136719,45437100,0.006794910038403712,0.019787294810295328,334.6859985351563,329.1394989013672,371.08539794921876,70.37859275104661,31438660.0,1.4452619799953306,0.025856798397717817,TSLA
2026-08-17,340.69000244140625,345.45001220703125,337.4800109863281,339.29998779296875,26037100,-0.008677363823985429,0.018372185291817774,336.3699951171875,327.62599792480466,369.5023974609375,69.36071806093874,31645320.0,0.8227788500795694,0.017182485409934722,TSLA
2026-08-18,333.2200012207031,340.5299987792969,331.1199951171875,336.8699951171875,27994500,-0.00716178238492593,0.018314604760607176,337.18199462890624,325.522998046875,368.41979736328125,75.49940813877814,32575180.0,0.8593812835416412,0.07715139552673378,TSLA
2026-08-19,338.8900146484375,351.6199951171875,335.70001220703125,351.1199951171875,36735400,0.04230118504630487,0.020470929451469944,341.90399169921875,324.3784973144531,367.26319702148436,76.64859827252967,34182480.0,1.0746850433321398,-0.006180174699056962,TSLA
2026-08-20,346.20001220703125,347.5,338.9599914550781,345.1300048828125,30766400,-0.01705966711572726,0.02161777498306945,342.9379943847656,325.65049743652344,366.232197265625,70.44853201715961,33394100.0,0.9213124474083745,0.014834975356390556,TSLA
2026-08-21,349.8800048828125,366.5,346.8999938964844,362.8599853515625,59224000,0.05137188948486271,0.024996676162660016,347.0559936523438,328.1419967651367,365.85759704589844,72.7060234863121,36151480.0,1.6382178544280899,-0.04696020149709901,TSLA
2026-08-24,361.4100036621094,363.239990234375,348.260009765625,348.95001220703125,39190500,-0.03833427136104406,0.029378322951111074,348.9859985351562,330.1284973144531,364.85359741210937,60.97116297064897,38782160.0,1.0105290680044638,0.016793194287340496,TSLA
2026-08-25,349.5799865722656,357.0,349.20001220703125,350.25,29816700,0.003725426988085312,0.02938494699742727,351.66199951171876,332.2689971923828,363.72999755859377,65.27573384895567,39146600.0,0.761667679951771,-0.004282655246252709,TSLA
2026-08-26,345.2699890136719,351.92999267578125,342.5299987792969,345.82000732421875,28573000,-0.012648087582530332,0.029136639291611952,350.602001953125,334.6439971923828,362.42339782714845,63.6429891995833,37514120.0,0.7616598763345641,0.06399284140337436,TSLA
2026-08-27,346.1600036621094,355.739990234375,345.45001220703125,354.80999755859375,30136200,0.025996154195747634,0.02788264033554287,352.5380004882812,336.9419967651367,361.4263977050781,63.62033539900615,37388080.0,0.8060376462230743,0.0036075611964274668,TSLA
2026-08-28,357.1000061035156,358.79998779296875,345.20001220703125,348.75,32972200,-0.01707955694679375,0.028687267358915657,349.71600341796875,338.8189971923828,360.4737976074219,58.93054427815232,32137720.0,1.0259657499038513,0.023684615815412258,TSLA
2026-08-31,347.2099914550781,368.9200134277344,347.1499938964844,367.95001220703125,61732300,0.05505379844310032,0.03277896295284136,353.51600341796876,341.1124984741211,359.822998046875,64.97615454208241,36646080.0,1.6845539823086126,0.022883496754495747,TSLA
2026-09-01,360.8999938964844,362.70001220703125,352.9599914550781,356.0899963378906,36193900,-0.03223268236356913,0.035003159631425626,354.6840026855469,342.5494979858398,358.84379821777344,61.53535944770733,37921520.0,0.9544422269993397,-0.005644667882547694,TSLA
2026-09-02,360.4100036621094,360.6199951171875,349.9200134277344,357.010009765625,33951900,0.002583654236838928,0.032611909055636774,356.9220031738281,344.32249908447267,358.3517987060547,57.58790682993783,38997300.0,0.8706218122793117,0.031231600211445887,TSLA
2026-09-03,365.82000732421875,384.0400085449219,365.82000732421875,376.3699951171875,63601000,0.05422813036607077,0.03560354759357114,361.2340026855469,347.1644989013672,358.3685986328125,63.17620703098007,45690260.0,1.3920034598183508,-0.02274357060776988,TSLA
2026-09-04,362.07000732421875,364.69000244140625,351.32000732421875,354.0799865722656,65018200,-0.05922365978717725,0.03815669735683334,362.3,348.4394989013672,357.9477984619141,54.96907098027909,52099460.0,1.2479630307108749,0.026773642526653596,TSLA
2026-09-08,357.1000061035156,370.0,355.75,368.1600036621094,51078800,0.039765074626634034,0.0378377784957469,362.3419982910156,350.30349884033205,357.7167987060547,59.755570072938106,49968760.0,1.0222146797318965,-0.007388095376051451,TSLA
2026-09-09,368.25,375.44000244140625,366.0,367.80999755859375,32564300,-0.0009506901891408459,0.037898089209162385,364.6859985351563,352.05349884033205,356.83619873046877,55.69741441241722,49242840.0,0.6613002012069166,-0.024034138268583582,TSLA
2026-09-10,360.6000061035156,369.2099914550781,357.67999267578125,363.55999755859375,29667200,-0.011554878954379011,0.03784129900407177,365.99599609375,353.85599822998046,355.6953985595703,56.367026588440886,48385900.0,0.6131372982625104,-0.01919906214435263,TSLA
2026-09-11,364.20001220703125,368.6600036621094,361.6000061035156,365.44000244140625,30153000,0.0051710993933249405,0.03716468711389715,363.80999755859375,355.1299987792969,354.4981988525391,51.000937690912444,41696300.0,0.7231576902506937,-0.020140148369008126,TSLA
2026-09-14,359.7799987792969,367.7300109863281,357.0400085449219,358.9700012207031,32477200,-0.01770468798565783,0.03720379658053828,364.7880004882812,355.9649993896484,353.8085986328125,54.125488428126516,35188100.0,0.9229597505975031,0.020140989391152386,TSLA
2026-09-15,358.75,362.3900146484375,354.04998779296875,356.5799865722656,30317700,-0.006657978773463191,0.0325291775686222,362.4719970703125,356.8289993286133,352.5447985839844,52.58303414764144,31035880.0,0.9768596862727914,0.02156599565592221,TSLA
2026-09-16,357.92999267578125,365.1000061035156,354.8900146484375,358.0799865722656,32177400,0.004206629806734918,0.0308454586263454,360.5259948730469,357.8894989013672,351.6483984375,55.125406507436104,30958500.0,1.039372062599932,0.04808981754479569,TSLA
2026-09-17,367.4800109863281,374.1199951171875,363.2200012207031,366.20001220703125,38924100,0.02267656931205475,0.031606127771238154,361.0539978027344,358.64349975585935,351.09119873046876,54.79659934795818,32809880.0,1.186353013177738,0.03468045130013042,TSLA
2026-09-18,369.0,370.8999938964844,360.75,364.2699890136719,51922300,-0.005270407233815777,0.025991597483217374,360.8199951171875,359.60049896240236,350.2455987548828,56.771366341811934,37163740.0,1.3971225716249225,0.04351169896381646,TSLA
2026-09-21,371.6400146484375,378.3599853515625,371.07000732421875,375.29998779296875,36599600,0.030279735119444373,0.018906910759322004,364.08599243164065,360.22249908447264,349.59639831542967,53.452958593285395,37988220.0,0.9634460366924272,0.007034411762075088,TSLA
2026-09-22,379.07000732421875,380.4200134277344,372.8800048828125,378.8999938964844,28229900,0.009592342714121127,0.014902602985232636,368.54999389648435,361.7199981689453,349.27919799804687,61.617588451765364,37570660.0,0.7513815301620999,-0.01792031843309272,TSLA
2026-09-23,380.1000061035156,386.70001220703125,377.5799865722656,380.1199951171875,33522500,0.0032198501988798256,0.014838636787830982,372.95799560546874,363.2134979248047,348.957998046875,61.73451994441325,37839680.0,0.8859086546186438,-0.059639017156062235,TSLA
2026-09-24,377.3500061035156,383.3299865722656,375.70001220703125,377.94000244140625,26165700,-0.005735011848322258,0.014291130876370501,375.3059936523438,364.8194976806641,348.6275982666016,50.96568175111893,35288000.0,0.7414900249376558,-0.06641267381429672,TSLA
2024-12-09,436.5891705079944,442.2413336019405,434.51768404131514,439.96270751953125,19144400,0.005523415299704126,0.009872999488518231,434.1881958007813,419.4931930541992,415.5456066894531,81.55671993021288,20794920.0,0.9206286920074711,0.00793676887731154,MSFT
2024-12-10,438.3548667232301,443.5138201555157,435.60274857576576,437.3092346191406,18469500,-0.006031131400546785,0.010671118853925842,436.5812561035156,420.78318481445314,415.81962646484374,76.4140151623126,20828420.0,0.8867451299714525,0.008887245687276168,MSFT
2024-12-11,438.019420871054,444.2338797106506,438.019420871054,442.892333984375,19200200,0.012766936810965746,0.009444678519329237,438.863818359375,422.10523529052733,416.39451782226564,82.21053114355895,19466580.0,0.9863160349686488,0.005790722826413575,MSFT
2024-12-12,443.0106891858234,449.96496224230685,443.0106891858234,443.45458984375,20834800,0.0012695091249759205,0.007643138540963326,440.23296508789065,423.3485855102539,417.0507482910156,85.23144803262636,19293980.0,1.0798601429046781,0.010899572778973576,MSFT
2024-12-13,442.34983294961415,445.2992167545738,439.5286583553318,441.1957092285156,20177800,-0.0050938262157356196,0.008318499684548555,440.9629150390625,424.3958053588867,417.6734173583984,80.1314379334557,19565340.0,1.0313033149436708,-0.02208956000238227,MSFT
2024-12-16,441.1956629672055,446.0389843929351,439.2326985780913,445.4570007324219,23598800,0.009658506224726526,0.007329537069063627,442.0617736816406,426.24134521484376,418.39076354980466,81.08419527406872,20456220.0,1.1536246677049817,-0.03224159375367164,MSFT
2024-12-17,444.8849272856994,449.1068002031095,443.4644812477741,448.2880554199219,22733500,0.006355393860339342,0.007189467276275131,444.2575378417969,428.19102478027344,419.2931018066406,78.50533798344031,21309020.0,1.0668486866125237,-0.03929935546491936,MSFT
2024-12-18,445.19070178831043,446.50262602359174,431.08488976149135,431.44989013671875,24444500,-0.037561039335367585,0.014711244856753946,441.96904907226565,429.1988784790039,419.75688598632814,62.30770329151358,22357880.0,1.0933281688603749,-0.004892645576559218,MSFT
2024-12-19,435.6224173363725,437.1612287919841,430.39440791706704,431.0947570800781,22963700,-0.0008231154179413336,0.014115915384555621,439.49708251953126,430.3021865844727,420.1594219970703,61.62014349303438,22783660.0,1.0079021544387512,0.005262806548411492,MSFT
2024-12-20,427.22800034083093,437.7136411325363,422.80886164173944,430.6706237792969,64263700,-0.0009838516795100949,0.014068612537974859,437.3920654296875,431.4725738525391,420.58537109375,55.47755773547402,31600840.0,2.033607334488577,0.003458564087919669,MSFT
2024-12-23,430.80871372187636,431.70635881030796,426.9518110200716,429.3389587402344,19152500,-0.003092073072866297,0.013853421641085351,434.16845703125,432.3726806640625,420.97523620605466,53.86232196627943,30711580.0,0.6236247044274504,-0.010844378810397237,MSFT
2024-12-24,428.74709084992185,433.6298778354008,428.2933464556966,433.363525390625,7164500,0.009373867822755955,0.01424987115730549,431.1835510253906,433.38573303222654,421.39006958007815,51.89893197188098,27597780.0,0.2596042145418943,-0.03300485561872102,MSFT
2024-12-26,433.1169536147247,434.9517090842379,430.70024449975995,432.1601257324219,8194200,-0.0027768826578526973,0.013428044983929657,431.3255981445312,433.88486328125,421.7887109375,45.13065227935017,24347720.0,0.336548966391925,-0.03791293891691294,MSFT
2024-12-27,428.69777768381334,429.30935275325726,420.5598195240772,424.68304443359375,18117700,-0.017301645509649966,0.014134784305624768,430.0432556152344,434.2567428588867,422.08939575195313,37.68414236758813,23378520.0,0.7749720683772968,-0.027756439451699366,MSFT
2024-12-30,420.27373116896746,421.7434860363438,416.1702239850741,419.0604248046875,13158700,-0.013239567019693976,0.014422243955627793,427.7212158203125,434.3243118286133,422.26581481933596,31.144251871738433,13157520.0,1.0000896825541592,-0.0034835999316038535,MSFT
2024-12-31,420.3131993235258,420.93464819489714,414.9470768224156,415.7756652832031,13246500,-0.007838391141361756,0.013471015893135607,425.00855712890626,433.8567459106445,422.34818603515623,30.793527398155163,11976320.0,1.1060576203708652,0.015065321201629178,MSFT
2025-01-02,419.7509810335182,420.2836558558519,409.21603069875914,412.8953552246094,16896500,-0.0069275580537688786,0.012661498997298983,420.9149230957031,433.23431701660155,422.3607452392578,21.889418976896465,13922720.0,1.2135918843444384,0.009054413771720116,MSFT
2025-01-03,415.3613950253171,418.27134378737713,413.8423310893823,417.6005859375,16662900,0.011395697852621955,0.008925258990621186,418.0030151367188,432.54037017822264,422.29552368164065,27.517589262588487,15616460.0,1.0670087843211586,0.002858095799337157,MSFT
2025-01-06,422.1874160873605,428.4215926337743,419.7016505493917,422.0394592285156,20573600,0.010629470935847651,0.009943841275175298,417.47429809570315,431.81190032958983,422.3763739013672,33.95040137292142,16107640.0,1.2772572518382581,-0.020801714377981506,MSFT
2025-01-07,423.1738448521772,424.801430542522,415.0851952170159,416.6338806152344,18139100,-0.0128082303563809,0.010487685878685662,416.9889892578125,430.76629638671875,422.34655334472654,26.30557230834998,17103720.0,1.060535368913897,-0.012264197448935032,MSFT
2025-01-08,417.70906128958796,421.171402275518,415.81515330470927,418.79412841796875,15054600,0.005185002716400211,0.010823526601360756,417.5926818847656,429.70786743164064,422.29260192871095,25.483738894895268,17465340.0,0.8619700503969576,-0.020939228798038,MSFT
2025-01-10,418.86316848876044,418.94206877538755,409.3836648034606,413.26031494140625,20201100,-0.013213684483750932,0.010436251736698257,417.665673828125,428.5054214477539,422.1586883544922,31.381229414381323,18126260.0,1.114465973675761,0.017567717055610554,MSFT
2025-01-13,409.6006710891581,412.816407095229,406.690752709142,411.5242004394531,17604800,-0.004201019161976127,0.010416949971590414,416.4503967285156,426.9370147705078,421.8845196533203,30.518432647744305,18314640.0,0.9612419354134178,0.017713763434082486,MSFT
2025-01-14,412.1358238822972,414.03960580749714,405.1421150215387,410.02490234375,16935900,-0.0036432805023424164,0.009450933609582057,414.0474853515625,425.2655303955078,421.56894653320313,29.878860161262025,17587100.0,0.9629728607900109,0.03214079866052333,MSFT
2025-01-15,413.43787278736687,422.3353628905166,412.58953664498,420.5203552246094,19637800,0.02559711086050176,0.012482015825002104,414.8247802734375,424.2317626953125,421.97873962402343,42.70796217208692,17886840.0,1.097890963412207,0.005137082607048926,MSFT
2025-01-16,422.8779150872359,423.6571645662551,418.6264508238549,418.8138427734375,15300000,-0.004058097140768324,0.012259456897239495,414.82872314453124,422.8996047973633,422.2752526855469,37.48937251106833,17935920.0,0.8530368110473285,0.0509209912318056,MSFT
2025-01-17,428.1947089431654,428.57942688248704,422.3551241092644,423.20343017578125,26197500,0.010480998844917266,0.012276918681437862,416.8173461914063,421.64537353515624,422.6971630859375,42.6986015311659,19135200.0,1.3690737489025462,0.041209141065496224,MSFT
2025-01-21,424.35752761269225,425.0480029513297,419.819993531564,422.68060302734375,26085700,-0.0012354038534619916,0.011908397535385496,419.0486267089844,421.2069091796875,423.04955078125,48.1588853646875,20831380.0,1.2522310091794207,0.036312674913746124,MSFT
2025-01-22,431.6175824572203,441.1957044539868,430.0787709144918,440.1402587890625,27803800,0.041306971828535266,0.017311961943151603,425.0716979980469,421.65918426513673,423.5794421386719,65.91693396748147,23004960.0,1.2086002322977305,-0.02608698787368302,MSFT
2025-01-23,435.9972543675129,440.6827452232724,435.50404480374874,440.6432800292969,18389300,0.0011428657801453301,0.016309519579827823,429.0962829589844,422.1578170776367,424.0160278320312,69.60039217044597,22755260.0,0.8081340314283378,0.0010970289560932045,MSFT
2025-01-24,439.1143333960219,440.5840882328261,435.4053879197608,438.0292663574219,15549500,-0.005932267188327955,0.016724873723465507,432.9393676757812,422.5923324584961,424.45723327636716,69.89379515179506,22805160.0,0.6818413025823981,-0.003895886832774753,MSFT
2025-01-27,418.2516146753107,429.28964793288844,417.74853125025015,428.6583251953125,35647800,-0.021393413367185588,0.01785600268342649,434.0303466796875,422.3570724487305,424.8002117919922,58.150354860071396,24695220.0,1.4435101205820398,-0.045034071664261766,MSFT
2025-01-28,428.69779052094407,442.29064589853647,425.52151949148305,441.1266784667969,23491700,0.029086926670101043,0.01924608449841862,437.7195617675781,422.8054000854492,425.2937188720703,62.57965741979551,24176420.0,0.9716781889129987,-0.07186935807448291,MSFT
2025-01-29,440.62355690140845,440.8109789415141,434.41897223898974,436.32275390625,23581400,-0.010890124753378472,0.01982476433680726,436.9560607910156,423.387385559082,425.64842224121094,63.0799154827809,23331940.0,1.0106917813092267,-0.07101020435569372,MSFT
2025-01-30,413.0827588425547,417.1172097708342,407.54896156269734,409.3540954589844,54586300,-0.06180896642639966,0.028005929493921885,430.69822387695314,422.9020690917969,425.43047790527345,45.28338769168371,30571340.0,1.785538350625128,-0.006313239844442764,MSFT
2025-01-31,413.28996411007114,414.97673266362114,409.2752303832896,409.4231872558594,34161900,0.00016878247375906597,0.028008848116207196,424.9770080566406,422.5844451904297,425.448017578125,47.972079583316265,34293820.0,0.9961532427708549,-0.004264467021005358,MSFT
2025-02-03,406.01014380943144,409.7683985075356,403.1100689884043,405.3393859863281,25679100,-0.009974523663163204,0.02774932408999323,420.31322021484374,422.20664672851564,425.368916015625,46.81047621265926,32300080.0,0.7950166067700142,0.011924415010479139,MSFT
2025-02-04,407.08540629160615,408.2987129361828,404.17545715118564,406.7697448730469,20532100,0.003528793243810169,0.027841907309067954,413.44183349609375,421.665104675293,425.27845458984376,48.320112940571704,31708160.0,0.6475336317212982,-0.006353650164066638,MSFT
2025-02-05,406.74997908357795,408.2098602907994,404.8264495269334,407.6772155761719,16316700,0.0022309198620664716,0.023216057854517195,407.7127258300781,420.9469924926758,425.2514270019531,42.64409974452805,30255220.0,0.5393019783032482,-0.0025890113960367334,MSFT
2025-02-06,408.37753095462284,412.5205034548323,408.37753095462284,410.1728210449219,16309800,0.006121523041759724,0.023471216636536868,407.8764709472656,420.62393951416016,425.3096258544922,45.09519495434695,22599920.0,0.7216751209738795,-0.010533428597341632,MSFT
2025-02-07,410.82388435232116,412.96439718513943,402.5576865372201,404.1852722167969,22886800,-0.014597624515616636,0.02359173283947563,406.8288879394531,419.89349670410155,425.1665948486328,39.397279236098186,20344900.0,1.1249404027544987,-0.0017326642778732193,MSFT
2025-02-10,408.0914896331453,409.81772327895646,405.3394016663598,406.6217346191406,20817900,0.006028083084226976,0.023423112231747117,407.0853576660156,419.56156768798826,425.03697998046874,41.23413758327883,19372660.0,1.0746020422595555,-0.004075597592077096,MSFT
2025-02-11,404.0767525043344,406.88802298158646,403.74134350470337,405.852294921875,18140600,-0.0018922739041146164,0.020245410778120563,406.90186767578126,419.27797241210936,424.71047546386717,27.113494293182455,18894360.0,0.9601066138255013,-0.007315755628557019,MSFT
2025-02-12,401.6797906754277,405.17172339110687,398.8783635040398,403.4849548339844,19121700,-0.005833008997389921,0.020231365405366915,406.06341552734375,418.9509750366211,424.43526550292967,25.799877409768584,19455360.0,0.982849970393763,0.0014667892457642662,MSFT
2025-02-13,401.4725759938153,405.41825241635894,400.8412533167097,404.9645080566406,23891700,0.0036669352969183056,0.007021920229818851,405.0217529296875,418.17318267822264,424.18037475585936,28.142918930782997,20971740.0,1.13923308223352,0.010303486611066504,MSFT
2025-02-14,402.25188608897315,403.3566707547541,400.3678218416371,402.8831787109375,22758500,-0.005139535204433332,0.007119079937091789,404.76133422851564,417.3766494750977,423.7354986572266,31.144442589002423,20946080.0,1.0865278849312139,0.020895680215148538,MSFT
2025-02-18,402.4590402622825,405.0237362453633,400.9794114377888,404.0767822265625,21423100,0.002962654135732379,0.0065804373566063805,404.25234375,416.4203170776367,423.3101556396484,17.54233622267482,21067120.0,1.0168974211947337,-0.0014928869792342203,MSFT
2025-02-19,402.3406422459273,409.84727742582396,402.11375500738893,409.1370544433594,24114200,0.012523046211448952,0.007683048071665781,404.9092956542969,415.7431396484375,422.8633062744141,26.290384311354103,22261840.0,1.0832078570324826,-0.024013092652926282,MSFT
2025-02-20,410.47144681938056,414.4447923675228,407.75335474991726,411.30169677734375,23508700,0.005290751132110083,0.007814706657198321,406.47264404296874,414.30121154785155,422.3571630859375,52.993866745978956,23139240.0,1.0159668165419435,-0.04380853351955927,MSFT
2025-02-21,412.49761092708707,413.19936436928833,403.15727713591093,403.4735412597656,27524800,-0.019032636089064914,0.009758506512410859,406.17445068359376,412.442724609375,421.6757147216797,42.615663619877004,23865860.0,1.1533127236982033,-0.020773509095855736,MSFT
2025-02-24,403.7700887978409,404.62009578289485,394.6867174896375,399.3124084472656,26443700,-0.010313273082313335,0.009202799042409223,405.4602966308594,410.5068817138672,420.8627087402344,42.53401602283965,24602900.0,1.074820447995968,-0.028391012413076733,MSFT
2025-02-25,396.4460551720573,397.2565479767241,392.0971142682963,393.2831726074219,29387400,-0.015099044538306572,0.009773138027540453,403.30157470703125,408.73812408447264,419.9821875,35.00218555794173,26195760.0,1.1218380379114787,-0.002286937568513281,MSFT
2025-02-26,393.3919357776839,398.9170718958632,389.6755530638089,395.09197998046875,19619000,0.004599249342540412,0.01008660844459991,400.4925598144531,406.43638916015624,419.0261804199219,36.27957145224085,25296720.0,0.775555091727307,-0.028118993009162208,MSFT
2025-02-27,396.61410618114576,401.03224256641477,387.6197164134029,387.97552490234375,21127400,-0.01801214764844583,0.011190237494324124,395.82732543945315,404.01902770996094,417.9165991210937,28.015504222736595,24820460.0,0.8512090428622193,-0.00998656355269667,MSFT
2025-02-28,388.1040123360274,393.0163471729864,382.0846775634414,392.3837585449219,32845700,0.011362143639570332,0.01200027416472329,393.6093688964844,403.17051086425784,416.9403601074219,37.93416319918528,25884640.0,1.2689262821503409,0.010151325699112146,MSFT
2025-03-03,394.1925506012372,394.1925506012372,381.6794393165997,383.9823913574219,23007700,-0.021411098203082624,0.013338244896253985,390.5433654785156,401.8984710693359,415.7108679199219,29.36985460236734,25197440.0,0.9130967272865815,0.02162221876940973,MSFT
2025-03-04,378.9514422192701,388.0249203607145,376.5792952112664,384.1009826660156,29342900,0.0003088456951749752,0.013194181384187157,388.70692749023436,400.8365509033203,414.42712646484375,29.941141672562637,25188540.0,1.1649305596910342,0.012094496036578306,MSFT
2025-03-05,384.822503579622,397.0094560898268,384.2986543499986,396.3669738769531,23433100,0.03193428750377092,0.01694876162930076,388.96192626953126,400.3164123535156,413.72546813964846,44.44925697216276,25951360.0,0.9029623110310981,-0.05201732686703031,MSFT
2025-03-06,389.70521049036057,397.4838909032578,388.12376908504734,392.2849426269531,23304600,-0.01029861597719095,0.016814056178940755,389.8238098144531,399.5467987060547,412.94927185058594,40.497906028333105,26386800.0,0.883191595797899,-0.04142202591752098,MSFT
2025-03-07,387.76798692760104,390.21919261692045,381.06665528777256,388.7464904785156,22034100,-0.009020106978213649,0.016143619786210768,389.0963562011719,398.47548217773436,412.1107891845703,39.63235830606936,24224480.0,0.9095798960390481,-0.02552705608887118,MSFT
2025-03-10,381.3631114017718,381.9166113327009,372.8431337183802,375.7490234375,32840100,-0.0334343006544362,0.018670653519548653,387.4496826171875,397.05366973876954,411.03899047851564,32.29090831391187,26190960.0,1.253871564845275,-0.003656352415877695,MSFT
2025-03-11,374.6025176419591,381.5212976511773,372.53677123025375,376.03570556640625,30380200,0.000762961740481849,0.018475739670673643,385.8366271972656,395.5243682861328,409.89243408203123,27.993244578478013,26398420.0,1.1508340271879909,0.021316776630429413,MSFT
2025-03-12,378.5066728711865,380.7503233781215,374.55308456142495,378.82293701171875,24253600,0.007412145719285501,0.018647253427367914,382.32781982421875,394.172900390625,408.8256903076172,28.584444895186408,26562520.0,0.9130760183898214,0.014167580339427,MSFT
2025-03-13,378.71423026442886,380.8491715851453,373.07049136146827,374.3751525878906,20473000,-0.01174106419984422,0.01822583091750535,378.74586181640626,392.7174102783203,407.8195324707031,29.918147415527386,25996200.0,0.7875381786568806,0.012540589890788878,MSFT
2025-03-14,375.3734493768336,385.7022111357248,375.10659301872727,384.05157470703125,19952800,0.025846859900428232,0.0200179557893804,377.8068786621094,391.67176361083983,407.11935546875,40.212991569817625,25579940.0,0.7800174668118847,-0.0019045497028828962,MSFT
2025-03-17,382.2131473268013,388.1533930243756,381.09625384575537,384.18994140625,22474300,0.00036028155677869655,0.018815716588146306,379.49506225585935,390.73710174560546,406.4876409912109,43.69172936469526,23506780.0,0.9560773530019849,-0.004785157615264435,MSFT
2025-03-18,382.57886557924786,382.87537263830677,376.67813379609476,379.0700378417969,19486900,-0.013326490396163848,0.01929594263899726,380.1019287109375,389.4867645263672,405.8111346435547,39.373252935473225,21328120.0,0.9136717160256037,0.020181595149712628,MSFT
2025-03-19,381.0566918328374,385.1585333246225,379.5444456387846,383.32012939453125,19185500,0.011211889963479882,0.016214836613789307,381.0013671875,388.19591827392577,405.12552551269533,46.79020658252991,20314500.0,0.9444239336434567,0.013563009637889367,MSFT
2025-03-20,381.2642891356356,387.24410971121733,378.8328407062668,382.3515319824219,18470500,-0.0025268628956149897,0.016023118901503597,382.5966430664063,386.7484100341797,404.33176696777343,42.738582245823,19914000.0,0.9275133072210505,0.021507642932597104,MSFT
2025-03-21,378.7735544022507,387.19468720298374,378.35841433019584,386.72027587890625,39675900,0.011425987686862982,0.016391224637291167,383.13038330078126,385.9107467651367,403.7334948730469,52.10456409965286,23858620.0,1.6629587126162368,-0.003297177646868543,MSFT
2025-03-24,390.81219242783766,390.81219242783766,385.2870564688155,388.51910400390625,21004500,0.0046514967980713084,0.011582148394215796,383.9962158203125,385.37108154296874,403.1279943847656,53.310615107178286,23564660.0,0.8913559542127916,-0.006360068978117472,MSFT
2025-03-25,389.34940942223693,391.7610706609813,388.0842623065983,390.57501220703125,15775000,0.005291652796317381,0.011555753736522852,386.2972106933594,385.23567352294924,402.6742883300781,44.87586753948442,22822280.0,0.6912105188438666,-0.04140100115936707,MSFT
2025-03-26,390.4168262767483,390.7232269425197,384.061440622416,385.4451904296875,16108400,-0.013134024494697027,0.012630685078215277,386.72222290039065,384.75333404541016,402.1527081298828,44.05903300010019,22206860.0,0.7253794548171151,-0.03738740935663443,MSFT
2025-03-27,385.6033351411741,387.6888383797828,382.9050004114053,386.048095703125,13766800,0.001564179002377486,0.011712486956813069,387.46153564453124,384.6569625854492,401.6731719970703,47.53024314623689,21266120.0,0.6473583333490077,-0.02148067070860893,MSFT
2025-03-28,383.5771397086297,384.6149747790714,372.5565178920864,374.4048156738281,21632000,-0.030160179933255482,0.012969495904435817,384.9984436035156,383.75801544189454,400.7508612060547,48.73841511232451,17657340.0,1.2250995903120177,0.008817379993653729,MSFT
2025-03-31,368.2174556076631,372.6948931611048,362.97893300010196,371.0343933105469,35184700,-0.009002080694970216,0.013080397082168797,381.5015014648437,383.1106155395508,399.7952722167969,45.562932482974134,20493380.0,1.7168812562886162,-0.006073751105748371,MSFT
2025-04-01,370.3030004386035,378.4078694453165,368.89949332324585,377.7555236816406,19689500,0.01811457506977887,0.01416328049705303,378.93760375976564,382.79334259033203,398.88631408691407,49.114799901804716,21276280.0,0.9254202332362612,-0.05847890335121331,MSFT
2025-04-02,373.584455994143,380.61194495123306,372.2501138660857,377.7060852050781,16092600,-0.00013087426513491707,0.013585189315344137,377.38978271484376,381.8602981567383,397.98682373046876,52.979694572297475,21273120.0,0.756475777883075,-0.06353710726622575,MSFT
2025-04-03,370.4413527847735,373.10014336261634,365.0644702169303,368.78082275390625,30198000,-0.02363017912810661,0.015310811564300343,373.936328125,380.6850921630859,396.5596350097656,36.15342384482732,24559360.0,1.229592302079533,-0.04971719293193344,MSFT
2025-04-04,359.90502676066706,370.2436515761853,355.30898645827625,355.664794921875,49209900,-0.0355659161831845,0.017302259769207576,370.1883239746094,379.03100738525393,394.86006530761716,29.0626870378932,30074940.0,1.6362426658207796,0.08517675348005183,MSFT
2025-04-07,346.8087414532901,366.69528411042614,340.78940739034067,353.7077331542969,50425000,-0.00550254564275332,0.016753493256535253,366.7229919433594,377.92894287109374,393.1736346435547,30.477776190869932,33123000.0,1.5223560667813907,0.06564034823962639,MSFT
2025-04-08,363.98712785508354,369.3145725706382,346.18608632628985,350.4460754394531,35868900,-0.00922133560880034,0.015967308801037586,361.2611022949219,376.6494613647461,391.6093896484375,24.30473360783803,36358880.0,0.9865237873113804,0.09558330939301429,MSFT
2025-04-09,349.43791334353114,388.66739600040677,349.00301621371585,385.95916748046875,50199700,0.10133682335144667,0.038762768853071713,362.91171875,377.0062728881836,390.50603942871095,51.831034607739,43180300.0,1.1625602415916518,-0.0068630699029264,MSFT
2025-04-10,377.6269854135807,379.44563241847453,363.5324334212975,376.92523193359375,38024400,-0.023406454122720577,0.039503866100842035,364.5406005859375,377.13377685546874,389.31808898925783,45.253362800291754,44745580.0,0.8497911972534494,0.01148554872016927,MSFT
2025-04-11,376.2234920445777,385.52428234575257,374.4937970946495,383.94287109375,23839200,0.018618119896501417,0.03860275093060717,370.1962158203125,377.1283416748047,388.80986450195314,47.889144396408525,39671440.0,0.6009159233947646,-0.04335190095572383,MSFT
2025-04-14,388.6575350248574,390.07093573374146,379.75206690221165,383.310302734375,19251200,-0.0016475585484189148,0.03841487562457967,376.1167297363281,377.08435974121096,388.28760681152346,46.60445857910178,33436680.0,0.575750941780105,-0.05164911508567627,MSFT
2025-04-15,384.0021677861047,387.3429548173336,379.702634359307,381.2544250488281,17199900,-0.005363481416703619,0.03816600303053209,382.2783996582031,377.1935791015625,387.80590759277345,47.98327559291019,29702880.0,0.5790650603577835,-0.06898605572985395,MSFT
2025-04-16,376.25312290658945,377.1821883945702,363.7301188576812,367.2982177734375,21967800,-0.03660602043793515,0.04004124158485784,378.54620971679685,376.3924835205078,387.01647705078125,42.00456201007452,24056500.0,0.913175233304928,-0.012889896563768821,MSFT
2025-04-17,369.41339637295704,369.9767899290697,362.6330071079686,363.5126647949219,21120200,-0.010306483384165732,0.03946267491259412,375.8636962890625,375.45054016113284,386.13318603515626,45.02168113005219,20675660.0,1.0215006437521221,0.017972758112838605,MSFT
2025-04-21,358.6102676210093,360.2510105389955,351.5432339047138,354.95318603515625,20807300,-0.023546576470986236,0.038455183309630596,370.0657592773438,373.8621856689453,385.02879333496094,42.98284372279257,20069280.0,1.0367736161935057,0.07846949378674739,MSFT
2025-04-22,359.16369376749947,363.5027407564185,355.6845171480121,362.56378173828125,19485000,0.02144112520339858,0.03893383652038322,365.916455078125,372.5644195556641,384.1963635253906,43.42203011999635,20116040.0,0.968630008689583,0.0682352327218827,MSFT
2025-04-23,371.6965961898571,375.9763723537339,368.69186067990836,370.0459899902344,20545500,0.020636943425734078,0.039026187115401456,363.6747680664063,371.53796844482423,383.4648486328125,46.88378819006302,20785160.0,0.9884696581599565,0.04479283490137087,MSFT
2025-04-24,371.3408006891215,383.9428636514652,370.8367085183124,382.8061828613281,22232300,0.03448272165151822,0.023565654149429877,366.7763610839844,371.40601806640626,383.00392639160157,55.53303146937758,20838060.0,1.066908339835858,0.01740263092670613,MSFT
2025-04-25,382.5096738423667,387.60980644654984,380.1375268589871,387.30340576171875,18973200,0.011748041441691504,0.02237233094915972,371.5345092773438,371.4687835693359,382.68029541015625,63.392198341163166,20408660.0,0.9296641719740542,0.008702279177361216,MSFT
2025-04-28,387.41210451108003,388.18305301396595,382.1538550582223,386.62139892578125,16579400,-0.001760911021673528,0.02170429295305396,377.86815185546874,372.0796127319336,382.31343322753906,64.08393779595772,19563080.0,0.8474841384894403,0.08753458296398797,MSFT
2025-04-29,386.75978890275064,390.5157161336794,385.8504804253008,389.468017578125,14974000,0.007362806767170715,0.021773342364986806,383.2489990234375,373.0012939453125,382.0451300048828,66.75722351395689,18660880.0,0.8024273238989801,0.10465944130772331,MSFT
2025-04-30,385.77135703314644,392.05757796403765,379.979364791359,390.673828125,36461100,0.0030960450985764165,0.021627566461903776,387.37456665039065,373.64720916748047,381.7770709228516,52.870385440611315,21844000.0,1.6691585790148324,0.10350167166604174,MSFT
2025-05-01,426.10788113002934,431.9196612018972,419.96994327038766,420.4641418457031,58938100,0.07625367141607309,0.027510447456447734,394.9061584472656,375.78511199951174,382.00361267089846,71.1595738906108,29185160.0,2.0194544076510117,0.01859422958825907,MSFT
2025-05-02,426.73058824697114,434.34125858777406,425.00089318437847,430.2295227050781,30757400,0.023225240603177433,0.02624089056327871,403.4913818359375,378.8575469970703,382.3821691894531,71.90979650621084,31542000.0,0.9751252298522605,-0.004433966500070441,MSFT
2025-05-05,427.84749353573557,434.40057183462085,427.0963020072091,431.1092224121094,20136100,0.002044721853349696,0.022843331011735135,412.3889465332031,382.62976837158203,382.9348828125,72.57281770274426,32253340.0,0.6243105365211788,0.004585254739874589,MSFT
2025-05-06,427.18524232094876,432.65107712392626,426.1671945058241,428.2823486328125,15104200,-0.006557210173979033,0.024296658669935443,420.1518127441406,386.35849914550784,383.51428161621095,72.04816394903405,32279380.0,0.4679210071568909,0.012508376112907893,MSFT
2025-05-07,428.80620435216304,433.0365428333408,426.1078693467033,428.3218994140625,23295300,9.234744643626946e-05,0.024822857196775655,427.6814270019531,390.2522903442383,384.2150561523438,82.90342411339861,29646220.0,0.7857763991497061,0.036713911513665654,MSFT
2025-05-08,432.8487322038109,438.5221520354275,430.60508165893515,433.0859680175781,23491300,0.011122636059544888,0.02386628907141646,430.20579223632814,392.60863037109374,384.9749359130859,87.121591564111,22556860.0,1.041425978615818,0.02503600606030676,MSFT
2025-05-09,434.89471877509555,435.6261229679929,430.8225275981773,433.63946533203125,15324200,0.0012780310500168923,0.024138973965628464,430.8877807617188,395.4443420410156,385.8882147216797,95.9058165826909,19470220.0,0.7870583896843487,0.032388969687739744,MSFT
2025-05-12,440.7657862582039,444.15598092637396,434.6772567640601,444.0472717285156,22821900,0.024001059009966408,0.023926517388647484,433.475390625,398.4495620727539,386.9214849853516,96.03521920104386,20007380.0,1.140674091260325,0.010465865152367915,MSFT
2025-05-13,442.5844751269483,445.4409573721911,440.19254074927665,443.9287109375,23618800,-0.00026700038163529616,0.024287414509607086,436.6046630859375,401.48048248291013,388.12041137695314,95.52927220159197,21710300.0,1.0879075830366232,0.013278515694603588,MSFT
2025-05-14,442.940306646518,448.6334536340928,442.940306646518,447.6846008300781,19902800,0.008460569906925786,0.024092286804924194,440.4772033691406,404.80199127197267,389.3920837402344,94.97119725984743,21031800.0,0.9463193830295077,0.014952150786152973,MSFT
2025-05-15,446.3576953837484,451.7246558325709,446.0210270484144,448.6946105957031,21992300,0.0022560743964663565,0.010185287065687543,443.59893188476565,408.87181091308594,390.4386364746094,94.71573467532382,20732000.0,1.0607900829635346,0.011122624393611336,MSFT
2025-05-16,447.6251542704443,449.91254071320964,444.3376746324017,449.82342529296875,23849800,0.0025157750296287418,0.008364155400422863,446.8357238769531,413.1873489379883,391.5894061279297,95.73699358137415,22437120.0,1.062961734839409,-0.003742177479308717,MSFT
2025-05-19,446.4666664897976,455.0914021356244,446.38743262939596,454.3784484863281,21336500,0.010126247183309012,0.00849060054721638,448.90195922851564,418.1586120605469,392.90204528808596,95.83985807000552,22140040.0,0.9637064793017538,-0.008738891937731808,MSFT
2025-05-20,451.13050930908776,453.8535912700005,449.87295142774695,453.6852722167969,15441800,-0.0015255482997497127,0.007833311227244195,450.853271484375,422.71468658447264,394.46077026367186,94.82333204093922,20504640.0,0.753088081526913,-0.01743890350017785,MSFT
2025-05-21,450.12052955644793,453.2991005803846,447.38753565613104,448.1401062011719,19216900,-0.012222495097824582,0.009600130958370007,450.9443725585937,426.61939239501953,395.90285827636717,80.05413738753965,20367460.0,0.9435098927406755,0.017941926453158175,MSFT
2025-05-22,450.49682997275477,455.7449399531106,449.45708954496587,450.4076843261719,18025600,0.0050599758727734034,0.009328243069513008,451.2869873046875,429.99946746826174,397.33455322265627,76.17432501547822,19574120.0,0.9208894192944561,0.005496187095580307,MSFT
2025-05-23,445.5754743252827,449.2491512931012,444.51594054738166,445.77349853515625,16883500,-0.010288869289493907,0.010359077390439233,450.477001953125,432.92297210693357,398.76252014160156,67.33357718421492,18180860.0,0.9286414394038566,0.018881289695577008,MSFT
2025-05-27,452.0118204825961,456.4380677238799,451.65532857824905,456.18060302734375,20974300,0.02334617137713657,0.010211251378490544,450.8374328613281,436.4009323120117,400.2051007080078,77.96512901335102,18108420.0,1.1582622890346037,-0.0007163439751578515,MSFT
2025-05-28,456.70544210957024,457.9927052337918,452.45742544945836,452.8832092285156,17086300,-0.007228263930876722,0.010666614567966339,450.67702026367186,439.5716918945312,401.57896606445314,73.11075185141581,18437320.0,0.9267236236069016,0.010079529910794971,MSFT
2025-05-29,457.0321797296883,457.2005290082406,450.8532686393741,454.1902770996094,13974800,0.0028861036233167603,0.010437569895098921,451.8870544433594,442.74751434326174,403.08137084960936,71.23970181012264,17388900.0,0.8036621062861941,0.009352944287026821,MSFT
2025-05-30,455.22010105843367,457.16090743162863,451.081023612945,455.85382080078125,34770500,0.0036626581083925025,0.01045845979924173,452.9762817382813,444.5169982910156,404.53204467773435,71.86825929953795,20737880.0,1.6766660815859673,0.007624477001312968,MSFT
2025-06-02,452.66535029783114,457.58667299374565,452.41779739511384,457.44805908203125,16626500,0.003497257692058886,0.010472259238906129,455.3111938476562,445.87792510986327,406.0339752197266,65.96177319674568,20686480.0,0.8037375135837513,0.012360188604703337,MSFT
2025-06-03,456.9529759669727,459.5968543955761,456.3489311405408,458.43829345703125,15743800,0.0021646924833107484,0.010057547499652804,455.7627319335937,447.2443786621094,407.46833557128906,66.93089474321447,19640380.0,0.8016036349602197,0.016005279153269214,MSFT
2025-06-04,459.4582001214203,461.1316602074749,458.48778183720145,459.3294677734375,14162700,0.0019439351579599862,0.01002301301191363,457.05198364257814,448.79673461914064,408.88454284667966,64.56164961735405,19055660.0,0.7432279963013614,0.01914331963707072,MSFT
2025-06-05,460.4088263203011,465.0529216385449,459.4879366863286,463.1022033691406,20131700,0.008213571870298475,0.008994160823610597,458.83436889648436,450.5357498168945,410.33508666992185,66.85199621916291,20287040.0,0.9923428947742007,0.006927806534631875,MSFT
2025-06-06,465.4885564998141,468.70674412433226,464.1913817517478,465.7757263183594,15285600,0.005773073264969231,0.00901224721864359,460.81875,452.1702377319336,411.9416973876953,68.00804759657288,16390060.0,0.9326140355801016,0.00476218275347251,MSFT
2025-06-09,465.10242514198006,468.7958952647425,464.0329796350046,468.12255859375,16469900,0.005038545683650586,0.007622212246032105,462.9536499023437,453.8943923950195,413.5831866455078,66.32939499219367,16358740.0,1.0067951443693097,0.012945453028272214,MSFT
2025-06-10,466.57783210788693,468.172058367284,462.38922592870773,466.31048583984375,15375900,-0.0038709366182859695,0.0045594203213107625,464.52808837890626,455.00755310058594,415.42130004882813,64.61155169527385,16285160.0,0.9441663453107001,0.008578891891930729,MSFT
2025-06-11,465.4192790589967,470.81594475736864,465.0628173622344,467.99383544921875,16399200,0.0036099329963452664,0.0031317217375889396,466.2609619140625,456.2108093261719,417.36048889160156,75.23285137926675,16732460.0,0.9800830242534571,0.013795431197539898,MSFT
2025-06-12,470.3702965389571,475.7174632765806,468.88497916047487,474.1826171875,18950600,0.013224066792120848,0.004422987807316597,468.4770446777344,457.535710144043,419.2890307617188,77.47769672626669,16496240.0,1.148782995397739,-0.0017331685074851721,MSFT
2025-06-13,471.74673205457395,474.48960742449077,468.13246560456287,470.3109130859375,16814500,-0.008165006394638796,0.0059409470628885835,469.38408203125,458.6165252685547,421.14112731933596,78.86771236048001,16802020.0,1.0007427678338676,0.011116757817133394,MSFT
2025-06-16,470.5584575569121,475.98482813726486,470.3505215770748,474.45001220703125,15626100,0.00880077201257179,0.006206866689951333,470.6495727539062,459.8478546142578,423.25451110839845,75.21187761214647,16633260.0,0.9394490316390173,-0.0036316206483426594,MSFT
2025-06-17,470.7466055851971,474.0539088222925,469.4395189734987,473.36077880859375,15414100,-0.0022957811579994436,0.006481519737722758,472.05963134765625,460.7969711303711,425.6084307861328,80.09319346838464,16640900.0,0.92627802582793,0.01665131635528283,MSFT
2025-06-18,473.3211811212961,476.291816149254,469.8158233270243,475.53924560546875,17526500,0.004602127794275601,0.00647754968824993,473.56871337890624,461.88966979980466,428.04506103515627,80.59030695996901,16866360.0,1.0391394468041713,0.020552133262569994,MSFT
2025-06-20,477.5097284735666,478.727669344686,472.2021788313277,472.72698974609375,37576200,-0.005913824958430847,0.00686274246596063,473.277587890625,463.11901397705077,430.49067932128906,73.4065431638839,20591480.0,1.8248421191677335,0.031147972559375514,MSFT
2025-06-23,473.52910172023695,482.97572926336846,467.8849134818946,481.24285888671875,24864000,0.018014349350349068,0.00849279205863453,475.46397705078124,464.6607727050781,432.39635314941404,77.69069698726035,22201380.0,1.11993038270594,0.023559666254179046,MSFT
2025-06-24,484.16397269221426,487.0355802812341,482.03499358247046,485.3125915527344,22305600,0.008456712844384429,0.008637889174054848,477.63649291992186,466.63772735595705,434.56410034179686,79.18275288193176,23537280.0,0.9476710987845665,0.011895321323272645,MSFT
2025-06-25,487.2237477118272,489.71907018583636,484.59969288856837,487.45147705078125,17495100,0.004407232648144577,0.008224195336171008,480.4546325683594,468.2012710571289,436.6342724609375,79.73197081723863,23953480.0,0.7303782164428718,0.010441431407498092,MSFT
2025-06-26,488.15453290095326,493.1650012559548,487.9861836300842,492.5807800292969,21578900,0.010522694503972696,0.008431404008903864,483.862939453125,470.18614959716797,438.81968200683593,80.2971393872786,24763960.0,0.8713832521131515,-0.010855413336330222,MSFT
2025-06-27,492.6797669341534,494.41263722515527,488.20402140418383,491.0855407714844,34539200,-0.0030355209103439806,0.008270903491168834,487.53464965820314,472.0309127807617,441.01630432128906,76.65828363946811,24156560.0,1.4298062306884756,-0.009779335442925863,MSFT
2025-06-30,492.17479474651304,495.8583832017286,490.4815111095117,492.5411682128906,28369000,0.0029641016086923155,0.007200488250664474,489.7943115234375,473.8652801513672,443.52116333007814,76.21168810492682,24857560.0,1.14126245697486,0.002874918314214714,MSFT
2025-07-01,491.61036068604886,493.1748817381986,486.1741086010328,487.2336120605469,19945400,-0.010775863003698594,0.008492589421146788,490.178515625,475.354557800293,445.99558227539063,70.89174524837875,24385520.0,0.817919814709713,0.011523286431243562,MSFT
2025-07-02,485.1938116448169,488.66946431331223,483.9164603345879,486.2830505371094,16319600,-0.0019509358548099875,0.008470746178327875,489.9448303222656,476.7467956542969,448.6221795654297,68.5329922583989,24150420.0,0.6757480822279696,0.011260581819738213,MSFT
2025-07-03,488.9764203666982,495.2345653483035,488.6100468852986,493.9571838378906,13984800,0.01578120662915361,0.009428878664561338,490.22011108398436,478.47818145751955,451.2500476074219,69.45256169090632,22631600.0,0.6179324484349317,0.009361676941705532,MSFT
2025-07-07,492.51147619590915,493.86806132382594,490.38252718836065,492.84814453125,13981600,-0.0022452134373747157,0.00907150087626351,490.5726318359375,479.965478515625,453.7060906982422,73.444533756954,18520080.0,0.754942743227891,0.007554406139378411,MSFT
2025-07-08,492.37280697303856,493.3234318678901,489.2734398258723,491.7588806152344,11846600,-0.0022101410507523456,0.007821204086180271,490.4161743164062,481.26463623046874,455.8851446533203,69.22559602781452,15215600.0,0.7785825074265885,0.013491225462650247,MSFT
2025-07-09,495.4028504286207,501.8194324629264,494.84833435120834,498.5814514160156,18659500,0.013873813101749288,0.008464507183322431,492.6857421875,482.787580871582,458.11070556640624,74.84868548048111,14958420.0,1.2474245274567768,-0.0009731588955653736,MSFT
2025-07-10,498.12592881176073,499.50233742843255,492.877819466512,496.5713195800781,16492100,-0.004031702002207593,0.00869654997072173,494.74339599609374,484.3006225585938,460.3097039794922,70.79082979417899,14992920.0,1.0999925298074025,0.008654439387181911,MSFT
2025-07-11,493.5907782355643,500.0865639242522,492.9273231662245,498.393310546875,16459500,0.003669142568156536,0.008196234134340355,495.6306213378906,485.8205963134766,462.4882098388672,75.87857439127808,15487860.0,1.0627355877442073,0.00456967677875042,MSFT
2025-07-14,496.6109349689791,499.0369655948213,496.1257409313552,498.09625244140625,12058800,-0.0005960314859418947,0.00809167125653291,496.68024291992185,487.0162780761719,464.6366583251953,70.36856175054291,15103300.0,0.7984215370150894,0.01725576471646373,MSFT
2025-07-15,498.0962552049,503.3245715280963,497.8685258646023,500.8688659667969,14927200,0.0055664211722146195,0.008187135982353719,498.5022399902344,488.54417572021487,466.2447528076172,69.40944785948838,15719420.0,0.9496024662487548,0.008362604265987672,MSFT
2025-07-16,500.2351113436526,501.7600457375481,496.9773367906475,500.6708068847656,15154400,-0.00039543101096717326,0.0070005044560424445,498.92011108398435,489.85521545410154,467.65357849121096,67.33312152324002,15018400.0,1.0090555585148884,0.00878124874093178,MSFT
2025-07-17,500.730191050298,508.3449206172861,500.67078077223215,506.6912841796875,17503100,0.012024821923175555,0.007345168921534008,500.94410400390626,491.52174072265626,469.1652197265625,68.07911482237718,15220600.0,1.1499612367449379,-0.01256590573176597,MSFT
2025-07-18,509.4440643876484,509.6025320949179,502.4630844244223,505.05743408203125,21209700,-0.0032245474683887387,0.006397054599316063,502.2769287109375,492.9976501464844,470.7007214355469,67.83815985618227,16170640.0,1.311617845675867,-0.008195303824438893,MSFT
2025-07-21,501.7501069031347,507.0774803175347,500.60145783110823,505.06732177734375,14066800,1.9577368127299266e-05,0.006259098937919616,503.671142578125,494.6146667480469,472.2356298828125,66.60536265784839,16572240.0,0.8488170579233707,0.001607669247565946,MSFT
2025-07-22,505.9684679829346,506.1962275502158,500.3242492675781,500.3242492675781,13868600,-0.009390970877059757,0.007197248693006381,503.5622192382813,495.56873626708983,473.5803955078125,67.61733830559709,16360520.0,0.8476869928339686,0.01670395022758986,MSFT
2025-07-23,501.78972599996087,501.8293429250601,495.79895793496456,500.9183349609375,16396600,0.0011874013586770094,0.005806863405486796,503.6117248535156,496.3490234375,474.9259729003906,69.88693241240435,16608960.0,0.9872141302044198,0.013106238225056854,MSFT
2025-07-24,503.7899408054956,508.6419715627398,502.33432855643633,505.8793029785156,16107000,0.009903746122539081,0.006257696505839331,503.44932861328124,497.2704147338867,476.1626135253906,67.48979705130753,16329740.0,0.9863598563112456,0.003308086379077757,MSFT
2025-07-25,507.4537274302719,513.2167663968169,505.3643953860848,508.681640625,19125700,0.005539538047879766,0.006344583499531928,504.174169921875,498.07545776367186,477.4576721191406,72.12842909785724,15912940.0,1.2018960669744245,-0.0009149004588300258,MSFT
2025-07-28,509.04804137949895,509.9590192096989,505.1267813382861,507.4834899902344,14308000,-0.0023554037320739907,0.006450043534339544,504.65740356445315,498.8953552246094,478.6536499023438,71.90956961887527,15961180.0,0.8964249510374547,0.0409754060007268,MSFT
2025-07-29,510.4838436674275,512.5533521818816,506.5526719682665,507.55279541015625,16469200,0.0001365668465849179,0.006333427144216672,506.1031127929688,499.6459365844727,479.8308135986328,65.39775423555699,16481300.0,0.9992658346125609,0.02251391787506707,MSFT
2025-07-30,510.127348903314,510.89974304598894,504.45345515414937,508.21624755859375,26380400,0.0013071588895523512,0.006304273207270943,507.5626953125,500.695068359375,480.9986700439453,70.95518902895101,18478060.0,1.427660695982154,0.04364426600725513,MSFT
2025-07-31,549.7951084550788,550.0129864113624,526.6935178159886,528.27783203125,51617300,0.03947450434540323,0.013386666023186567,512.0424011230468,502.79480743408203,482.4766577148437,82.46560010184704,25580120.0,2.0178677816992256,-0.010777668814405561,MSFT
2025-08-01,529.7632164041114,530.5553736121248,515.7616096000787,518.9797973632812,28977600,-0.017600652732705835,0.014959281428031638,514.1020324707031,504.0459381103516,483.7825482177734,68.97611209214415,27550500.0,1.0517994228779877,0.0015836828682700421,MSFT
2025-08-04,523.0991177691142,532.981410508703,522.960473635689,530.39697265625,25349000,0.021999267314401605,0.016074886544494682,518.6847290039062,505.9233795166016,485.427685546875,73.18823804025493,29758700.0,0.8518181237755682,-0.027630533586558537,MSFT
2025-08-05,531.9219176627233,532.0407382325785,522.0792108748774,522.584228515625,19171600,-0.014729993841213762,0.0166838401161449,521.691015625,507.4646469116211,486.87121643066405,65.37026231328699,30299180.0,0.6327431963505283,-0.010819643028163961,MSFT
2025-08-06,525.70337986457,526.4955370830186,518.9006307843745,519.8016967773438,21355700,-0.005324561260076521,0.01695183785586305,524.00810546875,508.5256591796875,488.35178039550783,59.633325410244105,29294240.0,0.7290067945097739,-0.006038679817872095,MSFT
2025-08-07,521.6434435727333,522.9208551796034,512.483986539974,515.7418212890625,16079100,-0.00781043138845372,0.017171329615057525,521.5009033203125,509.4841842651367,489.5430047607422,57.580460631213555,22186600.0,0.7247212281286903,0.016127856449189792,MSFT
2025-08-08,517.4845698020915,519.524403327164,514.3257923084495,516.9300537109375,15531000,0.002303928773712993,0.017128986925188456,521.0909545898437,510.41102142333983,490.8239416503906,58.27807066636341,19497280.0,0.7965726501337622,-0.0027965440689768917,MSFT
2025-08-11,517.1875615378566,522.4258201385037,514.6327984158801,516.6627807617188,20194400,-0.0005170389055541014,0.01708996954428276,518.3441162109375,511.33934783935547,492.0733917236328,62.16103379270085,18466360.0,1.0935777272835578,0.0013605429318808149,MSFT
2025-08-12,518.6233787752558,525.7825900386109,517.5836685759962,524.0596313476562,18667000,0.014316592681656415,0.01750835103793534,518.6391967773437,512.4988861083984,493.4375079345703,65.64055198405364,18365440.0,1.0164199714245887,-0.017137863078549476,MSFT
2025-08-13,526.901545781552,527.4857972911225,514.2862580919234,515.4844360351562,19619200,-0.016363014434918943,0.018594504518061508,517.7757446289063,513.2395675659179,494.5982354736328,56.18945322409431,18018140.0,1.0888582284297936,-0.006685061043511298,MSFT
2025-08-14,517.4449565045493,520.8017882377586,515.0486614235291,517.36572265625,20269100,0.003649550771238852,0.013129182757150281,518.1005249023438,513.773289489746,495.7767840576172,55.663160559438104,18856140.0,1.074933682079153,-0.02432619754333143,MSFT
2025-08-15,517.6529556536844,520.9503168823401,513.9990723038397,515.078369140625,25213300,-0.004421153964126789,0.012003202904965515,517.7301879882813,514.2743362426758,496.89176208496093,54.883482354677206,20792600.0,1.2126092936910247,-0.027779331402940866,MSFT
2025-08-18,516.4844919382945,517.7024328589179,508.9885829187347,512.0383911132812,23760600,-0.0059019718347244066,0.009013713985933232,516.8053100585937,514.6228897094727,497.87048583984375,52.77809278857131,21505840.0,1.1048440795616445,-0.023266359026452577,MSFT
2025-08-19,509.9589996924715,510.11740696385556,503.5721224631474,504.7801818847656,21481000,-0.01417512701095458,0.008938156281629518,512.9494201660157,514.845686340332,498.65057495117185,48.032628938088266,22068640.0,0.9733721697395037,-0.0033468481292467933,MSFT
2025-08-20,504.87920872605446,505.9981527246316,499.5023667236012,500.76983642578125,27723000,-0.007944736348424741,0.009037898236967263,510.0065002441406,514.8382614135742,499.3035205078125,30.702937476611424,23689400.0,1.1702702474524471,-0.0012477736609880496,MSFT
2025-08-21,499.57962247206007,503.48747238505433,498.6175369804135,500.1251220703125,18443300,-0.0012874464645681316,0.008942060850116187,506.5583801269531,514.5505523681641,499.97981323242186,34.94558940345712,23324240.0,0.7907353037012138,-0.0043629828961258,MSFT
2025-08-22,500.13506667774504,506.5621975190336,498.3100856343386,503.09075927734375,24324200,0.005929790518730105,0.009250740162348425,504.1608581542969,514.2710083007812,500.6817517089844,24.795921241655165,23146420.0,1.0508838947880492,-0.0009660740935033552,MSFT
2025-08-25,502.4956437530773,504.04291093011733,500.00611695670057,500.1449890136719,21638600,-0.005855345599873996,0.009266616519288078,501.782177734375,513.9040832519531,501.2009991455078,27.24365223645664,22722020.0,0.9523184998516857,0.010669086375160619,MSFT
2025-08-26,500.24412923099453,500.8590951140394,494.44189267773186,497.9430847167969,30835700,-0.004402531956217981,0.00692987278825111,500.4147583007813,513.4235977172851,501.753642578125,27.568314790143447,24592960.0,1.2538425630749612,0.009262224315250922,MSFT
2025-08-27,497.9034268047853,503.1502662118434,495.8205578102606,502.604736328125,17277900,0.00936181614808329,0.007048617282855165,500.78173828125,513.1430221557617,502.31673706054687,36.68297590365919,22503940.0,0.7677722212199286,-0.0031969685267519976,MSFT
2025-08-28,502.95187030654046,506.91922816363694,501.3748491905692,505.4810791015625,18015600,0.0057228723995941255,0.007276563549120171,501.8529296875,512.0031845092774,502.9591430664062,38.77826819927039,22418400.0,0.8036077507761482,-0.008417733242113257,MSFT
2025-08-29,504.5090702372647,505.44140176386463,500.3730863144936,502.5551452636719,20961600,-0.005788414163970579,0.0073335253616466384,501.7458068847656,511.18195190429685,503.4994610595703,36.85734381761042,21745880.0,0.9639343176730488,0.0025262138484565266,MSFT
2025-09-02,496.38587753866574,501.87074834041937,492.75574161607386,500.9979248046875,18128000,-0.003098606140361726,0.007239206128778434,501.91639404296876,509.7119995117188,504.0648797607422,25.89278422605375,21043760.0,0.8614430120852927,-0.02003478165526562,MSFT
2025-09-03,499.6788070917271,503.64616490840893,498.220801883355,501.22607421875,16345100,0.0004553899382946369,0.005892976240050139,502.5729919433594,508.644091796875,504.4645440673828,31.944354272747233,18145640.0,0.9007728578325152,-0.014148594121251468,MSFT
2025-09-04,500.1846427841772,504.00323087503085,499.0440334241921,503.82470703125,15509500,0.005184552333097336,0.005549822830096231,502.8169860839844,507.8452423095703,504.8347863769531,33.15871297635982,17791960.0,0.8717139651842742,-0.018820087649842554,MSFT
2025-09-05,504.9157294675595,507.79205789513924,488.35199810583333,490.9605407714844,31994800,-0.025533019878216767,0.00999371562919871,499.9128784179687,506.6061782836914,504.9049676513672,26.25200205539346,20587800.0,1.5540660002525768,0.010848534556786582,MSFT
2025-09-08,494.0451377441344,497.1099483047291,490.990285532587,494.1344299316406,16771000,0.00646465224103121,0.010041015274342605,498.2287353515625,505.4663970947266,504.93604064941405,32.416953035509735,19749680.0,0.8491783158005598,0.005640325159709025,MSFT
2025-09-09,497.33802599365555,498.15134157087306,493.6384843818268,494.3426818847656,14410500,0.00042144797146348445,0.009951577943810097,496.89768676757814,504.3503921508789,505.00118347167967,38.102053169506505,19006180.0,0.7582007536496024,0.023053382136664524,MSFT
2025-09-10,498.8754600894228,499.1234199731124,492.6665349159027,496.2867431640625,21611800,0.003932618708716085,0.009995172933523819,495.9098205566406,502.96174774169924,505.07609497070314,44.636976829426786,20059520.0,1.0773837060906741,0.029957772333154775,MSFT
2025-09-11,498.15138006137016,499.0638857033828,493.8170463660224,496.9215087890625,18881600,0.0012790299836604735,0.009439516088637497,494.5291809082031,502.03360137939455,505.2698529052734,46.16667737807978,20733940.0,0.9106614565297285,0.016027575543857475,MSFT
2025-09-12,502.5154742767582,508.367321245748,499.73833579713096,505.73895263671875,23624900,0.017744138041324353,0.011035002972209853,497.48486328125,501.45226287841797,505.65897094726563,52.779486075663925,19059960.0,1.2395041752448588,0.00023533594568303506,MSFT
2025-09-15,504.63802593930427,511.2634762434591,502.86262476523797,511.1543884277344,17143800,0.010707966556227744,0.011286079093220604,500.88885498046875,501.2560638427734,506.0029150390625,60.98570344484005,19134520.0,0.895961853236977,-0.013408096130829383,MSFT
2025-09-16,512.6619733694059,513.0090929577493,504.449544036503,504.8859558105469,19711900,-0.012263286316427147,0.012069018779665507,502.997509765625,500.89844207763673,506.2436712646484,56.407891905411596,20194800.0,0.9760879038168241,0.017464410128491092,MSFT
2025-09-17,506.4530809454648,507.11762672901375,501.8013512662406,505.85797119140625,15816600,0.0019252177044593033,0.012072772745015108,504.91175537109376,500.95233154296875,506.52565307617186,53.22199815751104,19035760.0,0.8308888113739614,0.00868595557154661,MSFT
2025-09-18,507.31595138937655,508.883074673213,503.5172196080818,504.30078125,18913700,-0.003078314527175885,0.01203622020744322,506.3876098632812,501.1288787841797,506.6400396728516,48.79967077535384,19042180.0,0.9932528733579874,0.0015341065328695613,MSFT
2025-09-19,506.3936379963221,515.062306658186,506.1456780893485,513.7034912109375,52474100,0.018645043415620233,0.009370324455443559,507.980517578125,501.80779724121095,506.98268310546877,60.017857838225325,24812020.0,2.114866101188053,-0.015021473250577011,MSFT
2025-09-22,511.3825425873763,513.5149611406991,508.35738375283694,510.2518310546875,20009300,-0.006719168188079716,0.009982808250346082,507.8000061035156,502.1658508300781,507.219853515625,58.041727706981035,25385120.0,0.7882294824684697,-0.014423204591980432,MSFT
2025-09-23,509.60711582016205,510.3907077578639,503.17008724169204,505.0744323730469,19799600,-0.010146751793009723,0.010839289952735105,507.83770141601565,502.4123229980469,507.35941711425784,53.07937366883138,25402660.0,0.7794301856577225,0.004379080255988432,MSFT
2025-09-24,506.215041937542,508.29788064425674,502.7832857896144,505.9869079589844,13533700,0.0018066160697352007,0.010822424865919935,507.8634887695313,502.81451416015625,507.46177795410154,51.77812879744977,24946080.0,0.5425181030446466,0.008722764693915641,MSFT
2025-09-25,504.15198973027213,505.84805701475193,500.9186136455738,502.8923645019531,15786500,-0.00611585677090698,0.011124825324570698,507.58180541992186,502.82889556884766,507.50620910644534,61.69092670557841,24320640.0,0.6490988723980948,0.021537217234021577,MSFT
2025-09-26,505.8976246789574,509.74596656687834,502.4856945681329,507.28619384765625,16213100,0.008737116838221759,0.00994291164410499,506.2983459472656,502.91915130615234,507.5181072998047,62.58536856030628,17068440.0,0.9498876288635634,0.016130299467825848,MSFT
2025-09-29,507.3258348805616,512.6321512651683,504.7272205888506,510.4005126953125,17617800,0.006139175253390583,0.009509596476975503,506.3280822753906,503.31141967773436,507.6249688720703,64.55666576848787,16590140.0,1.0619440221722058,0.002215511763246969,MSFT
2025-09-30,509.05168089535164,513.9315141469417,505.5009089039439,513.7232666015625,19728200,0.006510091239335214,0.008658067769580759,508.05784912109374,503.94768676757815,507.7980877685547,65.42100620877952,16575860.0,1.1901765579583805,-0.0011585105197412515,MSFT
2025-10-01,510.5989067561486,516.2623314762835,507.51430077675985,515.4688720703125,22632300,0.0033979490169828708,0.008673507145003508,509.95424194335936,504.6598266601562,508.1009802246094,66.08734643487503,18395580.0,1.2303118466501193,0.017048012407165913,MSFT
2025-10-02,513.4158303625842,517.343476169315,506.5126054199375,511.53131103515625,21222900,-0.007638794985508124,0.009075933805649316,511.68203125,505.04515686035154,508.31323974609376,55.488729544936646,19482860.0,1.0893113228755942,0.015976868435468194,MSFT
2025-10-03,512.8801529316524,516.2425031799986,510.7973143114264,513.1281127929688,15112300,0.0031216109813123616,0.006869728952812268,512.8504150390625,506.1535354614258,508.4582159423828,52.01617302770426,19262700.0,0.7845369548401834,0.014496928842568702,MSFT
2025-10-06,514.377848960065,526.6965386672223,513.9712214168786,524.256591796875,21388600,0.021687525447268374,0.009276043356628409,515.621630859375,507.6596435546875,508.7697149658203,67.99999319403412,20016860.0,1.0685292298592286,-0.011672965112894729,MSFT
2025-10-07,523.9788048028778,525.4764919541412,517.1847292577561,519.7039794921875,14615200,-0.008683939078540814,0.009059065336428525,516.8177734375,508.9277084350586,509.01412475585937,62.06351755501763,18994260.0,0.7694535085862781,-0.024848176651794618,MSFT
2025-10-08,519.0097599169904,522.6497936321297,518.8213080060119,520.56689453125,13363400,0.0016603972128628186,0.009061137073129054,517.8373779296875,510.14171600341797,509.27440673828124,64.3456181657478,17140480.0,0.7796397767157046,-0.020577225755800677,MSFT
2025-10-09,518.07745494396,520.0512058016051,513.1777655449532,518.136962890625,18343600,-0.00466785665041769,0.008911717956182461,519.1585083007812,511.2024887084961,509.4728210449219,54.45835947003967,16564620.0,1.1073963664726387,-0.016902799288881054,MSFT
2025-10-10,515.3994727403434,519.3073226434543,505.47115003636685,506.790283203125,24133800,-0.021898996790729264,0.01159295755746754,517.8909423828125,511.2550552368164,509.0430700683594,46.996013682507765,18368920.0,1.3138388103383323,0.0048340698319164765,MSFT
2025-10-13,512.1957986627914,512.1957986627914,507.50441729945595,509.8550720214844,14284200,0.006047449842543573,0.011587562681427447,515.0106384277344,511.1900894165039,508.86057556152343,54.30662681472587,16948040.0,0.8428231229097878,-0.004746592896086033,MSFT
2025-10-14,506.0662576446326,511.07506506957225,501.87076583985106,509.3789978027344,14684300,-0.000933744204725584,0.011356360794745191,512.9456420898438,511.4147415161133,508.4402160644531,53.07997198010232,16961860.0,0.8657246316146932,1.9591008050934278e-05,MSFT
2025-10-15,510.75768630195654,512.9694689959882,505.83814063109804,509.2401428222656,14694700,-0.00027259659520262325,0.011264880072218812,510.6802917480469,511.58385009765624,508.17333435058595,56.09060776069057,17228120.0,0.8529485515540871,0.006544281967864274,MSFT
2025-10-16,508.3971133632887,512.6322269089161,503.98341543309897,507.43499755859375,15559600,-0.003544781944462505,0.011075983896693118,508.53989868164064,511.7405609130859,507.9260003662109,50.150238421843355,16671320.0,0.9333154183352008,0.011825377398943848,MSFT
2025-10-17,504.88601698312937,511.2734358883721,503.17012365144205,509.38897705078125,19867800,0.0038506991074493957,0.011106647059022826,509.05963745117185,511.52483520507815,507.7989434814453,48.954208030127496,15818120.0,1.2560152533929443,0.013551679527582072,MSFT
2025-10-20,510.41055088987974,514.4672014016805,509.24018745186737,512.57275390625,14665600,0.006250187968145582,0.00839474030517292,509.603173828125,511.64088134765626,507.71179748535155,48.80709641572025,15894400.0,0.922689752365613,0.007294958128085893,MSFT
2025-10-21,513.2769402267872,514.4572316509175,508.8533142722573,513.4356079101562,15586200,0.001683378598122065,0.008144095154282308,510.41449584960935,512.0589401245118,507.64725402832033,47.85250881223682,16074780.0,0.9696058048694912,0.011493998724936283,MSFT
2025-10-22,516.8971212574951,520.9437823737373,513.4851913413816,516.2920532226562,18962700,0.005563395425819184,0.008385430141885392,511.8248779296875,512.5741973876953,507.4919024658203,55.14570933603198,16928380.0,1.120172160596584,0.021093686919466892,MSFT
2025-10-23,518.1964698863214,519.6743010066873,514.3778516149157,516.3119506835938,14023500,3.8539157853234585e-05,0.008275090864500456,513.6002685546875,513.2451766967773,507.5084527587891,53.56273998500158,16621160.0,0.8437136758204602,0.041320896461922496,MSFT
2025-10-24,518.5237205252405,521.0628270774097,516.4607380708425,519.3370361328125,15532400,0.00585902659276738,0.0035254955846897853,515.5898803710937,513.8477188110352,507.5478790283203,43.27544463558987,15754080.0,0.9859287244954957,0.034262103149932166,MSFT
2025-10-27,527.4404441110845,530.2175826339089,524.6930292943027,527.1825561523438,18734700,0.015106798617622319,0.0052792308738156815,518.5118408203125,514.6868209838867,507.7899627685547,59.37824333881352,16567900.0,1.1307830201775724,-0.010836993113288451,MSFT
2025-10-28,545.511702993095,549.2013167264516,536.3570441492753,537.6464233398438,29986700,0.019848659758150644,0.007157572410436979,523.35400390625,515.8829788208008,508.30212341308595,67.26149940041748,19448000.0,1.5418911970382558,-0.044754455176012065,MSFT
2025-10-29,540.4929653309738,541.8121286840217,532.3499420595073,537.130615234375,36023000,-0.0009593816364750207,0.007221468382943293,527.5217163085938,516.9660659790039,508.94913208007813,69.96860895042755,22860060.0,1.5758051378692794,-0.04527741402953611,MSFT
2025-10-30,526.150935240438,530.6042843733296,517.8591725476514,521.469482421875,41023100,-0.02915702879022508,0.012980208412425953,528.55322265625,517.4629745483398,509.363125,64.14910853274125,28259980.0,1.4516323083031197,-0.021739794535330814,MSFT
2025-10-31,524.5640198650095,525.0004316167937,510.896444053691,513.5843505859375,34006400,-0.015120984260318271,0.014145110235205316,527.402685546875,517.4857864379883,509.6323095703125,53.28897824501342,31954780.0,1.0642038530698694,-0.020567252072180575,MSFT
2025-11-03,515.5680119038287,520.676008789008,510.3906395365282,512.8107299804688,22374700,-0.0015063165468069961,0.014032032667690448,524.5283203125,516.913493347168,509.826708984375,53.010760461262066,32682780.0,0.6846021054512499,-0.038547036613543306,MSFT
2025-11-04,507.5838081580189,511.342858187808,503.6957838776707,510.1328430175781,20958700,-0.005221979194921733,0.014117055196298965,519.0256042480469,516.4349365234375,510.02646606445313,50.74978827939327,30877180.0,0.6787763649400625,-0.03404438122370301,MSFT
2025-11-05,509.1112106662694,510.6287541811956,502.4460479183387,503.0213317871094,23024300,-0.013940508492654935,0.014519415809732204,512.2037475585937,515.5576583862305,510.1280310058594,46.596311806239676,28277440.0,0.8142285864632725,-0.00228732591991887,MSFT
2025-11-06,501.53353925537283,501.5732213085109,491.7639146320967,493.04339599609375,27406500,-0.019836009251469555,0.015462150282973207,506.5185302734375,514.3029800415039,509.9368041992187,38.78295717849526,25554120.0,1.0724885067456833,0.023295118124818437,MSFT
2025-11-07,492.89463000746537,495.30479262227396,489.2248119110569,492.76568603515625,24019800,-0.0005632566285092011,0.015113862669069904,502.35479736328125,513.6017501831054,509.6824963378906,35.84287338380449,23556800.0,1.0196546220199687,0.028823345293902625,MSFT
2025-11-10,495.95940345274505,502.7138276367279,494.72950196106785,501.8707580566406,26101500,0.018477487941063186,0.015643751426283953,500.16680297851565,513.2025344848632,509.66880859375,42.60527555401357,24302160.0,1.074040332217383,-0.005355694006452083,MSFT
2025-11-11,500.68055811559174,505.4414057875519,498.2505695472254,504.5289001464844,17980000,0.005296467361710189,0.013645546361141953,499.0460144042969,512.9600296020508,509.73942810058594,42.45935499319404,23706420.0,0.7584443370192547,0.002948815123851034,MSFT
2025-11-12,505.203338237195,507.494515261433,495.0469117437556,506.9688415527344,26574900,0.0048360785785346305,0.01401347249188114,499.83551635742185,512.8464645385742,509.85428344726563,44.1909356928204,24416540.0,1.0883974551676856,-0.007141010410625093,MSFT
2025-11-13,506.1455939798088,509.3095642884979,497.1992129195551,499.1828918457031,25273100,-0.015357846614763582,0.011975290761582014,501.06341552734375,512.4338592529297,509.7614471435547,38.16956648381511,23989860.0,1.0534909332526325,-0.01887575673746622,MSFT
2025-11-14,494.1641988801248,507.4250879884235,493.38063720960855,506.01666259765625,28505700,0.013689913784275864,0.012533692500827776,503.71361083984374,512.2652435302734,510.0625695800781,37.426323422770125,24887040.0,1.1454033906804506,-0.045199749064510186,MSFT
2025-11-17,504.3007594029326,507.9407930820625,500.78963942134817,503.34857177734375,19092800,-0.00527273312822496,0.012593271167314674,504.00917358398436,511.8040344238281,510.24685241699217,27.54544568176115,23485300.0,0.8129681119679119,-0.055497708643880705,MSFT
2025-11-18,491.3275301094218,498.87544447228873,482.8076324047851,489.76043701171875,33815100,-0.026995476946809926,0.014920070497885216,501.05548095703125,510.6202758789062,510.15520751953125,23.51965367658147,26652320.0,1.2687488368742383,-0.04209566394802744,MSFT
2025-11-19,486.1005289347495,491.14898819063853,478.88983663624714,483.14483642578125,23245300,-0.013507829718346964,0.014888526588143417,496.2906799316406,508.9629150390625,509.89236938476563,26.16581982601619,25986400.0,0.8945179016716436,-0.025112606424203654,MSFT
2025-11-20,489.60385435710714,490.45844852333465,472.50235794747454,475.41387939453125,26802500,-0.01600132392688336,0.014476832210765794,491.53687744140626,506.9180114746094,509.462216796875,26.216092667428796,26292280.0,1.0194056962728222,-0.0030098799860986958,MSFT
2025-11-21,475.4834301610789,475.9007957312625,465.3179114267742,469.1436462402344,31769200,-0.01318899894610226,0.014736624893915131,484.1622741699219,504.4083419799805,508.7303106689453,24.535452005101163,26944980.0,1.1790396578509243,0.028340328001894788,MSFT
2025-11-24,472.0055061050608,473.89352206444323,465.0694984877541,471.0118103027344,34421000,0.003982072607125131,0.012774602976204889,477.694921875,501.5998046875,507.9274591064453,26.96898986930053,30010620.0,1.1469606425991865,0.037995829368901335,MSFT
2025-11-25,471.08136597664605,476.12932719889915,461.9592459889855,473.9829406738281,28019800,0.006307974250548298,0.012879776592242652,474.5394226074219,498.41663055419923,507.30939880371096,32.02865955969621,28851560.0,0.9711710562617758,0.02044068840090052,MSFT
2025-11-26,483.244222260298,485.23161394332453,478.1664510662567,482.4393310546875,25709100,0.017841128140260842,0.014647662807507117,474.3983215332031,495.6820663452148,506.84102600097657,43.3113660232778,29344320.0,0.8761184447279746,0.009268768867928046,MSFT
2025-11-28,484.5260924315005,489.5243812398697,483.5820692635899,488.9082946777344,14386700,0.01340886450717993,0.015170230755349146,477.0972045898437,494.0540069580078,506.5331762695312,47.7431740294411,26861160.0,0.5355948886794166,-0.02902385293086429,MSFT
2025-12-01,485.3607732415945,486.7718042788117,481.59465771305275,483.6714782714844,23964000,-0.010711244753378257,0.014308817136640804,480.0027709960938,492.55836334228513,505.9325360107422,38.847426107563685,25300120.0,0.9471891832924113,-0.01212137311078143,MSFT
2025-12-02,483.6516286444489,490.38888506208144,483.2541563831954,486.91094970703125,19562700,0.006697668936617607,0.014723666208042108,483.18259887695314,491.2633743286133,505.46571838378907,39.28004411985895,22328460.0,0.8761329711050382,-0.013959174678839337,MSFT
2025-12-03,473.3171775583083,481.18723109312356,472.2042431453193,474.7182922363281,34615100,-0.025040836477469464,0.01438192469831701,483.3296691894531,489.4926467895508,504.8585955810547,32.458481091492644,23647520.0,1.4637940891899024,0.02781910452777403,MSFT
2025-12-04,476.7355376297969,478.28570075231454,473.48613274494215,477.8087158203125,22318200,0.006510015802057678,0.014151416040403387,482.40354614257814,488.2320159912109,504.29503173828124,37.74849311445403,22969340.0,0.9716517758020039,0.023250866266977477,MSFT
2025-12-05,479.4780948278929,480.35255199911325,475.86105782216015,480.11407470703125,22608700,0.004824857333882715,0.013202231848180784,480.6447021484375,487.58554992675784,503.8394659423828,34.33987997012538,24613740.0,0.9185398074408846,-0.009520620468183472,MSFT
2025-12-08,481.8331998835391,489.1964595164875,481.32640529111774,487.9245300292969,21965900,0.016267915759461182,0.012952822487469224,481.4953125,487.34349212646487,503.4522326660156,41.22085241012931,24214120.0,0.9071525209258069,-0.01537617075374631,MSFT
2025-12-09,486.016607703579,489.01755801519323,485.42038417588924,488.9181823730469,14696100,0.002036487781605034,0.012967872379859822,481.8967590332031,486.6958633422852,503.0225860595703,49.44036440896893,23240800.0,0.6323405390520119,-0.027417548022201754,MSFT
2025-12-10,480.9786084159209,481.1972227192708,472.0850182923752,475.5430908203125,35756200,-0.02735650265207179,0.01621234480528095,482.06171875,485.24657287597654,502.2589825439453,45.36534122031961,23469020.0,1.523548916827375,-0.007815129135094079,MSFT
2025-12-11,473.6252433732215,482.96597801292137,472.86007818396723,480.422119140625,24669200,0.010259907912648192,0.015468835199890497,482.5843994140625,483.9192367553711,501.55804748535155,53.16345161852447,23939220.0,1.0304930570001862,-0.014644078769839974,MSFT
2025-12-12,476.79512068758515,479.40854546431024,473.3370484252935,475.51324462890625,21248100,-0.010217836182271789,0.014935736769984132,481.6642333984375,482.7357543945312,500.8376861572266,54.09375753902641,23667100.0,0.8977906038340143,-0.005036254899844161,MSFT
2025-12-15,477.0733729131614,477.6894594742654,469.5411415575728,471.82666015625,23727700,-0.007752853394300874,0.01478739013536658,478.4446594238281,481.02625427246096,500.0116571044922,50.51174457733972,24019460.0,0.9878531823779552,0.019291478535156337,MSFT
2025-12-16,468.9350114671635,474.87732355778707,467.911505956298,473.38677978515625,20705600,0.0033065525131403817,0.014593775506877175,475.33837890625,479.5281646728516,498.9942608642578,49.61884191158537,25221360.0,0.8209549366092868,0.020004528125370236,MSFT
2025-12-17,473.903466892556,476.9739832708393,472.0055042784347,473.1184387207031,24527200,-0.0005668537354907022,0.012306902722696378,474.85344848632815,478.6960647583008,498.06255004882814,43.34372585025622,22975560.0,1.0675343713058572,0.018482830419247254,MSFT
2025-12-18,475.17538699144035,486.5134594689822,474.8772903878124,480.92889404296875,28573500,0.016508456832468488,0.013286026201740877,474.9548034667969,478.5852676391602,497.2697900390625,44.408843072793736,23756420.0,1.2027696092256326,0.005929978898511656,MSFT
2025-12-19,484.2875529363844,484.77448448182145,479.4482594182398,482.8566589355469,70836100,0.004008419781918793,0.013260558087848198,476.423486328125,478.95740661621096,496.5641839599609,49.40129320667359,33674020.0,2.1035831183802824,0.0043216996928439055,MSFT
2025-12-22,483.0554234208069,485.64898536737695,479.6470539215635,481.8630065917969,16963000,-0.0020578619459044045,0.012075633444620437,478.4307556152344,479.59337463378904,496.06563842773437,46.16432034838826,32321080.0,0.5248277594684336,0.005753438937706523,MSFT
2025-12-23,481.922585996358,484.75459468390824,481.6840783901604,483.7807922363281,14683600,0.0039799395643498325,0.012148627084580739,480.5095581054687,480.23182373046876,495.5441528320313,58.16035807088432,31116680.0,0.47188838912120445,0.0005135458197238485,MSFT
2025-12-24,482.61817584356095,486.0762481946253,481.77352833631136,484.94342041015625,5855900,0.00240321276182498,0.00785982724670956,482.8745544433594,480.7798477172852,495.05544128417966,56.65553378069847,27382420.0,0.2138561894821568,-0.0011065014052938915,MSFT
2025-12-26,483.64168016456847,485.0427948985028,482.8964083055729,484.6353759765625,8842200,-0.0006352172658270483,0.007322408257647278,483.6158508300781,480.88964996337893,494.56334594726565,54.38089549414221,23436160.0,0.37728877085665913,-0.00838611703940395,MSFT
2025-12-29,481.80333660098637,485.27135560420123,481.1276307272214,484.02923583984375,10893400,-0.0012507137670199064,0.006285613555833121,483.8503662109375,480.64569702148435,494.0952307128906,45.613225930841836,11447620.0,0.951586443295637,-0.029070020371144478,MSFT
2025-12-30,482.8665831796088,486.5929423552436,482.4393012721813,484.4068298339844,13944500,0.000780105758457772,0.005355989523384856,484.359130859375,480.6824645996094,493.5955877685547,44.847949189071635,10843920.0,1.2859279670082406,-0.030011384710543543,MSFT
2025-12-31,484.7645645601486,485.06269150087525,480.25317705215497,480.5711669921875,15601600,-0.007918267467680873,0.006296236825435067,483.7172058105469,480.3654754638672,492.95555603027344,57.341827204152345,11027520.0,1.4147877310582977,-0.010566091221916873,MSFT
2026-01-02,481.3363251826272,481.6046121327098,467.1960229709088,469.95849609375,25571600,-0.022083453247643603,0.009794984220803158,480.7202209472656,480.12748565673826,492.0860137939453,36.91272298663149,14970660.0,1.708114405109728,0.022264993895945384,MSFT
2026-01-05,471.07147364955256,473.06881210295353,466.54022279348425,469.8691101074219,25250300,-0.00019019974544798313,0.007761538194779816,477.7669677734375,479.7305053710937,491.1575549316406,41.9729188494287,18252280.0,1.383405251289154,0.01112389814655379,MSFT
2026-01-06,470.8130789419108,475.7219388392127,466.7886229022075,475.493408203125,23037700,0.011969925187074626,0.008816726893388301,476.05980224609374,479.4994720458984,490.34118408203125,54.942435874864465,20681140.0,1.1139472969091646,0.0016090784603370878,MSFT
2026-01-07,476.73551614076564,486.6128550141313,474.936929133209,480.422119140625,25564200,0.010365466381806243,0.009572312610787349,475.2628601074219,479.12435150146484,489.5628857421875,58.693517440281894,23005080.0,1.1112415170910077,-0.013010154948981278,MSFT
2026-01-08,478.20615894860083,479.61722033317443,472.8600706717694,475.09588623046875,18162600,-0.011086568869234759,0.01000701269627706,474.1678039550781,478.43323669433596,488.52115234375,52.172015502472796,23517280.0,0.7723087023669404,-0.0155612090538364,MSFT
2026-01-09,471.0714211959582,476.7951186190047,469.2231615927928,476.2585144042969,18491000,0.0024471442660822795,0.010009055116537498,475.4278076171875,478.46900787353513,487.29339416503905,43.99280262082577,22101160.0,0.8366529177654024,-0.04152059340618075,MSFT
2026-01-12,473.6649886945649,477.95773148860775,472.68120923483104,474.1717529296875,23519900,-0.004381573056430277,0.010032354974849373,476.2883361816406,478.15648956298827,486.03421691894533,38.874689505217724,21755080.0,1.0811222022626439,-0.04300261429327201,MSFT
2026-01-13,471.68751939768345,472.7805908527595,463.01257439213845,467.70281982421875,28545800,-0.013642594830881816,0.01065689576103612,474.7302185058594,477.7659683227539,484.95888366699216,34.092350562697604,22856700.0,1.2489029474946076,-0.022967324268551526,MSFT
2026-01-14,463.51933114332076,465.2483824443871,454.2879190598576,456.4839782714844,28184300,-0.023987115487032695,0.012330752786649522,469.9425903320313,476.99883422851565,483.81687622070314,24.635236655213987,23380720.0,1.2054504737236493,-0.010579441849003612,MSFT
2026-01-15,461.1940901109254,461.32327541703046,453.02590941718984,453.7811279296875,23225800,-0.005921019072852141,0.012309700251834439,465.679638671875,476.0185516357422,482.6362841796875,21.849147694065294,24393360.0,0.9521361550848264,-0.027482161471468425,MSFT
2026-01-16,454.9437362325269,460.26996150673693,453.60227115836847,456.9609375,34246700,0.007007364067386224,0.011398535536901613,461.82012329101565,475.210676574707,481.5728460693359,26.233088894363576,27544500.0,1.2433226233912396,-0.018962252205467545,MSFT
2026-01-20,448.3754483517362,453.92025792216236,446.4476759522066,451.6546325683594,26130000,-0.011612163089193217,0.01168314735419423,457.31669921875,473.74696350097656,480.54551208496093,24.273481473577505,28066520.0,0.9310024897992341,0.025147402140526243,MSFT
2026-01-21,449.74673993987386,449.836168925793,435.9144806057656,441.31024169921875,37980500,-0.022903320641961877,0.011629601896860601,452.03818359375,471.66964263916014,479.51084899902344,20.436220914872322,29953460.0,1.2679837320963923,0.05892687942219732,MSFT
2026-01-22,444.79810039972057,449.9851935867555,441.89652570286836,448.2959289550781,25349400,0.015829424735219755,0.01263999619109783,450.40057373046875,469.99128875732424,478.6214538574219,28.776764460705323,29386480.0,0.862621178174453,0.06525688198739243,MSFT
2026-01-23,449.02131930234236,468.1301005814363,447.6897705604439,463.0125732421875,38000200,0.03282796772527474,0.017636066163038564,452.2468627929687,468.9528778076172,477.8442901611328,45.66646205212645,32341360.0,1.174972233697037,0.033651669826435526,MSFT
2026-01-26,462.3766075757791,471.2602507862521,459.0874767807031,467.3152770996094,29291200,0.00929284452750978,0.017976153296019017,454.31773071289064,468.0714706420898,477.10001770019534,48.486255027788054,31350260.0,0.9343207998912928,-0.07820871264371865,MSFT
2026-01-27,470.7137217228436,479.82589540353166,470.17711748937944,477.5503234863281,29213900,0.021901801392504305,0.01941256221968122,459.4968688964844,467.71721801757815,476.5116473388672,51.15601791012214,31967040.0,0.9138756669369451,-0.10464432427430614,MSFT
2026-01-28,480.16374552458444,480.69040309270366,474.9865988275796,478.5937194824219,36875400,0.002184892240207237,0.018730236265360474,466.953564453125,467.44544219970703,476.09986389160156,48.9254850140374,31746020.0,1.161575529782946,-0.1209641870309559,MSFT
2026-01-29,437.2162272399066,439.7104135269112,418.36581575660404,430.76715087890625,128855300,-0.09993145889009569,0.037066781193844746,463.44780883789065,464.7634582519531,474.5948736572266,32.62715999770366,52447200.0,2.4568575634161594,-0.051418743444206716,MSFT
2026-01-30,436.4014165119217,436.8286984461687,423.7616041817895,427.577392578125,58566800,-0.007404831808259016,0.037073258358326686,456.36077270507815,462.11376953125,473.0794500732422,31.219818294625483,56560520.0,1.0354713853408704,-0.03741670030724742,MSFT
2026-02-02,427.5277051213245,428.0245530606437,419.58808475506504,420.7010192871094,42219900,-0.016082172281265295,0.036941693951966774,447.0379211425781,459.650895690918,471.69826171875,30.107215576265844,59146260.0,0.7138219728517069,-0.07015145082187979,MSFT
2026-02-03,419.34957819955315,419.3893041977899,405.9843574339844,408.6176452636719,61424100,-0.028721998448953512,0.03754007916752332,433.2513854980469,456.5883224487305,470.2077178955078,28.899922731617153,65588300.0,0.9365100177928075,-0.024488664060710486,MSFT
2026-02-04,408.40896545860215,417.15347618992746,406.66005118226167,411.578857421875,45012400,0.007246902312043613,0.037536952547385226,419.8484130859375,453.392594909668,468.9310174560547,32.95874129291812,67215700.0,0.6696709250963688,-0.0014244492465715908,MSFT
2026-02-05,404.87141244319446,405.72597626088844,389.84673704915224,391.188232421875,66289200,-0.04954245008532909,0.03892432772590344,411.93262939453126,448.93090057373047,467.3719091796875,29.05778172039848,54702480.0,1.2118134314934168,0.04978789957230423,MSFT
2026-02-06,396.6535630940219,399.25704122003975,390.4429643868461,398.61114501953125,53515300,0.018975296244727158,0.037333132270193276,406.1393798828125,445.1066635131836,465.92389587402346,31.016431854962818,53692180.0,0.9967056655177718,0.008052020833444917,MSFT
2026-02-09,402.297746078297,412.2744602868579,398.34282592261525,410.9925842285156,45480500,0.03106144763809282,0.03943139751304295,404.19769287109375,441.8433670043945,464.66408874511717,37.353192649362505,54344300.0,0.8368954977798959,-0.028433317331735375,MSFT
2026-02-10,416.97464756162884,421.0090502850332,410.0982892644293,410.6646728515625,44857900,-0.0007978522959694034,0.03788392429872897,404.6070983886719,438.66801300048826,463.22859558105466,39.83520421219021,51031060.0,0.8790313193572699,-0.028915719056586076,MSFT
2026-02-11,413.5563153661985,413.8345489802859,398.4819668946231,401.8207702636719,42491000,-0.021535581637642576,0.03747740558652861,402.6554809570313,435.37391052246096,461.4868450927734,34.77241484680003,50526780.0,0.8409599820134985,-0.018572077494844463,MSFT
2026-02-12,402.4467839094351,403.6392309547976,395.5008602319473,399.30670166015625,40802400,-0.006256691514144208,0.02342858234738125,404.2791748046875,432.51504669189455,459.7995495605469,27.312609387810824,45429420.0,0.8981492609855023,-0.005574236717968639,MSFT
2026-02-13,401.90028127287496,402.98340606348665,395.54060384789733,398.7900085449219,34091600,-0.0012939755658649688,0.023505281022074297,404.3149475097656,429.76549072265624,458.03713073730466,24.91998291539187,41544680.0,0.8206008567161909,-0.004860283307866919,MSFT
2026-02-17,396.7032617740463,397.9950542597942,392.04282577248057,394.3581237792969,32078800,-0.011113329498388835,0.023336701922212055,400.98805541992186,426.6353500366211,456.42992736816404,18.201160604761213,38864340.0,0.8254044710395185,0.003216912867163968,MSFT
2026-02-18,395.62013745533494,400.02220283554806,393.82155037537984,397.08087158203125,23223400,0.006904251842566822,0.022208151267081852,398.27129516601565,423.9066619873047,454.81537048339845,19.237990378712922,34537440.0,0.6724123154466574,-0.03566693765675499,MSFT
2026-02-19,399.07278661262325,402.7976819572589,395.0690225854118,396.8517761230469,28234000,-0.0005769491188826192,0.02195772973760327,397.2774963378906,421.6837387084961,453.15012451171873,30.024398389354005,31686040.0,0.8910548620149441,-0.023741392962601804,MSFT
2026-02-20,394.51123443489973,398.5050592846536,393.56508699389525,395.6267395019531,34015200,-0.0030868870817751803,0.014892470718450977,396.54150390625,419.05027923583987,451.3041687011719,30.735739564967616,30328600.0,1.1215552316954953,0.00848371442630258,MSFT
2026-02-23,393.4057107487328,393.7642431363039,381.55374731391754,382.918212890625,43238300,-0.03212251686356349,0.016773855940956105,393.3671447753906,415.0455612182617,449.1841693115234,28.71617335443493,32157940.0,1.344560627950671,0.0448669946373228,MSFT
2026-02-24,382.58959213032324,387.7884945775691,380.16937672197673,387.4299621582031,33884700,0.011782540280649512,0.012993302710493246,391.98151245117185,411.0512954711914,447.4219067382812,36.95143743595796,32519120.0,1.0419931412658152,0.009614341679857308,MSFT
2026-02-25,388.95376053046306,399.84960746436826,388.5852587696308,398.9831237792969,43625500,0.029820000385969436,0.0172241588328745,392.361962890625,407.12293548583983,445.7931268310547,42.98520379495857,36599540.0,1.1919685329378458,-0.005117379470928274,MSFT
2026-02-26,403.0765245044552,405.8453028142193,397.1306190557743,400.0986022949219,34405900,0.002795803754952919,0.015946436527367592,393.011328125,403.1981796264648,444.284833984375,56.31899822317064,37833920.0,0.909392946858269,0.005501344692634413,MSFT
2026-02-27,389.30236795593413,395.2183958601928,388.30640407164015,391.15484619140625,51367200,-0.022353879899142948,0.017362486240038114,392.1169494628906,401.21756439208986,442.6713977050781,44.823844449246444,41304320.0,1.2436277851808237,0.03172587307747099,MSFT
2026-03-02,391.2743390590049,399.57073485574693,389.0533591512552,396.9413757324219,35474900,0.014793449697371397,0.018154628807999656,394.92158203125,399.6857635498047,441.1424896240234,39.26250030316768,39751640.0,0.8924134953928945,0.030435362565085278,MSFT
2026-03-03,391.5532542396072,405.05852201627056,391.0851500003899,402.2996826171875,38199200,0.013498988042953908,0.01819645158425713,397.89552612304686,398.7656967163086,439.72611450195313,44.064093857412125,40614540.0,0.9405301648128971,0.012452668511326648,MSFT
2026-03-04,399.6504140582061,409.3710312257941,398.69429724653685,403.5645751953125,35808000,0.0031441550485353797,0.018125903081623772,398.81181640625,398.51304321289064,438.178828125,51.386570833019896,39051040.0,0.9169538122416202,0.010389894013946188,MSFT
2026-03-05,402.78771732924594,409.9486695143622,402.7677785996419,409.0224304199219,39001300,0.013524118716237599,0.01846834325449827,400.59658203125,398.38522186279295,436.7021435546875,57.37988861262777,39970120.0,0.9757613937611396,-0.011980066623158536,MSFT
2026-03-06,407.54843921074234,411.38287590243635,406.8612216895844,407.30938720703125,31123900,-0.004188140027264309,0.01851309065335186,403.827490234375,399.19127960205077,435.2110711669922,56.35565224874657,35921460.0,0.8664430677372245,-0.009976538045244676,MSFT
2026-03-09,403.2857003455267,408.55432729115563,401.8714182880504,407.757568359375,30131900,0.0011003457480245338,0.013902987618637872,405.9907287597656,399.64860076904296,433.69060668945315,60.628008448709146,34852860.0,0.8645459798708054,-0.018441181313335386,MSFT
2026-03-10,408.37506928692744,408.5443965203919,401.30371964643086,404.122314453125,31706400,-0.008915233433622216,0.014537462835802553,406.3552551269531,399.3050872802734,432.0741845703125,55.50535374619072,33554300.0,0.9449280718119585,-0.02516273632637278,MSFT
2026-03-11,403.9330670994013,407.35918518479474,399.96912002302975,403.245849609375,25512100,-0.002168810809014765,0.011506964657808965,406.2915100097656,398.93414611816405,430.44639404296873,54.9491084230343,31495120.0,0.8100334274008164,-0.012176430878582334,MSFT
2026-03-12,402.99687655683135,404.4808530373378,400.08864860368743,400.238037109375,27263900,-0.0074590042350434205,0.011794679453076308,404.5346313476563,398.8550094604492,428.77057006835935,53.4733559123803,29147640.0,0.9353724692633778,-0.006096683187190255,MSFT
2026-03-13,399.3815063856616,403.16615688192843,392.65875035547907,393.9534912109375,26848000,-0.015702020587114007,0.010504837632923373,401.8634521484375,398.5873489379883,426.9615032958984,59.202655710469735,28292460.0,0.9489454080698533,-0.009505643629733718,MSFT
2026-03-16,396.4633374914087,399.01300251860397,393.1965772756644,398.33575439453125,27733700,0.011123808473237462,0.010012820397362954,399.9790893554688,398.56463623046875,425.3167950439453,59.114357112652385,27812820.0,0.9971552686854479,-0.02732844002903312,MSFT
2026-03-17,398.6544268926901,402.7677623283013,396.1446090107731,397.79791259765625,26228300,-0.001350222245784849,0.00889203712150792,398.714208984375,398.7366256713867,423.87358337402344,48.78594842445571,26717200.0,0.9817009267438205,-0.043914703151704426,MSFT
2026-03-18,395.5271533612366,396.39363710184665,389.42188971563326,390.2087097167969,25908500,-0.019078035958764117,0.010370437116800621,396.1067810058594,398.393017578125,422.28037536621093,41.055690794376275,26796480.0,0.9668620654653148,-0.022435472052677374,MSFT
2026-03-19,388.52551763585893,390.90585551603124,385.4977789148814,387.4498596191406,25138800,-0.007070190974616031,0.008538789090881675,393.5491455078125,397.9229217529297,420.5195043945312,46.22718144769579,26371460.0,0.9532578021846344,-0.04184875547388822,MSFT
2026-03-20,385.22889118681917,385.43803509853177,378.58579850034175,380.3287353515625,50853200,-0.018379473087377307,0.009450968071321888,390.8241943359375,397.1580215454102,418.51763671875,33.530851498328474,31172500.0,1.6313481433956212,-0.028360427172088754,MSFT
2026-03-23,382.3505545919761,385.64719283721575,380.1395134056624,381.4541931152344,29680100,0.0029591709988243675,0.009639790229703184,387.4478820800781,397.08482055664064,416.6448028564453,27.44130839849852,31561780.0,0.940381055821313,-0.04446477060545906,MSFT
2026-03-24,380.8167328036651,380.9263046350485,370.34917314154325,371.2355651855469,42733600,-0.02678861083223305,0.01157804872814528,382.1354125976562,396.2751007080078,414.5443438720703,20.693394652669156,34862840.0,1.2257635924095684,-0.04284489307416817,MSFT
2026-03-25,375.39872248264555,375.5381416220395,368.13813722010167,369.5424499511719,31181200,-0.00456075708567627,0.011459310971784148,378.0021606445313,394.8030670166016,412.4517578125,11.58921048974885,35917380.0,0.8681368184427706,-0.032557235357312364,MSFT
2026-03-26,369.3233510512375,373.2076042912997,363.71606927386256,364.492919921875,36836600,-0.013664275998505948,0.01155642108106448,373.4107727050781,393.02278289794924,410.38755981445314,10.882678984863972,38256940.0,0.9628736642292876,0.011476339333258867,MSFT
2026-03-27,360.43931657918756,360.9871149414508,355.07108715320055,355.33001708984375,37883400,-0.025138767672072238,0.01248935966276951,368.41102905273436,391.2315414428711,408.36448059082034,8.681369955264799,35662980.0,1.0622612019522766,0.03531692571637257,MSFT
2026-03-30,360.4393055378546,363.8853318939423,354.8419936524484,357.51116943359375,44797000,0.006138384709554412,0.011612550668804211,363.62242431640624,389.26003112792966,406.43908142089845,12.403630864117304,38686360.0,1.1579533458304168,0.04039453599621545,MSFT
2026-03-31,363.07862179545566,371.3949263066763,361.6046146993887,368.67596435546875,45244400,0.031229219885810622,0.01756803637431254,363.1105041503906,387.57884521484374,404.67338195800784,26.0852143659379,39188520.0,1.154531990491093,0.007320888545717441,MSFT
2026-04-01,371.98254731341393,372.48052926345224,366.7139201659809,367.8791809082031,29417200,-0.002161202585198585,0.017131417315372738,362.77785034179686,385.7945755004883,402.9978729248047,26.908366939918437,38835720.0,0.7574779095121708,0.007905404256360438,MSFT
2026-04-02,365.7278929006101,372.1319638369453,362.680245817395,371.9526672363281,24099100,0.011072891697944343,0.017917987118848726,364.2697998046875,383.9410873413086,401.61072143554685,33.78838638762623,36288220.0,0.6641025655157514,0.0023295587638643145,MSFT
2026-04-06,371.98252335059567,372.22157533941066,368.0086373714944,371.375,16146600,-0.0015530665248895126,0.01718531660823374,367.4787963867187,382.14436798095704,400.07230285644533,28.953529813112965,31940860.0,0.5055155058442384,0.0005096466362335406,MSFT
2026-04-07,368.8452727581139,370.9467724245638,365.080530373921,370.78741455078125,21443300,-0.0015821890251598303,0.017092214072309687,370.13404541015626,380.29586029052734,398.22779968261716,28.93106104536291,27270120.0,0.7863295064341485,-0.003814250612471093,MSFT
2026-04-08,383.426192668859,383.4461010048471,369.9109552686541,372.81915283203125,33064800,0.005479523310443213,0.014951284811727458,370.9626831054687,378.73070220947267,396.33787719726564,35.14800104882838,24834200.0,1.3314219906419373,0.026821264747836082,MSFT
2026-04-09,370.9965632857518,371.99252721403565,365.5685477188417,371.56427001953125,30435300,-0.0033659290381612417,0.014910837100940915,371.6997009277344,377.1466232299805,394.21815612792966,36.07476315495206,25037820.0,1.215573081042998,0.05371634879393872,MSFT
2026-04-10,371.47463812837884,374.12390583360843,368.5365323725683,369.3731384277344,28111100,-0.005897045998749295,0.014271184795197489,371.1837951660156,375.60337829589844,392.03374450683594,39.487778352366,25840220.0,1.0878816047231796,0.10879820324813605,MSFT
2026-04-13,372.10205289266787,382.98796126737693,369.5225100750242,382.8186340332031,35745800,0.036400848374358086,0.014803569666836297,373.47252197265624,375.04663543701173,391.07477416992185,51.0588734590561,29760060.0,1.2011333310483916,0.09337358353872038,MSFT
2026-04-14,386.3543213772784,393.09698589720546,384.95994763093,391.5233459472656,37504500,0.02273847493355685,0.015536994987552715,377.6197082519531,374.7060150146484,390.3536932373047,66.12317241285643,32972300.0,1.1374547726424908,0.07550058509972035,MSFT
2026-04-15,396.3936283702306,412.69755239260473,395.1287651714373,409.5602722167969,45063400,0.04606858430342653,0.018328775994125922,384.9679321289062,375.2941329956055,390.1308782958984,75.24503764123162,35372020.0,1.2739843526041204,0.016657761117325975,MSFT
2026-04-16,418.16537187855886,419.12151906860663,410.4765600541581,418.56378173828125,41642400,0.021983356619898142,0.018031250090104214,394.3678344726562,376.7118865966797,390.3298010253906,82.48952219446396,37613440.0,1.1071149036089227,0.009280013018849287,MSFT
2026-04-17,423.10539315661504,429.83808848207923,418.99205736838906,421.0835876464844,48568200,0.006020124096113744,0.01816573496498089,404.7099243164063,378.39357299804686,390.5198956298828,92.93708537346032,41704860.0,1.1645693091884255,0.02395987785825371,MSFT
2026-04-20,419.4501847919345,421.6213787702164,414.6197538627068,416.38262939453125,27582200,-0.011163955067039488,0.01922292403721927,411.4227233886719,380.19626770019534,391.02378356933593,87.21826328405112,40072140.0,0.688313626374833,-0.005549388428312874,MSFT
2026-04-21,418.54386715015573,425.4558591722327,415.51615872358184,422.44805908203125,32048500,0.01456696139394631,0.018656063802430074,417.607666015625,382.24596099853517,391.5005218505859,86.33735174311654,38980940.0,0.822158213732147,0.001084464404471408,MSFT
2026-04-22,424.4698510786937,431.9495495900464,421.9600330275293,431.1726989746094,29378200,0.020652574215955788,0.01856768344399212,421.9301513671875,385.2428176879883,391.9041241455078,88.63225555529064,35843900.0,0.8196150530494729,-0.01871018688458015,MSFT
2026-04-23,418.19526527607866,421.9500379562064,409.7494810939023,414.07196044921875,38308000,-0.03966099561975667,0.024960245475634156,421.031787109375,387.46929321289065,391.97226989746093,72.18083901046714,35177020.0,1.0890064024752524,0.03247147212880597,MSFT
2026-04-24,415.28707116170386,423.23487407473965,414.12178001797366,422.90618896484375,27457400,0.021335007823376717,0.024369746535280165,421.39630737304685,390.38995666503905,392.3939782714844,74.96623016243824,30954860.0,0.8870141877559776,-0.00037689992415823603,MSFT
2026-04-27,420.6752229306716,425.38611256831246,415.3866572294081,423.1053771972656,30867300,0.00047099862243538126,0.02330829918392799,422.74085693359376,393.77872467041016,392.86995178222656,75.4431670747515,31611880.0,0.9764461968095539,-0.04011109959473658,MSFT
2026-04-28,422.8563830057505,428.1847957314844,420.197146128082,427.5174865722656,30438100,0.01042792082725752,0.02289993797905365,423.75474243164064,397.27904052734374,393.44450134277344,75.99885001083554,31289800.0,0.9727802670518827,-0.03450201240026607,MSFT
2026-04-29,422.866306449911,425.0972860808559,418.59364353468584,422.7467956542969,38288300,-0.011159054466330809,0.019529152515507846,422.06956176757814,399.98258209228516,394.01227478027346,73.54094876894723,33071820.0,1.157731869609837,-0.025538299147010113,MSFT
2026-04-30,409.15192465494977,412.74737011555624,396.4035989759817,406.1341552734375,70909400,-0.039296904321054704,0.022430603957518964,420.48200073242185,401.89533081054685,394.1933404541016,64.92759542763272,39592100.0,1.7909987093384792,0.008828313722873515,MSFT
2026-05-01,411.1338775963461,415.4264794885345,408.7834174283456,412.76727294921875,31372400,0.016332331545263257,0.023107016534307686,418.4542175292969,403.9360610961914,394.511650390625,62.873527724161235,40375100.0,0.7770234624805883,-0.0011582516595618486,MSFT
2026-05-04,409.87897009526375,419.0816663151199,409.14193618030583,411.9505615234375,28066500,-0.001978624467840806,0.022872573662185047,416.22325439453124,405.96483917236327,394.8381268310547,59.41948018283973,39814940.0,0.7049238300999574,0.017286430582401646,MSFT
2026-05-05,413.6437352165572,415.09783400354706,407.1500311208482,409.7196350097656,25700900,-0.005415520021193054,0.022242060124485673,412.66368408203124,407.9114501953125,395.3741552734375,50.08602608260745,38867500.0,0.6612439698977295,0.009091299793612118,MSFT
2026-05-06,406.3532485673598,416.73120520087787,403.4748984673602,412.2891845703125,30285900,0.006271482596838851,0.020984463846532388,410.57216186523436,409.88495178222655,395.8713397216797,46.36005124105176,37267020.0,0.8126729746569487,-0.0031403655928559093,MSFT
2026-05-07,418.41437649189606,426.25263786097554,417.06984955189336,419.07171630859375,34942400,0.01645090871192756,0.017716312069076052,413.1596740722656,412.2603240966797,396.27311157226563,48.88789697902718,30073620.0,1.1618953754153973,-0.030895762656692582,MSFT
2026-05-08,415.70537649227293,416.9403619714099,412.32904436576047,413.44451904296875,33383800,-0.01342776676792301,0.016741561611691654,413.2951232910156,414.4638931274414,396.54002990722654,48.39236156335474,30475900.0,1.0954163781873545,-0.023872598771013664,MSFT
2026-05-11,406.22377045102496,411.02432350049145,403.86334099070683,410.99444580078125,35657900,-0.005926002472735337,0.016753242632875233,413.10390014648436,415.8726837158203,396.93682189941404,43.474791210426645,31994180.0,1.1145120768839833,-0.00782723342312508,MSFT
2026-05-12,412.8071154720842,413.8229876767416,404.9987623844293,406.1241760253906,38594200,-0.011849964945150004,0.0162773731552657,412.3848083496094,416.60272521972655,397.12047790527345,35.07416817660413,34572840.0,1.1163155818266592,0.03470095192493883,MSFT
2026-05-13,401.57265715241186,404.6700902960666,399.41140211310335,403.57452392578125,29667100,-0.006278011135810724,0.01614480284226102,410.6418762207031,416.3034378051758,397.14597473144534,42.43252233415701,34449080.0,0.861187004123187,0.045235864501264045,MSFT
2026-05-14,402.847493220503,410.1777730080913,399.2620170659624,407.7774963378906,27077500,0.010414365037775042,0.011113347970304862,408.3830322265625,415.7641235351563,397.23023315429685,38.313574525163894,32876100.0,0.823622631638181,0.019514965252719785,MSFT
2026-05-15,412.5979239362014,426.4418454559798,411.2434277199191,420.2170715332031,50771200,0.03050579128821007,0.01391365348086282,409.7375427246094,415.7207977294922,397.4541259765625,48.12369750777926,36353580.0,1.3965942281337904,-0.0020383200094875598,MSFT
2026-05-18,414.93848271907115,423.40417602339767,413.9325494355234,421.83056640625,32564100,0.003839669976186011,0.013856056221807848,411.90476684570314,415.9931945800781,397.7445495605469,46.166262683700474,35734820.0,0.9112708557088016,-0.00836365577856002,MSFT
2026-05-19,428.16486989475214,430.9535870211983,414.808990493047,415.7352600097656,33018700,-0.014449655577149945,0.014695564459902982,413.8269836425781,415.65755462646484,397.9041033935547,45.356231010903116,34619720.0,0.9537541031527695,0.004926882575573721,MSFT
2026-05-20,412.49835957243755,420.3963455784958,409.63991780241736,419.36053466796875,27864000,0.008720151997975822,0.014802892848167885,416.98418579101565,415.0669464111328,398.20886779785155,60.57997732663222,34259100.0,0.8133313484592415,-0.009805986287192314,MSFT
2026-05-21,423.9518891931334,425.5388979071037,414.92886694253497,418.3025207519531,31393500,-0.00252292199325177,0.013905101714841753,419.0891906738281,415.27847442626955,398.51000122070315,54.86131845429697,35122300.0,0.8938338320668066,-0.01531881265668622,MSFT
2026-05-22,418.7517174636334,423.60257118762803,415.54772693408205,417.7835388183594,22390300,-0.0012406856469829863,0.013118788276078167,418.60248413085935,415.0223419189453,398.8609112548828,55.14972973584649,29446120.0,0.7603820129782803,0.02011602542043489,MSFT
2026-05-26,415.6475333356961,418.9812539216563,412.24393696715845,415.248291015625,30398000,-0.0060683286131975045,0.01312735780630916,417.28602905273436,414.6294876098633,399.28680725097655,54.854967093644426,29012900.0,1.0477408325262212,0.08222964952374001,MSFT
2026-05-27,410.23773822181624,415.15846763645,408.8104019854481,411.8946228027344,28901500,-0.008076296243599512,0.012762677047637444,416.5179016113281,413.84834442138674,399.5579846191406,49.658223906298,28189460.0,1.0252590861974653,0.11595215901532807,MSFT
2026-05-28,412.2040283766931,428.68298564682067,411.89461329838434,426.18768310546875,47250500,0.0347007693508532,0.016128369766038323,417.8833312988281,414.0203887939453,400.1257800292969,55.454286874493576,32066760.0,1.4735040272232056,0.033537080931490326,MSFT
2026-05-29,431.7372486144539,449.48383969057267,431.54760317786213,449.3940124511719,79654400,0.054450962018909976,0.022390462071961745,424.10162963867185,416.18338165283205,401.3094860839844,71.7055064875528,41718940.0,1.909310255725577,-0.05086174599135673,MSFT
2026-06-01,463.96658383705716,465.4438139523178,457.40892124774234,459.6546936035156,53628900,0.022832260484241695,0.02173085506973668,432.4758605957031,418.5277526855469,402.7535827636719,76.84776558089037,47966660.0,1.1180453256491072,-0.07050726781001015,MSFT
2026-06-02,446.0403151791343,452.64787129328397,439.6024225764256,440.48077392578125,37036800,-0.04171374717707821,0.027095980844760337,437.52235717773436,419.9542633056641,403.95662353515627,66.37179518128707,49294420.0,0.7513385896415862,-0.05583373990572327,MSFT
2026-06-03,437.62618910935214,439.56254639446627,423.45285793258154,426.53704833984375,39037000,-0.03165569625585285,0.028928815978006357,440.4508422851562,420.79513397216795,404.85828063964846,59.87038977516422,51321520.0,0.7606360840442762,-0.03650493969778135,MSFT
2026-06-04,434.9911260035114,435.33048350032107,425.60879436274143,427.2456970214844,26899500,0.001661400069229213,0.028858210797482513,440.6624450683594,421.54295959472654,405.9784832763672,58.62753848983522,47251320.0,0.5692856834475736,-0.057563339165957794,MSFT
2026-06-05,427.5351398188391,428.66302140752947,413.6213308264138,415.8870849609375,34782200,-0.02658566754383418,0.030267958336260146,433.9610595703125,421.38372802734375,406.9053759765625,48.062558528798014,38276880.0,0.9086999776366308,-0.04634369128724336,MSFT
2026-06-08,413.3618539280056,416.37616844333525,407.79232157753756,410.9663391113281,32086700,-0.011831927529251218,0.03049406315757646,424.223388671875,421.2598190307617,407.83484436035155,45.278566674915936,33968440.0,0.9446032846960296,-0.05197450422510008,MSFT
2026-06-09,408.26144336727174,411.20591258759293,397.7312786929967,402.6520080566406,35317300,-0.02023117288064602,0.03106732189779966,416.6576354980469,420.8426971435547,408.7812841796875,44.421798589757735,33624540.0,1.0503429935398372,-0.03140729330478831,MSFT
2026-06-10,397.80110870103243,404.2789346443135,396.41373636313654,396.61334228515625,32576000,-0.014997232475331246,0.03127813642776886,410.6728942871094,420.36715545654295,409.5633276367187,40.49702868000773,32332340.0,1.0075361078103224,0.006039984223112249,MSFT
2026-06-11,394.46741202742857,396.1043451719433,383.278483574852,389.6065673828125,47224100,-0.017666513340103496,0.028458792133540876,403.145068359375,419.6687576293945,409.9819396972656,38.579487970501035,36397260.0,1.2974630507900868,0.008940888698252936,MSFT
2026-06-12,390.6945042817559,391.003919361718,381.55171206615995,390.00579833984375,34865800,0.001024702842441938,0.01863004404261166,397.96881103515625,418.78017272949216,410.4244720458984,38.934373914221126,36413980.0,0.9574839113988638,-0.03027588262957459,MSFT
2026-06-15,396.05442037645633,400.99513175706005,392.11186050588947,399.0088806152344,32266400,0.02308448313772371,0.018685412589430773,395.5773193359375,417.7197631835937,410.96559631347657,43.84784482130722,36449920.0,0.8852255368461714,-0.050930639218895846,MSFT
2026-06-16,395.0463355104342,396.094350419825,389.9559121071713,393.0899963378906,31506800,-0.014833966272172594,0.015975122419122096,393.6649169921875,416.2827346801758,411.3998962402344,43.01185848568304,35687820.0,0.882844623179561,-0.06726250047260363,MSFT
2026-06-17,389.51671695343225,389.6364865987809,376.6110198431126,378.1980285644531,41987800,-0.03788437231212749,0.0169526859540459,389.9818542480469,414.40587310791017,411.5481085205078,32.24520266793061,37570180.0,1.117583147059716,-0.013116575093282012,MSFT
2026-06-18,377.11008548581106,380.6534028700893,372.5786075934489,378.6871032714844,59714200,0.0012931709583141604,0.01692050418422237,387.79796142578124,412.37220153808596,411.66546752929685,18.554678381304058,40068200.0,1.4903140146050984,-0.03674217506113997,MSFT
2026-06-22,375.0339909424311,380.9129385065033,366.3802985575179,366.6497802734375,45171100,-0.031786989559602685,0.01749360444116182,383.1267578125,409.78956451416013,411.567177734375,9.281588255681243,42129260.0,1.0722025499617132,-0.03950024886843928,MSFT
2026-06-23,371.6802994138851,376.51120135394876,369.9735210485466,373.23736572265625,40647600,0.017966969581451497,0.019961780773511743,377.9724548339844,407.562255859375,411.64446228027344,16.913845710304386,43805500.0,0.9279108787709306,-0.002593979743001018,MSFT
2026-06-24,370.87185096853153,378.16811350773463,364.09460041679364,364.7733154296875,44509900,-0.022677392646850314,0.020123550458995953,372.3091186523437,405.03850708007815,411.28355590820314,17.87789156653278,46406120.0,0.959138579135683,0.008509823396714467,MSFT
2026-06-25,362.0883479855026,363.5456265920902,348.54386902384044,352.1670227050781,66179000,-0.0345592514347155,0.021598136849199968,367.10291748046876,402.0521270751953,410.4964294433594,15.253136595573508,51244360.0,1.2914396823377245,0.0572230441595698,MSFT
2026-06-26,356.4789138154501,375.90234020580533,354.762144454129,372.2691955566406,186201600,0.057081360705363515,0.03040559763175211,365.8193359375,399.35620269775393,409.75060791015625,31.32478957459692,76541840.0,2.4326773435287157,0.030324177930809215,MSFT
2026-06-29,376.790685328561,379.7850483907747,359.2237492715265,367.8774719238281,51229900,-0.011797171738171075,0.030434447166392934,366.06487426757815,395.2803756713867,408.7368817138672,31.4673387729772,77753600.0,0.6588749588443493,0.05947301982171305,MSFT
2026-06-30,370.3328407149792,373.44697342275583,366.7595808670141,372.319091796875,44945700,0.012073639219654542,0.02947294313244657,365.8812194824219,390.91359558105466,407.761591796875,36.50412215672479,78613220.0,0.5717320827209469,0.03678085322215652,MSFT
2026-07-01,380.1144231011508,388.09939143880604,374.18561213385976,383.5579528808594,48065800,0.030186099320729687,0.03143377550072909,369.6381469726563,388.0674545288086,407.10509826660154,44.448230995658506,79324400.0,0.6059396604323513,0.011866321855551254,MSFT
2026-07-02,383.7575696594082,391.4630649298244,382.97903650468743,389.7562561035156,42128900,0.016160017478718647,0.029143099209891672,377.15599365234374,386.22841491699216,406.4512622070313,50.06409544406187,74514380.0,0.5653794609845777,-0.018310252966499796,MSFT
2026-07-06,386.31276024010407,388.418780928489,380.5036887115837,386.0133056640625,34224500,-0.009603310738029669,0.0294326469176888,379.9048156738281,384.1667953491211,405.54807434082034,48.33803874699814,44118960.0,0.7757322475416465,-0.006153981647708973,MSFT
2026-07-07,391.75251064257776,394.8267404517197,387.4905448392632,388.109375,29297500,0.005430044263193601,0.026885689321085784,383.9511962890625,382.77790985107424,405.02882263183596,45.186023259343486,39732480.0,0.7373690240327309,-0.009618348413784727,MSFT
2026-07-08,383.3084264217563,384.58602015004215,380.6134873969759,382.6197204589844,25908300,-0.014144606893393474,0.02721666228626136,386.0113220214844,381.360578918457,404.22309326171876,45.358000464348784,35925000.0,0.7211774530271399,0.019956159363735626,MSFT
2026-07-09,373.74643420118315,383.92725049460796,372.64849496928053,383.6377868652344,31083200,0.0026607787100694225,0.02571787675625455,386.02728881835935,380.40986785888674,403.4337414550781,52.750026381739765,32528480.0,0.9555687815723329,0.0014830113937245315,MSFT
2026-07-10,387.07131223677504,391.1736053926777,380.783162110783,384.37640380859375,24644600,0.001925297686118821,0.021701615804691245,384.951318359375,379.7980209350586,402.5709197998047,52.868941892334846,29031620.0,0.8488882122320421,0.027343570740897105,MSFT
2026-07-13,387.02143811329415,392.91034623109437,383.4281962321871,390.2553405761719,28914900,0.015294738983264056,0.014109109369579775,385.7997253417969,379.83045959472656,401.9210906982422,62.69185697169618,27969700.0,1.0337937124817214,0.02585743837117116,MSFT
2026-07-14,382.1007052927433,387.46061042423804,377.93852713765,384.20672607421875,27863900,-0.015499120378526965,0.014632375832940813,385.0191955566406,379.54050598144534,401.4825421142578,55.93221010326129,27682980.0,1.0065354235707282,0.02309509546147548,MSFT
2026-07-15,387.07132248997675,398.2103568181361,385.6739591427675,394.8866271972656,36253700,0.02779727786697772,0.016293358135813427,387.4725769042969,379.3343933105469,401.12492919921874,65.90405856479504,29752060.0,1.2185273893639634,0.016833923960046793,MSFT
2026-07-16,397.56157784187184,405.2271399033625,391.31333055964967,400.3463439941406,37047400,0.013826036185691448,0.01429628531345528,390.8142883300781,379.69721069335935,400.8928448486328,77.52311171516575,30944900.0,1.19720535532511,-0.008352066985456985,MSFT
2026-07-17,394.1180409920291,397.64143734197864,388.6583483977542,393.08001708984375,33049800,-0.01815010181385157,0.01524210461323414,392.5550109863281,380.4413101196289,400.5600524902344,63.93158349135682,32625940.0,1.0129915030800645,-0.008836495258005783,MSFT
2026-07-20,390.67455694621333,402.4224305318551,388.91785418191677,401.53411865234375,27915800,0.02150732979277281,0.016003852290154913,394.8107666015625,381.5836608886719,400.344951171875,71.36882749598243,32426120.0,0.8609047274234475,-0.0514803377853037,MSFT
2026-07-21,398.0606303262699,400.7156358198418,395.57531880381754,397.00262451171875,24126600,-0.011285452294400034,0.016703073821263938,397.3699462890625,383.10130310058594,399.9035693359375,65.65387333838595,31678660.0,0.7616041840153592,-0.04035188917933774,MSFT
2026-07-22,398.8291961465565,400.246541441447,386.2329133568751,389.6065673828125,28142500,-0.01862974366480019,0.017247826573363066,396.3139343261719,383.9197631835938,399.4268103027344,54.03247365986032,30056420.0,0.9363224229632139,-0.0031767198041644518,MSFT
2026-07-23,389.23725659651495,391.04385321150613,376.68090752842744,380.8630065917969,30351800,-0.022442026195170772,0.018881420803832316,392.4172668457031,384.72424774169923,398.82418151855467,44.26568026937808,28717300.0,1.0569169107123582,0.030845459085766747,MSFT
2026-07-24,386.32274187573427,388.29903252889795,379.9347732203772,380.9828186035156,27659400,0.0003145803337292197,0.018864673762001623,389.9978271484375,386.16503753662107,398.3213543701172,46.59738646980214,27639220.0,1.0007301219064793,0.023159480761243634,MSFT
2026-07-27,389.3470355932277,393.45931979821836,387.2609663085435,388.368896484375,27856200,0.019386905446111324,0.01929040882873076,387.3647827148437,386.9700225830078,398.0172418212891,50.1638166978992,27627300.0,1.0082852830352587,0.1593420970744155,MSFT
2026-07-28,392.4212554523594,399.56780545733704,390.5647345556998,392.61090087890625,32367500,0.01092261618510415,0.01878274335660124,386.48643798828124,388.2066940307617,397.7139099121094,56.40761873894441,29275480.0,1.1056180803867264,0.1814414748022437,MSFT
2026-07-29,392.6607942930367,400.4960502148319,388.00954678983055,389.8061828613281,47209000,-0.007143759919297832,0.0166461135865137,386.5263610839844,389.0810485839844,397.1056921386719,53.86733587270391,33088780.0,1.4267374016207306,0.2486556781641267,MSFT
2026-07-30,437.07720086969465,457.8281459885008,431.6274684759506,450.2524108886719,110160700,0.15506739165511707,0.05237046128804379,400.40424194335935,392.415771484375,397.6741290283203,73.61865924685075,49050560.0,2.245860189975405,0.09246285263033682,MSFT
2026-07-31,449.1544591210436,465.962813447145,448.4857046349594,463.8468017578125,60846000,0.030192821938052727,0.051402464396091634,416.97703857421874,396.1202987670898,398.63635986328126,75.0016847880744,55687880.0,1.0926255407819438,0.04893267677816371,MSFT
2026-08-03,475.2353605631651,490.7261876465455,474.10747895013026,486.73370361328125,66762100,0.04934151053480518,0.052370663123982315,436.65,401.1563186645508,399.9838232421875,81.25607285905087,63469060.0,1.051884177897073,0.02503841863807099,MSFT
2026-08-04,479.99640781848416,498.50158065157444,478.2696778930625,491.884033203125,50455500,0.010581411460949042,0.051339019857464405,456.50462646484374,406.34505157470704,401.45545349121096,80.6020801717038,67086660.0,0.7520943806115851,0.014569436909761313,MSFT
2026-08-05,495.42733843271316,497.3038108374591,484.7674131728324,486.5440673828125,33388900,-0.010856147912626679,0.05069753354965073,475.8522033691406,411.54126892089846,402.8306640625,77.21541160929276,64322640.0,0.5190847266219173,0.03815700307769965,MSFT
2026-08-06,487.6319998350186,500.61756372489685,487.60205742358346,498.9207458496094,36441500,0.025437939328646575,0.04806534644069431,485.58587036132815,417.3054168701172,404.50411315917967,82.37267581428057,49578800.0,0.7350218238440623,0.007902249943190887,MSFT
2026-08-07,498.2719734340298,504.23075699317457,497.79289485093346,499.0505065917969,28846200,0.00026008287542045316,0.04806887809399984,492.626611328125,423.0391220092773,406.24723083496093,81.42689582719056,43178840.0,0.6680633384315096,-0.015120265920017695,MSFT
2026-08-10,502.4940586092805,512.7647021753171,501.32624359045303,505.109130859375,31206100,0.012140302810139891,0.048272687347668854,496.30169677734375,428.7818115234375,407.8256597900391,84.50021718254827,36067640.0,0.8652104767597769,-0.01814013979226914,MSFT
2026-08-11,503.3823542433026,504.38047525067043,498.61133704649393,502.86334228515625,23049800,-0.0044461452724045,0.04910001119724985,498.49755859375,434.7146423339844,408.8950463867188,87.37234565772826,30586500.0,0.7535939058081179,-0.016692796731801907,MSFT
2026-08-12,499.0505227551261,500.557695253814,490.59643643442394,491.5047302246094,29001500,-0.022587870511558972,0.050483768031144134,499.48969116210935,439.54554748535156,409.5320471191406,85.89003527322893,29709020.0,0.9761850104782992,-0.024531364100261355,MSFT
2026-08-13,492.34314786956145,500.3979918654044,492.0836571155829,495.9463806152344,23039000,0.00903684159579754,0.021082129168900798,498.8948181152344,444.32554931640624,410.6413592529297,86.27486627761641,27028520.0,0.85239591364973,-0.030691511399393967,MSFT
2026-08-14,495.42733437790497,499.07050046550256,492.991947114923,494.4691467285156,16217600,-0.002978616125570266,0.020124058617010603,497.9785461425781,449.39500579833987,412.0000012207031,84.77490736374924,24502800.0,0.6618672151754085,-0.02238593227760821,MSFT
2026-08-17,489.21906226283284,491.73431632358415,477.51109147171053,479.44744873046875,29635800,-0.03037944449604746,0.01682845483125203,492.84620971679686,453.2906723022461,413.0440362548828,76.58273920317365,24188740.0,1.2251899024091375,0.0035510568896002237,MSFT
2026-08-18,480.6352093836093,483.36006030134655,476.2534434403709,480.72503662109375,24087600,0.002664708914413838,0.01638360339908206,488.4185485839844,457.47679290771487,414.3407952880859,78.09511469262497,24396300.0,0.9873464418784815,0.005231584422892288,MSFT
2026-08-19,479.16797047398614,488.3806080919379,478.4592826108848,483.3999938964844,19961900,0.0055644226358424476,0.016238630811443572,486.7976013183594,462.1664642333984,415.7894683837891,65.93110221437891,22588380.0,0.8837242865579559,0.00808854718965235,MSFT
2026-08-20,483.29998779296875,484.1600036621094,479.5,481.1499938964844,20020800,-0.004654530468367835,0.013438890236051632,483.83832397460935,467.1808135986328,417.35942810058594,59.33392575345073,21984740.0,0.9106680361014049,0.021947412849527392,MSFT
2026-08-21,479.8800048828125,486.3599853515625,478.5299987792969,483.239990234375,22510800,0.004343752186226402,0.013627843589369562,481.5924926757813,472.2936721801758,419.09196105957034,47.570195255426434,23243380.0,0.9684822086977023,0.027170774663008324,MSFT
2026-08-24,483.2099914550781,490.6099853515625,481.8599853515625,487.30999755859375,17230800,0.00842233136012771,0.013209245553664728,483.1650024414063,477.24072723388673,421.04602966308596,46.770321834384454,20762380.0,0.8299048567649758,0.036424452789655115,MSFT
2026-08-25,485.44000244140625,492.44000244140625,484.29998779296875,491.7099914550781,19519000,0.009029147603226262,0.0137772869585463,485.36199340820315,482.1956817626953,423.08011352539063,53.696674288135185,19848660.0,0.9833913221345925,0.044375827664649536,MSFT
2026-08-26,487.8500061035156,497.3999938964844,487.30999755859375,496.3699951171875,20758900,0.00947713844154241,0.0121254635558195,487.95599365234375,487.5238723754883,425.0273358154297,47.948102959407876,20008060.0,1.0375268766687025,0.021999745220611544,MSFT
2026-08-27,494.8800048828125,506.4800109863281,490.0799865722656,505.05999755859375,28688800,0.017507106648045223,0.013008844661653828,492.7379943847656,490.2642517089844,427.26673583984376,54.249022646464944,21741660.0,1.319531259342663,-0.007999066575161029,MSFT
2026-08-28,505.3299865722656,517.780029296875,504.8699951171875,513.530029296875,29207300,0.01677034764032892,0.013668334348461233,498.79600219726564,492.7484130859375,429.9733758544922,55.757677431847505,23080960.0,1.2654283010758651,-0.03253952255827297,MSFT
2026-08-31,510.3800048828125,512.1900024414062,506.3900146484375,507.2900085449219,27208900,-0.012151228547426784,0.009016496130481493,502.79200439453126,493.7762283325195,432.5454339599609,52.86991908202477,25076580.0,1.0850323289698993,0.005578636528606129,MSFT
2026-09-01,497.5199890136719,505.9700012207031,496.7799987792969,501.0199890136719,21046900,-0.012359832493516909,0.010676896933665308,504.65400390625,494.2330261230469,435.23283813476564,56.60477278273366,25382160.0,0.8292005093341149,-0.002634579129745296,MSFT
2026-09-02,499.8500061035156,500.2699890136719,493.80999755859375,496.82000732421875,15336100,-0.008382862523551915,0.01136679390134155,504.74400634765624,494.7468231201172,437.70449096679687,50.608446884438244,24297600.0,0.6311775648623732,-0.0057767301535314175,MSFT
2026-09-03,501.6600036621094,515.6500244140625,500.79998779296875,510.1199951171875,24125900,0.026770233881280303,0.013262637283046986,505.756005859375,495.3067855834961,440.6114245605469,59.35895568882207,23385020.0,1.0316818202421891,-0.036207169680655404,MSFT
2026-09-04,510.0,511.0,499.3599853515625,499.70001220703125,18101800,-0.020426532992031676,0.015686146583564556,502.99000244140626,495.3392608642578,443.56208435058596,62.81603841358566,21163920.0,0.8553141384015815,-0.014528736418395582,MSFT
2026-09-08,493.010009765625,495.19000244140625,490.1499938964844,493.95001220703125,18882300,-0.01150690386138653,0.016242555198647222,500.32200317382814,494.78130493164065,445.9957006835937,57.92057130407701,19498600.0,0.9683926025458238,0.003401139051044444,MSFT
2026-09-09,493.07000732421875,494.3900146484375,489.79998779296875,491.6499938964844,12889600,-0.004656378689556262,0.016111144105734655,498.4480041503906,494.220637512207,448.47115112304687,54.96329887821984,17867140.0,0.7214137237409008,0.027987409613437597,MSFT
2026-09-10,488.32000732421875,494.5199890136719,486.0,492.44000244140625,16038800,0.001606851530009834,0.015791457213122664,497.57200317382814,494.26740112304685,450.8735693359375,56.91365642948687,18007680.0,0.8906644276219924,0.009503680961292504,MSFT
2026-09-11,495.6499938964844,498.9700012207031,492.5799865722656,495.6300048828125,14510500,0.006477951477521948,0.014729290071202716,494.67400512695315,494.25158233642577,453.11501037597657,57.48640816299436,16084600.0,0.9021362048170299,-0.010754024246582894,MSFT
2026-09-14,497.05999755859375,509.95001220703125,495.3399963378906,505.4100036621094,23091900,0.019732459058061425,0.015167199739019557,495.8160034179688,494.79862518310546,455.42808532714844,60.23061008556026,17082620.0,1.3517774205596098,-0.015156019086694728,MSFT
2026-09-15,500.05999755859375,505.8999938964844,495.5400085449219,497.1199951171875,17794600,-0.01640254147099185,0.01555389718379285,496.45,495.68225250244143,457.65021911621096,52.929074027626726,16865080.0,1.0551150661603739,-0.006718692409673155,MSFT
2026-09-16,493.0299987792969,495.9700012207031,487.2300109863281,490.29998779296875,16670300,-0.013719036432262244,0.015660885917660655,496.17999877929685,496.16100006103517,459.6940313720703,46.78869813936878,17621220.0,0.946035518539579,0.02306750528284618,MSFT
2026-09-17,497.79998779296875,501.4700012207031,493.1700134277344,497.75,17841600,0.015194803982285787,0.01636082545970429,497.24199829101565,496.8785003662109,461.99663696289065,46.08127412659991,17981780.0,0.9922043312730998,0.0005022601707684871,MSFT
2026-09-18,497.9700012207031,498.6499938964844,491.1000061035156,493.7799987792969,39622300,-0.007975893964245362,0.013567403877604595,496.8719970703125,497.51000061035154,464.19948120117186,38.875735393460644,23004140.0,1.7223986638926732,0.01379156218443267,MSFT
2026-09-21,494.95001220703125,501.8699951171875,491.3299865722656,501.6099853515625,27959900,0.015857237214189634,0.013287784057327135,496.11199340820315,498.4285003662109,466.5441528320313,46.85700409704156,23977740.0,1.1660773700940956,-0.007336362479311576,MSFT
2026-09-22,507.32000732421875,508.5,493.6499938964844,498.0,21652800,-0.007196797226898033,0.012921306826444054,496.2879943847656,498.96300048828124,468.6990460205078,48.27822711276856,24749380.0,0.8748825223096498,0.036485909458145116,MSFT
2026-09-23,500.760009765625,509.44000244140625,495.8800048828125,500.5899963378906,19445600,0.005200795859218177,0.012826660638557844,498.34599609375,499.40700073242186,471.02671142578123,52.189562768056824,25304440.0,0.7684659292993641,0.017239667084732124,MSFT
2026-09-24,495.07000732421875,498.8999938964844,491.2200012207031,497.92999267578125,16657600,-0.00531373715329686,0.013028009754686244,498.3819946289062,499.48500061035156,473.08757873535154,41.921802207296224,25067640.0,0.6645061122626621,0.02215170594569682,MSFT
2024-11-17,90558.4609375,91433.0390625,88741.6640625,89845.8515625,46350159305,-0.007869224693816235,0.03950543426721649,89860.9859375,78563.1921875,70356.972578125,81.44040349398078,76020438950.8,0.6097065466169902,0.05001500399686298,BTC-USD
2024-11-18,89843.71875,92596.7890625,89393.59375,90542.640625,75535775084,0.007755383808848215,0.039523811297586885,89852.68125,79454.299609375,70855.119296875,84.09984546230399,66415788393.8,1.1373165464230393,0.08793741691803025,BTC-USD
2024-11-19,90536.8125,94002.8671875,90426.984375,92343.7890625,74521048295,0.019892819836786257,0.03919169080787734,90871.353125,80454.512109375,71435.405078125,84.21967357803078,63796657003.2,1.1681027156526724,0.07205546867365964,BTC-USD
2024-11-20,92341.890625,94902.0234375,91619.5,94339.4921875,71730956426,0.02161166598491282,0.03789995165376442,91526.05,81660.72734375,72105.454765625,81.91247142593167,62494226384.8,1.147801334227678,0.036440614453037146,BTC-USD
2024-11-21,94334.640625,99014.21875,94132.6015625,98504.7265625,106024505582,0.044151545428309014,0.02586566881808917,93115.3,83111.840234375,72862.89359375,84.03697777911651,74832488938.4,1.4168245248300695,-0.004983580657812681,BTC-USD
2024-11-22,98496.4296875,99655.5,97222.6640625,98997.6640625,78473580551,0.005004201495724558,0.025093178518655154,94945.6625,84597.259765625,73627.658828125,83.96565189355188,81257173187.6,0.9657434226739161,-0.05955056862531716,BTC-USD
2024-11-23,99006.7421875,99014.6796875,97232.890625,97777.28125,44414644677,-0.012327389984975179,0.025333197444119007,96392.590625,86049.06796875,74341.854921875,80.84527013798564,75032947106.2,0.5919352283222526,-0.05923626494268064,BTC-USD
2024-11-24,97778.09375,98647.1796875,95788.078125,98013.8203125,51712020623,0.002419161787646784,0.020136512446919788,97526.596875,87559.18359375,75060.33234375,78.67872164252069,70471141571.8,0.7338042136058326,-0.020928569623751225,BTC-USD
2024-11-25,98033.4453125,98935.03125,92642.9140625,93102.296875,80909462490,-0.05011051933125821,0.0249375433368209,97279.1578125,88746.3203125,75665.99921875,58.07081289257714,72306842784.6,1.1189737979713337,0.02739107369632232,BTC-USD
2024-11-26,93087.28125,94991.75,90770.8125,91985.3203125,91656519855,-0.011997304040733403,0.025249288323707576,95975.2765625,89563.632421875,76260.972421875,57.29057325571829,69433245639.2,1.3200667635685661,0.059533446275947144,BTC-USD
2024-11-27,91978.140625,97361.1796875,91778.6640625,95962.53125,71133452438,0.04323745271515378,0.028076675957511066,95368.25,90566.516015625,76937.583671875,59.27819337288652,67965220016.6,1.046615495699509,0.0050699312654907125,BTC-USD
2024-11-28,95954.9453125,96650.203125,94677.3515625,95652.46875,52260008261,-0.0032310787967048116,0.028256629801601797,94943.2875,91521.865625,77638.991015625,66.18251286296865,69534292733.4,0.7515717239171329,0.01701284173598494,BTC-USD
2024-11-29,95653.953125,98693.171875,95407.8828125,97461.5234375,54968682476,0.018912786163713058,0.028204221918606207,94832.828125,92555.9984375,78382.731484375,63.34973431839263,70185625104.0,0.7831900391931857,-0.016377937607589543,BTC-USD
2024-11-30,97468.8125,97499.34375,96144.21875,96449.0546875,31634227866,-0.010388394458550332,0.028021518490282123,95502.1796875,93354.741796875,79062.81078125,62.04190873118796,60330578179.2,0.5243481634145261,-0.004633437066313917,BTC-USD
2024-12-01,96461.3359375,97888.125,95770.1875,97279.7890625,36590695296,0.008613193542348574,0.02414731950936998,96561.0734375,93783.65703125,79744.54609375,65.12391340144052,49317413267.4,0.7419427109366933,0.015303715209985969,BTC-USD
2024-12-02,97276.0078125,98152.6015625,94482.8671875,95865.3046875,72680784305,-0.01454037255458307,0.024398192042332744,96541.628125,94179.131640625,80404.8246875,60.52140244390215,49626879640.8,1.4645447151032758,0.007596759092082239,BTC-USD
2024-12-03,95854.59375,96297.203125,93629.5625,96002.1640625,67067810961,0.0014276215513644441,0.02419713770627621,96611.5671875,94450.031640625,81003.94546875,57.74089799124663,52588440180.8,1.2753337184069287,0.04081727649856859,BTC-USD
2024-12-04,95988.53125,99207.328125,94660.5234375,98768.53125,77199817112,0.02881567529768403,0.026049071003485923,96872.96875,95025.93671875,81638.49390625,59.0755887909834,57034667108.0,1.3535595283797408,0.0116920305778061,BTC-USD
2024-12-05,98741.5390625,103900.46875,91998.78125,96593.5703125,149218945580,-0.022020788503929523,0.020927395975261578,96901.871875,95302.31484375,82218.1109375,45.73603685762015,80551610650.8,1.85246383498004,0.048061639066458994,BTC-USD
2024-12-06,97074.2265625,102039.8828125,96514.875,99920.7109375,94534772658,0.03444474217316973,0.022130331156325025,97430.05625,95770.4265625,82868.5284375,51.82819458241653,92140426123.2,1.0259858417802252,-0.024899664585615544,BTC-USD
2024-12-07,99916.7109375,100563.3828125,99030.8828125,99923.3359375,44177510897,2.627082989481444e-05,0.01852475069021143,98241.6625,96274.30078125,83498.619375,54.465921650018196,86439771441.6,0.5110785250843356,-0.03250398137259447,BTC-USD
2024-12-08,99921.9140625,101399.9921875,98771.515625,101236.015625,44125751925,0.013136868131795154,0.018517732995676058,99288.4328125,96808.96953125,84156.085,56.41791072646203,81851359634.4,0.5390961386847274,-0.0006221538314319375,BTC-USD
2024-12-09,101237.0625,101272.5078125,94355.9140625,97432.71875,110676473908,-0.03756861480096407,0.022313087726301115,99021.2703125,97063.416015625,84724.7053125,59.02362153450437,88546690993.6,1.2499221898196002,0.026790602617768,BTC-USD
2024-12-10,97441.234375,98270.15625,94321.2578125,96675.4296875,104823780634,-0.007772430783165474,0.022190223900675286,99037.6421875,97180.212890625,85310.856875,59.92185924748208,79667658004.4,1.3157633004375584,0.04948339138976232,BTC-USD
2024-12-11,96656.0625,101913.359375,95747.2265625,101173.03125,85391409936,0.04652269534294651,0.026548750750234332,99288.10625,97313.628125,85987.089375,60.78527258143807,77838985460.0,1.0970262450283483,0.001976193631146206,BTC-USD
2024-12-12,101167.8046875,102524.9140625,99339.953125,100043.0,72073983533,-0.011169293200355757,0.026303959745869795,99312.0390625,97365.894921875,86659.30546875,58.78964338935886,83418279987.2,0.864007068283586,0.04253866150055474,BTC-USD
2024-12-13,100046.6484375,101888.8046875,99233.28125,101459.2578125,56894751583,0.014156490833941326,0.026441854739433605,99356.6875,97549.99375,87325.26953125,58.131162607997595,85972079918.8,0.661781727704351,0.045047253804540555,BTC-USD
2024-12-14,101451.4375,102618.8828125,100634.0546875,101372.96875,40422968793,-0.0008504799301751742,0.025215595177970153,100144.7375,97717.951171875,88019.880625,60.40705444796596,71921378895.8,0.5620438514056435,0.04703061251227281,BTC-USD
2024-12-15,101373.53125,105047.5390625,101227.03125,104298.6953125,51145914137,0.02886101293644905,0.024759803793456468,101669.390625,98277.77109375,88765.560625,63.62809241898109,61185805596.4,0.835911428123932,-0.04081696551663183,BTC-USD
2024-12-16,104293.578125,107780.578125,103322.984375,106029.71875,91020417816,0.016596788984881483,0.02323645845725113,102640.728125,98979.991015625,89527.5690625,69.49584967047011,62311607172.4,1.4607297411567348,-0.08053181434096746,BTC-USD
2024-12-17,106030.6875,108268.4453125,105291.734375,106140.6015625,68589364868,0.001045771070669721,0.023208610939494438,103860.2484375,99488.89453125,90252.2259375,69.46542237080601,61614683439.4,1.1131983650530286,-0.07899589555334074,BTC-USD
2024-12-18,106147.296875,106470.609375,100041.5390625,100041.5390625,93865656139,-0.057462106019896764,0.030491559605291013,103576.7046875,99708.348046875,90798.646875,52.16683160535567,69008864350.6,1.3601970851471326,-0.028156429083325274,BTC-USD
2024-12-19,100070.6875,102748.1484375,95587.6796875,97490.953125,97221662392,-0.025495268879325628,0.029078622705067975,102800.3015625,99709.81953125,91301.67515625,51.508181456031586,80368603070.4,1.2096970542941667,-0.02447422605398797,BTC-USD
2024-12-20,97484.6953125,98098.9140625,92175.1796875,97755.9296875,105634083408,0.002717960528709318,0.028938185700335857,101491.7484375,99775.16328125,91852.49,45.94432959632985,91266236924.6,1.1574278393363588,-0.031401547812117236,BTC-USD
2024-12-21,97756.1953125,99507.1015625,96426.5234375,97224.7265625,51765334294,-0.005433973434635808,0.024237391867705415,99730.75,99772.41015625,92407.33515625,45.04240241302223,83415220220.2,0.6205742088476127,0.014927963685935408,BTC-USD
2024-12-22,97218.3203125,97360.265625,94202.1875,95104.9375,43147981314,-0.021802983021374844,0.024827427059374317,97523.6171875,99734.391796875,92923.6484375,39.06102857091881,78326943509.4,0.550870229077965,0.044101367634041155,BTC-USD
2024-12-23,95099.390625,96416.2109375,92403.1328125,94686.2421875,65239002919,-0.004402456102765462,0.023933270825136767,96452.5578125,99668.595703125,93442.5509375,44.42666015609518,72601612865.4,0.8985888927832784,0.011715254633333005,BTC-USD
2024-12-24,94684.34375,99404.0625,93448.015625,98676.09375,47114953674,0.04213760595334648,0.02850858261630816,96689.5859375,99663.973828125,94059.84265625,53.58902437007601,62580271121.8,0.752872316297578,-0.0457176019394262,BTC-USD
2024-12-25,98675.9140625,99478.75,97593.46875,99299.1953125,33700394629,0.0063146152104343045,0.026595636206133928,96998.2390625,99799.255078125,94658.6353125,46.09576462629371,48193533366.0,0.6992721279236034,-0.04164450287825694,BTC-USD
2024-12-26,99297.6953125,99884.5703125,95137.8828125,95795.515625,47054980873,-0.03528406928650052,0.027062145486260583,96712.396875,99592.9953125,95061.7640625,41.94671373519332,47251462681.8,0.9958417835629101,-0.023647130533413163,BTC-USD
2024-12-27,95704.9765625,97294.84375,93310.7421875,94164.859375,52419934565,-0.017022260795415023,0.026862475465709714,96524.38125,99305.071484375,95426.9640625,36.28125856794126,49105853332.0,1.0674885173177586,-0.01615940859041931,BTC-USD
2024-12-28,94160.1875,95525.8984375,94014.2890625,95163.9296875,24107436185,0.010609799867287384,0.02215416034316015,96619.91875,99001.4671875,95799.333125,38.71014207409945,40879539985.2,0.589718871438569,-0.018228824389624365,BTC-USD
2024-12-29,95174.0546875,95174.875,92881.7890625,93530.2265625,29635885267,-0.017167251608511402,0.021433141435427395,95590.7453125,98806.342578125,96134.3603125,29.45441276602341,37383726303.8,0.7927482944360085,0.009510628624486372,BTC-USD
2024-12-30,93527.1953125,94903.3203125,91317.1328125,92643.2109375,56188003691,-0.00948373223930199,0.021359608391995497,94259.5484375,98604.731640625,96377.74078125,23.60940878291484,41881248116.2,1.3416028943336584,0.04580653044682248,BTC-USD
2024-12-31,92643.25,96090.6015625,91914.03125,93429.203125,43625106843,0.008484077565384274,0.021788449177854097,93786.2859375,98217.540234375,96472.29515625,25.590099571379483,41195273310.2,1.0589833089467178,0.05007242281881541,BTC-USD
2025-01-01,93425.1015625,94929.8671875,92788.125,94419.7578125,24519888919,0.010602195613021781,0.021209144942168676,93837.265625,97936.378125,96601.5740625,36.569318107160555,35615264181.0,0.6884657318386774,0.040420234476546746,BTC-USD
2025-01-02,94416.2890625,97739.8203125,94201.5703125,96886.875,46009564411,0.026129247147606893,0.022731307230565725,94181.8546875,97707.758984375,96727.62828125,48.55105216527023,39995689826.2,1.1503630668937854,0.014739725453009056,BTC-USD
2025-01-03,96881.7265625,98956.9140625,96034.6171875,98107.4296875,35611391163,0.012597729955682757,0.01854683791120837,95097.2953125,97544.48203125,96944.76828125,50.80615625871252,41190791005.4,0.8645473974590933,0.040472533656703336,BTC-USD
2025-01-04,98106.9921875,98734.4296875,97562.9765625,98236.2265625,22342608078,0.0013128146911018934,0.018411931266839664,96215.8984375,97241.35859375,97088.17265625,52.363474792790704,34421711882.8,0.6490847449444912,-0.013371069751588083,BTC-USD
2025-01-05,98233.90625,98813.3046875,97291.765625,98314.9609375,20525254825,0.0008014800420892421,0.013916438184883797,97193.05,96855.620703125,97243.30234375,58.29141043756001,29801741479.2,0.6887266920064223,-0.03327507297775045,BTC-USD
2025-01-06,98314.953125,102482.875,97926.1484375,102078.0859375,51823432705,0.03827621924594227,0.01603958953233679,98724.715625,96652.494921875,97487.94703125,66.280193402963,35262450236.4,1.4696492262328602,-0.0939873312365419,BTC-USD
2025-01-07,102248.8515625,102712.484375,96132.875,96922.703125,58685738547,-0.05050430525956884,0.02445925868101587,98731.88125,96496.553125,97615.54828125,46.326821466705155,37797685063.6,1.5526278513684866,-0.0229177471158154,BTC-USD
2025-01-08,96924.1640625,97258.3203125,92525.84375,95043.5234375,63875859171,-0.019388436629511285,0.024662954922144723,98119.1,96374.181640625,97669.54296875,41.53051667135185,43450578665.2,1.470080747673881,-0.005018013540013855,BTC-USD
2025-01-09,95043.484375,95349.71875,91220.84375,92484.0390625,62777261693,-0.026929603222076492,0.02612974106990773,96968.6625,96110.587109375,97632.43390625,43.15226792988211,51537509388.2,1.2180887753061163,0.021672911972901998,BTC-USD
2025-01-10,92494.4921875,95770.609375,92250.09375,94701.453125,62058693684,0.023976181025154863,0.027120036166808303,96245.9609375,95984.4234375,97556.3684375,51.083321977095736,59844197160.0,1.037004365153054,-0.0019527650463389001,BTC-USD
2025-01-11,94700.8359375,94977.6875,93840.046875,94566.59375,18860894100,-0.001424047578467369,0.02694688310081199,94743.6625,95957.50625,97467.74703125,48.75044329935658,53251689439.0,0.35418395732975233,0.020804948629124187,BTC-USD
2025-01-12,94565.7265625,95367.5390625,93712.5078125,94488.4375,20885130965,-0.0008264678561502592,0.02540040986464234,94256.809375,95947.616015625,97401.97015625,52.143997119218554,45691567922.6,0.4570893912062444,0.06366974464468211,BTC-USD
2025-01-13,94488.890625,95837.0,89260.1015625,94516.5234375,72978998252,0.00029724205673309356,0.024896438467507682,94151.409375,95739.6375,97332.02421875,54.359087722768244,47512195738.8,1.5360055900847995,0.055444091910185955,BTC-USD
2025-01-14,94519.0078125,97352.6640625,94322.15625,96534.046875,53769675818,0.021345722040169157,0.026098404846625237,94961.4109375,95601.380078125,97400.65921875,56.83315291324568,45710678563.8,1.1763044764901438,0.08212638384222926,BTC-USD
2025-01-15,96534.046875,100697.234375,96501.640625,100504.4921875,57805923627,0.041129999632577796,0.029391020661645284,96122.01875,95836.82890625,97571.04265625,61.83853004176377,44860124552.4,1.2885814340412347,0.03883983730515772,BTC-USD
2025-01-16,100505.296875,100781.5859375,97364.4453125,99756.90625,54103781805,-0.0074383335632930425,0.02665217958634104,97160.08125,96116.43125,97646.93015625,55.98438629105668,51908702093.4,1.0422873164435968,0.013359507377465496,BTC-USD
2025-01-17,100025.765625,105884.2265625,99948.90625,104462.0390625,71888972663,0.04716598568833419,0.02471858926029747,99154.8015625,96581.33671875,97823.1215625,61.569019565452386,62109470433.0,1.1574558945974196,-0.02340922139703705,BTC-USD
2025-01-18,104124.953125,104913.203125,102226.6171875,104408.0703125,50445655726,-0.000516635042589142,0.02307900697609334,101133.1109375,97125.22890625,97962.0525,61.26697970963562,57602801927.8,0.8757500336394947,0.016648093459609603,BTC-USD
2025-01-19,104411.2890625,106299.796875,99570.53125,101089.609375,76789928525,-0.03178356737719257,0.023968391147622555,102044.2234375,97547.548828125,98054.86359375,54.529475547298084,62206852469.2,1.2344287723449825,0.025358302928945253,BTC-USD
2025-01-20,101083.75,109114.8828125,99471.359375,102016.6640625,126279678351,0.009170622908047932,0.023404367972669107,102346.6578125,97976.921875,98149.60109375,49.889500122277916,75901603414.0,1.6637287312919637,0.019050885758324032,BTC-USD
2025-01-21,102052.578125,107180.921875,100103.953125,106146.265625,88733878242,0.040479676535688514,0.02526424053200362,103624.5296875,98563.247265625,98355.2203125,67.22938441466711,82827622701.4,1.0713077998374108,-0.012499556552345692,BTC-USD
2025-01-22,106136.3828125,106294.34375,103360.265625,103653.0703125,53878181052,-0.023488299826845638,0.027454324597550744,103462.7359375,98901.55703125,98508.2384375,65.72177185111465,79225464379.2,0.6800614104843957,0.010241646695071216,BTC-USD
2025-01-23,103657.671875,106820.328125,101257.8046875,103960.171875,104104515428,0.002962783076025932,0.027366376528812034,103373.15625,99194.194140625,98612.07125,72.83481617517897,89957236319.6,1.157266715688525,-0.012290013107483566,BTC-USD
2025-01-24,103965.671875,107098.546875,102772.125,104819.484375,52388229265,0.008265785680243276,0.027069658776013573,104119.13125,99523.35703125,98776.58953125,71.28276203879417,85076896467.6,0.6157750392899101,-0.026061918652707572,BTC-USD
2025-01-25,104824.03125,105243.7890625,104120.375,104714.6484375,23888996502,-0.0010001569662844156,0.024610131066584908,104658.728125,99843.34140625,98872.46828125,71.37290997469708,64598760097.8,0.3698058053410467,-0.0322989374024274,BTC-USD
2025-01-26,104713.2109375,105438.6484375,102507.7109375,102682.5,22543395879,-0.019406534499448846,0.025522913768310614,103965.975,99873.562109375,98927.6515625,65.94519731581173,51360663625.2,0.43892337613681326,0.009940456626007288,BTC-USD
2025-01-27,102680.3046875,103214.109375,97795.9375,102087.6875,89006608428,-0.005792734886665207,0.02035402924559876,103652.8984375,100131.811328125,98944.685,64.41512558193222,58386349100.4,1.5244420964726877,0.025934735640867457,BTC-USD
2025-01-28,102095.4140625,103730.8203125,100238.1875,101332.4765625,47180685494,-0.007397669160641884,0.020410378242466005,103127.359375,100446.258984375,99022.68015625,59.59729425239581,47001583113.6,1.003810560592547,0.010584433652309544,BTC-USD
2025-01-29,101317.5234375,104750.8046875,101283.8203125,103703.2109375,47432049818,0.023395602825692086,0.01912192136965189,102904.1046875,101007.217578125,99163.23578125,56.83511558242618,46010347224.2,1.0308996275744737,-0.02938486339961599,BTC-USD
2025-01-30,103709.3359375,106418.765625,103321.6484375,104735.3046875,41915744521,0.009952379879751394,0.019152801559687817,102908.2359375,101508.91015625,99234.48125,60.51019475779224,49615696828.0,0.8448081393738558,-0.06727748724295224,BTC-USD
2025-01-31,104737.5625,106026.3515625,101543.8828125,102405.0234375,45732764360,-0.022249243050878498,0.015330859073649226,102852.740625,101900.831640625,99281.72171875,45.17332177708167,54253570524.2,0.8429447853501317,-0.009761255150828374,BTC-USD
2025-02-01,102402.796875,102755.7265625,100297.7109375,100655.90625,27757944848,-0.017080384621634526,0.014513578724428431,102566.384375,102209.205078125,99265.6546875,41.84452609553993,42003837808.2,0.6608430633112551,-0.027659439383369566,BTC-USD
2025-02-02,100661.5390625,101430.6640625,96216.078125,97688.9765625,63091816853,-0.02947596219670423,0.016555274255566188,101837.684375,102367.827734375,99191.97484375,42.493889486882445,45186064080.0,1.396267148678819,-0.010989277273400155,BTC-USD
2025-02-03,97681.1015625,102514.171875,91242.890625,101405.421875,115400897748,0.03804365081173988,0.021393277278545966,101378.1265625,102611.396484375,99134.109375,48.798745176264596,58779833666.0,1.9632736357120946,-0.04745431665312516,BTC-USD
2025-02-04,101398.71875,101745.6171875,96208.109375,97871.8203125,73002130211,-0.034846278405663456,0.023588690463609896,100005.4296875,102479.762890625,98970.95140625,33.34841593389231,64997110804.0,1.1231596190658273,-0.013719315434337576,BTC-USD
2025-02-05,97878.0078125,99113.2109375,96174.828125,96615.4453125,49125911241,-0.012836943218062724,0.02327829571150938,98847.5140625,102322.68984375,98780.44828125,35.095461476555556,65675740180.2,0.7480069673552083,-0.0013765106300533958,BTC-USD
2025-02-06,96610.640625,99168.609375,95707.3515625,96593.296875,45302471947,-0.00022924323774897726,0.023345638391877074,98034.9921875,101929.252734375,98711.4834375,34.2075540332235,69184645600.0,0.654805290308519,-0.0009649026176279385,BTC-USD
2025-02-07,96581.3203125,100154.140625,95653.8828125,96529.0859375,55741290456,-0.0006647556256734743,0.02337460638818446,97803.0140625,101535.303515625,98692.24609375,31.600562470849127,67714540320.6,0.8231805191630679,0.009411347276075954,BTC-USD
2025-02-08,96533.2578125,96877.8046875,95702.4921875,96482.453125,22447526395,-0.00048309597099249757,0.02132699918186852,96818.4203125,101304.945703125,98666.7765625,31.682413416056647,49123866050.0,0.4569576501196408,-0.007618208427471518,BTC-USD
2025-02-09,96481.3125,97325.28125,94745.2578125,96500.09375,27732901800,0.00018283765004545316,0.02067872732922141,96544.075,101029.1171875,98652.28390625,34.88869912060734,40070020367.8,0.6921109983334566,0.014360251593019902,BTC-USD
2025-02-10,96499.4609375,98333.21875,95320.84375,97437.5546875,40078962391,0.009714611676219231,0.020695626201980528,96708.496875,100593.681640625,98698.93625,38.821195699738986,38260630597.8,1.0475248777866342,-0.008350861252723774,BTC-USD
2025-02-11,97438.1328125,98492.8984375,94875.0390625,95747.4296875,37488783272,-0.017345724709743937,0.020713329132472424,96539.3234375,100198.399609375,98720.16,37.15123982449569,36697892862.8,1.0215513847663364,0.018397768673783732,BTC-USD
2025-02-12,95745.6953125,98151.0234375,94101.203125,97885.859375,49340445530,0.02233406885677658,0.020329760132029945,96810.678125,99894.683984375,98704.3553125,36.472214319427685,35417723877.6,1.3931004064664203,-0.0031210617595908152,BTC-USD
2025-02-13,97888.75,98111.0859375,95269.7109375,96623.8671875,37147280860,-0.012892487184132717,0.01570051610025653,96838.9609375,99484.903125,98650.84875,31.33704915628242,38357674770.6,0.9684445442055907,-0.004645187059518441,BTC-USD
2025-02-14,96623.3671875,98819.46875,96342.8046875,97508.96875,32697987277,0.009160278803397981,0.012059100522718995,97040.7359375,99124.619140625,98685.1178125,37.93255501832179,39350691866.0,0.8309380528389615,-0.01779924410799394,BTC-USD
2025-02-15,97508.3828125,97975.0390625,97240.1953125,97580.3515625,17047266288,0.0007320640697474623,0.011227147758880283,97069.2953125,98869.51171875,98753.42765625,41.736145951630746,34744352645.4,0.49064855120439216,-0.02091409443419423,BTC-USD
2025-02-16,97580.4921875,97725.59375,96060.9765625,96175.03125,16536755396,-0.014401672980240199,0.012254232042061435,97154.815625,98573.87890625,98773.6496875,45.55946175960667,30553947070.2,0.5412313950143841,0.004788957372966696,BTC-USD
2025-02-17,96179.0078125,97032.234375,95243.546875,95773.3828125,27336550690,-0.004176223623530095,0.012313897357478926,96732.3203125,98295.92421875,98818.5128125,29.493117445760234,26153168102.2,1.0452481543794478,0.02673555650125592,BTC-USD
2025-02-18,95773.8125,96695.375,93388.8359375,95539.546875,37325720482,-0.0024415545387781457,0.01232532326134838,96515.45625,97887.741015625,98876.43953125,38.82186866965968,26188856026.6,1.4252520401841264,0.00613358571573186,BTC-USD
2025-02-19,95532.53125,96855.59375,95011.96875,96635.609375,28990872862,0.011472343504350446,0.012938665160794048,96340.784375,97482.75625,98940.56765625,50.09815069040131,25447433143.6,1.139245467250247,-0.0005986567774980411,BTC-USD
2025-02-20,96632.6796875,98767.1953125,96442.671875,98333.9375,31668022771,0.017574558032842136,0.01379052128691309,96491.5015625,97279.201953125,99018.85125,57.28412950202895,28371584440.2,1.1161880238922872,-0.020949182727479032,BTC-USD
2025-02-21,98340.671875,99497.96875,94852.9609375,96125.546875,49608706470,-0.02245807176184722,0.014616293057123782,96481.6046875,97052.683984375,99003.6246875,48.56823376598898,34985974655.0,1.4179598241637152,-0.04897111281063904,BTC-USD
2025-02-22,96134.203125,96950.15625,95765.34375,96577.7578125,18353824477,0.0047043783073406065,0.012615039053093574,96642.4796875,96997.123046875,98973.03125,50.328683782975475,33189429412.4,0.5530021094650929,-0.08119453293504675,BTC-USD
2025-02-23,96577.8046875,96671.875,95270.453125,96273.921875,16999478976,-0.0031460239332733453,0.011977953045169598,96789.3546875,96740.548046875,98933.78515625,49.23508535337736,29124181111.2,0.5836895091090708,-0.12388503766352876,BTC-USD
2025-02-24,96277.9609375,96503.453125,91371.7421875,91418.171875,44046480529,-0.05043681513571874,0.019323283369230965,95745.8671875,96417.865625,98795.849375,33.90747100244829,32135302644.6,1.3706570937305782,-0.07344213053921345,BTC-USD
2025-02-25,91437.1171875,92511.078125,86008.234375,88736.171875,92139104128,-0.029337712021491935,0.020423065453456388,93826.3140625,96023.901953125,98529.01109375,32.19976920657122,44229518916.0,2.083203850871386,-0.04917007315400379,BTC-USD
2025-02-26,88638.890625,89286.25,82131.8984375,84347.0234375,64597492134,-0.04946290046952739,0.024084328072644205,91470.609375,95411.58828125,98277.4975,19.15281130638695,47227276048.8,1.3678005072164512,0.019975697497475853,BTC-USD
2025-02-27,84076.859375,87000.78125,83144.9609375,84704.2265625,52659591954,0.004234922709094535,0.024560010152695152,89095.903125,94820.3453125,98070.7115625,21.674152330284116,54088429544.2,0.9735833041883315,0.11267590045176501,BTC-USD
2025-02-28,84705.625,85036.3203125,78248.9140625,84373.0078125,83610570576,-0.003910297790814532,0.024501285933958068,86715.7203125,94214.873046875,97908.4909375,17.93970142446318,67410647864.2,1.2403169710582673,0.02006167738219755,BTC-USD
2025-03-01,84373.8671875,86522.3046875,83794.234375,86031.9140625,29190628396,0.019661575342751147,0.025492633291300016,85638.46875,93691.4640625,97735.10015625,23.84137204144892,64439477437.6,0.45299294092300424,0.01383534544094056,BTC-USD
2025-03-02,86036.2578125,95043.4375,85040.2109375,94248.3515625,58398341092,0.09550452979612856,0.041910521310180734,86740.9046875,93532.00390625,97728.7353125,46.66491041920852,57691324830.4,1.0122551573166065,-0.038459973064847164,BTC-USD
2025-03-03,94248.421875,94429.75,85081.3046875,86065.671875,70072228536,-0.08682040111941614,0.049420651883773294,87084.634375,93047.916015625,97560.28,36.76197448718361,58786272110.8,1.1919828562003099,0.04526839333989696,BTC-USD
2025-03-04,86064.0703125,88911.2734375,81529.2421875,87222.1953125,68095241474,0.013437685575495406,0.04978325845726377,87588.228125,92514.7328125,97414.3934375,38.936365716670544,61873402014.8,1.1005575781611578,-0.005497722635642965,BTC-USD
2025-03-05,87222.953125,90998.2421875,86379.7734375,90623.5625,50498988027,0.03899657851208138,0.052067775862477295,88838.3390625,92214.717578125,97296.18375,42.46497358625357,55251085505.0,0.9139908757526591,-0.049313540835475345,BTC-USD
2025-03-06,90622.359375,92804.9375,87852.140625,89961.7265625,47749810486,-0.007303133084179958,0.049596282124606636,89624.3015625,91837.35546875,97085.3284375,39.227035637619096,58962921923.0,0.8098277515547269,-0.10405188803815091,BTC-USD
2025-03-07,89963.28125,91191.046875,84717.6796875,86742.671875,65945677657,-0.0357824911826653,0.05005242687995002,88123.165625,91295.471484375,96825.04375,38.23262447370494,60472389236.0,1.0905088833126786,-0.09465551034480402,BTC-USD
2025-03-08,86742.65625,86847.265625,85247.484375,86154.59375,18206118081,-0.006779571257010009,0.04721358014903063,88140.95,90794.449609375,96458.89484375,36.97236040813848,50099167145.0,0.3634016116137573,-0.03821482603764237,BTC-USD
2025-03-09,86154.3046875,86471.1328125,80052.484375,80601.0390625,30899345977,-0.0644603432710168,0.05180797496089903,86816.71875,90035.832421875,95982.75421875,32.68333551719893,42659988045.6,0.7243167987757323,0.038725559233543594,BTC-USD
2025-03-10,80597.1484375,83955.9296875,77420.59375,78532.0,54061099422,-0.02567012890361897,0.05227056300910176,84398.40625,89185.455078125,95531.60203125,34.828033942494386,43372410324.6,1.246439822398747,0.03227605466561401,BTC-USD
2025-03-11,78523.875,83577.7578125,76624.25,82862.2109375,54702837196,0.05513944554449135,0.05531524621957368,82978.503125,88496.78515625,95148.51296875,43.34248372471754,44763015666.6,1.2220543317151131,0.013358207709843528,BTC-USD
2025-03-12,82857.375,84358.578125,80635.25,83722.359375,40353484454,0.010380466895202334,0.043964486116605785,82374.440625,87766.20625,94700.03484375,49.23044880685253,39644577026.0,1.017881573753078,0.007414387322980387,BTC-USD
2025-03-13,83724.921875,84301.6953125,79931.8515625,81066.703125,31412940153,-0.0317197970748182,0.036148323119750185,81356.8625,87013.2640625,94248.3075,45.75895073327962,42285941440.4,0.742869594077148,0.01866345017962634,BTC-USD
2025-03-14,81066.9921875,85263.2890625,80797.5625,83969.1015625,29588112414,0.03580259620308812,0.03808181286420017,82030.475,86382.83125,93848.48609375,49.555716273021545,42023694727.8,0.7040816521643569,0.001269347123127984,BTC-USD
2025-03-15,83968.40625,84672.671875,83639.59375,84343.109375,13650491277,0.004454112352525463,0.035300151654212596,83192.696875,85786.290625,93438.95859375,48.088332858438804,33941573098.8,0.40217615245071275,-0.01926190991817467,BTC-USD
2025-03-16,84333.3203125,85051.6015625,82017.90625,82579.6875,21330270174,-0.020907717157540473,0.0355914794198331,83136.1921875,85344.36640625,92996.259375,34.531694001181876,27267059694.4,0.7822724713651734,0.051762596734215016,BTC-USD
2025-03-17,82576.3359375,84725.328125,82492.15625,84075.6875,25092785558,0.018115835083536647,0.034984958734784515,83206.8578125,85111.3421875,92624.123125,46.79358490395029,24214919915.2,1.0362530888342503,0.0010883980282647698,BTC-USD
2025-03-18,84075.71875,84075.71875,81179.9921875,82718.5,24095774594,-0.016142449028442418,0.03523469466771876,83537.2171875,85029.916015625,92236.739375,42.78992548448592,22751486803.4,1.0590857117258423,0.01601506540253994,BTC-USD
2025-03-19,82718.8046875,87021.1875,82569.7265625,86854.2265625,34931960257,0.049997601050550955,0.03163911748963903,84114.2421875,85137.416015625,91947.174375,44.10420733345081,23820256372.0,1.4664812885079388,-0.034790963054924684,BTC-USD
2025-03-20,86872.953125,87443.265625,83647.1953125,84167.1953125,29028988961,-0.030937253791171848,0.03229788825401221,84079.059375,85127.125390625,91556.4540625,41.47650355764329,26895955908.8,1.079306831831253,0.02242179605121919,BTC-USD
2025-03-21,84164.5390625,84782.2734375,83171.0703125,84043.2421875,19030452299,-0.0014727011460912154,0.027627741923885764,84371.7703125,85027.691796875,91142.6128125,45.63148383168455,26435992333.8,0.7198690353177485,0.04111778395329413,BTC-USD
2025-03-22,84046.2578125,84513.875,83674.78125,83832.484375,9863214091,-0.0025077306278807887,0.02748099158026863,84323.1296875,84506.8984375,90771.16203125,46.195644939489725,23390078040.4,0.4216836760426356,0.043410603623781796,BTC-USD
2025-03-23,83831.8984375,86094.78125,83794.9140625,86054.375,12594615537,0.026503933905394295,0.026033376673638586,84990.3046875,84506.33359375,90479.13140625,60.029149500674,21089846229.0,0.597188590198516,0.009836894550683706,BTC-USD
2025-03-24,86070.9296875,88758.7265625,85541.1953125,87498.9140625,34582604933,0.016786352378946434,0.024273150043295763,85119.2421875,84520.16953125,90275.33015625,66.87862402225846,21019975164.2,1.6452257751426407,-0.0036779027882578585,BTC-USD
2025-03-25,87512.8203125,88542.3984375,86346.078125,87471.703125,30005840049,-0.0003109860024155253,0.02431845964056461,85780.14375,84362.5765625,89996.65578125,60.353788741049904,21215345381.8,1.4143460551314475,-0.03565215465215621,BTC-USD
2025-03-26,87460.234375,88292.15625,85861.453125,86900.8828125,26704046038,-0.00652577110204744,0.02308130058913652,86351.671875,84209.534375,89777.23703125,57.233583087058456,22750064129.6,1.1738009126425053,-0.04951959906189818,BTC-USD
2025-03-27,86896.2578125,87786.7265625,85837.9375,87177.1015625,24413471941,0.003178549412391707,0.022642572342115058,87020.5953125,84231.255859375,89588.47015625,65.59478144842879,25660115699.6,0.9514170640072589,-0.05554873972872576,BTC-USD
2025-03-28,87185.234375,87489.859375,83557.640625,84353.1484375,34198619509,-0.032393289916566204,0.02472486341133252,86680.35,84141.18359375,89343.6671875,50.98409370811025,29980916494.0,1.14067958915946,-0.02138905788841794,BTC-USD
2025-03-29,84352.0703125,84567.3359375,81634.140625,82597.5859375,16969396135,-0.020812056603918605,0.019002709234123286,85700.084375,84241.0109375,89065.0371875,45.82296210796394,26458274734.4,0.6413644239976487,0.03113391158242651,BTC-USD
2025-03-30,82596.984375,83505.0,81573.25,82334.5234375,14763760943,-0.0031848691098436133,0.01665027452783202,84672.6484375,84431.137109375,88782.07859375,49.36793557579475,23409858913.2,0.6306642426911523,0.0018362588825180381,BTC-USD
2025-03-31,82336.0625,83870.125,81293.890625,82548.9140625,29004228247,0.0026038970780313253,0.01671640214229635,83802.2546875,84415.472265625,88503.055,45.78525907154796,23869895355.0,1.2150965815157844,0.006710131426812094,BTC-USD
2025-04-01,82551.921875,85487.3671875,82429.359375,85169.171875,28175650319,0.0317418810684309,0.019756942016298875,83400.66875,84487.812890625,88257.68734375,56.32419211241073,24622331030.6,1.1443128712705564,-0.015561583590893657,BTC-USD
2025-04-02,85180.609375,88466.953125,82343.5390625,82485.7109375,47584398470,-0.031507420800550134,0.020195749617278356,83027.18125,84558.76328125,87992.45296875,37.813175901572606,27299486822.8,1.7430510243239605,0.012354696661003084,BTC-USD
2025-04-03,82487.4765625,83909.296875,81282.1015625,83102.828125,36852112080,0.007481504135517403,0.019325057646020896,83128.2296875,84515.449609375,87696.79234375,46.643051553585664,31276030011.8,1.178286120907808,-0.05882283263148569,BTC-USD
2025-04-04,83100.25,84696.1484375,81670.75,83843.8046875,45157640207,0.008916382019940938,0.019787156747732248,83430.0859375,84490.484375,87441.19109375,49.39455115008719,37354805864.6,1.2088843499999156,-0.05496492874072856,BTC-USD
2025-04-05,83844.703125,84207.015625,82377.734375,83504.796875,14380803631,-0.004043325726492686,0.01976820986287429,83621.2625,84536.73984375,87161.10765625,49.012898403655456,34430120941.4,0.4176808921315176,-0.08661590735711855,BTC-USD
2025-04-06,83504.5078125,83704.71875,77097.7421875,78214.484375,36294853736,-0.06335339642726368,0.02702271988318282,82230.325,84243.6796875,86773.7903125,30.068301658641076,36053961624.8,1.0066814325068316,0.05573735842965477,BTC-USD
2025-04-07,78221.3359375,81119.0625,74436.6796875,79235.3359375,91262424987,0.013051950296130821,0.026743252485016564,81580.25,84069.521484375,86434.99640625,28.528579490323295,44789566928.2,2.0375822149229172,0.004932202064597213,BTC-USD
2025-04-08,79218.4765625,80823.890625,76198.0234375,76271.953125,48314590749,-0.03739976334343409,0.02824262851731754,80214.075,83540.4078125,86044.9678125,24.751880970496245,47082062662.0,1.0261782941807003,0.0935190790356466,BTC-USD
2025-04-09,76273.5625,83541.0,74589.671875,82573.953125,84213627038,0.0826253916648998,0.04021931050129915,79960.1046875,83460.745703125,85785.6559375,42.24857811686943,54893260028.2,1.534134190513324,0.032857289100509,BTC-USD
2025-04-10,82565.9765625,82700.9296875,78456.1328125,79626.140625,44718000633,-0.0356990599146636,0.041841991602177456,79184.3734375,83239.890625,85445.4665625,37.65462643520334,60960699428.6,0.733554586022685,0.05097366148404858,BTC-USD
2025-04-11,79625.046875,84247.4765625,78936.3203125,83404.8359375,41656778779,0.04745546227457886,0.0435445273054335,80222.44375,83218.508203125,85146.88453125,48.496502855534764,62033084437.2,0.6715251894522798,0.013638953601592618,BTC-USD
2025-04-12,83404.515625,85856.1875,82769.375,85287.109375,24258059104,0.022567917271733462,0.042718978785539534,81432.7984375,83180.144921875,84930.11578125,54.24702703542933,48632211260.6,0.4988064181168125,-0.018972587995511492,BTC-USD
2025-04-13,85279.46875,86015.1875,83027.0078125,83684.9765625,28796984817,-0.01878516957885823,0.043295715756517264,82915.403125,82989.448046875,84672.26015625,52.04597544422303,44728690074.2,0.6438146247795086,0.004169095091272723,BTC-USD
2025-04-14,83694.5234375,85785.0,83690.640625,84542.390625,34090769777,0.010245734631468162,0.043322934680744,83309.090625,82842.982421875,84437.62953125,52.9624541029464,34704118622.0,0.9823263385052177,0.004179670960185788,BTC-USD
2025-04-15,84539.6953125,86429.3515625,83598.8203125,83668.9921875,28040322885,-0.01033089354397465,0.04346041998478875,84117.6609375,82681.387890625,84282.6459375,47.64853537220083,31368583072.4,0.8938982937253418,0.009344112789693604,BTC-USD
2025-04-16,83674.5078125,85428.28125,83100.6171875,84033.8671875,29617804112,0.004360934564412222,0.0371267567242105,84243.4671875,82524.226171875,84188.59984375,52.61687485737949,28960788139.0,1.022686398237734,0.012251570818499147,BTC-USD
2025-04-17,84030.671875,85449.0703125,83749.75,84895.75,21276866029,0.01025637449930672,0.037093403986365625,84165.1953125,82551.35625,84199.574375,53.00573501375995,28364549524.0,0.7501217677015134,0.003281138190074362,BTC-USD
2025-04-18,84900.1875,85095.046875,84298.8828125,84450.8046875,12728372364,-0.005241078764249063,0.03403316037810601,84318.3609375,82644.0171875,84194.5059375,51.027803720391255,25150827033.4,0.5060816627261152,0.03633004533057016,BTC-USD
2025-04-19,84450.8671875,85597.703125,84353.4609375,85063.4140625,15259300427,0.007254038339443714,0.022856316118455185,84422.565625,82780.46171875,84208.3140625,52.614902597325994,21384533163.4,0.7135671520347499,0.09849682915787916,BTC-USD
2025-04-20,85066.0703125,85306.3828125,83976.84375,85174.3046875,14664050812,0.0013036230231544543,0.018422862125075972,84723.628125,82911.73125,84191.161875,64.1326685206543,18709278748.8,0.7837849341434684,0.10008657797415621,BTC-USD
2025-04-21,85171.5390625,88460.09375,85143.8359375,87518.90625,41396190190,0.027527099529631727,0.014126338346222856,85420.6359375,83029.21796875,84056.57296875,65.96253468244205,21064955964.4,1.9651686079932946,0.07341145930968485,BTC-USD
2025-04-22,87521.875,93817.3828125,87084.53125,93441.890625,55899038456,0.06767662701452015,0.024082774566055277,87129.8640625,83577.026953125,84204.09734375,79.69907844090082,27989390449.8,1.9971509760549084,0.013683470726542746,BTC-USD
2025-04-23,93427.5859375,94535.734375,91962.9609375,93699.109375,41719568821,0.0027527134594511615,0.022166199242835544,88979.525,84106.841015625,84333.635625,74.33139163353611,33787629741.2,1.2347586717551822,0.010115574404305772,BTC-USD
2025-04-24,93692.3984375,94016.1953125,91696.7109375,93943.796875,31483175315,0.0026114175645013393,0.022348000967190865,90755.6015625,84611.840625,84400.0403125,85.51250977598747,37032404718.8,0.8501520642276071,-0.0020113422204066644,BTC-USD
2025-04-25,93954.25,95768.390625,92898.59375,94720.5,40915232364,0.008267742531563593,0.02113335838077617,92664.840625,85172.62578125,84495.21578125,82.97755011618604,42282641029.2,0.9676602825198247,0.002726442533559359,BTC-USD
2025-04-26,94714.6484375,95251.359375,93927.25,94646.9296875,17612825123,-0.0007767095032226168,0.02141851437486061,94090.4453125,85994.248046875,84653.3009375,80.49215767818612,37525968015.8,0.4693503207054982,-0.0038262268643652897,BTC-USD
2025-04-27,94660.90625,95301.203125,93665.3984375,93754.84375,18090367764,-0.00942540809771053,0.02249066221591009,94153.0359375,86720.2234375,84805.3059375,84.3966339443876,29964233877.4,0.6037320305941258,0.004826083985660645,BTC-USD
2025-04-28,93755.3046875,95598.4921875,92860.8046875,94978.75,32363449569,0.013054325526514532,0.02182989738111531,94408.9640625,87655.56328125,85092.86015625,84.7777572976187,28093010027.0,1.152010750642089,0.01593604819499106,BTC-USD
2025-04-29,94981.859375,95485.4140625,93796.6328125,94284.7890625,25806129921,-0.007306486319308303,0.022653501038533454,94477.1625,88241.105078125,85407.9159375,85.80388808962948,26957600948.2,0.9572858493820502,0.027844165279510058,BTC-USD
2025-04-30,94286.46875,95249.3203125,92979.640625,94207.3125,28344679831,-0.0008217291810309613,0.022759802829239298,94374.525,88970.163671875,85634.81796875,84.99029719964983,24443490441.6,1.1596003401691204,0.017880611709414795,BTC-USD
2025-05-01,94212.859375,97437.9609375,94153.6328125,96492.3359375,32875889623,0.02425526614507767,0.022507652544906383,94743.60625,89624.538671875,85890.2175,86.32864488623153,27496103341.6,1.1956563158991587,-0.022554738196095436,BTC-USD
2025-05-02,96494.96875,97905.8984375,96375.9453125,96910.0703125,26421924677,0.0043291974532626565,0.009816486034926136,95374.6515625,90205.68671875,86207.08484375,89.09781993663097,29162414724.2,0.9060266417195608,-0.022309504244793943,BTC-USD
2025-05-03,96904.6328125,96943.8828125,95821.2890625,95891.796875,15775154889,-0.010507405827035687,0.010803714831689914,95557.2609375,90816.027734375,86445.53875,83.13637661153473,25844755788.2,0.6103812710895299,0.00949695090902436,BTC-USD
2025-05-04,95877.1875,96318.921875,94173.4296875,94315.9765625,18198688416,-0.016433317174712747,0.01232721997919162,95563.4984375,91304.70703125,86644.99609375,75.67301675619746,24323267487.2,0.7482008091872101,0.028800462540935268,BTC-USD
2025-05-05,94319.5625,95193.1875,93566.265625,94748.0546875,25816260327,0.0045811763897039,0.012121301281157293,95671.646875,91858.66015625,86888.3634375,72.74529709480535,23817583586.4,1.0839160166416402,0.08964201194434152,BTC-USD
2025-05-06,94748.3828125,96889.1796875,93399.859375,96802.4765625,26551275827,0.02168299794413664,0.013893149125109475,95733.675,92497.090625,87142.89921875,63.9757001414611,22552660827.2,1.1773012519647972,0.06372125196629064,BTC-USD
2025-05-07,96800.1953125,97625.8046875,95829.3359375,97032.3203125,76983822462,0.0023743581586117557,0.013269886135890993,95758.125,93103.919140625,87429.175625,63.893489467154254,32665040384.2,2.3567649559446706,0.07898407239791316,BTC-USD
2025-05-08,97034.25,103969.5390625,96913.875,103241.4609375,69895404397,0.06399043746457878,0.02331200262109116,97228.0578125,94043.451953125,87756.9203125,75.88430913247075,43489090285.8,1.6071939867599887,0.008377433151818714,BTC-USD
2025-05-09,103239.125,104297.4921875,102343.09375,102970.8515625,58198593958,-0.002621130818400763,0.023001478232480894,98959.0328125,94938.823828125,88132.9934375,73.63463221289958,51489071394.2,1.130309644010317,-0.0015334284907234652,BTC-USD
2025-05-10,102973.7109375,104961.765625,102830.484375,104696.328125,42276713994,0.016756941758927724,0.022831501844049897,100948.6875,95914.925,88546.05515625,76.29926858958868,54781162127.6,0.7717381733437164,-0.00502897889954057,BTC-USD
2025-05-11,104701.0703125,104937.9921875,103364.7421875,104106.359375,46285517406,-0.005635047193781384,0.02283677093652125,102409.4640625,96744.29765625,88951.53265625,77.5251591480748,58728010443.4,0.788133584920408,-0.005445827862040731,BTC-USD
2025-05-12,104106.9609375,105747.453125,100814.40625,102812.953125,63250475404,-0.01242389281274392,0.02372127981768814,103565.590625,97212.85078125,89286.70421875,70.75479742724278,55981341031.8,1.1298492361601482,0.009061966140270883,BTC-USD
2025-05-13,102812.4921875,104997.421875,101515.09375,104169.8125,52608876410,0.013197358248725033,0.023043532811009255,103751.2609375,97736.3859375,89620.1221875,75.29933516620845,52524035434.4,1.0016152790793458,-0.006532827708603195,BTC-USD
2025-05-14,104167.328125,104303.5625,102618.296875,103539.4140625,45956071155,-0.006051642240404331,0.022003449417606607,103864.9734375,98216.166796875,89941.47640625,73.22683099744536,50075530873.8,0.9177350764551686,-0.0033642079989919527,BTC-USD
2025-05-15,103538.828125,104153.6171875,101440.8125,103744.640625,50408241840,0.00198211052629782,0.022084325887242812,103674.6359375,98667.373828125,90278.3515625,70.1349349401458,51701836443.0,0.9749797165439925,0.026038619163610388,BTC-USD
2025-05-16,103735.65625,104533.484375,103137.4765625,103489.2890625,44386499364,-0.0024613470244020386,0.021902237332514434,103551.221875,99109.491796875,90604.5953125,68.43241113640343,51322032834.6,0.8648624559952302,0.020455166367232103,BTC-USD
2025-05-17,103489.2890625,103716.9453125,102659.1796875,103191.0859375,37898552742,-0.0028814878109744146,0.02208548884920876,103626.8484375,99581.30390625,90981.3540625,71.30954721468677,46251648302.2,0.8193989648623469,0.03488673432684308,BTC-USD
2025-05-18,103186.953125,106597.171875,103142.6015625,106446.0078125,49887082058,0.03154266519659865,0.013329875327123797,104082.0875,100154.666796875,91458.3225,82.25058949233036,45707289431.8,1.0914469590772098,0.03036347138723272,BTC-USD
2025-05-19,106430.53125,107068.71875,102112.6875,105606.1796875,61761126647,-0.007889709931436006,0.013682361059463794,104495.440625,100720.736328125,91923.755625,78.25626954786391,48868300530.2,1.2638280025480402,0.05745025130587256,BTC-USD
2025-05-20,105605.40625,107307.1171875,104206.515625,106791.0859375,36515726122,0.011220046530480143,0.01314802082934053,105104.7296875,101349.925,92408.5990625,77.22561274248845,46089797386.6,0.79227352239601,0.0046512396904616615,BTC-USD
2025-05-21,106791.3125,110724.4609375,106127.234375,109678.078125,78086364051,0.027034018449719976,0.014957723055701677,106342.4875,102009.212109375,92898.7771875,80.1070990805996,52829770324.0,1.4780750242165297,-0.017204184348028728,BTC-USD
2025-05-22,109673.4921875,111970.171875,109285.0703125,111673.28125,70157575642,0.018191448638679386,0.014024909418177113,108038.9265625,102747.37265625,93482.52859375,75.11361092638106,59281574904.0,1.1834634244385795,-0.023621501897975294,BTC-USD
2025-05-23,111679.359375,111798.90625,106841.3046875,107287.796875,67548133399,-0.03927066820202352,0.02039403077087362,108207.284375,103317.17265625,93966.22796875,60.32652023838669,62813785172.2,1.0753711659601644,0.020063514912212588,BTC-USD
2025-05-24,107278.5078125,109454.5234375,106895.2890625,107791.15625,45903627163,0.004691674073487251,0.020137292044058185,108644.2796875,103990.931640625,94445.175,57.862832634790685,59642285275.4,0.769649032578793,0.011164963962430718,BTC-USD
2025-05-25,107802.2734375,109313.3046875,106683.375,109035.390625,47518041841,0.011543009819045436,0.020246126922778863,109093.140625,104705.2984375,94955.786875,62.119947748578454,61842748419.2,0.7683688557775566,-0.011308828197266751,BTC-USD
2025-05-26,109023.78125,110376.8828125,108735.640625,109440.3671875,45950461571,0.003714175371671846,0.020080933159851263,109045.5984375,105337.19296875,95580.30453125,67.04060655318168,55415567923.2,0.8291977018927675,-0.03470939903273518,BTC-USD
2025-05-27,109440.40625,110744.2109375,107609.5546875,108994.640625,57450176272,-0.004072780217708405,0.02014153131622185,108509.8703125,105935.308984375,96175.490625,63.0155838506594,52874088049.2,1.0865468964408784,-0.04583776123166605,BTC-USD
2025-05-28,108992.171875,109298.2890625,106812.9296875,107802.328125,49155377493,-0.010939184653144474,0.018490730324111974,108612.7765625,106163.35234375,96806.098125,61.16137377929218,49195536868.0,0.9991836784888077,-0.029352189605135193,BTC-USD
2025-05-29,107795.5703125,108910.046875,105374.3984375,105641.7578125,56022752042,-0.020041963379443528,0.019540257477298262,108182.896875,106296.89765625,97267.45421875,54.50577344493657,51219361843.8,1.0937807505850727,9.791345973586552e-05,BTC-USD
2025-05-30,105646.2109375,106308.9453125,103685.7890625,103998.5703125,57655287183,-0.015554336978341854,0.019697263068651275,107175.5328125,106262.009765625,97754.9028125,51.13476688433135,53246810912.2,1.082793245177993,0.018105642527988408,BTC-USD
2025-05-31,103994.71875,104927.1015625,103136.1171875,104638.09375,38997843858,0.006149348357177731,0.01716588808924823,106215.078125,106288.596484375,98179.56796875,53.175877752960645,51856287369.6,0.7520369435637987,0.007591642503521845,BTC-USD
2025-06-01,104637.296875,105884.546875,103826.953125,105652.1015625,37397056873,0.009690618169351017,0.016090897864623373,105546.5703125,106430.55390625,98586.8678125,48.06744359415174,47845663489.8,0.7816185239227064,-0.008708934076012587,BTC-USD
2025-06-02,105649.8125,105958.3125,103727.546875,105881.53125,45819706290,0.0021715582000447764,0.01090035837973348,105162.4109375,106516.13984375,99030.79890625,50.6907996733867,47178529249.2,0.9711982764019071,-0.040664108973206825,BTC-USD
2025-06-03,105888.4765625,106813.578125,104920.84375,105432.46875,46196508367,-0.004241178746647534,0.01072256285980034,105120.553125,106610.792578125,99448.60046875,46.46084138126968,45213280514.2,1.0217464391350946,-0.00988428908433392,BTC-USD
2025-06-04,105434.3671875,105997.6953125,104232.703125,104731.984375,44544857105,-0.0066439151364365845,0.009626853986554091,105267.2359375,106660.159765625,99869.8603125,35.45913398818908,42591194498.6,1.0458701060019395,0.008437161104825952,BTC-USD
2025-06-05,104750.78125,105936.6875,100436.8828125,101575.953125,57479298400,-0.030134359325224014,0.012222854935902194,104654.8078125,106564.49296875,100220.70203125,22.211825655306228,46287485407.0,1.2417891768064695,0.04152257677867599,BTC-USD
2025-06-06,101574.3671875,105376.7734375,101169.5703125,104390.34375,48856653697,0.027707252931573167,0.01654151657685179,104402.45625,106624.455859375,100610.59390625,41.27131018134542,48579404771.8,1.0057071289058062,0.05655463523176674,BTC-USD
2025-06-07,104390.6484375,105972.7578125,103987.3125,105615.625,38365033776,0.011737496074678777,0.017058777002825234,104349.275,106582.93671875,101033.8903125,43.719314706386506,47088470269.0,0.8147436847456277,0.04394813149096066,BTC-USD
2025-06-08,105617.5078125,106497.0625,105075.328125,105793.6484375,36626232328,0.0016855786016509722,0.015833251954306973,104421.5109375,106592.31015625,101448.495,40.02725457066841,45174415061.2,0.8107738036758338,0.027345465490861587,BTC-USD
2025-06-09,105793.0234375,110561.421875,105400.234375,110294.1015625,55903193732,0.04253991795791734,0.019597624150181826,105533.934375,106767.4609375,101950.8909375,52.09778369549942,47446082386.6,1.1782467786589796,-0.03957643077156281,BTC-USD
2025-06-10,110295.6875,110380.125,108367.7109375,110257.234375,54700101509,-0.0003342625487465778,0.01970154406894924,107270.190625,106796.41875,102405.6575,53.16604186387657,46890243008.4,1.1665561532534803,-0.03778677788007956,BTC-USD
2025-06-11,110261.796875,110384.21875,108086.328125,108686.625,50842662052,-0.014244955298426398,0.02056003872660889,108129.446875,106647.0859375,102710.5521875,52.17614990460239,47287444679.4,1.0751831146026964,-0.029573268559953902,BTC-USD
2025-06-12,108685.9140625,108780.6953125,105785.6875,105929.0546875,54843867968,-0.025371753999169577,0.022445446884166973,108192.1328125,106579.148828125,102955.15109375,50.68682273048175,50583211517.8,1.084230643376621,-0.003559280795172537,BTC-USD
2025-06-13,105924.59375,106182.546875,102822.0234375,106090.96875,69550440846,0.0015285141831733462,0.022390690446908054,108251.596875,106494.139453125,103198.09453125,55.383442137047254,57168053221.4,1.216596279335341,0.006652678081987995,BTC-USD
2025-06-14,106108.0859375,106203.7578125,104379.3671875,105472.40625,38007870453,-0.0058304915798971235,0.022361912474833726,107287.2578125,106315.990234375,103413.13265625,52.148884589009114,53588988565.6,0.7092477665719208,-0.008260824735853656,BTC-USD
2025-06-15,105464.84375,106157.1015625,104519.8828125,105552.0234375,36744307742,0.0007548627203146641,0.019551139288445495,106346.215625,106121.573046875,103631.23453125,49.72920089530708,49997829812.2,0.7349180530438544,-0.006335220213906645,BTC-USD
2025-06-16,105555.59375,108915.375,104997.625,106796.7578125,50366626945,0.011792615001237072,0.017994242393992152,105968.2421875,106011.67890625,103892.0728125,52.3475050507358,49902622790.8,1.0092981917232122,-0.019780270424583524,BTC-USD
2025-06-17,106794.1171875,107750.1953125,103396.53125,104601.1171875,55964092176,-0.020559056941174436,0.019007077546916804,105702.6546875,105851.618359375,104084.52015625,48.042974271565946,50126667632.4,1.1164534731574078,-0.012347053833898558,BTC-USD
2025-06-18,104602.0703125,105581.8515625,103602.265625,104883.328125,47318089133,0.0026979724986506692,0.019024499092482317,105461.1265625,105813.696875,104296.4909375,50.36342433824953,45680197289.8,1.035855621043163,-0.02503659944763026,BTC-USD
2025-06-19,104886.7734375,105250.890625,103940.7734375,104684.2890625,37333806920,-0.0018977187896134229,0.011505655685559502,105303.503125,105847.9828125,104506.03046875,58.69955468754441,45545384583.2,0.8197056027005436,-0.03531712801041886,BTC-USD
2025-06-20,104681.03125,106539.3828125,102372.2109375,103309.6015625,50951862476,-0.013131746055793259,0.011622066358299573,104855.01875,105781.558203125,104642.37578125,46.710111694722336,48386895530.0,1.0530095373531396,0.021955092660267406,BTC-USD
2025-06-21,103315.078125,104015.78125,100973.0625,102257.40625,38360555118,-0.010184874363913243,0.01138711706014023,103947.1484375,105611.8234375,104749.3225,39.66837029003899,45985681164.6,0.8341847754889873,0.037045987194692875,BTC-USD
2025-06-22,102212.03125,103351.6328125,98286.203125,100987.140625,65536997201,-0.012422235919953284,0.00952617154455819,103224.353125,105367.10390625,104851.229375,36.14389397854762,47900262169.6,1.3681970459567379,0.06311810739517121,BTC-USD
2025-06-23,100987.4765625,106116.859375,99705.75,105577.7734375,65237759656,0.04545759771084712,0.018568075065752202,103363.2421875,105374.369140625,105076.4653125,36.47418783288568,51484196274.2,1.2671414604308828,0.013092022283631932,BTC-USD
2025-06-24,105571.515625,106316.828125,104740.2421875,106045.6328125,48822986421,0.004431419225533917,0.018513937960070982,103635.5109375,105440.0515625,105302.416875,38.21305769793365,53782032174.4,0.9077936338047025,0.009833473075159693,BTC-USD
2025-06-25,106047.40625,108168.3984375,105881.390625,107361.2578125,51624120283,0.012406215749838134,0.018881186092765952,104445.8421875,105729.316796875,105513.5925,46.237008967012414,53916483735.8,0.9574830683686092,-0.0003125399998442635,BTC-USD
2025-06-26,107375.0703125,108305.546875,106666.3515625,106960.0,43891990613,-0.003737454466123835,0.018610088567910524,105386.3609375,105857.799609375,105712.14609375,53.37920855008059,55022770834.8,0.797705930600642,0.013328069488593774,BTC-USD
2025-06-27,106954.921875,107772.46875,106449.9921875,107088.4296875,45353692675,0.0012007263229245613,0.017111137274566205,106606.61875,105931.43984375,105789.08546875,53.27664676682799,50986109929.6,0.8895303591041352,0.00043801417330402437,BTC-USD
2025-06-28,107090.546875,107567.8828125,106883.9765625,107327.703125,30037708335,0.002234353778444831,0.017111115135637858,106956.6046875,106008.142578125,105876.2225,56.25038163759905,43946099665.4,0.6835124974389828,-0.015181745509845523,BTC-USD
2025-06-29,107327.8203125,108526.3046875,107230.109375,108385.5703125,35534874438,0.009856422495764683,0.017183928718992887,107424.5921875,105912.716015625,105950.00734375,58.9557435242014,41288477268.8,0.8606487036723981,0.004370969296319416,BTC-USD
2025-06-30,108383.4375,108798.7890625,106759.6484375,107135.3359375,42064804590,-0.011535062936840146,0.017017687719034925,107379.4078125,105756.62109375,106010.586875,51.06974232188733,39376614130.2,1.0682687051484776,0.02345295884885079,BTC-USD
2025-07-01,107144.3828125,107550.6796875,105270.2265625,105698.28125,44110692247,-0.013413452013053329,0.017339453984795083,107127.0640625,105607.20390625,106068.2934375,53.64103936212522,39420354457.0,1.1189826386547654,0.022101160585333623,BTC-USD
2025-07-02,105703.1015625,109763.65625,105157.3984375,108859.3203125,56248657737,0.02990624847553991,0.01818096345862211,107481.2421875,105753.7171875,106162.08359375,61.07798847114456,41599347469.4,1.3521524052360643,-0.0057702052814293525,BTC-USD
2025-07-03,108845.015625,110541.4609375,108605.796875,109647.9765625,50494742270,0.007244728772290987,0.012481100090289035,107945.296875,105931.567578125,106284.25484375,63.38998267642856,45690754256.4,1.1051413593796626,-0.003793104652167756,BTC-USD
2025-07-04,109635.65625,109751.984375,107296.3828125,108034.3359375,42616442656,-0.014716556343200904,0.013784354026077006,107875.05,106059.6640625,106370.04875,62.583164244493304,47107067900.0,0.9046719432096091,0.0024576966451999027,BTC-USD
2025-07-05,108015.8359375,108381.34375,107842.2734375,108231.1796875,30615537520,0.0018220480395592098,0.013289274108733564,108094.21875,106193.621875,106464.8865625,66.66912278605906,44817214486.0,0.6831200437404177,0.006644053516521531,BTC-USD
2025-07-06,108231.1875,109731.625,107847.015625,109232.0703125,36746020463,0.009247710575546852,0.013421038537729356,108800.9765625,106315.3875,106585.70625,73.35766148719563,43344280129.2,0.8477709251017205,0.01917462855924934,BTC-USD
2025-07-07,109235.328125,109710.25,107527.0546875,108299.8515625,45415696597,-0.008534295352390808,0.013846661839275718,108689.0828125,106500.32421875,106622.783125,59.728037327859525,41177687901.2,1.1029200256694476,0.07098210617642087,BTC-USD
2025-07-08,108298.2265625,109198.96875,107499.5546875,108950.2734375,44282204127,0.006005750382996888,0.013928742519480296,108549.5421875,106703.671484375,106689.665,60.24676414203049,39935180272.6,1.1088519902684038,0.07862962138332175,BTC-USD
2025-07-09,108950.2734375,111925.375,108357.6796875,111326.5546875,57927418065,0.021810695604753683,0.01517446864281627,109207.9859375,107035.784765625,106780.374375,63.014534612398364,42997375354.4,1.3472314900047075,0.054871651172062164,BTC-USD
2025-07-10,111329.1953125,116608.78125,110660.75,115987.203125,95911605728,0.041864660687494615,0.018587669894255667,110759.190625,107669.66484375,106906.556875,73.15439281042399,56056588996.0,1.7109782711688704,0.026976373067018056,BTC-USD
2025-07-11,115986.234375,118856.4765625,115245.6875,117516.9921875,86928361085,0.013189291760499877,0.016998532902165697,112416.175,108432.644140625,107023.43109375,74.95485208308563,66093057120.4,1.315241946315857,0.019849988449143874,BTC-USD
2025-07-12,117530.7109375,118219.8984375,116977.0234375,117435.2265625,45524560304,-0.0006957770402219454,0.0158920990664672,114243.25,109255.0484375,107226.3796875,74.37033342236853,66114829861.8,0.688568062553592,0.0029119110807693804,BTC-USD
2025-07-13,117432.203125,119449.5703125,117265.4375,119116.1171875,49021091807,0.014313342548076147,0.01602506710984744,116276.41875,109931.965625,107452.87890625,75.11788036258727,67062607397.8,0.7309750352565049,-0.0031700947270267843,BTC-USD
2025-07-14,119115.7890625,123091.609375,118959.1953125,119849.703125,181746419401,0.006158578325259345,0.01389250580537076,117981.0484375,110622.169140625,107669.16515625,80.49926592870982,91826407665.0,1.9792391319939806,-0.004671345530293691,BTC-USD
2025-07-15,119853.8515625,119935.5625,115765.6875,117777.1875,98321661181,-0.01729262210051885,0.016324137495161425,118339.0453125,111142.965625,107835.9015625,78.11769823695613,92308418755.6,1.0651429469431268,0.0019192092059423516,BTC-USD
2025-07-16,117777.1875,120065.515625,117064.8203125,118738.5078125,72162029070,0.00816219450392297,0.016323010729665216,118583.3484375,111731.891015625,108030.77890625,75.62100550618129,89355152352.6,0.8075866603108116,-0.006725124516984482,BTC-USD
2025-07-17,118738.5078125,120999.609375,117508.21875,119289.84375,72363841798,0.004643278306736054,0.015294720469966976,118954.271875,112341.96171875,108260.52921875,75.31717263718028,94723008651.4,0.7639521044386767,-0.016674132725569946,BTC-USD
2025-07-18,119284.109375,120851.9140625,116925.984375,118003.2265625,77945799785,-0.01078563897020779,0.016623506383092543,118731.69375,112875.737890625,108507.75859375,76.6332461712118,100507950247.0,0.7755187484517082,-0.004776882093994628,BTC-USD
2025-07-19,117998.125,118541.3984375,117388.4140625,117939.9765625,47564562765,-0.0005360022928398989,0.01607404147593853,118349.7484375,113353.458203125,108786.58671875,76.12485683869568,73671578919.8,0.6456297457229674,0.017427826932886914,BTC-USD
2025-07-20,117944.109375,118865.03125,116550.1328125,117300.7890625,57515447231,-0.00541960002562214,0.010201694656106881,118254.46875,113861.730859375,109039.840625,72.142686238979,65510336129.8,0.8779598858574135,0.012396948789706652,BTC-USD
2025-07-21,117306.46875,119671.5625,116584.3984375,117439.5390625,69820091744,0.0011828564931994912,0.009296842131161664,117994.675,114448.79375,109275.589375,76.22374330553481,65041948664.6,1.073462483481842,0.00790586326301801,BTC-USD
2025-07-22,117426.5,120269.96875,116233.2265625,119995.4140625,79217583118,0.02176332622218302,0.011555703958711801,118135.7890625,115005.5984375,109557.86703125,78.56726606726606,66412696928.6,1.1928078030495657,-0.01966351188030424,BTC-USD
2025-07-23,119997.4453125,120113.3515625,117391.390625,118754.9609375,66608604537,-0.010337504434577038,0.011315836921830849,118286.1359375,115460.94765625,109824.316875,70.41221320294743,64145257879.0,1.038402630832769,-0.006800505373624199,BTC-USD
2025-07-24,118770.984375,119535.453125,117247.96875,118368.0,72627318560,-0.0032584822936673197,0.011113653636710753,118371.740625,115977.630859375,110097.0371875,58.55030206716519,69157809038.0,1.0501680080711293,0.009128245704075333,BTC-USD
2025-07-25,118368.0,118486.9765625,114759.8203125,117635.8828125,104857024569,-0.006185093838706357,0.009803004296354818,118438.759375,116447.866015625,110418.23578125,50.452929607512594,78626124505.6,1.3336155791518345,0.0024532799270098327,BTC-USD
2025-07-26,117644.84375,118335.6875,117181.2265625,117947.3671875,48508954046,0.002647868724685587,0.009436272268049398,118540.325,116883.630859375,110689.37625,51.9175057741044,74363896966.0,0.6523186119223799,-0.00021381358992023092,BTC-USD
2025-07-27,117944.7265625,119815.59375,117859.6875,119448.4921875,54683390892,0.012727075099638885,0.010249303817877935,118430.940625,117441.062890625,110966.03359375,51.26142559118948,69457058520.8,0.787297821943096,-0.013539766453990021,BTC-USD
2025-07-28,119457.5234375,119819.7890625,117441.4375,117924.4765625,64822943193,-0.012758768211219684,0.01049979231517623,118264.84375,117889.773046875,111208.65015625,43.106962100025676,69099926252.0,0.938104375923611,-0.018370006809840467,BTC-USD
2025-07-29,117938.5859375,119273.8671875,116987.3671875,117922.1484375,68463107433,-1.9742508661990676e-05,0.010498228348950514,118175.6734375,118219.552734375,111361.21109375,50.60934479753201,68267084026.6,1.0028714190622763,-0.03902627759906485,BTC-USD
2025-07-30,117921.9921875,118780.7265625,115800.828125,117831.1875,68896148592,-0.0007713643170961237,0.010331503257542354,118214.734375,118311.751953125,111512.69015625,45.884967448096596,61074908831.2,1.1280597860967176,-0.04501587016170905,BTC-USD
2025-07-31,117833.6328125,118919.984375,115505.21875,115758.203125,69370346018,-0.017592832754910526,0.011795735481695113,117776.9015625,118223.8125,111654.12171875,35.9253553454694,65247187225.6,1.0631928971611249,-0.013308182128021429,BTC-USD
2025-08-01,115738.953125,116060.7734375,112724.4453125,113320.0859375,91294530181,-0.021062154747402473,0.010114620341541366,116551.2203125,118018.05546875,111801.94234375,32.90526289373031,72569415083.4,1.258030398565019,0.015458838214843729,BTC-USD
2025-08-02,113320.390625,114021.6015625,112005.765625,112526.9140625,56870866000,-0.006999393518263508,0.00999754344303654,115471.7078125,117688.5953125,111930.66125,31.24051022242631,70978999644.8,0.8012351017145734,0.014347956339611834,BTC-USD
2025-08-03,112525.8046875,114747.421875,111943.8046875,114217.671875,48099615826,0.015025363723748075,0.011907413550988974,114730.8125,117406.99375,112105.5665625,40.04103314701021,66906301323.4,0.7189101007617276,0.007094595010541216,BTC-USD
2025-08-04,114223.921875,115729.46875,114130.40625,115071.8828125,35783028986,0.007478798363486527,0.012341000418685556,114178.9515625,117271.728515625,112295.96375,42.689965381899015,60283677402.2,0.593577408147535,0.021073919759802218,BTC-USD
2025-08-05,115072.1875,115117.4375,112701.109375,114141.4453125,61039182286,-0.008085706753543476,0.012345804869748261,113855.6,117041.875390625,112442.8575,29.90967628460872,58617444655.8,1.0413142818562011,0.022316882732875687,BTC-USD
2025-08-06,114140.9140625,115737.8359375,113372.25,115028.0,56379133510,0.007767158415357134,0.01171826016296751,114197.1828125,116828.783203125,112651.39515625,36.89095484650318,51634365321.6,1.0918916725101129,0.012800008476197,BTC-USD
2025-08-07,115030.0546875,117676.90625,114279.7109375,117496.8984375,64051649681,0.021463456180234486,0.0136219119586217,115191.1796875,116803.466796875,112903.6665625,47.32744433583872,53070522057.8,1.206915764107997,0.015403465104763647,BTC-USD
2025-08-08,117505.5,117689.203125,115917.4609375,116688.7265625,59713005166,-0.0068782400705657,0.013779124393257436,115685.390625,116740.904296875,113143.7553125,47.10760521659799,55393199925.8,1.0779843960267044,0.017505707793510794,BTC-USD
2025-08-09,116678.2734375,117906.609375,116363.8359375,116500.359375,54004312429,-0.0016142706587778388,0.01378038300244491,115971.0859375,116700.8828125,113407.57046875,45.54769609613017,59037456614.4,0.9147465952289626,0.03152391026690782,BTC-USD
2025-08-10,116497.71875,119320.7109375,116485.1640625,119306.7578125,64755458694,0.02408918266480664,0.014505349938779739,117004.1484375,116794.24375,113748.5575,49.59632199540027,59780711896.0,1.0832165867588617,0.03383969828301714,BTC-USD
2025-08-11,119306.8125,122321.09375,118159.03125,118731.4453125,90528784177,-0.004822128356753663,0.012227586660147102,117744.8375,116731.0453125,114103.44359375,52.42965223879333,66610642029.4,1.359073886978048,-0.003132002533290601,BTC-USD
2025-08-12,118717.6640625,120302.46875,118228.71875,120172.90625,72803657984,0.012140515376580119,0.011670727019700745,118280.0390625,116801.942578125,114395.34625,56.23623565553456,68361043690.0,1.0649875141483522,-0.023088021868490016,BTC-USD
2025-08-13,120168.9765625,123682.453125,118939.6328125,123344.0625,90904808795,0.026388279596092357,0.013047981804297568,119611.10625,117050.745703125,114741.31484375,63.047607213859706,74599404415.8,1.2185728492994046,-0.04745028515255856,BTC-USD
2025-08-14,123339.3984375,124457.1171875,117254.8828125,118359.578125,104055627395,-0.040411222672351976,0.02007326333003635,119982.95,117086.93046875,114961.28125,55.411076443057716,84609667409.0,1.2298314197596234,-0.007658996756837233,BTC-USD
2025-08-15,118365.78125,119332.3125,116864.5703125,117398.3515625,68665353159,-0.008121240187970669,0.02007544750407353,119601.26875,117059.4796875,115170.04828125,59.03846513454383,85391646302.0,0.8041226060469073,-0.009761968948004185,BTC-USD
2025-08-16,117398.421875,117996.0625,117271.953125,117491.3515625,48036922378,0.0007921746665282559,0.020012490724158335,119353.25,116961.62265625,115378.10671875,61.35484479667893,76893273942.2,0.62472203243822,-0.03966395664893685,BTC-USD
2025-08-17,117492.7890625,118595.7734375,117279.5234375,117453.0625,45852169525,-0.00032588834829794244,0.018846730515825503,118809.28125,116938.051953125,115580.61390625,58.005234630521684,71502976250.4,0.641262391154571,-0.027060344318395324,BTC-USD
2025-08-18,117453.90625,117614.171875,114723.6796875,116252.3125,72787808090,-0.01022323279139703,0.019013756202687002,117390.93125,116854.56015625,115737.94875,52.87146181817629,67879576109.4,1.0723079350508835,-0.03297380643503334,BTC-USD
2025-08-19,116241.859375,116764.5,112730.3984375,112831.1796875,71657600353,-0.029428514056440758,0.021155637907235365,116285.2515625,116604.559765625,115851.865625,47.157183605861576,61399970701.0,1.167062451901674,0.03583146308668694,BTC-USD
2025-08-20,112828.0234375,114625.796875,112387.9609375,114274.7421875,67993811526,0.012794003430595335,0.019807669093516642,115660.5296875,116530.38671875,116023.39484375,48.40426429859755,61265662374.4,1.1098192509612264,0.009622300750377732,BTC-USD
2025-08-21,114275.6875,114802.6484375,111986.234375,112419.03125,57817883700,-0.01623902974513114,0.020178089691332227,114646.065625,116485.333984375,116094.5890625,38.95588757542237,63221854638.8,0.914523688530271,0.009245751595106322,BTC-USD
2025-08-22,112433.734375,117377.3984375,111678.9453125,116874.0859375,82528088240,0.03962900798880531,0.024269937703030278,114530.2703125,116702.692578125,116239.11125,50.34795019411063,70557038381.8,1.169664857436645,-0.05775218963945106,BTC-USD
2025-08-23,116866.3671875,116996.25,114536.109375,115374.328125,55377142586,-0.012832252765613172,0.02215732642596979,114354.6734375,116760.525390625,116385.91109375,47.98543799238187,67074905281.0,0.825601502588874,-0.03095724961561941,BTC-USD
2025-08-24,115387.390625,115615.0859375,111060.546875,113458.4296875,73961489632,-0.016605933647771742,0.01918041865380196,114480.1234375,116679.852734375,116490.45609375,39.192497264146304,67535683136.8,1.0951468349284912,-0.019710894938874568,BTC-USD
2025-08-25,113456.8984375,113637.84375,109324.28125,110124.3515625,85706860190,-0.029385900493979156,0.020792229825976997,113650.0453125,116478.998046875,116508.30171875,35.5661053686309,71078292869.6,1.205809210235782,0.021979272437543385,BTC-USD
2025-08-26,110124.1015625,112397.015625,108762.0390625,111802.65625,69396320317,0.015240086898922645,0.021807898546155457,113526.7703125,116317.730859375,116578.3578125,36.073910470979335,73393980193.0,0.9455315018277033,-0.030337564654238758,BTC-USD
2025-08-27,111795.7109375,112619.4140625,110398.265625,111222.0625,62137056409,-0.005193022862549412,0.021752735847989802,112396.365625,116003.9890625,116623.79359375,27.92937701060221,69315773826.8,0.8964345772761979,-0.02170425663073816,BTC-USD
2025-08-28,111219.0546875,113450.078125,110900.921875,112544.8046875,58860155962,0.01189280397942638,0.02230529476775607,111830.4609375,115796.79296875,116648.15859375,37.78414154613968,70012376502.0,0.8407107272000484,-0.03827892155450585,BTC-USD
2025-08-29,112550.5234375,112619.0546875,107559.625,108410.8359375,77843379644,-0.036731759955323295,0.023360886222801542,110820.9421875,115392.316796875,116496.63125,33.339695828327336,70788754504.4,1.0996574270728483,0.007746068972147135,BTC-USD
2025-08-30,108409.40625,108929.3515625,107444.4453125,108808.0703125,51486264208,0.003664157476186425,0.022814794152417904,110557.6859375,114867.382421875,116322.4528125,34.08319027021888,63944635308.0,0.8051694088176096,0.02198840231362098,BTC-USD
2025-08-31,108818.4609375,109491.0,108104.65625,108236.7109375,47986191770,-0.00525107534173741,0.02245675241877302,109844.496875,114342.645703125,116138.4825,33.429877076685415,59662609598.6,0.8042925392107892,0.03221180660241263,BTC-USD
2025-09-01,108228.75,109890.5859375,107271.1796875,109250.59375,66870372995,0.009367272930950854,0.01747746584348329,109450.203125,113796.530078125,115941.17203125,37.32641736759639,60609272915.8,1.1033026759436313,0.013482835762620216,BTC-USD
2025-09-02,109243.0703125,111748.015625,108454.03125,111200.5859375,74776999491,0.017848801737061493,0.01889420218230197,109181.359375,113189.35625,115768.1896875,46.88248512161707,63792641621.6,1.1721884780153191,-0.004942434051641631,BTC-USD
2025-09-03,111190.6953125,112600.2265625,110582.9609375,111723.2109375,61119643565,0.004699840343410866,0.018450097298498978,109843.834375,112857.537890625,115647.11015625,44.94369880548453,60447894405.8,1.0111128628350625,-0.013412751141195667,BTC-USD
2025-09-04,111718.1484375,112208.328125,109347.2265625,110723.6015625,60131132901,-0.008947195185422974,0.015968761826502965,110226.940625,112523.800390625,115486.81203125,46.52221000361216,62176868144.4,0.9670981298278168,0.004010126285039384,BTC-USD
2025-09-05,110723.015625,113357.4921875,110233.3984375,110650.984375,60241647677,-0.0006558419928113235,0.015124904264758657,110709.7953125,112181.78203125,115314.03484375,34.43653746432773,64627959325.8,0.9321298135581243,0.012837168331788718,BTC-USD
2025-09-06,110650.5703125,111275.015625,110024.0859375,110224.6953125,21500719036,-0.0038525555367432407,0.015088827568239345,110904.615625,111820.363671875,115158.46421875,36.39045496533984,55554028534.0,0.38702358052829955,0.0118471777925786,BTC-USD
2025-09-07,110221.328125,111591.078125,110211.625,111167.6171875,24618007520,0.008554542812086785,0.01481126919179125,110898.021875,111566.12890625,115023.01703125,43.6175621953789,45522230139.8,0.5407908936885876,0.025076926698879287,BTC-USD
2025-09-08,111163.015625,112869.234375,110630.609375,112071.4296875,40212813407,0.008130177859939192,0.008106264384243804,110967.665625,111528.14140625,114918.42984375,56.274439311958155,41340864108.2,0.9727134222872654,0.030659994117869793,BTC-USD
2025-09-09,112077.578125,113225.4375,110776.703125,111530.546875,45984480722,-0.004826232823193166,0.008505199827053327,111129.0546875,111390.931640625,114800.25,49.05376505336732,38511533672.4,1.1940443897448734,0.04098456770881853,BTC-USD
2025-09-10,111531.25,114275.25,110940.078125,113955.359375,56377473784,0.02174124101370767,0.009932929665203592,111789.9296875,111467.748046875,114679.44890625,58.42427108535853,37738698893.8,1.4938902356610422,0.017508158005403063,BTC-USD
2025-09-11,113961.4296875,115522.546875,113453.8359375,115507.5390625,45685065332,0.013620945043858246,0.010217922800012299,112846.4984375,111399.420703125,114614.50046875,59.004074306228276,42575568153.0,1.0730347782518292,-0.000864729811670184,BTC-USD
2025-09-12,115507.7890625,116769.3828125,114794.484375,116101.578125,54785725894,0.005142859655061782,0.009276508466429289,113833.290625,111435.783203125,114569.17203125,79.78078001220982,48609111827.8,1.1270670011021995,-0.005656280781067169,BTC-USD
2025-09-13,116093.5625,116334.6328125,115248.2734375,115950.5078125,34549454947,-0.0013011908618274504,0.009444717370894497,114609.10625,111560.387109375,114535.46453125,78.1951075089745,47476440135.8,0.7277178922466787,0.0076987992923973625,BTC-USD
2025-09-14,115950.2890625,116181.5,115222.3984375,115407.65625,32798036057,-0.004681752350561785,0.008886877908341922,115384.528125,111824.55234375,114484.6703125,78.37149969924783,44839151202.8,0.731459788537476,0.009192211305304898,BTC-USD
2025-09-15,115399.6328125,116747.8828125,114461.0625,115444.875,52937859416,0.0003224981011604733,0.008832858496546863,115682.43125,112006.66328125,114404.59796875,76.55999807047846,44151228329.2,1.1990121547986208,0.01465918798907273,BTC-USD
2025-09-16,115423.7578125,117005.2734375,114813.09375,116843.1875,45781744593,0.012112382641498831,0.008639270707346571,115949.5609375,112287.71953125,114382.9721875,75.39597871423217,44170564181.4,1.0364763376121526,-0.009879293347761497,BTC-USD
2025-09-17,116840.5078125,117328.609375,114794.9765625,116468.5078125,60528025996,-0.0032066883445814875,0.009026820819685548,116022.946875,112483.9046875,114353.899375,71.6456908754239,45319024201.8,1.3355986158588984,-0.006409860390774846,BTC-USD
2025-09-18,116461.265625,117911.7890625,116188.796875,117137.203125,49457272032,0.005741425944741474,0.008957462403694822,116260.2859375,112920.223046875,114340.0196875,80.16637159556666,48300587618.8,1.0239476261102418,-0.01563217599660438,BTC-USD
2025-09-19,117137.671875,117479.7578125,115141.8203125,115688.859375,38828473971,-0.012364506846338497,0.010074011011847316,116316.5265625,113264.2625,114338.6328125,70.98046437295596,49506675201.6,0.7843078496563047,-0.025416030362690245,BTC-USD
2025-09-20,115691.125,116191.1484375,115473.5234375,115721.9609375,22864449614,0.0002861257573012477,0.007846111010894103,116371.94375,113638.525,114386.6703125,73.66874454238072,43491993241.2,0.5257162964961672,-0.032037660850755545,BTC-USD
2025-09-21,115730.2265625,115901.0859375,115252.578125,115306.09375,22495852193,-0.003593675600818802,0.00671450348047373,116064.525,113941.3,114442.25390625,68.66555178996907,38834814761.2,0.5792702329425217,-0.017149665496321576,BTC-USD
2025-09-22,115309.21875,115431.3125,112037.6484375,112748.5078125,70684158591,-0.02218083931492132,0.009358381310724308,115320.525,114018.69609375,114412.870625,52.6573674443819,40866041280.2,1.7296551458544915,-0.03280946969295395,BTC-USD
2025-09-23,112757.4765625,113351.9140625,111535.5703125,112014.5,47211853279,-0.00651013327573835,0.009405179659609044,114295.984375,114033.260546875,114351.72296875,51.87103493186517,40416957529.6,1.1681199220506306,-0.0205479815113222,BTC-USD
2025-09-24,112007.6640625,113986.2734375,111229.640625,113328.6328125,48044595085,0.011731809832655538,0.010523791335699544,113823.9390625,114163.512109375,114335.46671875,47.34934018491608,42260181752.4,1.1368762057506177,-0.03217798899977353,BTC-USD
2025-09-25,113330.1640625,113541.0859375,108713.3984375,109049.2890625,75528654284,-0.03776048156409062,0.015430665739424629,112489.4046875,114083.42734375,114215.8925,27.80555698747358,52793022686.4,1.4306559927938531,0.02818314166852165,BTC-USD
2025-09-26,109041.296875,110359.1953125,108728.9765625,109712.828125,57738288949,0.0060847628462732395,0.01476643673392426,111370.7515625,114057.833984375,114060.21109375,28.148781530568627,59841510037.6,0.9648534756680022,0.04272567545300432,BTC-USD
2025-09-27,109707.140625,109778.5,109144.296875,109681.9453125,26308042910,-0.0002814877077529365,0.014860495003543871,110757.4390625,113983.550390625,113920.07546875,28.382124089888222,50966286901.4,0.5161851982840315,0.039880224703686906,BTC-USD
2025-09-28,109681.9453125,112375.484375,109236.9453125,112122.640625,33371048505,0.02225248016477188,0.01705149526683429,110779.0671875,113986.1109375,113832.52109375,39.982513317514325,48198125946.6,0.6923723246412669,0.058206701395193905,BTC-USD
2025-09-29,112117.875,114473.5703125,111589.953125,114400.3828125,60000147466,0.02031473906432546,0.01839836060335002,110993.4171875,114129.602734375,113734.39359375,47.19778900008258,50589236422.8,1.18602595549275,0.05490256977805941,BTC-USD
2025-09-30,114396.5234375,114836.6171875,112740.5625,114056.0859375,58986330258,-0.003009577997342028,0.01840296309810229,111994.7765625,114134.6390625,113640.88640625,42.07440372911735,47280771617.6,1.24757545699704,0.07198603428316064,BTC-USD
2025-10-01,114057.59375,118648.9296875,113981.3984375,118648.9296875,71328680132,0.04026829179914837,0.02255334081994234,113781.996875,114291.70859375,113610.406875,55.000720291212666,49998849854.2,1.4266064187476155,0.031829195677926636,BTC-USD
2025-10-02,118652.3828125,121086.40625,118383.15625,120681.2578125,71415163912,0.017128920845327356,0.02103371289459566,115981.859375,114520.692578125,113557.15078125,57.649684679990415,59020274054.6,1.2100107133683151,0.023468588257510303,BTC-USD
2025-10-03,120656.984375,123944.703125,119344.3125,122266.53125,83941392228,0.013136036748664148,0.02054107531003246,118010.6375,114836.49375,113635.28984375,64.11418187426449,69134342799.2,1.2141779154798207,0.020332628844412337,BTC-USD
2025-10-04,122267.46875,122857.640625,121577.5703125,122425.4296875,36769171735,0.001299606980548873,0.020650777540865018,119615.646875,115187.382421875,113735.83140625,64.30687575198952,64488147653.0,0.5701694508710159,-0.00795624632469194,BTC-USD
2025-10-05,122419.671875,125559.2109375,122191.9609375,123513.4765625,73689317763,0.008887425412982486,0.013049230721461812,121507.125,115590.8125,113856.27390625,67.02803565020321,67428745154.0,1.0928472359184724,-0.001284146308680234,BTC-USD
2025-10-06,123510.453125,126198.0703125,123196.046875,124752.53125,72568881188,0.010031736794915869,0.012888700929201585,122727.8453125,115986.2796875,114002.26328125,76.34646888746455,67676785365.2,1.0722861731153615,-0.024423915747200486,BTC-USD
2025-10-07,124752.140625,125184.0234375,120681.96875,121451.3828125,76149412513,-0.026461574802715715,0.0176619279448648,122881.8703125,116235.4234375,114106.2446875,68.61448332338338,68623635085.4,1.1096674260731656,-0.06782150548023425,BTC-USD
2025-10-08,121448.3515625,124167.09375,121119.1796875,123354.8671875,65354305286,0.01567280940669602,0.017289320418166526,123099.5375,116546.306640625,114316.7184375,69.32762250716112,64906217697.0,1.0069036157844198,-0.10171454650369427,BTC-USD
2025-10-09,123337.0703125,123739.34375,119812.03125,121705.5859375,74653009425,-0.013370216251727518,0.018251904863000677,122955.56875,116847.14296875,114465.3353125,77.15067765829289,72482985235.0,1.0299383942723175,-0.05370189266297409,BTC-USD
2025-10-10,121704.7421875,122509.6640625,104582.4140625,113214.3671875,153125018868,-0.06976852117831744,0.030294947365404636,120895.746875,116721.76328125,114481.24203125,55.623120438711716,88370125456.0,1.7327690560340083,0.018166518866759906,BTC-USD
2025-10-11,113236.4296875,113429.7265625,109760.5625,110807.8828125,110236934340,-0.02125599811033263,0.02722894486583514,118106.8171875,116496.852734375,114359.91796875,51.67996228827369,95903736086.4,1.1494540133523805,0.020853942800352243,BTC-USD
2025-10-12,110811.515625,115805.0625,109715.5390625,115169.765625,93710414091,0.03936437283871608,0.03012414512963503,116850.49375,116617.915625,114355.82671875,54.299963795070404,99415936402.0,0.9426095803400266,-0.038088134838991095,BTC-USD
2025-10-13,115161.6796875,116020.484375,113821.1875,115271.078125,71582026739,0.000879679657679322,0.029582806652288608,115233.7359375,116780.74453125,114392.0796875,51.309097563823336,100661480692.6,0.7111163699011857,-0.061464151960277325,BTC-USD
2025-10-14,115264.8828125,115502.8828125,110029.484375,113118.6640625,92212917403,-0.01867262888064536,0.029748561595146,113516.3515625,116770.24609375,114451.9659375,48.66325768969397,104173462288.2,0.8851862593170737,-0.0587955582318872,BTC-USD
2025-10-15,113113.96875,113622.3828125,110235.8359375,110783.1640625,72574132855,-0.02064646024028005,0.029408356332882565,113030.1109375,116856.93984375,114431.57609375,38.011816508343244,88063285085.6,0.8241133950937203,-0.03235959604365091,BTC-USD
2025-10-16,110782.171875,111990.8125,107537.03125,108186.0390625,87306423067,-0.023443318504017374,0.028718477835307035,112505.7421875,116780.600390625,114370.855625,31.27839749184362,83477182831.0,1.045871699381043,0.004443012048183981,BTC-USD
2025-10-17,108179.1328125,109235.8046875,103598.4296875,106467.7890625,99703051669,-0.01588236351834038,0.028392011175396536,110765.346875,116619.892578125,114249.3153125,26.4226744626649,84675710346.6,1.177469326928456,0.03870786330108489,BTC-USD
2025-10-18,106483.734375,107490.984375,106387.453125,107198.265625,37779905278,0.006861009972426446,0.027537030743666403,109150.784375,116373.673828125,114225.06390625,27.656844702519905,77915286054.4,0.48488438137315304,0.011927664991081777,BTC-USD
2025-10-19,107204.3125,109488.9921875,106157.7890625,108666.7109375,47657008953,0.013698405510000455,0.028860039218148444,108260.39375,116086.990234375,114222.23671875,28.455520139090112,69004104364.4,0.6906402074481065,-0.009001146639678548,BTC-USD
2025-10-20,108667.4453125,111711.03125,107485.015625,110588.9296875,63507793085,0.01768912239467313,0.021293507081019625,108221.546875,115913.632421875,114269.28109375,29.846461276933297,67190836410.4,0.9451853329685604,-0.004694892395352368,BTC-USD
2025-10-21,110587.6328125,113996.34375,107534.75,108476.890625,101194375480,-0.019098105646452646,0.021088213763161355,108279.7171875,115405.03046875,114253.80703125,30.89183883439337,69968426893.0,1.4462862747329253,0.023572128913978085,BTC-USD
2025-10-22,108491.53125,109115.1328125,106778.0,107688.5859375,80807013218,-0.007267028792566799,0.015306818984017301,108523.8765625,114755.396875,114183.56703125,26.143895819860404,66189219202.8,1.2208485640299203,0.036709003007006746,BTC-USD
2025-10-23,107679.4375,111288.59375,107548.4296875,110069.7265625,54944076060,0.022111355667553845,0.017737292491449515,109098.16875,114145.556640625,114150.49734375,32.66761347238436,69622053359.2,0.7891763228603423,0.039999361200375505,BTC-USD
2025-10-24,110069.3515625,111842.53125,109770.1484375,111033.921875,48160816980,0.008759859251149305,0.017414202421146777,109571.6109375,113575.98125,114156.70375,45.813243134830024,69722814964.6,0.6907468811242409,0.02778796063308908,BTC-USD
2025-10-25,111032.6171875,111947.703125,110704.40625,111641.7265625,24707667305,0.005474045023684315,0.016175072960125696,109782.1703125,112982.39375,114176.51859375,51.71989601857898,61962789808.6,0.3987500785765258,0.011773711679961663,BTC-USD
2025-10-26,111639.0546875,115260.90625,111268.484375,114472.4453125,41708524143,0.025355383127430242,0.015358606071624314,110981.28125,112468.389453125,114261.47359375,48.46472480909899,50065619541.2,0.8330771600394803,-0.03858693341390218,BTC-USD
2025-10-27,114479.8515625,116273.3125,113882.2890625,114119.328125,61761358733,-0.0030847352525406047,0.0138089354246297,112267.4296875,112101.78671875,114320.5078125,47.492024780341225,46256488644.2,1.335193408389941,-0.05094475533217213,BTC-USD
2025-10-28,114129.0859375,116078.984375,112291.6796875,112956.1640625,64528066504,-0.01019252462848308,0.014848735685210156,112844.7171875,111581.8515625,114338.2025,49.63021959267265,48173286733.0,1.3394989397681378,-0.03010017229443751,BTC-USD
2025-10-29,112921.328125,113642.7265625,109368.71875,110055.3046875,62192043469,-0.025681284408657135,0.017391269339076962,112648.99375,110999.3375,114308.69765625,48.38525176040592,50979532030.8,1.219941435151382,7.915054639795471e-05,BTC-USD
2025-10-30,110059.1953125,111612.3515625,106376.6875,108305.546875,69673964814,-0.015898895718551742,0.017138815517641938,111981.7578125,110753.896484375,114195.70140625,50.27548432618986,59972791532.6,1.1617595751921377,0.021550864127890534,BTC-USD
2025-10-31,108304.4140625,111031.8203125,108288.2734375,109556.1640625,60090359560,0.011547120379193476,0.016458659112339707,110998.5015625,110691.310546875,114076.67390625,57.27605772961496,63649158616.0,0.944087256872153,-0.027462084408902965,BTC-USD
2025-11-01,109558.625,110574.8984375,109372.953125,110064.015625,25871668762,0.004635536182247879,0.01621391505760106,110187.4390625,110436.023046875,113955.92265625,56.823138134619036,56471220621.8,0.45813900385239004,-0.07698694381976856,BTC-USD
2025-11-02,110064.4296875,111167.3125,109523.453125,110639.625,34284209459,0.005229768982454308,0.014733565683511222,109724.13125,110204.450390625,113849.705,54.905940638298944,50422449212.8,0.6799393919622765,-0.06098890033746951,BTC-USD
2025-11-03,110646.90625,110764.9140625,105336.359375,106547.5234375,72852006359,-0.03698585893164408,0.018534856079559774,109022.575,109875.893359375,113672.50234375,40.92930998929683,52554441790.8,1.386219772802405,-0.049238445021928645,BTC-USD
2025-11-04,106541.421875,107264.8828125,98962.0625,101590.5234375,110967184773,-0.046523840630681046,0.022470114205186586,107679.5703125,109416.261328125,113395.4153125,36.294282301508844,60813085782.6,1.82472544099629,0.017539852657578292,BTC-USD
2025-11-05,101579.234375,104534.703125,98989.9140625,103891.8359375,77584934804,0.02265282648549194,0.02202061793594088,106546.7046875,109201.551171875,113136.38828125,42.87269689603064,64312000831.4,1.2063834712186339,-0.015494179455721513,BTC-USD
2025-11-06,103893.6640625,104147.3046875,100336.8671875,101301.2890625,63932752861,-0.02493503798083263,0.02240178694508505,104794.159375,108943.226171875,112833.04390625,33.66818815197158,71924217651.2,0.8888904870824595,0.03374440339442253,BTC-USD
2025-11-07,101286.2421875,104052.9140625,99257.0546875,103372.40625,92168030081,0.020445121741957006,0.024604731655046466,103340.715625,108751.933203125,112557.74796875,36.295021356687705,83500981775.6,1.1037957652844341,0.025385763911246917,BTC-USD
2025-11-08,103371.703125,103373.5625,101458.0390625,102282.1171875,51446691095,-0.010547196317199026,0.0238890565961454,102487.634375,108432.703515625,112289.613125,33.541554473617694,79219918722.8,0.6494161055001602,0.0069939064830721875,BTC-USD
2025-11-09,102278.984375,105418.3671875,101468.875,104719.640625,59679243013,0.02383137448193029,0.0255010679913745,103113.4578125,108139.2390625,112069.56671875,32.60965928356241,68962330370.8,0.8653890129888847,-0.029187009301771094,BTC-USD
2025-11-10,104723.7734375,106564.6953125,104350.6484375,105996.59375,69585887229,0.012194017448672767,0.02554303981357542,103534.409375,108015.22421875,111883.37671875,35.978219179486246,67362520855.8,1.0330059853009281,-0.05942739610441494,BTC-USD
2025-11-11,105996.859375,107428.2578125,102457.328125,102997.46875,71130078574,-0.028294541304540788,0.02655199028863434,103873.6453125,107780.668359375,111688.3559375,33.833635384789034,68801985998.4,1.033837578113721,-0.08349408768844135,BTC-USD
2025-11-12,103011.4375,105297.234375,100836.6171875,101663.1875,64347179408,-0.012954505253314763,0.0262965906474505,103531.8015625,107360.34140625,111481.3296875,35.646691322175016,63237815863.8,1.0175427239073107,-0.06014014721405425,BTC-USD
2025-11-13,101674.1484375,104005.4921875,97988.71875,99697.4921875,101546815416,-0.01933536967351135,0.024686249224849306,103014.8765625,106793.519921875,111208.706875,35.38531776423142,73257840728.0,1.386156272241691,-0.05537164417453766,BTC-USD
2025-11-14,99694.703125,99804.4296875,94000.734375,94397.7890625,114346441890,-0.053157837862490065,0.025943050693499396,100950.50625,105931.323046875,110915.676875,27.374958196183385,84191280503.4,1.3581744000838925,-0.024406440928130158,BTC-USD
2025-11-15,94420.46875,96728.46875,94420.46875,95549.1484375,38500716654,0.012196889211437911,0.02480023111012672,98861.0171875,104985.158203125,110632.40328125,28.743768956273726,77974246388.4,0.49376195907329273,-0.027213988612372342,BTC-USD
2025-11-16,95556.8671875,96564.1875,92971.1640625,94177.078125,71086235862,-0.01435983820826503,0.024219161311629628,97096.9390625,103988.045703125,110322.3059375,26.441068627937653,77965477846.0,0.9117655381066463,-0.0287871103189421,BTC-USD
2025-11-17,94180.875,95928.3671875,91214.7578125,92093.875,94186165724,-0.02212006537551514,0.022542469383751096,95183.0765625,102944.93125,109921.730625,28.054100258999696,83933275109.2,1.122155254890991,-0.0593087929300401,BTC-USD
2025-11-18,92094.53125,93745.078125,89300.4609375,92948.875,101333569062,0.009284005043766586,0.023465049212438957,93833.353125,102089.609765625,109492.70046875,35.011803500643765,83890625838.4,1.207924819361828,-0.08454311577197682,BTC-USD
2025-11-19,92946.1640625,92946.1640625,88526.828125,91465.9921875,80350354656,-0.015953746750565823,0.02040162415081101,93246.99375,101247.63203125,109040.89859375,27.81871714313766,77091408391.6,1.042273793310995,-0.07453735152759555,BTC-USD
2025-11-20,91459.3515625,93025.0703125,86040.796875,86631.8984375,97970645638,-0.05285126891851111,0.02171481073082497,91463.54375,100101.41875,108400.55796875,25.755715673550043,88985394188.4,1.1009744523980691,0.001998217494043386,BTC-USD
2025-11-21,86528.7734375,87380.8046875,80659.8125,85090.6875,129157506112,-0.017790340109098413,0.021508890996684252,89646.265625,98852.75234375,107688.7465625,19.246915702437633,100599648238.4,1.2838763193875578,0.03737042317351125,BTC-USD
2025-11-22,85098.5625,85503.0078125,83490.8984375,84648.359375,40793099246,-0.0051983141515926645,0.021875978100876027,88157.1625,97553.1890625,106936.383125,19.67584313967845,89921034942.8,0.45365469016175186,0.03182024164304731,BTC-USD
2025-11-23,84648.609375,88038.46875,84641.7734375,86805.0078125,58083435576,0.025477734635657168,0.02579477595693576,86928.3890625,96566.06328125,106223.9746875,18.892325290453414,81271008245.6,0.7146882612859011,0.0427781699302523,BTC-USD
2025-11-24,86798.7734375,89206.3359375,85272.1953125,88270.5625,74433896110,0.01688329653360121,0.02319188883838082,86289.303125,95900.065234375,105519.11640625,19.42011577845321,80087716536.4,0.9294046494154903,0.03415422327233952,BTC-USD
2025-11-25,88269.9609375,88457.3359375,86131.4296875,87341.890625,64837343545,-0.010520742688141405,0.022256932299831673,86431.3015625,95072.56796875,104770.90359375,20.91414776827625,73461056117.8,0.8826083774378186,0.040958295892166596,BTC-USD
2025-11-26,87345.5859375,90581.15625,86316.8984375,90518.3671875,66496301869,0.03636830551491177,0.02625015935363138,87516.8375,94533.421875,104152.24328125,30.62100560583835,60928815269.2,1.091376905577457,0.0036831268101578107,BTC-USD
2025-11-27,90517.765625,91897.578125,90089.515625,91285.375,57040622845,0.008473504729832548,0.0256328665951453,88844.240625,93929.0703125,103510.8534375,34.73644071280437,64178319989.0,0.8887833594705598,-0.009761284324022346,BTC-USD
2025-11-28,91285.3828125,92969.0859375,90257.1171875,90919.265625,60895830289,-0.004010602738938163,0.025408041449602733,89667.0921875,93360.927734375,102895.12703125,42.31184568816812,64740798931.6,0.9406098054696191,-0.05056898866147219,BTC-USD
2025-11-29,90918.7421875,91187.6171875,90260.1875,90851.7578125,37921773455,-0.0007425028351905061,0.024924736985314,90183.33125,92667.53359375,102447.87484375,39.09549714504588,57438374400.6,0.6602166905093309,0.005486358486631593,BTC-USD
2025-11-30,90838.2109375,91965.046875,90394.3125,90394.3125,38497902869,-0.005035073877646679,0.01710113795602383,90793.815625,91887.41953125,102039.6034375,40.829276977449815,52170486265.4,0.7379249385017176,0.03466470512179631,BTC-USD
2025-12-01,90389.109375,90398.15625,83862.25,86321.5703125,87962894424,-0.045055292472078956,0.022387001888856794,89954.45625,91053.624609375,101462.63953125,37.237139715278815,56463804776.4,1.5578633918195604,0.06742294731699539,BTC-USD
2025-12-02,86322.5390625,92316.6328125,86202.1953125,91350.203125,78546798211,0.05825464938016567,0.02840848679548549,89967.421875,90537.975390625,100984.22203125,47.01599054589743,60765039849.6,1.2926313947199206,-0.02148265953842121,BTC-USD
2025-12-03,91345.09375,94060.7734375,91056.390625,93527.8046875,77650204986,0.023837949867722363,0.028300982015285324,90489.1296875,90229.491015625,100592.40484375,53.75120106888024,64115914789.0,1.2110909630087974,-0.04549908662689628,BTC-USD
2025-12-04,93454.2578125,94038.2421875,90976.1015625,92141.625,64538402681,-0.014821043775501641,0.02894453431924712,90747.103125,90116.6828125,100219.5740625,61.462302774668956,69439240634.2,0.9294226447691559,-0.018840392439356313,BTC-USD
2025-12-05,92133.6484375,92702.640625,88152.140625,89387.7578125,63256398633,-0.029887330373216225,0.0306706680862461,90545.7921875,89808.61328125,99843.6084375,58.51013758874509,74390939787.0,0.850323961682955,0.01401137407571107,BTC-USD
2025-12-06,89389.359375,90267.4609375,88951.6640625,89272.375,37994042405,-0.0012908122468182626,0.02830320201550089,91135.953125,89563.378125,99499.70015625,59.27778394338343,64397169383.2,0.5899955350353012,0.03830228486135834,BTC-USD
2025-12-07,89277.8125,91740.84375,87799.5625,90405.640625,47394898960,0.012694471554050235,0.028491488529223667,90947.040625,89478.96640625,99163.84765625,57.53382514724176,58166789533.0,0.8148102953681372,0.017867299831436867,BTC-USD
2025-12-08,90424.5859375,92267.1171875,89644.890625,90640.203125,57394099056,0.0025945560296725123,0.02848033993500629,90369.5203125,89363.5328125,98803.3175,55.22742830670852,54115568347.0,1.0605838727956693,0.020643519630241247,BTC-USD
2025-12-09,90639.703125,94601.5703125,89586.9765625,92691.7109375,66861721440,0.022633530616329445,0.029353553655465846,90479.5375,89424.81875,98445.373125,61.24465130393402,54580232098.8,1.2250171695673315,-0.026122043174201748,BTC-USD
2025-12-10,92695.234375,94477.15625,91640.1328125,92020.9453125,65420694513,-0.007236522211271801,0.02942362024263246,91006.175,89694.27109375,98116.25421875,53.53006603846309,55013091274.8,1.1891841195800505,-0.018715677926925745,BTC-USD
2025-12-11,92011.3046875,93554.265625,89335.296875,92511.3359375,64532834621,0.005329119618741718,0.02430682190998059,91653.9671875,90065.303515625,97812.70921875,52.918126290788734,60320849718.0,1.0698263522926323,-0.04687162071607609,BTC-USD
2025-12-12,92513.6640625,92747.9296875,89532.6015625,90270.4140625,80275884583,-0.024223213861206738,0.018317467603774663,91626.921875,90346.40625,97416.72296875,48.58210308258947,66897046842.6,1.19999145510681,-0.042656642849050797,BTC-USD
2025-12-13,90257.796875,90647.5703125,89800.9921875,90298.7109375,64237748110,0.00031346787642294593,0.016150302370701055,91558.6234375,90521.09140625,97002.01875,48.78938475640623,68265776653.4,0.9409949063664629,-0.027184513898532048,BTC-USD
2025-12-14,90296.4375,90498.109375,87634.9375,88175.1796875,50465972205,-0.023516739363752315,0.01704359308259638,90655.3171875,90516.322265625,96532.6878125,45.47257090340739,64986626806.4,0.7765593428220531,-0.023038477292584236,BTC-USD
2025-12-15,88171.078125,89983.921875,85304.078125,86419.78125,45559514323,-0.019908078936967,0.015607972824922633,89535.084375,90470.216796875,95971.63453125,50.22129244929955,61014390768.4,0.7467011265577653,-0.011077017595436223,BTC-USD
2025-12-16,86424.40625,88170.09375,85381.6875,87843.984375,41262178223,0.01648005936140917,0.016821703981903992,88601.6140625,90336.49765625,95446.12765625,40.56751767134988,56360259488.8,0.7321147666326782,0.0029529448071554665,BTC-USD
2025-12-17,87847.6171875,90264.5703125,85316.265625,86143.7578125,44243392914,-0.01935507109105894,0.016873254650386485,87776.2828125,90079.416796875,94909.87953125,29.611655092912173,49153761155.0,0.9001018818170233,0.025541516220931815,BTC-USD
2025-12-18,86144.3671875,89412.6640625,84436.3125,85462.5078125,52667115348,-0.007908292107279613,0.016695460132485008,86809.0421875,89806.57890625,94418.02359375,30.811071902002865,46839634602.6,1.124413454435371,0.03696641098376374,BTC-USD
2025-12-19,85476.1328125,89339.1171875,85107.6640625,88103.3828125,46733310561,0.03090097713717843,0.018376617819615658,86794.6828125,89669.16015625,94013.9803125,46.285910769683994,46093102273.8,1.013889459715622,0.004388399175577984,BTC-USD
2025-12-20,88101.671875,88497.203125,87924.875,88344.0,14688196659,0.002731077738661547,0.018506416997173408,87179.5265625,89566.64453125,93589.73703125,47.3346778968825,39918838741.0,0.36795150165312773,-0.01052703069817984,BTC-USD
2025-12-21,88344.703125,89027.953125,87613.203125,88621.75,19845522660,0.0031439599746445612,0.018397711154323693,87335.0796875,89681.653515625,93160.89171875,44.613953365494844,35635507628.4,0.5569030436424582,-0.01139437059751136,BTC-USD
2025-12-22,88621.3984375,90501.9296875,87908.0703125,88490.015625,38047472118,-0.0014864790528285043,0.01699028268537852,87804.33125,89538.644140625,92717.89953125,43.467441644086364,34396323469.2,1.1061493869270478,-0.014185481024430513,BTC-USD
2025-12-23,88490.03125,88898.3828125,86606.9765625,87414.0,43683011533,-0.01215974047919599,0.017268523650110473,88194.6296875,89232.95390625,92335.2290625,32.955306397105915,32599502706.2,1.3399901196864594,-0.0012877835644176105,BTC-USD
2025-12-24,87404.3203125,87956.8828125,86411.796875,87611.9609375,25550297986,0.0022646365284737513,0.015739861642301078,88096.3453125,89006.470703125,92055.6578125,35.31236629269394,28362900191.2,0.9008351689622822,0.002170882953249631,BTC-USD
2025-12-25,87608.3203125,88501.7890625,86949.2578125,87234.7421875,19953216347,-0.004305562231041726,0.014314253813531087,87874.49375,88898.819921875,91722.5159375,32.28855481337273,29415904128.8,0.6783138896439549,0.006890531626814855,BTC-USD
2025-12-26,87235.5078125,89459.4296875,86628.140625,87301.4296875,42455674908,0.0007644603322913834,0.013252951142265362,87610.4296875,88800.27265625,91442.51875,38.331083661981864,33937934578.4,1.2509799266046426,-0.0018704053654620134,BTC-USD
2025-12-27,87301.4296875,87874.78125,87182.9765625,87802.15625,13741199310,0.005735605525503784,0.011562578015414422,87472.8578125,88670.0984375,91131.11375,40.53919307555346,29076680016.8,0.47258487908731583,0.007152177000208981,BTC-USD
2025-12-28,87799.34375,87986.890625,87394.953125,87835.8359375,15156557929,0.00038358610925337544,0.011062105101415271,87557.225,88529.880078125,90842.188125,48.472022491198544,23371389296.0,0.6485090696595447,-0.003722943022170133,BTC-USD
2025-12-29,87835.7890625,90299.15625,86717.9140625,87138.140625,48411625849,-0.007943173820266769,0.005537569760027272,87462.4609375,88252.2015625,90490.558125,53.575122281235174,27943654868.6,1.7324729380121158,0.01829100022754826,BTC-USD
2025-12-30,87134.3515625,89297.9375,86735.546875,88430.1328125,35586356225,0.014826942349620564,0.007453790242279552,87701.5390625,88072.6609375,90139.22890625,52.95603708924886,31070282844.2,1.145350250058732,0.017127221817153204,BTC-USD
2025-12-31,88429.5859375,89080.2890625,87130.5625,87508.828125,33830210616,-0.01041844740246467,0.008052724099148392,87743.01875,87822.535546875,89829.45609375,57.47123389589898,29345189985.8,1.1528366533789791,0.03536053951699514,BTC-USD
2026-01-01,87508.046875,88803.2265625,87399.40625,88731.984375,18849043990,0.013977518339667538,0.009375053531942155,87928.984375,87745.6140625,89570.83203125,66.89230481089587,30366758921.8,0.620713064523605,0.030220307044722228,BTC-USD
2026-01-02,88733.0625,90884.4609375,88298.6171875,89944.6953125,46398906171,0.013667122921255048,0.00911108530731886,88350.75625,87727.91328125,89375.77609375,61.16048428645029,36615228570.2,1.267202417760206,0.043780896264292934,BTC-USD
2026-01-03,89945.0546875,90679.5703125,89328.0703125,90603.1875,20774828592,0.007321078638514056,0.009211950050638315,89043.765625,87849.313671875,89299.8840625,63.03308478878521,31087869118.8,0.6682615817961187,0.034500372848361494,BTC-USD
2026-01-04,90603.0,91712.5859375,90595.1015625,91413.4921875,26770491368,0.008943445698309516,0.008928832813563011,89640.4375,88098.99921875,89217.1709375,65.17304016189422,29324696147.4,0.9128991902742541,-0.0011534128877139782,BTC-USD
2026-01-05,91414.625,94762.0703125,91414.625,93882.5546875,53376407252,0.027009825802690735,0.011202774675423502,90915.1828125,88400.927734375,89211.28046875,73.37061372471875,33233935474.6,1.606081449270264,-0.030414912514946546,BTC-USD
2026-01-06,93876.9453125,94395.296875,91286.546875,93729.03125,52430605257,-0.0016352711961346023,0.01155768362119321,91914.5921875,88780.19140625,89243.98359375,79.74714755295298,39950247728.0,1.312397500360251,-0.03431092421004833,BTC-USD
2026-01-07,93727.46875,93738.7890625,90601.8046875,91308.0546875,43461295053,-0.025829527204251357,0.01544608355209573,92187.2640625,89072.46875,89211.1671875,64.39565629100221,39362725504.4,1.1041231138362575,-0.01009118257040409,BTC-USD
2026-01-08,91309.640625,91485.8515625,89233.875,91027.125,42386697030,-0.003076724046541912,0.015101082370944395,92272.0515625,89218.655859375,89202.38984375,64.88231193117332,43685099192.0,0.9702781455000616,-0.002193456758081691,BTC-USD
2026-01-09,91026.2734375,91910.671875,89625.3828125,90513.1015625,38305906684,-0.005646925984974294,0.014929107325315232,92091.9734375,89327.1109375,89280.01390625,62.175959548330766,45992182255.2,0.8328786503638678,0.00751151615913348,BTC-USD
2026-01-10,90510.1015625,90713.03125,90283.3984375,90386.6484375,12385895282,-0.001397069847536736,0.014326772621403392,91392.7921875,89415.355859375,89385.933125,60.08440274571082,37794079861.2,0.3277205140987056,0.05460024127249841,BTC-USD
2026-01-11,90385.359375,91155.2265625,90212.0234375,90827.4609375,17165568977,0.004876964768804504,0.01385684786252896,90812.478125,89532.228125,89509.51515625,61.31353909134313,30741072605.2,0.5583919987911015,0.06718086275359836,BTC-USD
2026-01-12,90825.859375,92395.5234375,90055.0234375,91192.9921875,41346275358,0.004024457429802286,0.013312283343963444,90789.465625,89721.177734375,89597.27484375,65.72955831126535,30318068666.2,1.3637503039266732,0.04779090155896193,BTC-USD
2026-01-13,91185.3359375,96011.625,90941.9296875,95321.78125,54980674354,0.04527528885126264,0.01925386269296568,91648.396875,90106.66875,89738.29921875,71.91154020220205,32836864131.0,1.6743582497603628,0.0021331529355994583,BTC-USD
2026-01-14,95322.90625,97860.6015625,94583.046875,96929.328125,60592490863,0.016864423365986925,0.01958261620693442,92931.6421875,90591.398046875,89930.04796875,78.69949009318461,37294180966.8,1.624717028024844,-0.018873609106634825,BTC-USD
2026-01-15,96931.2890625,97150.171875,95103.2421875,95551.1875,53086363027,-0.01421799419905967,0.019010315164358964,93964.55,91003.8859375,90030.704375,70.58031306027405,45434274515.8,1.1684210564105948,-0.02006001037402072,BTC-USD
2026-01-16,95554.1015625,95801.890625,94259.2734375,95525.1171875,33248170537,-0.00027284132392391136,0.018986841849210033,94904.08125,91390.033984375,90115.49921875,68.14103957690362,48650794827.8,0.6834044675874721,-0.031107247234959057,BTC-USD
2026-01-17,95525.15625,95598.4765625,95005.6171875,95099.921875,16021715122,-0.004451136256293897,0.016544105552734407,95685.4671875,91753.23828125,90199.11234375,64.84329467491756,43585882780.6,0.3675895519347204,-0.07138823556473084,BTC-USD
2026-01-18,95101.1796875,95491.5078125,93588.8671875,93634.4296875,20809781232,-0.01541002514624834,0.017574302654896325,95347.996875,92078.052734375,90254.76578125,57.02715048899357,36751704156.2,0.5662262937129515,-0.04546905197382067,BTC-USD
2026-01-19,93655.671875,93660.828125,92089.25,92553.59375,39195241508,-0.011543146480490485,0.017989329548983055,94472.85,92284.22578125,90297.95140625,45.39013665338235,32472254285.2,1.2070378965301514,-0.033398385732590796,BTC-USD
2026-01-20,92553.6015625,92798.4296875,87814.9296875,88310.90625,53072968031,-0.04584033237499219,0.023630262179087414,93024.79375,92324.3296875,90337.738125,35.359176438897066,32469575286.0,1.6345445717574145,0.013508736357237927,BTC-USD
2026-01-21,88326.5078125,90430.40625,87231.5703125,89376.9609375,56330422434,0.012071608510981546,0.023972307994898547,91795.1625,92356.578515625,90298.27328125,44.36951712424876,37086025665.4,1.5189123510356184,-0.0029786933870594723,BTC-USD
2026-01-22,89378.5234375,90258.9609375,88438.4453125,89462.453125,35549685694,0.000956534957143873,0.02391544883535487,90667.66875,92332.46640625,90216.96625,45.385299539170504,40991619779.8,0.867242765349768,-0.032306674745009145,BTC-USD
2026-01-23,89462.046875,91100.25,88486.359375,89503.875,38997586037,0.00046300848627667257,0.01747569810644725,89841.5578125,92277.50078125,90164.21125,46.93812345728172,44629180740.8,0.8738136212603249,-0.013817662922415375,BTC-USD
2026-01-24,89506.1484375,89811.609375,89044.2890625,89110.734375,14558687712,-0.00439244250598092,0.015554030194187081,89152.9859375,92162.362890625,90158.67078125,46.19066700938543,39701869981.6,0.3667003019945228,-9.161704880178423e-05,BTC-USD
2026-01-25,89104.765625,89193.1484375,86003.7109375,86572.21875,36124986722,-0.028487203509257375,0.01676811393929682,88805.2484375,91796.84609375,90104.66765625,38.70983923464098,36312273719.8,0.9948423224817816,0.030175402689445407,BTC-USD
2026-01-26,86566.5234375,88743.0703125,86429.2890625,88267.140625,45329286974,0.019578126787931138,0.019029464886609296,88583.284375,91523.7515625,90061.89765625,42.74856901434413,34112046627.8,1.3288351610383407,-0.04198113432996464,BTC-USD
2026-01-27,88257.4765625,89427.125,87228.921875,89102.5703125,38744942267,0.009464787027023913,0.019787615113520857,88511.3078125,91413.47734375,90031.145,31.579198254688976,34751097942.4,1.114927140754511,-0.055822340983604835,BTC-USD
2026-01-28,89104.046875,90439.2890625,88721.4609375,89184.5703125,39807419296,0.0009202877056453396,0.01962672143727002,88447.446875,91321.349609375,89961.0021875,24.781644891785305,34913064594.2,1.1401869116529257,-0.1184448508075554,BTC-USD
2026-01-29,89169.8515625,89200.78125,83250.6015625,84561.5859375,64653083162,-0.05183614563372574,0.024678037418720496,87537.6171875,91023.773828125,89811.815,20.458444971524656,44931943684.2,1.4389113370302475,-0.08972325366044698,BTC-USD
2026-01-30,84562.7265625,84602.1640625,81071.4765625,84128.65625,72083816087,-0.005119696877728619,0.020948285201196286,87048.9046875,90710.87421875,89644.16140625,20.02051864660784,52123709557.2,1.3829371834691848,-0.06466156560060354,BTC-USD
2026-01-31,84126.5,84136.921875,75815.8828125,78621.1171875,70479259159,-0.06546567255435032,0.027424745537885868,85119.7,90100.55703125,89411.17546875,15.796629034564859,57153703994.2,1.233152958313118,-0.037999591196027915,BTC-USD
2026-02-01,78626.125,79322.609375,75698.8984375,76974.4453125,53372509744,-0.02094439679701987,0.027113039036932948,82694.075,89389.6296875,89144.69015625,15.678707542554022,60079217489.6,0.8883689231345105,-0.05137733921231369,BTC-USD
2026-02-02,76968.875,79258.609375,74551.3359375,78688.765625,75140589684,0.022271291537603544,0.02925045455267145,80594.9140625,88557.97890625,88954.961875,22.16357365720893,67145851567.2,1.1190652576473592,-0.20316328311637566,BTC-USD
2026-02-03,78693.5078125,79118.8515625,72897.140625,75633.546875,68249110822,-0.03882661934945053,0.0302138665773411,78809.30625,87493.18984375,88739.2371875,23.27328187948204,67865057099.2,1.0056590790491582,-0.06714158544478543,BTC-USD
2026-02-04,75640.09375,76864.65625,71779.9296875,73019.703125,67215363944,-0.03455931736640505,0.03055526630161661,76587.515625,86366.615625,88442.7515625,17.62789024960054,66891366670.6,1.0048436336335524,-0.05118802480751661,BTC-USD
2026-02-05,73016.375,73161.5546875,62353.53515625,62702.09765625,125509410908,-0.14129892381358544,0.047261853991487475,73403.71171875,84725.4646484375,87973.918359375,12.305687778794493,77897397020.4,1.6112144398757153,0.12061205587906154,BTC-USD
2026-02-06,62704.453125,71681.3046875,60074.203125,70555.390625,114674259489,0.1252476912623226,0.0682275615037388,72119.90078125,83498.2380859375,87675.776015625,28.12378404384107,90157746969.4,1.2719290725834247,-0.006159832312600089,BTC-USD
2026-02-07,70553.796875,71611.1484375,67364.4453125,69281.96875,62347107663,-0.018048541205989532,0.06781404775679964,70238.54140625,82280.6150390625,87299.347734375,27.563531255254233,87599050565.2,0.7117326872920275,-0.007043792509143998,BTC-USD
2026-02-08,69283.7265625,72206.90625,68852.8984375,70264.7265625,39721722619,0.014184900201757111,0.06789311510508482,69164.77734375,81166.1716796875,86937.762265625,30.8745383924108,81893572924.6,0.4850407815955481,-0.04657753573678114,BTC-USD
2026-02-09,70243.328125,71369.96875,68291.03125,70120.78125,52081598792,-0.00204861414171964,0.0679560026615594,68584.99296875,80256.6654296875,86567.742890625,27.91444351621027,78866819894.2,0.660374018654075,-0.05560316685718614,BTC-USD
2026-02-10,70137.390625,70464.265625,67913.09375,68793.9609375,40593063077,-0.018921927121284043,0.06574568287942854,69803.365625,79227.5154296875,86173.821796875,25.574967362844546,61883550328.0,0.6559588592096849,0.0009286107621864215,BTC-USD
2026-02-11,68791.859375,69242.6796875,65757.3046875,66991.96875,49671946030,-0.02619404614799148,0.06585216946671964,69090.68125,78103.9912109375,85765.381171875,24.369499280706407,48883087636.2,1.016137654799363,0.0414326717335054,BTC-USD
2026-02-12,66992.1953125,68339.4921875,65092.109375,66221.84375,44651071271,-0.011495780977477277,0.0647666591658586,68478.65625,76939.8896484375,85337.578828125,26.750105281256452,45343880357.8,0.9847210013493954,0.03875373448810082,BTC-USD
2026-02-13,66213.375,69382.8359375,65835.78125,68857.84375,40820775886,0.039805596623848194,0.06633330545487852,68197.2796875,75927.2451171875,84970.040859375,31.664854724104785,45563691011.2,0.8959058184282274,-0.0002133017707224294,BTC-USD
2026-02-14,68856.984375,70481.1640625,68706.6171875,69767.625,36012397645,0.013212456278809848,0.06587326719873073,68126.6484375,75087.0154296875,84619.364765625,38.05061176390203,42349850781.8,0.8503547705645389,-0.03258540404664767,BTC-USD
2026-02-15,69764.953125,70939.2890625,68052.546875,68788.1875,40191152750,-0.014038567315427408,0.04511250756399613,68125.49375,74113.0677734375,84239.085390625,38.7485138912512,42269468716.4,0.9508317461867307,-0.03434989746604389,BTC-USD
2026-02-16,68782.3984375,70067.234375,67301.5859375,68843.15625,33618145426,0.000799101589935125,0.020034740519387497,68495.73125,73100.0970703125,83859.231796875,35.82109283427606,39058708595.6,0.86070806318945,-0.02739027254433879,BTC-USD
2026-02-17,68843.09375,69201.8671875,66615.28125,67494.21875,34866936040,-0.019594358734823403,0.020175440223812784,68750.20625,72015.5794921875,83466.353359375,37.6725146752397,37101881549.4,0.9397619361588376,0.0075740283311303,BTC-USD
2026-02-18,67488.0234375,68434.4296875,65845.8984375,66425.3203125,33094301643,-0.015836888807606253,0.0196554970286344,68263.7015625,71108.7662109375,83026.257109375,39.52207625706881,35556586700.8,0.930750241058864,0.02376270532191871,BTC-USD
2026-02-19,66425.625,67277.125,65637.4296875,66957.5234375,31492987019,0.008012052068341324,0.020100322218530593,67701.68125,70250.2095703125,82615.231015625,59.81300514652008,34652704575.6,0.9088175772916481,0.010482275201757485,BTC-USD
2026-02-20,66958.578125,68269.03125,66452.484375,68005.421875,47507867304,0.015650197075734784,0.02030203158895359,67545.128125,69719.4248046875,82200.699765625,41.42993677400382,36116047486.4,1.3154226614052866,-0.049829609174084744,BTC-USD
2026-02-21,68000.25,68657.703125,67533.0703125,68003.765625,18357635642,-2.435467576455963e-05,0.018274467355982163,67377.25,69270.8908203125,81761.881171875,45.30259650621822,33063945529.6,0.555216122817696,-0.057698608601867374,BTC-USD
2026-02-22,67998.828125,68235.2265625,67185.6015625,67659.390625,17893536012,-0.005064057803784272,0.017869120756848503,67410.284375,68719.4220703125,81303.005234375,39.954005980307045,29669265524.0,0.6031000665495274,0.004444828311664928,BTC-USD
2026-02-23,67668.4296875,67668.4296875,63924.4375,64616.73828125,50953457309,-0.04497014110892317,0.018201088836973106,67048.56796875,68168.581640625,80767.07015625,32.65432039493494,33241096657.2,1.5328452558126873,0.043905576661910084,BTC-USD
2026-02-24,64616.015625,64992.15625,62553.1875,64080.04296875,40849331086,-0.008305824880296298,0.016876775720567568,66473.071875,67721.5986328125,80171.019921875,34.365758666141204,35112365470.6,1.163388753178809,0.028117239358417256,BTC-USD
2026-02-25,64077.76953125,69953.53125,63942.484375,67960.125,53629234355,0.060550552894326426,0.02732541719178776,66464.0125,67984.5,79655.641796875,52.82200234552016,36336638880.8,1.4758996981236279,-0.014188697048453047,BTC-USD
2026-02-26,67954.8671875,68843.3515625,66523.734375,67453.7734375,42988597523,-0.007450715585058165,0.02739359546525968,66354.0140625,67829.419140625,79178.556171875,53.64693382524358,41262831257.0,1.041823748236065,-0.025434779813907293,BTC-USD
2026-02-27,67456.515625,68220.40625,64946.03515625,65881.796875,40283655942,-0.023304501473983996,0.027686391881639825,65998.4953125,67659.410546875,78675.649609375,40.597551385509426,45740855243.0,0.8806931074635919,0.043927986557364296,BTC-USD
2026-02-28,65878.9296875,67714.5234375,63062.21875,66995.859375,42041497112,0.016910019957618205,0.027814046566508994,66474.31953125,67495.9671875,78205.304765625,41.354548179339275,43958463203.6,0.9563914215398911,0.0193711831538097,BTC-USD
2026-03-01,67005.8828125,68162.8203125,65076.73046875,65738.1015625,40733141929,-0.018773664883674046,0.028369396136855324,66805.93125,67276.833203125,77712.333828125,40.648793527154616,43935225372.2,0.9271180831309422,0.10606446485028131,BTC-USD
2026-03-02,65734.078125,70044.0,65303.13671875,68775.8515625,56698092052,0.04620988327616793,0.03185171997874321,66969.0765625,67275.927734375,77271.301640625,49.82555686137612,44548996911.6,1.2727131020370186,0.03002904930407424,BTC-USD
2026-03-03,68785.078125,69232.890625,66237.6171875,68293.6484375,47947999049,-0.007011227255569463,0.0319671885902831,67137.0515625,67341.01171875,76813.314765625,52.16946721937089,45540877216.8,1.0528562904210377,-0.0023011839840980652,BTC-USD
2026-03-04,68290.5625,74051.8046875,67437.40625,72710.578125,75073101274,0.06467555605177866,0.0376318793107791,68502.8078125,67665.4484375,76361.090703125,64.43387472496244,52498766283.2,1.4299974378259621,-0.07478945313364604,BTC-USD
2026-03-05,72712.65625,73555.7890625,70654.8828125,70841.125,51172841727,-0.025710882421896564,0.03503107092115305,69271.8609375,67764.6125,75839.326640625,58.40248338438031,54325035206.2,0.9419753071997965,-0.06876434768646034,BTC-USD
2026-03-06,70842.15625,71378.5703125,67757.8203125,68136.4921875,43776962871,-0.03817885179689062,0.037900796602230995,69751.5390625,67683.055859375,75291.032734375,50.26461126732662,54933799394.6,0.7969039708420984,0.0039023233580666172,BTC-USD
2026-03-07,68136.6875,68515.1640625,66969.2578125,67272.59375,23258701211,-0.01267893913767526,0.03313450190281204,69450.8875,67607.276171875,74725.982265625,48.57353583566353,48245921226.4,0.4820863737238148,0.03945630719790705,BTC-USD
2026-03-08,67272.5,68177.7890625,65639.1953125,65969.78125,33195080116,-0.01936617019467901,0.03362164050810051,68986.1140625,67463.607421875,74143.379453125,46.822520421407226,45295337439.8,0.7328586559293898,0.06419759899537336,BTC-USD
2026-03-09,65969.5859375,69474.9453125,65858.0078125,68402.3828125,49499875378,0.03687448277691541,0.034698016499821197,68124.475,67509.015625,73638.738515625,57.28647334314261,40180692260.6,1.2319318705849704,0.030570252658184804,BTC-USD
2026-03-10,68402.71875,71770.8984375,68402.71875,69926.921875,54003996096,0.022287806357257578,0.03495597423530604,67941.634375,67684.095703125,73186.205078125,60.84158704851317,40746923134.4,1.325351509802906,0.014891886015824918,BTC-USD
2026-03-11,69931.25,71337.6640625,68998.8671875,70204.8828125,45236859848,0.003975020350486469,0.03397548393764705,68355.3125,67846.463671875,72824.084609375,54.804101716962805,41038902529.8,1.1022921437811766,0.014382791439119247,BTC-USD
2026-03-12,70209.765625,70775.828125,69230.15625,70493.4609375,40871848129,0.004110513591636167,0.031076546291457684,68999.4859375,67970.865625,72446.414609375,56.56657372965456,44561531913.4,0.9172002481519159,0.032576824778628,BTC-USD
2026-03-13,70497.046875,73927.328125,70410.7265625,70968.265625,61167226505,0.006735442992662266,0.030893021604307316,69999.1828125,68119.090625,72076.530859375,61.534997175903975,50155961191.2,1.2195405102859829,0.0548529723562623,BTC-USD
2026-03-14,70965.3828125,71291.203125,70339.5859375,71214.625,22283546496,0.0034714019404360474,0.022526316168475852,70561.63125,68296.85234375,71710.745859375,59.95918225826203,44712695414.8,0.4983717999837714,0.03802381269998967,BTC-USD
2026-03-15,71213.6796875,73173.0078125,70882.421875,72789.9140625,27991268669,0.022120302711697182,0.021967592571895216,71134.2296875,68705.5111328125,71384.329453125,66.40123268355791,39510149929.4,0.7084576676883563,-0.021216345113060253,BTC-USD
2026-03-16,72798.171875,74901.859375,72300.6328125,74861.0859375,55572438409,0.028454105238008953,0.01782645812167802,72065.4703125,69244.56328125,71150.106796875,64.81945572256905,41577265641.6,1.3366063773418801,-0.06609972074318071,BTC-USD
2026-03-17,74855.296875,75988.3984375,73444.2265625,73922.4765625,49500721728,-0.01253801442025071,0.017806935296141014,72751.2734375,69542.680859375,70863.213515625,63.409863989892855,43303040361.4,1.1431234692731775,-0.045992650450847106,BTC-USD
2026-03-18,73936.8515625,74658.9765625,70503.859375,71245.578125,46229011155,-0.0362122396594321,0.021306093464978162,72806.7359375,69732.27109375,70506.073671875,46.19433257539288,40315397291.4,1.1466837551136195,-0.03556788721756199,BTC-USD
2026-03-19,71250.3515625,71598.84375,68805.5234375,69912.7890625,44631433398,-0.01870697238447039,0.020133241018816295,72546.36875,69933.820703125,70120.638046875,47.51927034685997,44784974671.8,0.996571589580541,-0.02957367532786659,BTC-USD
2026-03-20,69911.53125,71346.796875,69398.8828125,70522.5859375,38299078407,0.008722250723753211,0.019071063158958207,72092.903125,70110.15703125,69839.858046875,57.18006151786059,46846536619.4,0.8175434337474514,0.005562380225927255,BTC-USD
2026-03-21,70522.46875,71051.2734375,68602.9140625,68711.5234375,21109354718,-0.025680602546325204,0.02078778767366767,70862.990625,70258.828125,69531.515390625,54.09641657240185,39953919881.2,0.5283425201023352,0.02628868997706113,BTC-USD
2026-03-22,68737.4453125,69561.7734375,67372.875,67845.2109375,30108051508,-0.012607965253281006,0.020917884619760088,69647.5375,70212.29609375,69315.997265625,55.47514012006969,36075385837.2,0.8345870961400325,0.05106730198232712,BTC-USD
2026-03-23,67843.0,71782.2578125,67458.84375,70914.859375,51508669357,0.04524488014825101,0.025971331262452,69581.39375,70343.356640625,69194.805546875,57.07189252734117,37131317477.6,1.3872028480560472,-0.029940613204522792,BTC-USD
2026-03-24,70912.671875,71371.3046875,68920.6953125,70517.859375,40181522399,-0.005598262529164066,0.026003775174768536,69702.4078125,70233.720703125,69031.387421875,51.77605046199852,36241335277.8,1.1087208043246022,-0.0592684521629383,BTC-USD
2026-03-25,70520.046875,71985.7421875,70383.59375,71309.8828125,35409791747,0.011231529778693128,0.02515714086135128,69859.8671875,70257.15859375,68944.914140625,53.22150977294551,35663477945.8,0.9928866668812967,-0.06997890479109392,BTC-USD
2026-03-26,71310.1171875,71410.390625,68118.3515625,68791.625,38962070215,-0.03531428903229905,0.024723198009459296,69875.8875,70289.915234375,68860.352578125,45.60930371681858,39234021045.2,0.9930684945627497,-0.041236169737231876,BTC-USD
2026-03-27,68790.8359375,69117.53125,65532.5703125,66338.375,46483453594,-0.035662044616623034,0.026215985322286712,69574.5203125,70243.204296875,68933.078125,39.16146405626574,42509101462.4,1.0934941458387535,0.005322263508866554,BTC-USD
2026-03-28,66338.5,67232.859375,65906.7421875,66319.6953125,20924883455,-0.0002815819275042708,0.024713255742965696,68655.4875,70260.7,68848.36421875,38.41754164261939,36392344282.0,0.574980366553348,0.028854432736504343,BTC-USD
2026-03-29,66319.6953125,67052.953125,64971.70703125,65954.921875,21645889785,-0.005500227885263609,0.02436049088173134,67742.9,70138.326953125,68781.82328125,32.844130606578176,32685217759.2,0.6622531917783313,0.03219824619798328,BTC-USD
2026-03-30,65958.3515625,68087.2890625,65759.8046875,66691.4453125,37694994180,0.011167073154841889,0.024531252338129632,66819.2125,69976.553125,68710.35765625,28.021614487002722,33142258245.8,1.137369514787875,0.0029557763979521923,BTC-USD
2026-03-31,66694.5859375,68495.2734375,65950.4375,68233.3125,42997691338,0.02311941479563351,0.024877936741735624,66707.55,69877.974609375,68672.60828125,35.17588512554266,33949382470.4,1.2665235185202293,-0.019084680045395763,BTC-USD
2026-04-01,68232.890625,69230.359375,67555.359375,68078.5546875,36465393617,-0.002268068291422898,0.02452750426245015,67055.5859375,69757.229296875,68658.30015625,40.498972739029774,31945770475.0,1.1414779820551504,-0.011575437611995754,BTC-USD
2026-04-02,68077.8984375,68633.1484375,65725.2578125,66888.5703125,39323384518,-0.017479577533077273,0.019311461013458354,67169.3609375,69553.24453125,68656.2321875,40.8489766739919,35625470687.6,1.103799718544831,0.031295752252142206,BTC-USD
2026-04-03,66889.015625,67296.234375,66281.5390625,66931.1015625,22815543346,0.0006358522809097877,0.019413977928080816,67364.596875,69339.068359375,68670.41734375,38.74613577588528,35859401399.8,0.6362499778406019,0.02881659673117687,BTC-USD
2026-04-04,66938.6484375,67515.015625,66769.640625,67290.515625,15878814963,0.005369911059425414,0.018951244247124608,67484.4109375,69064.0984375,68639.07078125,45.101670057194625,31496165556.4,0.5041507333508867,0.06910613563900747,BTC-USD
2026-04-05,67291.1953125,69087.65625,66610.6328125,68981.8984375,22972648674,0.02513553056906015,0.01804698925635287,67634.128125,68770.1390625,68623.35625,53.70737295719408,27491157023.6,0.8356377526882172,0.031043809840058723,BTC-USD
2026-04-06,68982.9140625,70305.421875,68347.078125,68859.828125,39542143229,-0.0017695992030517527,0.012991488973952846,67790.3828125,68517.006640625,68624.7890625,41.70188307353742,28106506946.0,1.4068679293720443,0.04223071824578417,BTC-USD
2026-04-07,68859.375,72732.4296875,67740.5078125,71940.703125,44650511480,0.04474125312086663,0.018180182340077535,68800.809375,68551.762890625,68686.74,54.721913115803076,29171932338.4,1.5305983491955732,0.014433327794918016,BTC-USD
2026-04-08,71950.1484375,72825.1875,70707.46875,71123.359375,42444631703,-0.011361353371537541,0.018760289566720125,69639.2609375,68612.29140625,68759.3228125,49.382033494172866,33097750009.8,1.282402329174414,0.027148802861225896,BTC-USD
2026-04-09,71120.5703125,73107.265625,70486.359375,71767.828125,38799581473,0.009061281070850802,0.01872920344547618,70534.7234375,68674.553515625,68866.17296875,61.2582112118135,37681903311.8,1.0296608733362467,-0.014134771826077142,BTC-USD
2026-04-10,71774.3671875,73440.1171875,71434.828125,72979.046875,37722595732,0.016876904061948084,0.01824932693301605,71334.153125,68887.9296875,68986.6034375,77.72516918757347,40631892723.4,0.9283986839794807,0.02063049346997925,BTC-USD
2026-04-11,72976.125,73784.234375,72556.3359375,73054.2734375,23287073965,0.0010307967248304184,0.018094460171256828,72173.0421875,69148.3828125,69087.58046875,77.98509497763857,37380878870.6,0.6229675349692018,0.015431485174710158,BTC-USD
2026-04-12,73056.046875,73154.03125,70540.5703125,70753.40625,29882740487,-0.031495312720733026,0.020591159243926706,71935.5828125,69140.31015625,69142.57328125,67.17605197396827,34427324672.0,0.8679948491990682,0.057264689995048856,BTC-USD
2026-04-13,70757.6171875,74896.3125,70588.5234375,74484.640625,52278211554,0.05273575609654846,0.025206859934258093,72607.8390625,69338.64921875,69279.07828125,72.97083077149811,36394040642.2,1.4364497767082731,0.008961474230110733,BTC-USD
2026-04-14,74478.3984375,76061.7578125,73877.203125,74181.609375,53540826530,-0.004068372317531099,0.025615827827617007,73090.5953125,69482.235546875,69470.375703125,68.91421774669553,39342289653.6,1.3608975736139133,0.03970344738830356,BTC-USD
2026-04-15,74182.0234375,75409.2734375,73549.203125,74805.078125,38090174312,0.008404626904874313,0.025064299551062142,73455.8015625,69782.908203125,69684.87640625,70.76969912467632,39415805369.6,0.9663680331996359,0.012313773818413587,BTC-USD
2026-04-16,74810.875,75506.5703125,73346.265625,75152.1328125,41312783855,0.004639453579876829,0.024855997345279768,73875.3734375,70223.59609375,69828.7165625,76.91681290537983,43020947347.6,0.9602946100001377,-0.01724210879327792,BTC-USD
2026-04-17,75164.0390625,78320.6796875,74558.6015625,77126.875,54137194839,0.02627659540184779,0.022483132641953656,75150.0671875,70763.955078125,70022.17859375,79.497565035235,47871838218.0,1.1308777112854673,-0.016263482249216032,BTC-USD
2026-04-18,77136.046875,77416.703125,75504.9453125,75726.2109375,26014416776,-0.01816051878803593,0.02319857989804087,75398.38125,71252.51953125,70219.066875,73.01860173009008,42619079262.4,0.6103936834447478,0.008274050586224657,BTC-USD
2026-04-19,75723.6953125,76243.09375,73802.3828125,73856.3515625,30931515195,-0.024692366775663332,0.025161860647001995,75333.3296875,71610.76484375,70356.27671875,63.17268455650365,38097216995.4,0.8119100982818452,0.05885411217912129,BTC-USD
2026-04-20,73854.25,76575.359375,73775.5703125,75872.5234375,39674447916,0.027298557704868998,0.025995379511064155,75546.81875,71992.725390625,70558.96515625,67.19115859742745,38414071716.2,1.032810273514132,0.03158494773768883,BTC-USD
2026-04-21,75872.828125,76881.4765625,74852.671875,76352.7734375,36453522626,0.0063296958930805225,0.02597767064602307,75786.946875,72406.436328125,70710.50359375,62.396519153916636,37442219470.4,0.9735940641771619,0.014440065669683921,BTC-USD
2026-04-22,76354.21875,79468.0,76159.578125,78203.1015625,48336654537,0.024233934691509473,0.023169580201454834,76002.1921875,72972.162890625,70908.69265625,68.80051484216777,36282111410.0,1.3322448076623665,-0.007558343923579569,BTC-USD
2026-04-23,78203.875,78676.9375,77014.453125,78268.953125,40354900916,0.0008420581944230676,0.017797631942567938,76510.740625,73539.05546875,71019.86015625,67.81133186871895,39150208238.0,1.0307710413869702,0.004964751948060453,BTC-USD
2026-04-24,78263.8203125,78554.09375,77318.4453125,77455.3125,32784213526,-0.010395445352393673,0.018266481427966646,77230.5328125,74047.2953125,71152.14390625,62.53688012722386,39520747904.2,0.8295443599769506,-0.0011450150691729721,BTC-USD
2026-04-25,77457.2109375,77882.640625,77184.6640625,77612.015625,16702933134,0.0020231423764509593,0.018225471602284778,77578.43125,74478.801171875,71341.654375,62.707081355762384,34926444947.8,0.4782316997611321,-0.016251913313197086,BTC-USD
2026-04-26,77613.1171875,78923.5625,77334.890625,78657.5390625,21482934750,0.013471154293320797,0.01848073799695984,78039.384375,74968.68671875,71569.35328125,73.69554128133532,31932327372.6,0.6727644527543504,-0.03663229595462525,BTC-USD
2026-04-27,78661.015625,79488.171875,76481.34375,77366.625,38135631927,-0.01641182876919478,0.017868983660017698,77872.0890625,75239.9828125,71797.29015625,60.12060422828109,29892122850.6,1.275775297646167,-0.013730787500424113,BTC-USD
2026-04-28,77368.1171875,77483.8671875,75673.6015625,76350.671875,32056900880,-0.013131671764148978,0.01735014587377025,77488.4328125,75501.3484375,71956.2559375,57.25384377429792,28232522843.4,1.1354600174349645,0.023946457576605296,BTC-USD
2026-04-29,76350.6875,77884.96875,74958.5703125,75776.1328125,41460907886,-0.007525003361340765,0.015252832501861225,77152.596875,75701.763671875,72073.24015625,53.25809274115968,29967861715.4,1.3835123866943735,0.038021433406070226,BTC-USD
2026-04-30,75778.6328125,76611.484375,75318.984375,76304.3203125,29497862305,0.00697036758667724,0.01275663015272544,76891.0578125,75868.02734375,72195.22890625,53.81940739620422,32526847549.6,0.9068773806013289,0.0292762748013633,BTC-USD
2026-05-01,76305.0546875,78894.9765625,76294.6953125,78179.0,39164328894,0.024568460603834108,0.01480050483350325,76795.35,76124.263671875,72348.9396875,53.51100029303525,36063126378.4,1.085993723424308,0.021091421609383598,BTC-USD
2026-05-02,78177.75,79119.7890625,78031.9609375,78657.25,16761531851,0.006117371672699878,0.012815395687184192,77053.475,76519.455859375,72502.719375,60.422693993573695,31788306363.2,0.5272860925489294,0.02885690368656424,BTC-USD
2026-05-03,78656.7265625,79402.359375,78073.078125,78538.2265625,20544392639,-0.00151319093281288,0.012833162609232519,77490.9859375,76722.13515625,72649.19140625,69.01652744652792,29485804715.0,0.6967553654233039,0.036788514510201153,BTC-USD
2026-05-04,78540.2890625,80742.359375,78217.9609375,79827.90625,54325085296,0.016421044171065935,0.013121232183705051,78301.340625,77004.45,72789.95125,67.0733146690713,32058640197.0,1.694553635530794,0.002280981000926552,BTC-USD
2026-05-05,79823.53125,81751.453125,79787.578125,80927.0546875,39700107376,0.013768974900303155,0.013533478672491458,79225.8875,77310.548828125,72911.270625,68.74333348272307,34099089211.2,1.1642571193062927,-0.009147609107468813,BTC-USD
2026-05-06,80930.734375,82792.2109375,80751.0234375,81427.53125,41751540000,0.006184292316489204,0.013174642481007992,79875.59375,77624.31875,73061.37171875,64.85560376322141,34616531432.4,1.2061156410639644,-0.009372309964266523,BTC-USD
2026-05-07,81428.8515625,81684.953125,79522.65625,80009.9921875,36931193154,-0.017408596831308243,0.013345075894044517,80146.1421875,77768.474609375,73236.66,57.132916598651214,38650463693.0,0.9555174666814831,0.02660839529906367,BTC-USD
2026-05-08,80009.625,80447.265625,79205.515625,80186.765625,33789351540,0.0022093920105095144,0.012046295084220632,80475.85,77991.50234375,73442.13953125,61.806695276187234,41299455473.2,0.8181548921856017,0.01922426023776902,BTC-USD
2026-05-09,80187.7421875,81030.0625,80119.9296875,80664.3671875,18102086996,0.0059561145630133705,0.011217254739661188,80643.1421875,78331.903125,73644.97515625,62.83764024601417,34054855813.2,0.5315567064883432,-0.0023166982710670636,BTC-USD
2026-05-10,80665.609375,82430.171875,80274.1328125,82138.9296875,26965971077,0.01828022150812214,0.011842043600733529,80885.5171875,78645.2234375,73913.52328125,64.13208526098268,31508028553.4,0.8558444407684189,-0.034841122362902155,BTC-USD
2026-05-11,82139.046875,82326.234375,80451.421875,81728.296875,32409774919,-0.004999247178679611,0.010734784226036157,80945.6703125,78913.999609375,74191.185,69.06817346588868,29639675537.2,1.093459166863123,-0.008284118241635663,BTC-USD
2026-05-12,81725.3515625,81753.03125,79832.1015625,80477.4921875,32186688600,-0.015304426194186482,0.01238682344855493,81039.1703125,79027.719140625,74382.43765625,67.67844509013705,28690774626.4,1.1218480162743047,-0.017542948489382537,BTC-USD
2026-05-13,80476.7890625,81276.671875,78725.5078125,79277.1171875,34075428359,-0.014915661104390687,0.013525162810625794,80857.240625,79078.12734375,74557.6228125,64.23426571205316,28747989990.2,1.1853151601421903,-0.014451581088529397,BTC-USD
2026-05-14,79276.9453125,82005.9609375,78909.6796875,81051.25,43731663431,0.022378876470797504,0.014383012862789986,80934.6171875,79257.92421875,74752.45015625,67.52451991271298,33873905277.2,1.291013335283638,-0.04468652164525533,BTC-USD
2026-05-15,81046.8671875,81634.84375,78635.3671875,79065.6796875,38183347368,-0.024497713637975926,0.01580984165329097,80319.9671875,79330.607421875,74957.93125,53.246823837028,36117380535.4,1.0572014581892246,-0.026705744146455768,BTC-USD
2026-05-16,79066.0,79173.5,77630.734375,78131.4375,25895799905,-0.0118160267665125,0.01577237388532489,79600.5953125,79304.30234375,75193.7925,48.13681240560041,34814585532.6,0.743820427813264,-0.017669344046050584,BTC-USD
2026-05-17,78133.5859375,78539.3984375,76783.4140625,77429.3515625,20900166465,-0.008985959556932488,0.015191673327867057,78990.9671875,79307.438671875,75415.985625,46.22667993772809,32557281105.6,0.6419506099790709,0.00036706848793710556,BTC-USD
2026-05-18,77426.34375,77749.3203125,76029.2265625,76954.171875,41520471808,-0.006136945201154598,0.015092273650425843,78526.378125,79337.613671875,75635.970625,39.64727828663551,34046289795.4,1.2195300004057956,0.007601927039774248,BTC-USD
2026-05-19,76954.75,77346.8671875,76082.3671875,76750.90625,26031898332,-0.002641385386229267,0.014701664049309376,77666.309375,79386.35234375,75837.15984375,33.917158837564045,30506336775.6,0.8533275733329344,-0.016451454767024365,BTC-USD
2026-05-20,76749.453125,77775.5703125,76463.6484375,77457.7734375,26668360936,0.009209887179670861,0.01333102351120729,77344.728125,79444.025,76021.6490625,34.95121938217338,28203339489.2,0.9455745815566347,-0.010126888692881586,BTC-USD
2026-05-21,77462.5078125,78100.5625,76655.4375,77539.171875,27141485404,0.0010508749979196708,0.013506072611863618,77226.275,79412.03359375,76210.86140625,39.57766929181603,28452476589.0,0.9539234772446191,-0.007196967178081604,BTC-USD
2026-05-22,77538.1171875,77819.453125,75323.875,75488.2421875,27859040109,-0.02645023976792371,0.01483066503141657,76838.053125,79253.583203125,76382.85484375,32.88664129587927,29844251317.8,0.9334809512337822,0.023734656525048692,BTC-USD
2026-05-23,75488.3125,77288.1171875,74255.234375,76673.3671875,29973220002,0.015699464786268935,0.015966484162050598,76781.8921875,79160.340234375,76577.70015625,36.17612580383633,27534800956.6,1.088557714626062,-0.011055113967111452,BTC-USD
2026-05-24,76670.65625,77372.5390625,76019.890625,76981.125,20572738918,0.004013881531345742,0.013571606799303406,76827.9359375,79018.001171875,76771.51234375,30.563528976047948,26442969073.8,0.7780041212688067,-0.034247640249476685,BTC-USD
2026-05-25,76981.125,77804.921875,76833.0390625,77279.9296875,19808387601,0.0038815318365379436,0.011921150914757732,76792.3671875,78835.644921875,76937.47296875,33.09446288887952,25070974406.8,0.7900924503208527,-0.04843916156675143,BTC-USD
2026-05-26,77280.125,77990.8671875,75569.46875,75825.734375,35999475458,-0.01881724424932052,0.012725926108005102,76449.6796875,78555.555078125,77076.79109375,32.59063512567606,26842572417.6,1.3411335880161788,-0.03235327633448981,BTC-USD
2026-05-27,75825.3046875,76014.296875,74136.5,74344.703125,33802172927,-0.019532039646005694,0.013685495614764705,76220.971875,78272.290625,77124.87109375,31.920079954409957,28031198981.2,1.2058768142479557,-0.007934219422575661,BTC-USD
2026-05-28,74339.5703125,74460.125,72493.4140625,73536.5546875,40148145327,-0.010870289388891785,0.013849556632280123,75593.609375,77939.780078125,77173.135,20.355299630350814,30066184046.2,1.3353256025210234,0.0005865492704042463,BTC-USD
2026-05-29,73537.03125,74218.5625,72435.625,73372.5234375,34457929250,-0.00223060831034394,0.013856109995733409,74871.8890625,77575.187890625,77205.22890625,23.77166007290569,32843222112.6,1.049164090291267,-0.02797709420132688,BTC-USD
2026-05-30,73370.8515625,74020.7578125,73125.234375,73754.8359375,19563589191,0.0052105676905831455,0.013471883337155299,74166.8703125,77155.983203125,77220.7446875,28.756697723627184,32794262430.6,0.596555242930099,-0.09560294722199891,BTC-USD
2026-05-31,73753.75,74153.5,73315.015625,73579.6875,17445435650,-0.002374738351372918,0.013349449529743623,73717.6609375,76748.552734375,77231.25296875,30.307002574540576,29083454469.0,0.5998405611890106,-0.12999946911299398,BTC-USD
2026-06-01,73580.2109375,73969.5703125,70599.5078125,71319.7734375,43378836121,-0.030713830668280595,0.01414954829977063,73112.675,76290.666796875,77242.5803125,25.627507953469404,30998787107.8,1.39937204543351,-0.10541535476607278,BTC-USD
2026-06-02,71321.03125,71334.953125,66127.265625,66703.65625,54990073882,-0.06472422674681189,0.021606036062546453,71746.0953125,75661.99375,77086.960625,18.546870750562036,33967172818.8,1.6189181883151706,-0.08666673772099265,BTC-USD
2026-06-03,66694.0078125,67402.9296875,64009.67578125,64014.3671875,47411556213,-0.04031696632071802,0.022128463954418292,69874.4640625,74810.149609375,76883.61578125,12.561952328363219,36557898211.4,1.2968895514407734,-0.04916010675826066,BTC-USD
2026-06-04,64020.0703125,64664.4453125,61335.75,63801.57421875,63800151780,-0.0033241439086123536,0.021441663346771864,67883.81171875,74046.9443359375,76663.545703125,12.020614642218973,45405210729.2,1.4051284148973293,-0.008809417234329375,BTC-USD
2026-06-05,63807.69140625,63901.515625,59108.91796875,60922.66796875,71465606706,-0.04512280904119048,0.02300485087653954,65352.4078125,73186.505859375,76378.95640625,11.494390086485097,56209244940.4,1.2714208629163526,0.035584815098905764,BTC-USD
2026-06-06,60924.4765625,61491.703125,59496.625,60867.4140625,30898464957,-0.0009069515189049637,0.02390906716549377,63261.9359375,72358.408984375,76053.7671875,5.560568533163703,53713170707.6,0.575249320603375,0.012755054563395873,BTC-USD
2026-06-07,60866.94140625,64128.04296875,60724.06640625,63239.51953125,36006496194,0.03897168140434348,0.030266525321715455,62569.10859375,71672.6763671875,75804.033359375,15.382984908192157,49916455170.0,0.7213352004138318,-0.0283087297629665,BTC-USD
2026-06-08,63244.0859375,64185.765625,62384.66796875,63090.58984375,34133252457,-0.0023550097882448773,0.030260922776795447,62384.353125,70989.660546875,75588.718125,13.983111935531781,47260794418.8,0.722231881134483,0.007456973296891878,BTC-USD
2026-06-09,63092.890625,63486.08984375,60756.6875,61643.78125,40144449754,-0.022932240724538477,0.029516870360427373,61952.79453125,70198.9609375,75304.14328125,13.988357500592173,42529654013.6,0.9439166784936162,0.030812807557128785,BTC-USD
2026-06-10,61643.20703125,62788.27734375,60788.0234375,61449.2890625,27493506779,-0.0031550982687325035,0.029473792309855102,62058.11875,69394.466796875,75006.07359375,14.966206005406349,33735234028.2,0.8149789847616765,0.04836565567466766,BTC-USD
2026-06-11,61448.87890625,63851.94921875,61447.96875,63561.0546875,29316677897,0.0343659895373587,0.03317429590526107,62596.846875,68798.107421875,74713.23265625,24.691578989513616,33418876616.2,0.8772490539908983,0.033815419844231975,BTC-USD
2026-06-12,63547.44140625,64334.015625,62778.79296875,63543.19921875,26881868307,-0.000280918383714468,0.027308261113169915,62657.5828125,68141.5990234375,74418.717578125,24.876088129042074,31593951038.8,0.8508549080799306,0.04321942890844621,BTC-USD
2026-06-13,63541.515625,64700.87890625,63431.3203125,64421.32421875,16956245530,0.013819338824553329,0.02465754482998739,62923.7296875,67513.608984375,74158.0378125,26.733117534526215,28158549653.4,0.6021704149791898,0.018306304947186325,BTC-USD
2026-06-14,64420.16796875,65749.78125,63634.0234375,65710.3984375,21572226975,0.020010054657876974,0.025308058392999717,63737.053125,66935.132421875,73920.00546875,31.415310211321795,24444105097.6,0.8825124457969227,-0.019661319299849156,BTC-USD
2026-06-15,65711.109375,67248.1328125,65315.8359375,66289.5,32927321950,0.00881293640382963,0.018754314522216774,64705.0953125,66458.320703125,73672.6446875,37.09565379816169,25530868131.8,1.2897063186420732,-0.051184989232834766,BTC-USD
2026-06-16,66289.4609375,66928.609375,65315.0703125,65600.640625,25063963967,-0.010391681563445165,0.01951491784834393,65113.0125,66021.117578125,73437.325,46.45637038115365,24680325345.8,1.0155443097213988,-0.03139915506732138,BTC-USD
2026-06-17,65600.4296875,66354.625,63870.9296875,64418.4453125,31288885189,-0.01802109402037566,0.01759036646468625,65288.06171875,65565.212109375,73198.68046875,51.43735945157909,25561728722.2,1.2240520009050109,-0.002775129551524702,BTC-USD
2026-06-18,64419.64453125,64736.921875,62201.14453125,62896.47265625,30432454936,-0.0236263487711752,0.019369914291386407,64983.09140625,65041.4095703125,72941.087265625,47.05474997928082,28256970603.4,1.0769892980791873,0.005422663495201707,BTC-USD
2026-06-19,62897.515625,63568.22265625,62275.58203125,63540.8359375,22361931660,0.010244823819797633,0.01781080371969879,64549.17890625,64530.7095703125,72685.817578125,59.96948991093589,28414911540.4,0.7869787533283733,0.006472523144872344,BTC-USD
2026-06-20,63535.80859375,64307.13671875,63149.66015625,64239.67578125,17486384117,0.01099827903487749,0.017813992748799155,64139.2140625,64063.708984375,72407.03109375,62.240969137635275,25326723973.8,0.690432135442757,-0.024465507194523006,BTC-USD
2026-06-21,64242.32421875,64506.578125,63221.0,63237.5390625,15739619591,-0.015599965388407244,0.015375753296495834,63666.59375,63659.597265625,72098.636875,49.992017148487655,23461855098.6,0.6708599778173212,-0.03546004925624546,BTC-USD
2026-06-22,63240.7890625,65544.0,63233.53125,63952.10546875,26561496819,0.01129971875635083,0.015815822979963867,63573.32578125,63522.0197265625,71806.914453125,53.321145899842186,22516377424.6,1.1796523178715488,-0.06614996733089873,BTC-USD
2026-06-23,63952.79296875,64196.5625,61893.20703125,62668.01953125,29608942370,-0.02007886883610832,0.01632891063387586,63527.63515625,63454.70234375,71463.71671875,53.99860859614304,22351674911.4,1.3246856214295861,-0.04231169045365735,BTC-USD
2026-06-24,62663.03125,63097.7578125,59029.85546875,60995.1328125,42644106535,-0.026694424544815853,0.015802975911447838,63018.49453125,63314.3802734375,71065.07828125,48.41046579160072,26408109886.4,1.6148110076201034,-0.017297038429167744,BTC-USD
2026-06-25,60992.0703125,61868.90625,58075.921875,59721.67578125,40625024718,-0.02087801063020267,0.015216404151942394,62114.89453125,63254.3306640625,70630.961171875,35.72458326858026,31035838006.6,1.3089714126411147,-0.0031703051701613694,BTC-USD
2026-06-26,59712.0546875,60647.1875,58269.125,60016.4296875,41502864671,0.004935459402204856,0.015957218815870974,61470.67265625,63211.7814453125,70231.089921875,37.151478702847996,36188487022.6,1.1468527171384957,0.002031930579426078,BTC-USD
2026-06-27,60016.3125,60835.046875,59794.62109375,59940.09765625,15099836554,-0.0012718522519159503,0.01575275900693839,60668.27109375,63046.8103515625,69826.1565625,32.66131469999323,33896154969.6,0.4454734340087362,-0.023043644159061127,BTC-USD
2026-06-28,59940.3515625,60432.70703125,58879.6328125,59532.33984375,16282230874,-0.006802755224698642,0.014647347930591765,60041.13515625,62868.8978515625,69403.516015625,24.346398708871632,31230812670.4,0.5213514949430695,0.007918687052907547,BTC-USD
2026-06-29,59522.7890625,60682.33984375,58856.1875,60138.37890625,30829983083,0.010179997360940662,0.014639674304702258,59869.784375,62793.627734375,68963.505,24.51526491104788,28867987980.0,1.0679643868619901,0.022397043277467166,BTC-USD
2026-06-30,60136.453125,60173.21875,58111.671875,58558.859375,32747419391,-0.026264750729518727,0.014746427758134577,59637.22109375,62649.10625,68500.11625,22.830341102282446,27292466914.6,1.1998702606645608,0.06805699233703688,BTC-USD
2026-07-01,58562.4453125,61223.76953125,57747.765625,60003.7578125,37904450118,0.024674292718837698,0.017934383913316598,59634.68671875,62471.24140625,68090.6415625,33.305029763065434,26572784004.0,1.4264387996490788,0.05140589502141868,BTC-USD
2026-07-02,60004.76953125,62117.875,59532.32421875,61485.30078125,40109297349,0.024690836420271145,0.019706528722578474,59943.72734375,62368.346484375,67734.805234375,44.64701980984963,31574676163.0,1.2702995635471024,0.03354593707832998,BTC-USD
2026-07-03,61492.06640625,62879.0078125,61176.72265625,62544.19921875,26131813598,0.017221977026140145,0.0198025172147748,60546.09921875,62274.490234375,67364.66421875,46.33473954770331,33544592707.8,0.7790171675545092,0.023196658113340485,BTC-USD
2026-07-04,62545.12890625,63398.41015625,62287.5859375,63088.3046875,18608397613,0.008699535297381988,0.017539018927655813,61136.084375,62143.385546875,67045.11671875,45.716937851271666,31100275613.8,0.598335456703894,0.003314240964085169,BTC-USD
2026-07-05,63089.05859375,63935.84765625,62413.9921875,63547.8828125,18267466154,0.00728468021571449,0.015305180153013197,62133.8890625,62006.3046875,66753.445625,51.203029924930256,28204284966.4,0.6476840726776866,-0.0203045095547415,BTC-USD
2026-07-06,63551.015625,64597.5703125,61275.828125,63995.015625,36552222303,0.0070361559301554966,0.015298255356846297,62932.140625,61926.0234375,66484.75890625,50.169860644688015,27933839403.4,1.308528404389373,-0.012530150663589312,BTC-USD
2026-07-07,63994.59765625,64257.6328125,62623.93359375,63297.39453125,31026493556,-0.010901178582999993,0.01612561627167556,63294.559375,61869.9708984375,66211.623359375,52.612701960629146,26117278644.8,1.1879680872561902,0.013108692702040958,BTC-USD
2026-07-08,63293.51953125,63706.88671875,61492.6484375,62257.57421875,27349235354,-0.01642753734494773,0.01719848540483664,63237.234375,61838.0259765625,65921.75671875,55.53146457456236,26360762996.0,1.037497865981724,0.024807473538454472,BTC-USD
2026-07-09,62257.31640625,63422.94140625,61645.75390625,63193.1484375,26546256117,0.015027476262771566,0.017439256792382028,63258.203125,61820.6416015625,65636.46421875,65.67458070751914,27948334696.8,0.9498331977554093,0.008941955361804421,BTC-USD
2026-07-10,63194.359375,64658.96875,62902.0625,64127.140625,27450201269,0.014779959704393386,0.013655669303722959,63374.0546875,61815.01484375,65368.22359375,67.54792428163603,29784881719.8,0.9216152518998261,-0.029441816878920002,BTC-USD
2026-07-11,64127.96875,64445.4609375,63785.62109375,63802.02734375,13954689047,-0.005069823448876076,0.013142430830529078,63335.45703125,61843.2392578125,65134.499296875,66.1430398332162,25265375068.6,0.5523246343705775,0.01808854648586733,BTC-USD
2026-07-12,63791.40234375,64243.1328125,63606.82421875,63758.21875,19043437787,-0.0006866332556169086,0.011534300128338715,63427.621875,61833.544921875,64876.196328125,68.21869473091418,22868763914.8,0.8327270270465139,0.014965227522138136,BTC-USD
2026-07-13,63757.171875,64340.8828125,61769.0,62239.12109375,37650044790,-0.023825911169295333,0.013347530788658649,63423.93125,61812.1,64581.35625,58.39577986349188,24928925802.0,1.5102955132940148,0.024906523887363585,BTC-USD
2026-07-14,62238.5859375,65046.1328125,62207.5234375,64956.11328125,29841287318,0.043654089899621606,0.019263582759914712,63776.52421875,62010.1490234375,64334.879921875,73.43629657466242,25587932042.2,1.1662250497142677,-0.01626717317852533,BTC-USD
2026-07-15,64959.80859375,65507.59375,64442.8203125,64712.375,27029791676,-0.0037523532264722714,0.01931248309860964,63893.57109375,62259.683984375,64112.612734375,68.91464319383788,25503850123.6,1.059831811471789,0.001301552639661363,BTC-USD
2026-07-16,64713.296875,64931.85546875,63701.8046875,63789.28125,27232426674,-0.014264562998962727,0.019860186219595104,63891.021875,62448.3265625,63901.504296875,59.689900321113406,28159397649.0,0.9670812924852135,0.014132835796766496,BTC-USD
2026-07-17,63789.91015625,64332.01953125,62489.453125,63899.4609375,27280236800,0.0017272445360874134,0.019498566310465502,63919.2703125,62646.2947265625,63708.762421875,56.19415261224287,29806757451.6,0.9152366487464278,0.02082281112749018,BTC-USD
2026-07-18,63899.1796875,64816.50390625,63845.015625,64796.6015625,14162542470,0.014039877830542169,0.01882126307717898,64430.76640625,62909.5078125,63537.243984375,57.56359958463883,25109256987.6,0.5640367007671336,0.02636748527393107,BTC-USD
2026-07-19,64799.27734375,64909.88671875,64250.9140625,64690.8046875,15000653941,-0.0016327534538667088,0.018487097494264325,64377.7046875,63137.1291015625,63355.963359375,55.22402076838748,22141130312.2,0.67750172324014,0.021795867191808815,BTC-USD
2026-07-20,64684.41796875,65735.71875,63720.390625,65230.02734375,30988932408,0.008335383349377112,0.018120020274683422,64481.23515625,63470.6875,63188.97015625,55.597816560640375,22932958458.6,1.3512836760221385,-0.0028394107942643076,BTC-USD
2026-07-21,65228.87109375,66910.0625,65113.65625,66505.125,29554470321,0.019547709976119876,0.018736826446722882,65024.40390625,63795.755859375,63092.6771875,63.816100509485935,23397367188.0,1.2631536738098397,-0.036187119507707144,BTC-USD
2026-07-22,66506.7890625,66694.6484375,65514.17578125,66100.796875,28142272410,-0.0060796536357160536,0.01897288556393202,65464.67109375,64026.5306640625,63080.62,67.51189779907182,23569774310.0,1.1939983828381426,-0.02706449028720581,BTC-USD
2026-07-23,66100.1328125,66282.3828125,64610.609375,65044.8125,24364433538,-0.01597536527429344,0.0178320512376171,65514.31328125,64151.561328125,63101.22890625,58.34565159062211,25610152523.6,0.9513583925573245,0.004542841617846127,BTC-USD
2026-07-24,65044.95703125,65760.484375,63686.03515625,64098.49609375,25917559237,-0.01454868374399576,0.01229214585340419,65395.8515625,64202.0708984375,63107.16734375,49.87103924465894,27793533582.8,0.9325032083376061,-0.005828493319150252,BTC-USD
2026-07-25,64098.4921875,64386.0625,63753.02734375,64311.8125,13817493398,0.003327947132145015,0.012336488272558769,65212.20859375,64240.2673828125,63174.950234375,52.3184459865418,24359245780.8,0.567238145316099,-0.006848651929223681,BTC-USD
2026-07-26,64311.78515625,65503.76953125,64233.453125,65340.30078125,14301494281,0.0159922142024842,0.012310100430076859,64979.24375,64307.531640625,63264.40796875,56.60367883215487,21308650572.8,0.671159078428717,-0.021918062748051526,BTC-USD
2026-07-27,65340.58984375,65658.3359375,63562.484375,63724.8984375,26183821002,-0.024722909512739144,0.015029482778345952,64504.0640625,64328.9068359375,63274.115546875,56.15223738162055,20916960291.2,1.2517985709910167,0.015698889771180724,BTC-USD
2026-07-28,63723.48828125,64026.921875,62714.8046875,63871.36328125,24128738898,0.0022983927372384194,0.014233435364885739,64269.37421875,64409.5962890625,63289.731015625,44.29353477151206,20869821363.2,1.1561545486223703,-0.01655855039202636,BTC-USD
2026-07-29,63871.39453125,64638.6953125,63206.2109375,63908.16796875,28611167472,0.0005762314378343625,0.014245622786695894,64231.30859375,64445.347265625,63335.01875,45.67520728343686,21408543010.2,1.3364369288637878,-0.017913948915102895,BTC-USD
2026-07-30,63908.625,65071.4453125,63533.90625,64725.30859375,26250039650,0.012786168825862365,0.0146381526063543,64314.0078125,64475.2556640625,63400.539140625,55.091707815021316,23895052260.6,1.098555440001405,-0.019209002178014467,BTC-USD
2026-07-31,64723.96875,65328.18359375,62410.8671875,62813.74609375,30439749629,-0.02953346289931147,0.015315082134939519,63808.696875,64425.8416015625,63385.59296875,45.061819861596,27122703330.2,1.122297776088809,0.010302718497064545,BTC-USD
2026-08-01,62813.6640625,63091.59765625,62233.01171875,62763.3203125,13553286543,-0.0008027825816142586,0.01538699589795327,63616.38125,64376.0966796875,63369.995390625,39.98023458247384,24596596438.4,0.551022844845343,0.02059535419834302,BTC-USD
2026-08-02,62763.4453125,63714.61328125,62745.25390625,63482.0,15901776708,0.011450632055819865,0.015666972917760914,63538.50859375,64438.240625,63351.20890625,44.382478132882945,22951204000.4,0.6928515256856616,0.017571910147758496,BTC-USD
2026-08-03,63485.44140625,64020.32421875,62226.578125,63460.8984375,26038889824,-0.0003324022951387562,0.01506732452726488,63449.0546875,64363.4798828125,63306.21890625,41.362614309281106,22436748470.8,1.160546496204116,0.012625330927816591,BTC-USD
2026-08-04,63458.41015625,64466.9375,63277.68359375,64055.953125,23662357784,0.009376713884472476,0.015374027679235118,63315.18359375,64330.6587890625,63261.54796875,37.19195762111492,21919212097.6,1.079525928150988,0.012867473529611928,BTC-USD
2026-08-05,64054.87890625,64954.34765625,63829.71875,64597.5,23568584891,0.008454278620180888,0.014654917697481755,63671.934375,64371.0697265625,63241.48515625,42.24967999349112,20544979150.0,1.147170056436879,0.004755408491040614,BTC-USD
2026-08-06,64595.44921875,64934.4921875,64098.4765625,64262.11328125,18529402711,-0.005191945798986075,0.012253362623725153,63971.69296875,64389.20234375,63238.358515625,45.64086587892123,21540202383.6,0.8602241697184646,0.009068693943341533,BTC-USD
2026-08-07,64257.48828125,65330.609375,64113.2734375,64880.19140625,22165720102,0.009618079665306256,0.012560413582338075,64251.33125,64393.3818359375,63278.032890625,54.51875570167912,22792991062.4,0.9724796557554587,-0.014944553148414363,BTC-USD
2026-08-08,64882.546875,65140.48046875,64797.11328125,64904.6875,12350094271,0.0003775589007839475,0.012562440364335292,64540.0890625,64404.0759765625,63305.309921875,53.50372728103782,20055231951.8,0.6158041104027996,-0.02084306314547779,BTC-USD
2026-08-09,64906.55078125,65401.69140625,64677.6015625,64844.88671875,13234538380,-0.0009213630564047781,0.011941186938507597,64697.87578125,64384.8189453125,63317.414140625,46.69368874280608,17969668071.0,0.736493202195443,-0.02224467028921362,BTC-USD
2026-08-10,64845.3828125,65321.83984375,63752.56640625,63910.5859375,22384770392,-0.014408241397696031,0.008084785805001996,64560.49296875,64255.0919921875,63330.875078125,51.36317545091237,17732905171.2,1.2623295605479856,-0.00795508373209397,BTC-USD
2026-08-11,63910.17578125,64433.6796875,63185.47265625,63551.875,20824820662,-0.005612699871830218,0.008391589172854493,64418.4453125,64127.6458984375,63322.87046875,47.72544358424861,18191988761.4,1.1447247981037882,-0.009067887454146661,BTC-USD
2026-08-12,63551.87109375,64381.078125,63251.11328125,63402.43359375,23063864553,-0.0023514869742238265,0.0076339468597523006,64122.89375,64045.526953125,63337.55875,46.45632178748441,18371617651.6,1.2554073892884088,-0.005963702965610995,BTC-USD
2026-08-13,63404.42578125,63926.33203125,62799.2890625,63402.171875,18765583756,-4.127897545336268e-06,0.0076335381968356125,63822.390625,64010.7107421875,63385.69953125,39.53023723050768,19654715548.6,0.9547624186978717,-0.009203462815129293,BTC-USD
2026-08-14,63402.08984375,63551.5625,62487.69921875,62975.59375,20280053024,-0.006728131109467572,0.007100158640133579,63448.53203125,63943.8998046875,63450.777890625,51.67410254317482,21063818477.4,0.9627909130416725,0.024305608968553827,BTC-USD
2026-08-15,62974.3359375,63119.1328125,62850.9609375,63024.3203125,10033057106,0.0007737372464233783,0.006246576488272138,63271.27890625,63828.10078125,63510.935703125,52.70065333693334,18593475820.2,0.5396009440634042,0.026281768955015217,BTC-USD
2026-08-16,63023.421875,63310.77734375,62648.57421875,62818.65234375,9078986635,-0.0032633111746420695,0.00618177327156368,63124.634375,63782.7884765625,63568.506796875,42.32085831367012,16244309014.8,0.5589026056281151,0.10263727277956303,BTC-USD
2026-08-17,62819.37890625,64547.84765625,62687.1015625,64506.25390625,21555405073,0.02686465722418352,0.010651370962872431,63345.3984375,63814.5330078125,63667.985078125,58.73217661765406,15942617118.8,1.3520618924970127,0.13218104276589937,BTC-USD
2026-08-18,64506.5234375,64987.7109375,63980.32421875,64680.7109375,18728001793,0.002704497946874218,0.01069864895019087,63601.10625,63853.16015625,63758.83171875,55.61322257895601,15935100726.2,1.1752672364479,0.21110585156823825,BTC-USD
2026-08-19,64680.046875,69996.953125,64111.0703125,69266.1875,46228098443,0.07089403465170441,0.02490390482164646,64859.225,64080.2041015625,63972.97828125,74.29334525793732,21124709810.0,2.188342413163781,0.11285775707664003,BTC-USD
2026-08-20,69268.25,73369.8046875,68867.53125,73032.7578125,55444322363,0.054378195891032766,0.02771005433799715,66860.9125,64591.1546875,64233.55828125,83.62933879482357,30206962861.4,1.8354815284607637,0.06466287120944125,BTC-USD
2026-08-21,73031.0859375,79463.7109375,73011.4140625,78335.1875,74478039014,0.0726034432536855,0.032292466802775276,69964.21953125,65369.748046875,64570.556015625,87.95588385351596,43286773337.2,1.720572666246636,0.008033386975680568,BTC-USD
2026-08-22,78332.5546875,78801.1484375,76526.7109375,77083.4140625,42131959963,-0.01597970819307737,0.03367304953935738,72479.6515625,66049.81875,64861.3403125,82.13079646966193,47402084315.2,0.8888208308065881,0.019220250140954187,BTC-USD
2026-08-23,77082.84375,78036.8671875,75624.9453125,77755.265625,31158396908,0.008715903034020478,0.03320059888533217,75094.5625,66764.537109375,65154.67953125,82.99550050964939,49888163338.2,0.6245649232819446,0.016361030211579308,BTC-USD
2026-08-24,77748.875,79970.109375,76688.828125,78964.484375,55502180329,0.01555159949979279,0.0318458484546113,77034.221875,67509.963671875,65463.0115625,87.94061264207309,51742979715.4,1.0726514134724476,0.016375142543314958,BTC-USD
2026-08-25,78960.09375,81235.03125,77870.625,78564.9765625,46728068401,-0.005059335417207933,0.03235415658867086,78140.665625,68208.3375,65754.41078125,87.7601407538521,49999728923.0,0.934566434809309,-0.009351336080594908,BTC-USD
2026-08-26,78538.5859375,79240.5,77639.8359375,79027.421875,29329039002,0.005886150963618109,0.03165897020560473,78279.1125,68946.6029296875,66069.011328125,88.689951457616,40969928920.6,0.7158674612016017,-0.00989035649215908,BTC-USD
2026-08-27,79037.921875,80806.5625,78591.1015625,80257.5390625,34033075972,0.015565700592456544,0.03173326873849815,78913.9375,69715.4703125,66429.010625,89.340480002334,39350152122.4,0.8648778755959811,-0.03227072223063154,BTC-USD
2026-08-28,80264.6484375,81346.953125,76909.3515625,77830.2890625,39362871737,-0.030243264724449048,0.03550610922474102,78928.9421875,70361.750390625,66721.7534375,81.70950744390886,40991047088.2,0.9602797326036422,0.009229616883770664,BTC-USD
2026-08-29,77830.890625,78327.9453125,77381.8984375,78245.8125,14053131399,0.005338839705019138,0.030623818610226228,78785.2078125,71031.7966796875,67004.126875,81.99151359591423,32701237302.2,0.4297431093854839,-0.010763355546982156,BTC-USD
2026-08-30,78246.171875,79373.1796875,77056.1484375,77667.5703125,19314839672,-0.007390071992670499,0.0273300323771414,78605.7265625,71719.6458984375,67281.437734375,80.72724174618077,27218591556.4,0.7096193655714135,-0.00472647397778736,BTC-USD
2026-08-31,77673.703125,79247.34375,77378.4375,78548.6328125,30608386987,0.011344020373690089,0.014909996782311651,78509.96875,72469.4837890625,67577.246015625,80.06170476342912,27474461153.4,1.1140668716340656,0.03466781377977912,BTC-USD
2026-09-01,78539.859375,79196.515625,76399.0625,77403.625,30608796575,-0.014577055914304693,0.014744748392039196,77939.1859375,73169.543359375,67880.53609375,76.15034287808197,26789605274.0,1.1425624327771124,0.029305394288704267,BTC-USD
2026-09-02,77402.140625,77737.546875,76248.3046875,77300.4765625,26525296646,-0.0013326047391191143,0.014463343821463791,77833.2234375,73864.45859375,68127.423359375,70.24347148935199,24222090255.8,1.0950870203965364,0.03264392067440558,BTC-USD
2026-09-03,77300.1640625,82262.2109375,76940.8828125,81271.7421875,40504199354,0.051374400283148214,0.021569179181830846,78438.409375,74779.266015625,68458.610703125,70.54728062559717,29512303846.8,1.372451285547192,-0.0113409075244576,BTC-USD
2026-09-04,81271.5390625,81433.1484375,78641.625,79671.96875,37501874897,-0.019684251800695995,0.022651836578620285,78839.2890625,75611.6484375,68776.264453125,54.08896952270981,33149710891.8,1.1312881436403888,-0.006980085922628887,BTC-USD
2026-09-05,79671.703125,80194.5078125,79465.0625,79823.8671875,18559708494,0.001906548060543578,0.022603625081746816,79094.3359375,76461.9091796875,69094.752578125,58.987265363346054,30739975193.2,0.6037645891824142,-0.017354321599654665,BTC-USD
2026-09-06,79824.6015625,80530.6484375,79327.5,80350.046875,19391863269,0.006591758906694389,0.022144730603779073,79683.6203125,77254.098828125,69405.821484375,58.591626390022775,28496588532.0,0.6804977110584333,-0.02601770028525574,BTC-USD
2026-09-07,80349.1953125,80432.3125,78684.9296875,79115.8515625,23414434445,-0.015360231393766743,0.020283342719183202,80046.6953125,77975.855859375,69694.322421875,50.50036697882679,27874416091.8,0.8399973067736468,-0.03220247917684793,BTC-USD
2026-09-08,79114.90625,79463.2734375,77635.6875,78438.578125,34680168667,-0.00856052768344362,0.02049067908210862,79480.0625,78434.475390625,69958.4934375,49.58970558922477,26709609954.4,1.2984153915466283,-0.016124479563926264,BTC-USD
2026-09-09,78440.6015625,79737.296875,77768.1484375,78259.5234375,29192409298,-0.0022827375480297674,0.020337147331841506,79197.5734375,78695.813671875,70193.58140625,47.460652003065064,25047716834.6,1.1654718667880608,-0.012638138389507114,BTC-USD
2026-09-10,78260.3828125,78520.96875,76470.640625,76568.125,30120111719,-0.021612685117496144,0.02111947208904747,78546.425,78607.460546875,70402.92796875,38.16074283883448,27359797479.6,1.1008894251303631,0.003526679672513966,BTC-USD
2026-09-11,76559.125,79818.3359375,76162.9140625,77173.796875,37410998193,0.007910235166395996,0.020869064722250898,77911.175,78611.9796875,70645.50765625,47.61443777427394,30963624464.4,1.208224128800321,0.012822822999143835,BTC-USD
2026-09-12,77175.0703125,77479.65625,77045.0,77270.46875,12664765797,0.001252651533480753,0.02086818061678365,77542.0984375,78587.73984375,70908.947109375,46.37171680535308,28813690734.8,0.43953986712656745,-0.02145659220554419,BTC-USD
2026-09-13,77270.1796875,77415.65625,76498.3828125,76838.15625,13607872549,-0.005594795877305936,0.010563268835934335,77222.0140625,78481.4234375,71159.473984375,46.88070919977036,24599231511.2,0.5531828318622211,-0.00895174963935963,BTC-USD
2026-09-14,76830.28125,79568.953125,76367.375,78163.3828125,29909358382,0.017246985445463547,0.011485693764357664,77202.7859375,78461.34375,71415.935625,48.59797725693477,24742621328.0,1.2088193076031544,-0.022511939883935073,BTC-USD
2026-09-15,78162.484375,78242.546875,74944.59375,75612.5078125,39694675220,-0.032635166342775745,0.014912980655260174,77011.6625,78290.598046875,71653.6878125,44.08674924028386,26657534028.2,1.4890602850964572,0.06994812469539124,BTC-USD
2026-09-16,75611.796875,76474.078125,74995.5234375,76150.3203125,30053315577,0.007112745173505353,0.014959993822484372,76806.9671875,78085.237109375,71899.266953125,46.30877699717681,25185997505.0,1.1932549255209657,0.06675427436338133,BTC-USD
2026-09-17,76152.0546875,77079.1640625,75945.5546875,76403.7734375,21917458567,0.003328326446427221,0.014722414350233326,76633.628125,78013.911328125,72149.1790625,29.48047500181123,27036536059.0,0.8106607488167499,0.06202358501804195,BTC-USD
2026-09-18,76405.015625,81331.765625,76228.328125,80901.4609375,40378562386,0.05886734774532054,0.024368603500070557,77446.2890625,78146.69375,72472.702109375,54.165028003279616,32390674026.4,1.2466107483002506,0.07047404408932278,BTC-USD
2026-09-19,80900.2890625,81911.140625,80814.9375,81233.6796875,20505634866,0.004106461689939778,0.024287864195058545,78060.3484375,78324.99921875,72841.10078125,54.71823812282856,30509929323.2,0.6720970949744989,0.06079500007261074,BTC-USD
2026-09-20,81234.3046875,81455.203125,80098.7734375,81142.609375,21259753701,-0.0011210905729045484,0.0226994905604327,79166.36875,78454.698046875,73208.6865625,52.73204677291652,26822945019.4,0.79259580503273,0.03993460972550844,BTC-USD
2026-09-21,81143.625,87363.7578125,80867.0859375,86602.9140625,57676223471,0.06729269282264805,0.029874354504938916,81256.8875,78914.6625,73671.10484375,69.98571888560593,32347526598.2,1.7830180399081712,-0.0256787151630381,BTC-USD
2026-09-22,86604.375,86700.0,85098.0078125,86172.28125,40800687783,-0.004972497948385612,0.03018608834327119,83210.5890625,79358.252734375,74125.3325,70.91955120917058,36124172441.4,1.1294566774972121,-0.02480332821640374,BTC-USD
2026-09-23,86176.765625,87265.4921875,83519.734375,84383.0078125,46088463341,-0.020763909363255895,0.03148608808998426,83906.8984375,79513.816015625,74531.87359375,65.23663451407599,37266152632.4,1.236737899820914,0.0002778440009165717,BTC-USD
2026-09-24,84381.59375,84876.2265625,82906.6171875,84379.0625,37106744985,-4.675482188032376e-05,0.0315093547144869,84535.975,79749.170703125,74927.50484375,71.2171217376394,40586374656.2,0.9142660634098185,0.0009365289819378564,BTC-USD
2026-09-25,84379.515625,85230.0546875,83165.53125,84034.921875,34118533914,-0.004078507331128467,0.028561840333524432,85114.4375,79959.7234375,75322.961015625,68.90572796472979,43158130698.8,0.7905470733223544,-0.0063344201210991935,BTC-USD
2026-09-26,84035.8203125,84423.1796875,83781.109375,84406.453125,15169336375,0.004421153036265668,0.02861488808649119,84675.1453125,80162.54375,75713.48625,69.3696979670221,34656753279.6,0.4377021774838073,-0.008547276728138153,BTC-USD
2024-12-09,172.9449339559485,175.23150110703355,172.6367300920802,174.34669494628906,25389600,0.004928165044144395,0.009322986934916979,172.5147705078125,172.08067092895507,168.4511312866211,50.43274449720566,24414400.0,1.039943639819123,0.09460007167872186,GOOGL
2024-12-10,181.7830835704706,185.27259739857968,179.9935834651244,184.08953857421875,54813000,0.055882009297228974,0.018130694590765915,175.3036346435547,172.33052749633788,168.83905181884765,59.48015685959863,30927260.0,1.7723199533356657,0.02511203952889196,GOOGL
2024-12-11,184.22869140717978,194.46859270076922,183.77138405763577,194.2598114013672,67894100,0.055246337765402886,0.023009843604212477,179.5247772216797,173.02584228515624,169.40773712158204,71.1662280242814,38183060.0,1.7781209782558025,0.006448427387267142,GOOGL
2024-12-12,193.86215946833025,194.04110187251197,190.59136355506865,190.83990478515625,34817500,-0.017604807662172317,0.0249112584090808,183.40552978515626,173.68620529174805,169.93046661376954,79.57984789537002,40875320.0,0.8517976128382604,0.01802447356191994,GOOGL
2024-12-13,189.89544591832112,191.6054108844412,188.5334447604449,188.71240234375,25143500,-0.011148100518082682,0.025703105050027233,186.44967041015624,174.4040428161621,170.4106460571289,80.99994987360989,41611540.0,0.6042434382385271,-0.007480843271243542,GOOGL
2024-12-16,191.74458805351563,197.83882401959605,191.4960468173101,195.51248168945312,44934900,0.03603408817464149,0.026801889917554788,190.68282775878907,175.6153076171875,171.00299499511718,82.68119613929193,45520600.0,0.9871332978915041,-0.04144217647149728,GOOGL
2024-12-17,196.09901710347702,200.2446827169294,193.84225864137167,194.27969360351562,43504000,-0.006305418842238564,0.027193917895575032,192.72085876464843,176.62541275024415,171.65171875,79.80246492393626,43258800.0,1.0056682108611428,-0.020519836378524725,GOOGL
2024-12-18,194.0808868210915,195.8504992556076,186.64453708673446,187.30067443847656,34166100,-0.035922535369454445,0.0312915200643028,191.32903137207032,177.14654922485352,172.13305694580077,68.85143755216724,36513200.0,0.9357191371887427,0.03306794975811278,GOOGL
2024-12-19,190.5118237091531,191.90364849444197,187.28078779996244,187.41001892089844,32265200,0.0005837911836126253,0.030783359651040187,190.64305419921874,177.7794075012207,172.66663116455078,69.29454210946244,36002740.0,0.8961873457409075,0.04031622271853608,GOOGL
2024-12-20,184.69595286927182,191.76446587529261,184.13922295556452,190.29310607910156,63462900,0.015383847538161799,0.030834139170091587,190.95919494628907,178.97100906372071,173.2534973144531,69.51069995873524,43666620.0,1.4533504081607416,0.02189029968529521,GOOGL
2024-12-23,191.49604252749893,193.96158245764806,189.04045395521715,193.49432373046875,25675000,0.016822562400324204,0.0308586850606781,190.5555633544922,180.46517028808594,173.88135009765625,71.4987309034905,39814640.0,0.6448632965160555,-0.00960811441257381,GOOGL
2024-12-24,193.70308928801546,194.96568298339844,192.64927690043314,194.96568298339844,10403300,0.007604146853316784,0.026508823985601955,190.69276123046876,181.8894073486328,174.5044696044922,70.66824596855817,33194500.0,0.31340432903041165,-0.024833002289769035,GOOGL
2024-12-26,194.0112928154141,195.60196287620988,193.2457966910566,194.45867919921875,12046600,-0.002600477050224592,0.020129107944942642,192.12436218261718,183.2153076171875,175.10751831054688,72.32814209696194,28770600.0,0.4187121575497209,-0.03220861447119927,GOOGL
2024-12-27,193.8124315456521,194.1802828500262,189.53751972128225,191.6352081298828,18891400,-0.014519645412398141,0.0198461055691158,192.96940002441406,184.39457168579102,175.66005676269532,67.33802211877227,26095840.0,0.723923813144164,-0.017275413139814844,GOOGL
2024-12-30,188.69249985736334,191.42645331502607,188.01645984137915,190.1240997314453,14264700,-0.007885338050267476,0.01965755126346758,192.93559875488282,185.5121826171875,176.22666198730468,64.89024294706961,16256200.0,0.877492895018516,0.002875929185400361,GOOGL
2024-12-31,189.96504702886492,190.83991706940904,187.41003573761844,188.1954345703125,17466900,-0.010144243490736282,0.015470051277569268,191.87582092285157,186.40724563598633,176.74496185302735,54.545457616788546,14614580.0,1.1951694814356622,0.03998921318521087,GOOGL
2025-01-02,189.53751300659357,190.87964155417174,186.40589995524584,188.3246307373047,20370800,0.0006865000061619941,0.015497109128724158,190.5476104736328,187.31621627807618,177.2529360961914,41.551043282200986,16608080.0,1.2265596023140544,0.031990813838519205,GOOGL
2025-01-03,190.2533357330172,192.08261071335764,188.87144710211905,190.67088317871094,18596200,0.01245855325572931,0.01096641733915969,189.79005126953126,188.19205551147462,177.78658477783202,49.751804498036535,17918000.0,1.0378502064962607,0.011262177784916227,GOOGL
2025-01-06,192.8480862204193,197.06335048957234,192.7188551101318,195.72122192382812,29563600,0.026487204868000935,0.013421467554455023,190.6072540283203,189.40630950927735,178.46811096191405,59.47831211634224,20052440.0,1.4743143477801206,-0.02453389336970302,GOOGL
2025-01-07,195.95983111785762,199.82713171693257,193.46448284459254,194.3492889404297,26487200,-0.007009628132877532,0.013257797740726697,191.4522918701172,190.44918899536134,179.12338989257813,48.15628357307217,22496940.0,1.177369011074395,-0.02291668874822117,GOOGL
2025-01-08,191.44631550729326,195.14459446590726,191.25742177534585,192.81825256347656,24864800,-0.007877756514058643,0.012508478324200692,192.37685546875,191.3727668762207,179.6974038696289,47.70524207363677,23976520.0,1.0370479118737832,-0.022118797262256296,GOOGL
2025-01-10,193.16624068951896,195.37328795351274,189.19951732698908,190.91941833496094,26665200,-0.00984779295150251,0.012503696136572928,192.89581298828125,191.71426086425782,180.20464324951172,56.760760121555585,25235400.0,1.0566585035307545,0.01827759459946554,GOOGL
2025-01-13,188.96094444164697,190.064453003047,186.2667506795452,189.89544677734375,21823700,-0.005363370402798218,0.012548264550881342,192.7407257080078,191.49604263305665,180.63261627197267,54.48998302525372,25880900.0,0.8432357452793373,0.009947217305472655,GOOGL
2025-01-14,190.12412730679594,190.85979972619006,187.21121585751197,188.5533447265625,17174900,-0.007067584155163509,0.011949013992745824,191.3071502685547,191.38171463012696,180.93881378173828,46.6717769652416,23403160.0,0.7338709815255717,0.03342809179421069,GOOGL
2025-01-15,191.96331352397246,195.21423727602792,190.74049483860904,194.40896606445312,21776000,0.031055515596301708,0.015480628583994122,191.31908569335937,191.66654281616212,181.42865661621093,51.58842297174111,22460920.0,0.9695061466760934,0.012784376097361605,GOOGL
2025-01-16,193.00719678139495,194.33937427025197,191.68495548164725,191.7843780517578,17815400,-0.013500344484241422,0.015814084502218977,191.11231079101563,191.48013763427736,181.86243286132813,44.68793090972464,21051040.0,0.8462954799382834,0.028303142524322755,GOOGL
2025-01-17,195.3832294332928,196.07914183949293,192.61945218456034,194.8563232421875,27735100,0.01601770291009119,0.01640449887546283,191.89969177246093,191.50896911621095,182.39836181640624,50.61158950375355,21265020.0,1.3042592953122076,0.01010203205862692,GOOGL
2025-01-21,197.90841585876197,201.10961291187695,196.71540583129996,196.8943634033203,29971300,0.010459194380875836,0.016295480530216733,193.29947509765626,191.98865356445313,182.96512176513673,58.28901800831154,22894540.0,1.3091025196400539,0.010906355393958123,GOOGL
2025-01-22,197.89845481899934,199.31016710135967,196.37738379513036,197.2124786376953,26200600,0.001615664505963288,0.014122369837959696,195.03130187988282,192.47877655029296,183.40378845214843,61.60863150571555,24699680.0,1.0607667791647504,-0.033069398260685445,GOOGL
2025-01-23,196.98383809552067,199.13123797930666,194.060990781993,196.82476806640625,26951400,-0.0019659535439505715,0.013898850884407739,195.51446228027345,192.80535964965821,183.75049194335938,64.88345506108845,25734760.0,1.0472761354681372,-0.013536749983022123,GOOGL
2025-01-24,196.9440747387753,199.72772435097139,196.8446521798743,199.04176330566406,23877500,0.011263802117169597,0.013804177293401972,196.9659393310547,193.08273162841797,184.18920013427734,67.2426000174793,26947180.0,0.8860852972370393,-0.023974883936794034,GOOGL
2025-01-27,191.28728569008513,195.731204323553,189.61708065071457,190.69078063964844,41728900,-0.041955931897524446,0.019677962807471604,196.13283081054686,192.86898651123047,184.42116760253907,50.026828846771075,29745940.0,1.4028435477244963,0.04723411674906308,GOOGL
2025-01-28,191.62527696108057,194.3393427841272,189.56734841729389,194.160400390625,24157900,0.018195005229608707,0.020355617187601333,195.5860382080078,192.85407257080078,184.69730529785156,47.80175240885299,28583260.0,0.8451765124062126,0.044649234044318975,GOOGL
2025-01-29,194.41887879385513,195.64169733166847,192.30130277467072,194.26976013183594,18218300,0.0005632443123877451,0.020102231103317336,194.99749450683595,192.98580017089844,185.03004760742186,49.88386198561244,26986800.0,0.6750818918878859,0.0297836189977696,GOOGL
2025-01-30,196.84464293202117,200.2247973993167,196.51656670676422,199.69789123535156,24354700,0.027941204538637354,0.01964113538646101,195.572119140625,193.46448974609376,185.53689239501952,59.01987050680955,26467460.0,0.9201751887034116,0.027430885628093815,GOOGL
2025-01-31,200.82129633888542,204.28098571145065,200.62246640616354,202.8295135498047,32001100,0.015681799617815573,0.019100173586781375,196.3296691894531,194.19619369506836,186.1677389526367,65.12631033063393,28092180.0,1.1391461965571914,-0.06219970683013565,GOOGL
2025-02-03,199.51897423058907,202.56111667222356,198.93242052734664,200.05581665039062,27838300,-0.01367501627781098,0.019632638487454317,198.20267639160156,194.78275299072266,186.68730346679686,62.35497694771748,25314060.0,1.099716916211781,-0.0478556780952093,GOOGL
2025-02-04,202.20322238534604,205.84186999162728,201.62660485458937,205.17578125,43856400,0.025592680509544108,0.020834087743040006,200.40575256347657,195.50799789428712,187.2532601928711,68.5119955953275,29253760.0,1.499171388566803,-0.10194803069966685,GOOGL
2025-02-05,189.9550998506434,191.62528964623422,186.93282997802248,190.2135772705078,70373900,-0.07292383091385057,0.0321646070806252,199.59451599121093,195.23261566162108,187.56247467041015,46.11559478166865,39684880.0,1.7733176968155127,-0.02540118244767675,GOOGL
2025-02-06,188.3942574313725,190.979092361129,187.61880998639617,190.4820098876953,29297400,0.0014112169122699747,0.03219588167564496,197.7513397216797,195.03925170898438,188.04289337158204,48.73915938838181,40673420.0,0.7203082504495565,-0.032776651351163255,GOOGL
2025-02-07,189.9352025187049,190.06443363710238,182.17077726737304,184.25851440429688,49315000,-0.0326723530850378,0.0330513557921589,194.03713989257812,194.61126480102538,188.45584167480467,40.330178828301776,44136200.0,1.1173367893022055,-0.009334138043715745,GOOGL
2025-02-10,186.2567974441607,187.10182849533746,184.77548630303588,185.38192749023438,23105600,0.006096939886710118,0.03085438269621854,191.10236206054688,194.33439025878906,188.83386138916015,39.31733839281289,43189660.0,0.5349799002816878,-0.001769665302789769,GOOGL
2025-02-11,183.95033114344977,185.8491897525843,183.20470746476104,184.2386474609375,21239500,-0.006167160115201131,0.029999351252147814,186.91493530273436,194.05155029296876,189.1598208618164,38.142853118603405,38666280.0,0.5493029068221716,-0.0004858267137441974,GOOGL
2025-02-12,182.1508962864482,184.02986736226762,180.76900766634557,182.5386199951172,22072600,-0.009227311909032254,0.029964061194661936,185.37994384765625,193.75081405639648,189.4495947265625,37.24934337162837,29006020.0,0.7609661718498436,0.0008713641923652204,GOOGL
2025-02-13,183.24449120134597,185.19304601185559,182.07136866992408,185.05386352539062,21402500,0.013779240416853744,0.028490916829801455,184.2943145751953,193.28305892944337,189.795234375,37.58164896708248,27427040.0,0.7803430483201979,-0.004673849677885866,GOOGL
2025-02-14,183.98013321073395,185.312310385701,183.24446097637198,184.14913940429688,20448400,-0.004888977208355461,0.027375196466696575,184.2724395751953,192.90129699707032,190.07233367919923,43.30753944404464,21653720.0,0.9443365851225564,-0.0036169672229902083,GOOGL
2025-02-18,184.51700109702455,184.8749010476211,180.67952419275377,182.6976776123047,29916700,-0.007881990633719527,0.027332824101013183,183.73558959960937,192.29336471557616,190.32338287353517,37.76789148247642,23015940.0,1.299825251543061,-0.022364724772461986,GOOGL
2025-02-19,182.99595464619662,184.37784335780142,182.51874453488796,184.18894958496094,19549400,0.00816251192760542,0.02539058812605407,183.72565002441405,191.6580940246582,190.54407989501954,39.55074214126148,22677920.0,0.8620455491508922,-0.032493146594977484,GOOGL
2025-02-20,183.72168304847523,184.22870170428735,181.65381816300632,183.4830780029297,20441500,-0.003832323185629871,0.012749668226977876,183.91454162597657,190.97162399291992,190.78501861572266,31.36858383185239,22351700.0,0.9145389388726585,-0.04952320410566646,GOOGL
2025-02-21,184.06965068494026,184.25854446928727,178.03507679362988,178.6116943359375,35199200,-0.02654949829713671,0.014494190754933467,182.62610778808593,190.06097030639648,190.8874185180664,23.242622472138194,25111040.0,1.4017420226322765,-0.03857299169552486,GOOGL
2025-02-24,180.9280885264688,182.0514846282233,177.84617104858543,178.20407104492188,29854200,-0.0022821758257830504,0.011156061425646763,181.43709411621094,189.0190856933594,190.96456604003907,24.524874997064828,26992200.0,1.1060306310711983,-0.059972092980243974,GOOGL
2025-02-25,177.0011153116827,177.6970428900285,173.67067193850428,174.3964080810547,41913400,-0.02136686856557468,0.01194409165893331,179.77684020996094,188.2043670654297,190.7707034301758,12.984290926333642,29391540.0,1.4260361995322464,-0.029301153190985585,GOOGL
2025-02-26,174.0484644370393,175.05256557173047,170.57882331320525,171.72210693359375,35431300,-0.015334611399897669,0.01230261047284442,177.2834716796875,187.08245239257812,190.3199493408203,18.43186861106234,32567920.0,1.0879202601824127,-0.0331153956200384,GOOGL
2025-02-27,172.97477115402882,173.54143730705212,166.96006996247044,167.5167999267578,39991000,-0.024489025215968074,0.013505411899385141,174.09021606445313,185.74480438232422,189.85348724365235,15.43993445507978,36477820.0,1.0963100316850074,0.014362044822455955,GOOGL
2025-02-28,167.6957223580091,169.61446843814767,165.79687899247813,169.28639221191406,48130600,0.0105636705448644,0.012943440005833508,172.22515563964845,184.22422943115234,189.46496704101563,23.980680407330084,39064100.0,1.2320928934750832,0.016091249304939215,GOOGL
2025-03-03,170.92675052861034,172.35835029914594,164.96176159787956,166.03546142578125,40770500,-0.01920373364719874,0.013251970234850695,169.79143371582032,182.38452682495117,188.8754266357422,18.69370303648043,41247360.0,0.9884390176728887,0.031974396441601716,GOOGL
2025-03-04,165.2699986950009,172.27884996330545,164.8325636582221,169.9226837158203,45388000,0.02341200040436342,0.017023950815350766,168.89668884277344,180.87787017822265,188.38828643798828,28.72347325361949,41942280.0,1.0821538552505967,0.017200887962727895,GOOGL
2025-03-05,169.525009408903,172.7659816444027,168.07352192530007,172.0104217529297,30954900,0.012286399858190356,0.017478417669124714,168.95435180664063,179.21960220336913,188.08248138427734,34.53115667927534,41047000.0,0.7541330669720077,-0.040220706785092486,GOOGL
2025-03-06,169.5349574978289,173.78998251590772,169.50513376118735,171.34434509277344,28302000,-0.0038723040927891583,0.01747769855759375,169.71986083984376,178.27614059448243,187.76116790771485,28.699470134303766,38709200.0,0.7311440174428818,-0.04711991203665655,GOOGL
2025-03-07,170.26067003299855,173.94902837231132,169.2764565211612,172.8455047607422,27385800,0.008761069220906803,0.01656110177802607,170.4316833496094,177.39431533813476,187.41221588134766,32.757075628702964,34560240.0,0.7924076916132526,-0.03771724697625789,GOOGL
2025-03-10,167.47083096485238,167.66990508590422,162.9222728186128,165.092041015625,43604000,-0.044857769114966306,0.021149546342521548,170.2429992675781,176.43599166870118,186.84417022705077,27.474648796366907,35126940.0,1.2413264576988488,-0.018749621053596677,GOOGL
2025-03-11,164.13654448642717,165.96791089272386,160.61313925258565,163.27061462402344,39587400,-0.011032793467185775,0.020638107574498965,168.91258544921874,175.33042602539064,186.21026885986328,23.460463581953874,33966820.0,1.1654726583177348,0.008839447620270668,GOOGL
2025-03-12,165.7987351046607,166.85376123322993,162.76303668655365,166.3262481689453,28372400,0.018715146947650974,0.02177358751766013,167.77575073242187,174.434806060791,185.6476202392578,29.457583295819276,33450320.0,0.8481951742165695,-0.01687522711412115,GOOGL
2025-03-13,165.261242942738,165.3508323726828,161.34968247166375,161.9966278076172,31756200,-0.026030890547896757,0.02194765278643127,165.9062072753906,173.407706451416,185.0548486328125,29.844771692481288,34141160.0,0.9301441427297725,-0.012841009244852208,GOOGL
2025-03-14,162.50424753259463,165.70914654485404,161.68808614528302,164.71383666992188,31995900,0.01677324336363073,0.02245986817060118,164.27987365722657,172.39070510864258,184.54664337158204,34.503724311226776,35063180.0,0.9125213400495905,-0.009668275668231585,GOOGL
2025-03-17,164.2559897412009,165.52003755245735,162.90236768488202,163.5194549560547,31184300,-0.007251253070260644,0.021780223587890824,163.9653564453125,171.35922088623047,184.05312377929687,36.70756158105786,32579240.0,0.9571831632659326,-0.009069267686728333,GOOGL
2025-03-18,162.91230471538228,163.47963860497418,155.9849568446372,159.9164276123047,42074800,-0.022034242620967093,0.02076645260291786,163.29451904296874,170.22015838623048,183.48495971679688,35.89281488026623,33076720.0,1.2720366469226694,0.02066356414230408,GOOGL
2025-03-19,161.0013229568774,165.0920472279654,160.24489290497496,163.121337890625,34275600,0.020041157285542788,0.02164533997609331,162.65353698730468,169.16677780151366,182.93396881103516,44.61899533259335,34257360.0,1.0005324403281515,0.023125219825038013,GOOGL
2025-03-20,160.81222633390425,164.11664727374668,160.20508669307458,162.0364532470703,28138500,-0.006650783138390626,0.021645964044347044,162.6615020751953,168.0944465637207,182.2602734375,40.97316106930155,33533820.0,0.8391081004192186,0.04766592577741813,GOOGL
2025-03-21,160.45391074936325,163.46969843906228,160.13540430124633,163.2208709716797,36625800,0.007309575721232253,0.021545410057185587,162.36290893554687,167.3249053955078,181.637705078125,46.30545562048164,34459800.0,1.0628558494245468,0.006524635352692432,GOOGL
2025-03-24,166.2864302357092,167.53056759539257,164.36547425500177,166.8935546875,30879100,0.02250131183565096,0.01813347989876117,163.03772888183593,166.7593795776367,181.11921112060546,46.00132216995403,34398760.0,0.8976806140686466,-0.032442681788658834,GOOGL
2025-03-25,168.18747918173491,169.82974979049783,167.53058612545505,169.76007080078125,24174400,0.017175714895932614,0.01820713300993097,165.00645751953124,166.52756271362304,180.69602416992188,47.089216092236235,30818680.0,0.7844073789013676,-0.09515724204333942,GOOGL
2025-03-26,168.20735054687958,168.8144901119637,164.06685827310008,164.28582763671875,28901600,-0.03224694204143386,0.02062006702919392,165.23935546875,166.1557487487793,180.18383178710937,41.87996260394765,29743880.0,0.9716822418595018,-0.06312844606244694,GOOGL
2025-03-27,163.85787020298363,164.6441583248392,161.24020036188836,161.4790802001953,24508300,-0.017084537825928225,0.019583402252047726,165.127880859375,165.85386276245117,179.64234649658204,37.30552094211573,29017840.0,0.8445942220372019,-0.031866274491757385,GOOGL
2025-03-28,159.73728296251087,161.06104688273138,152.90945679818688,153.60617065429688,48669300,-0.048754981364384276,0.023801670592967006,163.20494079589844,165.06985168457032,178.8262905883789,37.206253271784135,31426540.0,1.5486687366792526,0.017559816321758293,GOOGL
2025-03-31,152.39189573252094,154.81049144150305,149.95338957359485,153.9147186279297,54603500,0.0020086951736282277,0.023957437347389674,160.6091735839844,164.46381454467775,178.06889739990234,39.21528758857863,36171420.0,1.5095757921585606,-0.025349176238022242,GOOGL
2025-04-01,152.89951197653428,157.35851155491952,152.89951197653428,156.33334350585938,30672900,0.015714058405138065,0.02408420292101694,157.923828125,163.7843475341797,177.29843780517578,38.30930853200282,37471120.0,0.8185744114400637,-0.07302481820731954,GOOGL
2025-04-02,154.42233161172652,157.66705174636402,153.97444517473392,156.303466796875,25041700,-0.00019110900025787192,0.022844931792649337,156.32735595703124,162.99899978637694,176.48661987304686,42.59454725963693,36699140.0,0.6823511395634884,-0.06552484384249768,GOOGL
2025-04-03,150.40127754802887,152.06344323592336,149.68465321481136,150.0131072998047,46883400,-0.04024452960627534,0.025580661281175976,154.03416137695314,161.93243789672852,175.54263244628908,32.50418496738649,41174160.0,1.1386607522776422,-0.039941781617186534,GOOGL
2025-04-04,147.31581486644404,150.36147595978116,144.69816012059908,144.91712951660156,62259500,-0.03397021683591084,0.026268021836986913,152.29635314941407,160.5360191345215,174.50447967529297,29.742087243544546,43892200.0,1.4184638728521242,0.09004116859032085,GOOGL
2025-04-07,140.88609885452934,152.133102123221,139.8708786520301,146.06170654296875,76794100,0.00789814861904281,0.024514585685621416,150.7257507324219,159.58450241088866,173.44487854003907,34.0586435196646,48330320.0,1.5889425106227313,0.04136299530938237,GOOGL
2025-04-08,150.51074029400274,151.5259604825483,142.35915108281986,144.0213165283203,52200200,-0.013969369952884891,0.022120739318861694,148.26334533691406,158.6220375061035,172.5114892578125,27.418207822506176,52635780.0,0.9917246405391922,0.08597107976294316,GOOGL
2025-04-09,143.74265056471972,158.80169385849172,143.23504799502373,157.96563720703125,70406200,0.09682122768242385,0.041129139062342814,148.5957794189453,158.20400695800782,171.78759399414062,46.30933649261563,61708680.0,1.1409448395266273,0.002268355003595346,GOOGL
2025-04-10,155.80579483834862,156.98026834062628,149.2267962236283,152.10325622558594,48022000,-0.03711174838463138,0.042351023692608535,149.01380920410156,157.70933837890624,170.94426391601561,40.7087100965136,61936400.0,0.7753437397071835,0.022837333655423064,GOOGL
2025-04-11,152.18286551192307,156.93049760914,152.10325409102202,156.40298461914062,33636200,0.028268483530541344,0.04050958845850746,151.31098022460938,157.29379577636718,170.0783657836914,41.32368263237281,56211740.0,0.5983838963177442,-0.024245792157015056,GOOGL
2025-04-14,159.24959030436233,160.96152461511218,156.82103162226488,158.32395935058594,30333000,0.012282212747557919,0.04062522080628564,153.7634307861328,157.03402099609374,169.18825469970704,40.39138210652496,46919520.0,0.6464899896674134,-0.04972667963194388,GOOGL
2025-04-15,158.38367026397722,158.90122048049952,154.48205725338974,155.57688903808594,27551500,-0.01735094501026846,0.040870002624827644,156.07454528808594,156.81704406738282,168.29867614746092,42.331316205075815,41989780.0,0.6561477578591743,-0.05527473970631491,GOOGL
2025-04-16,152.381953334393,155.1588613016161,150.7993990348029,152.61087036132812,28187400,-0.019064648323387612,0.04132553413703829,155.00359191894532,156.29152069091796,167.2473779296875,42.212911688530944,33546020.0,0.8402606330050479,-0.012130873090512528,GOOGL
2025-04-17,153.56634392432957,153.9545141427958,147.8035068059891,150.45103454589844,33046600,-0.014152568623165385,0.03939626256382912,154.67314758300782,155.71224975585938,166.4521270751953,46.920537583068416,30550940.0,1.0816884848714965,0.027719080779139205,GOOGL
2025-04-21,148.1817487017602,148.25141250019158,145.41478828401154,146.9774169921875,26049100,-0.023088027039463332,0.038463293919825815,152.78803405761718,154.90007705688475,165.58203521728515,43.62307135789925,29033520.0,0.8972077791463109,0.0786212074525825,GOOGL
2025-04-22,148.19166631370922,151.4761914872268,147.84330183044926,150.7595672607422,26971800,0.025732866626413164,0.03917138631622759,151.27515563964843,154.09337768554687,164.91205627441406,45.00175008463075,28361280.0,0.951007852960092,0.06925481815663459,GOOGL
2025-04-23,154.8801740321897,156.79116721631257,153.08861317606707,154.62139892578125,31128800,0.025615831454065763,0.03917219726932938,151.0840576171875,153.33644409179686,164.296845703125,48.5886142721062,29076740.0,1.0705739364179065,0.03385896830124291,GOOGL
2025-04-24,155.41763415068155,158.84150262211006,155.0593219807129,158.532958984375,45894000,0.02529766310335413,0.025120376246284857,152.2684753417969,153.04880065917968,163.78273193359374,57.44606455050925,32618060.0,1.4070119436900907,0.005524843266584645,GOOGL
2025-04-25,164.29580798857202,165.32097594255075,160.2846952290497,161.2003936767578,56034000,0.016825742164099156,0.021666266782494538,154.41834716796876,153.0348663330078,163.35596740722656,64.86190409076298,37215540.0,1.5056613446963285,-0.019510945645997535,GOOGL
2025-04-28,161.66817604969367,162.38480037619334,157.85615258510526,159.85671997070312,29745800,-0.008335424470172548,0.02055659491599353,156.99420776367188,153.34739379882814,162.8520245361328,62.545257954382095,37954880.0,0.7837147686937753,0.0042960491086130315,GOOGL
2025-04-29,159.56808195579998,159.98611026905985,156.78121134684457,159.40882873535156,26809000,-0.002801829259562183,0.02030077868427239,158.72406005859375,153.62209930419922,162.3572183227539,64.4108894648212,37922320.0,0.7069451447063365,0.02416335687019555,GOOGL
2025-04-30,157.23906011670073,158.5230184445377,154.67115864825115,158.0552215576172,34981100,-0.008491419129498912,0.01959851626813872,159.41082458496095,153.70819320678712,161.86436920166017,50.10979073000456,38692780.0,0.9040730596250773,0.03406792248965007,GOOGL
2025-05-01,159.69745289298837,161.19041757915633,158.16468249756701,160.54347229003906,30203200,0.01574292015094736,0.018553365284934863,159.81292724609375,153.92019348144532,161.3914596557617,61.276582037971195,35554620.0,0.849487352135953,0.011965353964599856,GOOGL
2025-05-02,162.64359387625743,164.19627488526416,161.11080813038504,163.26068115234375,25715000,0.016925065987085208,0.017519102412282255,160.22498474121093,154.58257217407225,160.98701171875,59.5667985307065,29490820.0,0.8719662593308698,-0.07712011792753493,GOOGL
2025-05-05,162.2355030126838,164.61429290949133,161.95681747402023,163.43983459472656,21341800,0.0010973459201462088,0.014017446806738379,160.9416076660156,155.50870742797852,160.68357452392578,57.50143641385187,27810020.0,0.7674140471671721,-0.060471415275590634,GOOGL
2025-05-06,161.40940569190968,164.02707560554774,160.43400623609975,162.4644317626953,21277200,-0.005967962672318583,0.013838748470828043,161.55272827148437,156.32884368896484,160.36878173828126,60.65271610252692,26703660.0,0.7967896535531085,-0.06420388176536163,GOOGL
2025-05-07,163.3104292378871,164.22611240580434,147.14659307066745,150.6699981689453,127490100,-0.0725970199494349,0.027616833862326183,160.07568359375,156.6612777709961,159.89425354003907,47.64205734607295,45205460.0,2.820236759010969,0.046769753711373596,GOOGL
2025-05-08,154.27302076354474,155.19865159825923,152.18286408476257,153.556396484375,57498700,0.019157087346567847,0.026998074366164016,158.6782684326172,156.4408157348633,159.5309393310547,53.707220767562454,50664560.0,1.1348899506874233,0.034029011060993763,GOOGL
2025-05-09,153.4469228058081,154.3228003625665,151.48616112175256,152.03358459472656,32435300,-0.009916955102572955,0.02614414219984968,156.43284912109374,156.4373321533203,159.22127502441407,56.331002521617556,52008620.0,0.623652386854333,0.08261852832785666,GOOGL
2025-05-12,156.75134515840134,158.3537945366218,155.5171555445994,157.716796875,44138800,0.03738129503045706,0.029392232961813477,155.28824157714843,156.50302276611328,158.9898831176758,58.31550588551988,56568020.0,0.7802783268709069,0.034709225737142635,GOOGL
2025-05-13,158.045234090469,159.81689948015563,155.42757968301973,158.78176879882812,42382100,0.006752431858429109,0.029480399340169036,154.551708984375,156.5259132385254,158.84480926513672,55.328887089057275,60789000.0,0.6972001513431706,0.04174767022086079,GOOGL
2025-05-14,159.20976117244982,166.21673543287093,158.86139667000703,164.59437561035156,48755900,0.03660752021781444,0.031421354502166314,157.33658447265626,156.97678756713867,158.73824310302734,57.4033369724968,45042160.0,1.0824503087773765,0.0070750914747454985,GOOGL
2025-05-15,165.06219714400765,165.43047214987737,161.6084704301294,163.19102478027344,33146700,-0.008526116550910068,0.03139528200562034,159.26351013183594,157.50579528808595,158.56185516357422,52.508799972923164,40171760.0,0.825124415758732,0.00012192742195415995,GOOGL
2025-05-16,166.9433081258995,168.5557203255822,164.84320384513654,165.41053771972656,42846900,0.013600704710577949,0.03123796484840287,161.93890075683595,158.25377044677734,158.44317901611328,56.848311154444914,42254080.0,1.0140298877646845,0.014260892988184448,GOOGL
2025-05-19,163.73841809182645,165.85843293399518,163.44978491746534,165.75889587402344,30426100,0.002106021533447411,0.031237220076090463,163.5473205566406,159.19284439086914,158.3014468383789,57.84941928805636,39511540.0,0.7700560393242075,0.025999857316116204,GOOGL
2025-05-20,165.6494285946027,167.7097274922387,162.13598566686494,163.21092224121094,46607700,-0.015371564943030047,0.03163801631981477,164.4331512451172,159.81541213989257,158.26382446289062,56.190260878996384,40356660.0,1.1548948798042256,0.027381242537647177,GOOGL
2025-05-21,162.9222851886465,172.32796100800184,162.79289003758296,167.76943969726562,73416000,0.027930223011163546,0.019215261785920434,165.0681640625,160.4728141784668,158.35380096435546,58.26506587639428,45288680.0,1.6210673395647655,0.025747393937100904,GOOGL
2025-05-22,171.0440181854767,175.94094123693523,169.90936546851952,170.068603515625,74864400,0.013704306472669403,0.019033694792507036,166.4436798095703,161.0495964050293,158.42864807128908,57.86209249329853,53632220.0,1.3958847871671172,0.008720110220915567,GOOGL
2025-05-23,168.26706921398494,169.16285712958057,167.1025585922104,167.67984008789062,35211400,-0.014045881358194956,0.019561506090090927,166.8975402832031,161.37356872558593,158.54231231689454,54.658785808150704,52105120.0,0.6757762001123881,0.02012236526743938,GOOGL
2025-05-27,169.3619263053745,172.3578034614341,169.20267308577203,172.0890655517578,37995700,0.026295501364720142,0.018097572893353307,168.16357421875,161.98518600463868,158.68981689453125,59.833235950894306,53619040.0,0.7086232800885656,-0.006708973704536492,GOOGL
2025-05-28,172.34787146642654,174.44797603039132,171.10373405145273,171.55162048339844,34784000,-0.0031230634359957765,0.018493223190144445,169.8317138671875,162.59232559204102,158.85046020507812,77.70745901679174,51254300.0,0.6786552542908595,-0.019320086167093353,GOOGL
2025-05-29,173.1839175950813,173.60194591853366,169.82972818892713,171.053955078125,29317300,-0.0029009659242571484,0.01569091945592741,170.48861694335938,163.2422622680664,159.07321075439452,74.78858625162127,42434560.0,0.6908826202039092,-0.03305019218225702,GOOGL
2025-05-30,170.5463542897915,171.4023213954702,166.65468900773928,170.9345245361328,52639900,-0.000698203920146967,0.015185535634818342,170.66180114746095,163.7618148803711,159.22947448730469,77.8855556976319,37989660.0,1.3856375655902158,-0.021485998715449872,GOOGL
2025-06-02,167.0528072022302,169.07328505076367,166.6049207920985,168.2372283935547,38612300,-0.015779703660789512,0.01609761948854504,170.77327880859374,164.01064224243163,159.35348999023438,67.02099348110418,38669840.0,0.9985120186688127,-0.004851076064375626,GOOGL
2025-06-03,166.70445769264217,167.68980475652552,164.50481616986866,165.4005889892578,45084900,-0.01686094945442851,0.01714255762499127,169.43558349609376,164.1086799621582,159.39708435058594,60.12796930679245,40087680.0,1.1246572513051392,0.04513172098139684,GOOGL
2025-06-04,165.95797207058334,167.4310264158141,165.57974946262576,167.26182556152344,26900800,0.011252901719633668,0.01656230616585857,168.57762451171874,164.34854965209962,159.4044497680664,54.643148929027134,38511040.0,0.6985217745353021,0.04911130793836094,GOOGL
2025-06-05,169.54109671137655,170.12832594897296,166.8039942928028,167.4210968017578,36379100,0.0009522270828963286,0.013967760836223996,167.8510528564453,165.18610458374025,159.35767028808593,57.69649776064126,39923400.0,0.9112224910703998,0.06305332912751771,GOOGL
2025-06-06,170.02877834744078,173.68156356382352,170.02877834744078,172.8654022216797,35731800,0.03251863429355284,0.016979303110064275,168.2372283935547,166.15155487060548,159.52926177978514,62.1393806695019,36541780.0,0.9778341394425778,0.022367118028244093,GOOGL
2025-06-09,173.93167173303766,175.8549530406491,173.76226605609494,175.4762725830078,28935900,0.015103487035421859,0.016458242127799973,169.6850372314453,167.32368927001954,159.8092056274414,64.73767667725951,34606500.0,0.8361406094230852,-0.0022147801050311777,GOOGL
2025-06-10,175.58590961128442,180.47880106496282,174.30041217393423,177.97755432128906,61766100,0.014254244756071177,0.015083854605506371,172.20043029785157,168.33672714233398,160.29663330078125,72.4272984049264,37942740.0,1.6278766372697386,-0.022004577013747584,GOOGL
2025-06-11,179.14346702948194,179.74136677669094,176.133988123354,176.73190307617188,31646800,-0.006998923262359846,0.015320088817861687,174.09444580078124,169.23423385620117,160.7529769897461,65.13507997810768,38891940.0,0.8137110157014539,-0.0032704206814845316,GOOGL
2025-06-12,175.56595402805004,176.1040804857289,174.140945293723,175.08763122558594,20941900,-0.009303763621428596,0.015726435284807917,175.62775268554688,169.7588966369629,161.12806274414064,58.667437510770824,35804500.0,0.5848957533270958,0.001422976061007386,GOOGL
2025-06-13,171.83900983498697,176.51266655178486,171.7891810552309,174.0612335205078,27663100,-0.005862194250350505,0.015924612634749008,175.8669189453125,170.30240707397462,161.48321807861328,61.56427126821491,34190760.0,0.8090811669585584,-0.007728750691335051,GOOGL
2025-06-16,174.1210168140944,176.323321086937,174.0412938099689,176.15391540527344,27389200,0.01202267640208965,0.01488251971603692,176.00244750976563,170.83957595825194,162.00603424072267,58.041422711855816,33881420.0,0.8083840641862118,-0.057306025602145705,GOOGL
2025-06-17,175.0876480323832,176.74186625647056,173.9715563176299,175.33677673339844,24973000,-0.004638776662982624,0.013335887657733575,175.4742919921875,171.3184700012207,162.6144271850586,57.40615125191376,26522800.0,0.9415672553425731,-0.06115376284356511,GOOGL
2025-06-18,175.39656976170295,175.94465595934807,172.596365522182,172.71595764160156,28707500,-0.014947343852350303,0.014679920920588282,174.67110290527344,171.79372177124023,163.14751220703124,53.00246601306937,25934940.0,1.1069044308565974,-0.037791388777548174,GOOGL
2025-06-20,173.3437557670882,173.7323959518227,164.88335439041927,166.05923461914062,75659900,-0.03854144754982125,0.019803233057125152,172.86542358398438,171.70821151733398,163.58827056884766,42.875421388965826,36878540.0,2.051596944998365,0.024243815365412313,GOOGL
2025-06-23,165.6905108199857,166.75677368964836,161.43538860354417,164.61427307128906,57671000,-0.008701482643621694,0.01607326759637084,170.9760314941406,171.43549499511718,163.72124328613282,44.504387065355566,42880120.0,1.3449356018593233,0.050547725418632616,GOOGL
2025-06-24,166.3382528798913,167.63372519441324,165.55101285806253,166.18878173828125,40524300,0.009564836861444714,0.015393756201041818,168.98300476074218,171.3609420776367,164.00295379638672,51.24320156110785,45507140.0,0.8905042153824653,0.07051624831012648,GOOGL
2025-06-25,167.04578597314622,171.75929686583365,166.96606296199934,170.08514404296875,35479000,0.023445399045187054,0.01689336176984535,167.93267822265625,171.26074600219727,164.2765969848633,54.184523489137554,47608340.0,0.7452265716469005,0.032516888406434186,GOOGL
2025-06-26,171.82901824813092,173.08463647121752,169.34770643699736,172.93515014648438,31796700,0.016756349412830662,0.018112890649203045,167.9765167236328,171.32992248535157,164.56882080078125,57.56884701951606,48226180.0,0.6593244582092134,0.013253654350412036,GOOGL
2025-06-27,172.93517666884486,178.057262279745,171.13148726193396,177.9077911376953,108140200,0.02875436825306399,0.020281084237612376,170.34622802734376,171.67261428833007,165.01543884277345,57.01221660041879,54722240.0,1.9761654493675698,0.000616157054865285,GOOGL
2025-06-30,180.14992867866547,180.5983572585905,173.97154049647858,175.61578369140625,63378900,-0.012883120135616322,0.02069259013394569,172.5465301513672,171.90667724609375,165.475537109375,50.1957476326376,55863820.0,1.1345249930992904,0.01872569978198224,GOOGL
2025-07-01,175.12753048692775,175.47630157156493,172.9252259116377,175.2271728515625,35904500,-0.002212846884689035,0.020343098220662485,174.35420837402344,172.25617446899415,165.9710598754883,45.897742733217754,54939860.0,0.6535236893577814,0.005402619785560114,GOOGL
2025-07-02,174.92820819435067,178.2366447594077,174.45986020905642,178.0174102783203,29128900,0.01592354302903387,0.020892140926898072,175.94066162109374,172.88701553344725,166.59185974121092,51.83291089668976,53669840.0,0.542742441564946,-0.023958841642031437,GOOGL
2025-07-03,177.8779030413717,179.0438236063814,176.43295953117723,178.90431213378906,21689700,0.004982107390968826,0.02005997411178737,177.13449401855468,173.46913986206056,167.15475463867188,55.56205359922439,51648440.0,0.4199487922578107,-0.01620906612917905,GOOGL
2025-07-07,178.43595167386934,178.67512071867887,175.06772651945082,176.17385864257812,34175600,-0.01526208875931978,0.015428122825319236,176.78770751953124,173.90677795410156,167.58580383300782,52.93305657911963,36855520.0,0.9272857905681429,0.004694809249826459,GOOGL
2025-07-08,177.2301614259221,177.3298037815242,172.20771837081963,173.7523193359375,40442500,-0.013745168127091145,0.016034016735247084,176.4150146484375,173.95112380981445,167.89019104003907,46.695922232592665,32268240.0,1.2533221520603541,0.033436632126791155,GOOGL
2025-07-09,174.63921988812407,178.81461936142807,172.16786742488128,176.0044403076172,43025600,0.012961674297569337,0.01616438944179951,176.57046813964843,173.97753219604493,168.18627197265624,50.88366968089662,33692460.0,1.2770097523303434,0.027969695075532153,GOOGL
2025-07-10,175.0179065004666,177.80813589252995,173.77226294843484,177.00096130371094,29252400,0.005661908269768867,0.014948737137345604,176.36717834472657,173.928702545166,168.5291567993164,55.926110066760586,33717160.0,0.8675819671644943,0.024659276108012662,GOOGL
2025-07-11,176.17385213436023,180.797680390592,175.86493496639972,179.56201171875,34282900,0.014469132801175233,0.014749637783468522,176.49871826171875,174.07020797729493,168.93222045898438,71.05996911870261,36235800.0,0.9461057848867694,0.015428148870270775,GOOGL
2025-07-14,180.37914463511837,183.02987774300456,179.05377808117527,180.92723083496094,32536600,0.007603050907835085,0.012054131658860047,177.44939270019532,174.36218795776367,169.38966064453126,75.50638872903944,35908000.0,0.9061100590397683,0.011125854087377984,GOOGL
2025-07-15,182.17285136057185,183.57794074838276,180.96707707887342,181.3656768798828,33448300,0.002423328113178469,0.010906780627368603,178.97206420898436,174.72741012573243,169.80610473632814,74.60417193357242,34509160.0,0.9692585968479094,0.016813252519922495,GOOGL
2025-07-16,182.60138443088442,183.68758195520638,181.39559478616047,182.3323211669922,33104200,0.005329808284229909,0.010744274724165762,180.23764038085938,175.03633041381835,170.1875375366211,71.93859616994129,32524880.0,1.0178115953079612,0.03896803929860182,GOOGL
2025-07-17,181.50521696666215,183.41852368346133,179.85099864083438,182.94020080566406,31992600,0.0033339104925622642,0.009900910915375687,181.42548828125,175.41650161743163,170.57754486083985,69.4876204210002,33072920.0,0.967335209591412,0.04227031915222823,GOOGL
2025-07-18,184.75383518149354,185.7702845204503,183.069737966418,184.41502380371094,34014500,0.008061776425038358,0.010024291928837461,182.39609069824218,176.0014549255371,171.01655670166016,64.67413670416367,33019240.0,1.0301418203447446,0.02793694728112439,GOOGL
2025-07-21,185.60086647203485,189.62677924759166,185.5012089178604,189.4374542236328,45803100,0.027234388589010505,0.010384110541984707,184.09813537597657,177.1703659057617,171.7919058227539,77.75115117016486,35672540.0,1.2839876274579831,0.01088902891693766,GOOGL
2025-07-22,190.8325874995953,190.98205863993607,186.80667432845317,190.6731414794922,44660200,0.006522930013621364,0.007346501682898158,185.95962829589843,178.4733093261719,172.53424072265625,79.99222541093621,37914920.0,1.1779056898972753,0.00961647189030379,GOOGL
2025-07-23,190.8325947249331,191.85900380909362,188.520672962732,189.5670166015625,58681900,-0.005801157254487599,0.00861156322226982,187.4065673828125,179.64222106933593,173.28490936279297,73.99584955163618,43030460.0,1.3637293210437444,0.01235339837584748,GOOGL
2025-07-24,196.34330659716778,197.26009837341095,190.33432366848066,191.500244140625,74881700,0.010198121876475064,0.008624388827226185,189.1185760498047,180.71297607421874,173.96057830810548,75.07934067790328,51608280.0,1.4509629075024395,0.018629244567399894,GOOGL
2025-07-25,191.31092952537972,193.65274566278575,190.593437568626,192.50674438476562,39785900,0.005255869247882128,0.008336411248434102,190.73692016601564,181.69155578613282,174.63507781982423,84.91691512751424,52762560.0,0.7540555272526579,0.01734130345283602,GOOGL
2025-07-28,192.97507635824056,193.37369138388394,190.17487232763284,191.9088134765625,38139500,-0.0031060257660793233,0.008920067624646148,191.23119201660157,182.39160690307617,175.18136657714842,92.09790427508636,51229840.0,0.7444782181634766,-0.0035309871975177654,GOOGL
2025-07-29,191.7593129801339,195.23715469472367,191.4105419647591,195.0677490234375,41389200,0.016460606939559863,0.009396048061366616,192.11011352539063,183.36420516967775,175.81890106201172,92.41678645903713,50575640.0,0.8183623578465838,-0.03381847252338088,GOOGL
2025-07-30,194.91831074404357,196.91134044406198,194.0114785811888,195.84506225585938,32445400,0.003984837249177975,0.009437696842525892,193.36572265625,184.39509963989258,176.42759155273438,92.34208380733735,45328340.0,0.7157861946852675,-0.0075815927538831485,GOOGL
2025-07-31,195.0279201110307,195.30694304131825,190.42401135006776,191.23118591308594,51329200,-0.023558808629781547,0.013586137529765256,193.3119110107422,185.05578842163087,176.93703735351562,74.0056690659225,40617840.0,1.2637107241547063,0.014434678656586986,GOOGL
2025-08-01,188.371198147092,190.16492789219942,187.16542371122097,188.47085571289062,34832200,-0.014434519071852003,0.014748279989627766,192.50473327636718,185.53411560058595,177.44223602294923,64.67622759806089,39627100.0,0.8789994725831565,0.036800013212835214,GOOGL
2025-08-04,189.62679933287328,194.5894541087341,189.45739363731957,194.36024475097656,31547400,0.031248274518674624,0.015536585072911613,192.99501953125,186.44343490600585,177.97405212402344,70.85732283526278,38308680.0,0.823505273478491,0.007588246853232006,GOOGL
2025-08-05,194.03141574053652,197.1704314779613,193.21426625386638,193.99154663085938,31602300,-0.0018969832055396596,0.01553315504126811,192.77977905273437,187.45539627075195,178.45251098632812,69.08023698379539,36351300.0,0.8693581797624844,0.03467404154504328,GOOGL
2025-08-06,193.82213079278006,195.94471220658852,192.99502167474958,195.40658569335938,21562900,0.007294333629870087,0.015368994119718744,192.69208374023438,188.42550354003907,179.0070458984375,69.87605760720581,34174800.0,0.6309590692557089,0.025039500503116985,GOOGL
2025-08-07,196.37320958328212,196.85153244317704,193.65272836026733,195.83509826660156,26321800,0.0021929280004646667,0.015167943347943892,193.6128662109375,189.3672103881836,179.48196655273438,68.83630700402384,29173320.0,0.9022558968262783,0.0347038615192834,GOOGL
2025-08-08,196.53265828436582,201.9038726725722,196.48282950116197,200.718017578125,39161800,0.02493383134455307,0.016778610088359014,196.0622985839844,190.42501068115234,180.06529449462892,68.69222230931244,30039240.0,1.3036881092863868,0.0026809574026840366,GOOGL
2025-08-11,200.2396805407711,200.77779182670545,198.3762027845806,200.29946899414062,25832400,-0.002085256665219193,0.016731506239647014,197.2501434326172,191.39362258911132,180.65020477294922,66.39509179750338,28896240.0,0.8939709803074726,0.009651838151888414,GOOGL
2025-08-12,200.6681968640444,203.78729330959044,199.89091647275984,202.63133239746094,30397900,0.011641885098499838,0.016412354957179246,198.9781005859375,192.45690536499023,181.2841409301758,71.35872848929773,28655360.0,1.0608102637691517,0.002753913564118138,GOOGL
2025-08-13,203.41856930663727,203.81716914109546,196.82163104540848,201.25613403320312,28342900,-0.006786701483857183,0.01675833075534293,200.14801025390625,193.4030960083008,181.94451904296875,66.24624819969488,30011360.0,0.944405718367978,0.007625219473457845,GOOGL
2025-08-14,200.7977432270797,203.7274993328687,200.5286799587332,202.23272705078125,25230400,0.004852488209959427,0.01395692228557023,201.4275360107422,194.36772232055665,182.6811618041992,66.21259338617799,29793080.0,0.8468543702094581,-0.0067508837649519204,GOOGL
2025-08-15,203.13954799676898,205.7205176785909,200.57849766290207,203.18936157226562,34931400,0.004730364543045207,0.012074423933037263,201.92180480957032,195.3064392089844,183.39971252441407,68.58174104068326,28947000.0,1.206736449372992,-0.022461858164232518,GOOGL
2025-08-18,203.4883135252893,204.5545916306713,201.7842817792717,202.79075622558594,18526600,-0.001961743191647991,0.00903605295481924,202.42006225585936,195.97410430908204,184.10710571289061,63.99424011360513,27485840.0,0.6740416156100741,-0.01842755826801845,GOOGL
2025-08-19,202.3223803786228,202.73095505911667,199.26308812547938,200.8674774169922,24240200,-0.00948405560682597,0.009891437038152042,202.06729125976562,196.48382110595702,184.66714721679688,58.73783031435047,26254300.0,0.9232849476085823,0.022424024337189152,GOOGL
2025-08-20,200.0304253609227,200.57851157989643,195.91482929250577,198.62535095214844,28955500,-0.011162217466340718,0.01079246129933076,201.5411346435547,196.93673782348634,185.13012878417967,64.02123566870135,26376820.0,1.0977631117018656,0.04600636807967606,GOOGL
2025-08-21,199.05381774902344,201.77429871025083,198.73492573604025,199.05381774902344,19774600,0.0021571606787404995,0.010792280981038613,200.9053527832031,197.31441650390624,185.55165405273436,72.01493129509305,25285660.0,0.7820480066567375,0.03699639200376592,GOOGL
2025-08-22,202.02344423178036,207.81319287530533,200.59843534470966,205.37173461914062,42827000,0.031739742254444536,0.012500785215952,201.34182739257812,197.957666015625,186.12445068359375,72.5051284881984,26864780.0,1.5941690198095797,0.0067445848733531655,GOOGL
2025-08-25,205.71054863967242,209.78630584234324,204.56456266974786,207.7633819580078,29928900,0.011645455219543521,0.012710093907686867,202.3363525390625,198.75039443969726,186.77796569824218,75.99700439259739,29145240.0,1.026888095620417,0.015108569848915065,GOOGL
2025-08-26,206.78679645866202,207.12562307278867,204.98310696587825,206.4180908203125,28464100,-0.006475111855693716,0.01274931137102711,203.44647521972655,199.31791152954102,187.42510284423827,70.84122719060315,29990020.0,0.9491190736118216,0.027855494190636598,GOOGL
2025-08-27,204.9830866269172,208.18190575216585,204.93325784693593,206.7568817138672,23022900,0.0016412848903326616,0.012382689751328717,205.07278137207032,199.8635025024414,188.03716217041017,70.74185823310677,28803500.0,0.7993091117398927,0.018652519970636217,GOOGL
2025-08-28,206.5276902069273,211.4803699291827,206.17890394821848,210.9023895263672,32339300,0.02005015638723462,0.013544985704551494,207.44249572753907,200.84706268310546,188.74847442626952,69.89875958277905,31316440.0,1.0326620778096105,0.08986963180141605,GOOGL
2025-08-29,209.77632411753885,213.90189476250458,209.46740696384475,212.16796875,39728400,0.006000781814160527,0.013555548333452797,208.80174255371094,202.03191833496095,189.5375146484375,72.44633523566785,30696720.0,1.2942229658413016,0.0910713258308018,GOOGL
2025-09-02,207.7135567307211,210.94225509702446,205.48135800383685,210.61341857910156,47523000,-0.007326978620086577,0.01393680262995815,209.3717498779297,202.84457702636718,190.4285983276367,65.55344521444805,34215540.0,1.3889302930773562,0.1118996409486479,GOOGL
2025-09-03,225.42162175778444,230.50383816310156,224.0065573472935,229.85610961914062,103336100,0.09136498125266379,0.030196319373416505,214.05935363769532,204.63780517578124,191.73343505859376,82.85263073023842,49189940.0,2.1007567807563903,0.015560962171025317,GOOGL
2025-09-04,228.8496136665047,231.56013509073304,225.32195802772998,231.49038696289062,51684200,0.00711000175917853,0.029037599693139987,219.0060546875,206.4419952392578,193.03946716308593,83.1078635730102,54922200.0,0.941043876610915,0.032476665607185984,GOOGL
2025-09-05,231.3907399385365,234.9383302920627,231.09178244912047,234.1809844970703,46588900,0.011622934193854961,0.02869606178376355,223.66177368164062,208.35928955078126,194.32138397216798,83.74572875576241,57772120.0,0.8064253138018823,0.018654960795997377,GOOGL
2025-09-08,234.85919032931716,237.51229392263,233.06385649853374,233.43289184570312,32474700,-0.003194506389892382,0.028793017757835694,227.91475830078124,209.99503326416016,195.53133880615235,83.11316296388881,56321380.0,0.576596312093205,0.02704673956995629,GOOGL
2025-09-09,233.56257898038902,239.8462403027557,232.62501483391662,239.0084228515625,38061000,0.02388494167113664,0.028977073479639206,233.59375915527343,211.93048095703125,196.7533514404297,88.20125277117471,54428980.0,0.699278215391874,0.004882512741597456,GOOGL
2025-09-10,238.280317666347,241.03316831731985,237.23305340830441,238.54962158203125,35141100,-0.0019196029330572628,0.02864515238562709,235.33246154785155,213.72639541625978,198.01202819824218,91.46878283733602,40789980.0,0.8615130480573906,0.05201313991388279,GOOGL
2025-09-11,239.25777124796906,241.62161874698785,235.63718236935347,239.74649047851562,30599300,0.00501727434546706,0.028490699874428718,236.98368225097656,215.6509132385254,199.30241455078124,91.60282336379404,36573000.0,0.836663658983403,0.04488918233714734,GOOGL
2025-09-12,239.7464919977143,241.4520630725996,237.38264448371655,240.17538452148438,26771600,0.0017889481598363233,0.02873382200468167,238.18256225585938,217.54804611206055,200.54557403564453,90.45325397191372,32609540.0,0.8209744755675793,0.03625413862423277,GOOGL
2025-09-15,244.02536743382055,251.75526430827645,244.02536743382055,250.95733642578125,58383800,0.044891993930928464,0.03020986685485437,241.687451171875,219.93644485473632,201.98663452148438,92.01139672850135,37791360.0,1.5448980931091127,0.0016692669793527681,GOOGL
2025-09-16,251.42612617048883,252.38362748338088,248.82289569604956,250.50851440429688,34109700,-0.0017884395326976943,0.029755058522176588,243.9874694824219,222.32233276367188,203.47332763671875,93.64441622264663,37001100.0,0.9218563772428388,0.014174232758733085,GOOGL
2025-09-17,250.56835490468708,250.94737408261642,245.6411664684413,248.8827362060547,34108000,-0.006489911938156068,0.015649435334899063,246.05409240722656,224.723095703125,204.9759359741211,90.66363639041663,36794480.0,0.9269868741180742,0.012022601740848904,GOOGL
2025-09-18,251.02715300766394,253.33117381914667,249.15203994052993,251.37625122070312,31239500,0.010018834784040642,0.015656179340158567,248.38004455566406,227.36064071655272,206.4833721923828,90.3560620929203,36922520.0,0.8460825534118473,-0.0014680536116061793,GOOGL
2025-09-19,252.59309222605677,255.33595897283527,251.1568250217611,254.0592803955078,55571400,0.010673359801395943,0.01563721500300902,251.15682373046874,230.11091384887695,208.02453857421875,90.62116872367581,42682480.0,1.3019721440741026,-0.029758206427147993,GOOGL
2025-09-22,253.7700196733437,255.11652395864965,249.65074294375358,251.8749542236328,32290500,-0.008597702742739965,0.016162594379176585,251.34034729003906,232.43607482910156,209.4707974243164,89.52771089409484,37463820.0,0.8619115722849405,-0.026689906273609454,GOOGL
2025-09-23,252.38362744671002,253.7002107757565,249.8302703204236,251.00721740722656,26628000,-0.0034451095746336202,0.015424565885433528,251.440087890625,234.5982666015625,210.87239715576172,81.2717619503761,35967480.0,0.7403354363441642,-0.020344973671442945,GOOGL
2025-09-24,251.00721151585665,251.69542412904988,245.80075068993506,246.49893188476562,28201000,-0.017960780446989455,0.01698142706123477,250.96332702636718,236.60230865478516,212.1750622558594,70.45193877559507,34786080.0,0.8106978423553329,-0.012502975941025674,GOOGL
2025-09-25,243.76604145127706,245.85063173864694,240.1155467413105,245.15243530273438,31020400,-0.005462484448657601,0.017193321204377443,249.71856384277345,238.5220863342285,213.43146453857423,65.51913924651694,34742260.0,0.8928722541366049,-0.010944267849929412,GOOGL
2025-09-26,246.42912138871642,248.77301648715127,245.33196864020064,245.90048217773438,18503200,0.0030513540445815668,0.017193273560234038,248.08680419921876,240.27199096679686,214.69067016601562,67.63545445598065,27328620.0,0.6770630935627192,-0.006652111585152332,GOOGL
2025-09-29,247.2071078925349,250.49853584610034,242.14028307987255,243.41696166992188,32505800,-0.010099697592367618,0.00893521716055597,246.39520568847655,241.83444061279297,215.87070892333983,56.8336570583566,27371680.0,1.187570510834556,0.006719918678954162,GOOGL
2025-09-30,242.18016510404112,242.65891575563484,238.6294019345709,242.46942138671875,34724300,-0.0038926633407248,0.00892802589273186,244.687646484375,243.42724075317383,216.93134826660156,55.985375337144525,28990940.0,1.1977638531210095,0.009255481081875683,GOOGL
2025-10-01,240.12549589508035,245.66110227108265,237.99104765144796,244.2647247314453,31658200,0.007404246417791471,0.009429726540900088,244.24080505371094,244.14767150878907,218.00317993164063,56.775336436353385,29682380.0,1.0665654169241146,0.022580709443131175,GOOGL
2025-10-02,244.51409604788847,246.16979380429245,241.67149783253905,245.05270385742188,25483300,0.003225922723155694,0.008697485764515659,244.22085876464843,244.82578735351564,219.1128936767578,57.23587822064946,28574960.0,0.8918052728682735,0.0002848732491502748,GOOGL
2025-10-03,243.85582267520638,245.66112527970623,241.0331615881319,244.71359252929688,30249600,-0.0013838301834135924,0.007406734580692005,243.98348083496094,245.35241775512696,220.17716064453126,36.57807278457346,30924240.0,0.9781841041202629,-0.0029754544802665928,GOOGL
2025-10-06,244.14505728413704,250.66810152305118,243.94557911341744,249.7803955078125,28894700,0.020705032875969254,0.010437286870093218,245.25616760253905,246.16979293823243,221.32263366699217,48.6940729445018,30202020.0,0.9567141535566164,-0.035538786267820255,GOOGL
2025-10-07,247.62601181924765,249.7903811872092,244.88314509840285,245.1225128173828,23181300,-0.018647911422191688,0.011875760394643312,245.7867858886719,246.47549743652343,222.3869076538086,43.917381237997915,27893420.0,0.8310669684821725,-0.03739410790938369,GOOGL
2025-10-08,244.32458799107962,245.37185214800957,243.18754572478312,243.98545837402344,21307100,-0.00463871894217438,0.010603600127297072,245.7309326171875,246.74728927612304,223.36526184082032,37.49574683510318,25823200.0,0.8251146256079804,-0.0019212835958053454,GOOGL
2025-10-09,243.83587990027615,244.12512098399313,238.5296719381561,240.90350341796875,27892100,-0.012631715744838123,0.01116813358244175,244.90109252929688,246.8051399230957,224.2664306640625,28.03859726522043,26304960.0,1.0603361495322554,0.016229820244071158,GOOGL
2025-10-10,240.80375429608978,243.45685825048318,235.2282576904417,235.9563751220703,33180300,-0.020535725822613538,0.0124702006083157,243.14964904785157,246.594189453125,225.1609344482422,25.670708955223873,26891100.0,1.2338766357642492,0.061123460153649445,GOOGL
2025-10-13,239.5869258671789,243.8657913377574,239.08822281740842,243.51669311523438,24995000,0.032041168581492085,0.01662628391317028,241.89690856933595,246.22215728759767,226.26185119628906,40.49604953138402,26111160.0,0.9572535268444604,0.029940579393211708,GOOGL
2025-10-14,240.60426901896764,246.47899033376285,239.88613541009548,244.81332397460938,22111600,0.005324607700554651,0.016631859303998534,241.83507080078124,245.9373977661133,227.2709127807617,47.671540213293895,25897220.0,0.8538213754217634,0.031982127246139136,GOOGL
2025-10-15,246.60865147753682,251.45604559967558,245.3519253048375,250.37884521484375,27007700,0.02273373503482845,0.017934337444390925,243.1137481689453,246.01220321655273,228.3986587524414,56.46596119343479,27037340.0,0.9989037383115351,0.021989382788338174,GOOGL
2025-10-16,251.11691742955023,256.2934418791717,249.45125120568702,250.80772399902344,27997200,0.001712919411428926,0.01793503282273404,245.09459228515624,245.98377685546876,229.5066815185547,56.11942275147115,27058360.0,1.034696855241781,-0.0039767754754763684,GOOGL
2025-10-17,250.10955476977685,253.5605866634714,247.1672097408255,252.64297485351562,29671600,0.007317361783081733,0.017938468979833717,248.43191223144532,245.91296157836913,230.64283905029296,61.69408275188746,26356620.0,1.125774093946796,-0.006356143335743192,GOOGL
2025-10-20,254.0293607582065,256.6624970209002,253.57054725807689,255.884521484375,22350200,0.012830543310135,0.017251064378328823,250.90547790527344,246.11343994140626,231.74616912841796,66.06931226563317,25827660.0,0.8653590762771386,-0.013525567143687245,GOOGL
2025-10-21,254.0792145331533,254.21885076692087,243.516673234733,249.81031799316406,47312100,-0.02373806534281464,0.018004688712206795,251.90487670898438,246.05359497070313,232.73638610839845,56.025164589732576,30867760.0,1.532735125580865,0.0377705398914423,GOOGL
2025-10-22,253.710180894347,255.69500926260113,248.64335615777878,251.03713989257812,35029400,0.004911013721409452,0.017863700826962495,252.03653564453126,246.28050537109374,233.70450225830078,56.440541470810025,32472100.0,1.0787537609209137,0.06984768389439067,GOOGL
2025-10-23,252.3237915100895,254.3784456458486,251.19673296350098,252.4235382080078,19901400,0.005522682086096742,0.01700060606149671,252.3596984863281,246.64406051635743,234.72785034179688,58.11464007433724,30852940.0,0.6450406347012635,0.05685950087497127,GOOGL
2025-10-24,255.91442564996356,261.00120248797276,254.65771475094738,259.24578857421875,28655100,0.027026997619330917,0.015726696408867098,253.68026123046874,247.31132583618165,235.86811157226563,59.60722631228117,30649640.0,0.9349245211363004,0.05636361581670846,GOOGL
2025-10-27,264.13306424820985,269.43927147389144,263.5944564854066,268.5715026855469,35235200,0.03597248064324221,0.01638619425518201,256.2176574707031,248.56905288696288,237.17575439453125,71.74034153525345,33226640.0,1.0604502892859464,0.04534500169364386,GOOGL
2025-10-28,268.99045739081123,270.0277682724026,265.80872945123696,266.7762145996094,29738600,-0.0066845814540476,0.017184404155677274,259.6108367919922,249.7843925476074,238.45546356201172,70.87527984138525,29711940.0,1.0008972823720026,0.051295494034757194,GOOGL
2025-10-29,267.0555012387311,274.6258103943446,266.97572213826885,273.8578186035156,43580300,0.02654511015734551,0.017566768034411907,264.1749725341797,251.26404724121093,239.9152703857422,78.12398915093627,31422120.0,1.3869306081193757,0.03332477877476947,GOOGL
2025-10-30,290.8336389163956,290.8336389163956,279.3335478851562,280.7498779296875,74876000,0.02516656037544074,0.018024448267288936,269.8402404785156,253.0489059448242,241.55776092529297,86.99955659825407,42417040.0,1.7652339720074763,-0.013997438152826391,GOOGL
2025-10-31,282.47538175038454,285.25815337777135,276.3114191679317,280.46063232421875,39267900,-0.0010302608414355374,0.018427800392097085,274.0832092285156,254.8362579345703,243.1858972167969,84.68171113925067,44539600.0,0.881640158420821,0.011095703283543035,GOOGL
2025-11-03,281.4480558536455,284.7893724933962,279.0742243823285,282.98406982421875,29786000,0.008997474900801272,0.018417318263097327,276.96572265625,256.49644165039064,244.73814392089844,85.02660363937787,43449760.0,0.6855273769061095,0.0036302864435444615,GOOGL
2025-11-04,276.03213953132416,280.5404041676455,275.5434202802167,276.8200988769531,30078400,-0.021782042187372896,0.01802216212064957,278.97449951171876,258.08132095336913,246.11927825927734,73.9996842245219,43517720.0,0.6911759163853254,0.004647860104702639,GOOGL
2025-11-05,278.1466483880774,285.6770830892533,276.6206181949745,283.5725402832031,31010300,0.024392887054243362,0.018404068601363916,280.9174438476563,260.0606750488281,247.66236724853516,76.67700066168379,41003720.0,0.7562801618975059,0.020365137931609656,GOOGL
2025-11-06,284.58986519375543,287.60205105478576,280.41076169575746,284.0113830566406,37173600,0.001547550312873236,0.018611188028563687,281.5697448730469,262.21606903076173,249.20745727539062,76.13431862063845,33463240.0,1.1108786835942963,0.023037698980872046,GOOGL
2025-11-07,282.47536340962876,283.04389217242976,274.47617771869056,278.1067199707031,34479600,-0.02079023390678647,0.020384041225633406,281.0989624023438,264.32358627319337,250.55154388427735,67.72757106589839,32505580.0,1.0607286502809672,0.02826105253362754,GOOGL
2025-11-10,283.68227447504086,290.04570023123154,282.1262928563078,289.3475341796875,29557300,0.04041906722055666,0.02111597059936057,282.3716552734375,266.615128326416,252.09513519287108,79.13852181472022,32459840.0,0.9105805820361407,-0.03974501494514493,GOOGL
2025-11-11,287.0035887304013,291.1627853205446,286.5747114373448,290.5543518066406,19842100,0.004170823955263803,0.02056746934955964,285.118505859375,268.9021797180176,253.6939538574219,79.13236880872482,30412580.0,0.6524306717812168,-0.05114818632931706,GOOGL
2025-11-12,290.9234183741868,291.2525794490294,282.95415298016115,285.96630859375,24829900,-0.015790653915050967,0.020855835002767806,285.5972595214844,270.6815528869629,254.81615783691407,73.61329080434064,29176500.0,0.85102394050006,-0.005894428327747003,GOOGL
2025-11-13,281.60762197974475,282.1063250073575,276.5208450104115,277.847412109375,29494000,-0.028391094476478584,0.02182199157152438,284.3644653320313,272.03353729248045,255.74329833984376,62.86030883071529,27640580.0,1.0670543092800513,0.02049754714809282,GOOGL
2025-11-14,270.7059931829425,277.8374407083971,269.99784337488455,275.6930236816406,31647200,-0.007753854575713315,0.021932298231570665,283.88172607421876,273.18603973388673,256.57353912353517,55.465437416738965,27074100.0,1.1689105085672284,0.05933212300455981,GOOGL
2025-11-17,285.0387391266023,293.18756107368085,282.8344799743636,284.28070068359375,52670200,0.03114941715706898,0.024119746832890254,282.868359375,274.60584869384763,257.59049530029296,62.16554079132952,31696680.0,1.6616945370934748,0.015542799971230092,GOOGL
2025-11-18,287.1731753233953,288.05086711584505,277.4783868942568,283.5426025390625,49158700,-0.002596370920559865,0.022861454829554276,281.46600952148435,276.2924629211426,258.48117889404296,57.381763066970414,37560000.0,1.3088045793397232,0.05410163506589738,GOOGL
2025-11-19,286.41513772838755,303.0219431129204,285.88651371587775,292.05047607421875,68198900,0.030005626875714952,0.023514538935937343,282.68284301757814,278.34312973022463,259.5511959838867,58.40628047662029,46233800.0,1.475087490104642,0.08800918712924144,GOOGL
2025-11-20,303.75007371618807,305.625202125324,287.921243180084,288.69921875,62025200,-0.011474925051541796,0.023972180194855842,284.85320434570315,280.1569137573242,260.5302505493164,55.86149126905688,52740040.0,1.1760552324192397,0.11742946371791585,GOOGL
2025-11-21,295.65113486551246,303.1316807498811,293.0877938372482,298.8827209472656,74137700,0.03527374352226453,0.02462432667215915,289.49114379882815,282.1387603759766,261.704397277832,60.19964375340907,61238140.0,1.210645849139115,0.06770995372679556,GOOGL
2025-11-24,310.3229443803346,318.651290855991,308.79691436510495,317.75360107421875,85165100,0.06313807659119464,0.02870826225031136,296.18572387695315,284.59786529541014,263.04032257080075,72.57921863937091,67737120.0,1.257288470487083,0.0050224017133828625,GOOGL
2025-11-25,325.3638169665917,327.9770159307299,316.82602366827604,322.60101318359375,88632100,0.015255254678428587,0.02868189793597751,303.9974060058594,287.38910522460935,264.4821725463867,71.99055645065609,75631800.0,1.1718893375537802,-0.026434515594092933,GOOGL
2025-11-26,319.84814303870047,323.65824119559085,315.96824959625764,319.12005615234375,51373400,-0.010790285488870954,0.028204852471308835,309.41132202148435,289.65221710205077,265.8869189453125,69.12627111853111,72266700.0,0.7108862034657734,-0.012939366693424104,GOOGL
2025-11-28,322.5312152935296,326.0021995827445,315.9682963529555,319.3494873046875,26018600,0.0007189493355885812,0.02495932502516532,315.5413757324219,291.58219757080076,267.2463836669922,73.9488212571721,65065380.0,0.39988393213103496,-0.0017178170192320152,GOOGL
2025-12-01,316.8759202886677,319.02033724928003,313.07580560094704,314.0732116699219,41183000,-0.016521948036608558,0.025954046508180534,318.5794738769531,293.26282653808596,268.4466622924805,65.42626130155361,58474440.0,0.7042906268106202,0.00866963589841796,GOOGL
2025-12-02,315.9184251730286,317.5541859262309,313.095779063488,314.9908447265625,35854700,0.002921717047313921,0.02533875920192141,318.02692260742185,294.8631652832031,269.70898010253904,65.30105277801239,48612360.0,0.7375634509412833,0.01728875893512849,GOOGL
2025-12-03,315.07061440214585,320.74582687116515,313.2852490348319,318.8009033203125,41838300,0.012095775663122588,0.024911371450108116,317.26690063476565,296.9622055053711,271.0648538208008,70.76185168661438,39253600.0,1.0658461899036011,-0.0178480420367918,GOOGL
2025-12-04,321.39416988540876,321.52380710663783,313.8837033726762,316.7961120605469,31240900,-0.0062885369485647935,0.024649192201272357,316.80211181640624,298.6233840942383,272.4707974243164,76.69173121027154,35227100.0,0.8868428000034064,-0.0010471279841822723,GOOGL
2025-12-05,318.6612638744486,322.32175763971526,318.3421170569229,320.4366455078125,28851700,0.011491723883814142,0.023637394358694545,317.01954345703126,300.44464721679685,273.97648162841796,80.05090472928629,35793720.0,0.8060548051445896,-0.0026474114262878823,GOOGL
2025-12-08,319.42862865409404,319.81788611091974,310.61578500656543,313.1109313964844,33909400,-0.02286166146733526,0.024075126067413747,316.82708740234375,302.1948577880859,275.320690612793,69.69697348783853,34339000.0,0.9874894434899094,-0.0041119806893145094,GOOGL
2025-12-09,311.7635388280278,317.3726229056239,311.2944500995635,316.4643859863281,30194000,0.010710116618692478,0.013272310111434024,317.1217956542969,303.55070037841796,276.7816390991211,71.71628069330669,33206860.0,0.909269952052076,-0.024567920342568272,GOOGL
2025-12-10,315.2168165746965,320.6861883612462,314.069055340672,319.58831787109375,33428900,0.00987135369128267,0.012665308039248353,317.27927856445314,305.0023986816406,278.3240170288086,69.55372876493139,31524980.0,1.0603940113522674,-0.03744422173989026,GOOGL
2025-12-11,319.45856710455377,320.49655652430846,308.0008744502611,311.82342529296875,42353700,-0.02429654697596606,0.014437477809051526,316.2847412109375,306.2952545166016,279.67519104003907,65.45127022216857,33747540.0,1.2550159211604757,-0.01875623297706064,GOOGL
2025-12-12,313.0909556884665,314.25866704717134,304.96674508462553,308.68951416015625,35940200,-0.01005027486266652,0.014595026687536579,313.93531494140626,307.8373596191406,280.94792724609374,57.234295552791046,35165240.0,1.0220376712913093,-0.04064146233101318,GOOGL
2025-12-15,310.7155693717638,310.81538131016634,304.288070405232,307.62158203125,29151900,-0.003459567234772254,0.013844729625066013,312.8374450683594,309.4337875366211,282.2060870361328,39.86330362398665,34213740.0,0.8520524210448784,-0.018687828269119966,GOOGL
2025-12-16,304.3579426322819,310.16661977978157,302.00250880457793,305.97479248046875,30585000,-0.005353296540208108,0.013765837321355104,310.7395263671875,310.5184921264648,283.3299749755859,32.22794607917973,34291940.0,0.8919005457259053,0.0019245611140910057,GOOGL
2025-12-17,307.4120099511304,307.4918412298865,295.54507970361715,296.1439208984375,43930400,-0.03212967807685918,0.015445225452162566,306.05064697265624,311.14855804443357,284.350403137207,28.37589899129155,36392240.0,1.2071364664554862,0.04401453661999066,GOOGL
2025-12-18,301.13424909965397,303.36989066961956,298.64909287381425,301.872802734375,33518000,0.019344924652031636,0.017597247207389918,304.0605224609375,311.6396743774414,285.5081500244141,35.09468279260362,34625100.0,0.9680260851232199,0.03931086940170858,GOOGL
2025-12-19,301.1442091965169,306.65348128006514,300.3856749721532,306.56365966796875,59943200,0.01553918369294549,0.018051057877417506,303.6353515625,312.5328964233398,286.82135314941405,43.53073801845874,39425700.0,1.5204092761827945,0.022561494833794882,GOOGL
2025-12-22,309.2783702904479,309.52788491338026,304.70724534166345,309.1785583496094,26429900,0.008529708591268559,0.017166232020684485,303.9467468261719,313.04768829345704,288.28579681396485,45.13514576657017,38881300.0,0.6797586500451374,0.012040868358351275,GOOGL
2025-12-23,309.02884787804055,314.328535898872,308.7194521900694,313.73968505859375,25478700,0.014752403055799279,0.017519954542269196,305.4997253417969,312.8469924926758,289.69025665283203,45.81638573425021,37860040.0,0.6729707628412437,-0.002513077516126949,GOOGL
2025-12-24,314.15886656933606,314.4682622711062,311.3144241794057,313.4801940917969,10097400,-0.0008270900340465737,0.017123140533014763,308.96697998046875,312.3909515380859,291.06359405517577,47.177619616603465,31093440.0,0.32474374015869584,-0.0007641071915152065,GOOGL
2025-12-26,313.8694546536391,314.4782557314601,311.67371372407564,312.9013366699219,10899000,-0.0018465518166213002,0.015210016209691372,311.1726867675781,312.0800155639648,292.31404388427734,43.233574942109804,26569640.0,0.4102050310053128,-0.0016267194348351666,GOOGL
2025-12-29,310.76548227407176,313.41033130955566,310.0169383701615,312.95123291015625,19621800,0.00015946317380866049,0.014762966388997318,312.4502014160156,311.7601028442383,293.5569140625,49.835041966105585,18505360.0,1.0603306285314094,0.005070705522280061,GOOGL
2025-12-30,311.8932765746258,316.3346490163796,311.85334570689247,313.24066162109375,17380900,0.0009248364617262528,0.0146650473731533,313.2626220703125,311.7184753417969,294.76886779785156,46.44508295086888,16695560.0,1.041049237042663,0.008570994332767867,GOOGL
2025-12-31,312.24263128978663,313.9692531312569,310.8353650439947,312.392333984375,16377700,-0.002708229615939528,0.01454284354615958,312.99315185546874,311.5885498046875,295.8990240478516,41.64543166344481,14875360.0,1.1009952028051757,0.004281162494265578,GOOGL
2026-01-02,316.28471875384633,321.87385220157,309.7274673850438,314.5381164550781,32009400,0.0068688704467712025,0.008142259575366293,313.204736328125,311.37541046142576,297.19358001708986,53.62470610766341,19257760.0,1.6621559309078522,0.02167232556029841,GOOGL
2026-01-05,317.0432662013207,318.4006111389099,314.01915017003046,315.9254455566406,30195600,0.004410686746643133,0.006675045826482352,313.80955810546874,311.33187713623045,298.4913461303711,60.134224286714435,23117080.0,1.3062030325629361,0.028116509993725947,GOOGL
2026-01-06,315.7857346052246,320.3169291726341,311.1747087515676,313.729736328125,31212100,-0.0069500866720213494,0.006353331151494463,313.9652587890625,310.9965316772461,299.71747009277345,58.292757302856835,25435140.0,1.2271251504807916,0.04526941636699955,GOOGL
2026-01-07,313.74965751082357,325.51677583182123,313.58000462136766,321.3548889160156,35104400,0.02430484491886231,0.009326253728435856,315.5881042480469,311.40872955322266,300.9596520996094,67.96462788918697,28979840.0,1.211338640931075,0.030685012578634874,GOOGL
2026-01-08,328.3313118537803,329.67869694461876,320.8758135066914,324.80816650390625,31896100,0.010745993625736139,0.008884257950994559,318.07127075195314,311.82591857910154,302.0843853759766,89.34260194721313,32083520.0,0.9941583716499935,0.03235618154270381,GOOGL
2026-01-09,326.45496079982934,330.1876899539591,325.16745676828174,327.9320983886719,26214200,0.009617775065172474,0.008931787559659668,320.75006713867185,312.2431076049805,303.3075030517578,88.5218257459081,30924480.0,0.847684423472925,0.02212619602725896,GOOGL
2026-01-12,325.16743586064183,333.3914583276215,324.3690012716118,331.2156677246094,33923900,0.010012954974739197,0.008773629699047417,323.8081115722656,313.2127197265625,304.4546600341797,88.02353156040154,31670140.0,1.0711635629018375,0.0027722507722323098,GOOGL
2026-01-13,334.29970979162056,339.828932001794,332.9722749179122,335.3177185058594,33517600,0.012384833149441166,0.00876157121384442,328.1257080078125,314.5441299438477,305.54601684570315,88.54886386957634,32131240.0,1.0431467942102453,-0.017769429446095608,GOOGL
2026-01-14,334.40950381083184,335.8666608024698,329.838408937521,335.18798828125,28525600,-0.0003868874725363458,0.008871120057536026,330.8923278808594,315.92245025634764,306.64056396484375,86.3869341738493,30815480.0,0.9256905944674559,-0.041210221934111724,GOOGL
2026-01-15,336.9944202593897,337.03435112462023,330.0978329050398,332.1338806152344,28442400,-0.009111626230033587,0.009816817659481244,332.357470703125,317.23040466308595,307.6235601806641,78.90507221018981,30124740.0,0.9441542068080919,-0.013221924142381325,GOOGL
2026-01-16,333.7607557246461,334.00028002450074,327.0637915356931,329.35931396484375,40341600,-0.008353759770762026,0.010827990348027625,332.6429138183594,318.89117431640625,308.6743444824219,73.8778459530373,32950220.0,1.2243195948312333,0.0016364223643092757,GOOGL
2026-01-20,320.2470059867555,327.0937027067513,319.8078578375627,321.37481689453125,35361000,-0.02424251184578552,0.014176777062422272,330.67474365234375,319.86627502441405,309.4303900146484,59.934066566854774,33237640.0,1.0638841987577938,0.01841615222380799,GOOGL
2026-01-21,320.2969242919723,331.8344772893458,318.7299652491503,327.742431640625,35386600,0.019813670553357143,0.01485115883054903,329.15968627929686,320.9252136230469,310.3050109863281,64.95778903962983,33611440.0,1.052814160892839,0.014860890636627655,GOOGL
2026-01-22,333.8006975362521,334.49932025317224,328.1117515615861,329.8982849121094,26253600,0.006577888803389165,0.013186324010126562,328.10174560546875,321.96119995117186,311.34084228515627,67.58219696621396,33157040.0,0.791795648827519,0.012131517292104599,GOOGL
2026-01-23,331.8444485977197,333.0421309365838,326.8142558744754,327.2933044433594,27280000,-0.007896314069786747,0.01324101392248923,327.1336303710938,322.63888092041014,312.09975769042967,62.69365660354896,32924560.0,0.8285608068870168,0.02463946235748038,GOOGL
2026-01-26,327.1735452193246,335.1879535299186,326.3651202937951,332.61297607421875,26042100,0.0162535302697584,0.0138805340822587,327.78436279296875,323.59552001953125,312.94093017578126,65.40158641547953,30064660.0,0.8662030437064646,0.014973306877233972,GOOGL
2026-01-27,334.71886692218493,337.2539439848537,332.8325522369338,333.90045166015625,21636200,0.0038707918167637523,0.013595196367829125,330.28948974609375,324.64547576904295,313.89961303710936,68.93377929640502,27319700.0,0.7919633085282781,0.010312350051410846,GOOGL
2026-01-28,335.40752623810386,336.8846637353836,331.2955302242731,335.3576354980469,27434400,0.004364126585170824,0.01306813297759711,331.8125305175781,325.7657958984375,315.0498175048828,64.86538147530914,25729260.0,1.0662724073681094,0.022856494936436045,GOOGL
2026-01-29,339.6393000059441,341.62545715973704,325.9060355700189,337.5932922363281,39785600,0.006666485273135514,0.013228959277781206,333.3515319824219,326.9834274291992,316.2878228759766,63.93295309044348,28435660.0,1.3991445952019401,0.004316298202075686,GOOGL
2026-01-30,339.33986686390534,339.33986686390534,331.6448448818816,337.34375,31024000,-0.0007391800787126535,0.012790030304423909,335.36162109375,328.23099822998046,317.34908386230467,60.942126838849674,29184460.0,1.063031490046415,-0.014674491228578002,GOOGL
2026-02-02,335.56723722383623,344.160506471566,334.9783863513143,343.0227355957031,32006100,0.016834417699166382,0.013081981308981038,337.4435729980469,329.65522918701174,318.5386865234375,63.002829814549685,30377260.0,1.0536203726076676,-0.03619545222140341,GOOGL
2026-02-03,346.66563680855586,348.322417578686,336.81480425638233,339.0504455566406,36506700,-0.01158025293036069,0.010357550151051421,338.47357177734375,330.81147918701174,319.47868591308594,54.12254175660171,33351360.0,1.0946090354336375,-0.049601147794262945,GOOGL
2026-02-04,342.2941250868659,342.6434516437907,327.8821583120744,332.3934020996094,70618400,-0.019634374601991578,0.01169123066988373,337.88072509765624,331.7446624755859,320.3525695800781,47.3024953383627,41988160.0,1.6818646018306114,-0.026183022616783735,GOOGL
2026-02-05,311.61382084171163,332.04407921106184,305.8649942318392,330.60687255859375,88205800,-0.005374744293150102,0.01172214545527552,336.4834411621094,332.20726165771487,320.9870526123047,48.48906499403018,51672200.0,1.7070262152569466,-0.038249102814777336,GOOGL
2026-02-06,326.54477434837446,329.7385737476322,319.2988903139048,322.233154296875,56380500,-0.025328324837635252,0.014122877888636835,333.46132202148436,332.0785110473633,321.07664367675784,43.652211545466706,56743500.0,0.9936027915091596,-0.036857975083853134,GOOGL
2026-02-09,320.30690521957837,327.0637807183464,316.6440476026885,323.6903381347656,39640100,0.004522141246049882,0.012923694847085457,329.5948425292969,331.86642303466795,321.09843017578123,52.3340193119911,58270300.0,0.6802796621949776,-0.04723728478784839,GOOGL
2026-02-10,320.3468306795893,321.0454837970353,313.9991629255859,317.9614562988281,39170000,-0.017698649483792517,0.013503292253933064,325.3770446777344,331.2037124633789,321.07525817871095,40.01227808299859,58802960.0,0.6661229298661155,-0.04036659701480794,GOOGL
2026-02-11,318.35075183143766,320.43669064369624,309.0588287321352,310.3562927246094,45406400,-0.023918507805144817,0.01430918313330523,320.96962280273436,329.9556411743164,320.89539428710935,32.04333254068315,53760560.0,0.8446042972766653,-0.028749758475007492,GOOGL
2026-02-12,311.4840826487114,315.62601945223736,306.60359228041904,308.40008544921875,47761300,-0.006303101697140212,0.013430693599957305,316.52826538085935,328.61624603271486,320.7819317626953,32.42999019746405,45671660.0,1.0457535373139493,-0.01834962883154323,GOOGL
2026-02-13,307.1325415821482,308.03078810659247,303.1203270701956,305.1264343261719,38499700,-0.0106149488197399,0.013121674558481428,313.10692138671874,327.26587371826173,320.5846435546875,23.42730027231235,42095500.0,0.9145799432243351,-0.009387617977827056,GOOGL
2026-02-17,299.4574878846074,303.8489392958333,295.67483755264817,301.4336242675781,39247600,-0.012102556983464186,0.009161724828786527,308.65557861328125,325.8695892333984,320.2372979736328,20.007465198586118,42017000.0,0.9340885831925173,0.0429110886422579,GOOGL
2026-02-18,301.50347560963706,304.7870964613843,300.66511016078545,302.7410583496094,28482100,0.004337386332424087,0.010658361327946082,305.6114990234375,324.93790130615236,319.95619689941407,19.78553206502565,39879420.0,0.7142054723965394,0.026901523040973263,GOOGL
2026-02-19,301.23402488534225,304.87693233204385,299.4574819671566,302.26202392578125,25834400,-0.0015823239386146826,0.010601870987938852,303.9926452636719,323.6638809204102,319.59270446777344,16.16976263737547,35965020.0,0.7183201900068455,0.026580788048125914,GOOGL
2026-02-20,303.72916224594877,315.885507154404,303.30996428502766,314.36846923828125,53210800,0.040052816279271264,0.018959568555145915,305.1863220214844,322.88739013671875,319.6178552246094,32.07167766388426,37054920.0,1.435998242608539,-0.006603582913334738,GOOGL
2026-02-23,318.43057425110476,318.8996629968606,309.2684038978283,310.88525390625,31423000,-0.01108004037577659,0.01774737903677182,306.3380859375,322.0669876098633,319.5062725830078,24.03225178049101,35639580.0,0.8816882802771525,-0.013194644043518666,GOOGL
2026-02-24,309.91711960911005,311.6637220131571,305.33603467292323,310.29638671875,25615600,-0.0018941624927555356,0.017542386331391015,308.1106384277344,320.95115814208987,319.32043395996095,25.422278658787576,32913180.0,0.7782778813836888,0.0027661856182739086,GOOGL
2026-02-25,311.4541454679639,313.031095017384,308.8392369672335,312.2925109863281,29963600,0.006432960076288019,0.017115486348015,310.02092895507815,319.8707611083984,319.32981567382814,31.331111960155866,33209480.0,0.9022604388867276,-0.020390003088964992,GOOGL
2026-02-26,312.0330312197015,312.5320604811519,301.7630004907203,306.7832336425781,36431200,-0.017641400769905724,0.016304647061383508,310.9251708984375,318.442041015625,319.29169006347655,29.304672542404518,35328840.0,1.031202835983293,-0.012362582568835156,GOOGL
2026-02-27,303.5495233120643,311.7635251790807,303.21015662264614,311.15472412109375,44640600,0.01424944390412386,0.01685355472785991,310.282421875,317.12011260986327,319.36235290527344,39.65711179338498,33614800.0,1.3280043314254435,-0.027681568251137323,GOOGL
2026-03-02,302.6412753457796,307.8910420913047,300.71499938521333,305.92486572265625,34790200,-0.0168079029274264,0.01743226427095518,309.29034423828125,315.5491683959961,319.36135437011717,34.505538612719775,34288240.0,1.0146394215626116,-0.01839993551827679,GOOGL
2026-03-03,298.01029817831704,303.34991750153205,296.13394323483243,302.9906005859375,35497000,-0.009591456810113863,0.017249338873160307,307.8291870117188,313.5475616455078,319.4982879638672,36.2737938347981,36264520.0,0.9788355119549356,-0.016667747740924166,GOOGL
2026-03-04,302.30194909897057,304.87692658824284,300.1660893213747,302.5414733886719,29536200,-0.0014823139608854952,0.017209143405893083,305.8789794921875,311.72211303710935,319.5116613769531,41.752658334170704,36179040.0,0.8163898212887905,0.011366819522802718,GOOGL
2026-03-05,302.4516780897468,302.7111526067185,297.41146402777275,300.2958679199219,35752300,-0.007422471516376539,0.017369628458885584,304.5815063476563,310.117236328125,319.3863055419922,41.49916867216105,36043260.0,0.991927478258071,0.02119156369933428,GOOGL
2026-03-06,295.5151547022239,299.94653713519574,294.60691775969326,297.9404296875,25576900,-0.007843725085987518,0.009964156882421195,301.9386474609375,308.4839141845703,319.16154296875,42.31426797687272,32230520.0,0.7935615062989986,0.03482956724387143,GOOGL
2026-03-09,293.99527562141907,306.4198649966507,293.71562375842984,305.98040771484375,29312100,0.026985186387012305,0.013976985985377588,301.949755859375,307.67127685546876,319.006357421875,54.44924175142252,31134900.0,0.9414547661948489,-0.009172116796853369,GOOGL
2026-03-10,305.79068968096857,309.1265479913924,305.1914269440574,306.65960693359375,23239700,0.0022197474139682427,0.014024609330649843,302.6835571289063,306.81974029541016,318.86994567871096,53.88221677864565,28683440.0,0.8102131404043588,-0.015502921694138805,GOOGL
2026-03-11,306.3699695674413,311.0341973481569,305.54101125974313,308.31756591796875,24125700,0.005406512455140566,0.01396706837652448,303.8387756347656,306.33754577636716,318.77827026367186,55.862450394832315,27601340.0,0.874077128139431,-0.010171781509361155,GOOGL
2026-03-12,306.43988798140623,308.5572566363961,300.65705267874506,303.1739196777344,24928300,-0.016682949039636963,0.013844403006020337,304.4143859863281,305.9784271240234,318.5827239990234,37.47366321838374,25436540.0,0.9800192950770821,0.024279365352905424,GOOGL
2026-03-13,306.6296377698095,307.3087879643589,300.0677703977713,301.9054870605469,23693100,-0.004183844766514899,0.012758632674106513,305.2073974609375,305.65369720458983,318.3560205078125,39.42792388510477,25059780.0,0.945463208376131,0.01789728914015476,GOOGL
2026-03-16,303.97293465389924,306.11026747244654,302.64456537566065,305.1814270019531,23519700,0.010850879105583244,0.012411602825704103,305.0476013183594,305.6564468383789,318.21180236816406,44.336388266946365,23901300.0,0.9840343412283014,0.005138104945058508,GOOGL
2026-03-17,305.48103123176395,311.03417054952814,305.1214918945171,310.5347900390625,21955200,0.017541575480853666,0.013072396751603528,305.8226379394531,306.11150512695315,318.13173583984377,48.188423802583266,23644400.0,0.9285581363874744,-0.031905329649227654,GOOGL
2026-03-18,308.88680583632095,312.08285325242963,306.5497087361953,307.30877685546875,20009800,-0.010388572511273009,0.01366668509093471,305.6208801269531,306.3398910522461,317.9594024658203,50.56839673240367,22821220.0,0.8768067614264268,-0.018297610679913756,GOOGL
2026-03-19,303.63335165234247,307.67832164750223,301.9754046785898,306.7494812011719,25075800,-0.0018199794357318666,0.013365031274935876,306.33599243164065,306.56426391601565,317.8197973632812,44.80735734990363,22850720.0,1.0973746122660468,-0.05434177576491306,GOOGL
2026-03-20,305.0815409313132,305.62088043111504,297.9004465638477,300.6270751953125,44364100,-0.019958977540516787,0.014844707377214264,306.08031005859374,305.8771942138672,317.4052410888672,43.88396594147141,26984920.0,1.644033037711433,-0.03345515578805203,GOOGL
2026-03-23,301.7356863586682,305.60091722739566,300.55715563413514,301.6857604980469,29326900,0.0035215900033174208,0.011828495438580357,305.3811767578125,305.417219543457,316.94279296875,48.42544071235763,28146360.0,1.0419429013200996,-0.06998596651162359,GOOGL
2026-03-24,298.82932646685043,299.5484356615691,289.97029010977093,290.0801696777344,36864300,-0.038469136896461587,0.016528753092543185,301.2902526855469,304.4064086914062,316.1857543945313,38.15275166539006,31128180.0,1.1842741849989302,-0.05543322090187763,GOOGL
2026-03-25,293.07644958925243,295.6332754793409,288.8816409209488,290.5695495605469,29460700,0.0016870504569690414,0.01629834068537729,297.9424072265625,303.3202606201172,315.37283203125,40.433504705325824,33018360.0,0.8922520682432441,-0.05991125448897494,GOOGL
2026-03-26,287.553321534765,287.59328051443134,278.1549756132059,280.5719909667969,39080600,-0.034406766327958915,0.018437776451735586,292.7069091796875,302.00969848632815,314.2779174804688,35.14945550778134,35819320.0,1.0910480712643345,0.02363651611094153,GOOGL
2026-03-27,276.9364513575891,279.02385820883654,273.6105906087015,274.0000915527344,35890600,-0.023423219799727724,0.019039991890520913,287.3815124511719,300.15196685791017,313.0541595458984,21.95170128950373,34124620.0,1.051750905944154,0.08401998789321308,GOOGL
2026-03-30,276.07755917965534,276.74671205405957,271.772870758184,273.1611633300781,35141200,-0.0030617808114665745,0.01786057696817965,281.6765930175781,298.51378173828124,311.8747052001953,20.70231573193432,35287480.0,0.9958546203922751,0.08142581593340137,GOOGL
2026-03-31,277.6955407888773,287.72308014338427,276.74670556560056,287.2037353515625,43875400,0.05140764466768588,0.025447392378120118,281.10130615234374,297.7244384765625,311.0315936279297,34.82192374654255,36689700.0,1.195850606573507,0.043225802064202457,GOOGL
2026-04-01,290.47967248402244,300.14767254424095,290.05021252939383,297.0215759277344,37684500,0.0341842370683445,0.02859274010944308,282.39171142578124,297.4484436035156,310.5445288085937,45.85577436993792,38334460.0,0.9830450200681058,0.027135964839728022,GOOGL
2026-04-02,290.3298413990028,297.7106694379238,289.0913874960174,295.4035339355469,21666500,-0.005447557091210031,0.028598638356237056,285.35802001953124,297.2038269042969,309.8977508544922,45.640808656838075,34851640.0,0.6216780616349762,0.07286082756194023,GOOGL
2026-04-06,295.5034561131459,300.24757156825143,294.81430848233833,299.61834716796875,16945500,0.014267985139749584,0.028443944943706674,290.48167114257814,297.2877227783203,309.2921520996094,46.316640675104395,31062620.0,0.5455270675815498,0.061668622619066804,GOOGL
2026-04-07,302.3549447988444,305.2513457589993,297.3511421656273,305.08154296875,23205400,0.018233849336731556,0.029019502005101956,296.8657470703125,297.24277954101564,308.84791687011716,46.39460558810711,28675460.0,0.8092424672524869,0.03856480881296154,GOOGL
2026-04-08,320.0530070056894,321.68096199730417,314.6297110626625,316.9268798828125,33547100,0.03882678971266329,0.02744267337811813,302.8103759765625,297.7561431884766,308.53419494628906,55.70837490101639,26609800.0,1.2607047027786755,0.012574024608427825,GOOGL
2026-04-09,315.51860784412145,319.1441153425082,310.6746106421415,318.09539794921875,23739200,0.0036870273257929576,0.02738885433015428,307.0251403808594,298.2450347900391,308.2180938720703,56.6854916758406,23820740.0,0.9965769325386197,0.04527623077033782,GOOGL
2026-04-10,319.62350892085055,321.4312640320202,315.9281112234418,316.8469543457031,19152600,-0.0039247458830414805,0.023369756527927048,311.31382446289064,298.9286865234375,307.84788024902343,60.13985747159944,23317960.0,0.8213668777200064,0.06266551382280916,GOOGL
2026-04-13,316.74710955552524,321.2315371363443,315.0791651091577,320.91192626953125,18866400,0.012829449259571968,0.019707093659304523,315.5725402832031,299.8790084838867,307.5142529296875,61.5838291985389,23702140.0,0.7959787597238055,0.04578122762262171,GOOGL
2026-04-14,324.38762340838895,332.8770926852431,323.3489033390031,332.49755859375,27721400,0.03610221801008451,0.019364446689817686,321.0557434082031,301.24481506347655,307.4173291015625,75.5627666058403,24605340.0,1.1266416151941,0.026343425777033636,GOOGL
2026-04-15,332.4775916674409,337.0619013824557,330.49003638532656,336.70233154296875,24918800,0.012646026536261568,0.015963585236176844,325.0108337402344,302.5531921386719,307.2909210205078,76.6101971790722,22879680.0,1.0891236241066309,0.0008899614631006081,GOOGL
2026-04-16,338.33029678032364,339.458901613874,334.105526677332,335.6036682128906,20541500,-0.003263010758028928,0.01564969548999712,328.5124877929687,303.96793670654296,307.2219854736328,85.37484492787625,22240140.0,0.9236227829501074,-0.011100420375953157,GOOGL
2026-04-17,337.2316773591919,341.89590508018404,335.8234205588037,341.2566833496094,25581900,0.016844318677508463,0.014360159907589687,333.39443359375,305.6932968139648,307.3992510986328,93.74996029704165,23526000.0,1.0873884213210916,-0.006906987552380728,GOOGL
2026-04-20,340.3378420577138,340.97703331198585,336.1929591105031,337.0019836425781,18784200,-0.01246774030993092,0.01672767651438368,336.61244506835936,307.5120422363281,307.5271533203125,89.76109163121258,23509560.0,0.7990026185092363,0.004356562386210738,GOOGL
2026-04-21,337.2716301294484,338.9195798085849,330.9394885663705,331.8783264160156,23123800,-0.015203641151253944,0.018572554972562993,336.4885986328125,309.02167053222655,307.7200567626953,81.30156086892747,22590040.0,1.0236281122122848,0.0364440828399919,GOOGL
2026-04-22,336.60245884112476,339.3990082413208,334.7547751685775,338.8996276855469,20293000,0.021156251284484062,0.01604682404287445,336.9280578613281,311.4626434326172,308.02424255371096,80.53891416007193,21664880.0,0.9366772398462396,0.03247671805193719,GOOGL
2026-04-23,340.7572947145818,341.53632713037314,335.7634893621326,338.47015380859375,18650300,-0.0012672598075310626,0.01623043465669291,337.50135498046876,313.85767364501953,308.4344165039063,81.95967647329256,21286640.0,0.8761504868781546,0.032134372134498435,GOOGL
2026-04-24,338.31036908905986,344.84224494447176,334.9745105669949,343.97332763671875,26426100,0.016258963356742706,0.016065547427779204,338.0446838378906,317.0277404785156,309.10675720214846,82.29816756369972,21455480.0,1.231671349231059,0.016085873896912517,GOOGL
2026-04-27,345.55139138660655,352.7424533316474,342.30541767036533,349.9059753417969,28576900,0.01724740620395937,0.01626155340239971,340.6254821777344,320.8230346679687,309.936875,82.41837067563995,23414020.0,1.2205037836304915,0.09836147214143298,GOOGL
2026-04-28,348.1181924796765,351.9834237980171,345.6912101596132,349.3466796875,27824100,-0.0015984169854502683,0.01333720314490333,344.11915283203126,324.63231048583987,310.82127990722654,78.0214098963268,24354080.0,1.1424820810311866,0.10266451956917355,GOOGL
2026-04-29,347.13938043155986,355.34919736274225,343.7835275027263,349.5064392089844,35376300,0.00045730940287525,0.013119565522718044,346.2405151367187,327.74744567871096,311.78273620605466,77.63134510987014,27370740.0,1.2924860635846893,0.09518776783702121,GOOGL
2026-04-30,373.6065555628184,385.3619622201579,365.3667768501622,384.3232421875,72040000,0.0996170572917463,0.03269101190490722,355.4111328125,332.1125289916992,313.4143798828125,87.31770793776171,38048680.0,1.8933639747817796,0.009433514294353573,GOOGL
2026-05-01,381.1572209075714,386.2808704617397,378.5804000830116,385.2121887207031,30105200,0.0023130178860466533,0.03287811619785213,363.6589050292969,336.602961730957,315.0733831787109,86.8559581837894,38784500.0,0.7762173033041551,0.032020498417406174,GOOGL
2026-05-04,385.15223320621686,386.90006506467324,379.31947226185457,382.7751770019531,26298600,-0.006326413831408972,0.03241081889747743,370.2327453613281,340.76080322265625,316.4415173339844,82.19489250306121,38328840.0,0.6861308612522581,0.03846054187202719,GOOGL
2026-05-05,385.7515048868787,392.33333678038815,383.5442209432822,387.9487609863281,23878600,0.013515986132895508,0.03084232995382136,377.9531616210937,344.90416412353517,317.98278747558595,82.41310048691754,37539740.0,0.6360885823929521,0.03184615221236431,GOOGL
2026-05-06,393.7615619135972,399.3546301445318,392.2734176347804,397.546875,31308500,0.024740674488222147,0.03092784897247084,387.5612487792969,348.9351638793945,319.72779724121096,85.37530408133887,36726180.0,0.8524845219404795,-0.0236156709360138,GOOGL
2026-05-07,399.42454979908837,399.6043194807176,392.1934987581594,397.4969177246094,24433500,-0.0001256638613763572,0.030857023237303566,390.19598388671875,352.9052398681641,321.43188537597655,84.31440822318368,27204880.0,0.8981293062127089,-0.026734296703331273,GOOGL
2026-05-08,396.5081562950806,401.5019617899809,395.86893456144384,400.3034362792969,21461800,0.007060478784974844,0.031005396873333514,393.2142333984375,357.07806396484375,323.30228942871094,89.31755320278168,25476200.0,0.8424254794671104,0.004540927852963117,GOOGL
2026-05-11,393.16231133568834,396.94762453931395,387.9887360157618,388.1585388183594,30753700,-0.03033922859573923,0.03422448923338804,394.29090576171876,360.44039459228514,324.84236572265627,82.15222685278168,26367220.0,1.166361110500083,0.03198327502113152,GOOGL
2026-05-12,386.8601198229993,388.0386506028281,382.2957742925754,386.8701171875,26017500,-0.003319318015730377,0.034298739441374224,394.07517700195314,363.15902252197264,326.4612707519531,79.32590038465715,26795000.0,0.9709833924239597,0.02434487448094802,GOOGL
2026-05-13,385.1222825184223,403.1998643489371,384.5230197682841,402.1211853027344,28144600,0.03942167522813045,0.03519975267800161,394.9900390625,366.4299652099609,328.4438824462891,82.9421904569667,26162220.0,1.0757726217423444,-0.014107545990056591,GOOGL
2026-05-14,396.7878070287349,402.43080112559403,395.349588612008,400.5731201171875,21136700,-0.003849747892246569,0.018870055279551518,395.60527954101565,369.6784378051758,330.4045153808594,80.54327197655431,25502860.0,0.8287972407800537,-0.0334355987133913,GOOGL
2026-05-15,395.82900006662373,399.0450119758119,392.69287563304505,396.2884216308594,20309700,-0.010696420381563931,0.019462125108650016,394.8022766113281,372.4300247192383,332.3243664550781,75.48286086216459,25272440.0,0.8036303578127003,-0.019834618079024424,GOOGL
2026-05-18,395.1997907850553,408.10376741205215,394.04122422601415,396.4482421875,26837200,0.00040329353046164584,0.019218308459013997,396.46021728515626,375.4023376464844,334.2945227050781,75.99204050343681,24489140.0,1.0958816846977886,-0.02337890090968886,GOOGL
2026-05-19,396.4681837278221,396.65795076850566,385.63162007935824,387.1797180175781,39545700,-0.02337890090968886,0.020611461745533365,396.5221374511719,378.1674072265625,335.9185089111328,68.89020623667945,27194780.0,1.4541651008024334,-0.01209818946087382,GOOGL
2026-05-20,387.2196997137571,393.37204141137994,382.42562803382646,388.4281921386719,31744400,0.0032245338869663076,0.01878278042776471,393.7835388183594,380.6438354492187,337.5538806152344,53.102847881539496,27914740.0,1.137191318994911,-7.715264320473647e-05,GOOGL
2026-05-21,385.22215486500835,392.01371791338363,382.5454520468608,387.1797180175781,24852800,-0.0032141696878892345,0.018771002643697354,391.1048583984375,383.07931365966795,339.13112365722657,51.479175633522715,28657960.0,0.8672215328655634,0.0030181038148577866,GOOGL
2026-05-22,386.87012298265273,388.258385079403,381.29701890681014,382.49554443359375,20442100,-0.01209818946087382,0.0186677622993893,388.3462829589844,385.0054244995117,340.7175561523438,49.796645031396515,28684440.0,0.7126546657351512,0.018695964308458768,GOOGL
2026-05-26,384.03364271938483,388.777757974093,382.1260053488666,388.3982238769531,27747400,0.015432021442498556,0.017146193208148128,386.736279296875,386.9300369262695,342.44741088867187,50.32342958335382,28866480.0,0.9612325437670267,-0.021960577928885727,GOOGL
2026-05-27,386.1909694394293,393.3920284639016,385.42190388240675,388.3482666015625,23087300,-0.00012862385129353004,0.017103215478838297,386.96998901367186,388.88011627197267,344.1107476806641,42.3262731584023,25574800.0,0.902736287282794,-0.03204481809446247,GOOGL
2026-05-28,387.5193014898567,391.38450201712897,384.68282366229704,389.64666748046875,24357500,0.0033433930071802287,0.01052265735058173,387.21368408203125,390.8871276855469,345.6929852294922,43.58473786250868,24097420.0,1.0107928566626634,-0.07248865948795824,GOOGL
2026-05-29,384.7626974671623,384.7626974671623,377.9910987617443,379.8687744140625,44415800,-0.02509425559733902,0.01262601864484381,385.7514953613281,390.664404296875,347.14418518066407,35.008805272506734,28010020.0,1.5857111133801405,-0.056133983100275286,GOOGL
2026-06-01,376.05352511273605,378.09100632744554,373.05724175924524,375.9037170410156,28672100,-0.010437966055943604,0.01261382314656726,384.4331298828125,390.1989807128906,348.52726989746094,39.78351220485181,29656020.0,0.966822250591954,-0.01110612908523756,GOOGL
2026-06-02,366.13582064636165,373.07722234401785,357.99592394061045,361.4017028808594,50412300,-0.038579065603051466,0.016204177039999546,379.03382568359376,389.13030700683595,349.74276245117187,32.60099897134056,34189000.0,1.4745181198631139,0.018460683386178678,GOOGL
2026-06-03,361.5814692403301,365.9960065843375,357.6363508187865,358.54522705078125,55441600,-0.007903880383817063,0.015407650989713886,373.0732177734375,387.6601303100586,350.87995178222656,14.161388791142713,40659860.0,1.3635462591361602,0.012638301240721406,GOOGL
2026-06-04,358.4553387971999,372.7875661225121,357.7661912265356,371.7288818359375,44055500,0.03676985158496904,0.020741524024540988,369.4896606445312,386.36923065185545,352.51292602539064,30.088278567925457,44599460.0,0.9878034397725892,-0.020721689161609214,GOOGL
2026-06-05,365.88613605551615,371.6190149899659,363.6688852043904,368.07342529296875,37471200,-0.009833662977476343,0.020812389145503964,367.1305908203125,384.89805603027344,354.06300354003906,30.35196280820493,43210540.0,0.8671773136831893,-0.0323911805210666,GOOGL
2026-06-08,364.9454235864071,365.9647879200631,360.2984165590168,363.0766296386719,27942500,-0.013575540397461894,0.020874682831710772,364.56517333984374,383.0367156982422,355.71309631347657,28.227772744920415,43064620.0,0.6488504949074205,-0.015248760327452593,GOOGL
2026-06-09,366.85420025674074,371.84098522768176,357.0704802123837,364.0260314941406,29535100,0.002614880105099582,0.01984899276816773,365.0900390625,381.83009033203126,357.5136151123047,33.054701131116005,38889180.0,0.7594683148371861,-0.012573516744275537,GOOGL
2026-06-10,362.95671584537644,368.3232616719084,354.97185779418805,356.1510925292969,32357100,-0.021632900626697316,0.020268652313264232,364.6112121582031,380.2941390991211,359.17341369628906,28.466249424833364,34272280.0,0.944118687172257,0.03639373904436005,GOOGL
2026-06-11,355.70134679025995,358.5694982511428,346.13748714351743,357.5401611328125,35538200,0.003900222778065343,0.020305331128813983,361.7734680175781,378.065087890625,360.58014221191405,30.262918846683306,32568820.0,1.091172477234361,0.043268126088053416,GOOGL
2026-06-12,362.3870579560934,366.33453278338226,354.7119986974298,359.4489440917969,24704600,0.00533865329404315,0.01979564674405991,360.04857177734374,376.00887908935545,361.8286895751953,34.06415688214214,30015500.0,0.8230614182672286,0.011426911735127776,GOOGL
2026-06-15,367.69366113705985,372.7504085202595,366.3145426692825,369.1127624511719,27727500,0.026885093191168385,0.0221096325779862,361.25579833984375,374.6500961303711,363.3028741455078,37.324157806859816,29972500.0,0.9250980065059639,-0.003573930472761333,GOOGL
2026-06-16,369.3626044753487,375.7584875251172,366.8242274297617,373.01025390625,24876100,0.01055908072426437,0.018069678579181105,363.0526428222656,373.4781967163086,364.7707122802734,40.40405621824397,29040700.0,0.8565943658382891,-0.06314805118303501,GOOGL
2026-06-17,368.8929017493238,372.0908279957741,361.78745285393074,363.55633544921875,24543600,-0.02534492914880393,0.020010081964903736,364.53369140625,372.2970275878906,365.9402081298828,35.18853208243563,27478000.0,0.8932091127447412,-0.048544558077410094,GOOGL
2026-06-18,365.51504497617543,369.2426598317581,358.4396065335441,367.7935791015625,44470100,0.011654985044087018,0.0163405951276918,366.584375,371.26529693603516,366.9575421142578,42.684725111463294,29264380.0,1.5195982282898186,-0.06178838785050611,GOOGL
2026-06-22,357.72009076397745,358.68946892539066,341.50050477393233,349.45538330078125,52814800,-0.049860021606623395,0.022501167012941192,364.5856628417969,369.3790802001953,367.5847418212891,36.353790966150704,34886420.0,1.513907130625613,-0.017072813321929337,GOOGL
2026-06-23,340.47114598010614,349.0656275102868,339.98147051143604,345.90765380859375,34007700,-0.01015216723427581,0.022381009410912308,359.94464111328125,367.5496856689453,368.16595581054685,40.986903281262926,36142460.0,0.9409348450548192,-0.025250597677821562,GOOGL
2026-06-24,348.8157979233392,353.25294826847323,341.7103492701006,345.0682067871094,44997300,-0.0024267951640898344,0.02225677250960505,354.3562316894531,365.3831848144531,368.6490814208984,41.971842046994404,40166700.0,1.1202638006109538,0.024211486580004937,GOOGL
2026-06-25,336.51370015420923,345.34801779729577,335.6242572392167,343.48919677734375,44491400,-0.004575935941672493,0.021490018054241465,350.3428039550781,363.1402313232422,368.8689141845703,30.478931309046843,44156260.0,1.007589863815459,0.039742865991900356,GOOGL
2026-06-26,342.32993723999033,346.1374872957393,329.98789515004995,337.17327880859375,114706300,-0.01838753016981809,0.021802010766814692,344.2187438964844,360.5165618896484,368.87833312988283,29.39763890075814,58203500.0,1.9707801077254805,0.07060075336964466,GOOGL
2026-06-29,341.6104064955248,354.122383587675,340.4511784786947,353.4228210449219,34213900,0.04819344609319609,0.027630558218964263,345.0122314453125,359.1942642211914,369.2347161865234,44.40323276929718,54483320.0,0.6279701750921199,0.017701124751413166,GOOGL
2026-06-30,353.64269008629407,358.3896389689017,350.1749177879227,357.14044189453125,35237200,0.010518904349803737,0.026221371587592416,347.2587890625,358.2561004638672,369.55239135742187,46.13224427440089,54729220.0,0.6438461940440591,0.02543575551035837,GOOGL
2026-07-01,358.1397942573561,362.7368455226467,356.20103798676814,360.97796630859375,26736400,0.010745141025489735,0.02623211148988049,350.44074096679685,358.2349136352539,370.0319110107422,52.84016245814735,51077040.0,0.5234524161932641,0.01611248941753174,GOOGL
2026-07-02,359.2490860357571,363.97602803095486,353.19298133516355,359.6788024902344,25974800,-0.003599011406831276,0.025045069699272088,353.678662109375,358.2915924072266,370.5879205322266,51.25972263416651,47373720.0,0.5482955528930386,0.005584782904737073,GOOGL
2026-07-06,361.31772936423556,367.693635754559,357.15042523629825,366.2245788574219,26915800,0.01819894951236445,0.025487917472080474,359.4889221191406,358.0163772583008,371.13441955566407,53.78432368491922,29815620.0,0.9027415831030849,-0.020656980527475333,GOOGL
2026-07-07,368.8329180211536,372.9202869594668,365.26520405735874,366.7942199707031,24045600,0.0015554420597831964,0.018596830851649464,362.1632019042969,357.9524169921875,371.7009008789062,48.558626310581175,27781960.0,0.8655112886203853,-0.02683700535971334,GOOGL
2026-07-08,364.525702555654,367.6037106679975,357.79001132287857,361.6875305175781,22094800,-0.013922491618141852,0.018972738221975708,363.07261962890624,357.8829620361328,372.05518493652346,43.065236935510704,25153480.0,0.8783993308281797,-0.026000236082741046,GOOGL
2026-07-09,354.08240970637695,359.41897594546776,350.8544734886641,358.65948486328125,24729100,-0.008371993499371455,0.019308611321803844,362.6089233398437,357.61463470458983,372.2302551269531,46.74461520483402,24752020.0,0.9990740149692833,0.0017275393927140836,GOOGL
2026-07-10,357.30034280387986,357.5901650645865,352.52341441108456,356.9505615234375,18146100,-0.004764751559533376,0.019318057962499597,362.0632751464844,357.65460815429685,372.38233276367185,42.54090802978061,23186280.0,0.7826223094002143,0.03846807556001952,GOOGL
2026-07-13,355.96119810970276,357.8999543595846,351.52404777471276,352.2835693359375,15901700,-0.013074617861873139,0.018696488485673655,359.2750732421875,357.39177856445315,372.43787536621096,52.39627947578381,20983460.0,0.7578206835288365,0.005531709788291872,GOOGL
2026-07-14,350.97442351070157,359.92865963343,350.86447830880365,359.2790832519531,18259400,0.019857621884558307,0.012450748434374994,357.7720458984375,357.38328552246094,371.9369921875,60.70402695483374,19826220.0,0.9209723285628829,-0.03543719251834965,GOOGL
2026-07-15,357.74006858863044,373.40998963278184,357.5302120160503,370.6817626953125,28284600,0.03173766571699632,0.015542226561666367,359.5708923339844,357.461735534668,371.64638366699216,67.53799597880158,21064180.0,1.3427819169794408,-0.051035359980241224,GOOGL
2026-07-16,372.8203579699616,375.02892981037553,352.07368364698067,354.2322998046875,41158500,-0.04437624006915575,0.021465517567782286,358.6854553222656,356.52283782958983,371.07552612304687,56.11143247407897,24350060.0,1.6902833093635088,-0.020622901569366747,GOOGL
2026-07-17,345.77774679993126,348.2961170979314,341.1407126662452,346.5472412109375,29959300,-0.021694968522032898,0.02238857058578016,356.60479125976565,355.6723831176758,370.24749572753905,55.2507762504624,26712700.0,1.1215376955530516,-0.013496001113101341,GOOGL
2026-07-20,350.6546131580819,359.4489481797366,350.2948285491913,351.7638854980469,24736600,0.015053198140839052,0.022069866327032103,356.5008544921875,354.8708984375,369.3318359375,48.939702711052995,28479680.0,0.8685701524736233,-0.0974459161804796,GOOGL
2026-07-21,351.09433677099497,351.09433677099497,346.77710440528256,346.927001953125,23369800,-0.013750369905294657,0.022187608742568924,354.0304382324219,354.7444793701172,368.3204376220703,43.56422887049307,29501760.0,0.7921493497337108,-0.07895722980718689,GOOGL
2026-07-22,347.93634723653764,349.7152025525983,341.51048515922605,341.8702392578125,39334100,-0.014575869467767011,0.022216663984306228,348.26813354492185,354.5426086425781,367.15177368164063,38.141898290190376,31711660.0,1.2403671078713634,-0.04539739862979408,GOOGL
2026-07-23,320.92372412122546,324.2815511558238,314.69771503877246,317.4859313964844,69419700,-0.07132620819602653,0.030521085305736006,340.9188598632812,353.1634948730469,365.73832153320313,29.64713232449506,37363900.0,1.857935065664987,0.05042650085130984,GOOGL
2026-07-24,318.2154780071113,323.97175736278774,317.11617848672984,319.53460693359375,31806600,0.006452807304242247,0.031006238588550752,335.5163330078125,351.96576538085935,364.391611328125,26.456371860604904,37733360.0,0.84293049969576,0.05307439656712032,GOOGL
2026-07-27,324.83120713377,330.2077559724587,324.2415898017393,326.3502197265625,28471600,0.021329811059824122,0.032566886848802226,330.4335998535156,351.4246124267578,362.8761920166016,30.814451588544983,38480360.0,0.7398995227695375,0.02174185447253585,GOOGL
2026-07-28,327.68937042492354,335.66425552638333,324.2316014627561,333.4956359863281,29511900,0.02189493319708058,0.03276026723676762,327.74732666015626,350.4282531738281,361.5346423339844,36.88028776700507,39708780.0,0.7432084289670949,0.06718411491231002,GOOGL
2026-07-29,334.455045685483,342.2800028423013,331.40698648547414,336.49371337890625,27501600,0.008989854945811171,0.03048829782766471,326.672021484375,349.3959167480469,360.3387481689453,39.681797363597006,37342280.0,0.7364735093840012,0.10929288044703611,GOOGL
2026-07-30,333.98534038388266,336.29385412629074,330.12780397797883,333.4456787109375,30168000,-0.009058221734254301,0.027896165185068236,329.8639709472656,348.01930236816406,359.07869689941407,39.19316945809822,29491940.0,1.0229235513160544,0.13184075777194715,GOOGL
2026-07-31,340.611054758666,358.3496530632621,339.78160132747564,355.9012451171875,46498000,0.06734400185679612,0.03541021319808068,337.1372985839844,347.8304244995117,358.45312744140625,51.42947410054939,32430220.0,1.4337861414446156,0.01769010095203538,GOOGL
2026-08-03,365.2152604560987,376.4480305309448,363.1166033198653,373.27008056640625,38669700,0.04880240147375625,0.0381630123582949,346.5212707519531,348.1826995849609,358.14996520996095,55.10948473954117,34469840.0,1.1218415867320533,-0.04219432188561256,GOOGL
2026-08-04,367.9834743668337,380.2755612380555,367.263935640354,377.40740966796875,35705700,0.011084009453113497,0.037492994115620126,355.3036254882812,348.7133590698242,357.95451904296874,52.59383719742332,35708600.0,0.9999187870709016,-0.061829792883996815,GOOGL
2026-08-05,383.0937455186354,384.2330278418686,356.54080629618977,362.1971740722656,46926300,-0.04030189976684506,0.04009020112859632,360.44431762695314,348.7388412475586,357.5485516357422,53.10140684062737,39593540.0,1.1852009191398394,-0.013547399552613193,GOOGL
2026-08-06,360.5382517887205,363.8961093831237,356.65076635274994,357.52020263671875,25235900,-0.012912777267041098,0.030625464386480544,365.25922241210935,348.68187713623047,356.9309912109375,54.37520655445031,38607120.0,0.6536592214078647,-0.038993797983512435,GOOGL
2026-08-07,356.49084652154687,358.6694387836589,353.5527327193329,354.0723876953125,19859900,-0.0096436926248602,0.03138419573821923,364.89345092773436,348.53796844482423,356.2454736328125,50.93362954734796,33279500.0,0.5967607686413557,-0.030369642286440457,GOOGL
2026-08-10,354.951850943437,357.38028276908574,352.4834362714388,357.29034423828125,18991400,0.009088414275721046,0.031163765544656313,361.6975036621094,348.7883071899414,355.59834716796877,54.24686774338457,29343840.0,0.6472022748215639,-0.031215039004278355,GOOGL
2026-08-11,355.6613923515014,356.5807842683805,343.1694223006263,343.5791320800781,29081800,-0.03837554632895135,0.034187819234228534,354.9318481445313,348.00330963134763,354.87255432128904,50.65391617513281,28019060.0,1.0379291810646039,0.006108238638861785,GOOGL
2026-08-12,346.0875456512855,346.25744987105145,340.66104092628797,343.3193359375,25012000,-0.0007561464545453589,0.0341528800234069,351.1562805175781,346.635188293457,354.22086669921873,62.12363078902586,23636200.0,1.0582073260507188,0.0013389466632911518,GOOGL
2026-08-13,345.5478948342235,347.7065110877775,343.5392066313974,346.13751220703125,17866100,0.008208615054656532,0.03393788455397916,348.87974243164064,346.2304489135742,353.9155828857422,62.39523280839775,22162240.0,0.806150461325209,-0.006236249402013727,GOOGL
2026-08-14,346.5772111705174,350.22489088982945,344.27870083870846,345.67779541015625,17808600,-0.0013281334171028059,0.025701728748978407,347.20082397460936,346.18697662353514,353.6582342529297,59.5723584972392,21751980.0,0.8187116759026075,-0.0034113551752114057,GOOGL
2026-08-17,346.04755304110785,347.0269344906474,341.7103446182459,343.7790222167969,18291300,-0.005492898932390022,0.018303340464211372,344.4985595703125,345.78773345947263,353.0992370605469,55.372243139415644,21611960.0,0.846350816862515,-0.009680201893465856,GOOGL
2026-08-18,342.19005363605754,344.6484648943574,339.97147845233087,343.9789123535156,19248800,0.0005814494887728117,0.017360935053792433,344.578515625,345.6403289794922,352.61734680175783,54.02818539096103,19645360.0,0.9798140629644863,0.001801268526702815,GOOGL
2026-08-19,342.2400076559886,346.5072842825429,340.44117610948047,344.4985656738281,19733800,0.00151071272583847,0.013647361617935888,344.8143615722656,345.771745300293,352.24578552246095,56.11454483756438,18589720.0,1.0615436918899264,0.009689039200767358,GOOGL
2026-08-20,342.83962071417653,343.6790774504127,338.3525147854226,340.451171875,18570400,-0.011748652105159185,0.01357631176137122,343.6770935058594,346.9200073242188,351.77428833007815,39.26687007830614,18730580.0,0.9914482092919706,0.0184635866353815,GOOGL
2026-08-21,342.359928876986,345.97762917305914,340.1813365286692,344.5985107421875,20849800,0.012181890414259655,0.014437378991849941,343.46123657226565,348.17320251464844,351.5432366943359,25.59960191024905,19338820.0,1.078131964618317,-0.008178232636698257,GOOGL
2026-08-24,343.39927531721605,351.3741604480826,342.2699962782288,347.83642578125,26338200,0.00939619568316985,0.014465397177518345,344.27271728515626,349.2475128173828,351.3491619873047,24.442929923269332,20948200.0,1.2573013433135067,-0.021289440584865482,GOOGL
2026-08-25,349.41542326154587,349.9350782600912,345.37800981753963,346.73712158203125,20649700,-0.003160405632474217,0.0072907332784935205,344.82435913085936,349.90958709716796,351.09492553710936,32.32810194406751,21228380.0,0.9727402656255447,-0.001066372630872281,GOOGL
2026-08-26,346.3973312516375,346.65717399060424,339.96146577825954,341.7803039550781,20420300,-0.014295607012993039,0.008751433336053932,344.28070678710935,350.1739166259766,350.5482763671875,32.122592296040565,21365680.0,0.9557524029190739,-0.00774850066391608,GOOGL
2026-08-27,339.45183186724313,341.4705233735174,338.3025461528343,340.4311828613281,23391400,-0.003947334232365041,0.008250453892733755,344.276708984375,350.52319183349607,349.8966949462891,33.730668578728796,22329880.0,1.0475380969355859,-0.01652728684048199,GOOGL
2026-08-28,340.49114263603377,348.91575095848634,340.0514228221321,346.36737060546875,25347200,0.017437262045876256,0.010224674412773438,344.63048095703124,350.04649810791017,349.55291564941405,37.76584181361028,23229360.0,1.0911708286409958,-0.02732338270233936,GOOGL
2026-08-31,343.60912172254496,344.3686432833908,336.94342338566804,339.13201904296875,33493600,-0.020889241240744538,0.01216078612105137,342.889599609375,348.33959503173827,348.9796844482422,44.17389983248108,24660440.0,1.3581915002327614,0.009223519299308425,GOOGL
2026-09-01,335.7841605001305,336.9834018439635,332.8360433203593,334.8047790527344,23342700,-0.012759750619967591,0.012654057611957991,340.5031311035156,346.20946350097654,348.6866723632813,39.91951655012295,25199040.0,0.9263329079203018,0.010917443928624593,GOOGL
2026-09-02,333.84541044728496,339.78159726283246,332.6062167342666,336.9034423828125,22582300,0.006268319514482146,0.012913704253081429,339.5277587890625,344.9447769165039,348.50658813476565,38.87819688159317,25631440.0,0.8810390676450485,0.0043233246845100215,GOOGL
2026-09-03,340.34122971001256,344.4585782378343,339.841550898423,342.260009765625,20726900,0.015899414220665653,0.01357356615165703,339.8935241699219,344.18176727294923,348.45042419433594,46.31785214069189,25098540.0,0.8258209441664734,-0.03392162548318456,GOOGL
2026-09-04,342.4700012207031,343.5299987792969,337.0899963378906,338.4599914550781,23189300,-0.01110272366657461,0.01336404950991416,338.3120483398437,343.4011474609375,348.34984008789064,44.49506338949004,24666960.0,0.9400955772417842,-0.017313672219779197,GOOGL
2026-09-08,335.4200134277344,339.67999267578125,333.2200012207031,338.3599853515625,22915800,-0.00029547392909179404,0.012808575292981551,338.1576416015625,342.4546295166016,348.37357421875,44.172637370497604,22551400.0,1.0161586420355277,0.0004138038021606061,GOOGL
2026-09-09,331.6499938964844,331.8500061035156,327.8999938964844,330.6499938964844,33151600,-0.022786357101497345,0.014305689090557367,337.3266845703125,341.80817260742185,347.9181176757813,37.50172137423502,24513180.0,1.3523989951528117,0.05667630756956865,GOOGL
2026-09-10,328.2300109863281,333.2300109863281,327.739990234375,332.6000061035156,23557600,0.0058975116982513676,0.014217343064223006,336.46599731445315,341.27220611572267,347.42730895996095,42.63555550720995,24708240.0,0.9534309202112332,0.03722190215161758,GOOGL
2026-09-11,335.0299987792969,342.9800109863281,335.0299987792969,338.5,24708300,0.01773900718043908,0.015582159089982192,335.7139953613281,340.8903305053711,346.9777496337891,44.461658187897214,25504520.0,0.9687812199563058,0.01290988217780642,GOOGL
2026-09-14,343.1199951171875,349.9100036621094,342.1400146484375,349.3900146484375,35905400,0.032171387439992705,0.017975278297813174,337.9,341.07594146728513,346.7719738769531,51.238723065048774,28047740.0,1.280153053329787,-0.00589607026475758,GOOGL
2026-09-15,346.79998779296875,348.07000732421875,342.70001220703125,344.9800109863281,21928600,-0.012622008292214049,0.017020726706979943,339.2240051269531,341.13599090576173,346.3470825195312,48.66925864275799,27850300.0,0.7873739241588061,0.013218150076453217,GOOGL
2026-09-16,347.0799865722656,348.3999938964844,340.6400146484375,342.8699951171875,18928900,-0.006116342402297192,0.016509495671045406,341.6680053710937,341.08054504394534,345.86859802246096,50.862463340416866,25005760.0,0.7569815914413319,0.03529036158261678,GOOGL
2026-09-17,348.67999267578125,349.5,343.8900146484375,347.3299865722656,19238400,0.013007820802615866,0.016814913760776245,344.61400146484374,341.2221160888672,345.58144714355467,55.203969068083,24141920.0,0.7968877371808042,0.011027026856049726,GOOGL
2026-09-18,357.30999755859375,359.44000244140625,348.45001220703125,349.5400085449219,47631800,0.006362888486728613,0.016275099806226764,346.82200317382814,341.67655792236326,345.3990576171875,52.53576155289754,28726620.0,1.6581066620437768,-0.03350123501284774,GOOGL
2026-09-21,350.6400146484375,357.6099853515625,349.1000061035156,354.9700012207031,30455400,0.015534681418546192,0.016029291620233182,347.93800048828126,342.19513244628905,345.3594464111328,63.03483279324914,27636620.0,1.1019943828152647,-0.035524173383035595,GOOGL
2026-09-22,357.6499938964844,364.1700134277344,350.2200012207031,351.1600036621094,29788600,-0.010733294491060086,0.016728992522781264,349.1739990234375,342.361311340332,345.33697509765625,63.57611498690337,29208620.0,1.0198564670292536,-0.020617354365166873,GOOGL
2026-09-23,349.8599853515625,350.0,337.45001220703125,337.8299865722656,35576200,-0.03795995258808027,0.019816238754330463,348.16599731445314,341.91595458984375,344.9079931640625,50.6482354101662,32538080.0,1.093371213052522,0.014563578199953353,GOOGL
2026-09-24,336.2200012207031,343.0899963378906,336.0199890136719,342.3599853515625,23777200,0.013409108010984161,0.020106810470219224,347.1719970703125,341.94493865966797,344.3415576171875,50.070764070515224,33445840.0,0.7109165145799896,-0.004206017015538355,GOOGL
2024-12-09,138.6076455444956,139.58508599383495,136.77244688316378,138.44805908203125,189308600,-0.02548468897311773,0.0227960895402094,141.96694641113282,141.9755111694336,137.86087142944336,48.249912453358775,189214740.0,1.0004960501491587,-0.01058993542835196,NVDA
2024-12-10,138.64753308216282,141.4502189353748,133.44114274667672,134.7178192138672,210020900,-0.026943244223841867,0.02026171600404122,140.93357543945314,141.46783828735352,138.13292724609374,32.90276608433312,198336120.0,1.0589140293759907,-0.006070994160405907,NVDA
2024-12-11,137.00183449376547,139.80450498546415,134.85744670503564,138.94674682617188,184905200,0.0313910040778731,0.02260853335641253,139.772607421875,141.0205192565918,138.57812408447265,41.357208494688706,189072300.0,0.9779602829182276,-0.052472794353270236,NVDA
2024-12-12,136.72258646567687,138.07904108019704,135.44592508954074,136.98190307617188,159211400,-0.014140984189130346,0.022795402554319687,138.23263244628907,140.57568588256837,138.94712326049805,38.11190339589651,186390340.0,0.854182679209663,-0.05060427217879515,NVDA
2024-12-13,138.5777215546611,139.23600428177866,132.1944001851312,133.8999481201172,231514900,-0.02249899356662388,0.02279681451599308,136.59889526367186,139.95232086181642,139.1746974182129,39.7651247899264,194992200.0,1.1873033895714804,-0.03977633956892712,NVDA
2024-12-16,133.8301313094174,134.04955889819416,130.07994062496547,131.65582275390625,237951100,-0.016759717966416288,0.023112016756621754,135.24044799804688,139.4551094055176,139.31609985351562,44.082711484897324,204720700.0,1.1623206642024964,-0.010000120535045842,NVDA
2024-12-17,128.75342001528475,131.24690176576593,126.5292385551769,130.05003356933594,259410300,-0.012196871744684534,0.022455326235491367,134.30689086914063,138.96886444091797,139.36953643798827,40.57699433405465,214598580.0,1.2088164795871437,0.03305448260398758,NVDA
2024-12-18,133.51098920213212,136.3435808551527,127.94553603601128,128.5738983154297,277444500,-0.01135051805364784,0.01697722923765985,132.2323211669922,138.0667297363281,139.2903271484375,40.69453005476598,233106440.0,1.1902052126916784,0.08346899125218554,NVDA
2024-12-19,131.41643441707996,133.6805197239663,129.21220544602065,130.33924865722656,209719200,0.013730238912613046,0.018539309627646286,130.90379028320314,137.3087127685547,139.25121215820312,38.66812073873343,243208000.0,0.8623038715831716,0.07300296783636173,NVDA
2024-12-20,129.4715213006466,134.9272596326742,127.88567083765561,134.34877014160156,306528600,0.030762195775114964,0.022296383332562116,130.9935546875,136.71227645874023,139.2492025756836,44.70196690225609,258210740.0,1.1871256788156836,0.038827187492653126,NVDA
2024-12-23,135.92467137837366,139.42551415908295,134.76769223262775,139.3058319091797,176053500,0.036896964239817365,0.024640316010299302,132.5235565185547,136.59906158447265,139.34653381347655,49.28066243906916,245831220.0,0.7161559870223155,-0.019045085150446117,NVDA
2024-12-24,139.63497303105362,141.53001300601622,138.28848684636677,139.85440063476562,105157000,0.0039378733687442935,0.022616620174887827,134.48442993164062,136.8089813232422,139.3896109008789,43.182453519721776,214980560.0,0.48914655353023545,-0.019469427629573377,NVDA
2024-12-26,139.33575896662117,140.48276971800976,137.37089410442982,139.56515502929688,116205600,-0.0020681909482714866,0.02048489004948911,136.68268127441405,136.9595588684082,139.55595764160157,42.92022337876213,182732780.0,0.6359318782322471,-0.04030594294543233,NVDA
2024-12-27,138.18873344590025,138.65750913681617,134.35874991156737,136.65274047851562,170582600,-0.02086777713369703,0.021124341134207032,137.94537963867188,137.04330596923828,139.58187622070312,42.56768188800681,174905460.0,0.9752845908869855,0.009488621403592745,NVDA
2024-12-30,134.47844750631418,139.9042657427297,133.67056192681179,137.1315155029297,167734700,0.0035035888979433327,0.01959805616384143,138.5019287109375,137.00587997436523,139.59323516845703,48.022789447849505,147146680.0,1.1399149474524333,0.050767376306198875,NVDA
2024-12-31,137.67010377599792,137.71000800391963,133.48105776544256,133.93984985351562,155659200,-0.023274486814417794,0.020403331206312634,137.4287322998047,136.78992080688477,139.51941833496093,48.81241931974931,143067820.0,1.0880098683267838,0.11274097783497194,NVDA
2025-01-02,135.64541181631114,138.51790776015002,134.2789886408903,137.9493865966797,198247200,0.029935353425803557,0.0214884849221692,137.0477294921875,136.69315643310546,139.41189727783203,48.467249754128694,161685860.0,1.2261257725319952,0.013230905606244514,NVDA
2025-01-03,139.6449446721197,144.52219430432945,139.36567593719187,144.09332275390625,229322500,0.04453761128485101,0.023603393881440553,137.95336303710937,136.66024322509764,139.4296487426758,59.684866842276314,184309240.0,1.2442268222689215,-0.030179280548113474,NVDA
2025-01-06,148.20255341856054,151.76325208073058,147.43457212276107,149.0403594970703,265377400,0.034332172016138474,0.024674202621841515,140.4308868408203,136.8781723022461,139.6267254638672,69.62252464478445,203268200.0,1.3055529590954218,-0.09047690665040597,NVDA
2025-01-07,152.63097040172005,152.7307157375852,139.6449160163553,139.7745819091797,351782200,-0.06216958694381547,0.03348915864337572,140.95950012207032,136.76346969604492,139.62153198242189,58.901989128307065,240077700.0,1.4652847807189089,-0.04930762389349563,NVDA
2025-01-08,142.20825109505992,143.57467420574872,137.20133554653654,139.74468994140625,227349900,-0.00021385839517562566,0.031494081260509704,142.12046813964844,136.82830123901368,139.5932015991211,61.01041966687428,254415840.0,0.8936153503649773,-0.05959616121231126,NVDA
2025-01-10,137.09162690267476,139.55518814906236,133.87005266470834,135.55564880371094,207602500,-0.029976388651702934,0.03290873040066351,141.6417205810547,136.87019271850585,139.50143493652342,57.46905821397906,256286900.0,0.8100394518799049,0.0024281344360927992,NVDA
2025-01-13,129.65108668370792,133.14196124495902,129.1723272147668,132.88262939453125,204808900,-0.019718982076876057,0.033345929542173226,139.3995819091797,136.56698684692384,139.34164764404298,52.669067524527655,251384180.0,0.8147246974730072,0.0025519613035211997,NVDA
2025-01-14,135.69526562735138,136.02440701006375,129.71091005586072,131.41644287109375,195590500,-0.011033695902301632,0.03294867067409374,135.8747985839844,136.28871383666993,139.19063446044922,46.74923836572993,237426800.0,0.8237928489959853,0.04515792612326175,NVDA
2025-01-15,133.30153730793728,136.09424010113995,130.94768976753863,135.88479614257812,185217300,0.0340014778505866,0.03500668255032634,135.09684143066406,136.38795623779296,139.2602359008789,46.16591427487707,204113820.0,0.9074216532716893,0.03369043718233966,NVDA
2025-01-16,138.2785134363621,138.38822723428095,133.14194748607855,133.22174072265625,209235600,-0.019597890974702215,0.034757680194030964,133.79225158691406,136.46625213623048,139.2239175415039,42.90289652235758,200490960.0,1.0436161311213235,0.10107068980920464,NVDA
2025-01-17,136.33359221153037,138.13887032002236,135.1068036173015,137.35093688964844,201188800,0.030994912276280928,0.034860505414274885,134.15130920410155,136.8312973022461,139.25721740722656,47.81064792365278,199208220.0,1.0099422604147559,0.06905813086830315,NVDA
2025-01-21,138.79717036536638,141.4602070208564,136.7325601923546,140.4628143310547,197749000,0.022656397632776493,0.032359416035571666,135.66734619140624,137.42574310302734,139.27576171875,53.752484529268685,197796240.0,0.9997611683619466,0.012710188432383696,NVDA
2025-01-22,144.2828338584672,147.40466270866227,143.2954095914058,146.68655395507812,237651400,0.04430880623931399,0.03373122397976162,138.72136840820312,138.24310836791992,139.3050863647461,58.45394375350842,206208420.0,1.1524815524021763,-0.19480529477544017,NVDA
2025-01-23,144.67179580639592,146.84610431115016,143.3452618575768,146.8361358642578,155915500,0.0010197383819208206,0.026061240866918974,140.91163635253906,138.86747665405272,139.272177734375,62.05931411367706,200348060.0,0.7782231582377189,-0.12382795771778454,NVDA
2025-01-24,147.98313043457708,148.58157206293976,141.5100624088345,142.2481231689453,234657600,-0.031245801098674142,0.028515330971507356,142.71691284179687,139.01459121704102,139.17244140625,53.97672477849523,205432460.0,1.1422615491242232,-0.1326601070349792,NVDA
2025-01-27,124.47460659166907,128.06521102414737,116.39571998533557,118.11123657226562,818830900,-0.16968158214651996,0.061334960144661915,138.8689727783203,137.92743301391602,138.63724060058593,31.967317628410015,328960880.0,2.489143693924943,0.05260932767205584,NVDA
2025-01-28,121.49242802769429,128.66368549128057,115.9469258787703,128.65371704101562,579666400,0.0892589119774363,0.06898215252096232,136.5071533203125,137.38186111450196,138.25245239257814,36.87055389861488,405344360.0,1.430059123062672,-0.06915293336258888,NVDA
2025-01-29,126.17017448185184,126.55915701971556,119.7369947161038,123.37747192382812,467120600,-0.041011213966755444,0.07011203566885323,131.8453369140625,136.71809768676758,137.80243041992188,38.867853693940226,451238200.0,1.035197374690352,-0.056911885798893946,NVDA
2025-01-30,122.77902774247364,124.6740752075284,117.79206473417251,124.32498931884766,392925500,0.007679825013795938,0.06901530085464914,127.34310760498047,136.07777137756347,137.3615852355957,39.660255699930296,498640200.0,0.787994028560072,-0.048134748650319636,NVDA
2025-01-31,123.45726093608867,127.51664871512425,118.8792323275003,119.7569351196289,388161100,-0.03674284811320905,0.06958573222582422,122.8448699951172,135.36862564086914,136.92472290039063,39.459683091476236,529340900.0,0.7332913440091253,0.03964360590875282,NVDA
2025-02-03,114.45080376447106,118.26084328911304,112.71534272693829,116.35582733154297,371235700,-0.028400090438924996,0.06838577751301057,122.49378814697266,134.2889476776123,136.45634078979492,39.08001789380047,439821860.0,0.8440592288887142,0.10303441920593892,NVDA
2025-02-04,116.65504122535879,120.88398385074507,116.39571701060105,118.34063720703125,256550000,0.01705810461759505,0.06807258815123772,120.43117218017578,133.00131340026854,135.89082168579102,41.419052288210004,375198580.0,0.6837712445500194,0.09431090318031998,NVDA
2025-02-05,121.44253659311748,124.67408679210826,120.44514389878061,124.50453186035156,262230800,0.052086035691500276,0.06886247025610763,120.65658416748047,131.7745220184326,135.47092056274414,42.6943242913372,334220620.0,0.7846038942779773,0.07001519327892569,NVDA
2025-02-06,127.08777312720079,128.43425932928383,124.88353622330139,128.344482421875,251483600,0.030841853739351777,0.07021751602278484,121.46048278808594,131.2030170440674,135.11226028442383,46.91560120860848,305932240.0,0.8220238573090564,0.032017490046585495,NVDA
2025-02-07,128.88307105233656,130.03006643749526,124.67407312607986,129.50144958496094,228186300,0.009014545395749307,0.0700827753647896,123.40938568115234,130.69085502624512,134.87088668823242,44.84204810067082,273937280.0,0.8329873903982693,0.010012599259079158,NVDA
2025-02-10,129.7508034170435,134.64800487659767,129.621152724233,133.22174072265625,216989100,0.02872779532289771,0.04092649233825264,126.782568359375,130.57415962219238,134.82220138549803,45.27958467196689,243087960.0,0.8926361470144387,0.01287702644196087,NVDA
2025-02-11,132.23432300379022,134.12936300336048,130.67839286199495,132.45375061035156,178902400,-0.005764750619071335,0.03105601206497068,129.60519104003907,130.5527156829834,134.74020431518554,40.01119717937312,227558440.0,0.786182222026131,0.04555722609636392,NVDA
2025-02-12,129.68102059860516,131.89523390864048,128.74346889916592,130.798095703125,160278600,-0.012499871839017351,0.02765332147950319,130.86390380859376,130.52179832458495,134.65661026000976,38.97727117803317,207168000.0,0.7736648517145505,0.06298588518130699,NVDA
2025-02-13,131.21697039655388,136.14409236479662,130.82798788427175,134.93724060058594,197430000,0.03164529938459992,0.02881009046264646,132.18245544433594,130.47442054748535,134.59775436401367,44.944134184324476,196357280.0,1.0054631027685859,0.029122560977885126,NVDA
2025-02-14,136.12414513567924,138.8869270481558,135.1467045962306,138.48797607421875,195479600,0.026313977207693018,0.024337475601159453,133.9797607421875,130.73773231506348,134.60233322143554,69.7010548851877,189815940.0,1.0298376416648676,0.009074534142328616,NVDA
2025-02-18,140.90166414837108,143.06600437599374,137.57036112568994,139.03652954101562,219176600,0.003961018727740573,0.01963756492148894,135.14271850585936,130.82201194763184,134.58537033081055,62.44317396319684,190253440.0,1.1520243733832092,-0.0356528354465776,NVDA
2025-02-19,139.1462273109093,140.99140959133538,136.86220509831378,138.86695861816406,167536000,-0.0012196141791753767,0.020577398082756427,136.42536010742188,130.7422191619873,134.46767776489258,71.15226973712998,187980160.0,0.8912429907496621,-0.064281927328247,NVDA
2025-02-20,139.6648967001902,140.29325896288867,136.43333891646114,139.74468994140625,143903600,0.006320663547155547,0.01640235942740984,138.2146789550781,130.3951259613037,134.36893600463867,71.09718149752973,184705160.0,0.7790989704889674,-0.09621023883450963,NVDA
2025-02-21,139.6748562571626,141.09116717483585,133.68053207054632,134.07948303222656,228217600,-0.04053969357658638,0.02180531554941639,138.04312744140626,129.75729331970214,134.20915298461915,69.02488791005483,190862680.0,1.195716208113603,-0.023432141429308384,NVDA
2025-02-24,136.20394796569565,138.22865397806314,129.74084737496105,129.94032287597656,251381100,-0.030870943582435584,0.02440067477634292,136.3335968017578,129.14190330505372,134.03899826049803,67.69751867558267,202042980.0,1.2441961606386918,-0.07775563193412127,NVDA
2025-02-25,129.64108357480436,129.8605111604116,124.11553536570229,126.29981994628906,271428700,-0.028016729904251747,0.02372323070045312,133.7862548828125,129.55133247375488,133.8706382751465,59.9401926321683,212493400.0,1.2773512024373463,-0.01350386635069778,NVDA
2025-02-26,129.6510837247691,133.38132271635274,128.1549946612343,130.93771362304688,322553800,0.03672130078039815,0.02714242133414373,132.20040588378907,129.66553230285643,133.710457611084,58.35275219524604,243496960.0,1.324672800843181,-0.13117007612280618,NVDA
2025-02-27,134.64801060127058,134.6579790491402,119.69709659183455,119.83673095703125,443175800,-0.0847806362189426,0.03803673689237212,128.21881408691405,129.4884952545166,133.36755416870116,40.706052257494974,303351400.0,1.460932107120653,-0.03462346026418395,NVDA
2025-02-28,117.71227346912306,124.76383897645573,116.09650229748219,124.59428405761719,389091100,0.03970029107596251,0.03904266837955456,126.32177429199218,129.50195999145507,133.18144088745117,45.03031299527503,335526100.0,1.1596448085558768,-0.06099901156230836,NVDA
2025-03-03,123.18796891235903,123.37746834229016,111.98724605192426,113.76260375976562,411381400,-0.08693561169180586,0.04429912087643876,123.08623046875,129.2022434234619,132.82357650756836,32.774146942912694,367526160.0,1.1193254923676725,-0.030597893165705048,NVDA
2025-03-04,110.36149568941593,118.99891188150963,109.82290275774469,115.68756866455078,398163300,0.0169208935200722,0.0452115595846997,120.96378021240234,129.1688304901123,132.53632720947266,35.45595489445728,392873080.0,1.0134654682881301,-0.028450609464196086,NVDA
2025-03-05,117.27342459632162,117.971596377653,114.2114295961939,116.99415588378906,284337900,0.011294102160854358,0.045873497576507195,118.17506866455078,129.10150642395018,132.30473236083984,37.95263112336283,385229900.0,0.7380992493054148,-0.08797959498020758,NVDA
2025-03-06,113.2339891683523,115.04924353236196,109.93262184934352,110.28170776367188,321181900,-0.05737421727957681,0.046838891703284376,116.26406402587891,128.3903652191162,131.90358154296874,29.406897754114667,360831120.0,0.8901169610869484,-0.016369806550662225,NVDA
2025-03-07,110.9599388924034,113.18412798197828,107.27955736061682,112.39618682861328,341755500,0.0191734341788814,0.048058129058905746,113.82444458007812,127.59295043945312,131.46452987670898,27.671582757533272,351364000.0,0.9726537152354823,0.0271598690007524,NVDA
2025-03-10,109.61344182887889,111.55835424093472,105.18501650973491,106.70105743408203,366487400,-0.05067012996815845,0.049115986335847336,112.41213531494141,126.45293083190919,130.81243438720702,24.56859116376488,342385200.0,1.0703949820260923,0.08048831359232156,NVDA
2025-03-11,106.71102843945867,111.94733940770921,104.4968157267925,108.4764175415039,354865700,0.016638636486978164,0.050163004722983164,110.96990509033203,125.21566467285156,130.18487472534179,26.68710467971661,333725680.0,1.0633454998129002,0.11880466620964736,NVDA
2025-03-12,113.83293253862912,116.46629097878981,112.59604629385464,115.4488525390625,323857500,0.0642760440986252,0.05387404430125962,110.66084442138671,124.36541976928712,129.70254867553712,32.956122386501676,341629600.0,0.9479784538576282,0.032745726439243894,NVDA
2025-03-13,116.73559490158165,117.46376184203,113.50374766538481,115.28924560546875,299033100,-0.0013824904283024075,0.047263342995451006,111.6623519897461,123.5899772644043,129.27527877807617,35.71492704669805,337199840.0,0.8868126983690147,-0.0012978459938831621,NVDA
2025-03-14,118.31162236591584,121.57339292473429,117.85278046649132,121.36392211914062,277593500,0.052690747361293644,0.04871848641229514,113.45589904785156,122.91131134033203,128.95992691040038,43.666280601000345,324367440.0,0.8557995216782548,-0.034108628103678984,NVDA
2025-03-17,122.43123309193861,122.58085727393843,117.73308248243704,119.22930908203125,255501500,-0.017588530428456872,0.0392219124027392,115.9615493774414,121.94837799072266,128.6657160949707,44.659606733298304,302170260.0,0.8455547544619381,-0.008366147022733639,NVDA
2025-03-18,117.70315237486467,118.72058305537905,114.25185746421572,115.13961791992188,299686900,-0.03430105561792374,0.04086030316851219,117.294189453125,120.75353240966797,128.20952072143555,37.96797733013639,291134500.0,1.0293761131023633,0.01966560161361497,NVDA
2025-03-19,116.97499413034406,120.1469948780257,115.38899756160431,117.224365234375,273426200,0.018106255276120864,0.0411203693420289,117.6492919921875,119.67140274047851,127.67214157104492,47.693640740130036,281048240.0,0.9728799582591231,0.03310078496139757,NVDA
2025-03-20,116.25680439544837,119.89761619602571,116.17700382075364,118.23181915283203,248829700,0.008594236500600871,0.03565045268724111,118.23780670166016,118.5957592010498,127.05597076416015,43.98449418928832,271007560.0,0.91816516114901,0.018223408955647225,NVDA
2025-03-21,116.64582513098318,117.6931791575635,115.1296446207881,117.4039077758789,266498500,-0.007002441329968301,0.03566345646828721,117.44580383300782,117.76198043823243,126.60855728149414,54.24591322189723,268788560.0,0.9914800689434103,-0.03347483634551174,NVDA
2025-03-24,119.57842622721644,121.91254366285413,119.03978374206928,121.10458374023438,228452500,0.0315208925704582,0.030525211148881085,117.82085876464843,117.32019348144532,126.2357551574707,56.065296379183295,263378760.0,0.8673915087154332,-0.08220081116734768,NVDA
2025-03-25,120.24675872456315,120.98489511882921,118.62085412977636,120.38640594482422,167447200,-0.005930228016394756,0.031068529698654108,118.8702163696289,117.02452278137207,125.93237030029297,53.84893325020781,236930820.0,0.7067345649671073,-0.09130843491217311,NVDA
2025-03-26,118.43133002412056,118.54104631031402,112.42646947850851,113.47383117675781,293463300,-0.057419894827947515,0.031665779511442664,118.12010955810547,116.15132865905761,125.5441943359375,53.60549057483722,240938240.0,1.2180021735030522,-0.047292580864346845,NVDA
2025-03-27,111.06988814101668,114.1620883069464,110.3816290692769,111.14968872070312,236902100,-0.02048174836394112,0.03224394344859056,116.70368347167968,115.71697654724122,125.13885925292969,48.59872223599266,238552720.0,0.9930806909265172,-0.011487092936513066,NVDA
2025-03-28,111.20953292547101,112.58606625933987,108.79562251910656,109.39411163330078,229872500,-0.015794709887256286,0.025658982701407523,115.10172424316406,114.95696792602538,124.60904556274414,53.32167088559949,231227520.0,0.9941398843874639,0.006838718541437805,NVDA
2025-03-31,104.86553641067388,110.68087252083329,103.38926370156523,108.10736083984375,299212700,-0.011762523359304167,0.025534123843511416,112.50227966308594,114.6742057800293,124.1067579650879,49.539243942105124,245379560.0,1.2193872219837707,-0.06071229557296587,NVDA
2025-04-01,108.24699756669231,109.92277156753886,106.20215922942107,109.8729019165039,222614000,0.01633136784530076,0.025074049413973183,110.39957885742187,114.38347244262695,123.557197265625,41.99826619301927,256412920.0,0.8681855812881816,-0.14380372663199426,NVDA
2025-04-02,107.02010369655069,111.69830803370559,106.52136148952614,110.14222717285156,220601200,0.0024512436792860637,0.023978639564678682,109.73325805664062,114.04087600708007,122.95078552246093,42.63698891777501,241840500.0,0.9121764137933887,-0.11573995249007352,NVDA
2025-04-03,103.24961220285616,105.36427425680411,101.344413349133,101.54391479492188,338769400,-0.07806553942690786,0.03234021971616184,107.81210327148438,113.60398635864257,122.04793273925782,23.556042889355595,262213960.0,1.2919579110128232,-0.05402753989537146,NVDA
2025-04-04,98.6612043631732,99.87812916933382,91.87830611304719,94.07276916503906,532273800,-0.07357551306714483,0.03710069523757548,104.74783477783203,112.68781547546386,120.99266540527344,20.619774753727114,322694220.0,1.6494680319963586,0.21227843007302494,NVDA
2025-04-07,87.23998007579976,101.49403230771996,86.40209687721266,97.39437103271484,611041300,0.03530885608191725,0.03771387635341623,102.60523681640625,112.22248115539551,120.09559036254883,28.896782907256565,385059940.0,1.5868732021305567,0.10170014511571068,NVDA
2025-04-08,103.54884894952201,105.5837179566193,94.2223717079774,96.05774688720703,476243400,-0.013723833639819327,0.03744989697975831,99.84220581054687,111.60154762268067,119.65452056884766,24.371956823965746,435785820.0,1.092838220390007,0.15192112199684815,NVDA
2025-04-09,98.64122793388745,114.81044852614636,97.28464859296416,114.04238891601562,612918300,0.18722739822251433,0.07378562900846872,100.62223815917969,111.53122444152832,119.36229400634765,46.40534205538417,514249240.0,1.1918701134103766,-0.03166279585361398,NVDA
2025-04-10,109.09486759895934,110.58111717003517,98.9005761841806,107.29939270019531,437812400,-0.059127104227762795,0.07611525947600419,101.77333374023438,111.13173179626465,119.040732421875,42.12897947656681,534057840.0,0.8197846135916664,0.04304176082587352,NVDA
2025-04-11,108.22706011361765,111.26939065397997,107.20962934859612,110.65094757080078,313417300,0.031235543708714397,0.07655624415380087,105.08896942138672,110.59608306884766,118.76725158691406,41.812495749925816,490286540.0,0.6392533231689371,-0.05805467895072558,NVDA
2025-04-14,113.82293624356059,114.00248372537864,108.79561436285668,110.43148803710938,264705000,-0.0019833497905743513,0.07640007531346517,107.69639282226562,110.15619201660157,118.58074264526367,42.141712256356286,421019280.0,0.6287241762420002,-0.08328059682436861,NVDA
2025-04-15,110.69084593782598,113.33418114021705,110.22202704858428,111.9177474975586,228966900,0.013458656465353158,0.07635648452097366,110.86839294433594,109.9950984954834,118.49198104858398,48.656554991209866,371563980.0,0.6162246943312427,-0.1362744859445414,NVDA
2025-04-16,104.2869965726397,106.52135948725393,100.1973044637503,104.22714233398438,397016900,-0.06871658280776227,0.07978949337549439,108.90534362792968,109.34523735046386,118.20971115112305,44.53025986076201,328383700.0,1.2090030656211013,-0.053593665591607165,NVDA
2025-04-17,104.1872406628714,104.20719461222582,99.79831546993584,101.23468780517578,292517500,-0.028710894895492833,0.07605537010155616,107.69240264892578,108.49538078308106,117.74431427001953,43.676558652326136,299324720.0,0.9772580761121233,0.012020921192976264,NVDA
2025-04-21,98.52152791683338,99.18984822876095,94.80091547691985,96.66621398925781,288501100,-0.04512755375617805,0.07339411632279012,104.89545593261718,107.45849609375,117.11074890136719,41.56245111995093,294341480.0,0.9801578085426492,0.09823536013620582,NVDA
2025-04-22,98.53150383378456,99.55891150664588,97.03527729423074,98.64122772216797,241004800,0.02043127222433294,0.0728599548968616,102.5374038696289,106.33532829284668,116.49354446411132,41.74244441836813,289601440.0,0.8321947570426446,0.12256055195785809,NVDA
2025-04-23,104.25706634151078,104.53636836662163,101.76335533667917,102.45162200927734,247526000,0.03862882057633854,0.07336426047299699,100.64417877197266,105.43858909606934,115.87814208984375,44.62567794619424,293313260.0,0.8438963857276688,0.05861166281752617,NVDA
2025-04-24,103.21967869312851,106.27197821529161,102.85060676252529,106.1622543334961,220815000,0.03621838533588795,0.040899931857531206,101.031201171875,105.07301025390625,115.35231216430664,53.46400453310288,258072880.0,0.8556303940189298,0.024335210769406146,NVDA
2025-04-25,106.58121206849437,111.63845793071249,105.46403435389149,110.73075103759766,251064700,0.043033154606440194,0.038971186876809186,102.93041381835937,105.05206336975098,114.9509652709961,63.063196844531326,249782320.0,1.005133990268006,-0.01882724468417807,NVDA
2025-04-28,109.4140660423662,110.09235573735528,105.75329251827114,108.45648193359375,207708500,-0.02053873095497838,0.038362638461711715,105.28846740722656,105.00518188476562,114.42135009765624,58.81978950508475,233623800.0,0.889072517440432,0.02648757619090225,NVDA
2025-04-29,107.39913288387578,109.9227669482824,107.16971575631223,108.74573516845703,170444300,0.002666998133319387,0.03838202873467573,107.30936889648437,105.03710060119629,113.82650527954101,60.287918698321924,219511700.0,0.7764702291495169,0.050266176336359214,NVDA
2025-04-30,104.20719367744803,108.64599609375,103.81817538074749,108.64599609375,235044600,-0.0009171768856270912,0.038053721792907974,108.54824371337891,104.97575531005859,113.2186946105957,43.83686400803028,217015420.0,1.0830778752956818,0.04498720826760505,NVDA
2025-05-01,112.79553450528941,114.6508560442669,111.02001354244473,111.32923126220703,236121500,0.02469704604798939,0.030692819840596294,109.58163909912109,105.03510551452636,112.66794006347656,55.072828163719166,220076720.0,1.0729053940825726,0.01729245426220749,NVDA
2025-05-02,113.8927727544179,115.10970497913567,113.08481279973248,114.21196746826172,190194800,0.025893794229703726,0.028397610560451474,110.2778823852539,105.66850814819335,112.15728561401367,54.536212925509886,207902740.0,0.9148258459700916,0.022358129674226346,NVDA
2025-05-05,112.62596928442517,114.38153638068397,112.3765981799359,113.53367614746094,133163200,-0.005938881325980749,0.021404595589659008,111.29332122802734,106.64155349731445,111.74636947631836,53.90606837853156,192993680.0,0.6899873612441609,0.031189659141812598,NVDA
2025-05-06,111.19957134225872,114.4513652140045,110.541227943435,113.25438690185547,158525600,-0.002459968311452565,0.022139096911034346,112.19505157470704,107.43455429077149,111.41265075683594,51.73576530966087,190609940.0,0.8316754100022276,0.027391126357482865,NVDA
2025-05-07,112.76562607090563,117.38397657859393,111.99755874213628,116.76553344726562,206758800,0.031002300585961873,0.02131743467008631,113.81895904541015,108.46994361877441,111.22196502685547,68.26506388313432,184952780.0,1.1179004716771492,0.05074319692287821,NVDA
2025-05-08,117.95253638522973,118.38145500376595,115.55857217968354,117.07475280761719,198428100,0.0026482074908793507,0.019915991328790458,114.96806335449219,108.62156181335449,110.94470581054688,75.03155787008069,177414100.0,1.118446053611297,0.10701181123349013,NVDA
2025-05-09,117.05478813199066,117.93257923937999,114.92017221026035,116.35655212402344,132972200,-0.006134547939417256,0.01666020350993832,115.39698028564453,109.0744197845459,110.87510223388672,85.42712657310403,165969580.0,0.8011841688097301,0.16022281954216244,NVDA
2025-05-12,121.66318211752383,122.69058990478516,119.97743092665668,122.69058990478516,225023300,0.05443645127960073,0.020313893756094218,117.22836303710938,109.67640190124511,110.83702835083008,87.40303942308012,184341600.0,1.2206864863926536,0.09617872335080357,NVDA
2025-05-13,124.66559728217729,130.88989748886456,124.1568781333485,129.60313415527344,330430100,0.05634127487570817,0.02413288631402798,120.49811248779297,110.63498420715332,111.15383895874024,88.51159123467053,218722500.0,1.5107275200310897,0.04209969988241835,NVDA
2025-05-14,132.86491109788813,135.09928149974084,131.34873063875938,134.99952697753906,281180800,0.04163782656521553,0.02418684845701126,124.14491119384766,111.78907318115235,111.540078125,89.03591057686567,233606900.0,1.2036493785072273,0.0016996090006373699,NVDA
2025-05-15,133.9521641466833,135.9571173935552,132.32627503661865,134.49081420898438,226632600,-0.003768255933513931,0.025501249627309527,127.6281234741211,113.30225677490235,111.89001129150391,86.13470563295859,239247800.0,0.9472714064664336,-0.0033375349869922966,NVDA
2025-05-16,135.87733175434735,136.0070096021913,133.1242801768634,135.05938720703125,226542500,0.0042275972629874925,0.025803601235643892,131.36869049072266,114.99349174499511,112.38556488037109,92.67201606385598,257961860.0,0.8782015294819164,-0.026587877059652154,NVDA
2025-05-19,132.05696494191162,135.5282065455698,132.05696494191162,135.22897338867188,193154600,0.0012556415747737582,0.02517953899463271,133.8763671875,116.92162971496582,112.84222061157226,92.64377548059475,251588120.0,0.7677413385019929,-0.020210968493063808,NVDA
2025-05-20,133.9521612557517,134.24144022899694,132.28636428496227,134.0419464111328,161514200,-0.008777904230089395,0.025818832451818114,134.76412963867188,118.69166564941406,113.38903839111327,89.50956220525376,217804940.0,0.7415543467471399,-0.022994515498932055,NVDA
2025-05-21,132.72526966841644,137.0543482410567,130.26148202288624,131.46844482421875,270608700,-0.01919922573356725,0.02766990084462899,134.05791320800782,120.14250679016114,113.84887893676758,81.4387756098595,215690520.0,1.2546156409655835,0.028072813151845954,NVDA
2025-05-22,131.8973680939745,133.91229099864714,131.21908595560456,132.49586486816406,187344000,0.007814955484710007,0.027518163193658192,133.65892333984374,121.45918731689453,114.18981918334961,80.29749486657131,207832800.0,0.9014169082069817,0.014906171641513533,NVDA
2025-05-23,129.67296865108418,132.3462194682512,128.8350854296202,130.959716796875,198821300,-0.011593932179072564,0.02798537044068713,132.8389892578125,122.4706356048584,114.50322860717773,78.07771549392731,202288560.0,0.9828598315198843,0.06017226063596759,NVDA
2025-05-27,133.81252390577552,135.31873506532702,132.9746406768617,135.1591339111328,192953600,0.032066479807461024,0.024968917260072287,132.82502136230468,123.80576820373535,114.77913284301758,81.33553536733345,202248360.0,0.9540428411879335,-0.00273059112155416,NVDA
2025-05-28,135.68780317037033,136.904735369061,134.45091702175245,134.4708709716797,304021100,-0.005092241416001175,0.0191889161631082,132.91080627441406,125.09202499389649,115.08396408081055,77.55347740249971,230749740.0,1.3175360457610916,0.01906400128088115,NVDA
2025-05-29,141.8921589021039,143.12904506361895,137.56308016740775,138.83985900878906,369241900,0.03249021892651771,0.01731420338968999,134.3850891113281,126.60171813964844,115.55796890258789,80.07159512073771,250476380.0,1.4741585613781227,0.014584225600831946,NVDA
2025-05-30,138.37103486307464,139.26876471984463,132.58562239610197,134.79006958007812,333170900,-0.029168780907898872,0.02005439196827948,134.84393005371095,127.77476005554199,115.90928298950195,73.32152127656698,279641760.0,1.1914204087400966,0.05024779246336886,NVDA
2025-06-02,135.14917875467413,137.77255260816483,135.05939358324852,137.034423828125,197663100,0.016650738849225855,0.02069233253523666,136.05887145996093,128.91588287353517,116.28533508300781,70.24208786653675,279410120.0,0.7074299957353012,0.01899832173214344,NVDA
2025-06-03,138.4308667634816,141.64276735349586,137.60295298700936,140.86473083496094,225578800,0.027951421984596214,0.022296449699599295,137.19999084472656,130.28243560791014,116.75455154418945,67.40668588059377,285935160.0,0.7889159206583758,0.003540838745927033,NVDA
2025-06-04,141.83229805086768,142.03179187100486,139.1889554677409,141.56297302246094,167120800,0.004956827612996095,0.021818267713405,138.6184112548828,131.69786491394044,117.16371932983398,61.868657882712355,258555100.0,0.6463643532848511,0.0050028720111332525,NVDA
2025-06-05,141.8123566062966,143.63775490128222,138.48076233301106,139.63784790039062,231397900,-0.0135990724196281,0.021170777035035854,138.77800903320312,132.84148063659669,117.54874816894531,58.85381942949775,230986300.0,1.001781923863017,0.028359230911959354,NVDA
2025-06-06,142.1515162209299,142.90961421188257,141.1540316815974,141.36351013183594,153986200,0.012358126807255676,0.02125672060261792,140.0926971435547,134.05591850280763,118.10654174804688,60.42905991622361,195149360.0,0.7890684345569978,0.007902185560013208,NVDA
2025-06-09,142.82978324597119,144.6352274429253,141.58292783698045,142.2711944580078,185114500,0.006420923796568001,0.02027455622242239,141.14005126953126,135.35165061950684,118.72897186279297,61.37238735393306,192639640.0,0.9609367002554614,0.01668703550075956,NVDA
2025-06-10,142.33106034435926,143.92702635161132,141.17397471532814,143.59786987304688,155881900,0.009324975586893158,0.01853902865099174,141.68667907714843,136.39701461791992,119.4130470275879,65.36244163563958,178700260.0,0.8723093072164528,-0.0137547910226834,NVDA
2025-06-11,144.25623511410478,144.6353103750697,141.52293261104455,142.4805908203125,167694000,-0.007780610211851613,0.01873985021869602,141.87020263671874,137.04088745117187,120.10051162719726,68.57313888239781,178814900.0,0.9378077553939856,0.013022499980723135,NVDA
2025-06-12,141.62269259555393,144.64527893066406,141.50299102868564,144.64527893066406,162365000,0.015192863097272857,0.016707043659456747,142.87168884277344,137.52317504882814,120.79595916748048,69.7342084000456,165008320.0,0.9839806865496237,-0.006069008266598841,NVDA
2025-06-13,142.13145812905782,143.2287733742275,140.50545582034982,141.62271118164062,180820600,-0.020896414811245267,0.01498566149881054,142.92352905273438,137.87976989746093,121.42556884765625,66.52201832433005,170375200.0,1.0613082185670215,0.024723354895486604,NVDA
2025-06-16,142.9993260342438,145.82238955213242,142.84968384945327,144.33604431152344,183133700,0.01915888424422807,0.015220398696540242,143.3364990234375,138.34360275268554,122.28141143798828,64.90582891178313,169979040.0,1.0773898946599534,-0.005805560656406028,NVDA
2025-06-17,144.13653073401778,144.8647406282524,143.42826095310537,143.76742553710938,139108000,-0.003939547998050963,0.013149079258280709,143.37041015625,138.77052536010743,123.27530456542969,65.15908280008819,166624260.0,0.8348604218857446,0.00034695607338708356,NVDA
2025-06-18,143.6576946584193,145.2936820241915,142.7698725249477,145.1240997314453,161494100,0.009436589611780732,0.013331522216551395,143.89911193847655,139.32463302612305,124.2298991394043,61.36349589655523,165384280.0,0.9764779336947864,0.0166346804014319,NVDA
2025-06-20,145.09416929186932,145.84233449814036,142.30101614416546,143.4980926513672,242956200,-0.011204252657464053,0.013026870222162897,143.6696746826172,139.92611541748047,125.1787060546875,67.25918183792206,181502520.0,1.3385830676069952,0.07271457252864666,NVDA
2025-06-23,142.1513937655616,144.42581484809375,141.68254233682853,143.8173065185547,154308900,0.0022245164468006617,0.012588105073125456,144.10859375,140.4921875,125.77420440673828,64.55424408610952,176200180.0,0.8757590372495647,0.07525836822114651,NVDA
2025-06-24,145.20392063963206,147.59805875973223,145.14406985038545,147.53819274902344,187566100,0.02587231203630358,0.014707037636522615,144.7490234375,141.32111129760742,126.57898040771484,64.38701434385514,177086660.0,1.05917690242732,0.06659900757705262,NVDA
2025-06-25,148.90483162044157,154.0721520137232,148.8948463426075,153.9324951171875,269146500,0.043339980306261294,0.01934485210145173,146.78203735351562,142.25977935791016,127.44461135864258,71.4089151412042,203094360.0,1.3252288246704635,0.023848249227804486,NVDA
2025-06-26,155.59840525486092,156.33660039378947,153.6232534017049,154.64076232910156,198145700,0.004601154625440529,0.018668122991206428,148.68536987304688,143.26827392578124,128.3287968444824,77.10861244784266,210424680.0,0.9416466737646934,-0.011095228129316625,NVDA
2025-06-27,155.65826650868465,158.32174817747665,154.880175871103,157.3640899658203,263234500,0.017610671311378168,0.018781497048844412,151.4585693359375,144.19448547363282,129.23772369384767,77.90520553136274,214480340.0,1.2273129555837146,-0.0031694908170870617,NVDA
2025-06-30,158.01250107649778,158.2718747820143,155.57848281781088,157.603515625,194580300,0.0015214758286448138,0.01599860531248537,154.21581115722657,145.3351577758789,130.30525115966796,77.37790659972721,222534620.0,0.8743821523140983,0.008544731265413441,NVDA
2025-07-01,155.9076636637482,156.81544119896878,151.1194180014287,152.92498779296875,213143600,-0.029685428104048728,0.0201116183269933,155.2931701660156,146.1296859741211,131.33905715942382,64.87430636600514,227650120.0,0.9362771256171531,0.0322243100542281,NVDA
2025-07-02,152.60576718743292,157.2144758260153,152.5957971297394,156.86532592773438,171224100,0.025766476699675023,0.020670136832129385,155.879736328125,146.92971572875976,132.54303939819337,71.04497336780116,208065640.0,0.8229330897691709,0.01748806409446546,NVDA
2025-07-03,157.98256705200242,160.58618269349765,157.3840439934681,158.9501953125,143716100,0.013290823656759487,0.020716134883137137,156.7416229248047,147.79907684326173,133.74921875,70.97719037349538,197179720.0,0.7288584241827709,0.022216750376309324,NVDA
2025-07-07,157.81297934590498,158.92026447090194,156.95508262544374,157.85289001464844,140139000,-0.006903453598746667,0.020282481611249917,156.83938293457032,148.7098289489746,134.85724411010742,75.22478318507468,172560620.0,0.812114606449606,0.03703240787596229,NVDA
2025-07-08,158.9402376292259,159.8280598400772,158.00253468758166,159.6085968017578,138133000,0.01112242409338493,0.020109418434348603,157.2403991699219,149.6220832824707,135.92617095947264,74.46468185955653,161271160.0,0.8565263621840383,0.030749966372243254,NVDA
2025-07-09,160.8256093227867,164.01777813022636,160.7657585360006,162.48155212402344,183656400,0.01800000363284937,0.019594960242237787,159.1517120361328,150.6326011657715,136.96118698120117,77.9166930328964,155373720.0,1.1820300112528683,0.007305986416163757,NVDA
2025-07-10,163.91802564623063,164.0975779997467,161.214648514871,163.6985626220703,167704100,0.007490145694311945,0.015678393004680012,160.518359375,151.63763580322265,138.0660285949707,77.82429016169364,154669720.0,1.0842723449683622,0.04021942648261123,NVDA
2025-07-11,163.319494380175,167.4792915182188,163.07010595303956,164.5165557861328,193633300,0.004996947749327463,0.01567417894170284,161.63163146972656,152.73943405151368,139.1814450073242,82.26647164977915,164653160.0,1.1760071899014874,0.039109859367077116,NVDA
2025-07-14,164.96544774793,165.08516454052796,161.62365204151925,163.66864013671875,136975800,-0.005153983715270205,0.015504533338873638,162.79478149414064,153.69060211181642,140.2818978881836,79.9879677202979,164020520.0,0.8351138016145785,0.054427910456165796,NVDA
2025-07-15,170.771231752154,171.9782632858091,168.7860942767486,170.2824249267578,230627400,0.04040960311342667,0.019230583443428612,164.92954711914064,155.12358779907225,141.4609617614746,81.59647000068681,182519400.0,1.263577460806906,0.010017447712643568,NVDA
2025-07-16,170.64153593048928,171.32985042878116,168.4868162544787,170.95077514648438,158831500,0.00392495126854131,0.014205893504189033,166.6233917236328,156.4543243408203,142.59573791503905,78.11472459261365,177554420.0,0.8945510903079743,5.837497980532014e-05,NVDA
2025-07-17,171.59918390717252,173.7339481189201,170.4120926228971,172.5767822265625,160841100,0.00951155137310633,0.013264747675826093,168.39903564453124,157.89479217529296,143.7766000366211,78.75881452876065,176181820.0,0.9129267707644296,-0.03450868930764939,NVDA
2025-07-18,173.21520688358655,173.82371518980958,170.8410244393951,171.98822021484375,146456400,-0.003410435657248967,0.013798708902726482,169.89336853027345,159.23799819946288,144.95127670288085,75.17170158304263,166746440.0,0.8783180018715842,-0.009454177024722732,NVDA
2025-07-21,172.32739806402674,172.9558617527255,170.58167912560677,170.96075439453125,123126100,-0.005974047635524227,0.01368988386183511,171.35179138183594,160.6111312866211,146.03518112182618,72.38383867311995,163976500.0,0.7508764975469046,0.013770514394572553,NVDA
2025-07-22,170.9208374301641,170.97071815657463,164.17738028748298,166.6213836669922,193114300,-0.025382262396461908,0.01720716615998313,170.6195831298828,161.75133514404297,147.02611373901368,73.21609160559643,156473880.0,1.2341631715146324,0.03873559152134143,NVDA
2025-07-23,169.1152710575868,170.84103463039327,167.55908978070133,170.36221313476562,154082200,0.022451076719239182,0.017648770754140092,170.50187072753906,162.89253616333008,148.1062269592285,73.03370376890153,155524020.0,0.9907292777025697,0.03495727397518178,NVDA
2025-07-24,172.01814916975516,173.4047480967394,170.88093864849802,173.31497192382812,128984600,0.01733224014134338,0.018079287220813426,170.64950866699218,163.8616600036621,149.11871459960938,73.80953585302687,149152720.0,0.8647820837595185,0.0101876413605122,NVDA
2025-07-25,173.18529303585547,174.29257821699642,172.53688923976992,173.0755615234375,122316800,-0.001381360177560742,0.01822545398508448,170.86697692871093,164.7833999633789,149.98816314697265,75.97005732695314,144324800.0,0.8475106149462878,0.03325660249605922,NVDA
2025-07-28,173.594294429185,176.56700011257405,173.54441370124516,176.31761169433594,140023500,0.018731992791827023,0.01827808853853899,171.93834838867187,165.7310760498047,150.81452484130858,77.12990041354789,147704280.0,0.9479989340864057,0.006336654536145847,NVDA
2025-07-29,177.52466141853475,178.9411858321479,174.5918511336965,175.0806427001953,154077500,-0.007015572535573056,0.014609928548152736,173.6302001953125,166.60493240356445,151.6263214111328,71.60450670615879,139896920.0,1.1013644903690518,-0.010198808881056731,NVDA
2025-07-30,176.07820855766118,179.44994513464422,175.60935707311754,178.8314666748047,174312200,0.02142340761812389,0.01575238282797334,175.3240509033203,167.90025634765624,152.50176300048827,73.87473964677662,143942920.0,1.210981408463855,0.004071878093830028,NVDA
2025-07-31,182.45256948733228,182.85160010862035,175.49961883405416,177.43487548828125,221685400,-0.0078095382903896615,0.016104182282394533,176.14803161621094,168.9287338256836,153.34588104248047,70.01543804568054,162483080.0,1.364359907505446,0.0021925683148078523,NVDA
2025-08-01,173.6641186818972,176.1081221843386,170.47194991004753,173.29502868652344,204529000,-0.02333164092101625,0.018081779270106645,176.19192504882812,169.64597549438477,154.1309426879883,63.534343497186406,178925520.0,1.1430957417365617,0.032811475995158323,NVDA
2025-08-04,174.7314908730668,179.75915428060495,174.09305718288007,179.5596466064453,148174600,0.03615001519318861,0.020976311686552274,176.84033203125,170.7313133239746,155.09276672363282,63.17276218258209,180555740.0,0.8206584847427171,0.004277924994355198,NVDA
2025-08-05,179.18058718831315,179.81902093485988,175.46968627980374,177.82391357421875,156407600,-0.00966660975910083,0.018925902195766783,177.38898620605468,171.64207916259767,155.9993276977539,59.47208116703691,181021760.0,0.8640265126137322,0.024907352648923187,NVDA
2025-08-06,175.89865688532507,179.4599159046609,175.81885075769642,178.98109436035156,137192300,0.006507453147744702,0.018104201019031242,177.41891174316407,172.46705627441406,156.95975524902343,58.94152039059407,173597780.0,0.7902883320282091,0.014714010284146095,NVDA
2025-08-07,181.12583532286254,183.43018196887525,178.3626072705472,180.32778930664062,151878400,0.007524230149010602,0.017626909356642337,177.99749450683595,173.29851760864258,157.8631283569336,61.40209306730911,159636380.0,0.9514021803801865,0.013221145913314025,NVDA
2025-08-08,181.10585596760288,182.85157473717487,179.9586602147226,182.25303649902344,123396700,0.010676375503661184,0.017621693302738436,179.78909606933593,174.18534164428712,158.81877166748046,65.0691851920028,143409920.0,0.8604474502182275,-0.0060754504198085035,NVDA
2025-08-11,181.6046539661726,183.39026839012567,179.80905426349312,181.6146240234375,138323200,-0.0035028907493092065,0.017137339194171538,180.20009155273436,175.08264083862304,159.67426696777343,72.20091596568405,141439640.0,0.9779662900725709,-0.00021970550892025376,NVDA
2025-08-12,182.51242163652668,184.02869221788941,179.0209838780724,182.71192932128906,145485700,0.00604194350400955,0.016774957598655733,181.17769470214844,175.7041160583496,160.63270416259766,69.83976714439586,139255260.0,1.044741146582183,-0.014795883385700037,NVDA
2025-08-13,182.1732462738988,183.51994981646104,178.9112567337155,181.14576721191406,179871700,-0.008571756180303813,0.016059501681479394,181.61062927246093,176.2138656616211,161.51493103027343,63.16673397142003,147791140.0,1.2170668688258308,0.0023129208952918923,NVDA
2025-08-14,179.3102712094187,182.57227595462552,179.02098734413144,181.57472229003906,129554000,0.0023680104963379467,0.015729998798021956,181.86001586914062,176.66376266479492,162.329130859375,64.20001539819373,143326260.0,0.9039097231728506,-0.03505119170841642,NVDA
2025-08-15,181.43505449173978,181.45499460438234,177.6044370814236,180.008544921875,156602200,-0.008625525339712836,0.013597956213484827,181.41111755371094,177.06477890014648,163.0980422973633,56.53245934648671,149967360.0,1.0442418937027365,-0.02798557943348501,NVDA
2025-08-18,180.15820389652,182.49247589603021,180.14821861780752,181.5647430419922,132008000,0.008645134711758207,0.007960998356666788,181.40114135742186,177.59497833251953,163.93658020019532,61.34776431882758,148704320.0,0.8877213520091414,-0.03862425053745988,NVDA
2025-08-19,181.98369406640825,182.0535301239894,175.0606849397743,175.21031188964844,185229200,-0.034998155731556846,0.013725053341283171,179.90081787109375,178.02442474365233,164.61351623535157,44.191944160274886,156653020.0,1.1824170386245985,0.013379742171251818,NVDA
2025-08-20,174.74146841521826,175.56943975883806,168.38705663117767,174.9709014892578,215142700,-0.0013664172947845943,0.013444409858610435,178.6658447265625,178.25485916137694,165.26751037597657,45.89561666021911,163707220.0,1.3141918847562128,0.02514264326003568,NVDA
2025-08-21,174.42226928848822,176.4672421817212,173.38480492387563,174.55194091796875,140040900,-0.0023944585512396532,0.013007635896210738,177.26128845214845,178.31670761108398,165.886591796875,52.389977142704616,165804600.0,0.8446140818771011,0.03880444805145977,NVDA
2025-08-22,172.1877371490149,178.15310374912357,170.78118284108405,177.55458068847656,172789400,0.017201984433498296,0.013911868658140779,176.77049560546874,178.54065856933593,166.58807159423827,45.64750212649815,169042040.0,1.0221682133036256,0.020281935271574847,NVDA
2025-08-25,177.91371253514103,181.46500135257926,176.13806812642193,179.37013244628906,163012800,0.010225316354963043,0.014470265696428895,176.33157348632812,178.6932846069336,167.28256866455078,53.34486435100066,175243000.0,0.9302100511860674,0.0020020074518505293,NVDA
2025-08-26,179.61950918930867,181.94381103857447,178.37256711704984,181.32533264160156,168688200,0.010900366569657205,0.014815902948136712,177.55457763671876,179.0055191040039,168.07662109375,54.90193701046677,171934800.0,0.981117260729067,-0.041756116148182976,NVDA
2025-08-27,181.5347912004848,182.04355325393357,178.66184732021665,181.15573120117188,235518900,-0.0009353433299080782,0.014557437744555353,178.79154357910156,179.12173233032226,168.81301483154297,51.82091291297741,176010040.0,1.3380992357026906,-0.0595814330291331,NVDA
2025-08-28,180.3776517699909,184.01871637210735,175.9784366795831,179.72923278808594,281787800,-0.007874431593344555,0.014739481023021568,179.827001953125,179.2364501953125,169.5322509765625,44.324833622238415,204359420.0,1.378883341908095,-0.05300543734110663,NVDA
2025-08-29,177.67428483075477,177.714180280125,172.72641192849127,173.75389099121094,243257900,-0.03324635455335401,0.017889053903690347,179.06686401367188,179.25939331054687,170.10484680175782,35.745304199753505,218453120.0,1.1135473826146314,-0.014467642651114665,NVDA
2025-09-02,169.58412249632292,171.9583050821389,166.81092453439402,170.36221313476562,231164900,-0.019520010959736545,0.018001525190334905,177.2652801513672,178.79952163696288,170.64212921142578,29.325348391780523,232083540.0,0.9960417701315656,-0.022016580954276388,NVDA
2025-09-03,170.64153226145447,171.9882358353705,168.46687251736884,170.20260620117188,164424900,-0.0009368681625865349,0.014903001033966445,175.04073486328124,178.41845626831054,171.16983520507813,30.774658194878654,231230880.0,0.7110853879032074,-0.013538964630811945,NVDA
2025-09-04,170.1527518438138,171.43958949445846,168.9955858311417,171.24008178710938,141670100,0.006095532901013501,0.015166930288659909,173.05760498046874,178.03140563964843,171.64387298583983,32.22380923135391,212461120.0,0.6668048252781497,-0.0052431790376202825,NVDA
2025-09-05,167.61894341349083,168.61649709218636,163.66863936987482,166.61141967773438,224441400,-0.027030249349737412,0.017106208996218068,170.43404235839844,177.34558715820313,171.8974514770508,29.15250309390366,200991840.0,1.1166692140337637,0.061729110766636675,NVDA
2025-09-08,167.14010390134433,170.54176523233733,166.94059623139324,167.8982391357422,163769100,0.007723476941117413,0.015995926329359218,169.26291198730468,176.62784729003906,172.1626010131836,28.553517551841395,185094080.0,0.8847884275931461,0.05270035686310548,NVDA
2025-09-09,168.67632677148754,170.56170237945196,166.33208505275803,170.3422393798828,157548400,0.014556437617935458,0.016517931179150392,169.25891723632813,176.06422805786133,172.42216400146484,41.291913096549564,170370780.0,0.9247383853029257,0.041403589485745185,NVDA
2025-09-10,176.2078799889887,178.85139113084074,175.04074401948455,176.8961944580078,226852000,0.038475219663567595,0.02112999241399241,170.5976348876953,175.77344131469727,172.808017578125,52.809335000552174,182856200.0,1.2406032718606206,0.0024249834103462486,NVDA
2025-09-11,179.25053151190707,179.84910351407555,176.05818301908454,176.7465362548828,151159300,-0.0008460227399664788,0.021130637807519906,171.69892578125,175.5534797668457,173.28444854736327,53.22766041578864,184754040.0,0.8181650587992555,-0.012925375677885542,NVDA
2025-09-12,177.34513598621658,178.17315412234487,176.02828346447401,177.39501953125,124911000,0.0036690013287277168,0.021105155682908546,173.85564575195312,175.34449462890626,173.6950424194336,49.74786917262414,164847960.0,0.7577345816108371,-0.04234639283797359,NVDA
2025-09-15,175.2501343169162,178.4225418052247,174.0929031464731,177.32516479492188,147061600,-0.00039378070766982187,0.017852553515883943,175.74103088378905,175.2103256225586,174.06254180908203,46.57995966966073,161506460.0,0.9105617199460628,-0.00849509111895852,NVDA
2025-09-16,176.5769489507663,177.0757538913052,173.96321593348455,174.46202087402344,140737800,-0.016146292175787336,0.017423650005836764,176.5649871826172,174.85518951416014,174.39472442626953,38.85998864684454,158144340.0,0.8899325767839684,0.010235584892626992,NVDA
2025-09-17,172.22736966160153,172.78602876073558,168.00748411706098,169.8829803466797,211843800,-0.026246632386828783,0.019673990723807957,175.16234436035157,174.5888229370117,174.60021209716797,33.99403500911474,155142700.0,1.3654770736876436,0.07821959246957655,NVDA
2025-09-18,173.56416328312818,176.67671647107687,172.54661216194535,175.8187713623047,191763300,0.034940469042348044,0.022570624388828734,174.97679138183594,174.63121643066407,174.86695648193358,45.077900527019345,163263500.0,1.1745632061054676,0.012426253805719822,NVDA
2025-09-19,175.34989886544702,177.65437533147113,174.76129744715922,176.24774169921875,237182100,0.00243984378681672,0.02001166232478809,174.7473358154297,174.71600646972655,175.11794006347657,53.64841932411925,185717720.0,1.2771107678901077,0.0016980977219136495,NVDA
2025-09-22,174.88102184557565,184.10891359634738,174.2924356467209,183.17115783691406,269637000,0.039282297015247325,0.022659028958270235,175.91653442382812,174.99683532714843,175.49103210449218,66.98399094561583,210232800.0,1.2825639005902028,-0.03224226642025507,NVDA
2025-09-23,181.53508786527138,181.98400930831284,175.78885990523673,178.0035400390625,192559600,-0.02821196229186118,0.025362969517483687,176.62483825683594,174.92850570678712,175.77773010253907,59.130971525568555,220597160.0,0.872901536901019,-0.0013451469443597208,NVDA
2025-09-24,179.34033838980653,179.35030900890538,174.98077271717747,176.54702758789062,143564100,-0.008182491487822352,0.022599576299189343,177.95764770507813,174.68959045410156,175.90302215576173,56.15142223649749,206941220.0,0.6937433731182217,0.027575269749336773,NVDA
2025-09-25,174.06297010669513,179.82915407834395,172.7162058826927,177.2653045654297,191586700,0.004068473920816773,0.02263181122646574,178.24695434570313,174.49506912231445,176.0293127441406,63.580290856328176,206905900.0,0.9259605453493593,0.05003099268080358,NVDA
2025-09-26,177.74414266212372,179.3403244887289,174.51188131329135,177.76409912109375,148573700,0.002813830697929731,0.022620210898256644,178.55022583007812,174.39681243896484,176.13305908203125,62.83363391068268,189184220.0,0.7853387560548126,0.05078855287594419,NVDA
2025-09-29,179.99874009736317,183.56021461148362,179.8890176259668,181.4153594970703,193063500,0.02053992000650995,0.023486891918310448,178.19906616210938,174.7798858642578,176.32160186767578,63.96542168303723,173869520.0,1.110393011955172,0.03871324963914846,NVDA
2025-09-30,181.6448190078555,186.90222763381766,181.04624695721463,186.13406372070312,236981000,0.026010500085076993,0.02354555574385049,179.8251708984375,175.5684783935547,176.62506805419923,62.2163256164027,182753800.0,1.2967226946854182,0.005573972236873503,NVDA
2025-10-01,184.79726069745416,187.6903232769056,183.46045188172369,186.79248046875,173844900,0.003537325381961498,0.02060918459136347,181.87426147460937,176.3979721069336,177.02848999023436,63.108552114165704,188809960.0,0.9207400923129268,-0.009079263287770756,NVDA
2025-10-02,189.146847340247,190.59337868298996,187.6105195355423,188.43853759765625,136805800,0.008812223729646407,0.01861698608017714,184.1089080810547,177.25789489746094,177.39001647949217,64.04461065806,177853780.0,0.7692037807686741,-0.020382269479885307,NVDA
2025-10-03,188.73782471792558,189.90502650703218,184.93693332773543,187.17156982421875,137596900,-0.006723506717838501,0.01909190241710107,185.9904022216797,178.28590240478516,177.6671484375,62.15216390753046,175658420.0,0.7833208336953048,0.007941645179919687,NVDA
2025-10-06,185.0566446584491,186.78250559975277,182.8918329061041,185.09654235839844,157678100,-0.011086232101216398,0.01574323622427973,186.7266387939453,179.14581756591798,177.90756805419923,63.38522429062214,168581340.0,0.9353235654669728,0.037889492812613446,NVDA
2025-10-07,185.78489078203316,188.6081286768816,183.56022492696124,184.5977325439453,140088000,-0.0026948629515038958,0.01210047200947158,186.41937255859375,179.85859222412108,178.07317047119142,70.64091444970603,149202740.0,0.9389103712170433,-0.010159948955995923,NVDA
2025-10-08,186.12409742063042,189.14685437964263,186.0941551173159,188.65802001953125,130168900,0.021995326917785052,0.012559518957586406,186.79248046875,180.44668350219726,178.34471801757812,69.0103398275626,140467540.0,0.9266831326297876,-0.004177325392360265,NVDA
2025-10-09,191.7705575158363,194.833227386451,190.60335569438294,192.10975646972656,182997200,0.018296261403771608,0.013022212515218597,187.52672424316407,181.21484451293946,178.61028381347657,71.55640382167665,149705820.0,1.2223786623659654,-0.06511923450995838,NVDA
2025-10-10,193.04748211324375,195.15243956582322,181.6148814298513,182.72222900390625,268774400,-0.04886543837402468,0.022314472440694223,186.63685607910156,181.48120498657227,178.71603088378907,49.4282034966636,175941320.0,1.5276366006575375,-0.01818080241946396,NVDA
2025-10-13,187.52076447158947,189.65564939423433,185.51557372807815,187.86993408203125,153482800,0.028172297952948844,0.023098494523348244,187.19153442382813,182.00844345092773,179.00752899169922,62.57311260585772,175102260.0,0.876532375995604,-0.034569003018458666,NVDA
2025-10-14,184.32839277968645,184.35831986008523,179.2705030798172,179.59971618652344,205641400,-0.04402097619247958,0.02602843279296589,186.19193115234376,182.26532821655275,179.00833038330077,53.314552179829874,188212940.0,1.092599690542,0.017719339279795854,NVDA
2025-10-15,184.35831474003746,184.42813951825556,176.86625456034105,179.4001922607422,214450500,-0.0011109367543433724,0.02593493754944314,184.34036560058593,182.74118881225587,179.03985595703125,52.344431255240586,205069260.0,1.0457466906546597,0.01562586782143427,NVDA
2025-10-16,181.79445210488134,182.84194556906473,179.34034021746592,181.37545776367188,179723300,0.011010386767360991,0.02606198743879158,182.193505859375,183.0190231323242,179.08774322509765,53.841257331164115,204414480.0,0.8792102203327279,-0.0035751115834254943,NVDA
2025-10-17,179.74936158304564,183.66000615888444,179.32039659193174,182.7821044921875,173135200,0.007755441369297289,0.026264582891170254,182.20548095703126,183.34574127197266,179.1368295288086,51.52664951129694,185286640.0,0.9344181534081464,-0.016046337832612445,NVDA
2025-10-20,182.69231029505525,184.75735492260156,181.2956472677441,182.20347595214844,128544700,-0.0031656739134645617,0.026080750117848137,181.0721893310547,183.29735717773437,179.1358383178711,45.162093667140326,180299020.0,0.7129528491058909,-0.0026281967160396436,NVDA
2025-10-21,182.35311411361405,182.35311411361405,179.37027013728058,180.72702026367188,124240200,-0.008103334367036585,0.026169673929612045,181.2976501464844,183.43353118896485,179.1180862426758,42.681787185533324,164018780.0,0.7574754549448545,0.02815184505804824,NVDA
2025-10-22,180.7070662621498,183.0015721983185,176.33752979723928,179.84912109375,162249600,-0.004857597766183885,0.02479805785563044,181.38743591308594,183.5986358642578,179.060830078125,39.44080830575279,153578600.0,1.0564596890452185,0.06218107829642361,NVDA
2025-10-23,179.98876279946896,182.59252505160657,179.36026373857848,181.724609375,111363700,0.01042812035913343,0.024110060868580137,181.45726623535157,183.82160110473632,179.07240692138672,43.40261683458971,139906680.0,0.7959855812460134,0.10359037622389655,NVDA
2025-10-24,183.40060514170608,187.02193404421294,183.06142142022418,185.8148193359375,131296700,0.022507738357533613,0.019983622693656458,182.06380920410157,184.22413711547853,179.15720886230469,50.829488069137575,131538980.0,0.9981581125229951,0.11156438564047311,NVDA
2025-10-27,189.5359184602369,191.54110896467577,187.9796341631504,191.03233337402344,153452700,0.028079106159197842,0.01997000669801993,183.82958068847657,184.70498580932616,179.37768463134765,56.70060043512002,136520580.0,1.1240261358397394,0.0595330722205647,NVDA
2025-10-28,192.58860677151606,202.6644582837766,191.45133202040452,200.54953002929688,297986200,0.049819821007157206,0.017966450876971702,187.79408264160156,185.42575912475587,179.75738037109375,61.11937704710328,171269780.0,1.7398644407670751,0.007262531067363076,NVDA
2025-10-29,207.48289118740504,211.68283533037862,204.29054272961417,206.54513549804688,308829600,0.029895883913934496,0.018271785462707316,193.13328552246094,186.41339187622071,180.3840768432617,62.88507642349329,200585780.0,1.5396385526431635,-0.0007725982780026897,NVDA
2025-10-30,204.65966800141675,205.66726375798942,200.9286166610889,202.4050750732422,178864400,-0.020044337596340278,0.021289781203551652,197.26937866210938,187.11171875,180.93276031494142,69.38493170900459,214085920.0,0.8354795121510092,-0.020700847859288496,NVDA
2025-10-31,205.95655376605836,207.4729250244422,201.58703290468912,202.0060272216797,179802200,-0.001971530859184778,0.02168478478499974,200.50762023925782,187.85344161987305,181.48184204101562,65.35872101370347,223787020.0,0.8034523181907511,-0.03595233568455192,NVDA
2025-11-03,207.58268802254912,210.83489110171476,205.06870659183733,206.38555908203125,180267300,0.02168020390572556,0.02139721750590676,203.57826538085936,188.9178924560547,182.05846160888672,81.79021076280772,229149940.0,0.7866783643932004,-0.09087407335555087,NVDA
2025-11-04,202.51481474882632,203.4824975937368,197.4569251230167,198.21511840820312,188919300,-0.039588238199265935,0.026510905134112913,203.11138305664062,189.59876174926757,182.435361328125,68.7773748360289,207336560.0,0.9111721541053831,-0.053047575923621304,NVDA
2025-11-05,198.29492759193732,202.43500266122365,194.18476438007542,194.74343872070312,171350300,-0.01751470682650169,0.0275590055807984,200.75104370117188,189.90303268432618,182.70372344970704,62.95437245040696,179840700.0,0.9527893296678672,0.019671141840923,NVDA
2025-11-06,195.95052515240693,197.14765392942226,185.9345289438528,187.63046264648438,223029800,-0.0365248560924305,0.0309524946839504,197.7961212158203,189.67906799316407,182.83321807861327,54.23047713793926,188673780.0,1.1820921804820999,0.02700985235696196,NVDA
2025-11-07,184.45805485831954,187.86989393508227,178.48238160939712,187.70028686523438,264942300,0.0003721369001874475,0.030235982159385385,194.93497314453126,189.92797088623047,182.99263916015624,54.839259149602356,205701800.0,1.2879921323002521,0.030029364791483326,NVDA
2025-11-10,194.6436788693004,199.46213677715232,193.32682642239038,198.5742645263672,198897100,0.05793266405042918,0.0343539752307476,193.37271423339843,190.46318740844725,183.48904663085938,63.481532521439405,209427760.0,0.9497169811681125,-0.06124093392510688,NVDA
2025-11-11,194.69355355890158,194.9529266552934,190.84277869998112,192.69833374023438,176483300,-0.029590595740832226,0.03177082077481464,192.26935729980468,191.1181182861328,183.93576904296876,59.02465644433984,206940560.0,0.8528212159085682,-0.015479450818209117,NVDA
2025-11-12,195.25221648764446,195.4218083488666,190.673190567689,193.33680725097656,154935300,0.0033133317675848595,0.029707948737643857,191.98803100585937,191.81494903564453,184.39845306396484,58.3000629307402,203657560.0,0.7607638037105031,-0.03715166882245802,NVDA
2025-11-13,190.59337913278358,190.9824463944715,183.41059072037282,186.41339111328125,207423100,-0.03581012967027952,0.03091835137622248,191.74461669921874,192.066845703125,184.7019192504883,50.41118789991451,200536220.0,1.0343423247929975,-0.029433759511910962,NVDA
2025-11-14,182.42294356130517,190.55345800755302,180.14839424900484,189.71546936035156,186591900,0.017713739487007496,0.031938403543486954,192.14765319824218,192.41351394653321,185.16400024414062,49.07093299848942,184866140.0,1.0093351870710343,-0.019193299742069514,NVDA
2025-11-17,185.52552307898492,188.54828000089623,183.87947275520656,186.15402221679688,173628900,-0.01877257113277342,0.030604837652109633,189.66360473632812,192.6110412597656,185.52911590576173,38.911945646644895,179812500.0,0.9656108446298227,-0.03194005798460464,NVDA
2025-11-18,182.94172058465782,184.3583249108488,179.22062444838815,180.92654418945312,213598900,-0.028081466976070946,0.029560891891497885,187.3092468261719,192.6210174560547,185.7408020019531,30.031142540157987,187235620.0,1.1408026955554718,-0.013674473961057587,NVDA
2025-11-19,184.3483273978252,187.41099710874653,182.39302051116815,186.07420349121094,247246400,0.02845165326524768,0.031544549545471014,185.85672607421876,192.93227157592773,185.9243621826172,37.467476047616714,205697840.0,1.2019883145102546,-0.021284492534744404,NVDA
2025-11-20,195.4816571057099,195.53154064523628,179.42014682895694,180.208251953125,343504800,-0.03152479724769053,0.03100855025625649,184.6156982421875,192.856453704834,185.99359649658203,34.5670431045789,232914180.0,1.4748127400401299,-0.015611007772312058,NVDA
2025-11-21,180.80682891210233,184.11888595894638,172.51667761994415,178.4524688720703,346926200,-0.009743078144453632,0.031029569234150515,182.36309814453125,192.48833618164062,186.01474548339843,29.460091974007796,264981040.0,1.3092491447689993,0.007714538641568458,NVDA
2025-11-24,179.06102433247585,183.06143495137792,176.05820849098825,182.11370849609375,256618300,0.020516609532861718,0.024141225412047745,181.55503540039064,192.04240493774415,186.1105163574219,37.31931116165762,281578920.0,0.9113547988606533,-0.030402671000361647,NVDA
2025-11-25,174.49197074476177,177.73420328176402,169.14478047484366,177.39501953125,320600300,-0.025910674181592208,0.023807256511698315,180.84873046875,190.8846794128418,186.16917633056642,36.60041749283671,302979200.0,1.0581594380076256,0.011809464499525246,NVDA
2025-11-26,181.1958831941039,182.4728225932506,177.81398638784032,179.8291473388672,183852000,0.013721511539890763,0.024571327098405378,179.59971923828124,189.54888000488282,186.36809967041015,43.50497416685404,290300320.0,0.6333165598990728,0.006657286040564259,NVDA
2025-11-28,178.58215589898685,178.86148547381688,176.0781603452176,176.57696533203125,121332800,-0.018084843613852986,0.022835631496415775,178.8734619140625,188.25747451782226,186.3832635498047,41.205252203337814,245865920.0,0.49349173728510237,0.014632633457505095,NVDA
2025-12-01,174.34228931397226,179.86905632530258,173.26486886531237,179.48995971679688,188131000,0.016497023715908332,0.02270300408391711,179.08096008300782,187.1316711425781,186.44810791015624,32.73771256117392,214106880.0,0.8786779761584494,0.019287593170957074,NVDA
2025-12-02,181.32559224007645,185.21628046187368,179.56980408021653,181.0263214111328,182632200,0.008559596852994122,0.02254460239036113,178.8634826660156,185.86370925903321,186.40521118164062,38.542895785685076,199309660.0,0.9163238751197509,0.005291079769863538,NVDA
2025-12-03,180.64719551618873,182.013916155068,178.68190287158453,179.16075134277344,165138000,-0.0103055183015206,0.020953323147129655,179.2166290283203,184.9109909057617,186.42835540771483,36.41228613115456,168217200.0,0.9816950941996418,0.033244278680735206,NVDA
2025-12-04,181.19598816136636,184.08922700452197,179.53987513877786,182.95188903808594,167364900,0.021160536930654228,0.019924648315350423,179.84117736816407,184.32141342163087,186.55645263671875,46.470210589570506,164919780.0,1.0148261172795647,0.008670522400663572,NVDA
2025-12-05,183.4606866221248,184.22889322931675,180.4876480440623,181.98414611816406,143971100,-0.005289603321452563,0.017054047529576892,180.92261352539063,184.03909759521486,186.65082946777343,41.72206204107666,169447440.0,0.8496504874903982,0.007510661330767832,NVDA
2025-12-08,182.21361127014939,187.5610985176648,181.97416608957425,185.1168212890625,204378100,0.017214000437512533,0.017276604946249084,182.04798583984376,183.90992431640626,186.7978839111328,48.87917649960888,172696860.0,1.1834500059815796,-0.024898992863063518,NVDA
2025-12-09,185.12679644575,185.2864265695677,182.89203560496765,184.53817749023438,144719700,-0.0031258304609961263,0.016327642372495472,182.75035705566407,183.2081199645996,186.8603402709961,54.338740413937515,165114360.0,0.8764816094735794,-0.053792434430134706,NVDA
2025-12-10,184.53819180758595,185.0469957406681,181.61502392815055,183.35096740722656,162785400,-0.006433411769608655,0.013642991667619174,183.5884002685547,182.74075164794922,186.80467834472657,46.38447457281008,164643840.0,0.98871236239388,-0.04075535725476065,NVDA
2025-12-11,179.85912243695617,180.89670300875093,176.20766331092784,180.50759887695312,182136600,-0.01550779126219859,0.014299226325132332,183.09954223632812,182.09929122924805,186.67898071289062,50.432111111013214,167598180.0,1.0867456913911595,-0.01774163198432155,NVDA
2025-12-12,180.6871989054384,182.39321360477518,174.21234434473615,174.61141967773438,204274900,-0.032664437596546914,0.016906661896182094,181.6249969482422,181.5091926574707,186.40243835449218,45.047401728914764,179658940.0,1.137014946208633,-0.023311737645689612,NVDA
2025-12-15,177.52459033283526,178.0034654802094,174.6213802569945,175.87843322753906,164775600,0.007256189498619836,0.0160768630392548,179.7773193359375,180.81734085083008,186.1765756225586,41.431270458029196,171738440.0,0.9594567180184005,-0.012195774749185984,NVDA
2025-12-16,175.84850127733236,178.0733061224419,174.4916756985292,177.3050994873047,148588100,0.008111661183153096,0.0160450326248094,178.33070373535156,180.37489471435546,186.02074676513672,49.86413576003051,172512120.0,0.8613197727788633,0.01839986636680102,NVDA
2025-12-17,175.68888113429998,175.71880987812392,169.91239000563186,170.54092407226562,222775500,-0.03814992030459552,0.019662731791013313,175.76869506835936,179.8556137084961,185.7396105957031,37.589863008224725,184510140.0,1.2073889272426979,0.07458764182571209,NVDA
2025-12-18,174.1225483861358,175.7387615308714,171.41888356310693,173.73345947265625,176096000,0.01872005454267267,0.019317619996537628,174.4138671875,179.23857650756835,185.4411193847656,46.19468310943431,183302020.0,0.9606877218265243,0.08653966749448183,NVDA
2025-12-19,176.25756723043006,181.02640724251643,175.9283357789888,180.56748962402344,324925900,0.03933629234179148,0.02386033777698307,175.6050811767578,179.25653839111328,185.21027404785156,51.30504301724275,207432220.0,1.5664196237209436,0.04210164369112501,NVDA
2025-12-22,183.49062822521734,183.73007341419415,181.9243013805983,183.26116943359375,129064400,0.014917856005967955,0.023681045004276938,177.08162841796874,179.49697341918946,185.2210528564453,52.63291111024025,200289980.0,0.644387702270478,0.03723666975182094,NVDA
2025-12-23,182.54285710968043,188.88801027625055,182.47301321780614,188.76829528808594,174873600,0.03005069689074391,0.025561164581318154,179.374267578125,179.82970275878907,185.2390200805664,60.424358336738365,205547080.0,0.8507715118113086,-0.0052323480196092564,NVDA
2025-12-24,187.50124372172942,188.4689804086018,186.154389299292,188.169677734375,65528500,-0.003171176350336591,0.025454173763160576,182.90001831054687,180.36843566894532,185.41041931152344,56.08280439459417,174097680.0,0.37638927755958607,-0.005673097258100279,NVDA
2025-12-26,189.47662851874142,192.240166195598,187.5611125998212,190.085205078125,139740300,0.010179787555644415,0.024675482030067013,186.1703674316406,180.8812385559082,185.6241195678711,59.239884285421404,166826540.0,0.8376383038334309,-0.02115156391883266,NVDA
2025-12-29,187.2717899684254,188.31932652162573,185.47598909796272,187.7805938720703,120006100,-0.012124095639676424,0.02184161477241892,187.61298828125,181.44141998291016,185.75222229003907,53.09673416084151,125842580.0,0.9536207855878353,0.003347204448030938,NVDA
2025-12-30,187.8005508490403,188.5487999407664,186.49359631469858,187.1021728515625,97687300,-0.0036128388270515455,0.02212440636546482,188.38118896484374,181.82203063964843,185.83862365722655,52.97384045459404,119567160.0,0.8170077803972261,0.003092662100119936,NVDA
2025-12-31,189.12744593978846,190.11512498868174,186.05463453876877,186.06460571289062,120100500,-0.005545457451715641,0.02242821206593996,187.8404510498047,182.07394485473634,185.9158462524414,53.158366765587076,108612540.0,1.1057701072086152,0.003967875820182654,NVDA
2026-01-02,189.39681300359115,192.47959571470966,187.8204997023152,188.4091339111328,148240500,0.012600613583971798,0.016530819944011076,187.88834228515626,182.5363639831543,186.06948852539062,59.30453231983435,125154940.0,1.1844558432931214,0.0013767069031578316,NVDA
2026-01-05,191.31231822272787,193.17796293683364,185.7154145267434,187.68081665039062,183529700,-0.0038656154594166603,0.016768763028687888,187.40746459960937,182.77281036376954,186.22612243652344,67.52267369115336,133912820.0,1.37051628066678,-0.01637247608710679,NVDA
2026-01-06,190.07522846701318,191.72137039337454,186.3838692947835,186.80288696289062,176862600,-0.004677780623340899,0.012931011998739089,187.21192321777343,183.01374740600585,186.32768798828124,64.8012857434062,145284120.0,1.2173567214365892,-0.01271099565000533,NVDA
2026-01-07,188.12978540958392,190.9232365533545,186.12446806753155,188.66851806640625,153543200,0.009987164191344933,0.012534130119233777,187.5251922607422,183.19133224487305,186.38476196289062,65.21504798571155,156455300.0,0.9813870159719741,-0.022050647899079512,NVDA
2026-01-08,188.66852284990722,189.10749810453436,183.28113525242415,184.60801696777344,172457000,-0.021521879433025637,0.010623380088553049,187.23387451171874,183.19482421875,186.25627563476561,70.30526808695464,166926600.0,1.033130729314561,0.004161186979743103,NVDA
2026-01-09,184.64792389684447,185.9049768874807,183.2412119543349,184.42843627929688,131327500,-0.0009727675505442068,0.010623224547513141,186.43773498535157,183.24869766235352,185.9338537597656,66.90848316596274,163544000.0,0.8030101990901531,-0.00930427506196474,NVDA
2026-01-12,182.79226917353867,186.6831584288149,182.59273912358015,184.5082550048828,137968500,0.00043278968903170956,0.009801465751028762,185.80322265625,183.44873046875,185.49311614990233,57.922137518849674,154431760.0,0.8933945970699292,0.011409093980259355,NVDA
2026-01-13,184.56809890645206,187.6708389078061,182.97182817799478,185.37620544433594,160128900,0.00470412795042785,0.009487112521440452,185.51788635253905,183.9869697570801,185.1525387573242,54.58870156672191,151085020.0,1.0598595413363945,0.0022604673789172747,NVDA
2026-01-14,183.88971661277398,184.029389177148,180.37792970729708,182.71246337890625,159586100,-0.014369384997631407,0.010355211599674351,184.32667541503906,184.32867126464845,184.76666748046875,35.01235265372463,152293600.0,1.0478844810287498,-0.027683668380233395,NVDA
2026-01-15,186.06460797964908,189.25713440169068,185.895006678512,186.6133270263672,206188600,0.021349740325986355,0.01266115303732336,184.7277374267578,184.79408264160156,184.37122283935548,46.689318453437785,159039920.0,1.296458147111744,-0.01994122433307055,NVDA
2026-01-16,188.63859508159712,189.99542077422674,185.64559857342888,185.7952423095703,187967200,-0.0043838493736371165,0.01195730865186373,185.0010986328125,185.5567985534668,184.12282531738282,40.42741543928128,170367860.0,1.1033019960454982,-0.007463939921866114,NVDA
2026-01-20,181.4753578011745,181.95424822676716,177.19537928172147,177.65431213378906,223345300,-0.0438166772979951,0.018030022087327926,183.63031005859375,185.75284118652343,183.78104278564453,32.07348499991896,187443220.0,1.1915357621363951,0.053911218420591656,NVDA
2026-01-21,178.6319932794081,184.947217101084,177.9835016341843,182.89202880859375,200381000,0.029482631813970483,0.02113533308230435,183.13347473144532,185.86906814575195,183.68627410888672,43.5827160631653,195493640.0,1.0250000971898625,0.017183113115521564,NVDA
2026-01-22,184.31869154642928,185.7353746560278,183.5005985718231,184.40847778320312,139636600,0.008291498456701074,0.02103583851607931,183.4726776123047,185.92643356323242,183.6204379272461,47.511979798016846,191503740.0,0.7291586054663998,0.019909156457786903,NVDA
2026-01-23,187.06227125943187,189.15737478680413,186.38386606278428,187.23187255859375,142748100,0.015310547591580459,0.020470488228952713,183.59638671875,185.8496124267578,183.39359008789063,48.25647272045215,178815640.0,0.7982976209463557,0.020514687833219858,NVDA
2026-01-26,186.7230748442759,188.6784906596197,185.55580805974404,186.03468322753906,124799600,-0.00639415348837058,0.020617541833403367,183.64427490234374,185.74286270141602,183.26031707763673,47.59546610926932,166182120.0,0.7509809117852149,0.032391240496100426,NVDA
2026-01-27,186.80288446054914,189.55643562401056,185.2664711415707,188.07989501953125,143711600,0.010993712336374806,0.020850962843645474,185.7293914794922,185.64259719848633,183.15517883300782,51.80383329123167,150255380.0,0.9564489471192312,0.01384471398841014,NVDA
2026-01-28,190.82345963399504,191.9009400606663,189.39679023846315,191.0728759765625,148552700,0.015913348721937837,0.021301928076166543,187.36556091308594,185.80721130371094,183.24836853027344,53.291439400016046,139889720.0,1.061927209519041,-0.030858354059270288,NVDA
2026-01-29,190.89331059974717,193.0283141326731,185.62563804704834,192.06057739257812,171764400,0.005169239280915949,0.02038379873473615,188.89598083496094,186.0551315307617,183.29527069091796,61.13931354728058,146315280.0,1.1739334401711154,-0.06321756253852229,NVDA
2026-01-30,190.76362243793778,194.0359639826301,189.0276790286862,190.68380737304688,179489500,-0.007168415497976421,0.019860204317271465,189.58636779785155,186.28609161376954,183.38586639404298,59.02682116522161,153663560.0,1.168068083285328,-0.08863076468309039,NVDA
2026-02-02,186.7629659025267,189.8557348322644,184.44839001538193,185.1766815185547,165794100,-0.028880930847569264,0.02215943425352917,189.41476745605468,186.1244689941406,183.470869140625,50.83394633319474,161862460.0,1.0242900052303665,-0.07397225665449791,NVDA
2026-02-03,185.8052108647954,185.8351396091497,175.81857039871747,179.91897583007812,204019600,-0.02839291451472381,0.019105620563371065,187.78258361816407,185.736376953125,183.34776458740234,43.863574361341264,173924060.0,1.1730383938829394,0.02811374952612855,NVDA
2026-02-04,179.04105715530034,179.16077214377114,171.50867959294058,173.78335571289062,207014100,-0.0341021289659974,0.019312675366097484,184.32467956542968,185.085400390625,183.21926666259765,40.686766945246575,185616340.0,1.1152795061038268,0.09099244837109555,NVDA
2026-02-05,174.52161198787914,176.40721432559468,170.63072277473634,171.47874450683594,206312900,-0.013261403525100302,0.018871312582818073,180.20831298828125,184.22591171264648,183.07979217529297,33.67059198508019,192526040.0,1.0716103650186748,0.09692810066105007,NVDA
2026-02-06,176.27752805781466,186.5634574188361,174.1924107166939,184.9771728515625,231346200,0.07871779317924998,0.03276715983726855,179.06698608398438,184.24436950683594,183.13706146240236,49.306977279278605,202897380.0,1.1402128504567186,0.025025522442921888,NVDA
2026-02-09,183.8298238555102,193.20788788877485,183.5205500126207,189.59632873535156,196387400,0.024971491414758296,0.03365502862200435,179.95091552734374,184.50276412963868,183.3810876464844,60.758561683380755,209016040.0,0.9395805221455731,-0.016312251089201646,NVDA
2026-02-10,190.9332352083219,192.03065816435006,187.68083581715956,188.099853515625,136764800,-0.00789295462474604,0.03364887167932914,181.58709106445312,184.68234405517578,183.54650177001952,55.03085730053602,195565080.0,0.6993313939277912,-0.03039145922484965,NVDA
2026-02-11,192.00071425091673,192.80882083578368,188.329312674443,189.6063232421875,144192700,0.00800888303954661,0.03333816404620286,184.7516845703125,184.89384994506835,183.80708892822267,55.02218544960034,183000800.0,0.7879348068423745,-0.02672983508825011,NVDA
2026-02-12,192.5793648877844,193.1580126884611,186.07458174632154,186.5035858154297,189932500,-0.016364103125372176,0.033640913158549696,187.75665283203125,185.08340606689453,183.9473614501953,49.30010361557653,179724720.0,1.0567967500519684,0.0055631738947345966,NVDA
2026-02-13,187.04232046551596,187.0622780376601,181.16607138035295,182.3832244873047,161888000,-0.02209266545793198,0.03420055357026545,187.23786315917968,184.8719009399414,183.97449951171876,46.67755350024381,165833080.0,0.9762105365226287,0.027843074687849967,NVDA
2026-02-17,181.3256935584433,186.71308084037668,178.76168607280786,184.53817749023438,162276900,0.011815522008602697,0.033311264514880534,186.22623291015626,184.8090476989746,184.08204803466796,46.78382944194847,159010980.0,1.0205389590077365,0.026220504330532357,NVDA
2026-02-18,188.3093443160685,189.92555739322245,186.3239846890322,187.5411376953125,164749100,0.016272839831405816,0.032030080079731474,186.11448974609374,185.3033889770508,184.1738330078125,46.79347256879621,164607840.0,1.0008581608263616,0.01899143872731046,NVDA
2026-02-19,186.62329889395997,187.9900957055448,185.22657333636724,187.46133422851562,126554500,-0.00042552512892679584,0.029148719237296113,185.68549194335938,185.53185424804687,184.28337677001954,45.75427128062073,161080200.0,0.7856614282823091,0.02634389285681138,NVDA
2026-02-20,186.13444888465776,189.88566546751952,185.5059147845697,189.37686157226562,178422300,0.010218253015392254,0.02817751072434407,186.26014709472656,185.7802734375,184.3685775756836,48.80539344246747,158778160.0,1.1237206678802676,0.030239137823037998,NVDA
2026-02-23,190.9531547742145,193.49720463285962,189.13741163084848,191.10281372070312,171584800,0.009113849147715847,0.014850686179019598,188.00406494140626,185.97382049560548,184.49987030029297,55.81897449405075,160717520.0,1.0676172703511104,-0.03476892656837838,NVDA
2026-02-24,191.04296985904048,193.31764595479845,186.96250644177093,192.39979553222656,175123600,0.006786827395534711,0.012895293601919804,189.57638854980468,186.29207611083984,184.68084686279298,63.28876683022629,163286860.0,1.0724904624903682,-0.08120301562845855,NVDA
2026-02-25,193.9960453222018,197.16862939564908,193.33758246616242,195.10345458984375,250637100,0.014052296937936859,0.012977909787599815,191.08885192871094,186.64325408935548,184.9727639770508,74.49005418108598,180464460.0,1.3888446511850587,-0.06688486896131018,NVDA
2026-02-26,193.81648130196652,193.83642365132246,183.8897126034445,184.4583740234375,360807900,-0.054561210045126374,0.02237302042039481,190.4882598876953,186.31252899169922,185.16970306396485,62.51204307294212,227315140.0,1.5872585521580305,-0.026177748012518154,NVDA
2026-02-27,180.82687141264745,182.16373952566906,175.96824531148394,176.77635192871094,311636500,-0.04164637217148226,0.02534285832045953,187.96815795898436,185.54831771850587,185.18766143798828,41.096156388530034,253957980.0,1.2271183602893676,0.033015269893566845,NVDA
2026-03-02,174.6014235260267,183.03170868955394,174.23229218389588,182.05398559570312,209095300,0.029854862425945372,0.026745789479065852,186.15839233398438,185.11682662963867,185.28263916015624,41.92652162025227,261460080.0,0.7997217013013994,0.004712813330550736,NVDA
2026-03-03,178.07331350693755,180.4776756968921,176.50697142699124,179.62966918945312,178099400,-0.013316469827987176,0.02670838657890834,183.6043670654297,184.8394760131836,185.4644140625,41.10993025700554,262055240.0,0.6796254102760929,-0.012385355001312437,NVDA
2026-03-04,180.01874995283958,184.26879914121506,179.6396322236537,182.6126708984375,177731200,0.01660639760928495,0.02673444510090994,181.10621032714843,184.97416076660156,185.64199829101562,42.880328072573626,247474060.0,0.7181811297717425,-0.0021306509586133116,NVDA
2026-03-05,180.74703993972415,183.63029235671348,177.46472744924466,182.91197204589844,198779700,0.0016389944136319112,0.02675876122049997,180.79692993164062,185.43059158325195,185.68888793945314,46.12233507321403,215068420.0,0.9242626137300864,0.007799742377757601,NVDA
2026-03-06,179.4201653790109,182.33334690173646,176.40722643712078,177.40489196777344,189021900,-0.030107816435017698,0.027713462262026634,180.92263793945312,185.72689895629884,185.5717623901367,44.78143312409588,190545500.0,0.9920040095410283,0.04622674915818781,NVDA
2026-03-09,176.4171820751478,182.48298979408452,175.1501427003192,182.2235870361328,177213600,0.027162131860685834,0.02935746501265617,180.95655822753906,185.58921966552734,185.44086822509766,47.70204740154975,184169160.0,0.9622327647039276,0.0027370992207886857,NVDA
2026-03-10,181.97416098047233,186.00473767957752,181.58507208744064,184.33863830566406,179118500,0.011606901740507825,0.02959926145884017,181.89835205078126,185.32633514404296,185.36424743652344,46.763459050344885,184372980.0,0.9715008131885703,-0.02441002127587899,NVDA
2026-03-11,185.4860219488843,187.1921136401388,184.02934488988058,185.60574340820312,145280400,0.0068737900756215,0.029200644870611654,182.49696655273436,185.20162963867188,185.274658203125,48.16863475280906,177882820.0,0.8167196809675044,-0.015104993826794089,NVDA
2026-03-12,183.63027948516628,184.51824924312825,181.33552155955923,182.72235107421875,155762700,-0.015535038307747384,0.023908109446977986,182.45904235839845,184.85743103027343,185.17349334716798,43.55548685769139,169279420.0,0.9201514277400052,-0.006607074201587793,NVDA
2026-03-13,184.49827615888313,185.6656060713691,179.5296376335348,179.83892822265625,160988400,-0.015780351087926303,0.02007645128078074,182.945849609375,184.52419815063476,185.02822845458985,39.33076296918107,163672720.0,0.9835994660564081,0.0008321791316490135,NVDA
2026-03-16,182.55273992235968,188.44926587891726,180.9962999229416,182.8021697998047,217307400,0.01647719771483347,0.01838087271634452,183.0615661621094,184.54514541625977,184.96297973632812,41.18723925582688,171691480.0,1.2656854026769413,-0.025433962572838364,NVDA
2026-03-17,184.63795767039014,184.97717862722422,181.26566108165355,181.5150909423828,182497800,-0.007040829213523114,0.017956595369831876,182.49685668945312,184.39399108886718,184.82509887695312,37.1895925968016,172367340.0,1.058772502957927,-0.05073381948360989,NVDA
2026-03-18,182.06384475172882,182.96180140975886,179.91875397930713,179.98858642578125,156683100,-0.008409793966310586,0.017300836513659996,181.37342529296876,184.01636352539063,184.67125427246094,44.91119449656035,174647880.0,0.8971371424605898,-0.02638581480148927,NVDA
2026-03-19,177.60403750119184,179.56954607641802,175.38909905828712,178.1527862548828,170968500,-0.01019953657814543,0.017480616675658756,180.45951232910156,183.550936126709,184.4982522583008,51.807690550375106,177689040.0,0.9621780836904741,-0.01881722295067556,NVDA
2026-03-20,177.59405294207926,177.85345450506617,171.32837633709812,172.30613708496094,241323500,-0.03281817417975763,0.01797046489972211,178.9529541015625,182.69739990234376,184.1710046386719,37.38653339404104,193756060.0,1.2455016890826538,0.03462656484466575,NVDA
2026-03-23,176.85574153065542,177.96321071223454,174.36144294367455,175.23944091796875,182836300,0.017023791970691482,0.01630301665371124,177.4404083251953,181.90423126220702,183.9836331176758,44.39301401951117,186861840.0,0.9784571317503884,-0.025051173356209433,NVDA
2026-03-24,174.4312942297872,175.81812366395545,173.58322660302642,174.80044555664062,147667800,-0.0025051173356209766,0.015409387750554048,176.09747924804688,181.02426376342774,183.79107330322265,39.329199920299665,179895840.0,0.8208516661641536,-0.04383564824635233,NVDA
2026-03-25,176.69612335614488,180.8067226806179,176.44669348987364,178.2725067138672,162602100,0.019862999468737152,0.017004330824050354,175.75426330566407,180.1827163696289,183.66635833740236,44.16835832071306,181079640.0,0.8979590416680749,-0.07561001558896152,NVDA
2026-03-26,175.66847416549638,176.10745794358192,170.74970926821888,170.8494873046875,186152200,-0.04163861015929882,0.020611233894091092,174.293603515625,179.5022720336914,183.37582397460938,42.138731898763,184116380.0,1.011057245422705,0.018453589206622656,NVDA
2026-03-27,169.61229451028825,170.58008352629554,166.62910808502988,167.13795471191406,196212700,-0.021723990228629808,0.02099069940507674,173.2599670410156,179.02035217285157,183.06433380126953,31.415756864868115,175094220.0,1.1206120910216226,0.049128533910412386,NVDA
2026-03-30,168.3950875250076,169.0635577295173,163.89537828689438,164.79331970214844,185627000,-0.014028142284060685,0.01933538187064216,171.17074279785157,178.15731887817384,182.62793365478515,26.057228390940296,175652360.0,1.0567862566719854,0.07398433040321217,NVDA
2026-03-31,166.58922503111532,174.22177306603788,166.57925331681818,174.0022735595703,226181300,0.055881839591958915,0.028517127839214847,171.0111083984375,177.87594909667968,182.39207427978516,38.1011021007103,191355060.0,1.1819980093549656,0.018577946795402367,NVDA
2026-04-01,175.59862725595661,176.96549806235143,174.3514779146501,175.3491973876953,168132000,0.007740840395765725,0.028687371553069736,170.42644653320312,177.51277542114258,182.34597198486327,42.19311485357941,192461040.0,0.8735897925107337,0.01337123320035305,NVDA
2026-04-02,171.7873183615289,177.0852211444685,170.9791680862979,176.98544311523438,143143200,0.009331355671513775,0.02875007259255201,171.6536376953125,177.21644897460936,182.2278402709961,46.89669546839146,183859240.0,0.7785477629517016,0.026439017846319857,NVDA
2026-04-06,176.75597747742694,177.3845303646084,175.35916114415525,177.23487854003906,107564300,0.0014093555967893412,0.02638722327645728,173.6730224609375,177.20794830322265,182.08436828613281,43.56548232517225,166129560.0,0.6474723703596157,0.03529613831453693,NVDA
2026-04-07,175.32922705160684,177.8235255680002,173.26395579650787,177.69383239746094,132534900,0.0025895233556876285,0.025933990224031214,176.253125,176.98146057128906,181.89360748291017,45.49730481968004,155511140.0,0.8522534141284026,0.05912414945613875,NVDA
2026-04-08,184.079243714486,184.83750503722598,179.8888249511496,181.66476440429688,147732700,0.02234704465123949,0.02666749676160001,177.7856231689453,176.8477668762207,181.80620910644532,51.867506174585735,139821420.0,1.0565813163676925,0.039707760611787046,NVDA
2026-04-09,181.42529878487736,183.6601958045732,180.20807985372045,183.49058532714844,116428500,0.010050495641456214,0.026202675116545997,179.41390075683594,176.74200897216798,181.71442291259766,55.948407616018585,129480720.0,0.8991956485876816,0.06851173602453975,NVDA
2026-04-10,183.88967366981893,189.56669990817062,183.87970195572368,188.1998291015625,160459500,0.025664770571296014,0.021656290848896538,181.65677795410156,177.01588287353516,181.65696197509766,68.17250330001853,132943980.0,1.2069707857399785,0.054286150714812464,NVDA
2026-04-13,185.605746824658,189.2274732756209,185.3164148846483,188.87826538085938,133648200,0.0036048719201053903,0.018841497890136987,183.98545532226564,177.4678497314453,181.59331573486327,66.44214857485952,138160760.0,0.9673383383241377,0.04775241821874787,NVDA
2026-04-14,190.40477641072036,196.0618438720703,190.33494396561244,196.0618438720703,161307000,0.038032848706683,0.01787741088850419,187.6590576171875,178.1308334350586,181.70087646484376,72.0463487114933,143915180.0,1.1208477104361054,0.026309061585515492,NVDA
2026-04-15,196.09178511161633,199.94298301571828,195.2936216855987,198.41647338867188,185338400,0.012009626504063453,0.011810642770884519,191.0093994140625,178.97590255737305,181.9656723022461,71.3831907036803,151436320.0,1.2238702049812094,0.016040546865278893,NVDA
2026-04-16,196.97974400923295,199.39423847906178,195.36344336942167,197.8976593017578,134012900,-0.0026147732496876186,0.012765488604489025,193.89081420898438,179.87135620117186,182.3252459716797,83.64356548392914,154953200.0,0.8648604869083052,0.0077136828236201715,NVDA
2026-04-17,199.44410763257105,201.2400056483541,198.8155547450397,201.2200469970703,160324400,0.01678841329925218,0.012794308245597295,196.49485778808594,181.02471923828125,182.8739797973633,92.80702911010755,154926180.0,1.0348438204569428,0.004065925657819935,NVDA
2026-04-20,199.52392392325544,201.70893187328167,197.38880498867078,201.59918212890625,119381400,0.00188418170800575,0.012747356732860662,199.0390411376953,182.4893714904785,183.47638854980468,98.62905329640488,152072820.0,0.7850278570490111,-0.011976608544774892,NVDA
2026-04-21,201.66904795828867,202.28762917830338,198.54618104306965,199.42417907714844,107945300,-0.010788749382758311,0.014541281867498973,199.71150817871094,183.6986083984375,183.7653286743164,91.25654859954813,141400480.0,0.7634012274922971,0.04197509874736238,NVDA
2026-04-22,200.53164182940822,202.03819274902344,198.54617460274403,202.03819274902344,107501000,0.013107807107300529,0.014075536745730125,200.43585205078125,185.06049575805665,184.01416595458986,91.60193209505968,125833000.0,0.8543148458671413,0.06967900292845397,NVDA
2026-04-23,201.99828375930824,203.3651545152774,196.77022843278436,199.18470764160156,113561800,-0.01412349352662512,0.016138317791173355,200.69326171875,186.10610580444336,184.23586303710937,83.33836706391126,121742780.0,0.9328011073839451,0.0677719974974278,NVDA
2026-04-24,199.50398270942756,210.46890943516505,199.35431566144254,207.79502868652344,214134400,0.04322782178848117,0.018943168564325402,202.0082580566406,187.95338287353516,184.5996371459961,86.68266733482643,132504780.0,1.6160503794655559,0.004705444353103383,NVDA
2026-04-27,209.17187844164343,216.33551207209098,206.90706623150768,216.1160125732422,187172400,0.040044191332756496,0.0209505802962635,204.9116241455078,190.40228576660155,185.19188568115234,88.79712751284077,146062980.0,1.2814499608319645,-0.07866667975205632,NVDA
2026-04-28,209.01225288404052,214.2402930542568,207.72518626919629,212.68385314941406,180275400,-0.015881097300298186,0.020946352202682438,207.56355895996094,192.79681243896485,185.79789825439454,81.66634110354372,160529000.0,1.1230083037955758,-0.06905287668663851,NVDA
2026-04-29,212.2149257168926,212.23488436877426,207.10660696252424,208.77279663085938,123711800,-0.01838906179589994,0.022506442074049945,208.9104797363281,194.53533859252929,186.28259063720702,74.75578077389353,163771160.0,0.7553942953081605,-0.05146960262193012,NVDA
2026-04-30,209.45124259423534,209.82040915320695,198.24685712515335,199.11488342285156,225239200,-0.04626040060709824,0.02782170342204234,208.89651489257812,195.7236228942871,186.51406555175782,59.74351074167272,186106640.0,1.2102695529831713,-0.015383173503526248,NVDA
2026-05-01,200.8209691272831,202.5370477944956,196.67045257290908,197.99742126464844,128647000,-0.005612147816343893,0.027302713831098342,206.93699340820314,196.77422180175782,186.72478729248047,58.07706249025224,169009160.0,0.7611835950193468,0.04726633307025718,NVDA
2026-05-04,199.04502180842945,201.2699318245734,194.29588290907526,198.02734375,125368100,0.00015112563163932613,0.02728589889504494,203.3192596435547,197.81384506225587,186.89779693603515,51.9935172887261,156648300.0,0.8003157391430357,0.06559864754906797,NVDA
2026-05-05,198.84548202478717,199.7833407086998,195.58293528206713,196.05186462402344,113406600,-0.009975789648880573,0.02725618618527058,199.99286193847655,198.73174667358398,186.99677795410156,47.583096036400406,143274540.0,0.7915335132117681,0.09516544985369846,NVDA
2026-05-06,199.43413852494058,207.7950323152332,198.15705885791613,207.3560333251953,188362800,0.05765907262779835,0.032935186471621254,199.70950927734376,200.0163101196289,187.29590270996093,57.92112306298828,156204740.0,1.2058712174803403,0.05586298322538674,NVDA
2026-05-07,207.86487247229027,213.7115092245668,206.02907228582575,211.01766967773438,168307900,0.017658692123978526,0.03262216399436543,202.0900665283203,201.3926643371582,187.61418701171874,58.158873747414525,144818480.0,1.162199050839368,0.04387705945671394,NVDA
2026-05-08,212.5441790763045,217.30330524675068,212.40449895841255,214.709228515625,136421400,0.017494074517685476,0.030315613103371896,205.43242797851562,202.71813430786133,188.2192041015625,60.346470316788555,146373360.0,0.9320097591528951,0.04939591437365887,NVDA
2026-05-11,213.55186573785767,221.79303819063418,213.40221390900197,218.93955993652344,160685800,0.019702606404692125,0.028214810473810144,209.6148712158203,204.22119903564453,189.06246826171875,64.91762275406357,153436900.0,1.0472435248626635,0.07428000972650439,NVDA
2026-05-12,218.05159434962442,223.23973257586303,214.42986778297353,220.27650451660156,159176600,0.006106455043874748,0.027545211592020346,214.45979919433594,205.4319320678711,189.8269186401367,64.21903818371811,162590900.0,0.979000669779182,0.020563532619504166,NVDA
2026-05-13,224.41703053540263,227.32039781394542,221.0647077692387,225.3149871826172,150405400,0.02287344570440064,0.026926687596215474,218.0515899658203,206.77685775756837,190.740625,69.70061966148242,154999420.0,0.9703610503832854,-0.015542612972033631,NVDA
2026-05-14,229.32582552778115,236.00055597235212,228.77707677625682,235.202392578125,180782900,0.043882590852662995,0.02123903454442421,222.88853454589844,208.64209442138673,191.79241943359375,70.27306696548192,157494420.0,1.1478686038527588,-0.06418091497826939,NVDA
2026-05-15,229.23602944473367,230.9720668751014,223.7286287034134,224.80616760253906,180977600,-0.04420118716323318,0.02817558415173565,224.90792236328124,209.82140045166017,192.63030334472657,56.23658820020052,166405660.0,1.08756877620629,-0.008210605151179662,NVDA
2026-05-18,229.34577348371204,229.4754818886306,217.8719993892805,221.81300354003906,146280900,-0.013314421461033787,0.029169301998571876,225.48261108398438,210.83209152221679,193.51846557617188,56.59318183220737,163524680.0,0.8945493732199935,-0.012639493993734652,NVDA
2026-05-19,219.11914008419038,223.96805720569674,217.41304835521052,220.1068878173828,140948200,-0.00769168486710603,0.02898832130856697,225.4486877441406,211.86622695922853,194.27613159179688,58.45489382423306,159879000.0,0.8815929546719706,-0.02393364263592357,NVDA
2026-05-20,222.6710257508039,225.61431038954527,219.9971448577806,222.9603729248047,184201600,0.012964088201498525,0.024223119776581963,224.97776489257814,212.91233596801757,195.04856628417969,69.79786324591421,166638240.0,1.1053981367061967,-0.03852865168881514,NVDA
2026-05-21,221.78305837384474,226.8814055684356,217.43300079554024,219.0093994140625,203381800,-0.017720518937572316,0.025148229653596588,221.73916625976562,213.90357055664063,195.71663940429687,66.66139132147639,171158020.0,1.1882691795569964,-0.03147920295408624,NVDA
2026-05-22,220.39621757095847,220.50596731800164,214.3101381389001,214.83892822265625,169275700,-0.019042430153974776,0.025621107801449855,219.74571838378907,214.25576553344726,196.35897094726562,62.50928178617217,168817640.0,1.002713342041744,-0.005015595520467597,NVDA
2026-05-26,216.04617181279934,217.68243116855118,211.5165320236786,214.37001037597656,187202600,-0.0021826484173934624,0.024703177887104272,218.25711975097656,214.168465423584,197.04959259033203,63.942897786135916,177001980.0,1.0576299767946098,-0.017313603369589203,NVDA
2026-05-27,213.63168066177133,213.66161102691768,208.30386252985457,212.1151580810547,167601200,-0.010518506254522997,0.024668917427542278,216.65877380371094,214.14003067016603,197.63585235595704,54.20116293228764,182332580.0,0.9192059916006234,0.05531516427491501,NVDA
2026-05-28,210.79815519844968,215.02849096688144,210.73829446983814,213.76138305664062,143996000,0.007760996387428776,0.023298925704101282,214.81897583007813,214.38945999145508,198.2807781982422,52.511401111870285,174291460.0,0.8261793205473177,0.040000025697644714,NVDA
2026-05-29,214.09065053210412,217.36316924965476,210.64852132770383,210.6584930419922,289410600,-0.014515671494445104,0.015793176490915398,213.14879455566407,214.9666404724121,198.8941763305664,46.25185134984406,191497220.0,1.5113044460906535,0.017097629496190425,NVDA
2026-06-01,215.23801892090273,224.35717434911126,215.20808855445495,223.8483428955078,212850700,0.06261247606516585,0.02446658839688035,214.95067749023437,216.2591865539551,199.8080874633789,53.89610672722772,200212220.0,1.063125417619364,-0.02426973185300052,NVDA
2026-06-02,226.66188583823322,231.75026086454594,220.84519513709748,222.3118438720703,193362900,-0.006864017859425142,0.024164556571710478,216.53904418945314,217.4734115600586,200.8082015991211,51.61035004964285,201444280.0,0.9598828023312451,-0.07845324617732097,NVDA
2026-06-03,221.2143597561905,222.31185725112735,214.02079575535723,214.26025390625,160907000,-0.0362175484022057,0.026778733616392228,216.9680633544922,218.38383102416992,201.58861785888672,41.651596166995965,200105440.0,0.8041110726425029,-0.02731936737275098,NVDA
2026-06-04,213.67091279390368,221.35231998810906,210.73419644348996,218.4156036376953,169022200,0.019393936372648524,0.027260749396769153,217.89890747070314,218.93680953979492,202.4609210205078,36.12125463144602,205110680.0,0.82405362802171,-0.047882557634665424,NVDA
2026-06-05,214.2902104723603,214.62982678346356,204.10161444712602,204.87075805664062,219655500,-0.06201409311178463,0.03311708686647844,216.74136047363282,218.62946395874025,202.99288604736327,34.33372272583706,191159660.0,1.1490682709939952,-0.02281816211481702,NVDA
2026-06-08,209.94507132882276,210.23475572682116,205.76975069388217,208.40679931640625,138372800,0.017259863209897475,0.03353493967753405,213.6530517578125,218.3143424987793,203.74403228759766,39.55384143089196,176264080.0,0.7850311872957894,-0.01806943371824643,NVDA
2026-06-09,210.3845825512031,211.16370951624515,199.11719156565087,207.95730590820312,180962500,-0.0021568077897530236,0.03353497028591399,210.78214416503906,217.76522979736328,204.56041931152345,40.34390767619532,173784000.0,1.0413070248124108,-0.014409895595247968,NVDA
2026-06-10,204.20149632565034,206.98838641050182,199.696542748819,200.19598388671875,161746600,-0.03732170883628583,0.03527096930401401,207.96929016113282,216.76120376586914,205.26847259521483,33.216885092427745,173951920.0,0.929835094662939,0.060023960285499056,NVDA
2026-06-11,201.26479475008583,205.43013200106668,199.31696212361035,204.64100646972656,158643200,0.022203355415576276,0.03614577048486108,205.21437072753906,215.7275047302246,205.88124725341797,39.483469343765954,171876120.0,0.9230089671561122,0.012398152520480155,NVDA
2026-06-12,204.6310298517525,206.83856645475237,203.21261880599855,204.96066284179688,112001800,0.001562034792462752,0.03597144831260228,205.23235168457032,214.2154182434082,206.4734765625,42.337981800958104,150345380.0,0.7449633636896591,-0.002631790142895829,NVDA
2026-06-15,208.68648640498938,212.47225882321928,208.10713284720606,212.21253967285156,149936700,0.035381798294886524,0.031243809917281425,205.99349975585938,213.58573684692382,207.17801849365233,48.48589013922461,152658160.0,0.9821728494565898,-0.008284270692754836,NVDA
2026-06-16,210.94395209283806,211.25361840198772,207.05830064217733,207.1781768798828,125694100,-0.02372321070531347,0.03181260818157115,205.83767395019532,212.853995513916,207.77688446044922,46.665329569122036,141604480.0,0.8876421141478009,0.005978437030500716,NVDA
2026-06-17,208.29691745433288,208.9761653200819,202.8530121596522,204.42124938964844,128363500,-0.013307036154839746,0.030225062978132163,206.68272705078124,212.0697135925293,208.31143280029298,43.784492378802604,134927860.0,0.9513491135188834,-0.022526244964245934,NVDA
2026-06-18,207.09826842291386,211.1537281092123,206.26919428756833,210.4545135498047,241272000,0.02951387968799768,0.03125728620260428,207.84542846679688,211.4444206237793,208.88722778320312,49.869354630639506,151453620.0,1.593042147160299,-0.055484392902817814,NVDA
2026-06-22,211.2036686200953,213.7508214450341,207.48782537372824,208.41677856445312,122041400,-0.009682543514892727,0.023824656033345347,208.53665161132812,210.91478958129883,209.3857516479492,38.46910399005763,153461540.0,0.7952572351352658,-0.06187387444374692,NVDA
2026-06-23,201.94403040148535,203.54224815949766,199.77645766483005,199.81640625,153496200,-0.041265258841880814,0.02667054882015934,206.05742492675782,210.163663482666,209.61808319091796,34.79583095874706,154173440.0,0.995607284886424,-0.03754247368189545,NVDA
2026-06-24,199.89631590195674,201.44458647582786,196.36027935647695,198.77757263183594,151810700,-0.005198940555783627,0.02666606471046465,204.37730407714844,209.384041595459,209.8160693359375,38.43973909823691,159396760.0,0.9524076900935753,-0.020251265689712472,NVDA
2026-06-25,199.85637045714446,200.5755669254449,191.9152592982058,195.52122497558594,149550000,-0.016381866490950747,0.02450971154646358,202.59729919433593,208.55434494018556,209.80525695800782,32.67312714852825,163634060.0,0.9139295327635335,0.022223281853712695,NVDA
2026-06-26,192.90414096411192,195.33143282930595,191.0062707295152,192.31480407714844,179304100,-0.01639934947644628,0.023266867718057384,198.9693572998047,207.48201599121094,209.68322357177735,38.734543773850554,151240480.0,1.1855562743519459,0.026229687953617464,NVDA
2026-06-29,193.63333194293918,195.96071419295149,189.58785574691487,194.7520751953125,148835700,0.012673341139074923,0.0239215787099084,196.23641662597657,206.68669509887695,209.62031188964843,37.50229040042903,156599340.0,0.9504235458463618,-0.000717997704663853,NVDA
2026-06-30,197.0195429632178,200.4057532237791,194.89191886651452,199.86634826660156,166476700,0.02626042914387461,0.02233910566119507,196.24640502929688,205.48759536743165,209.59323791503905,43.17721818351664,159195440.0,1.0457378678685771,-0.022689723151022356,NVDA
2026-07-01,195.98069896251877,199.62662840490702,193.23377271109229,197.35916137695312,146147600,-0.012544317296997454,0.02160754511927419,195.9627227783203,204.23996124267578,209.5084375,47.375234926314455,158062820.0,0.9246171870146312,-0.003289823126874425,NVDA
2026-07-02,196.9196593659626,199.8363939026278,192.1350197738411,194.61224365234375,142068700,-0.01391836946126257,0.021635658995323864,195.7809265136719,203.25756072998047,209.4121987915039,40.41986456376782,156566560.0,0.9074012994856628,0.047682519232234766,NVDA
2026-07-06,194.20269428466304,197.32920075051607,193.77318221313826,195.33143615722656,108999000,0.003695515201847188,0.018398207433549064,196.3842529296875,202.10335235595704,209.27806365966796,40.871210291071755,142505540.0,0.7648755269444262,0.036972587267125157,NVDA
2026-07-07,192.15498377986222,198.18824142626735,190.92636281467173,196.7098846435547,124154600,0.007056972054506172,0.018909352132533457,196.77581481933595,201.69530868530273,209.22856719970704,33.461207379297235,137569320.0,0.9024875604531591,0.07124363896773245,NVDA
2026-07-08,194.9618356993413,204.93069180759116,194.84197470333905,203.891845703125,147419100,0.03651042281166639,0.018603415258684166,197.58091430664064,201.46956100463868,209.15050354003907,46.64763747109899,133757800.0,1.102134604486617,-0.0028904550249598815,NVDA
2026-07-09,204.23147485952867,204.36131918975943,198.73762239526957,202.5533447265625,132037400,-0.006564759723208469,0.018668471449155434,198.6197509765625,201.19936294555663,208.87925018310546,48.037780283326484,130935760.0,1.0084135915199943,0.04448178075678122,NVDA
2026-07-10,201.7742207048944,210.7641612313501,201.69430829342895,210.72421264648438,148421000,0.040339338414540515,0.02092974229661753,201.84214477539064,201.72577438354492,208.84005737304688,50.27113977497009,132206220.0,1.1226476333715616,0.007299915959583458,NVDA
2026-07-13,208.3069001369788,210.33464515051216,202.77309911383117,203.30250549316406,121411000,-0.035220001821865354,0.023964845452485645,203.4363586425781,201.6588493347168,208.73065155029298,45.360639803689295,134688620.0,0.9014198823924396,0.01901440845751301,NVDA
2026-07-14,207.96729575339148,212.31243993744155,203.57221964678251,211.5632781982422,124379600,0.04063291145890924,0.026363117843496903,206.40703735351562,201.98898010253907,208.97961944580078,60.722116046983025,134733620.0,0.9231519200627134,-0.04244576509892417,NVDA
2026-07-15,211.7230919717581,213.57101502024952,205.80969553973085,212.26248168945312,124797200,0.00330493787563535,0.02564656474288805,208.08116455078124,201.99147720336913,209.26492065429687,62.385322386656576,130209240.0,0.9584358222196827,-0.04338819656679105,NVDA
2026-07-16,209.93509060438328,210.84407715298516,205.61992700554663,207.16818237304688,122986100,-0.023999998849817294,0.026812611916063045,209.00413208007814,201.99097747802733,209.4477374267578,60.34787974852576,128398980.0,0.9578432788173239,-0.0005303832798089214,NVDA
2026-07-17,202.41350482950477,206.41901728963356,197.74872640584337,202.58331298828125,144281900,-0.0221311464542836,0.027577591901459943,207.3759521484375,201.899080657959,209.57836639404297,58.90506017055934,127571160.0,1.1309915187727382,0.0456092343614658,NVDA
2026-07-20,205.63989694335598,207.50781723343968,202.05391309694542,203.05279541015625,88701500,0.002317478251045113,0.027584736720442097,207.32601013183594,201.52899475097655,209.4923016357422,57.45292293730621,121029260.0,0.7328930210760605,0.02695782485180276,NVDA
2026-07-21,207.30802440628602,208.4167843613107,203.78197113093626,207.0583038330078,108685600,0.019726438214064723,0.028016844196235215,206.42501525878907,201.4610710144043,209.41311431884765,56.58858380646395,117890460.0,0.9219202300169157,-0.0021708542950571452,NVDA
2026-07-22,205.57996827489498,214.15038042761168,204.72092886821054,211.82298278808594,137645600,0.023011291345846452,0.026647994638302783,206.3371154785156,202.0613998413086,209.3553894042969,62.724080636141615,120460140.0,1.1426651172744777,-0.0733283191775036,NVDA
2026-07-23,209.22588688656515,210.63429930291466,205.72979894313582,208.5266571044922,110505300,-0.01556169986942113,0.027195875581070793,206.6088104248047,202.5488540649414,209.14713134765626,62.12356451502684,117963980.0,0.9367715467043415,-0.056284708850129817,NVDA
2026-07-24,207.21812923496972,211.6731509810223,204.5810805834776,206.6088104248047,114836800,-0.009197129548412897,0.024013120547229594,207.41390991210938,203.10323333740234,208.87377746582033,59.62488331485819,112074960.0,1.0246427926452082,-0.08136723554806513,NVDA
2026-07-27,207.96729627325774,208.51668459839084,195.22156333884286,196.2903594970703,154353700,-0.049941969592287916,0.026606909803285145,206.0614227294922,203.30201110839843,208.29328491210939,49.68935327088612,125205400.0,1.2328038567026662,-0.007480594228038706,NVDA
2026-07-28,194.78204700134697,198.47790843456414,192.52457850774027,196.789794921875,134111500,0.002544370625660486,0.021957474370781428,204.00772094726562,203.40389709472657,207.52503295898438,44.163524637239185,130290580.0,1.0293261416136148,0.018983832908835874,NVDA
2026-07-29,195.63110696844683,196.84974460884015,189.79762268066406,189.79762268066406,147680800,-0.03553117296548236,0.023325597634746453,199.60264892578124,202.90046081542968,206.82486206054688,40.40859991504999,132297620.0,1.1162770728604188,0.08752174786553146,NVDA
2026-07-30,193.23377181769484,197.02952748682713,191.3059363552755,194.82199096679688,129010200,0.0264722403535389,0.02552709733793876,196.8617156982422,202.7736022949219,206.28504180908203,37.44874324605554,135998600.0,0.9486141769106446,0.08664893881148705,NVDA
2026-07-31,198.2182038580375,201.77422236802423,194.73209918257555,200.52561950683594,139961200,0.029276102311320384,0.027012436138836523,195.64507751464845,203.06927108764648,205.8934164428711,47.7471693852914,141023480.0,0.9924673536633758,0.09200498232831844,NVDA
2026-08-03,197.46904862701152,208.50670133078404,196.62999113475112,206.40904235839844,128406900,0.029340005860757135,0.028648625689315324,197.66881408691407,203.62315139770507,205.56238983154296,45.650704950750026,135834120.0,0.9453213964208698,0.05976577749919554,NVDA
2026-08-04,211.06382570110384,212.82185300096492,208.8163406042335,211.70310974121094,134922000,0.02564842761888375,0.029112891941283685,200.65147705078124,204.3728126525879,205.41626403808593,49.56195411553304,135996220.0,0.9921011039865667,0.05671421904365492,NVDA
2026-08-05,216.6176127852948,221.9716224388697,216.15812022814887,218.9749755859375,158187400,0.03434935770955749,0.0301964915300489,206.48694763183593,205.12696914672853,205.49898498535157,58.94100143098546,138097540.0,1.1454758716194364,-0.007617932561545193,NVDA
2026-08-06,221.28239358061882,223.38005249670454,216.75745800384053,218.7452392578125,113940600,-0.00104914421161717,0.02950663959781924,211.27159729003907,205.93656387329102,205.58648956298828,63.10334589414772,135083620.0,0.8434819854546391,-0.006803998524521515,NVDA
2026-08-07,221.29237770419127,224.50877992471257,220.41337164588714,223.70968627929688,105669400,0.022695108877927694,0.02950222807205634,215.90841064453124,206.58583755493163,205.81838012695312,65.60990920269393,128225260.0,0.8240919144948508,0.0005803818256251425,NVDA
2026-08-10,223.15029107269072,223.88946943306019,216.5277120448001,217.3068389892578,115846600,-0.028621234049048927,0.025288558619566425,218.0879699707031,207.28605422973632,205.88928924560548,57.47377688520227,125713200.0,0.9215150039932163,0.03562404341533054,NVDA
2026-08-11,221.92167541427946,221.9516406634887,215.95834695389817,217.25689697265625,101273100,-0.00022982257177850407,0.02540064970046545,219.1987274169922,207.57073516845702,206.02125732421874,54.255314826883506,118983420.0,0.8511530430038068,0.03521841464212905,NVDA
2026-08-12,220.7929293559802,224.84840415873398,219.95387191061064,223.8395233154297,108783600,0.030298814143524755,0.020224831004012803,220.17163696289063,208.14958724975585,206.0210809326172,61.40455707710665,109102660.0,0.9970755983401322,0.0041055119152622055,NVDA
2026-08-13,224.80845001468583,226.97602279610956,223.45996804263754,225.04818725585938,98867200,0.0053996895745995754,0.020204954596153853,221.4322265625,209.0435874938965,206.07580780029298,63.87970614294118,106087980.0,0.9319359271427357,-0.02467821358245892,NVDA
2026-08-14,226.51654155338588,227.23573802273873,224.24907448357243,224.90834045410156,75680900,-0.0006214082568850587,0.02002137752701643,221.67195739746094,210.1598388671875,206.28876953125,75.43953027067383,100090280.0,0.7561263691139639,-0.03375378139681329,NVDA
2026-08-17,225.72741618855906,227.66525027466162,224.60867289832842,224.7584991455078,93678700,-0.000666232778611997,0.0193237778779728,223.16228942871095,211.24512405395507,206.41562744140626,75.01785959478579,95656700.0,0.9793218875415941,-0.036264985210566425,NVDA
2026-08-18,220.20359791537197,221.39227027986857,218.44557057093272,219.49440002441406,103128200,-0.02342113486745523,0.020726818683861416,223.6097900390625,211.8669288635254,206.70810028076173,77.41102509657621,96027720.0,1.0739419825858616,-0.02284517982020584,NVDA
2026-08-19,221.4222404106533,222.62089613745684,216.51772459764655,217.31683349609375,96797300,-0.009920829543159648,0.01803271242867829,222.3052520751953,212.1416213989258,206.88630096435546,71.91514259941644,93630460.0,1.033822753834596,-0.041735628991166784,NVDA
2026-08-20,218.1159423024499,219.6142657707553,215.41896310784705,216.60763549804688,92457000,-0.0032634287304743603,0.01805223888851639,220.6171417236328,212.54567031860353,207.05930755615233,67.35662742744708,92348420.0,1.0011757645664106,-0.01752367177486991,NVDA
2026-08-21,218.17587248780362,218.49552214328025,214.26025565862156,214.48001098632812,98869300,-0.00982248158901089,0.016173765735252633,218.53147583007814,212.9392303466797,207.34498809814454,59.47911540514182,96986100.0,1.0194172154566479,-0.023565607738442407,NVDA
2026-08-24,215.28910206110334,215.34903256074918,207.01835779182306,208.24697875976562,135187300,-0.029061133472992107,0.016248335995660276,215.2291717529297,213.53706130981445,207.41710754394532,46.02847074179422,105287820.0,1.2839785266709862,0.09353410698409115,NVDA
2026-08-25,210.79412790131315,214.48998931653267,209.87515802586688,212.81187438964844,122309000,0.021920585148795357,0.01822839253397316,213.89266662597657,214.33816528320312,207.57413177490236,42.44798824301508,109123980.0,1.120826054914786,0.021121775335615434,NVDA
2026-08-26,212.40232405945306,213.3612577394914,208.99613188036045,209.4256591796875,179900000,-0.01591177757196449,0.014663017945989603,212.3144317626953,215.3195671081543,207.51839416503907,39.400135646497176,125744520.0,1.4306786490576289,0.053038269075521116,NVDA
2026-08-27,222.61090164325523,230.21239627098788,220.6530857022795,227.7251739501953,298909800,0.08737952570943941,0.033234464122024576,214.537939453125,216.96472625732423,207.9293341064453,53.50416583997902,167035080.0,1.7895031391010798,-0.04623203513060037,NVDA
2026-08-28,227.10587153371227,229.00374173344596,216.56766062888835,217.3068389892578,195116400,-0.04574959711400217,0.0364839106657691,215.10330505371093,217.8037872314453,208.1870458984375,50.0,186284500.0,1.0474108151778596,0.03153301907162209,NVDA
2026-08-31,218.62536478578363,221.05265670783686,215.96834944345454,220.53323364257812,124702700,0.014847184139841207,0.036914447221713484,217.56055603027343,218.5099967956543,208.38862030029296,52.54027422723931,184187580.0,0.6770418504874216,0.03474044525148168,NVDA
2026-09-01,216.50774446342592,220.1636574397174,214.8595947199138,217.1969757080078,109756200,-0.015128141366563597,0.03645253893983692,218.4375762939453,218.78469009399413,208.56422424316406,44.57675826867275,181677020.0,0.6041281390458738,0.05941863625694732,NVDA
2026-09-02,218.5454508199983,227.6952163087265,218.23579974693772,224.1591796875,157104700,0.03205479246106968,0.03764087872604746,221.3842803955078,219.04390029907228,209.05107971191407,49.33651225599498,177117960.0,0.8870060382357611,0.00588203420769462,NVDA
2026-09-03,225.76737972053164,230.14247379152744,224.49879494304554,228.1946563720703,134681600,0.01800272774996836,0.03780247809531794,221.47817687988282,219.51637115478516,209.63942138671874,52.31787666087661,144272320.0,0.9335234922402301,-0.02092361968082168,NVDA
2026-09-04,230.83170360414334,234.49759976142684,229.37334400327853,230.10252380371094,135352400,0.008360701613143284,0.03739985896598439,224.03731384277344,219.83601303100585,210.33104736328124,53.677991491049134,132319520.0,1.0229208812123864,-0.0510317009967971,NVDA
2026-09-08,232.84944771666764,233.44878317831424,224.59868561283858,225.47769165039062,122965600,-0.020099006637865124,0.03651883532167118,225.02620544433594,220.2445556640625,210.99430511474608,54.15452038678516,131972100.0,0.9317545147800179,-0.03187764745881172,NVDA
2026-09-09,225.0281992525124,225.92718720955042,223.21024142511232,223.4199981689453,82955500,-0.009125929338658634,0.03657717007159878,226.27080993652345,220.55271072387694,211.56766357421876,54.244820967564934,126611960.0,0.6551948172984606,-0.05576936512932984,NVDA
2026-09-10,220.52999877929688,220.99000549316406,217.1999969482422,218.36000061035156,105768000,-0.0226479169280428,0.03707321578407335,225.11097412109376,220.27873458862305,211.93753662109376,51.14923745423534,116344620.0,0.9090923155707586,-0.028347693827185383,NVDA
2026-09-11,221.24000549316406,222.0,218.14999389648438,218.2899932861328,89060100,-0.00032060507429509943,0.02310764163895258,223.13004150390626,219.94082489013672,212.35615325927733,52.56797141869234,107220320.0,0.8306270677050768,-0.020110859520225732,NVDA
2026-09-14,211.24000549316406,212.77000427246094,208.92999267578125,210.9600067138672,132267200,-0.03357912317427003,0.020876033093985925,219.3015380859375,219.243408203125,212.6831085205078,51.80196569230666,106603280.0,1.2407423111183822,0.03972311982047638,NVDA
2026-09-15,213.3800048828125,213.94000244140625,211.16000366210938,212.1699981689453,88059700,0.005735643802473378,0.020210215996368228,216.63999938964844,218.61398315429688,213.01987976074219,49.55378641913654,99622100.0,0.8839373994324552,0.04760336612471128,NVDA
2026-09-16,214.13999938964844,216.75999450683594,212.5,213.89999389648438,96563600,0.008153818836165172,0.02008482672414033,214.73599853515626,218.3342628479004,213.36368194580078,53.18373896879994,102343720.0,0.9435224750478095,0.06302015601202737,NVDA
2026-09-17,218.3800048828125,219.91000366210938,217.14999389648438,219.33999633789062,94191300,0.025432457207263504,0.01893756759077373,214.93199768066407,218.43542098999023,213.6726449584961,42.696988777519636,100028380.0,0.9416457609330472,0.04344852256045462,NVDA
2026-09-18,219.35000610351562,222.72999572753906,218.02999877929688,222.27000427246094,190287400,0.013358292985729214,0.018442743638532166,215.72799987792968,218.71853942871093,214.06697814941407,54.971047840753336,120273840.0,1.582117940193811,0.014576821757754432,NVDA
2026-09-21,222.94000244140625,228.5,221.55999755859375,227.3800048828125,109806100,0.022990059441793553,0.01991876420550336,219.01199951171876,219.36353912353516,214.40009399414063,56.608301267021844,115781620.0,0.9483897357801696,-0.012314200860365387,NVDA
2026-09-22,226.85000610351562,229.97999572753906,226.5,228.8699951171875,95746700,0.006552863938686704,0.01883436967790033,222.35199890136718,220.39468994140626,214.9114437866211,61.68282045698127,117319020.0,0.8161225690429394,-0.016603258941929266,NVDA
2026-09-23,228.02999877929688,228.9499969482422,224.02000427246094,225.50999450683594,89547300,-0.014680826154739757,0.019264665220200258,224.6739990234375,221.02959594726562,215.19037811279296,51.45700576403311,115915760.0,0.7725204924679785,0.014855244490789454,NVDA
2026-09-24,222.0800018310547,224.94000244140625,221.08999633789062,224.5800018310547,77469900,-0.004123953254555501,0.017540993593089988,225.7220001220703,221.78731307983398,215.436728515625,45.82124400590449,112571480.0,0.6881840764641275,0.0117107706000954,NVDA
2024-12-09,227.2100067138672,230.0800018310547,225.6699981689453,226.08999633789062,46819400,-0.004140432746599476,0.013420968982852536,221.0540008544922,209.37750091552735,197.79220031738282,76.80808578195666,42619640.0,1.098540485090911,0.012738311864574303,AMZN
2024-12-10,226.08999633789062,229.05999755859375,224.1999969482422,225.0399932861328,31199900,-0.004644181824783544,0.014253286468839724,223.3739990234375,210.28750076293946,198.56640014648437,73.41277835133751,42416660.0,0.7355576794589673,0.010753703785697288,AMZN
2024-12-11,226.41000366210938,231.1999969482422,226.25999450683594,230.25999450683594,35385800,0.02319588240507109,0.013081610823729667,225.79399719238282,211.3550003051758,199.46899993896486,79.05346306755348,39744680.0,0.8903279633903204,0.011595579921140242,AMZN
2024-12-12,229.8300018310547,231.08999633789062,227.6300048828125,228.97000122070312,28204100,-0.0056023335225716675,0.012338424460406915,227.47799682617188,212.09850006103517,200.3532000732422,84.83260508616993,37157460.0,0.7590427332761712,0.009520865895790376,AMZN
2024-12-13,228.39999389648438,230.1999969482422,225.86000061035156,227.4600067138672,28768100,-0.006594726378065796,0.0135167274526229,227.56399841308593,212.89750061035156,201.2632000732422,84.35237722390171,34075460.0,0.844246856828932,-0.030510868884904285,AMZN
2024-12-16,230.22999572753906,233.0,228.00999450683594,232.92999267578125,37552100,0.024048121869595374,0.014284604914532447,228.93199768066407,214.41350021362305,202.19160003662108,84.74615321652436,32222000.0,1.165418037365775,-0.041385822748324586,AMZN
2024-12-17,232.38999938964844,232.72999572753906,227.85000610351562,231.14999389648438,35948100,-0.00764177579215608,0.015287576200688721,230.15399780273438,215.88600006103516,203.19859985351562,78.63291346305003,33171640.0,1.0836998110434093,-0.02695217777219161,AMZN
2024-12-18,230.77000427246094,231.39999389648438,220.11000061035156,220.52000427246094,43281400,-0.045987410359975445,0.022034398263240572,228.20599975585938,216.68150024414064,203.95459991455078,65.0264438306726,34750760.0,1.2454806743794955,0.020587670951264236,AMZN
2024-12-19,224.91000366210938,226.08999633789062,222.9199981689453,223.2899932861328,39918700,0.012561168873593154,0.02211830354305889,227.06999816894532,217.70199966430664,204.71699981689454,65.46185452662476,37093680.0,1.076159065371783,0.025796094490647015,AMZN
2024-12-20,219.83999633789062,226.2100067138672,218.72999572753906,224.9199981689453,88279200,0.00729994595290151,0.020023948158628065,226.56199645996094,219.02899932861328,205.48239990234376,64.61633887915443,48995900.0,1.8017670866337796,0.009470055575994563,AMZN
2024-12-23,225.00999450683594,226.8800048828125,223.89999389648438,225.05999755859375,28070000,0.0006224408269079884,0.019990975828304995,224.98799743652344,220.4259994506836,206.20719970703124,62.62495175671858,47099480.0,0.5959726094640535,-0.0058206592588836426,AMZN
2024-12-24,226.94000244140625,229.13999938964844,226.1300048828125,229.0500030517578,15007500,0.017728630305015702,0.020687373498472557,224.56799926757813,221.80599975585938,207.03739990234374,62.02253073743912,42911360.0,0.3497325649897836,-0.03383540666554263,AMZN
2024-12-26,228.5,228.5,226.6699981689453,227.0500030517578,16146700,-0.00873171784917226,0.01947451603391348,225.8739990234375,222.7654998779297,207.8245999145508,57.238313253339605,37484420.0,0.43075763210421825,-0.033737077996705445,AMZN
2024-12-27,225.60000610351562,226.02999877929688,220.89999389648438,223.75,27367100,-0.014534256804240364,0.01989757992900298,225.96600036621095,223.66599960327147,208.5617999267578,46.06903034204289,34974100.0,0.7824961900377708,-0.015776530857192772,AMZN
2024-12-30,220.05999755859375,223.0,218.42999267578125,221.3000030517578,28321200,-0.010949707031249978,0.02005337706174719,225.24200134277345,224.33649978637695,209.23720001220704,44.459869140689115,22982500.0,1.2322941368432503,0.013059192723881452,AMZN
2024-12-31,222.97000122070312,223.22999572753906,218.94000244140625,219.38999938964844,24819700,-0.008630834323407832,0.017768304361522883,224.10800170898438,224.770499420166,209.8451998901367,43.59265334939159,22332440.0,1.1113743057184975,0.03746752925644503,AMZN
2025-01-02,222.02999877929688,225.14999389648438,218.19000244140625,220.22000122070312,33956600,0.003783225458606987,0.018004347932603946,222.34200134277344,225.10949935913087,210.4681997680664,37.355161491549815,26122260.0,1.2999104977900076,0.008582323945018455,AMZN
2025-01-03,222.50999450683594,225.36000061035156,221.6199951171875,224.19000244140625,27515600,0.018027432561515733,0.012098839877692323,221.77000122070314,225.4109992980957,211.15799987792968,44.360545457033055,28396040.0,0.9689942682148638,-0.009188623650299266,AMZN
2025-01-06,226.77999877929688,228.83999633789062,224.83999633789062,227.61000061035156,31849800,0.015254909370185477,0.012393489760812728,222.54200134277343,225.76399917602538,212.01599975585938,50.169331644725325,29292580.0,1.0872992409681905,-0.0380914641083262,AMZN
2025-01-07,227.89999389648438,228.3800048828125,221.4600067138672,222.11000061035156,28084200,-0.02416414035082548,0.014678190931409945,222.7040008544922,225.51799926757812,212.73059967041016,37.793328065745,29245180.0,0.9603018343535584,-0.016433271291046325,AMZN
2025-01-08,223.19000244140625,223.52000427246094,220.1999969482422,222.1300048828125,25033300,9.006470850470016e-05,0.014671974275102332,223.252001953125,225.31999969482422,213.4165997314453,39.40320778771926,29287900.0,0.8547318175765418,-0.019673210642038308,AMZN
2025-01-10,221.4600067138672,221.7100067138672,216.5,218.94000244140625,36811500,-0.014360970473526025,0.013534048119957972,222.99600219726562,225.0150001525879,214.02759979248046,47.75056753380763,29858880.0,1.23284932321641,0.020142521297767946,AMZN
2025-01-13,218.05999755859375,219.39999389648438,216.47000122070312,218.4600067138672,27262700,-0.0021923619356289947,0.01346043663081538,221.85000305175782,224.42500076293945,214.58019989013673,42.64394752057589,29808300.0,0.914600966844805,0.010070479175273928,AMZN
2025-01-14,220.44000244140625,221.82000732421875,216.1999969482422,217.75999450683594,24711700,-0.003204303696411115,0.01291945671558482,219.8800018310547,223.8645004272461,215.08079986572267,38.77743231608151,28380680.0,0.8707226183445922,0.03756432834734258,AMZN
2025-01-15,222.8300018310547,223.57000732421875,220.75,223.35000610351562,31291300,0.025670516796895804,0.015275800874594521,220.1280029296875,223.65900039672852,215.81980010986328,47.71085705694812,29022100.0,1.0781886906874416,0.03295276655125967,AMZN
2025-01-16,224.4199981689453,224.64999389648438,220.30999755859375,220.66000366210938,24757300,-0.012043887924316987,0.015551215387378024,219.83400268554686,223.0455009460449,216.27440032958984,38.36339587103054,28966900.0,0.854675508942966,0.06503213362898475,AMZN
2025-01-17,225.83999633789062,226.50999450683594,223.0800018310547,225.94000244140625,42370100,0.023928209424767255,0.01721299962113853,221.23400268554687,222.785001373291,216.87760040283203,48.58886384771796,30078620.0,1.4086450774669848,0.04195802259494763,AMZN
2025-01-21,228.89999389648438,231.77999877929688,226.94000244140625,230.7100067138672,39951500,0.021111818274402117,0.017542634889998118,223.6840026855469,223.29450149536132,217.50180053710938,58.529412974672304,32616380.0,1.224890683760736,0.017944602614410998,AMZN
2025-01-22,232.02000427246094,235.44000244140625,231.19000244140625,235.00999450683594,41448200,0.018638063663626525,0.017835224852996177,227.13400268554688,223.8805015563965,218.0602005004883,66.0726654244982,35963680.0,1.1525016349828494,0.0017446222360446573,AMZN
2025-01-23,234.10000610351562,235.52000427246094,231.50999450683594,235.4199981689453,26404400,0.0017446222360446573,0.01506069200856654,229.54800109863282,224.40550155639647,218.56760040283203,69.47750822453804,34986300.0,0.7547068423925937,0.011596277923593856,AMZN
2025-01-24,234.5,236.39999389648438,232.92999267578125,234.85000610351562,25890700,-0.002421170970448472,0.015189424848979895,232.38600158691406,224.89500198364257,219.1010006713867,67.8894590875031,35212980.0,0.7352601228297065,0.009452847191856684,AMZN
2025-01-27,226.2100067138672,235.61000061035156,225.86000061035156,235.4199981689453,49428300,0.0024270472668348475,0.013568706911656007,234.28200073242186,225.21350173950196,219.67260070800782,64.97731939461404,36624620.0,1.3495921595910074,-0.0033132222638839748,AMZN
2025-01-28,234.2899932861328,241.77000427246094,233.97999572753906,238.14999389648438,41587200,0.011596277923593856,0.01318463990512105,235.7699981689453,225.76850128173828,220.2574005126953,64.32064186422582,36951760.0,1.1254457162527576,-0.0019735512607547134,AMZN
2025-01-29,239.02000427246094,240.38999938964844,236.14999389648438,237.07000732421875,26091700,-0.004534900692607424,0.01332459994225688,236.18200073242187,226.43450164794922,220.71680053710938,73.10069720153342,33880460.0,0.7701105593017332,0.0014763185300277204,AMZN
2025-01-30,237.13999938964844,237.9499969482422,232.22000122070312,234.63999938964844,32020700,-0.010250170242948609,0.01305390155811608,236.0260009765625,227.10150146484375,221.18000061035156,67.97929997276313,35003720.0,0.9147799148204819,0.03162290397309242,AMZN
2025-01-31,236.5,240.2899932861328,236.41000366210938,237.67999267578125,36110200,0.012955989149507907,0.011751897413809737,236.5919982910156,228.0160011291504,221.88140045166017,77.04965187567782,37047620.0,0.9746968901106198,-0.006353056855297523,AMZN
2025-02-03,234.05999755859375,239.25,232.89999389648438,237.4199981689453,37285900,-0.0010938846972727845,0.010463172986937035,236.99199829101562,228.8760009765625,222.59580047607423,77.54212793273007,34619140.0,1.0770313762849106,0.005938858027898952,AMZN
2025-02-04,239.00999450683594,242.52000427246094,238.02999877929688,242.05999755859375,29713800,0.019543422733693472,0.010203653236633286,237.7739990234375,229.76950073242188,223.34480041503906,81.67364702447415,32244460.0,0.9215164403435505,-0.05333389982780756,AMZN
2025-02-05,237.02000427246094,238.32000732421875,235.1999969482422,236.1699981689453,38727300,-0.024332807771026643,0.012537994613440667,237.5939971923828,230.19750061035157,224.0106002807617,66.58045270421479,34771580.0,1.1137630214100136,-0.012829736218778143,AMZN
2025-02-06,238.00999450683594,239.66000366210938,236.00999450683594,238.8300018310547,60897100,0.011263088803542765,0.01299076126986429,238.43199768066407,231.03350067138672,224.81960021972657,73.51801372462971,40546860.0,1.5018943513751744,-0.025415598030739006,AMZN
2025-02-07,232.5,234.80999755859375,228.05999755859375,229.14999389648438,77539300,-0.04053095448794508,0.01863686380138935,236.7259979248047,231.3845001220703,225.4602001953125,53.7299486668851,48832680.0,1.587856738561144,-0.0009600751759238912,AMZN
2025-02-10,230.5500030517578,233.9199981689453,229.1999969482422,233.13999938964844,35419900,0.017412199866636335,0.019634537040326017,235.8699981689453,232.09449996948243,226.09400024414063,52.875733054425346,48459480.0,0.730917872003579,-0.011881291411652617,AMZN
2025-02-11,231.9199981689453,233.44000244140625,230.1300048828125,232.75999450683594,23713700,-0.0016299428832775575,0.019146331143725243,234.00999755859374,232.80949935913085,226.59200012207032,47.06496114242311,47259460.0,0.5017767871236786,-0.017528793294995793,AMZN
2025-02-12,230.4600067138672,231.17999267578125,228.16000366210938,228.92999267578125,32285200,-0.01645472556041927,0.019677079780507534,232.56199645996094,233.3679992675781,227.05579986572266,42.22753549085989,45971040.0,0.7022943139855005,-0.009959371214963042,AMZN
2025-02-13,228.85000610351562,230.4199981689453,227.52000427246094,230.3699951171875,31346500,0.006290143220533118,0.019724166345695026,230.8699951171875,233.71899871826173,227.50539978027345,44.74423803427249,40060920.0,0.7824707969762053,-0.016234710742049963,AMZN
2025-02-14,229.1999969482422,229.88999938964844,227.22999572753906,228.67999267578125,27031100,-0.007336035409240549,0.019087196653011354,230.77599487304687,234.1199981689453,227.86479949951172,42.295376489816135,29959280.0,0.9022613360534699,-0.025362900029439306,AMZN
2025-02-18,228.82000732421875,229.3000030517578,223.72000122070312,226.64999389648438,42975100,-0.008877028355405714,0.01912835267265778,229.47799377441407,234.1554977416992,228.12899932861328,36.64033722484374,31470320.0,1.3655755645319145,-0.044429703669124576,AMZN
2025-02-19,225.52000427246094,226.8300018310547,223.7100067138672,226.6300048828125,28566700,-8.819331220011328e-05,0.01731167415556138,228.2519958496094,233.95149765014648,228.29839935302735,37.56550773080275,32440920.0,0.880576136558396,-0.061421691166371195,AMZN
2025-02-20,224.77999877929688,225.1300048828125,221.80999755859375,222.8800048828125,30001700,-0.016546793977871843,0.016576418441292,227.04199829101563,233.34499816894532,228.34499938964845,36.42033062586756,31984220.0,0.9380156839841647,-0.045226137877889205,AMZN
2025-02-21,223.27999877929688,223.30999755859375,214.74000549316406,216.5800018310547,55323900,-0.028266344731418536,0.01680674995825667,224.28399963378905,232.4029983520508,228.13599945068358,27.341081361505715,36779700.0,1.5041966084552076,-0.010296406448821571,AMZN
2025-02-24,217.4499969482422,217.72000122070312,212.4199981689453,212.7100067138672,42387600,-0.017868663239768212,0.013344228622850651,221.09000244140626,231.29599838256837,227.86839965820312,25.373744427365196,39851000.0,1.0636521040877267,-0.01866391375767984,AMZN
2025-02-25,211.6300048828125,213.33999633789062,204.16000366210938,212.8000030517578,58958000,0.000423094048469963,0.010653454394626682,218.32000427246095,230.16499862670898,227.62359985351563,17.93074544954048,43047580.0,1.3696007998591326,-0.0024436290648663928,AMZN
2025-02-26,214.94000244140625,218.16000366210938,213.08999633789062,214.35000610351562,39120600,0.007283848822975836,0.01166665336920698,215.86400451660157,228.97499923706056,227.3054000854492,23.57075503257093,45158360.0,0.866298067511752,-0.04352694922037448,AMZN
2025-02-27,218.35000610351562,219.97000122070312,208.3699951171875,208.74000549316406,40548600,-0.02617215045770671,0.012786707789921059,213.03600463867187,227.55849914550782,226.90080017089844,15.98463840853249,47267740.0,0.8578493492601931,-0.023665815423043246,AMZN
2025-02-28,208.64999389648438,212.6199951171875,206.99000549316406,212.27999877929688,51771700,0.016958863624485065,0.014539838625650415,212.1760040283203,226.44049911499025,226.59720001220703,27.85508435399113,46557300.0,1.1119996219712054,-0.018466168228222224,AMZN
2025-03-03,213.35000610351562,214.00999450683594,202.5500030517578,205.02000427246094,42948400,-0.034200087377916355,0.01671283171929003,210.63800354003905,224.80749969482423,226.03900024414062,16.005796571050794,46669460.0,0.9202677725433291,-0.02107115029847373,AMZN
2025-03-04,200.11000061035156,206.8000030517578,197.42999267578125,203.8000030517578,60853100,-0.005950644792114046,0.01677449235147891,208.83800354003907,223.12649993896486,225.4920004272461,15.687199027486798,47048480.0,1.2934126671042294,-0.022325824257236504,AMZN
2025-03-05,204.8000030517578,209.97999572753906,203.25999450683594,208.36000061035156,38610100,0.022374865016246748,0.019583923479025416,207.64000244140624,221.44150009155274,225.24880035400392,26.04239123441998,46946380.0,0.822429759227442,-0.06632754503616645,AMZN
2025-03-06,204.39999389648438,205.77000427246094,198.3000030517578,200.6999969482422,49863800,-0.03676331176651382,0.02149221845176877,206.03200073242186,219.6680000305176,224.7970004272461,19.816875824448417,48809420.0,1.0216019776510354,-0.02047832921199033,AMZN
2025-03-07,199.49000549316406,202.27000427246094,192.52999877929688,199.25,59802800,-0.007224698407026442,0.02053772501382261,203.4260009765625,217.68899993896486,224.28360046386717,19.914118958096495,50415640.0,1.1861953949211,-0.001806778471024173,AMZN
2025-03-10,195.60000610351562,196.72999572753906,190.85000610351562,194.5399932861328,62350900,-0.02363867861413893,0.02091973419566808,201.3299987792969,215.95849990844727,223.67320037841796,18.879615829749824,54296140.0,1.148348667142821,-0.003341183915475665,AMZN
2025-03-11,193.89999389648438,200.17999267578125,193.39999389648438,196.58999633789062,54002900,0.010537694677220655,0.02164142313565011,199.88799743652345,214.13099975585936,223.02400024414064,21.988053636270507,52926100.0,1.0203453494589625,0.006917954299231255,AMZN
2025-03-12,200.72000122070312,201.52000427246094,195.2899932861328,198.88999938964844,43679300,0.011699491808345508,0.022022346893825758,197.9939971923828,212.4375,222.46080017089844,27.007852851100594,53939940.0,0.809776577430379,-0.015837869707632568,AMZN
2025-03-13,198.1699981689453,198.8800048828125,191.82000732421875,193.88999938964844,41270800,-0.025139524437347016,0.021925909277670852,196.63199768066406,210.68550033569335,221.8636001586914,27.698049322458104,52221340.0,0.7903052660081109,-0.005518552110980179,AMZN
2025-03-14,197.41000366210938,198.64999389648438,195.32000732421875,197.9499969482422,38096700,0.02093969555611075,0.022442013878322883,196.3719970703125,209.0645004272461,221.3966000366211,35.54640572721611,47880120.0,0.795668431908692,-0.012174810301914363,AMZN
2025-03-17,198.77000427246094,199.0,194.32000732421875,195.74000549316406,47341800,-0.01116439246854839,0.020399047014922324,196.61199951171875,207.41750106811523,220.9236001586914,33.96013547557044,44878300.0,1.0548928992408357,-0.004036009618633929,AMZN
2025-03-18,192.52000427246094,194.0,189.3800048828125,192.82000732421875,40414900,-0.014917738259935254,0.020668485341357762,195.85800170898438,205.72600173950195,220.37560028076172,30.265807885229265,42160700.0,0.958591769111993,0.017581159946479463,AMZN
2025-03-19,193.3800048828125,195.97000122070312,191.9600067138672,195.5399932861328,39442900,0.014106347155876442,0.019573387292482897,195.18800048828126,204.17150115966797,219.80260009765624,37.22413949954927,41313420.0,0.9547236709040307,0.039480420812976424,AMZN
2025-03-20,193.07000732421875,199.32000732421875,192.3000030517578,194.9499969482422,38921100,-0.003017266841301769,0.01635460006280982,195.4,202.77500076293944,219.14940002441406,32.21103438726894,40843480.0,0.9529330017912284,0.05519369035169408,AMZN
2025-03-21,192.89999389648438,196.99000549316406,192.52000427246094,196.2100067138672,60056900,0.006463245885351521,0.016513479218030175,195.052001953125,201.7565010070801,218.63140014648437,39.68625694076759,45235520.0,1.3276491571225444,0.02507516436773849,AMZN
2025-03-24,200.0,203.63999938964844,199.9499969482422,203.25999450683594,41625400,0.03593082692897376,0.018257407608629202,196.55599975585938,201.28400039672852,218.25399993896485,49.44374867184975,44092240.0,0.9440527403461471,-0.009347603797266069,AMZN
2025-03-25,203.60000610351562,206.2100067138672,203.22000122070312,205.7100067138672,31171200,0.012053587883713357,0.018318893178339634,199.13399963378907,200.92950057983398,217.98940002441407,47.14624777674511,42243500.0,0.7378934037189153,-0.06314717354140453,AMZN
2025-03-26,205.83999633789062,206.00999450683594,199.92999267578125,201.1300048828125,32855300,-0.022264360904062586,0.01995176282440976,200.252001953125,200.26850051879882,217.64279998779296,50.49597234761887,40925980.0,0.8027981248097175,-0.05404469801663814,AMZN
2025-03-27,200.88999938964844,203.7899932861328,199.27999877929688,201.36000061035156,27317700,0.0011435177345771042,0.017684274613795996,201.53400268554688,199.8995002746582,217.31480010986328,52.50415515073898,38605300.0,0.7076152756227772,-0.045639662363677,AMZN
2025-03-28,198.4199981689453,199.25999450683594,191.8800048828125,192.72000122070312,52548200,-0.04290822091507418,0.02188631434053842,200.83600158691405,198.9215003967285,216.70220001220704,48.024323963496826,37103560.0,1.4162576313431918,0.017071363975164733,AMZN
2025-03-31,188.19000244140625,191.3300018310547,184.39999389648438,190.25999450683594,63547600,-0.012764667384211892,0.021962768011585074,198.23600158691406,198.18349990844726,216.09419982910157,43.18915026546098,41488000.0,1.5317103740840725,-0.062283145100694326,AMZN
2025-04-01,187.86000061035156,193.92999267578125,187.1999969482422,192.1699981689453,41267300,0.010038913682617334,0.021827283520465167,195.5279998779297,197.60199966430665,215.41879974365236,42.708329883989464,43507220.0,0.948516131345556,-0.11016286814101861,AMZN
2025-04-02,187.66000366210938,198.33999633789062,187.66000366210938,196.00999450683594,53679200,0.01998228846583383,0.022326253544732905,194.50399780273438,196.98449935913087,214.72479949951173,52.35974613061148,47672000.0,1.1260110756838395,-0.10586194878586319,AMZN
2025-04-03,183.0,184.1300048828125,176.9199981689453,178.41000366210938,95553600,-0.08979129298487254,0.03631251688588878,189.91399841308595,195.86999969482423,213.5927996826172,33.28771703522078,61319180.0,1.5582987248035607,-0.043439268207615345,AMZN
2025-04-04,167.14999389648438,178.13999938964844,166.0,171.0,123159400,-0.041533565999713695,0.03731550364896042,185.56999816894532,194.4574996948242,212.3043997192383,30.568638077325105,75441420.0,1.6325169913291664,0.11754389534219656,AMZN
2025-04-07,162.0,183.41000366210938,161.3800048828125,175.25999450683594,109327100,0.024912248577988017,0.03584340046666483,182.56999816894532,193.49349975585938,211.1125994873047,36.49229466184051,84597320.0,1.2923234447616072,0.03400665811178438,AMZN
2025-04-08,185.22999572753906,185.89999389648438,168.57000732421875,170.66000366210938,87710400,-0.026246667744515673,0.03476680559138833,178.26799926757812,192.1970001220703,209.81739959716796,31.39952640252318,93885940.0,0.9342229518072674,0.0832649194313424,AMZN
2025-04-09,172.1199951171875,192.64999389648438,169.92999267578125,191.10000610351562,116804300,0.11977031526306248,0.05558529621849345,177.28600158691407,191.80750045776367,208.8763998413086,47.78047328814517,106510960.0,1.0966411343959344,-0.04699116012306037,AMZN
2025-04-10,185.44000244140625,186.8699951171875,175.85000610351562,181.22000122070312,68302000,-0.05170070417193329,0.05754677898157735,177.8480010986328,191.17400054931642,207.75939971923827,42.139482468553844,101060640.0,0.6758516470903014,-0.008994619091892364,AMZN
2025-04-11,179.92999267578125,185.86000061035156,178.0,184.8699951171875,50594300,0.020141230945248445,0.05687183440304867,180.62200012207032,190.52000045776367,206.76399963378907,39.99999999999999,86547620.0,0.5845833773360839,-0.05701300137673293,AMZN
2025-04-14,186.83999633789062,187.44000244140625,179.22999572753906,182.1199951171875,48002500,-0.014875318183769082,0.056917156451385814,181.99400024414064,189.83899993896483,205.6527996826172,37.21408374057904,74282700.0,0.6462137213644631,-0.052218288830485626,AMZN
2025-04-15,181.41000366210938,182.35000610351562,177.92999267578125,179.58999633789062,43642000,-0.013891933050343641,0.05681427322927732,183.77999877929688,189.17749938964843,204.4961996459961,38.05985980181163,65469020.0,0.6666053654079441,-0.06832222987847514,AMZN
2025-04-16,176.2899932861328,179.10000610351562,171.41000366210938,174.3300018310547,51875300,-0.029288905919567454,0.056511516281908564,180.42599792480468,188.11699981689452,203.14159973144533,35.808041413929075,52483220.0,0.9884168692393492,-0.006596736896658406,AMZN
2025-04-17,176.0,176.2100067138672,172.0,172.61000061035156,44726500,-0.009866352335440198,0.04918961832395636,178.70399780273436,187.0,201.87039978027343,38.61397087473086,47768120.0,0.9363253148752767,0.04628935441116555,AMZN
2025-04-21,169.60000610351562,169.60000610351562,165.2899932861328,167.32000732421875,48126100,-0.030647084568839134,0.04833687882584694,175.19400024414062,185.55550003051758,200.4401998901367,37.41496871980659,47274480.0,1.0180143705441076,0.11486962180602345,AMZN
2025-04-22,169.85000610351562,176.77999877929688,169.35000610351562,173.17999267578125,56607200,0.03502262189247651,0.04904359863876899,173.40599975585937,184.05149993896484,199.32079986572265,40.01471481422346,48995420.0,1.1553569701004707,0.09129237490488595,AMZN
2025-04-23,183.4499969482422,187.3800048828125,180.19000244140625,180.60000610351562,63470100,0.042845673527805994,0.04982060256476573,173.60800170898438,182.79599990844727,198.27,42.19114550753236,52961040.0,1.1984300157247667,0.03931334775623996,AMZN
2025-04-24,180.9199981689453,186.74000549316406,180.17999267578125,186.5399932861328,43763200,0.03289029336584037,0.032478894411924863,176.05,182.06649932861328,197.34559997558594,54.671872766794365,51338620.0,0.8524420796663409,0.004556696333808619,AMZN
2025-04-25,187.6199951171875,189.94000244140625,185.49000549316406,188.99000549316406,36414300,0.013133978209558528,0.02753637588511889,179.3260009765625,181.4479995727539,196.5468002319336,60.96283456138266,49676180.0,0.7330334176259125,-0.0241812116587512,AMZN
2025-04-28,190.11000061035156,190.22000122070312,184.88999938964844,187.6999969482422,33224700,-0.006825802991833552,0.027157309694001205,183.4019989013672,181.19699935913087,195.69340026855468,57.86545558530047,46695900.0,0.7115121456059311,0.013319126481868615,AMZN
2025-04-29,183.99000549316406,188.02000427246094,183.67999267578125,187.38999938964844,41667300,-0.0016515586767922308,0.026567985279703516,186.24400024414064,181.0534996032715,194.86760040283204,61.18464850206174,43707920.0,0.9533123516287209,0.013821422414891593,AMZN
2025-04-30,182.1699981689453,185.0500030517578,178.85000610351562,184.4199981689453,55176500,-0.015849304820837684,0.026714478046714802,187.00799865722655,180.66599960327147,194.02300048828124,44.173055775247484,42049200.0,1.3121890547263682,0.010465285509884126,AMZN
2025-05-01,190.6300048828125,191.80999755859375,187.5,190.1999969482422,74266000,0.031341496782804956,0.025427237311338866,187.73999938964843,180.3754997253418,193.29440032958985,58.43667615204318,48149760.0,1.5423960576335167,-0.02728707951987286,AMZN
2025-05-02,191.44000244140625,192.8800048828125,186.39999389648438,189.97999572753906,77903500,-0.0011566836184702112,0.024850321843346953,187.93799743652343,180.9539993286133,192.63640014648436,55.13155382546995,56447600.0,1.380102962747752,-0.0066848565229638,AMZN
2025-05-05,186.50999450683594,188.17999267578125,185.52999877929688,186.35000610351562,35217500,-0.01910722026349243,0.02295319682859633,187.66799926757812,181.72149963378905,192.0318002319336,54.17407974444004,56846160.0,0.6195229369934574,0.030748567426158946,AMZN
2025-05-06,184.57000732421875,187.92999267578125,183.85000610351562,185.00999450683594,29314100,-0.007190832051464091,0.02191574384997374,187.19199829101564,182.20899963378906,191.47779998779296,55.47695901065802,54375520.0,0.5391047294812077,0.043511179345829154,AMZN
2025-05-07,185.55999755859375,190.99000549316406,185.00999450683594,188.7100067138672,43948600,0.019998985551532122,0.018700531710602028,188.05,183.11149978637695,190.99600006103515,65.00417451311677,52129940.0,0.843058710598938,0.10561174270954399,AMZN
2025-05-08,191.42999267578125,194.3300018310547,188.82000732421875,192.0800018310547,41043600,0.01785806262143419,0.01666324989859931,188.4260009765625,183.1604995727539,190.55059997558592,69.63889282218295,45485460.0,0.9023454967807295,0.10042686954521929,AMZN
2025-05-09,193.3800048828125,194.69000244140625,191.16000366210938,193.05999755859375,29663100,0.0051020185245573835,0.016313355538920743,189.04200134277343,183.75249938964845,190.23699981689452,78.43568789276371,35837380.0,0.8277139679295752,0.08903969055624317,AMZN
2025-05-12,210.7100067138672,211.66000366210938,205.75,208.63999938964844,75205000,0.08070031092964336,0.02925138880855915,193.5,184.94099960327148,190.16419982910156,82.24808092649502,43834880.0,1.715642885300473,-0.01663152430432424,AMZN
2025-05-13,211.0800018310547,214.83999633789062,210.10000610351562,211.3699951171875,56193700,0.01308471882441209,0.028912182392548946,198.77200012207032,186.40349960327148,190.2911996459961,80.59254701277928,49210800.0,1.1418977135100425,-0.027345408112879666,AMZN
2025-05-14,211.4499969482422,211.92999267578125,208.85000610351562,210.25,38492100,-0.005298742220089303,0.027939757154794548,203.0799987792969,187.93649978637694,190.42019958496093,76.07213340747396,48119500.0,0.7999272644146344,-0.019453014686756864,AMZN
2025-05-15,206.4499969482422,206.8800048828125,202.6699981689453,205.1699981689453,64347300,-0.024161720956264898,0.029479526718549885,205.697998046875,189.47849960327147,190.3563995361328,66.81911707137877,52780240.0,1.2191551232051996,-0.005361363038180578,AMZN
2025-05-16,206.85000610351562,206.85000610351562,204.3699951171875,205.58999633789062,43318500,0.002047074000553817,0.029386425742006603,208.20399780273436,191.12749938964845,190.45419952392578,68.93923460511459,55511320.0,0.7803543493471241,-0.02174230896602869,AMZN
2025-05-19,201.64999389648438,206.6199951171875,201.25999450683594,206.16000366210938,34314800,0.0027725440652370814,0.02789551915885,207.70799865722657,193.06949920654296,190.59239959716797,69.76205738190826,47333280.0,0.7249613802381749,-0.014842828406275155,AMZN
2025-05-20,204.6300048828125,205.58999633789062,202.64999389648438,204.07000732421875,29470400,-0.010137739138364021,0.028117749624994328,206.2480010986328,194.61399993896484,190.78299987792968,71.0791771057276,41988620.0,0.7018663628383119,-0.015092868724022268,AMZN
2025-05-21,201.61000061035156,203.4600067138672,200.05999755859375,201.1199951171875,42460900,-0.014455883280997672,0.028883697064757997,204.4220001220703,195.63999938964844,190.87359985351563,62.47144205966401,42782380.0,0.9924856915393674,0.02436361015431765,AMZN
2025-05-22,201.3800048828125,205.75999450683594,200.16000366210938,203.10000610351562,38938900,0.00984492359983613,0.028651540815089103,204.00800170898438,196.46800003051757,190.95779998779298,64.40492261546365,37700700.0,1.0328428915112982,0.007976342040885154,AMZN
2025-05-23,198.89999389648438,202.3699951171875,197.85000610351562,200.99000549316406,33393500,-0.010388973643241206,0.029117454274755917,203.08800354003907,197.06800003051757,191.09980010986328,66.62879125320592,35715700.0,0.9349809747533998,0.02343395853699959,AMZN
2025-05-27,203.08999633789062,206.69000244140625,202.19000244140625,206.02000427246094,34892000,0.025026113945093353,0.01462207353663664,203.06000366210938,197.9840003967285,191.26120025634765,72.01844486433724,35831140.0,0.973789837554708,-0.004902483956311654,AMZN
2025-05-28,205.9199981689453,207.66000366210938,204.41000366210938,204.72000122070312,28549800,-0.006310081665849121,0.013783961138933485,203.19000244140625,198.85050048828126,191.44080017089843,67.66717057812642,35647020.0,0.8009028524684532,0.009427474913409117,AMZN
2025-05-29,208.02999877929688,208.80999755859375,204.22999572753906,205.6999969482422,34650000,0.004787005283780621,0.013973397181077202,204.1060028076172,199.91450042724608,191.6983999633789,65.86671814551022,34084840.0,1.016580978523003,4.8661962924079205e-05,AMZN
2025-05-30,204.83999633789062,205.99000549316406,201.6999969482422,205.00999450683594,51679400,-0.0033544115296213484,0.01168458271207445,204.48800048828124,200.65500030517578,191.88779998779296,64.01594100653554,36632940.0,1.4107358022588414,0.010828746305971526,AMZN
2025-06-02,204.97999572753906,207.0,202.67999267578125,206.64999389648438,29113300,0.007999607012299847,0.011950020453005004,205.6199981689453,201.48850021362304,192.1217999267578,46.531885211854515,35776900.0,0.8137457409669367,0.006097313345463595,AMZN
2025-06-03,207.11000061035156,208.9499969482422,205.02999877929688,205.7100067138672,33139100,-0.004548692041520419,0.012024689153934894,205.55799865722656,202.4565002441406,192.3117999267578,39.479579039082346,35426320.0,0.9354372681102637,0.038209131076858416,AMZN
2025-06-04,206.5500030517578,208.17999267578125,205.17999267578125,207.22999572753906,29915600,0.007388989179248462,0.011680157967818298,206.05999755859375,203.56750030517577,192.39119995117187,44.46885726214876,35699480.0,0.8379841947277663,0.04704917338713388,AMZN
2025-06-05,209.5500030517578,212.80999755859375,207.55999755859375,207.91000366210938,51864200,0.0032814165352026414,0.010227684959731215,206.5019989013672,204.5275001525879,192.43519989013672,55.98254235311756,39142320.0,1.3250159929201948,0.04665478705876214,AMZN
2025-06-06,212.39999389648438,213.8699951171875,210.5,213.57000732421875,39832500,0.027223334916139486,0.012641272268577598,208.21400146484376,205.60200042724608,192.68399993896483,64.1791166174308,36772940.0,1.0832013975493937,-0.0017325015839646518,AMZN
2025-06-09,214.75,217.85000610351562,212.8800048828125,216.97999572753906,38102500,0.015966607137600786,0.011768032233828244,210.28000183105468,206.79800033569336,192.9963998413086,67.46286887930631,38570780.0,0.9878592032621586,-0.017236567001647884,AMZN
2025-06-10,216.77999877929688,217.69000244140625,214.14999389648438,217.61000061035156,31303300,0.0029035159702168745,0.010123049229283464,212.66000061035157,207.24650039672852,193.49419982910158,72.93358964511432,38203620.0,0.8193804670866268,-0.025320502235106512,AMZN
2025-06-11,217.41000366210938,218.39999389648438,212.88999938964844,213.1999969482422,39326000,-0.020265629565462184,0.012596915200403182,213.8540008544922,207.33800048828124,193.9529998779297,69.49645496612578,40085700.0,0.9810481044362453,0.013602294544016624,AMZN
2025-06-12,211.77999877929688,213.5800018310547,211.3300018310547,213.24000549316406,27640000,0.00018765734284498237,0.01265442678554506,214.9200012207031,207.48750076293945,194.37440002441406,67.45868067140789,35240860.0,0.7843168413029648,0.007409500048551232,AMZN
2025-06-13,209.9600067138672,214.0500030517578,209.6199951171875,212.10000610351562,29337800,-0.0053460859139069505,0.01279233384755488,214.6260009765625,207.83400115966796,194.69620025634765,69.78981786751976,33141920.0,0.8852172716607849,0.001980189329840565,AMZN
2025-06-16,212.30999755859375,217.05999755859375,211.60000610351562,216.10000610351562,33284200,0.018859028217320217,0.013650841893941027,214.45000305175782,208.35950164794923,195.4500003051758,68.63906126822914,32178260.0,1.0343691672576454,-0.02966220953755494,AMZN
2025-06-17,215.1999969482422,217.41000366210938,214.55999755859375,214.82000732421875,32086300,-0.005923177895162723,0.013759291690794845,213.89200439453126,208.7925018310547,196.32640045166016,68.68987825717677,32334860.0,0.9923129402756035,-0.02955965872364874,AMZN
2025-06-18,215.08999633789062,217.9600067138672,212.33999633789062,212.52000427246094,44360500,-0.010706651956707725,0.01449671326290657,213.756005859375,209.2150016784668,197.07160064697266,62.03247742678849,33341760.0,1.330478654996017,0.0011763598483627291,AMZN
2025-06-20,214.67999267578125,214.88999938964844,208.27000427246094,209.69000244140625,75350700,-0.013316402099383007,0.01533807389890832,213.04600524902344,209.64350204467775,197.8522006225586,57.677179446488346,42883900.0,1.7570859926452584,0.010968587080828929,AMZN
2025-06-23,209.7899932861328,210.38999938964844,207.30999755859375,208.47000122070312,37311700,-0.005818118205440093,0.012311680580356298,212.32000427246095,209.9120018005371,198.19960052490234,53.027291204317535,44478680.0,0.8388670706954433,0.041492751215206125,AMZN
2025-06-24,212.13999938964844,214.33999633789062,211.0500030517578,212.77000427246094,38378800,0.02062648355436747,0.013141996261285338,211.65400390625,210.50100173950196,198.8306005859375,60.56252950624916,45497600.0,0.8435346040230693,0.049490052957900765,AMZN
2025-06-25,214.6199951171875,216.02999877929688,211.11000061035156,211.99000549316406,31755700,-0.0036659245365152637,0.013040113973712283,211.08800354003907,210.79950180053712,199.37300079345704,57.28275151070309,45431480.0,0.6989800904571015,0.034907277252384405,AMZN
2025-06-26,213.1199951171875,218.0399932861328,212.00999450683594,217.1199951171875,50480800,0.024199205109171285,0.013877235046574518,212.00800170898438,211.41950149536132,200.07300079345703,62.402356913426416,46655540.0,1.0819894057597448,0.015383251988730695,AMZN
2025-06-27,219.9199981689453,223.3000030517578,216.74000549316406,223.3000030517578,119217100,0.028463559660798277,0.016177466556911636,214.7300018310547,212.29950180053712,200.94720092773437,62.92163793030078,55428820.0,2.1508143236677237,-0.015136609210117502,AMZN
2025-06-30,223.52000427246094,223.82000732421875,219.1199951171875,219.38999938964844,58887800,-0.017510092291414314,0.01742879694849947,216.91400146484375,213.01850204467775,201.84840087890626,53.158587313014955,59744040.0,0.9856681938482902,0.01832355295886212,AMZN
2025-07-01,219.5,221.8800048828125,217.92999267578125,220.4600067138672,39256800,0.00487719279454657,0.016602863873186432,218.452001953125,213.70900268554686,202.80540100097656,53.69267183227127,59919640.0,0.6551574742438373,0.013653245101922673,AMZN
2025-07-02,219.72999572753906,221.60000610351562,219.05999755859375,219.9199981689453,30894200,-0.002449462616694653,0.016451471708799494,220.03800048828126,214.41950225830078,203.85740081787108,59.6774122664379,59747340.0,0.5170807604154427,-0.0025463694218638144,AMZN
2025-07-03,221.82000732421875,224.00999450683594,221.36000061035156,223.41000366210938,29632400,0.015869432167251007,0.01623148932944184,221.29600219726564,215.2285026550293,204.86200103759765,63.321968202418454,55577660.0,0.5331710618978921,-0.0038942319579046147,AMZN
2025-07-07,223.0,224.2899932861328,222.3699951171875,223.47000122070312,36604100,0.0002685535903059755,0.01504114938252243,221.3300018310547,216.006502532959,205.7194009399414,65.32756387787711,39055060.0,0.9372434711404873,-0.00541462705176321,AMZN
2025-07-08,223.9199981689453,224.0,218.42999267578125,219.36000061035156,45692000,-0.018391733064396676,0.01662604501827916,221.32400207519532,216.29600219726564,206.37580108642578,54.38170981168125,36415900.0,1.2547266441307232,0.025802350685452557,AMZN
2025-07-09,221.07000732421875,224.2899932861328,220.47000122070312,222.5399932861328,38155100,0.014496684294917905,0.01609994813643143,221.73999938964843,216.57400207519532,207.04680084228517,59.87209941700531,36195560.0,1.0541375793053072,0.014154800262006217,AMZN
2025-07-10,221.5500030517578,222.7899932861328,219.6999969482422,222.25999450683594,30370600,-0.0012581953255335065,0.01597989151473637,222.20799865722657,216.80650177001954,207.73800079345702,63.133745611248365,36090840.0,0.8415043817212345,0.018401924312807072,AMZN
2025-07-11,223.5800018310547,226.67999267578125,222.3699951171875,225.02000427246094,50518300,0.012417933203629827,0.014785007157546154,222.52999877929688,217.39750213623046,208.49060089111327,70.71060722188392,40268020.0,1.2545513784884381,-0.00813261841751134,AMZN
2025-07-14,225.07000732421875,226.66000366210938,224.24000549316406,225.69000244140625,35702600,0.0029775049161142597,0.011965693996518671,222.9739990234375,218.02000198364257,209.3160009765625,73.61490790326118,40087720.0,0.8906118881293323,-0.00801983933277528,AMZN
2025-07-15,226.1999969482422,227.27000427246094,225.4600067138672,226.35000610351562,34907300,0.0029243814744550622,0.010014541686732697,224.37200012207032,218.73250198364258,210.03900115966798,70.68859306343924,37930780.0,0.9202895379425364,-0.0009719514679513708,AMZN
2025-07-16,225.8800048828125,226.10000610351562,222.17999267578125,223.19000244140625,39535900,-0.013960696164789232,0.011342156884129024,224.502001953125,219.0870018005371,210.7032012939453,65.9090741606914,38206940.0,1.0347832095425595,0.027375780919916437,AMZN
2025-07-17,223.32000732421875,224.5,222.50999450683594,223.8800048828125,31855800,0.0030915472640284936,0.011274349555413052,224.8260040283203,219.5400016784668,211.45380126953125,60.98829797260763,38503980.0,0.8273378492301315,0.01603535938714029,AMZN
2025-07-18,225.13999938964844,226.39999389648438,222.97999572753906,226.1300048828125,37833800,0.010050026580880944,0.010599962569308313,225.04800415039062,220.2205017089844,212.2762014770508,55.27394412776192,35967080.0,1.0519007937258182,0.009551976105248272,AMZN
2025-07-21,225.83999633789062,229.69000244140625,225.64999389648438,229.3000030517578,40297600,0.014018476542235536,0.011323910589956389,225.77000427246094,221.20100173950195,213.0880014038086,68.99193840812804,36886080.0,1.0924880063156617,0.012777987949349923,AMZN
2025-07-22,229.67999267578125,230.0,226.35000610351562,227.47000122070312,37483700,-0.007980819043607368,0.009508936080118794,225.99400329589844,222.15100173950196,213.79580139160157,63.05398310907383,37401360.0,1.0022015242226485,0.017452856198172828,AMZN
2025-07-23,228.47000122070312,228.7899932861328,227.08999633789062,228.2899932861328,28294900,0.003604836070819184,0.008723340976941746,227.01400146484374,222.92700119018554,214.50040130615236,65.42571620119776,35153160.0,0.8049034567589372,0.019711770696667408,AMZN
2025-07-24,229.1699981689453,236.0,228.63999938964844,232.22999572753906,42902300,0.01725876103762447,0.009723978629522581,228.68399963378906,223.9390007019043,214.97220123291015,65.98983226951512,37362460.0,1.1482728920954348,-0.005253417918219649,AMZN
2025-07-25,232.22000122070312,232.47999572753906,231.17999267578125,231.44000244140625,28712100,-0.00340177109187767,0.00956746611282267,229.74599914550782,224.65500106811524,215.37360137939453,64.0763014977438,35538120.0,0.8079239982306323,-0.0054009677964658165,AMZN
2025-07-28,233.35000610351562,234.2899932861328,232.25,232.7899932861328,26300100,0.005833005662313484,0.009613921477605767,230.44399719238282,225.12950057983397,215.8244012451172,76.28179861494323,32738620.0,0.8033356323510277,0.005670378290686617,AMZN
2025-07-29,234.14999389648438,234.72000122070312,230.30999755859375,231.00999450683594,33716200,-0.007646371539299812,0.010203770648172876,231.15199584960936,225.71050033569335,216.341201171875,67.53623884338981,31985120.0,1.0541214164586532,-0.0703865412470489,AMZN
2025-07-30,231.63999938964844,231.8000030517578,229.2899932861328,230.19000244140625,32993300,-0.003549595623255297,0.00882208234392754,231.53199768066406,226.1970001220703,216.8332012939453,66.05915765754908,32924800.0,1.002080498590728,-0.08054219709060195,AMZN
2025-07-31,235.77000427246094,236.52999877929688,231.39999389648438,234.11000061035156,104357300,0.017029402351838252,0.009856125100520887,231.90799865722656,226.90650024414063,217.39220123291017,67.58221455117277,45215800.0,2.3079830501727274,-0.0869676671533498,AMZN
2025-08-01,217.2100067138672,220.44000244140625,212.8000030517578,214.75,122258800,-0.08269617085933034,0.02904111691940559,228.56999816894532,226.47350006103517,217.60580108642577,37.71889555638081,63925140.0,1.9125308133857821,0.03520371389333521,AMZN
2025-08-04,217.39999389648438,217.44000244140625,211.4199981689453,211.64999389648438,77890100,-0.01443541840985152,0.028384063066559797,224.3419982910156,225.88249969482422,217.81640106201172,34.35502520397027,74243140.0,1.0491218447926636,0.05424054484945029,AMZN
2025-08-05,213.0500030517578,216.3000030517578,212.8699951171875,213.75,51505100,0.009922070229506863,0.02891686382306867,220.88999938964844,225.60199966430665,218.0294009399414,39.721247871677264,77800920.0,0.6620114517926009,0.041824572825292394,AMZN
2025-08-06,214.6999969482422,222.64999389648438,213.74000549316406,222.30999755859375,54823000,0.04004677220394748,0.03232977888819229,219.31399841308593,225.5904998779297,218.45580078125,48.54061352895455,82166860.0,0.667215468620804,-0.00454318077426874,AMZN
2025-08-07,221.0,226.22000122070312,220.82000732421875,223.1300048828125,40603500,0.0036885760119835798,0.03170265900243164,217.1179992675781,225.6340003967285,218.79800079345702,47.13521692199015,69416100.0,0.5849291446796925,-0.007439625446076681,AMZN
2025-08-08,223.13999938964844,223.8000030517578,221.8800048828125,222.69000244140625,32970500,-0.001971955504762035,0.03170648029416284,218.70599975585938,225.5175003051758,219.1574008178711,43.340719330765296,51558440.0,0.6394782309162186,0.008397301615188368,AMZN
2025-08-11,221.77999877929688,223.0500030517578,220.39999389648438,221.3000030517578,31646200,-0.006241858073597895,0.03154624051855798,220.63600158691406,225.29800033569336,219.4694009399414,43.728400308339914,42309660.0,0.7479663036762763,0.043741493638919104,AMZN
2025-08-12,222.22999572753906,223.5,219.0500030517578,221.47000122070312,37185800,0.0007681796954406295,0.03156773905871325,222.18000183105468,225.05400009155272,219.79860107421874,42.97487329136275,39445800.0,0.9427061943223359,0.043166106045517516,AMZN
2025-08-13,222.0,224.9199981689453,222.0,224.55999755859375,36508300,0.01395221168040428,0.03206102882753483,222.6300018310547,225.12249984741212,220.15680114746092,41.95848162049727,35782860.0,1.0202733934626802,0.030860384796548956,AMZN
2025-08-14,227.39999389648438,233.11000061035156,227.02000427246094,230.97999572753906,61545800,0.02858923333961183,0.0330172737575672,224.2,225.47749938964844,220.66220092773438,49.56863580052421,39971320.0,1.5397490000330236,-0.012858261648798774,AMZN
2025-08-15,232.5800018310547,234.0800018310547,229.80999755859375,231.02999877929688,39649200,0.00021648217457226338,0.01641184223460469,225.8679992675781,225.72249908447264,221.13820098876954,48.3083483638162,41307060.0,0.9598649722347705,-0.031251358087052594,AMZN
2025-08-18,230.22999572753906,231.91000366210938,228.3300018310547,231.49000549316406,25248900,0.0019911124801876845,0.014711557240361663,227.90599975585937,225.83199920654297,221.60980102539062,50.47338350173174,40027600.0,0.630787256792813,-0.04121131935954614,AMZN
2025-08-19,230.08999633789062,230.52999877929688,227.1199951171875,228.00999450683594,29891000,-0.01503309388634011,0.016556731158421413,229.21399841308593,225.8589988708496,221.89860076904296,47.95726512101935,38568640.0,0.7750078820513246,0.0036401993379715503,AMZN
2025-08-20,227.1199951171875,227.27000427246094,220.9199981689453,223.80999755859375,36604300,-0.01842023178556884,0.01346881450746566,229.06399841308593,225.63499908447267,222.03520080566406,40.398958511421185,38587840.0,0.9485967600155905,0.01845317424540549,AMZN
2025-08-21,222.64999389648438,222.77999877929688,220.5,221.9499969482422,32140500,-0.008310623433453235,0.013710640782284242,227.25799865722655,225.12099914550782,222.12200073242187,59.961249294376586,32706780.0,0.9826861586496745,0.030457354622993815,AMZN
2025-08-22,222.7899932861328,229.13999938964844,220.82000732421875,228.83999633789062,37315300,0.031043025385826706,0.016905192846744705,226.81999816894532,224.99099884033203,222.43480072021484,71.52515960003882,32240000.0,1.1574224565756823,0.0012235569995528994,AMZN
2025-08-25,227.35000610351562,229.60000610351562,227.30999755859375,227.94000244140625,22633700,-0.003932852258726194,0.016782453860049444,226.10999755859376,224.7484992980957,222.72880065917968,68.31913041080131,31716960.0,0.7136150501182963,0.0160568729617796,AMZN
2025-08-26,227.11000061035156,229.0,226.02000427246094,228.7100067138672,26105400,0.0033781006590050122,0.016762679724028434,226.25,224.63349990844728,223.06100067138672,60.34260745628636,30959840.0,0.8432020320518452,0.0012679518937517287,AMZN
2025-08-27,228.57000732421875,229.8699951171875,227.80999755859375,229.1199951171875,21254500,0.0017926124405795996,0.016343721479337874,227.31199951171874,224.57999954223632,223.32140045166017,59.8100073270179,27889880.0,0.76208646290339,-0.016497900051732795,AMZN
2025-08-28,229.00999450683594,232.7100067138672,228.02000427246094,231.60000610351562,33679600,0.0108240705271474,0.013936521670646,229.24200134277345,224.45449981689453,223.6570004272461,63.678234047377664,28197700.0,1.1944094731130552,-0.024222799924470295,AMZN
2025-08-29,231.32000732421875,231.80999755859375,228.16000366210938,229.0,26199200,-0.011226278216735164,0.01441083569630775,229.2740020751953,225.16699981689453,223.98660034179687,61.3972672414533,25974480.0,1.008651568770578,0.029170273693367887,AMZN
2025-09-02,223.52000427246094,226.1699981689453,221.8300018310547,225.33999633789062,38843900,-0.015982548742835667,0.015128502790732972,228.75400085449218,225.85149993896485,224.29960021972656,55.19183403424648,29216520.0,1.3295183683751521,0.031019817195180766,AMZN
2025-09-03,225.2100067138672,227.1699981689453,224.36000061035156,225.99000549316406,29223100,0.0028845707190781056,0.014540231995121259,228.21000061035156,226.46350021362304,224.65000030517578,52.052837505656875,29840060.0,0.9793244383556869,0.043585957809202824,AMZN
2025-09-04,231.19000244140625,235.77000427246094,230.77999877929688,235.67999267578125,59391800,0.042877945692648245,0.018630016844525348,229.52200012207032,227.13199996948242,225.1082000732422,56.167971539370654,37467520.0,1.585154288300907,0.010862240737187001,AMZN
2025-09-05,235.19000244140625,236.0,231.92999267578125,232.3300018310547,36721800,-0.014214150326010255,0.019195417539746316,229.66799926757812,227.59199981689454,225.515,51.57005164767243,38075960.0,0.9644353024848225,-0.00860844481658618,AMZN
2025-09-08,234.94000244140625,237.60000610351562,233.75,235.83999633789062,33947100,0.015107797009308976,0.017341559654214984,231.03599853515624,228.24949951171874,225.88940002441407,54.89312839525244,39625540.0,0.8566974733972079,-0.024974556822879856,AMZN
2025-09-09,236.36000061035156,238.85000610351562,235.0800018310547,238.24000549316406,27033800,0.010176429751274751,0.017275023089385392,233.61600036621093,229.09649963378905,226.1882000732422,61.79388072178267,37263520.0,0.7254762835073015,-0.04235229753203307,AMZN
2025-09-10,237.52000427246094,237.67999267578125,229.10000610351562,230.3300018310547,60907700,-0.03320182790348514,0.021020421699494293,234.48399963378907,229.53949966430665,226.40700012207031,56.9243882953295,43600440.0,1.3969514986546008,0.004775716736777458,AMZN
2025-09-11,231.49000549316406,231.52999877929688,229.33999633789062,229.9499969482422,37485600,-0.0016498279850283293,0.02103243413836376,233.33800048828124,229.80899963378906,226.59679992675783,58.77192865044729,39219200.0,0.9557971605744126,0.017829989814865943,AMZN
2025-09-12,230.35000610351562,230.7899932861328,226.2899932861328,228.14999389648438,38496200,-0.007827802024989672,0.020847249133864435,232.5019989013672,229.66749954223633,226.7613998413086,49.1483556219829,39574080.0,0.9727629802133113,0.015209297889692275,AMZN
2025-09-15,230.6300048828125,233.72999572753906,230.32000732421875,231.42999267578125,33243300,0.014376501718361023,0.02106452208238899,231.6199981689453,229.68749923706054,226.92179962158204,54.068534672909166,39433320.0,0.8430256443028383,-0.0008641790371672897,AMZN
2025-09-16,232.94000244140625,235.89999389648438,232.22999572753906,234.0500030517578,38203900,0.011320962964584513,0.020339029436277745,230.78199768066406,229.81549911499025,227.13339965820313,55.96780717592482,41667340.0,0.9168787832388628,-0.010980590859682282,AMZN
2025-09-17,233.77000427246094,234.3000030517578,228.7100067138672,231.6199951171875,42815200,-0.010382430689534927,0.020845189810407363,231.0399963378906,229.99599914550782,227.37859954833985,52.67322267566356,38048840.0,1.1252695220143374,-0.017226449868269267,AMZN
2025-09-18,232.5,233.47999572753906,228.7899932861328,231.22999572753906,37931700,-0.0016837898189709932,0.015323771629906967,231.29599609375,230.36699905395508,227.55239959716798,49.58584045404006,38138060.0,0.9945891322211985,-0.04549577999416521,AMZN
2025-09-19,232.3699951171875,234.16000366210938,229.6999969482422,231.47999572753906,97943200,0.0010811746080494622,0.014697279625854289,231.96199645996094,230.84349899291993,227.73679962158204,52.930050099423646,50027460.0,1.9577887824007056,-0.04868666503232999,AMZN
2025-09-22,230.55999755859375,230.57000732421875,227.50999450683594,227.6300048828125,45914500,-0.016632067201427403,0.014432594540151156,231.20199890136718,230.78299942016602,227.78899963378908,52.69349331786516,52561700.0,0.8735352928082615,-0.04164657902286906,AMZN
2025-09-23,227.8300018310547,227.86000061035156,220.07000732421875,220.7100067138672,70956200,-0.030400202172415014,0.015816001302356143,228.53399963378905,230.42149963378907,227.68939971923828,44.587946995257205,59112160.0,1.2003655423858643,-0.004213709873952309,AMZN
2025-09-24,224.14999389648438,224.55999755859375,219.4499969482422,220.2100067138672,49509000,-0.0022654160880354324,0.013006065037508023,226.252001953125,229.99649963378906,227.5665997314453,30.46226139118953,60450920.0,0.8189949797290099,0.008900555811820476,AMZN
2025-09-25,220.05999755859375,220.6699981689453,216.47000122070312,218.14999389648438,52226300,-0.00935476479077324,0.013052765861590255,223.63600158691406,229.4479995727539,227.46579956054688,31.488256519540997,63309840.0,0.8249317957524455,0.006509344338593959,AMZN
2025-09-26,219.0800018310547,221.0500030517578,218.02000427246094,219.77999877929688,41650100,0.007471945580644679,0.01359299854740913,221.29600219726564,228.85699920654298,227.38379943847656,27.951704859679637,52051220.0,0.8001752888789158,0.0038675316600087495,AMZN
2025-09-29,220.0800018310547,222.60000610351562,219.3000030517578,222.1699981689453,44259200,0.01087450815780766,0.013113729087931784,220.2040008544922,228.51549911499023,227.30459930419923,27.931897502606688,51720160.0,0.8557436790605443,0.0010802785936090409,AMZN
2025-09-30,222.02999877929688,222.24000549316406,217.88999938964844,219.57000732421875,48396400,-0.011702709034319914,0.012108113278956764,219.9760009765625,228.22699966430665,227.10999938964844,32.700985344213024,47208200.0,1.0251693561711737,-0.0002733197403149701,AMZN
2025-10-01,217.36000061035156,222.14999389648438,216.61000061035156,220.6300048828125,43933800,0.004827606336181178,0.012487600589081027,220.06000061035155,227.95899963378906,226.97319946289062,35.33670870273943,46093160.0,0.9531522681456425,0.0012237184775265586,AMZN
2025-10-02,221.00999450683594,222.80999755859375,218.9499969482422,222.41000366210938,41258600,0.008067800117406154,0.013120805589857358,220.91200256347656,227.29550018310547,226.85559967041016,40.96349422318566,43899620.0,0.9398395703653015,-0.0028326283550159648,AMZN
2025-10-03,223.44000244140625,224.1999969482422,219.33999633789062,219.50999450683594,43639000,-0.013039023009411066,0.01329538272258209,220.85800170898438,226.65449981689454,226.6011996459961,31.00702594332857,44297400.0,0.9851368251861283,0.026012513583700825,AMZN
2025-10-06,221.0,221.72999572753906,216.02999877929688,220.89999389648438,43690900,0.00633228292302257,0.013085911264245754,220.6040008544922,225.90749969482422,226.39039947509767,28.192362915131298,44183740.0,0.9888456703755726,0.03096429056437633,AMZN
2025-10-07,220.8800048828125,222.88999938964844,220.1699981689453,221.77999877929688,31194700,0.003983725247293846,0.008915413698884326,221.0459991455078,225.08449935913086,226.17019958496093,32.797212870732466,40743400.0,0.7656381156211803,-0.02439355979748703,AMZN
2025-10-08,222.9199981689453,226.72999572753906,221.19000244140625,225.22000122070312,46686000,0.015510877718191152,0.010004132491059558,221.96399841308593,224.8289993286133,226.0543997192383,40.505540650318316,41293840.0,1.1305802511948513,-0.02286650327933204,AMZN
2025-10-09,225.0,228.2100067138672,221.75,227.74000549316406,46412100,0.01118907849570383,0.009438898523266724,223.02999877929688,224.71849975585937,226.00539978027345,44.48704487935575,42324540.0,1.0965765959889937,-0.04983755962830305,AMZN
2025-10-10,226.2100067138672,228.25,216.0,216.3699951171875,72367500,-0.049925397829666096,0.019461205695262107,222.4019989013672,224.12949981689454,225.65059967041014,36.41409168669136,48070240.0,1.5054532700481629,-0.003697313911457445,AMZN
2025-10-13,217.6999969482422,220.67999267578125,217.0399932861328,220.07000732421875,37809700,0.017100394188331425,0.01998950766232835,222.23600158691406,223.5615005493164,225.75699981689453,49.16274384788499,46894000.0,0.8062801211242376,-0.025446475744717922,AMZN
2025-10-14,215.55999755859375,219.32000732421875,212.60000610351562,216.38999938964844,45665600,-0.016721987604375044,0.020354336208664954,221.1580017089844,222.67850036621093,225.85179992675782,45.386470705743854,49788180.0,0.9171976159803391,-0.015481335149335362,AMZN
2025-10-15,216.6199951171875,217.7100067138672,212.66000366210938,215.57000732421875,45909500,-0.003789417568938358,0.02024976288989204,219.2280029296875,221.8760009765625,225.8882000732422,46.787868057180894,49632880.0,0.9249815847881485,0.004221312670605881,AMZN
2025-10-16,215.6699981689453,218.58999633789062,212.80999755859375,214.47000122070312,42414600,-0.00510277898660183,0.0199387782289926,216.57400207519532,221.0380012512207,225.73140014648436,43.300538966284385,48833380.0,0.8685575317538946,0.035249673686596594,AMZN
2025-10-17,214.55999755859375,214.8000030517578,211.02999877929688,213.0399932861328,45986900,-0.006667636156250767,0.019698533927330855,215.9080017089844,220.1160011291504,225.52959991455077,38.194990293101,43557260.0,1.0557803681866123,0.023047332974305723,AMZN
2025-10-20,213.8800048828125,216.69000244140625,213.58999633789062,216.47999572753906,38882800,0.016147214372026486,0.02043535487338614,215.18999938964845,219.55850067138672,225.40539978027343,46.08958839175062,43771880.0,0.8883054600350727,0.021295273010600413,AMZN
2025-10-21,218.42999267578125,223.32000732421875,217.99000549316406,222.02999877929688,50494600,0.025637486886977978,0.022191350179742737,216.31799926757813,219.6245002746582,225.4199996948242,51.590899948258915,44737680.0,1.128681683985401,0.009818528786901926,AMZN
2025-10-22,219.3000030517578,220.00999450683594,216.52000427246094,217.9499969482422,44308500,-0.018375903497213075,0.02220423406544979,216.79399719238282,219.51149978637696,225.349599609375,45.183584729499614,44417480.0,0.9975464614381545,0.04138565909043335,AMZN
2025-10-23,219.0,221.3000030517578,218.17999267578125,221.08999633789062,31540000,0.014406971477930908,0.0224554295975574,218.1179962158203,219.65849990844725,225.28019958496094,51.69746453253702,42242560.0,0.7466403551299922,0.03690806367212773,AMZN
2025-10-24,221.97000122070312,225.39999389648438,221.89999389648438,224.2100067138672,38685100,0.01411194729592502,0.015578723933684532,220.35199890136718,219.88000030517577,225.1447998046875,53.42863925736235,40782200.0,0.9485780561127158,0.027162018444888414,AMZN
2025-10-27,227.66000366210938,228.39999389648438,225.5399932861328,226.97000122070312,38267000,0.012309863182682124,0.01518877851417606,222.45,220.12000045776367,225.06359985351563,55.174473336550406,40659040.0,0.9411683109094559,-0.018108122607599753,AMZN
2025-10-28,228.22000122070312,231.49000549316406,226.2100067138672,229.25,47100000,0.010045375014470892,0.01355995810556545,223.8940002441406,220.60400009155273,225.01879974365235,54.11307875258674,39980120.0,1.1780855084977233,0.06529989627351407,AMZN
2025-10-29,231.6699981689453,232.82000732421875,227.75999450683594,230.3000030517578,52036200,0.0045801659836763875,0.0131494309180579,226.36400146484374,221.0875,225.06459991455077,52.693597287843005,41525660.0,1.2531095231237745,0.10290923419100362,AMZN
2025-10-30,227.05999755859375,228.44000244140625,222.75,222.86000061035156,102252900,-0.03230569840563213,0.017841310388725277,226.71800231933594,221.1099998474121,225.04559997558593,57.44436708291371,55668240.0,1.836826528016693,0.11872927686170964,AMZN
2025-10-31,250.10000610351562,250.5,243.97999572753906,244.22000122070312,166340800,0.09584492754129248,0.03356234753835824,230.72000122070312,222.34550018310546,225.49100006103515,69.71427090926393,81199380.0,2.0485476613245077,0.024486101456264064,AMZN
2025-11-03,255.36000061035156,258.6000061035156,252.89999389648438,254.0,95997800,0.04004585509136338,0.03454957711017582,236.1260009765625,224.00050048828126,225.99420013427735,77.92129820422122,92745540.0,1.035066484059503,-0.043149632731760534,AMZN
2025-11-04,250.3800048828125,257.010009765625,248.66000366210938,249.32000732421875,51546300,-0.018425168014886806,0.03605034514352031,240.14000244140624,225.37750091552735,226.4218002319336,73.69750708191016,93634800.0,0.5505036588960515,-0.019693580610738337,AMZN
2025-11-05,249.02999877929688,251.0,246.16000366210938,250.1999969482422,40610700,0.0035295587926045258,0.03462161823412394,244.12000122070313,226.6265007019043,226.8516000366211,75.1655113134057,91349700.0,0.4445630363318106,-0.007194256889340278,AMZN
2025-11-06,249.16000366210938,250.3800048828125,242.1699981689453,243.0399932861328,46004200,-0.028617121300727022,0.0371999265503332,248.15599975585937,227.39150009155273,227.13,69.55161595585612,80099960.0,0.5743348685817071,0.024934220641819715,AMZN
2025-11-07,242.89999389648438,244.89999389648438,238.49000549316406,244.41000366210938,46374300,0.005636975040415049,0.03719521186774846,248.19400024414062,228.79350051879882,227.38619995117188,68.707303756973,56106660.0,0.8265382398453232,-0.0008592394366865319,AMZN
2025-11-10,248.33999633789062,251.75,245.58999633789062,248.39999389648438,36476500,0.01632498741700883,0.03725336436833221,247.0739990234375,230.20999984741212,227.77419982910158,68.03940103874176,44202400.0,0.8252153729209274,-0.04355874529505299,AMZN
2025-11-11,248.41000366210938,249.75,247.22999572753906,249.10000610351562,23564100,0.0028180846386129943,0.03731524093025247,247.02999877929688,231.84550018310546,228.24940002441406,72.3425664575907,38605960.0,0.6103746675383801,-0.0578482669973166,AMZN
2025-11-12,250.24000549316406,250.3699951171875,243.75,244.1999969482422,31190100,-0.01967085120518708,0.03840249453303421,245.8299987792969,233.27699966430663,228.61359985351564,66.1676194778707,36721840.0,0.8493610341965435,-0.046396404474386865,AMZN
2025-11-13,243.0500030517578,243.75,236.5,237.5800018310547,41401700,-0.027108907452568887,0.03784992492281495,244.73800048828124,234.43249969482423,228.6516000366211,58.91689669166988,35801340.0,1.1564287817159917,-0.06326289529193974,AMZN
2025-11-14,235.05999755859375,238.72999572753906,232.88999938964844,234.69000244140625,38956700,-0.012164320933474637,0.02162553654319533,242.79400024414062,235.5150001525879,228.69880004882813,55.139813976887105,34317820.0,1.1351740873983254,-0.05113127902836834,AMZN
2025-11-17,233.25,234.60000610351562,229.19000244140625,232.8699951171875,59919000,-0.007754941860691922,0.015192081247158169,239.68800048828126,236.33450012207032,228.63940002441407,52.424969457896054,39006320.0,1.5361356826278407,-0.06754840064141043,AMZN
2025-11-18,228.10000610351562,230.1999969482422,222.4199981689453,222.5500030517578,60608400,-0.04431653833391602,0.018833296931546315,234.37799987792968,236.36050033569336,228.32559997558593,45.38195706008555,46415180.0,1.3057883218378126,-0.008357675061091752,AMZN
2025-11-19,223.74000549316406,223.74000549316406,218.52000427246094,222.69000244140625,58335600,0.0006290693674619874,0.018603333149486447,230.0760009765625,236.59750061035157,228.17279998779296,49.88904962303163,51844280.0,1.1252080268064288,0.016121048536227978,AMZN
2025-11-20,227.0500030517578,227.41000366210938,216.74000549316406,217.13999938964844,50309000,-0.02492255148822009,0.018257377144340566,225.98800048828124,236.40000076293944,227.9166000366211,27.730262769886693,53625740.0,0.9381502241274433,0.057704701181344076,AMZN
2025-11-21,216.35000610351562,222.2100067138672,215.17999267578125,220.69000244140625,68490500,0.016348913427910006,0.019609576057715558,223.18800048828126,236.2240005493164,227.76740020751953,19.479573861253243,59532500.0,1.1504724310250702,0.038379632638555705,AMZN
2025-11-24,222.55999755859375,227.3300018310547,222.27000427246094,226.27999877929688,54318400,0.02532963104830621,0.021101762161640798,221.87000122070313,236.1895004272461,227.66440032958985,29.235757045362163,58412380.0,0.9299124603380311,0.03066997736806254,AMZN
2025-11-25,226.3800048828125,230.52000427246094,223.8000030517578,229.6699981689453,39379300,0.0149814363087164,0.022186540163787367,223.29400024414062,236.21050033569335,227.5768002319336,32.298679571859424,54166560.0,0.7270038931768973,0.018330677700316267,AMZN
2025-11-26,230.74000549316406,231.75,228.77000427246094,229.16000366210938,38497900,-0.0022205534501759105,0.021838320469135072,224.58800048828124,236.15350036621095,227.52760040283204,36.48228818775618,50199020.0,0.7669054097072014,0.022953370670178774,AMZN
2025-11-28,231.24000549316406,233.2899932861328,230.22000122070312,233.22000122070312,20292300,0.01771686809963624,0.021651086990842623,227.8040008544922,236.6715003967285,227.56740051269531,39.644639372364736,44195680.0,0.4591466858299273,-0.0036017336999141225,AMZN
2025-12-01,233.22000122070312,235.8000030517578,232.25,233.8800048828125,42904000,0.0028299616613276513,0.02135827053024,230.44200134277344,236.15450057983398,227.6154006958008,35.68048765513099,39078380.0,1.0978960745046238,-0.020395092239077872,AMZN
2025-12-02,235.00999450683594,238.97000122070312,233.5500030517578,234.4199981689453,45785400,0.0023088475921804186,0.02119596436515927,232.07000122070312,235.17550048828124,227.75120056152343,35.476840240698834,37371780.0,1.2251329746669812,-0.020859992440253494,AMZN
2025-12-03,233.35000610351562,233.3800048828125,230.61000061035156,232.3800048828125,35495100,-0.008702300580441968,0.01478172554120087,232.61200256347655,234.32850036621093,227.98460052490233,37.604868221668575,36594940.0,0.9699455717101872,-0.023625119966464547,AMZN
2025-12-04,232.77000427246094,233.5,226.8000030517578,229.11000061035156,45683200,-0.014071797072686909,0.01589112460232067,232.602001953125,233.2740005493164,228.16260040283203,40.446645853483915,38032000.0,1.2011779554059738,-0.005194022252350661,AMZN
2025-12-05,230.32000732421875,231.24000549316406,228.5500030517578,229.52999877929688,33117400,0.0018331725713693903,0.012583079557254509,231.86400146484374,232.5985008239746,228.39020050048828,43.836591653373844,40597020.0,0.8157593833241947,0.009802640229887638,AMZN
2025-12-08,229.58999633789062,230.8300018310547,226.27000427246094,226.88999938964844,35019200,-0.011501761877265149,0.013022813130427802,230.46600036621095,231.72250061035157,228.53240051269532,42.994378055647424,39020060.0,0.8974665851359531,0.014941158265096677,AMZN
2025-12-09,226.83999633789062,228.57000732421875,225.11000061035156,227.9199981689453,25841700,0.004539639393836836,0.01043847701355101,229.16600036621094,230.6985008239746,228.6474005126953,58.04132624942534,35031320.0,0.7376741727117334,-0.007590363905920605,AMZN
2025-12-10,228.80999755859375,232.4199981689453,228.4600067138672,231.77999877929688,38790700,0.016935769749744978,0.010747796608006609,229.0459991455078,229.83250045776367,228.89160034179687,62.247372576108944,35690440.0,1.0868652782089545,-0.039865413503442526,AMZN
2025-12-11,230.7100067138672,232.11000061035156,228.69000244140625,230.27999877929688,28249600,-0.006471654188885845,0.010969656377880442,229.27999877929688,229.1365005493164,229.08460021972655,69.8729679745262,32203720.0,0.8772154272860403,-0.03352441055074895,AMZN
2025-12-12,229.8699951171875,230.0800018310547,225.1199951171875,226.19000244140625,35639100,-0.017760970816273702,0.01052579950454019,228.61199951171875,228.56700057983397,229.1602001953125,58.18452975647681,32708060.0,1.089612162873616,-0.021751616410278007,AMZN
2025-12-15,227.92999267578125,227.92999267578125,221.5,222.5399932861328,47286100,-0.01613691637948922,0.011052984608332895,227.74199829101562,227.95950012207032,229.22080017089843,44.09348252829456,35161440.0,1.3448283119235163,0.01896288913461608,AMZN
2025-12-16,223.0399932861328,223.66000366210938,221.1300048828125,222.55999755859375,39298900,8.989068511033871e-05,0.010913513303730898,226.6699981689453,227.44400024414062,229.25400024414063,37.433718102300254,37852880.0,1.0382010563000754,0.02152232475497229,AMZN
2025-12-17,224.66000366210938,225.19000244140625,220.99000549316406,221.27000427246094,44034400,-0.005796159688549518,0.010846146160626772,224.56799926757813,227.38000030517577,229.2438003540039,36.42930591124705,38901620.0,1.1319425771985845,0.032358603810138886,AMZN
2025-12-18,225.7100067138672,229.22999572753906,224.41000366210938,226.75999450683594,50272400,0.024811271877659857,0.013748018235869366,223.86399841308594,227.58349990844727,229.27460021972655,39.40981976109227,43306180.0,1.1608597202523983,0.023725546891607108,AMZN
2025-12-19,226.75999450683594,229.1300048828125,225.5800018310547,227.35000610351562,85544400,0.0026019210221046585,0.01376741944653068,224.09599914550782,228.09400024414063,229.2668002319336,39.27045620932074,53287240.0,1.6053449193465452,0.022124471714360272,AMZN
2025-12-22,228.61000061035156,229.47999572753906,226.7100067138672,228.42999267578125,32261300,0.00475032567966549,0.013324919669141597,225.2739990234375,228.4809997558594,229.50800018310548,40.329337732780395,50282280.0,0.6416037618023686,0.017904879953679176,AMZN
2025-12-23,229.05999755859375,232.4499969482422,228.72999572753906,232.13999938964844,29230200,0.016241329216049705,0.014180427048426605,227.18999938964845,228.77399978637695,229.74940002441406,49.63234451952812,48268540.0,0.6055745626447371,-0.0003015079935112519,AMZN
2025-12-24,232.1300048828125,232.9499969482422,231.3300018310547,232.3800048828125,11420500,0.001033882544133169,0.013165576216450722,229.41199951171876,228.9095001220703,230.06920013427734,55.521790282094344,41745760.0,0.2735726933705363,0.0006454681699485931,AMZN
2025-12-26,232.0399932861328,232.99000549316406,231.17999267578125,232.52000427246094,15994700,0.000602458846315379,0.012947372020027726,230.56400146484376,229.0775001525879,230.4082000732422,55.09717917916772,34890220.0,0.4584293248939101,-0.007311185777590934,AMZN
2025-12-29,231.94000244140625,232.60000610351562,230.77000427246094,232.07000732421875,19797900,-0.0019353042317807878,0.011249313682955578,231.50800170898438,229.02000045776367,230.7602001953125,59.54312463349951,21740920.0,0.9106284370670606,-0.024001409697191223,AMZN
2025-12-30,231.2100067138672,232.77000427246094,230.1999969482422,232.52999877929688,21910500,0.001982123671998126,0.009155759127051567,232.3280029296875,228.9525001525879,231.15000030517578,58.67520133050707,19670760.0,1.113861386138614,0.0022792705546776926,AMZN
2025-12-31,232.91000366210938,232.99000549316406,230.1199951171875,230.82000732421875,24383700,-0.0073538531116630335,0.009826578072961362,232.06400451660156,228.77250061035156,231.43680053710938,48.03441415456752,18701460.0,1.3038393793853529,0.043800299067496384,AMZN
2026-01-02,231.33999633789062,235.4600067138672,224.6999969482422,226.5,51456200,-0.018715913643268745,0.011853263241677016,230.88800354003905,228.47850036621094,231.52620056152344,43.061673762043476,26708600.0,1.9265779561639322,0.06649005544633013,AMZN
2026-01-05,228.83999633789062,234.0,227.17999267578125,233.05999755859375,49733300,0.028962461627345393,0.012763052243316702,230.99600219726562,228.67600021362304,231.82840057373048,61.56175882375298,33456320.0,1.4865143566297787,0.0567664801601695,AMZN
2026-01-06,232.10000610351562,243.17999267578125,232.07000732421875,240.92999267578125,53764700,0.033768107781812384,0.016079160979261535,232.76799926757812,229.24599990844726,232.22520050048828,77.09992872031606,40249680.0,1.3357795639617507,0.026771312842361672,AMZN
2026-01-07,239.61000061035156,245.2899932861328,239.52000427246094,241.55999755859375,42236500,0.0026148877348795008,0.016110770381773422,234.5739990234375,229.97949981689453,232.57220031738282,77.50436028789386,44314880.0,0.9530997263221744,0.020326228314845096,AMZN
2026-01-08,243.05999755859375,246.41000366210938,241.8800048828125,246.2899932861328,39509800,0.019581038977249277,0.016385382533949826,237.66799621582032,230.89799957275392,232.9586001586914,82.93839110088322,47340100.0,0.8345947727191113,-0.014982286260937339,AMZN
2026-01-09,244.57000732421875,247.86000061035156,242.24000549316406,247.3800048828125,34560000,0.004425724253495522,0.016304826024352067,241.8439971923828,231.6779998779297,233.32120025634765,80.70281306075933,43960860.0,0.7861538650517756,-0.04337460900047718,AMZN
2026-01-12,246.72999572753906,248.94000244140625,245.9600067138672,246.47000122070312,35867800,-0.003678565947722645,0.016528430067561446,244.5259979248047,232.4875,233.64460021972656,78.20058784607976,41187760.0,0.8708363844015795,-0.033634959645650886,AMZN
2026-01-13,246.52999877929688,247.66000366210938,240.25,242.60000610351562,38371800,-0.0157016882298876,0.017785081733540865,244.86000061035156,233.30800018310546,234.03940032958985,69.31045582562146,38109180.0,1.0068912529736929,-0.014344645089758301,AMZN
2026-01-14,241.14999389648438,241.27999877929688,236.22000122070312,236.64999389648438,41410600,-0.024526018373191683,0.020048198658047193,243.87799987792968,234.01350021362305,233.88800018310548,55.79243974778516,37944000.0,1.091360952983344,-0.02387489559351441,AMZN
2026-01-15,239.30999755859375,240.64999389648438,236.6300048828125,238.17999267578125,43003600,0.006465239039753046,0.019811454621590018,242.25599975585936,234.79449996948242,233.5716000366211,57.210327718716265,38642760.0,1.1128501173311638,-0.028843712017991296,AMZN
2026-01-16,239.08999633789062,239.57000732421875,236.41000366210938,239.1199951171875,45888300,0.0039466053837939885,0.018244990787441177,240.60399780273437,235.68699951171874,233.36759979248046,58.0448441702839,40908420.0,1.121732396411301,-0.01998995850160623,AMZN
2026-01-20,233.75999450683594,235.08999633789062,229.33999633789062,231.0,47737900,-0.033957825706746436,0.020047854843711254,237.50999755859374,235.89899978637695,232.9835998535156,48.901204281611605,43282440.0,1.1029392058303553,0.03532469117796255,AMZN
2026-01-21,231.08999633789062,232.3000030517578,226.8800048828125,231.30999755859375,47276100,0.001341980773133189,0.016082485020559506,235.2519958496094,236.09699935913085,232.74899993896486,48.74330345494886,45063300.0,1.0491042600075893,0.030737973651789652,AMZN
2026-01-22,234.0500030517578,235.72000122070312,230.89999389648438,234.33999633789062,31913300,0.01309929882528893,0.01687990789098646,234.7899963378906,236.39249954223632,232.54759979248047,53.52987153364553,43163840.0,0.7393526618577031,0.04412390756796625,AMZN
2026-01-23,234.9600067138672,240.4499969482422,234.57000732421875,239.16000366210938,33778500,0.020568436457892858,0.017028261952686745,234.98599853515626,236.74349975585938,232.36279998779298,62.56949927796499,41318820.0,0.81750882527623,0.016097971173164582,AMZN
2026-01-26,239.97999572753906,240.9499969482422,237.5399932861328,238.4199981689453,32825500,-0.003094185824689788,0.016838615040961864,234.84599914550782,237.045499420166,232.14919982910158,56.01706078332292,38706260.0,0.8480669535108791,0.013883053368066278,AMZN
2026-01-27,239.69000244140625,244.8800048828125,238.0800018310547,244.67999267578125,38029200,0.026256163723313408,0.019295516270630652,237.58199768066407,237.65349884033202,232.15879974365234,54.36757276266749,36764520.0,1.03439946992372,-0.021987860818486804,AMZN
2026-01-28,246.3699951171875,247.77999877929688,241.52999877929688,243.00999450683594,40882700,-0.0068252338521122,0.018717072900602236,239.9219970703125,238.20049819946288,232.26739959716798,51.64884740140872,35485840.0,1.1520848879440362,-0.0002057026216975011,AMZN
2026-01-29,242.82000732421875,243.0,236.74000549316406,241.72999572753906,47229600,-0.005267268047532414,0.016764630583768748,241.39999694824218,238.660498046875,232.40819946289062,44.373154787009696,38549100.0,1.2251803544051612,-0.01286559659669595,AMZN
2026-01-30,239.88999938964844,243.32000732421875,237.63999938964844,239.3000030517578,46585000,-0.010052507834071855,0.01711362395410895,241.42799682617186,239.08449783325196,232.53679962158202,40.348779606734425,41110400.0,1.1331682493967463,-0.026368564471889955,AMZN
2026-02-02,238.30999755859375,245.6300048828125,238.1699981689453,242.9600067138672,37546100,0.015294624385431943,0.017725388230725638,242.33599853515625,239.90749816894532,232.94499969482422,46.065910716417406,42054520.0,0.892795827891984,-0.08342938636947284,AMZN
2026-02-03,244.97999572753906,246.35000610351562,235.4499969482422,238.6199951171875,53831300,-0.017863069956986388,0.014574953834177585,241.1239990234375,240.185498046875,233.26359954833984,45.58561504269616,45214940.0,1.1905644461764187,-0.11859855993656554,AMZN
2026-02-04,238.86000061035156,238.86000061035156,231.82000732421875,232.99000549316406,51299900,-0.023593955826118118,0.016903056142718302,239.12000122070313,239.78849868774415,233.58059967041015,45.9115406026677,47298380.0,1.084601629062137,-0.10416757672110966,AMZN
2026-02-05,224.91000366210938,226.30999755859375,220.3800048828125,222.69000244140625,103509200,-0.04420791797466184,0.02140465763729192,235.31200256347657,238.84499893188476,233.62059967041014,35.53148646776556,58554300.0,1.7677472021696101,-0.07063629060616639,AMZN
2026-02-06,202.6999969482422,211.44000244140625,200.30999755859375,210.32000732421875,179210900,-0.05554804877440456,0.02463944507045144,229.51600341796876,237.04649963378907,233.30139984130858,27.832518795138043,85079480.0,2.1063939271843224,-0.029669100779103674,AMZN
2026-02-09,208.97000122070312,212.80999755859375,203.35000610351562,208.72000122070312,91178400,-0.00760748406141476,0.02448908978955335,222.66800231933593,235.1134994506836,232.88239990234376,30.937715735351404,95805940.0,0.9516988195095211,-0.0436948786117719,AMZN
2026-02-10,208.8000030517578,212.64999389648438,206.41000366210938,206.9600067138672,67175000,-0.008432323191560842,0.020442299511429854,216.33600463867188,233.13799972534179,232.4383999633789,29.67107105286155,98474680.0,0.6821550473685215,-0.039476290890489985,AMZN
2026-02-11,208.05999755859375,208.57000732421875,202.49000549316406,204.0800018310547,65545500,-0.013915755650289796,0.02019436095606,210.55400390625,231.21199951171874,231.85559997558593,24.673592463681203,101323800.0,0.6468914509720323,-0.014357153607808648,AMZN
2026-02-12,203.9600067138672,203.9600067138672,197.55999755859375,199.60000610351562,83975400,-0.021952154485218922,0.019791566240663614,205.93600463867188,229.3595001220703,231.17,16.70033533375907,97417040.0,0.8620196220291645,0.026001938997564755,AMZN
2026-02-13,198.8800048828125,201.16000366210938,197.27999877929688,198.7899932861328,66321600,-0.004058180323715632,0.020172640244898468,203.6300018310547,227.3900001525879,230.45739990234375,16.68067591276909,74839180.0,0.8861882238688344,0.030534773022914408,AMZN
2026-02-17,198.1300048828125,201.74000549316406,196.0,201.14999389648438,69879200,0.011871828009746066,0.019561161578081264,202.11600036621093,225.49150009155272,229.83279968261718,10.833189632921403,70579340.0,0.9900800999272592,0.044543907460808496,AMZN
2026-02-18,202.07000732421875,206.86000061035156,201.50999450683594,204.7899932861328,51003300,0.018095945812067304,0.02274377130897303,201.68199768066407,224.18099975585938,229.34639953613282,16.78832503920772,67345000.0,0.7573435295864578,0.0023439181701492284,AMZN
2026-02-19,203.8000030517578,205.63999938964844,202.80999755859375,204.86000061035156,35669600,0.00034184934085601526,0.02298940621048289,201.83799743652344,222.85849990844727,228.8529995727539,17.27322569565213,61369820.0,0.5812238002327529,0.018061099957134452,AMZN
2026-02-20,204.75999450683594,211.1699981689453,203.75,210.11000061035156,65881600,0.025627257563010764,0.02290796441472341,203.93999633789062,221.64700012207032,228.51739959716798,25.325451907618714,57751060.0,1.1407859873048218,0.002522482403299664,AMZN
2026-02-23,208.10000610351562,208.42999267578125,203.11000061035156,205.27000427246094,53581500,-0.023035535309270605,0.01641038740681584,205.23599853515626,219.9525001525879,228.06439971923828,18.76347441997396,55203040.0,0.9706258930667586,0.0129097960799327,AMZN
2026-02-24,205.47000122070312,210.36000061035156,203.25,208.55999755859375,41137200,0.016027637831418806,0.017242980847549036,206.71799926757814,218.45950012207032,227.59999969482422,24.645750524971334,49454640.0,0.8318167921149563,0.006904499703984213,AMZN
2026-02-25,210.4600067138672,211.58999633789062,208.92999267578125,210.63999938964844,41346400,0.00997315810991184,0.017218422979326704,207.88800048828125,216.75750045776368,227.20719970703124,29.94796187192695,47523260.0,0.8700244890607252,-0.010681731895744506,AMZN
2026-02-26,210.72999572753906,211.0500030517578,205.35000610351562,207.9199981689453,47756800,-0.012913032798065993,0.01711873204187088,208.5,215.00300064086915,226.84179962158203,34.66251145993466,49940700.0,0.9562701363817487,0.0038957174188487542,AMZN
2026-02-27,206.8300018310547,210.3300018310547,205.1999969482422,210.0,57422800,0.01000385652833935,0.015003080767317985,208.47799987792968,213.4165008544922,226.59099975585937,49.577380890006985,48248940.0,1.1901359905523312,0.03247622535342254,AMZN
2026-03-02,204.5500030517578,209.72999572753906,203.4600067138672,208.38999938964844,46001000,-0.007666669573102691,0.015290955897854903,209.10199890136718,211.87100067138672,226.30759979248046,49.564296619173845,46732840.0,0.984339920278759,0.050626244458263914,AMZN
2026-03-03,203.10000610351562,209.17999267578125,202.47999572753906,208.72999572753906,43184900,0.0016315386481426941,0.015108975646751453,209.13599853515626,210.1595001220703,226.05679962158203,52.427967655564245,47142380.0,0.9160526048960617,0.02146318726598362,AMZN
2026-03-04,210.47000122070312,217.5399932861328,210.14999389648438,216.82000732421875,54731100,0.03875826073047883,0.01834601891256598,210.37200012207032,209.0695007324219,225.8579998779297,65.29044611976056,49819320.0,1.0985918715871674,-0.0153583697009807,AMZN
2026-03-05,215.97999572753906,220.47000122070312,215.58999633789062,218.94000244140625,60943400,0.009777672934109694,0.018272330268595923,212.5760009765625,208.36700057983398,225.6897998046875,74.60558184103999,52456640.0,1.1617861914144711,-0.021055999629785882,AMZN
2026-03-06,214.99000549316406,217.32000732421875,212.52999877929688,213.2100067138672,51152700,-0.026171534044230005,0.01963883659123749,213.21800231933594,207.89300079345702,225.38540008544922,66.30485417194329,51202620.0,0.9990250498900252,-0.0026265784895094235,AMZN
2026-03-09,210.4499969482422,213.82000732421875,207.11000061035156,213.49000549316406,54642900,0.0013132534612816382,0.017648307504683616,214.23800354003907,208.0515007019043,225.01240020751953,64.64168459351114,52931000.0,1.0323421057603295,-0.01854890913848417,AMZN
2026-03-10,214.19000244140625,215.64999389648438,212.42999267578125,214.3300018310547,35678800,0.00393459326562029,0.01714531505668967,215.35800476074218,208.33200073242188,224.65140014648438,62.125075537606676,51429780.0,0.6937381415981169,-0.03107359494803308,AMZN
2026-03-11,215.7100067138672,217.0,211.35000610351562,212.64999389648438,34199300,-0.007838417021498345,0.017249594985703064,214.5240020751953,208.61650009155272,224.25399993896485,59.511592022801366,47323420.0,0.7226717764692409,-0.00427927782477755,AMZN
2026-03-12,210.38999938964844,211.7100067138672,208.14999389648438,209.52999877929688,44349500,-0.014671973697334195,0.017416331579675867,212.64200134277343,208.88899993896484,223.8031997680664,49.252959879439025,44004640.0,1.0078369008359118,0.02706055553848241,AMZN
2026-03-13,209.61000061035156,210.55999755859375,206.22000122070312,207.6699981689453,35662100,-0.008877013416636048,0.01734385911472601,211.53399963378905,209.29249954223633,223.30599975585938,53.34820611288269,40906520.0,0.871795009695276,0.010593715835892858,AMZN
2026-03-16,208.35000610351562,212.72000122070312,207.4499969482422,211.74000549316406,42209300,0.0195984367511175,0.018293177393491265,211.18399963378906,209.94000015258788,222.9243997192383,54.34189928118707,38419800.0,1.0986340376576662,-0.014073915693859407,AMZN
2026-03-17,212.82000732421875,215.6999969482422,212.42999267578125,215.1999969482422,44969900,0.016340754535353108,0.018865417960642852,211.35799865722657,210.6425003051758,222.69839965820313,55.99999678762336,40278020.0,1.116487354641564,-0.045678447818095935,AMZN
2026-03-18,213.92999267578125,215.13999938964844,208.8300018310547,209.8699951171875,37846600,-0.024767666852414494,0.01605361214098386,210.8019989013672,210.89650039672853,222.234599609375,52.40088268768103,41007480.0,0.9229194283579484,0.0012865310846850164,AMZN
2026-03-19,207.05999755859375,209.1199951171875,206.0500030517578,208.75999450683594,36440600,-0.005288991452693126,0.015400694224693486,210.647998046875,211.09150009155275,221.59119964599608,48.435916356890914,39425700.0,0.9242854280329835,-0.007281035896090193,AMZN
2026-03-20,207.39999389648438,207.5399932861328,204.32000732421875,205.3699951171875,63694600,-0.01623874055782004,0.01412541823210827,210.18799743652343,210.85449981689453,220.86739959716797,46.35441283683447,45032200.0,1.414423456992996,0.03087116787952393,AMZN
2026-03-23,209.7899932861328,212.8000030517578,209.50999450683594,210.13999938964844,44277400,0.02322639327005427,0.01648371742811861,209.8679962158203,211.0979995727539,220.1443997192383,51.53762647154944,45445820.0,0.9742898246747446,-0.012372732992611324,AMZN
2026-03-24,207.9499969482422,209.35000610351562,206.63999938964844,207.24000549316406,35351400,-0.013800294588880768,0.016790230954927984,208.2759979248047,211.03199996948243,219.3415997314453,38.219374614636656,43522120.0,0.8122628217559255,-0.0381200972103527,AMZN
2026-03-25,211.55999755859375,213.07000732421875,209.89999389648438,211.7100067138672,36388800,0.021569200454641724,0.018392606431702107,208.6440002441406,211.08550033569335,218.6463998413086,41.59498180546159,43230560.0,0.8417378817207087,-0.05082428522222615,AMZN
2026-03-26,210.61000061035156,212.88999938964844,207.1199951171875,207.5399932861328,46746000,-0.019696817795534227,0.01889103344369345,208.4,211.06650009155274,217.94519958496093,43.16042007489137,45291640.0,1.0321110032668281,0.003517447286999209,AMZN
2026-03-27,206.4600067138672,206.60000610351562,199.13999938964844,199.33999633789062,56009800,-0.039510442389467326,0.02248866291655806,207.19400024414062,210.53349990844725,217.19899963378907,35.66942861920195,43754680.0,1.2800870672577196,0.05633596464651647,AMZN
2026-03-30,201.47999572753906,203.8000030517578,199.97999572753906,200.9499969482422,46373800,0.008076656164990315,0.021423360436684573,205.3559997558594,210.16149978637696,216.45439971923827,36.6573584225813,44173960.0,1.0497994746226058,0.043891552416845725,AMZN
2026-03-31,204.85000610351562,210.27999877929688,204.13999938964844,208.27000427246094,58470100,0.03642700888472339,0.02438448550426216,205.56199951171874,210.13850021362305,215.83739990234375,46.07387188802711,48797700.0,1.1982142600983243,0.02170254439404906,AMZN
2026-04-01,210.44000244140625,213.5800018310547,208.19000244140625,210.57000732421875,45955400,0.011043371606930696,0.02344401506539692,205.33399963378906,209.82600021362305,215.42880004882812,50.94615004469913,50711020.0,0.9062211724394421,0.015196831632888097,AMZN
2026-04-02,206.5399932861328,212.2100067138672,204.89999389648438,209.77000427246094,31453000,-0.0037992260242744047,0.02340727572840067,205.78000183105468,209.36750030517578,214.99800018310546,51.948056727565906,47652420.0,0.6600504234622292,0.05472658384765161,AMZN
2026-04-06,209.8000030517578,212.9499969482422,209.58999633789062,212.7899932861328,25385500,0.014396667550949482,0.02293979935322603,208.47000122070312,209.34649963378905,214.5670001220703,50.99336581996998,41527560.0,0.611292837816621,0.0980309284671188,AMZN
2026-04-07,211.24000549316406,213.97000122070312,209.0800018310547,213.77000427246094,28154600,0.00460553135602737,0.02192018021750647,211.03400268554688,209.3604995727539,214.05920013427735,48.580512261250206,37883720.0,0.743184671410305,0.11512373166716516,AMZN
2026-04-08,223.7899932861328,226.10000610351562,219.6199951171875,221.25,51092700,0.03499085736091123,0.023409056754729676,213.6300018310547,209.70649948120118,213.71580017089843,60.833968631753145,36408240.0,1.40332792796356,0.08424858481197028,AMZN
2026-04-09,225.22999572753906,233.8000030517578,223.27000427246094,233.64999389648438,65964200,0.056045170153601775,0.027926977838363443,218.24599914550782,210.75649948120116,213.4952001953125,69.50320826676595,40410000.0,1.6323731749566939,0.06578219891923487,AMZN
2026-04-10,235.3000030517578,240.42999267578125,235.2100067138672,238.3800048828125,56912800,0.020244002182271403,0.025953284552576096,223.96799926757814,212.19899978637696,213.40260040283204,75.33384297435494,45501960.0,1.250776889610909,0.0424532045888768,AMZN
2026-04-13,237.4499969482422,240.0,235.75,239.88999938964844,42166200,0.006334400855383171,0.018331132314613235,229.38800048828125,213.80999984741212,213.3658004760742,74.03457178754367,48858100.0,0.8630339698023459,0.040893732892381074,AMZN
2026-04-14,241.77999877929688,252.17999267578125,241.77999877929688,249.02000427246094,72685000,0.038059130876826774,0.0188211390740408,236.43800048828126,215.67399978637695,213.5602005004883,80.66645849731896,57764180.0,1.2583057528039003,0.006184215162280182,AMZN
2026-04-15,249.25,250.44000244140625,247.1999969482422,248.5,43045200,-0.00208820280916866,0.019434060807347987,241.88800048828125,217.33899993896483,213.67100036621093,78.66602527626671,56154680.0,0.7665469734668597,-0.0008853167835135567,AMZN
2026-04-16,248.50999450683594,250.0,244.1999969482422,249.6999969482422,41895700,0.004828961562342915,0.019776964680328465,245.0980010986328,219.33050003051758,213.89260040283204,84.44444056603115,51340980.0,0.8160284435552263,0.0008410361090662732,AMZN
2026-04-17,254.99000549316406,256.17999267578125,250.11000061035156,250.55999755859375,52029300,0.003444135445984209,0.019034535127029788,247.53399963378905,221.42050018310547,214.24400024414064,97.54918875734113,50364280.0,1.0330595414051387,0.019157100489016976,AMZN
2026-04-20,249.19000244140625,250.17999267578125,245.3699951171875,248.27999877929688,39463100,-0.009099612075002872,0.020899398283986004,249.21199951171874,223.56600036621094,214.75580017089842,93.39811997664032,49823660.0,0.7920554210589908,0.027388444841271786,AMZN
2026-04-21,255.08999633789062,255.08999633789062,249.10000610351562,249.91000366210938,42922400,0.0065651880571397925,0.020792344630358294,249.38999938964844,225.55450057983398,215.54760009765624,92.62898188222304,43871140.0,0.9783743937358363,0.056340227945826715,AMZN
2026-04-22,252.44000244140625,255.94000244140625,250.3300018310547,255.36000061035156,36065100,0.021807838295304194,0.01984610574565072,250.76199951171876,227.96050033569335,216.48040008544922,93.07558045172937,42475120.0,0.8490876541372926,0.022556369412079613,AMZN
2026-04-23,255.38999938964844,258.7900085449219,253.07000732421875,255.0800018310547,39091400,-0.001096486445127054,0.01393868885618242,251.83800048828124,230.12900009155274,217.44279998779297,94.01592819505161,41914260.0,0.9326515605905962,0.018112005421093258,AMZN
2026-04-24,259.9800109863281,264.5,257.69000244140625,263.989990234375,53777400,0.03493017225717909,0.015902132764306787,254.5239990234375,232.95149993896484,218.64099975585938,94.63040132796155,42263880.0,1.272419853548704,-0.0035985519322521142,AMZN
2026-04-27,263.4599914550781,264.1499938964844,260.3399963378906,261.1199951171875,44906800,-0.010871605831113018,0.017259991378345836,257.0919982910156,236.04049987792968,219.8713995361328,89.95780847163036,43352620.0,1.0358497364173145,0.015088857671117895,AMZN
2026-04-28,258.3900146484375,261.0299987792969,256.6300048828125,259.70001220703125,42204400,-0.005438047398549362,0.014241423149756382,259.05,238.97800064086914,221.08959991455077,86.14404258578519,43209020.0,0.9767497619709958,0.03296109802170433,AMZN
2026-04-29,257.989990234375,265.9100036621094,257.70001220703125,263.0400085449219,72367900,0.012860978748156615,0.014281104129383854,260.58600158691405,241.71650085449218,222.32740020751953,83.29937879092785,50469580.0,1.4338914649180754,0.03425326549329144,AMZN
2026-04-30,273.1700134277344,273.8800048828125,256.1600036621094,265.05999755859375,100974900,0.0076793983730687465,0.014288165958333276,262.5820007324219,244.44100036621094,223.53280029296874,82.20669162401299,62846280.0,1.6066965300094134,0.03203044711602776,AMZN
2026-05-01,265.5799865722656,273.32000732421875,262.739990234375,268.260009765625,50825200,0.012072784412985094,0.014371718508561409,263.4360046386719,247.36550064086913,224.80080047607422,82.90423342317773,62255840.0,0.8163924862310106,0.0250875278601157,AMZN
2026-05-04,268.79998779296875,276.1000061035156,268.79998779296875,272.04998779296875,49083700,0.014128002271583506,0.013330472062922236,265.62200317382815,250.32850036621093,226.03960021972657,80.48718312311563,63091220.0,0.777979883730256,-0.0032346054207657016,AMZN
2026-05-05,276.0799865722656,278.55999755859375,272.3800048828125,273.54998779296875,41908500,0.005513692583370089,0.013358241944250846,268.3919982910156,253.31749954223633,227.4051998901367,82.32261580553144,63032040.0,0.6648761487015176,-0.0031803880680336682,AMZN
2026-05-06,272.8900146484375,277.79998779296875,272.2099914550781,274.989990234375,44552000,0.005264129064761924,0.01262176383083389,270.78199462890626,256.0044990539551,228.73379974365236,82.43143025424176,57468860.0,0.7752372328248724,-0.021818976010312907,AMZN
2026-05-07,275.0199890136719,276.6300048828125,270.489990234375,271.1700134277344,35892900,-0.01389133038400725,0.014146884285472077,272.0039978027344,257.88050003051757,229.94440002441405,74.56502366117059,44452460.0,0.8074446273614554,-0.019729342621216395,AMZN
2026-05-08,271.6300048828125,274.0,269.95001220703125,272.67999267578125,34732700,0.0055683857848436435,0.009952280977830073,272.88799438476565,259.595499420166,231.23959991455078,79.62609577858919,41233960.0,0.8423323881577224,-0.009351576431941289,AMZN
2026-05-11,269.8399963378906,273.6300048828125,268.4800109863281,268.989990234375,38176700,-0.013532354923427414,0.010398485001901832,272.2759948730469,261.05049896240234,232.41939971923827,72.06294088793373,39052560.0,0.9775722769518823,-0.006580129662556056,AMZN
2026-05-12,266.7099914550781,267.6499938964844,262.6300048828125,265.82000732421875,36776200,-0.011784761609137218,0.011139535595153653,270.72999877929686,261.89049911499023,233.56799987792968,62.76859884359213,38026100.0,0.967130470913399,-0.0063200384827775125,AMZN
2026-05-13,264.42999267578125,270.7200012207031,263.20001220703125,270.1300048828125,39670900,0.016213969753363422,0.011533303958162672,269.75800170898435,262.97199935913085,234.79600006103516,66.72598582919812,37049880.0,1.0707430091541457,-0.01950919718650368,AMZN
2026-05-14,269.1499938964844,270.7799987792969,266.6300048828125,267.2200012207031,31338400,-0.010772604336833247,0.012113714822605908,268.96799926757814,263.8479995727539,235.80399993896484,54.14211256702888,36138980.0,0.8671633787118508,-0.02948882885568216,AMZN
2026-05-15,262.5,264.3599853515625,260.8900146484375,264.1400146484375,40770300,-0.011526033074604314,0.011988535211180741,267.2600036621094,264.5270004272461,236.70800018310547,53.85207652459863,37346500.0,1.091676596200447,0.003293689213826445,AMZN
2026-05-18,263.8699951171875,268.8500061035156,262.5299987792969,264.8599853515625,33690800,0.0027257161474880665,0.010824656922240187,266.4340026855469,265.3559997558594,237.74099975585938,56.70128507154612,36449320.0,0.9243190270764996,0.0135921101812988,AMZN
2026-05-19,262.0400085449219,262.25,255.19000244140625,259.3399963378906,40340700,-0.020841158796957915,0.011789085979048753,265.13800048828125,265.82749938964844,238.6579995727539,45.45228124873406,37162220.0,1.0855298741571413,0.0269145179489938,AMZN
2026-05-20,260.04998779296875,265.5799865722656,259.5299987792969,265.010009765625,34933200,0.021863243262898013,0.014329935148456228,264.11400146484374,266.3099998474121,239.67159973144533,49.94361841715763,36214680.0,0.9646143497609256,0.0010565592580615846,AMZN
2026-05-21,263.5,269.489990234375,261.3699951171875,268.4599914550781,36591700,0.01301830709151064,0.014703903457386563,264.36199951171875,266.97899932861327,240.7877996826172,50.22429598170309,37265340.0,0.9819231489636214,0.012627634494299489,AMZN
2026-05-22,268.6600036621094,269.7900085449219,266.239990234375,266.32000732421875,27535500,-0.007971333528174807,0.014664742736745978,264.797998046875,267.09550018310546,241.9235998535156,43.326347845991336,34618380.0,0.7954011712853114,0.028837460440708007,AMZN
2026-05-26,267.94000244140625,269.29998779296875,262.07000732421875,265.2900085449219,38028100,-0.003867523096163561,0.014148745187768375,264.8840026855469,267.3040008544922,243.07600006103516,40.27319281979408,35485840.0,1.0716415336370788,0.020166632482164104,AMZN
2026-05-27,266.1499938964844,272.4100036621094,265.70001220703125,271.8500061035156,40061900,0.024727646527565872,0.01576019329314281,267.38600463867186,267.91150054931643,244.27820007324217,46.70030152068794,35430080.0,1.1307312882161147,-0.0389552918893743,AMZN
2026-05-28,272.2699890136719,274.5,267.44000244140625,274.0,40630400,0.007908750591183455,0.015156085221015235,269.1840026855469,268.4595001220703,245.45420013427736,53.08211051100956,36569520.0,1.1110454826861276,-0.06379566053404429,AMZN
2026-05-29,271.2900085449219,274.75,269.6400146484375,270.6400146484375,54749600,-0.01226272026117703,0.015297112507599025,269.62000732421876,268.7385009765625,246.66960052490234,47.86433958936637,40201100.0,1.3618930825275926,-0.07618980660624797,AMZN
2026-06-01,266.2900085449219,266.6300048828125,260.70001220703125,261.260009765625,53604400,-0.03465860321873382,0.01881076040300288,268.6080078125,268.3885009765625,247.71960083007812,42.768946344905864,45414880.0,1.1803268003790828,-0.028592269005093818,AMZN
2026-06-02,257.1600036621094,261.20001220703125,254.3699951171875,256.5199890136719,41811000,-0.0181429249589532,0.019504222188014925,266.85400390625,267.6120010375977,248.7426007080078,41.54850010510884,46171460.0,0.9055594083444621,-0.04089346126479021,AMZN
2026-06-03,254.6999969482422,257.0899963378906,247.7100067138672,250.02000427246094,51394200,-0.02533909644314114,0.020006203747300406,262.4880035400391,266.4355018615723,249.54020080566406,32.42437473145051,48437920.0,1.0610323482098323,-0.019198476000852227,AMZN
2026-06-04,253.1199951171875,255.8300018310547,251.75,253.7899932861328,35609800,0.01507874949703436,0.01914819615310406,258.4460021972656,265.37550201416013,250.47120056152343,38.436343255285735,47433800.0,0.7507262753563915,-0.03782651443590668,AMZN
2026-06-05,254.25999450683594,256.3800048828125,245.77999877929688,246.02999877929688,55607800,-0.03057644001781823,0.019757868299649282,253.5239990234375,264.1185012817383,251.15760040283203,35.56968741686684,47605440.0,1.1680975955689097,-0.03263829134308227,AMZN
2026-06-08,246.67999267578125,249.4199981689453,243.36000061035156,245.22000122070312,33899500,-0.0032922715222234444,0.019827334317019,250.3159973144531,262.74550170898436,251.91120056152343,34.37300735890098,43664460.0,0.7763636605147527,-0.015129298978055594,AMZN
2026-06-09,247.72999572753906,250.42999267578125,240.39999389648438,244.19000244140625,44425400,-0.004200304926880172,0.01981982640710828,247.85,261.50550231933596,252.80820068359375,37.01798786722462,44187340.0,1.0053875159717693,-0.02309676617904033,AMZN
2026-06-10,243.61000061035156,244.07000732421875,237.4499969482422,238.0,38590200,-0.025349123139844942,0.01668988661226046,245.4459991455078,260.114501953125,253.5492007446289,27.05958891682434,41626540.0,0.9270575935448875,0.03369749694311319,AMZN
2026-06-11,237.92999267578125,242.13999938964844,235.17999267578125,241.50999450683594,41335400,0.01474787607914263,0.017752004559235972,242.98999938964843,258.68350143432616,254.2140005493164,27.13386964844682,42771660.0,0.9664202885742569,0.018591385844435315,AMZN
2026-06-12,243.2100067138672,243.36000061035156,233.58999633789062,238.5500030517578,51186600,-0.012256186172015071,0.017752010272838722,241.49400024414064,257.25000152587893,254.77360046386718,26.761484897107167,41887420.0,1.222004124388659,-0.004401605694089983,AMZN
2026-06-15,245.02000427246094,247.80999755859375,244.72999572753906,246.02000427246094,41711600,0.031314194613874635,0.020592056607219904,241.65400085449218,256.34400100708007,255.49860046386718,35.443407698558616,43449840.0,0.9599943290930415,-0.006625497335604136,AMZN
2026-06-16,248.0,249.50999450683594,245.4499969482422,246.0,35187400,-8.13115686266741e-05,0.02017722770116579,242.01600036621093,255.40100173950196,256.16280059814454,28.331917876200365,41602240.0,0.8458054181697908,-0.05369921428401292,AMZN
2026-06-17,244.89999389648438,245.91000366210938,236.0,237.5,44780800,-0.03455284552845528,0.021431543732186854,241.91600036621094,254.30900192260742,256.6374005126953,22.348472062762653,42840360.0,1.0452946707263897,-0.014273681640625036,AMZN
2026-06-18,240.1199951171875,245.72999572753906,236.02000427246094,244.38999938964844,75624400,0.029010523745888195,0.023251357246698936,242.49200134277345,253.2780014038086,257.10020050048826,31.123240701584066,49698160.0,1.5216740418558756,-0.041409203087121704,AMZN
2026-06-22,240.0800018310547,242.0,232.24000549316406,232.7899932861328,68388500,-0.047465142323687703,0.02589747105489198,241.33999938964843,251.49450149536133,257.08300048828124,30.16026304243944,53138540.0,1.2869849265711855,-0.024829240714794865,AMZN
2026-06-23,232.5500030517578,236.8699951171875,232.0,234.11000061035156,60492600,0.005670378290686617,0.02612539671801095,238.95799865722657,249.88400115966797,256.997600402832,33.60164070572321,56894740.0,1.0632371287749975,-0.006065516916164304,AMZN
2026-06-24,233.85000610351562,242.4199981689453,232.9499969482422,234.27000427246094,70282600,0.0006834550497296643,0.02617340705788924,236.61199951171875,248.33300094604493,256.8852005004883,37.29633611777355,63913780.0,1.0996470557679423,0.02505653737198288,AMZN
2026-06-25,232.02000427246094,232.32000732421875,225.5500030517578,227.00999450683594,77674100,-0.03098992458796157,0.026743341284144347,234.51399841308594,246.09100036621095,256.44500030517577,29.55101230443563,70492440.0,1.101878442567742,0.04990970488179758,AMZN
2026-06-26,227.2100067138672,233.89999389648438,226.1300048828125,232.69000244140625,248372100,0.025020959746330673,0.0277390385888391,232.1739990234375,244.02550048828124,256.1288003540039,39.479502207469395,105041980.0,2.3645032205219283,0.03872102115390508,AMZN
2026-06-29,234.22000122070312,249.7100067138672,233.8000030517578,240.13999938964844,77619200,0.03201683299701785,0.02963080779163558,233.6440002441406,242.5004997253418,255.93760040283203,46.37350078200178,106888120.0,0.72617237537717,0.01053551588959456,AMZN
2026-06-30,237.35000610351562,241.5399932861328,237.1699981689453,238.33999633789062,66228300,-0.00749564027789118,0.02770747151899015,234.48999938964843,241.35449905395507,255.69320037841797,45.86922483830775,108035260.0,0.6130248587359349,0.02441892847882654,AMZN
2026-07-01,239.75,244.89999389648438,234.89999389648438,241.6999969482422,53829900,0.014097510539473834,0.028221120209565416,235.9759979248047,240.6134994506836,255.56160034179686,52.72138534847061,104744720.0,0.5139151644111513,0.01770789753139046,AMZN
2026-07-02,241.61000061035156,246.72000122070312,241.0800018310547,242.6699981689453,48246400,0.004013244654325954,0.025710724902990936,239.10799865722657,240.24599914550782,255.4168002319336,50.88631042013413,98859180.0,0.48803156166174955,0.003914768844151872,AMZN
2026-07-06,243.8000030517578,246.0399932861328,240.8800048828125,244.16000366210938,40044000,0.006140048231783268,0.02404973098351709,241.4019989013672,239.76449966430664,255.19280029296874,54.384865162447426,57193560.0,0.7001487580070204,0.011795501232089611,AMZN
2026-07-07,246.97999572753906,248.92999267578125,242.6999969482422,245.97999572753906,40579600,0.007454095831143315,0.017281769328535663,242.56999816894532,239.76199951171876,255.01080017089845,49.965699143551305,49785640.0,0.8150864385794779,-0.002601835111654127,AMZN
2026-07-08,244.27000427246094,244.8000030517578,240.52000427246094,243.6199951171875,29653000,-0.009594278605344897,0.01794238109661222,243.6259979248047,239.68199920654297,254.60340026855468,48.038243041734496,42470580.0,0.6982009664101597,0.015146550017913096,AMZN
2026-07-09,239.82000732421875,247.5,238.25,247.0399932861328,38091700,0.01403824906613349,0.018152738865691704,244.69399719238282,239.8244987487793,254.3218002319336,58.58221278668209,39322940.0,0.9686890146057238,0.0018216168201965477,AMZN
2026-07-10,249.5500030517578,251.02999877929688,244.41000366210938,245.33999633789062,31654000,-0.006881464517662805,0.013867639600258703,245.22799682617188,240.19149856567384,254.03459991455077,50.94264376305316,36004460.0,0.8791688585247495,0.039210933885918786,AMZN
2026-07-13,244.67999267578125,249.64999389648438,244.17999267578125,247.30999755859375,34636100,0.008029678202122303,0.012508552051509098,245.85799560546874,240.48149871826172,253.71999969482422,67.81157428603623,34922880.0,0.9917881915809922,0.010432258527856009,AMZN
2026-07-14,245.5500030517578,248.55999755859375,243.8000030517578,247.49000549316406,30108100,0.0007278635572653958,0.008644671638523036,246.15999755859374,240.92849884033203,253.36859985351563,66.88540664531003,32828580.0,0.9171307440041574,-0.0010505869322152694,AMZN
2026-07-15,249.75,256.4800109863281,249.75,254.9600067138672,45240600,0.030183041960898382,0.011330271203335409,248.4279998779297,241.37549896240233,253.10259979248048,72.04346070335407,35946100.0,1.2585676888452433,-0.01949325811824587,AMZN
2026-07-16,255.1199951171875,258.0799865722656,248.0,249.88999938964844,45343700,-0.019885500434225545,0.013744359641882755,248.9980010986328,241.56999893188475,252.65940002441405,75.5699533641965,37396500.0,1.2125118660837244,-0.009364105580879634,AMZN
2026-07-17,244.4600067138672,250.24000549316406,243.58999633789062,247.22999572753906,43572400,-0.010644698341695902,0.01443844518286472,249.3760009765625,242.0564987182617,252.13300018310548,67.42568018073538,39780180.0,1.0953293826222004,-0.00962662162825223,AMZN
2026-07-20,248.75999450683594,252.88999938964844,248.0,249.99000549316406,32406500,0.011163733419575328,0.014685456067694001,249.91200256347656,242.3364990234375,251.63300048828125,63.30002472391627,39334260.0,0.8238746578682299,-0.06532261879365908,AMZN
2026-07-21,249.11000061035156,249.33999633789062,246.4199981689453,247.5500030517578,27732100,-0.009760399967161826,0.015039558671291418,249.92400207519532,243.07449951171876,251.1606002807617,62.22458149754754,38859060.0,0.713658539347066,-0.06237124722708265,AMZN
2026-07-22,248.27000427246094,248.4499969482422,242.4499969482422,244.85000610351562,34112700,-0.010906875035172847,0.015145108401831059,247.902001953125,243.61149978637695,250.6040005493164,54.25561608401439,36633480.0,0.931189174492841,-0.054972458151284154,AMZN
2026-07-23,236.25999450683594,238.35000610351562,232.0500030517578,233.66000366210938,47465300,-0.0457014586990675,0.020197591359121417,244.6560028076172,243.58099975585938,249.8974008178711,40.4615821510713,37057800.0,1.2808450582603392,-0.011983236359984106,AMZN
2026-07-24,234.3800048828125,234.9499969482422,231.33999633789062,232.11000061035156,35017400,-0.006633583101364859,0.020195679013274306,241.6320037841797,243.83600006103515,249.22320068359375,37.25946607494388,35346800.0,0.990680910294567,-0.023523358319373022,AMZN
2026-07-27,235.6699981689453,235.88999938964844,230.99000549316406,231.38999938964844,34999500,-0.0031019827616639573,0.01967682030693375,237.91200256347656,243.77099990844727,248.44840057373048,34.20655344536539,35865400.0,0.9758569540559983,0.017762222313811193,AMZN
2026-07-28,232.85000610351562,233.11000061035156,228.10000610351562,230.86000061035156,44521600,-0.002290499938177426,0.019577276637110643,234.57400207519532,243.30699996948243,247.72120056152343,35.61768986361005,39223300.0,1.135080424135654,0.17638389436999868,AMZN
2026-07-29,229.32000732421875,232.82000732421875,226.16000366210938,226.64999389648438,44957500,-0.0182361894773313,0.01484030214251217,230.93399963378906,242.7224998474121,246.97140014648437,27.419732587844408,41392260.0,1.0861330113407677,0.2531215383283423,AMZN
2026-07-30,233.35000610351562,239.82000732421875,231.05999755859375,235.5,101839800,0.0390470167299346,0.021424927675028137,231.3019989013672,242.4125,246.38420043945314,40.59274650944585,52267160.0,1.9484471702690562,0.1780043033024814,AMZN
2026-07-31,265.0,273.2300109863281,262.010009765625,271.5799865722656,129054800,0.15320588778032107,0.05444192155557786,239.19599609375,243.857999420166,246.62900024414063,64.04350157020136,71074640.0,1.8157643851590384,0.003939934373382137,AMZN
2026-08-03,278.2900085449219,287.20001220703125,278.0,284.0199890136719,90830200,0.04580603526208682,0.055566776926677795,249.72199401855468,245.85099868774415,247.00919982910156,68.51118521337632,82240780.0,1.1044423459991504,-0.0414054633580061,AMZN
2026-08-04,276.05999755859375,281.07000732421875,275.82000732421875,277.4200134277344,69748100,-0.023237715094833633,0.05636860462597478,259.03399658203125,247.4229995727539,247.1884002685547,61.48262066105503,87286080.0,0.7990747207343943,-0.010597658060355064,AMZN
2026-08-05,281.5899963378906,282.7900085449219,270.7300109863281,272.6499938964844,45119800,-0.017194215631067156,0.05669646098640857,268.23399658203124,248.87449951171874,247.315,61.67179022814781,87318540.0,0.5167264592376373,0.01995232922496104,AMZN
2026-08-06,272.7699890136719,275.4800109863281,271.05999755859375,272.260009765625,30672900,-0.001430347110176089,0.05330269303859339,275.58599853515625,250.13550033569337,247.45440002441407,63.14187501892727,73085160.0,0.4196871156880549,3.665337430747151e-05,AMZN
2026-08-07,272.8699951171875,278.30999755859375,272.75,274.4800109863281,33861400,0.00815397466052481,0.05278936817771069,276.16600341796874,251.59250106811524,247.5070001220703,62.93167642209791,54046480.0,0.6265236884992326,-0.026231462834610197,AMZN
2026-08-10,274.010009765625,280.1400146484375,273.6000061035156,278.0899963378906,35731900,0.013152088338200807,0.05231305196123572,274.9800048828125,253.1315010070801,247.58880004882812,65.92948196028863,43026820.0,0.8304564455379226,-0.046603587420423476,AMZN
2026-08-11,278.69000244140625,278.8399963378906,271.3599853515625,272.2699890136719,31895700,-0.02092850300572191,0.053501988511953306,273.95,254.37050018310546,247.6213995361328,63.85127718772045,35456340.0,0.8995767752678364,-0.035332557774865325,AMZN
2026-08-12,273.17999267578125,273.4599914550781,267.1000061035156,267.2799987792969,29941100,-0.0183273604720513,0.053508825365298406,272.8760009765625,254.98649978637695,247.74179931640626,68.11813247356929,32420600.0,0.9235208478559928,-0.02233613157725578,AMZN
2026-08-13,267.239990234375,269.5799865722656,264.7099914550781,265.1300048828125,32170200,-0.00804397600383,0.05350575642352565,271.45,255.74850006103514,247.91399963378908,67.68045552195034,32720060.0,0.9831950185910417,-0.02142342462631419,AMZN
2026-08-14,264.8800048828125,265.80999755859375,262.4200134277344,262.6499938964844,27251700,-0.009353943124710828,0.02108925803841342,269.08399658203126,256.5194999694824,248.16659942626953,66.42842376208341,31398120.0,0.867940500896232,0.012145450278074232,AMZN
2026-08-17,265.44000244140625,265.75,258.3399963378906,261.30999755859375,43896500,-0.005101832739500267,0.012255358091814068,265.7279968261719,257.0854995727539,248.31699951171876,65.86764335673121,33031040.0,1.328946954137684,-0.004592293514381063,AMZN
2026-08-18,260.6300048828125,262.17999267578125,257.7300109863281,259.45001220703125,33171300,-0.007117926481727599,0.01106447164118324,263.16400146484375,257.6805000305176,248.58539978027343,67.52138758553323,33286160.0,0.9965493165928422,-0.003160559975477706,AMZN
2026-08-19,260.8500061035156,266.3999938964844,258.5799865722656,265.8399963378906,35762400,0.02462896060980113,0.014108712520269403,262.8760009765625,258.7299995422363,248.9977996826172,66.64473444092748,34450420.0,1.0380831351257838,-0.01418142140236911,AMZN
2026-08-20,263.1600036621094,263.8399963378906,259.5199890136719,260.1099853515625,28374100,-0.021554360010767937,0.015331409306318612,261.8719970703125,260.052498626709,249.3161993408203,40.565873396369916,33691200.0,0.8421813411217173,0.00365234808555015,AMZN
2026-08-21,260.739990234375,261.0899963378906,257.0400085449219,258.6300048828125,35723000,-0.005689825658748426,0.014678028288820618,261.0679992675781,261.37849884033204,249.72879943847656,24.523357342817093,35385460.0,1.0095389462225446,0.006379746608410786,AMZN
2026-08-24,259.6000061035156,263.32000732421875,259.04998779296875,262.07000732421875,28070500,0.01330086369122152,0.01469947004291067,261.2200012207031,262.91249923706056,250.1399996948242,33.55472277495112,32220260.0,0.8712065017476581,-0.022169639394888585,AMZN
2026-08-25,262.510009765625,263.8900146484375,259.8299865722656,261.05999755859375,25550200,-0.003853969311243932,0.013707552297633895,261.5419982910156,264.42249908447263,250.59019958496094,36.494975723166576,30696040.0,0.8323614381529344,0.020569965400318413,AMZN
2026-08-26,261.2799987792969,262.04998779296875,258.239990234375,260.2799987792969,21528400,-0.002987814244201914,0.012765882136814642,260.42999877929685,266.10399932861327,250.87539947509765,36.16625541898985,27849240.0,0.773033662678048,-0.0019594658368561335,AMZN
2026-08-27,259.2300109863281,259.6600036621094,255.02000427246094,256.260009765625,35927800,-0.01544486334918349,0.013320497274054051,259.6600036621094,267.14199981689455,251.08059967041015,29.800417502630538,29359980.0,1.2236997436646755,-0.005229109285936784,AMZN
2026-08-28,258.32000732421875,267.55999755859375,257.7799987792969,266.42999267578125,49547400,0.03968618794425893,0.018765521208618706,261.2200012207031,266.88450012207034,251.6591995239258,38.71465678319795,32124860.0,1.5423382389837652,-0.04297563060843412,AMZN
2026-08-31,263.8299865722656,264.3599853515625,257.1199951171875,259.7699890136719,46089400,-0.02499719943397638,0.020525543620496235,260.75999755859374,265.6720001220703,251.96679931640625,38.095224255050525,35728640.0,1.2899847293375846,-0.0033490978711235853,AMZN
2026-09-01,254.8300018310547,255.82000732421875,251.92999267578125,254.9199981689453,31700100,-0.018670327789371055,0.02125752369231746,259.53199768066406,264.54699935913084,252.4093994140625,38.19708281691093,36958620.0,0.8577187135233946,0.014082895114021055,AMZN
2026-09-02,254.25999450683594,256.239990234375,253.39999389648438,254.97999572753906,24013300,0.0002353583831189443,0.019220601834910946,258.4719970703125,263.6634994506836,252.82679931640624,39.90449511017029,37455600.0,0.6411137453411506,0.007804555363200016,AMZN
2026-09-03,256.20001220703125,259.5,256.0,258.8999938964844,26891500,0.015373747880732092,0.019019067112732397,258.9999938964844,262.99549865722656,253.31939910888673,46.37400401668761,35648340.0,0.7543549012380381,-0.025106219209100833,AMZN
2026-09-04,259.07000732421875,261.1199951171875,255.2899932861328,258.510009765625,30749900,-0.001506311858065601,0.018933271839342507,257.41599731445314,262.1969985961914,253.9493994140625,47.241930354157184,31888840.0,0.9642840567421079,-0.025608332853255922,AMZN
2026-09-08,256.67999267578125,257.989990234375,254.75,256.9700012207031,29398000,-0.005957249184734059,0.01841521585303079,256.8559997558594,261.14099884033203,254.43499938964842,47.541619877832744,28550560.0,1.0296820797910795,-0.0007393954177673523,AMZN
2026-09-09,253.1199951171875,254.69000244140625,250.64999389648438,252.39999389648438,33055500,-0.01778420555905169,0.01910093464015335,256.3519989013672,260.14749908447266,254.68019927978514,36.178514780825004,28821640.0,1.146898649764552,0.004516637944595114,AMZN
2026-09-10,250.11000061035156,253.14999389648438,249.5800018310547,251.88999938964844,25484800,-0.002020580503837466,0.019104606718519983,255.73399963378907,259.37799911499025,254.95119934082032,40.5299587695776,29115940.0,0.8752868703534902,-0.013775859419235537,AMZN
2026-09-11,254.08999633789062,257.5899963378906,253.13999938964844,256.7799987792969,26724100,0.01941323356027369,0.01977206503684387,255.31000061035155,258.96049880981445,255.25279937744142,48.023918600610614,29082460.0,0.9189078227907818,-0.042137207402705434,AMZN
2026-09-14,253.14999389648438,255.9499969482422,250.74000549316406,253.5399932861328,34352800,-0.012617826577485336,0.014408797570810872,254.3159973144531,258.5049987792969,255.47019927978516,40.84958215902346,29803040.0,1.1526609366024405,-0.009268718572830736,AMZN
2026-09-15,252.24000549316406,253.27000427246094,247.22000122070312,248.4199981689453,36275400,-0.020194033496756192,0.01372659151687824,252.60599670410156,257.86049880981443,255.55539916992188,37.53942183218145,31178520.0,1.1634740840809634,0.021294616310737702,AMZN
2026-09-16,248.10000610351562,249.25999450683594,244.3000030517578,245.9600067138672,33488500,-0.00990255000889717,0.012971102993411913,251.31799926757813,257.1859985351563,255.55499938964843,36.335871905250976,31265120.0,1.0711137523220764,0.05078063568153213,AMZN
2026-09-17,251.07000732421875,252.72999572753906,249.24000549316406,251.19000244140625,30438800,0.02126360214985379,0.015162613123971476,251.1779998779297,256.45349884033203,255.7063995361328,45.27139377386233,32255920.0,0.9436655348847591,0.015088153387063485,AMZN
2026-09-18,252.9199981689453,255.42999267578125,251.8800048828125,253.7100067138672,52274700,0.010032263418002785,0.014589573418199473,250.56400146484376,256.1334999084473,255.8397998046875,36.161888000563074,37366040.0,1.3989895637857264,-0.0175003047728175,AMZN
2026-09-21,256.3999938964844,259.489990234375,253.60000610351562,258.45001220703125,42979400,0.018682769176344705,0.01598451108274684,251.54600524902344,256.1245002746582,256.1020001220703,48.501387982277066,39091360.0,1.0994603411086235,-0.03509385527501241,AMZN
2026-09-22,255.11000061035156,259.0,253.77999877929688,254.97999572753906,41982600,-0.013426257750425385,0.016465808958204858,252.85800476074218,255.7699996948242,256.2554000854492,50.07032062053835,40232800.0,1.0434918772742638,-0.020825153531917828,AMZN
2026-09-23,253.0,253.99000549316406,247.75999450683594,249.27000427246094,44209200,-0.022393880111205244,0.01705268565230808,253.52000427246094,255.18050003051758,256.29100006103516,44.09025901092973,42376940.0,1.0432371945685555,-0.012516589732017191,AMZN
2026-09-24,246.02000427246094,250.42999267578125,245.60000610351562,249.3800048828125,33040100,0.0004412910035951345,0.017055951079605745,253.1580047607422,254.63550033569337,256.17940002441406,39.30338313070576,42897200.0,0.7702157716587563,-0.010866976745552037,AMZN
2024-12-09,619.8616946855406,622.3256047567189,602.2271495803348,609.5790405273438,11426000,-0.016352298260656983,0.017555724930491914,610.7414306640625,577.7757568359375,576.7541381835938,76.72294438355785,13209380.0,0.8649913924801921,0.028065222151677283,META
2024-12-10,613.5431250969708,621.5209236734686,608.754469147132,615.2916870117188,10938900,0.009371461458768326,0.01755060475043812,611.86806640625,579.5715026855469,577.6856408691406,76.52362496676975,12415720.0,0.8810524077540408,0.0016630395243935059,META
2024-12-11,619.3152570040297,634.2475228007214,617.4872593239821,628.564697265625,10837200,0.021571899205024447,0.017908113616325865,615.6234741210938,581.9489379882813,578.8025280761718,78.28978558400772,11643760.0,0.9307302795660508,-0.012544176748164104,META
2024-12-12,627.3924153614809,632.5188255188012,623.1303414479055,626.68701171875,7474700,-0.0029872589966367658,0.017461813604197282,619.967041015625,584.4719177246094,579.9545849609375,78.6475014350007,11522460.0,0.6487069601456633,-0.01720122637723953,META
2024-12-13,623.1402509971973,626.9751899127812,612.877485604871,616.31494140625,8453300,-0.016550638705681187,0.019455223417704833,619.2874755859375,586.6173706054688,580.7012951660156,74.5527560126211,9826020.0,0.8602974551242517,-0.03655722132476846,META
2024-12-16,626.3871249494445,627.5504959861296,615.0521770037514,620.6798706054688,10885600,0.007082303066122675,0.017488047336132417,621.5076416015625,590.1275604248046,581.2736193847657,74.22679640457021,9717940.0,1.120155094598238,-0.04592781412220548,META
2024-12-17,622.5988247624721,628.7634772034443,613.0237415005263,615.9072265625,12897800,-0.007689381062596867,0.014363311928663811,621.6307495117187,593.3832244873047,581.9722375488282,69.4226399451113,10109720.0,1.2757821185947782,-0.05519499309485343,META
2024-12-18,617.4583869094773,623.7821007515766,592.9191462226406,593.7841796875,17075500,-0.03591944682720005,0.018549521626368526,614.6746459960938,595.2004119873047,582.0672521972656,60.36275350283236,11357380.0,1.503471751407455,0.004454102148724992,META
2024-12-19,606.9088879422355,608.0324482730709,591.6066443741169,592.1734008789062,14958100,-0.0027127344642989826,0.01845396485475879,607.771923828125,596.7170043945313,582.1773400878906,58.11582304997914,12854060.0,1.1636868040136734,0.020451097069119184,META
2024-12-20,587.2118506480338,599.6703586208927,576.6921729829667,581.9122314453125,48989400,-0.017327980990642367,0.016438870276655686,600.8913818359375,597.8412414550781,582.2149365234375,47.17257235358462,20961280.0,2.3371378083781145,0.030926835919677265,META
2024-12-23,586.2374121284414,597.6619341779531,582.9065418782488,596.428955078125,10205800,0.024946586183206554,0.018632693375134537,596.0411987304688,599.8875366210938,582.4212622070313,44.42776868580454,20825320.0,0.49006689933215913,-6.651731312623532e-05,META
2024-12-24,599.2826535850089,604.5226181500589,595.8623301938501,604.2839965820312,4726100,0.013170120996016,0.01892716537787894,593.716552734375,602.0300262451171,582.7753503417969,47.8235305476172,19190980.0,0.24626673572688837,-0.027165959520186078,META
2024-12-26,602.0267925347978,602.8421231735949,595.5241134668595,599.908935546875,6081400,-0.007240074302650057,0.017106199744664867,594.94150390625,603.5350067138672,583.1243969726562,47.99184209315224,16992160.0,0.35789446427058125,-0.0295680863021609,META
2024-12-27,595.9915391510104,598.4176262629032,586.4363595285397,596.3892822265625,8084200,-0.0058669793226266975,0.017101715279111848,595.7846801757812,605.07958984375,583.591416015625,39.838871451348204,15617380.0,0.5176412432815235,-0.0009504421239387995,META
2024-12-30,585.3922526209689,593.5355460021086,582.2403486947754,587.8680419921875,7025900,-0.014288050587632606,0.016943371784229614,596.9758422851562,605.9437744140625,583.8852294921875,40.406582079384314,7224680.0,0.9724859786177381,0.022647257006342736,META
2024-12-31,588.8922329910956,590.5824891387454,580.5202095603594,582.1707763671875,6019500,-0.009691402182185116,0.016484096463928562,594.1242065429688,605.6036193847656,584.07423828125,35.362905683849135,6387420.0,0.9423992785819627,0.07632660626867338,META
2025-01-02,586.3567230754558,601.4600950104973,584.467595428158,595.8224487304688,12682300,0.0234496009031393,0.018942318945899303,592.4318969726562,604.91181640625,584.5623095703126,35.5785138408351,7978660.0,1.589527564779048,0.031122864221357238,META
2025-01-03,601.3109040557052,606.0238608766297,593.0084898939718,601.181640625,11436800,0.00899461224723952,0.015279086277850743,592.6864379882812,604.4815155029297,585.021455078125,39.10031425149301,9049740.0,1.2637711138662546,0.010072428160686098,META
2025-01-06,608.3406674545436,627.3913686715185,602.1660620801258,626.6058959960938,14560800,0.042290472052110895,0.019885054785563513,598.7297607421875,605.5633514404296,586.3531030273438,53.89653398510135,10345060.0,1.4075123778885767,-0.0227547168598341,META
2025-01-07,628.0973881957177,628.4950705588813,604.761207491555,614.3661499023438,12071500,-0.019533403965650398,0.020180636509123766,604.0293823242188,605.2960205078125,587.3586877441406,47.74393127020656,11354180.0,1.0631767331502584,-0.01547203270488362,META
2025-01-08,609.9017687218794,612.9244095793259,599.3522320412079,607.2369995117188,10085800,-0.011604074201936765,0.01959339363750967,609.042626953125,605.1789184570313,588.1130029296875,46.95319668442734,12167440.0,0.8289171756754091,-0.026968216109987675,META
2025-01-10,606.5509491882634,626.3175151465059,593.9333194710705,612.34765625,19256600,0.008416247268184796,0.01934753184310738,612.3476684570312,605.0317169189453,588.8719689941406,57.40929133474628,13482300.0,1.428287458371346,0.002045909059013473,META
2025-01-13,603.6376302707936,605.4969606390209,595.0369984046291,604.8606567382812,10785000,-0.012226713755334573,0.019659369135615737,613.0834716796875,603.8465148925782,589.18076171875,54.83700574200713,13351940.0,0.8077477879618992,0.004882020117583874,META
2025-01-14,601.619200037685,602.0367877207286,585.1933967179181,590.8609008789062,13598000,-0.023145423170468526,0.02104017973829092,605.93447265625,602.055209350586,589.2389660644532,53.317112968041776,13159380.0,1.033331357556359,0.031165317671874915,META
2025-01-15,606.7298993735042,618.9100357195088,603.0410362328,613.6004638671875,15524300,0.0384854759461255,0.023711537946909715,605.7813354492188,601.9194854736328,590.2332104492187,55.9994404406189,13849940.0,1.1208929424965017,-0.0010693080731267735,META
2025-01-16,608.0124701226764,612.7353797434167,606.2327007655699,607.8135986328125,8355300,-0.009430998793422574,0.023694304663304064,605.8966552734375,601.276171875,591.1200659179688,51.25126740888613,13503840.0,0.6187351153449685,0.019957688058484857,META
2025-01-17,620.4909048829862,621.4056409451063,600.2271312773192,609.2752685546875,17280600,0.002404799637854227,0.022746729574351292,605.282177734375,600.9445739746094,592.1649096679688,53.39046186531301,13108640.0,1.3182603229625651,0.0386442452620952,META
2025-01-21,614.3065179402437,617.9555708513625,605.5368113256808,612.9443359375,11674000,0.006022019228707931,0.022671217352603888,606.8989135742188,601.9025817871094,593.0496655273438,55.98618779165336,13286440.0,0.8786401775042826,0.05033557447961057,META
2025-01-22,619.7452813031715,630.0859939331771,615.8973569336624,619.9441528320312,12274000,0.011419987891437167,0.01827668468096096,612.7155639648438,603.2911193847656,594.0819677734376,61.727524485574214,13021640.0,0.9425848049861615,0.05834787561292942,META
2025-01-23,623.7820662654243,632.9693595822604,617.6075215774163,632.8202514648438,9910200,0.020769771880244203,0.018159245629125832,616.559521484375,605.8365203857422,594.98134765625,67.5946252750482,11898820.0,0.832872503323859,0.05951769302208576,META
2025-01-24,632.7705234115529,648.2815295995391,630.5830582601542,643.7972412109375,19065300,0.017346141689815298,0.017857808264743695,623.75625,608.2049346923828,596.1471606445313,66.98104606764342,14040820.0,1.3578480459118485,0.04478841149968704,META
2025-01-27,623.0363031971424,660.0838116699604,621.5349053194199,656.1165771484375,28399200,0.01913542828224646,0.01833391378289659,633.12451171875,610.7965637207031,597.6819567871094,68.53155693623386,16264540.0,1.7460807376046295,0.041098478541117034,META
2025-01-28,662.2017426693867,678.6872024447362,655.7089547113195,670.4842529296875,20950100,0.021898053305852594,0.017498254672369467,644.6324951171875,614.3253295898437,599.4713220214844,65.99492276235546,18119760.0,1.1562018481480991,0.0220217830986269,META
2025-01-29,671.1504043086316,677.1658883876141,661.8735972833647,672.6318969726562,21377800,0.0032031237625411713,0.013366645191380321,655.1700439453125,618.1374603271485,601.3994116210938,72.92640119581006,19940520.0,1.07207836104575,0.030998236815520608,META
2025-01-30,692.8459730540745,706.7362716155509,672.2441097313682,683.0819702148438,29322900,0.015536095283647189,0.010099584812968118,665.2223876953125,622.8981567382813,603.5929333496093,79.08339753953713,23823060.0,1.2308620303185234,0.025021768529385646,META
2025-01-31,687.0591393102349,701.2775724581132,681.6700672504257,685.24951171875,19303900,0.0031731792060394337,0.00781903429137809,673.512841796875,628.0520935058594,606.2884020996094,78.60038139460933,23870780.0,0.8086832520763879,0.02276619630594756,META
2025-02-03,672.0551542315792,699.9849793278047,671.3989450157673,693.4822998046875,21415700,0.012014292524321402,0.0070489363800489,680.985986328125,632.9350860595703,609.1421691894532,84.56520238341795,22474080.0,0.952906637335099,0.020832750250087795,META
2025-02-04,698.493525085138,703.6738334316884,687.6656180103822,700.1738891601562,13826300,0.009649257605209849,0.006733261225152547,686.9239135742188,637.8846984863281,611.9968383789062,95.21298510356417,21049320.0,0.6568525729097187,0.014669556225090252,META
2025-02-05,699.537557457663,714.0443756323507,695.023471471929,700.8500366210938,17778200,0.0009656850553918517,0.007803828289209202,692.5675415039062,641.5969055175781,614.7770080566406,94.14423011004119,20329400.0,0.8745068718211064,0.017776265167673166,META
2025-02-06,701.8543038374813,714.8000689545609,699.4878723496911,707.929443359375,13080700,0.010101171960284372,0.00723638946075954,697.5370361328125,646.2750701904297,617.7470471191406,100.0,17080960.0,0.7658059031810859,0.010969231421822823,META
2025-02-07,712.712095053205,720.875295472029,707.6909072166903,710.4451293945312,16427100,0.003553583000049265,0.007270775146640784,702.5761596679688,651.4354766845703,620.845888671875,100.0,16505600.0,0.9952440383869717,0.015198884735848628,META
2025-02-10,714.4618902748606,717.0868483333172,707.273143990759,713.3085327148438,12904300,0.004030435570376634,0.006690080123609926,706.54140625,656.4835205078125,623.8833752441407,100.0,14803320.0,0.8717166149215176,0.0155562060494161,META
2025-02-11,709.2518608628535,719.5328566627956,705.990537952229,715.6948852539062,12998000,0.003345470339433776,0.00485579723753468,709.64560546875,662.0252319335938,626.8010864257812,100.0,14637660.0,0.8879834618374794,0.02343708758654417,META
2025-02-12,711.2205731043938,722.9532645960217,708.5359592891488,721.2431030273438,12016500,0.0077522110158285695,0.004717784767122,713.72421875,668.5443420410156,629.91599609375,100.0,13485320.0,0.8910800781887267,-0.012421164461213774,META
2025-02-13,717.4050792825848,724.8424002660025,713.9448849935358,724.4049072265625,12569100,0.004383825905506011,0.0036837527200934248,717.0193115234375,674.0845642089844,632.9924072265625,100.0,13383000.0,0.9391840394530374,-0.03402594229335265,META
2025-02-14,721.9987740417008,736.6844981606084,721.4817202277445,732.4686889648438,16901200,0.011131594578995818,0.0038841538934687005,721.4240234375,680.3173187255859,635.8623034667969,100.0,13477820.0,1.2540010179687813,-0.056782453988149295,META
2025-02-18,731.8024756909897,732.7967725329612,702.4110634697961,712.284423828125,21938700,-0.0275564886810985,0.011174807699896655,721.2192016601563,685.4677764892579,637.9148217773437,75.43557966859103,15284700.0,1.4353372980823962,-0.045814300310846545,META
2025-02-19,700.0844219380573,702.9679072184475,691.4241347921043,699.75634765625,17535500,-0.017588586458964883,0.01253871732218143,718.031494140625,689.8083770751953,639.7141955566407,64.65408141394491,16192200.0,1.082959696644063,-0.05064149351650726,META
2025-02-20,693.3034063210538,701.6057615774716,689.6841508587038,690.8773193359375,12587400,-0.012688742803193875,0.013151792879856352,711.9583374023438,693.3550354003906,641.4323583984375,54.284190435298896,16306380.0,0.7719309865218399,-0.05373911574656243,META
2025-02-21,692.6073286354539,699.8557309488359,678.4683956288643,679.651611328125,15660400,-0.016248482463720904,0.013241117349251746,703.0076782226563,695.6966033935547,642.6311352539062,47.20206419303549,16924640.0,0.925301808487507,-0.01440997423355328,META
2025-02-24,682.3661554395793,683.3504997324554,658.6720415917437,664.3196411132812,15677000,-0.022558572597044413,0.01413319131680322,689.3778686523438,696.7227233886719,643.725947265625,36.389816710125345,16679800.0,0.9398793750524587,-0.014802632032283825,META
2025-02-25,662.1718483496754,664.1903000980276,638.1993657059429,653.7501831054688,20579700,-0.015910199478823106,0.013871013975870991,677.6710205078125,696.6044036865235,644.4951171875,29.090927084375664,16408000.0,1.254247927840078,0.01627376530931679,META
2025-02-26,655.8879894912211,679.1147510461686,654.2473752935454,669.8578491210938,14488700,0.024638870369580346,0.017153452676804258,671.6913208007812,696.5730834960938,645.3209802246093,37.74477813090103,15798640.0,0.9170852680990262,-0.027683039313797342,META
2025-02-27,678.5579109809865,684.7225637116007,653.8198000036269,654.4859619140625,12500000,-0.022947984004666577,0.01707340771969501,664.4130493164063,695.6657867431641,645.8769592285156,30.167526146798963,15781160.0,0.7920837251507494,-0.027710275519257532,META
2025-02-28,654.2870702842284,665.8109973539985,638.9351246579868,664.38916015625,17534200,0.015131261506702742,0.01833830239990126,661.3605590820313,694.7311462402344,646.8384436035157,33.79735142510026,16155920.0,1.0853111429123194,-0.01755459997986286,META
2025-03-03,669.8379033612619,677.3647378963709,647.1281969958483,651.3141479492188,10843800,-0.019679749446779526,0.017236185369043942,658.7594604492188,693.0343780517578,647.4511291503907,29.652146737823927,15189280.0,0.7139113901383081,-0.04140132850023115,META
2025-03-04,641.8285608669278,646.0443697452546,620.0932465782156,636.3499755859375,21495200,-0.022975352846853814,0.01681904815181983,655.2794189453125,690.1777618408203,647.8599841308594,25.943585292871276,15372380.0,1.3983000680441156,-0.022406286309612944,META
2025-03-05,637.3443298953736,655.7388230358797,634.0233514585074,652.72607421875,13770000,0.025734421719327827,0.02019739719042703,651.8530639648437,687.80537109375,649.0388220214844,30.506373119850636,15228640.0,0.9042173168451024,-0.08908261475497514,META
2025-03-06,644.3044240355638,646.8498218018017,620.550655319109,624.348876953125,13446500,-0.043474894579000445,0.023309645806254286,645.8256469726563,683.9803131103515,649.6823315429688,25.10517881917869,15417940.0,0.8721333719031207,-0.03538608386158548,META
2025-03-07,621.8034116028319,631.1696708677619,597.1846120700849,622.0917358398438,21375700,-0.0036151920770584045,0.023265376426613738,637.366162109375,679.688427734375,650.4859216308594,21.720098381410622,16186240.0,1.3206093570835475,-0.009749664233502209,META
2025-03-10,604.6020574621467,606.6304010700431,583.5229533389278,594.5795288085938,21999900,-0.044225321518067795,0.025604603077136266,626.01923828125,673.8951477050781,650.4489331054688,20.93402298718911,18417460.0,1.1945132499269715,-0.012291113433113732,META
2025-03-11,591.6563759772822,611.4230037979147,589.9462143877115,602.255615234375,17401500,0.012910108831298617,0.02656116567251249,619.2003662109375,668.3425018310547,650.4083654785156,25.33211156057689,17598720.0,0.9887935031638665,0.004012625063897657,META
2025-03-12,626.3076063631013,629.7180372558605,605.8747576675322,616.0265502929688,15747000,0.022865598444000712,0.026325030713164853,611.8604614257813,663.3590850830078,650.7307177734375,31.520038624898177,17994120.0,0.875119205607165,-0.022793171371901177,META
2025-03-13,616.7125984520483,616.9611726553743,583.165033681088,587.271484375,16480300,-0.046678289928077765,0.028774999121681844,604.4449829101562,656.6605041503906,650.5483618164062,29.009105564412963,18600880.0,0.8859957163317005,-0.013141331568462422,META
2025-03-14,599.8953822688998,605.926179590697,591.914068126194,604.6722412109375,12364500,0.02962983441032585,0.030516931773515433,600.961083984375,650.6738708496093,650.8844458007812,36.57297021320562,16798640.0,0.736041727187439,-0.03874249895275539,META
2025-03-17,604.5330139333223,610.145791783639,595.1185744835724,601.9853515625,15473900,-0.00444354720675888,0.03030134111439402,602.4422485351563,644.1497039794922,651.2807373046875,37.91864137332747,15493440.0,0.9987388210752421,-0.031244879816622384,META
2025-03-18,597.1587204090904,597.3577688817956,571.8910444369675,579.553955078125,20297700,-0.03726236265741778,0.0314316182903496,597.9019165039062,637.5131805419921,650.9553674316406,29.52831548836167,16072680.0,1.2628696645487871,0.023851097772271457,META
2025-03-19,581.4646990631072,589.4659367740201,572.0005129037568,581.2457275390625,20537500,0.002919093979281806,0.02940450253230893,590.945751953125,631.5876495361329,650.5566491699219,32.2986834589767,17030780.0,1.2059048381812225,0.05956571001340949,META
2025-03-20,579.952013079878,607.2597973961192,576.7176730240673,583.1763916015625,24336500,0.003321596995945697,0.02733737754374258,590.1267333984375,626.202603149414,649.6880590820313,29.58507652662,18602020.0,1.3082718973530831,0.0687883172809538,META
2025-03-21,580.6087578221687,594.6607153580624,578.1506887401925,593.376953125,25015900,0.017491382830885804,0.02837629314928875,587.86767578125,621.8888702392578,649.2682751464844,35.22243646885161,21132300.0,1.183775547384809,0.024704357836667024,META
2025-03-24,612.0067329441661,619.5402641270977,609.2501215154047,615.8680419921875,15741300,0.03790354301551302,0.027421139938299834,590.6442138671875,619.4662902832031,649.4408959960938,44.96901434802998,21185780.0,0.7430125301027387,-0.02629058047554589,META
2025-03-25,623.7399580748611,630.8256453980655,618.1868283737851,623.2921142578125,15312500,0.012054647683308772,0.027391106797348137,599.391845703125,617.9433868408203,649.65978515625,42.43754434011558,20188740.0,0.7584673436777134,-0.07914606104297894,META
2025-03-26,621.8789578468637,623.729980786782,603.6870115810134,608.0359497070312,12609800,-0.024476748865895015,0.027813910923102644,604.7498901367187,614.8522918701171,649.723291015625,45.50570432228992,18603200.0,0.6778296207104154,-0.05666297365575257,META
2025-03-27,599.0992913670475,611.2902653192839,597.2084221310924,599.676513671875,10436500,-0.01374825952179981,0.02339770183630302,608.0499145507813,612.1118194580079,649.8996032714844,44.02538274050433,15823200.0,0.6595694928965063,-0.02751503801488031,META
2025-03-28,597.4174350028129,598.8504988672187,571.1545792698175,573.9609985351562,17602800,-0.042882311630416,0.02516928557904043,604.1667236328125,607.5904113769532,649.1068139648437,44.45113157401962,14340580.0,1.2274817336537296,0.012466586564100712,META
2025-03-31,560.7848045267424,575.9115762646734,550.6339405485874,573.5828247070312,21124700,-0.0006588841908947707,0.025205545801307367,595.7096801757813,603.7038452148438,648.4221984863282,41.96806820905745,15417260.0,1.370198076701048,-0.07762508245472954,META
2025-04-01,568.0894659442173,587.0675247580245,567.2534867114175,583.1763916015625,12836600,0.016725687174178105,0.023111361193347415,587.6865356445312,601.045166015625,647.9002209472657,40.577364189302514,14922080.0,0.8602420037957175,-0.1386860813487557,META
2025-04-02,572.1397763325173,589.8042481703526,570.5972571371435,581.1163330078125,13470800,-0.003532479406603728,0.023137682259758027,582.3026123046875,597.4646789550782,647.2636608886719,47.915205771253554,15094280.0,0.8924440251538993,-0.1159044050998791,META
2025-04-03,543.588036975163,549.8975147269518,527.74476370987,529.0584106445312,34777500,-0.08958261781050536,0.036529908727783104,568.1789916992187,592.7001556396484,645.4459460449219,29.258569844741103,19962480.0,1.7421432607571805,-0.03982173472296613,META
2025-04-04,504.17882025902844,515.5039899950378,491.8186836840174,502.2979431152344,38589800,-0.05058131009900335,0.03736325958191438,553.8463806152344,586.710466003418,642.8354998779297,25.845167749850077,24159880.0,1.597267867224506,0.16056121223631692,META
2025-04-07,482.7624960602015,536.7709789044776,479.5779034791825,513.7623901367188,36606100,0.022823997546918662,0.0351927601366121,541.8822937011719,582.6696090698242,640.2348028564453,33.163515214749594,27256160.0,1.3430395184061144,0.05818889090717505,META
2025-04-08,540.6323266100003,544.7921778120626,500.4369329768723,507.9903869628906,28034200,-0.011234771724516701,0.03376985420559281,526.8450927734375,577.95634765625,637.2722790527343,31.63696494559933,30295680.0,0.9253530536366901,0.06488394179707124,META
2025-04-09,506.8160916317589,585.057289769847,499.69058816526285,582.947509765625,39216600,0.1475561835941004,0.06259303290609984,527.211328125,576.3023956298828,635.5215441894532,49.95800188420347,35444840.0,1.1064121039903128,-0.09268148757430106,META
2025-04-10,572.7169643692248,578.4989661784922,532.7206193644059,543.6576538085938,28173500,-0.06739861702613292,0.06587633998716096,530.1311767578125,574.1217041015625,632.9420593261718,41.75686109427383,34124040.0,0.8256202958383592,-0.04534197674331142,META
2025-04-11,532.929645345754,544.7623677490587,526.0430064952079,540.9508056640625,17642300,-0.004978957116796634,0.06471866719048841,537.8617492675781,570.9356323242188,630.0994360351563,36.70716968381655,29934540.0,0.5893626559820194,-0.07590564212454154,META
2025-04-14,553.490102125213,555.0824290396921,525.7345350359763,528.9190673828125,14130900,-0.022241834479717726,0.06495113730805141,540.8930847167969,567.2823181152344,626.9728271484375,33.5244495817947,25439500.0,0.5554708229328407,-0.056446252571888844,META
2025-04-15,529.5460805193426,535.348006407367,515.0064915389678,519.0071411132812,15558700,-0.018739967758351517,0.0645243968303539,543.096435546875,564.2549774169922,623.4833239746093,34.161905043180354,22944400.0,0.6781044612192954,-0.07067820885566767,META
2025-04-16,506.05972448726374,510.89629171463736,493.24178266268706,499.88958740234375,18735100,-0.036834856780448066,0.06502296505395483,526.4848510742188,560.1871704101562,619.4776379394531,32.90249403227227,18848100.0,0.9940047007390665,-0.004041297693790025,META
2025-04-17,502.81539097496864,504.85550065060545,495.61028752053573,499.0635681152344,14593500,-0.0016524034665369447,0.05922077310011111,517.5660339355469,555.9815292358398,615.441908569336,35.97046516012291,16132100.0,0.904624940336348,0.03746903915200073,META
2025-04-21,488.9624892710341,491.12204638412413,477.48804834845106,482.32464599609375,16166000,-0.03354066132768796,0.05797401799497374,505.84080200195314,550.4289138793945,610.9298126220704,33.893064115596204,15836840.0,1.020784449422991,0.10004976964613443,META
2025-04-22,489.4999049556232,504.43758854395816,484.0164453354945,497.869384765625,17399400,0.03222878801357609,0.058506557713545626,499.6308654785156,544.5289810180664,606.6782977294922,35.25322954557828,16490540.0,1.0551140229489149,0.09392734567662098,META
2025-04-23,525.9832078416969,532.7603901449021,514.0310705693126,517.7630004882812,18173900,0.03995749955989214,0.05980324993889099,499.3820373535156,539.2525253295898,602.7673870849609,39.684326667378244,17013580.0,1.06819963817139,0.056643682345068,META
2025-04-24,516.2305527386591,531.327501952741,515.0064987584616,530.5811157226562,13910000,0.024756723099732314,0.03393411090859864,505.5203430175781,535.3797836303711,599.0651116943359,50.28426350593481,16048560.0,0.8667444306529682,0.03993228606652144,META
2025-04-25,544.1651677352489,547.2104203356789,533.6660162993873,544.6329345703125,17098900,0.026483827696199835,0.02848355537357707,514.6342163085938,532.627604675293,595.5329083251953,58.2969205353109,16549640.0,1.0331886373359178,0.003161174395114985,META
2025-04-28,552.9625978702912,555.7988405135861,537.9851302140396,547.0910034179688,15179000,0.0045132578138991075,0.02843718531219725,527.5874877929688,531.2841049194336,591.9866302490234,56.770851028530636,16352240.0,0.928252031525956,0.040874034240270474,META
2025-04-29,543.3690983377817,553.8881740688888,541.4981522607771,551.7684326171875,11835000,0.008549636477288791,0.027222746953764344,538.3672973632813,530.1933853149415,588.3726251220703,58.933428190200466,15239360.0,0.7766074165844234,0.07679818994634391,META
2025-04-30,535.8057152188378,546.454108106064,526.9485760464694,546.3546142578125,29244000,-0.009811758048019925,0.026510315886901153,544.0856201171875,528.3522964477539,585.0540289306641,39.573513289406314,17453380.0,1.6755493778282486,0.0915665956243632,META
2025-05-01,589.2270710866627,590.0928741199751,567.7510376168162,569.4528198242188,31159000,0.04227694790824388,0.02418710551252808,551.8599609375,527.7691207885742,582.4479583740234,58.096979524773666,20903180.0,1.4906344393532467,0.026388879212726035,META
2025-05-02,580.6485914612911,601.4279850243998,575.5433057566704,594.1432495117188,24739300,0.04335816564245221,0.025244603706993215,561.7620239257812,531.0233627319336,580.513276977539,64.67196436862767,22431260.0,1.1028939078767754,-0.0003517407210664736,META
2025-05-05,588.3711864956578,600.3034638901578,585.2164780987113,596.3824462890625,13887700,0.0037687826617300857,0.018713211248580826,571.6203125,535.727587890625,578.8478936767578,69.67093381588211,22173000.0,0.6263338294321923,-0.0021025203840292495,META
2025-05-06,589.6749204940905,593.1580557272168,583.7535784495642,584.4800415039062,10600700,-0.01995767122124048,0.022346362460013713,578.1626342773437,539.2634704589843,577.2511016845704,68.87149744312205,21926140.0,0.4834731512249762,0.00881985513758643,META
2025-05-07,587.5153323507782,600.1740725426264,583.8431102074584,593.9342651367188,13139100,0.016175443063010553,0.020769309062589,587.678564453125,543.5606643676758,576.0547833251953,78.70593863807252,18705160.0,0.7024318423365531,0.07141297329704122,META
2025-05-08,603.3686118483918,608.3544812296859,593.7452230797331,595.1285400390625,14622800,0.0020107863318321595,0.020707191055242134,592.8137084960938,544.1697158813477,574.5601971435547,79.25683519232967,15397920.0,0.9496607333977576,0.0970217584871309,META
2025-05-09,600.8109394870412,604.0452793268493,588.8588608245773,589.6350708007812,10427300,-0.009230727260905125,0.020959471811942965,591.9120727539063,546.468586730957,573.263179321289,85.08486184158538,12535520.0,0.8318202994371194,0.11286267358039859,META
2025-05-12,627.8798729663799,637.304273026421,618.0375744395401,636.348876953125,21965100,0.07922494516634138,0.030608004228469682,599.9053588867188,551.2384902954102,572.7023736572265,87.61008607965584,14151000.0,1.552194191223235,0.006959276573623052,META
2025-05-13,642.4294524194285,657.7353489578065,639.7325493918635,652.8689575195312,18570800,0.025960728720863635,0.030655255704760853,613.5831420898437,557.4359848022461,572.7334698486328,87.37880799890848,15745020.0,1.179471350306319,-0.02391656044137369,META
2025-05-14,658.0239835535567,659.4769096738539,651.1572068855135,656.182861328125,12348200,0.0050759095993542225,0.029528911472687325,626.032861328125,564.2947708129883,573.1301275634765,86.67822579294025,15586840.0,0.7922195903723911,-0.02870968942135077,META
2025-05-15,651.1273156430934,654.142683700188,635.502955512594,640.7774047851562,14341800,-0.02347738328884097,0.031020028425256065,635.1626342773437,571.3391616821289,572.8911541748047,77.85588857863846,15530640.0,0.9234519633447172,-0.010529888230667694,META
2025-05-16,634.8860406989016,637.3540714948545,623.1329490749869,637.2545776367188,18519000,-0.005497739343069741,0.029387733685205843,644.6865356445312,578.2487121582031,573.1492681884765,75.96285998502589,17148980.0,1.0798892995385148,-0.00755872717926509,META
2025-05-19,625.222752281206,639.9016788170561,624.7749084759689,637.3440551757812,9592400,0.00014041097891248633,0.02945993120685719,644.8855712890625,585.9996826171875,573.4543145751953,75.31050737234997,14674440.0,0.6536808218916701,-0.006027152207212172,META
2025-05-20,632.9453765445664,636.2692486398543,629.2134460315281,634.0300903320312,6743500,-0.005199648159950332,0.02830404332897501,641.1177978515625,592.8077178955078,574.2433258056641,76.25773350779082,12308980.0,0.5478520559786433,-0.015758741210608607,META
2025-05-21,628.7455994874404,643.4941942951137,627.1334105693713,632.437744140625,11464600,-0.0025114678556854564,0.02835915033449236,636.3687744140625,598.541455078125,574.8469683837891,71.65236037994364,12132260.0,0.9449682087261565,0.0107318570218089,META
2025-05-22,630.9948087661452,640.1504905814367,627.670936619393,633.502685546875,8228400,0.0016838675681778437,0.02836527978570995,634.9138305664062,603.687533569336,575.1964910888672,66.15470175183688,10909580.0,0.7542361850777024,0.011012102155558035,META
2025-05-23,620.9933209399371,629.4026176425451,619.649850070868,624.03857421875,8454100,-0.014939338923172896,0.0287741532924941,632.2706298828125,607.6578155517578,575.9318328857422,60.715667476084036,8896600.0,0.9502618978036553,0.028689347128512566,META
2025-05-27,632.3482375434634,639.9813232293817,629.7010815324659,639.2249755859375,9508400,0.024335677303602088,0.015382678966409947,632.6468139648438,612.2645141601563,576.6228875732422,70.68511675982884,8879800.0,1.0707898826550148,0.008048839966764199,META
2025-05-28,639.5035627304547,647.7436941279635,639.4538158071571,640.4788818359375,9042900,0.001961603970261905,0.012599267481644359,633.936572265625,616.7000366210938,577.3927581787109,68.74849107231101,9339680.0,0.9682237507066623,0.04245013582556845,META
2025-05-29,648.5100680358424,650.1720041827151,636.4185881552338,641.9418334960938,8858800,0.002284152845075438,0.012459077975373952,635.8373901367188,621.4793975830078,578.6405157470704,68.81598876617844,8818520.0,1.0045676598794355,0.03379581319838465,META
2025-05-30,639.4040496486017,646.280726398137,629.7309155940587,644.3699951171875,16241000,0.003782525914956647,0.010008649844109917,638.0108520507813,625.2252563476562,579.9030010986328,72.55578600428893,10421040.0,1.5584816870485096,0.06248760343260118,META
2025-06-02,641.2850258933295,670.0159111420195,641.1556474381308,667.6672973632812,15766300,0.036155163062576934,0.014737385643663253,646.7365966796875,628.9014587402344,581.5928192138672,65.99252112977192,11883480.0,1.3267409883300179,0.02045001851621442,META
2025-06-03,668.2146512733183,672.3247558564644,661.825602850503,663.6367797851562,11585000,-0.00603671558280916,0.015078470393240923,651.6189575195312,632.2641754150391,582.9980157470703,56.302406932147484,12298800.0,0.9419618174130809,0.04627727794243097,META
2025-06-04,666.0948954485151,685.6800602730475,665.3485093161423,684.6351318359375,14031900,0.03164133256384494,0.016927156084672,660.4502075195312,637.2719299316407,584.3733575439453,63.79695104554016,13296600.0,1.0552998510897522,0.008881380882088452,META
2025-06-05,688.3271613596083,691.0340864353897,678.9625308264896,681.3211059570312,13083100,-0.00484057233525137,0.01710048391189656,668.3260620117187,641.6412719726562,585.5339373779296,72.27203841047168,14141460.0,0.9251590712698688,0.02597062645321291,META
2025-06-06,692.8154651620004,699.4234846834818,688.5361970003321,694.3480834960938,11728000,0.019120173182898714,0.01731747241474433,678.3216796875,646.6022491455078,587.2601800537109,78.39810659050283,13238860.0,0.8858768806377588,-0.005116735387628135,META
2025-06-09,695.0944598989832,701.7920116440988,690.5962202918921,690.7156372070312,12773200,-0.005231448570827579,0.016028952603308593,682.93134765625,651.6562774658203,589.0809625244141,75.6430408017717,12640240.0,1.0105187876179567,-0.0010085108845920843,META
2025-06-10,697.9704528283436,699.8413987256182,688.2276487579279,699.0154418945312,10850100,0.01201623973805055,0.015288113773385846,690.007080078125,654.7896057128906,591.5820513916016,79.79551265117153,12493260.0,0.8684762824114762,-0.027804610436222288,META
2025-06-11,700.3191821519877,705.454291870014,688.6556236044764,690.7952880859375,9582500,-0.011759616906766412,0.016561242016056167,691.239111328125,656.685922241211,593.9263006591797,75.22368466872298,11603380.0,0.8258369544046649,0.012274440956388855,META
2025-06-12,689.9593345072929,692.0293290729078,683.6897030900501,690.01904296875,7322700,-0.0011236977590544095,0.016719672299773017,692.9786987304688,658.3777313232422,596.0631536865235,74.48899063352255,10451300.0,0.7006496799441218,0.006355176593716649,META
2025-06-13,684.6351288995007,691.2232256070356,677.728566821259,679.57958984375,9274400,-0.015129224666155738,0.018176893541666014,690.025,660.3178405761719,598.0324188232422,73.86465200005036,9960580.0,0.9311104373440101,0.019674729249399503,META
2025-06-16,696.4957433738915,704.2840574478909,690.6993236168908,699.2744140625,13720300,0.028980894236800614,0.01693054835491199,691.7367553710938,663.418832397461,601.4367388916015,74.83945308515678,10150000.0,1.3517536945812807,-0.028157500031422034,META
2025-06-17,699.1549233609281,703.108804504359,693.238994654824,694.4042358398438,10066100,-0.006964616643647115,0.016998724169148972,690.8145141601562,666.271841430664,605.2788647460937,71.65826578554244,9993200.0,1.0072949605731898,0.001864707576672009,META
2025-06-18,695.3503400453831,698.7465537027304,692.0836651620434,692.9501342773438,10068300,-0.0020940274950099758,0.01416241227382909,691.2454833984375,669.2178436279297,608.8626196289063,70.48813398433555,10090360.0,0.9978137549106275,0.023614201868268125,META
2025-06-20,697.9100487923474,698.975719664775,675.919516070965,679.5845947265625,22538600,-0.01928788074299137,0.015529084528227946,689.15859375,671.5751861572265,612.2945037841797,63.00200115381842,13133540.0,1.7161100510601102,0.03858719989394954,META
2025-06-23,680.9192120003645,696.2169479400084,675.9992299066224,695.6990966796875,11080100,0.023712282588761235,0.016214903285394777,692.3824951171875,674.6850067138672,614.5495355224609,60.929674251333985,13494680.0,0.8210717112224966,0.03945427463346829,META
2025-06-24,702.0332271284436,710.2995766217482,699.2644647708578,709.3135986328125,13823200,0.019569526564145345,0.01714295094851368,694.39033203125,678.9487579345703,617.8626544189453,66.5710536606407,13515260.0,1.0227846153163165,0.030089849806314017,META
2025-06-25,710.429070970547,713.6758686004573,702.5212476934295,705.807861328125,9320400,-0.004942436337671663,0.01696696702946134,696.6710571289062,682.2779022216797,621.1597955322266,58.79788705032103,13366120.0,0.6973153016731857,0.04149972552645487,META
2025-06-26,711.4648967683559,725.2687117209913,708.1683136455351,723.1473999023438,13964800,0.024566938857256027,0.017778105173480427,702.7105102539062,686.411328125,625.0443621826172,65.56570430699566,14145420.0,0.987231202749724,-0.009461812567083894,META
2025-06-27,723.5755683841301,732.4494310569042,722.9182092007885,730.65673828125,18775700,0.010384243073985111,0.01772956978782885,712.9249389648437,690.8470733642578,629.2773541259766,64.09099630244617,13392840.0,1.4019207277918648,-0.027343481122839353,META
2025-06-30,741.5324738401788,744.8689334249254,731.2742298621163,735.0986938476562,15402100,0.006079401357270919,0.016133914258186118,720.8048583984375,695.3835083007813,633.9815362548828,67.11703398775398,14257240.0,1.080300254467204,-0.02585052280179012,META
2025-07-01,733.893576308325,734.7600455077777,712.4707423479545,716.3051147460938,13431200,-0.025566062433321823,0.017421957626458262,722.2031616210937,697.8153991699219,638.3263671875,56.168729922022536,14178840.0,0.9472707217233568,-0.0012096173268735244,META
2025-07-02,712.4309163210858,717.3807446486052,709.911140766825,710.6780395507812,9336700,-0.00785569595898683,0.017478192909914116,723.177197265625,700.1674621582031,642.8934350585937,57.22764351384897,14182100.0,0.6583439688057481,0.0099500598990927,META
2025-07-03,723.6651827300041,726.0754187289656,711.524583891452,716.0960083007812,8601700,0.007623661416954253,0.017467211980267017,721.7669189453125,701.7405059814453,647.2579675292968,59.16987070384651,13109480.0,0.6561434931057525,0.019151304021123527,META
2025-07-07,714.691699254539,724.053627417977,710.6183091744663,715.4386596679688,9457100,-0.0009179615934074015,0.015688097342443908,718.7233032226562,703.4463836669922,651.2114807128906,63.54131181652694,11245760.0,0.840948055089207,0.012375629673631483,META
2025-07-08,718.6457055045739,719.9802408545968,711.9130919841612,717.7493286132812,7770700,0.0032297233509646084,0.014286552119496128,715.2534301757812,704.6164459228515,654.9548449707031,58.03103281948039,9719480.0,0.7994975039816945,-0.004384926194374694,META
2025-07-09,719.7908939937631,734.5409296194899,719.7908939937631,729.8101806640625,11418000,0.016803710668853222,0.013957791497844997,717.954443359375,706.5711730957031,658.6583898925782,64.48537780678838,9316840.0,1.2255228167490264,-0.01618496288013671,META
2025-07-10,728.5851937618205,732.8179695463292,716.6836120454662,724.2926635742188,9913600,-0.007560208443273986,0.014145351354219298,720.6773681640625,707.8350341796875,662.2024230957031,62.41031500675719,9432220.0,1.05103570527405,-0.023169830546723946,META
2025-07-11,719.5718173438482,722.2210100216284,706.8237059553837,714.60205078125,10873900,-0.013379415918901905,0.012629770302844389,720.3785766601562,709.0253723144531,665.4590954589844,64.28104174943172,9886660.0,1.0998557652432672,-0.02034815391816225,META
2025-07-14,714.6916780207232,725.0495530943306,713.6459456305495,717.9982299804688,8939400,0.004752546113610867,0.012177456834542341,720.8904907226563,710.4243316650391,668.8919677734375,60.146773825334485,9783120.0,0.9137575742707847,-0.027062697966274696,META
2025-07-15,720.9661812972705,721.5338176914017,706.9432281110463,707.5109252929688,11529500,-0.014606309945618179,0.012466602197302367,718.8428100585937,711.8208984375,671.6531298828126,49.15570140959416,10534880.0,1.0944120863265647,-0.008600863761369038,META
2025-07-16,710.4788478373293,711.0763918410653,696.4360166593995,700.0612182617188,13067600,-0.010529458648522172,0.010252825788645798,712.893017578125,711.860238647461,673.7714892578125,47.40439862535376,10864800.0,1.2027464840586113,0.014311928461195,META
2025-07-17,701.5352245721698,703.0391144882735,694.2847001730921,698.5672607421875,11803300,-0.0021340383963002196,0.01006275021505324,707.7479370117187,712.0683898925781,675.815185546875,37.0431809246446,11242740.0,1.049859731702414,0.004847568343619102,META
2025-07-18,699.3441638290562,701.8539702144897,688.8469022692487,701.4257202148438,12779800,0.0040918886888847705,0.009757605666611642,705.1126708984375,712.4921691894531,678.1540991210937,33.797125494539856,11623920.0,1.0994397759103642,0.013205003515875502,META
2025-07-21,703.935467146971,714.094140720639,702.8997039450122,710.0804443359375,9404400,0.012338760715023156,0.010772467852005084,703.5291137695312,714.0169616699219,680.4770227050781,36.75104773319215,11716920.0,0.8026341393472004,0.0025667103147526404,META
2025-07-22,713.2874984053531,713.695810051256,698.5673681499907,701.95361328125,8921100,-0.01144494418838371,0.011169960768125684,702.4176513671875,714.3296875,682.6135241699219,41.431858248423815,11195240.0,0.7968654535320369,0.011166085026373729,META
2025-07-23,703.5072478245529,711.7337817619899,702.0730813658738,710.6880493164062,8771600,0.012443038784753169,0.010406078582564664,704.543017578125,714.3984100341797,685.0345837402343,50.005762238784364,10336040.0,0.84864222661677,0.005675583457210642,META
2025-07-24,714.1438962383025,720.6872763494622,711.1062695692692,711.9030151367188,10920800,0.0017095627560941296,0.010327989012100285,707.2101684570313,714.7031677246093,686.5456665039062,47.46351340574038,10159540.0,1.0749305578795891,-0.02070505380784804,META
2025-07-25,714.0144936743148,717.7294182953093,709.0148797574245,709.7916870117188,8271700,-0.0029657524692384696,0.009509363205406697,708.8833618164062,714.0353820800781,687.68412109375,46.6430046632192,9257920.0,0.8934728319104075,-0.024513151218047424,META
2025-07-28,712.3014741673994,721.8027888995285,709.7916676847334,714.7216186523438,8715700,0.006945603521196997,0.009671312228214794,709.8115966796875,713.2386260986328,688.8548962402343,48.25445552637284,9120180.0,0.9556499981360017,0.07776986146625631,META
2025-07-29,717.0819684709821,721.5338231804328,697.0733629096566,697.1630249023438,13267000,-0.024567038818705256,0.011613265048061344,708.8534790039063,711.3418426513672,689.9826086425782,32.3001812698419,9989360.0,1.328113112351542,0.07144293553699566,META
2025-07-30,705.220260506502,705.6285721008213,688.3986981647392,692.3924560546875,27077300,-0.0068428311273743825,0.011347111517489045,705.1943603515625,710.1462097167969,691.0853662109375,32.563924127066954,13650500.0,1.9836123218929709,0.11674176258828561,META
2025-07-31,772.0582967543337,781.5695805434973,762.4075657653623,770.305419921875,38831100,0.11252717037262694,0.03762532976951484,716.8748413085938,713.1275787353516,693.7445935058594,67.44000819407734,19232560.0,2.0190291880020133,-0.012903341847399052,META
2025-08-01,757.6469231660217,762.8955845641383,742.2894337714881,746.9703979492188,19028700,-0.03029320756307663,0.03977788274661229,724.3105834960937,714.6712982177735,696.0033996582031,58.06400648001735,21383960.0,0.8898585668884529,0.029306288757736665,META
2025-08-04,756.9199199436857,773.701607011529,755.3363370487518,773.2235717773438,15801700,0.03514620378558808,0.04076067092726376,736.0109741210938,717.5605438232421,698.8191162109375,66.8145031563231,22801160.0,0.6930217585421092,-0.018728191470257505,META
2025-08-05,773.3032507518016,779.956171055707,759.9077481452855,760.3659057617188,11640300,-0.016628652416881384,0.04108499470054004,748.6515502929688,719.691372680664,701.3563806152343,65.01516360831266,22475820.0,0.5179032400152698,0.007649322695315819,META
2025-08-06,766.8794027711585,770.5046654460572,757.3780876386139,768.861328125,9733900,0.011172808116338029,0.04107426152767823,763.9453247070312,721.643930053711,704.2528356933594,66.9127291673642,19007140.0,0.5121180777328941,-0.007927586706193424,META
2025-08-07,770.3552105915298,771.8591006297718,756.4717038209484,758.7424926757812,9019700,-0.013160806869940034,0.04161784173264927,761.6327392578125,723.366421508789,706.6431860351563,63.32486704618336,13044860.0,0.6914370870979067,0.03697660980962714,META
2025-08-08,759.658747758983,766.7797947505699,755.5056648409816,766.1821899414062,7320800,0.00980529934390284,0.04146918565417935,765.47509765625,725.9454284667969,709.1572521972656,63.116499941636015,10703280.0,0.6839772480959108,0.014012840941887816,META
2025-08-11,766.9590730751903,770.3253796334465,761.5709644271586,762.76611328125,7612000,-0.004458569652235678,0.04167026746398081,763.3836059570312,728.1838226318359,711.5737377929687,64.53810263659528,9065340.0,0.8396816887176873,0.021230743624951698,META
2025-08-12,769.867116884642,790.4533266506146,769.2994197367773,786.7982177734375,14563100,0.03150651828095352,0.04067087943249056,768.670068359375,732.1481872558594,714.4223022460938,66.95509158957493,9649900.0,1.509145172488834,-0.006037901769790799,META
2025-08-13,787.943722897786,792.2362532867143,775.0760401421516,776.9185791015625,8811800,-0.012556762901463348,0.0410173785012833,770.2815185546875,735.9910552978515,716.6073278808594,63.94519296906154,9465480.0,0.9309406390378512,-0.016293302382568875,META
2025-08-14,774.7274293874929,784.617178000717,769.3791976719999,778.960205078125,8116200,0.0026278506287280567,0.021038128347603352,774.3250610351563,740.0107025146484,718.9137963867188,64.84039779484772,9284780.0,0.8741402596507403,-0.039187904172886756,META
2025-08-15,780.9720282034339,793.0229651164598,777.6555069770899,782.047607421875,13375400,0.003963491746590941,0.017869701235743746,777.49814453125,744.041796875,720.8620458984375,64.56019478553239,10495700.0,1.274369503701516,-0.047769433518966675,META
2025-08-18,771.9487538776341,772.6658066945315,753.4938227994072,764.260009765625,16513700,-0.022744903874700406,0.01622714429669962,777.796923828125,746.7507751464843,722.5208239746094,64.4963107703563,12276040.0,1.3451976370230139,-0.03684015411404706,META
2025-08-19,764.0110161040656,764.0608013068265,746.3229839925046,748.4343872070312,12286700,-0.02070711846279516,0.016706445346559157,770.1241577148437,749.0748138427734,723.6025500488281,61.55585464198272,11820760.0,1.039417093317181,0.004404539456510426,META
2025-08-20,744.5402806181255,747.1596267051697,728.0374276650272,744.6896362304688,11898200,-0.005003445913992488,0.016120737366660795,763.678369140625,750.7748931884765,724.6820300292969,42.39050617786702,12438040.0,0.9565976632974327,0.007462752013257967,META
2025-08-21,741.6918632286945,742.4786396352457,730.1388392043501,736.1045532226562,8876300,-0.011528404035900386,0.016015154588574932,755.1072387695312,751.9849700927734,725.4238122558594,46.4621280411319,12590060.0,0.7050244399152983,0.020294955273637783,META
2025-08-22,736.2339614223348,753.8323905933418,731.4136114592857,751.7308959960938,10612700,0.021228428359837626,0.017372691376703053,749.043896484375,754.0819305419922,726.6425244140624,42.4818117301637,12037520.0,0.8816350876260226,-0.00981718704367096,META
2025-08-25,751.7609296230241,755.8044731291578,747.0899344704388,750.2470703125,6861200,-0.0019738788062283463,0.017347673500129595,746.24130859375,755.858203125,727.8470849609375,46.15440642621704,10107020.0,0.6788548949146237,-0.0029072453996275005,META
2025-08-26,747.7571485914523,751.8106610061906,744.9087541771366,751.0437622070312,7601800,0.0010619060387657697,0.01304596816204961,746.76318359375,758.5522399902344,729.2763684082031,42.807684404671505,9170040.0,0.8289822072749955,-0.020421693409911845,META
2025-08-27,749.2510563210803,751.0935950889643,739.8294348400382,744.3510131835938,8315400,-0.008911263710878914,0.012847203853688576,746.695458984375,761.1501678466797,730.177900390625,44.0254176303771,8453480.0,0.9836658985411925,-0.01641743840959664,META
2025-08-28,740.9847476708056,749.9980580487584,737.7977043404688,748.06591796875,7468000,0.0049907969752973624,0.01300744526587426,749.0877319335938,760.0381927490234,731.2511340332031,42.239059871387035,8171820.0,0.9138723075153393,-0.01871900780593705,META
2025-08-29,742.2595260689985,744.1119731912547,732.3697173104384,735.7061767578125,9070500,-0.01652226216173347,0.01323171632663911,745.8827880859375,759.4749816894531,732.1062548828126,39.23271137983526,7863380.0,1.1535115942508183,0.01346968302968099,META
2025-09-02,723.0974285537161,733.0170837996081,718.8048988776511,732.1306762695312,9350900,-0.00485995714218157,0.011855704684667198,742.2595092773438,757.4203369140625,733.1571765136719,24.017692984710663,8361320.0,1.118352126219305,0.023588545079047618,META
2025-09-03,733.0171338161767,737.2499093850881,731.015270232833,734.0628662109375,7699300,0.002639132608472927,0.010466110085721807,738.863330078125,756.1051849365234,733.9244519042969,27.96712710476274,8380820.0,0.918680988256519,0.02069072576226305,META
2025-09-04,745.53621296405,758.0751543418567,742.7973581267053,745.6159057617188,11439100,0.015738487917820176,0.011755920820891623,739.11630859375,754.9429138183593,734.650498046875,34.38432009238271,9005560.0,1.270226393472477,0.022774321020882837,META
2025-09-05,749.5698677544291,754.8782839951389,742.0106616303525,749.4005737304688,9663400,0.005075894893743715,0.01107007321442056,739.3832397460938,754.4758178710938,735.5223522949219,34.81006367466003,9444640.0,1.0231623439326434,-0.000624766913725594,META
2025-09-08,752.9361769242321,763.4035930252454,748.9723260269124,749.2511596679688,13087800,-0.00019937809996095623,0.008727605388977143,742.092236328125,753.6292663574219,736.0444274902344,41.645460815323936,10248100.0,1.2770952664396327,-0.0018610704323840377,META
2025-09-09,754.4200531631994,763.1943457772385,750.3765098642984,762.5968017578125,10999000,0.017811973885709875,0.010389510577320599,748.1854614257812,753.62080078125,736.6832287597656,58.10721196210064,10577720.0,1.0398271082993311,-0.01320361000532555,META
2025-09-10,762.0291033400259,762.5968005514799,747.9563642207584,748.932373046875,12478300,-0.01791828746126456,0.012107204399312566,751.1593627929688,751.7275085449219,736.95990234375,52.18103674940088,11533520.0,1.0819160152321234,0.016915355093692908,META
2025-09-11,751.5915523569047,754.0315742808393,745.336974982777,747.8567504882812,7923300,-0.0014362078570829828,0.011735726813572402,751.6075317382813,750.2744171142579,737.5909350585938,56.54683783258145,10830360.0,0.7315823296732519,0.03742179902937148,META
2025-09-12,745.6955270108052,754.4997269984316,740.7456986088828,752.5277709960938,8248600,0.006245875971250925,0.011795269728997334,752.2329711914062,748.9527954101562,738.4279296875,50.505634948297896,10547400.0,0.7820505527428561,0.02664140999390474,META
2025-09-15,754.4000905423925,770.9328504065699,748.942319380906,761.600830078125,10533800,0.01205677641639924,0.010568701508732882,754.7029052734375,747.9304565429687,739.3380261230469,56.57132441048134,10036600.0,1.0495386884004543,0.02033471848366264,META
2025-09-16,763.8915286963957,778.1933163916536,761.9992046361366,775.8428955078125,11782500,0.018700170571277486,0.011106546049844375,757.3521240234375,748.5096008300782,740.5461108398438,62.42017850668927,10193300.0,1.1559063306289425,-0.0007960564563648242,META
2025-09-17,776.8288860861533,780.1154998547986,763.2043349956956,772.576171875,9400900,-0.004210547846383639,0.011531142350949758,762.0808837890625,749.7166900634766,741.6426477050782,64.6383872864976,9577820.0,0.9815281556763439,-0.012947420612348548,META
2025-09-18,777.5857421327424,785.5832269744436,770.2256780600211,777.0877685546875,10955000,0.005839678783696067,0.01093408670276277,767.9270874023438,751.3365966796875,742.5881994628907,64.92821181939996,10184160.0,1.0756900912790057,-0.03119526012256235,META
2025-09-19,783.2326732749732,787.5949262795673,766.0725248094219,775.2252807617188,23696800,-0.0023967534535163093,0.011121067571136777,772.4665893554687,753.2926330566406,743.6068518066406,72.78875698201131,13273800.0,1.7852310566680227,-0.022105548168292466,META
2025-09-22,779.2068840936374,783.0737723834768,761.8856333765553,762.5733032226562,11706900,-0.016320388218803883,0.012756886110635565,772.661083984375,753.8347534179687,744.5662768554688,65.89130096780525,13508420.0,0.8666372529133681,-0.021237472287700343,META
2025-09-23,766.6494677320859,767.994879580523,748.5309344746781,752.8463134765625,10872600,-0.012755481610734587,0.012151639529286468,768.061767578125,753.9647155761719,745.2632385253906,59.06723141669525,13326440.0,0.8158668031372219,-0.015422346540643228,META
2025-09-24,754.9392103751906,758.5369918811637,749.9860410574281,758.0885009765625,8828200,0.006963157561059363,0.010827740404027711,765.1642333984375,754.3169525146484,746.2747900390625,56.41146635024162,13211900.0,0.6682006373042484,-0.022690833766889962,META
2025-09-25,750.9028646268723,754.2116481824468,742.0329280425029,746.378173828125,10591100,-0.015447176857784184,0.012053726629819485,759.022314453125,754.418310546875,747.2011291503907,48.5634099626862,13139120.0,0.8060737705417106,-0.019401389849746375,META
2025-09-26,747.4645278033088,749.387995888731,734.8572684361654,741.2356567382812,9696300,-0.006889961778314246,0.011997019700254883,752.2243896484375,754.0767974853516,748.0544970703126,46.36276116186912,10339020.0,0.9378355008501773,-0.035509273612004844,META
2025-09-29,746.1888021735474,748.2418964072087,736.6512086302703,740.8868408203125,9246800,-0.0004705870728125561,0.011046809454212641,747.8870971679687,754.3358306884766,748.8437194824219,38.83115480312844,9847000.0,0.9390474256118615,-0.02199355943680903,META
2025-09-30,739.740790143385,740.4583269528289,723.8446976774693,731.8973999023438,16226800,-0.012133352116249774,0.008395189699843953,743.697314453125,754.3241668701172,749.28005859375,40.793382606647604,10917840.0,1.4862646823913888,-0.03243555989718305,META
2025-10-01,719.0508505989554,719.4096189488256,707.7990405756898,714.9149169921875,20419600,-0.02320336554334279,0.009995939887417177,735.06259765625,753.3667694091797,749.5392846679688,34.80846732767351,13236120.0,1.542717956621729,-0.002341979956571927,META
2025-10-02,720.1372426569798,725.309699629413,715.7122502133443,724.5921020507812,11415300,0.01353613531986153,0.011356399917903983,730.7053833007812,752.3155792236328,749.8173657226563,37.68571062665667,13400960.0,0.8518270332871675,-0.019214575280054214,META
2025-10-03,727.1634377305112,728.528801479838,707.7791777004747,708.1578979492188,16154300,-0.02268062825284667,0.012237637894278407,724.0898315429688,750.2534454345703,749.7424633789062,27.877566880763936,14692560.0,1.0994884485753333,0.010245414355698257,META
2025-10-06,702.8060248479621,714.4565078636942,688.1756596108709,713.2406005859375,21654700,0.007177357834231568,0.012901035552570156,718.5605834960937,748.4529174804687,749.8114416503906,21.959823723030823,17174140.0,1.260889919378787,0.02494203616135704,META
2025-10-07,715.2936403041813,716.0710326272052,703.3641353885179,710.6693725585938,12062900,-0.003604993918225441,0.012738661896672372,714.3149780273437,745.8565460205078,749.7303967285156,22.097499649252157,16341360.0,0.7381821341675356,-0.010910450687660611,META
2025-10-08,711.0380954481734,717.2171476536749,705.4171476518181,715.4132690429688,10790600,0.006675251062664644,0.012707210338959662,714.4146484375,744.1805908203125,750.0954016113282,22.260289202904872,14415560.0,0.7485383849118591,-0.0029811460831539183,META
2025-10-09,715.8517801132227,731.0302734375,710.0314963104157,731.0302734375,12717200,0.02182934685489224,0.014822919093196002,715.7022827148437,743.3392669677735,750.8681579589844,32.310811768183484,14675940.0,0.8665339324090995,-0.03389172761580339,META
2025-10-10,728.4490335307075,732.784364410351,702.1283419878271,702.9156494140625,16980100,-0.038458905253314635,0.018810858622511563,714.6538330078125,740.8586608886719,749.5203625488281,28.75191572338801,14841100.0,1.1441267830551645,0.01736853941755223,META
2025-10-13,710.5996089558437,717.5061741064447,705.2477676379041,713.280517578125,9251800,0.014745536214341604,0.019818375510677253,714.66181640625,738.4426452636719,748.8465649414062,35.97171343295986,12360520.0,0.7484960179668817,-0.005071969200406534,META
2025-10-14,705.3873404797914,713.1310322093289,696.9658939978091,706.25439453125,8829800,-0.009850434539739772,0.019722222197356542,713.7788208007812,734.9632202148438,747.5071813964844,31.85149188536768,11713900.0,0.7537882344906479,0.011669935682092625,META
2025-10-15,714.6359337847463,721.45283752448,707.1114691724935,715.124267578125,10246800,0.012559034132116231,0.018956484357601867,713.7210205078125,732.090625,746.6023486328126,38.83509667336186,11605140.0,0.8829535878067821,0.020374859728883754,META
2025-10-16,715.1242355877501,723.0373960268438,701.5004654735715,709.6627807617188,9017000,-0.0076371157629742115,0.018476909756498495,709.4475219726562,728.7193756103516,745.4183776855468,38.746795613667175,10865100.0,0.8299049249431667,0.0297723897974691,META
2025-10-17,704.6896374063629,716.1108563950927,703.7328609179003,714.496337890625,12232400,0.006811061901426108,0.017098038236758883,711.7636596679688,725.6829284667969,744.5334545898437,40.88528557395157,9915560.0,1.2336569997055133,0.0230011887607946,META
2025-10-20,718.7519624447335,731.2894517891565,717.7453670972193,729.69482421875,8900200,0.02127160843538367,0.01820654932539881,715.0465209960937,724.0390045166016,743.8037072753906,49.27056268568442,9845240.0,0.904010465971373,0.0024994730379446217,META
2025-10-21,733.5318410857864,736.0034377690635,726.2863984755653,730.7911376953125,7647300,0.0015024273712456182,0.018089577577379924,719.9538696289062,722.936245727539,743.1642077636719,55.87609675874471,9608740.0,0.7958691774363756,0.006941455149891196,META
2025-10-22,731.3492269695964,738.0962989037338,721.5823690736463,730.9306030273438,8734500,0.00019084157543436397,0.018057188078490785,723.11513671875,721.5783508300781,742.04685546875,52.52421643557791,9306280.0,0.9385597682425201,0.023738416727992817,META
2025-10-23,732.2163225390138,739.9002195728755,730.6216949207216,731.5186767578125,9856000,0.0008045548073005726,0.016703430299149676,727.4863159179688,720.8353759765625,741.138857421875,60.64682709014043,9474080.0,1.0403120936280885,0.02376021697423214,META
2025-10-24,734.2991918313108,738.7042934120783,728.6783045992579,735.8638916015625,9151300,0.005939991666390032,0.009734798620268761,731.7598266601562,720.5667877197266,740.2769311523438,60.380492985199695,8857860.0,1.0331276403104135,0.018026451358507334,META
2025-10-27,747.1953964386955,753.1950643156673,745.4812403760276,748.28173828125,11321100,0.01687519502099888,0.010000266364331354,735.4772094726562,720.9365325927735,739.6016137695312,65.82787750520754,9342040.0,1.2118445221814507,-0.11234372563183492,META
2025-10-28,750.0856988126538,755.8362124836232,742.9997491476457,748.8997192382812,12193800,0.0008258666828495631,0.008748400430578517,739.09892578125,721.7866485595703,739.2944079589844,64.59856228739777,10251340.0,1.1894835211786947,-0.13719003293650278,META
2025-10-29,752.1985111114485,756.5935760115584,739.9998990805568,749.12890625,26818600,0.0003060316432643706,0.00857061068537798,742.7385864257812,723.497348022461,739.3082983398438,59.11282362066697,13868160.0,1.933825395726614,-0.15160903027996053,META
2025-10-30,666.8879738141238,678.658047871129,647.9720940268795,664.2169799804688,88440100,-0.11334755014939224,0.03847702424281056,729.2782470703125,720.4785919189453,737.6988452148438,37.60455811403809,29584980.0,2.9893581134751486,-0.058742401009471035,META
2025-10-31,672.2297387877188,672.6084590133829,643.3875718813117,646.1581420898438,56953200,-0.027188160548313633,0.038732095063803644,711.3370971679688,717.3786041259766,735.8999169921875,29.510170453423328,39145360.0,1.4549157294759838,-0.019125398910231795,META
2025-11-03,653.7823467127146,657.1011064498967,634.0293422915395,635.55419921875,33003600,-0.016410754860718524,0.037233322706013594,688.7915893554688,713.4942840576172,733.5763830566407,28.879348383393648,43481860.0,0.7590199683270219,-0.02943353065230503,META
2025-11-04,625.9168165443936,639.5705142822006,623.8937108241939,625.1992797851562,27356600,-0.01629274017278537,0.036884132028618434,664.0515014648438,709.2207794189453,731.0754272460938,23.37248066820962,46514420.0,0.5881315944603845,-0.008942851717689604,META
2025-11-05,630.1724007040705,640.0588479681868,624.4218873891514,633.8001098632812,20219900,0.013756941756363883,0.03773758445116098,640.9857421875,705.1401214599609,728.7305541992188,27.94645974864372,45194680.0,0.4473955784176368,-0.006588579301535669,META
2025-11-06,633.7004019945108,633.8499192315176,615.9107705740217,616.8475952148438,23628800,-0.02674741513076473,0.037584829243819284,631.511865234375,699.4309875488282,726.1804858398438,23.481667295972983,32232420.0,0.7330755804249262,0.013151625930063693,META
2025-11-07,614.4058308842617,620.0267784116583,599.1675434782962,619.6082153320312,29946800,0.004475368208618935,0.03749158251036425,626.2018798828125,695.2656158447265,723.6113317871094,17.93799486413201,26831140.0,1.116121044428228,-0.02042749457453319,META
2025-11-10,628.9565496273584,632.8533046281837,616.0203887455347,629.624267578125,19245000,0.01616513790206353,0.03742222143617405,625.0158935546875,691.0828033447266,721.4896936035157,21.991052104357422,24079420.0,0.7992302140167828,-0.03461760079040199,META
2025-11-11,625.8770169082796,627.4317408228605,617.2961380110504,624.9601440429688,13302200,-0.007407788700866003,0.03708908341866444,624.96806640625,687.0180908203125,719.3462829589844,21.378221190620636,21268540.0,0.6254402041701029,-0.02809847151385725,META
2025-11-12,626.0065293511232,626.8636074098682,605.7153735895874,606.951171875,24493300,-0.028816193063874063,0.03669701940014781,619.5982788085937,681.6094360351562,716.8040490722656,19.249116458698964,22123220.0,1.107130878778044,-0.011494136131214194,META
2025-11-13,610.9974282481795,615.5619618736964,600.9614641591972,607.8281860351562,20973800,0.0014449501060307401,0.016964202060691106,617.7943969726563,676.5177062988281,714.0482946777344,17.842306985961983,21592220.0,0.971359128426813,-0.02000350047200139,META
2025-11-14,599.7556041676178,611.6054241702889,593.1879159768617,607.3997192382812,20724100,-0.000704914327303352,0.015783746369397365,615.3526977539062,671.162875366211,711.2082775878906,12.348203563413492,19747680.0,1.0494447955405395,-0.03140498392375046,META
2025-11-17,606.980994504603,609.6220599721263,593.3871535288397,599.9747924804688,16501300,-0.01222411950918223,0.015532020283997095,609.422802734375,664.6768737792969,708.2227502441406,11.595973472109065,19198940.0,0.8594901593525476,-0.02136167626671326,META
2025-11-18,589.6000552799869,601.6192836786712,581.8065445386262,595.6694946289062,25500600,-0.007175797892713387,0.015098451227338893,603.5646728515625,657.9207916259766,704.8842041015625,11.241446393804253,21638620.0,1.178476261425174,-0.005755550338958693,META
2025-11-19,591.7128101062766,593.3174134864839,579.2849960343485,588.3243408203125,24744700,-0.012330921551001461,0.013743538442519057,599.839306640625,650.790478515625,701.6720434570312,18.483561037603522,21688900.0,1.140892345854331,0.038504608207441615,META
2025-11-20,601.4597887996167,604.6688739678727,581.3778841958236,587.1583251953125,20603000,-0.00198192653966045,0.011973600727567757,595.7053344726562,643.5724609375,698.4580749511719,21.50010997182008,21614740.0,0.9531921272242924,0.0798946819345776,META
2025-11-21,586.5105272163902,596.0980011467227,579.8929596850738,592.2410888671875,21052600,0.008656547056850927,0.012401017547427718,592.6736083984375,636.3913208007813,695.2523413085937,27.898693807889472,21680440.0,0.9710411781310712,0.0662346271023051,META
2025-11-24,596.6959653725695,614.6152243710839,595.6096842408232,610.9775390625,23554900,0.03163652530619032,0.015765635760556788,594.8741577148437,629.5261108398438,692.2398754882812,43.314916112610334,23091160.0,1.0200830101216223,0.05692851411592281,META
2025-11-25,621.8904932046078,634.8963639496133,616.209750572071,634.0691528320312,25213000,0.037794537921907345,0.020186702211744713,602.5540893554687,623.7845825195312,689.4044006347656,50.11130357494559,23033640.0,1.094616395845381,0.007308788517863096,META
2025-11-26,635.5341804250853,636.2018983414315,629.4946697427255,631.4679565429688,15209500,-0.004102385800420105,0.01736006064680324,611.1828125,617.9015350341797,686.582236328125,56.86346085300148,21126600.0,0.7199218047390493,0.021290703405219213,META
2025-11-28,633.9297145559904,645.8592201326509,633.351658244955,645.7595825195312,11033200,0.022632385109140563,0.01826898304112038,622.9030639648438,616.9786651611328,683.9556726074219,61.07736346422526,19212640.0,0.5742677737156372,-0.012886898784277179,META
2025-12-01,637.3878853503733,643.1383983949365,635.6039586340122,638.7034301757812,13029900,-0.010926903037534963,0.018971951427361137,632.1955322265625,616.6059295654297,681.2252355957031,53.944725630308035,17608100.0,0.7399946615478104,0.032237608290951236,META
2025-12-02,640.1684965318557,645.6797698761368,635.9129124654792,644.912353515625,11640900,0.009721136675491016,0.017975886922110898,638.9824951171875,617.0738372802734,678.8720166015624,58.55403325453467,15225300.0,0.7645760674666509,0.04067386670230211,META
2025-12-03,642.2314810232181,646.6564735939825,635.3946865356451,637.437744140625,11134300,-0.011590116601509437,0.0184220484224966,639.6562133789063,617.6857604980469,676.5638452148437,64.36823071462021,12409560.0,0.8972356795889621,0.04252655647667791,META
2025-12-04,673.7147555733686,673.8143931879296,657.8186630061315,659.293701171875,29874600,0.03428720252628836,0.018892996319669432,645.2213623046875,618.9604400634765,674.58794921875,70.25098695855374,15342580.0,1.9471692505432594,-0.00690824957312941,META
2025-12-05,661.7552947151958,672.4091587454953,660.1507520483126,671.1434326171875,21207900,0.0179733727536755,0.01834342349335663,650.2981323242187,621.6752319335938,673.0832543945312,73.01376316808923,17377520.0,1.220421556125385,-0.034584714060931554,META
2025-12-08,667.0772284693074,674.4223082782987,662.8216443414645,664.5457763671875,13161000,-0.009830471296235155,0.01977374029109739,655.4666015625,623.9221099853515,671.5494567871094,73.4525307995263,17403740.0,0.7562167672006131,-0.021130761638726514,META
2025-12-09,661.5261117632423,662.2336726422647,651.1313781996487,654.7391357421875,12997100,-0.01475690761080306,0.020032746948465692,657.4319580078125,625.1778533935546,669.8265026855469,70.62999044596985,17674980.0,0.7353388801571487,-0.019377294041732607,META
2025-12-10,647.7527447265774,652.2973264314004,641.2249002906431,647.93212890625,16910900,-0.010396517428611252,0.01746577514930565,659.5308349609375,626.3264526367187,668.147197265625,70.89648620543566,18830300.0,0.8980685384725682,-0.003217586748708534,META
2025-12-11,641.1152201817421,653.0647369194785,638.6336478086467,650.50341796875,13056700,0.003968454329993598,0.01732288671913738,657.7727783203125,628.5040649414062,666.8589672851563,71.9899958217046,15466720.0,0.8441802786886942,0.007623677875683743,META
2025-12-12,647.603240055161,708.5963563082138,636.4510671197735,642.0520629882812,14016900,-0.012992022404522907,0.01650539493349476,651.9545043945312,630.2152587890625,665.2081665039062,66.89650746064709,14028520.0,0.9991716873911147,0.00900271603433711,META
2025-12-15,644.0420011784053,651.3232442601446,637.0599755890928,645.8473510742188,15549100,0.005911184317784368,0.016173859730834326,648.2148193359375,632.1376403808594,663.9619555664062,63.1624880368665,14506140.0,1.0718978308495575,0.02616173054963622,META
2025-12-16,641.8476715248971,660.8387602004772,641.5484540168895,655.462646484375,14309100,0.014887876205055939,0.01655333853185961,648.359521484375,634.9120330810547,662.806396484375,58.99016780948932,14768540.0,0.9688906283220955,0.0024651041521170924,META
2025-12-17,653.9265721002572,659.5321367260491,647.5330578779101,647.832275390625,15598500,-0.011641198983154966,0.0165579185474316,648.33955078125,637.5201721191406,661.5496545410156,56.59788238177665,14506060.0,1.075309215596792,0.018475734693639057,META
2025-12-18,655.3429055936973,668.838131561853,654.7743619360156,662.7438354492188,20260300,0.023017624507211343,0.014330322567530149,650.7876342773437,641.2411468505859,660.4962658691406,56.81376985339634,15946780.0,1.2704947331059937,0.000737401798332149,META
2025-12-19,664.7087499822148,669.2770065062657,656.4899183910027,657.0784301757812,49977100,-0.008548408857846801,0.013167688247461597,653.7929077148438,644.7371520996094,659.0172290039062,57.45490005358606,23138820.0,2.159881100246253,0.01332785537750758,META
2025-12-22,659.9510918299604,671.850451614429,654.9639304343692,659.8014526367188,15659400,0.004144136127264275,0.012989142642235139,656.5837280273438,648.1151702880859,658.1549450683593,56.216473528708725,23160880.0,0.6761142063686699,0.0027059661410111513,META
2025-12-23,658.3550860644432,664.2898196014329,656.5597203493141,663.2325439453125,8486800,0.005200187563823011,0.012080634890991784,658.1377075195312,650.7279205322266,657.1539855957031,61.14615311580213,21996420.0,0.3858264208448466,-0.009399247331361438,META
2025-12-24,660.8288080412273,666.4642636433252,660.499638357634,665.8358764648438,5627500,0.003925218301329192,0.011360108251823788,661.738427734375,652.3162567138672,656.345615234375,53.39116734213499,20002220.0,0.2813437708414366,-0.0023968162228533707,META
2025-12-26,666.3446246130748,667.2323539771746,659.6219406041037,661.5868530273438,7133800,-0.006381487672396879,0.011706731459170125,661.50703125,653.8222015380859,655.2748669433594,44.62257573728153,17376920.0,0.4105330518872159,-0.004824511674451082,META
2025-12-29,656.3204105957403,658.5546491157273,652.7097106878265,656.9986572265625,8506500,-0.006935137510345357,0.01099411894713049,661.4910766601563,654.3841552734375,654.2215844726562,45.655027787694706,9082800.0,0.9365504029594398,-0.012570480885552238,META
2025-12-30,656.9986226731097,670.4938487731155,656.1508296487782,664.239990234375,9187500,0.011021838367799575,0.011292381733482904,662.3787841796875,655.6609832763672,653.2164575195312,55.636243556747694,7788420.0,1.1796359210212084,-0.010751538099927016,META
2025-12-31,663.0430265979899,663.2923846373272,657.7466642776019,658.39501953125,7940400,-0.008799486313768368,0.010970947038821765,661.411279296875,656.3351165771485,651.7904614257812,56.27862343788916,7679140.0,1.034022038926234,0.0008029001930445201,META
2026-01-02,661.0282405096659,662.6840120988863,641.8476382600104,648.7398681640625,13726500,-0.014664678621143845,0.011376885529324256,657.9920776367187,656.9002227783203,650.1494360351562,49.024643498996085,9298940.0,1.476135989693449,-0.002644474705601363,META
2026-01-05,649.3383972038786,662.8336242718107,646.086758236235,657.098388671875,12213700,0.012884240537686109,0.009397625084115237,657.094384765625,656.7904571533203,648.6727917480468,58.33014007748967,10314920.0,1.1840809235553935,-0.019323326428816956,META
2026-01-06,657.8763534012292,663.8110870761799,650.2260655901538,658.9236450195312,11074400,0.002777751976146936,0.009037701173089285,657.4793823242187,656.1794677734375,647.2208911132813,57.4009053450177,10828500.0,1.022708593064598,-0.011443704290694412,META
2026-01-07,653.956457912222,657.4574546517152,643.154250211399,647.0242919921875,12846300,-0.018058773755176172,0.010587503224861447,654.0362426757813,655.3033935546875,645.4440991210937,45.34443766474995,11560260.0,1.1112466328611985,-0.01035936188489106,META
2026-01-08,644.2215315163064,645.438369611356,634.0875860000896,644.4010620117188,11921700,-0.004054299062546507,0.010298137248870892,651.237451171875,654.786489868164,643.3664855957031,47.996241772640076,12356520.0,0.9648104806207572,-0.0231711575832505,META
2026-01-09,643.7826886268982,653.2682792823022,641.1993122536916,651.3831176757812,11634900,0.010834953689035753,0.011008921792451576,651.7661010742188,654.9590393066406,641.4161535644531,42.68842428775242,11938200.0,0.9745941599236065,-0.057483320544728045,META
2026-01-12,650.8544758921091,652.2907198459545,639.5834431006995,640.321533203125,14797200,-0.016981687385643984,0.011934399903617122,648.4107299804688,654.4499450683594,639.2400061035156,39.91594694123117,12454900.0,1.1880625296068215,-0.03297665395612326,META
2026-01-13,640.6208286715078,640.6208286715078,622.4974409136,629.4695434570312,18030400,-0.016947719518049187,0.012679563502253629,642.5199096679687,653.8208190917969,638.5450573730469,33.373414485957554,13846100.0,1.3022006196690765,-0.01717667667420164,META
2026-01-14,624.8912385916063,626.8362434492608,613.241238448095,613.939453125,15527900,-0.02467171047981187,0.012940085275927089,635.9029418945313,652.2254241943359,637.90068359375,26.14406113789937,14382420.0,1.0796444548274908,-0.0185209265851618,META
2026-01-15,616.8918216697934,622.5672130846042,612.6527349978052,619.2058715820312,13076100,0.00857807464600091,0.013916215118922876,630.8639038085937,650.4125854492188,637.5737170410156,27.999976962904512,14613300.0,0.8948081542156803,-0.012628795329041154,META
2026-01-16,622.5772500418334,627.4646923832119,618.4878021974878,618.6573486328125,17012500,-0.000885849076038836,0.013645833685350347,624.31875,648.9538391113281,637.4428784179687,29.013051851135742,15688820.0,1.084370908710789,0.0441434866055741,META
2026-01-20,606.3190803349536,609.8300611005736,598.4593098618273,602.5687255859375,15169600,-0.02600570910929889,0.013634345119762463,616.7681884765625,645.9450836181641,636.8182507324219,26.08045387538597,15763300.0,0.9623365665818705,0.0904456081274767,META
2026-01-21,605.1819875834877,616.682409772708,598.5391160903739,611.3860473632812,14494700,0.014632889831396101,0.015158168591042758,613.1514892578125,643.6604644775391,636.7090197753906,27.090365063533596,15056160.0,0.9627089510207117,0.0969067527447729,META
2026-01-22,627.7339506004921,658.8738165275513,624.9411525277235,645.967041015625,21394700,0.056561633687063795,0.024680226342641852,619.5570068359375,642.9687438964844,637.2361962890625,45.687398443549434,16229520.0,1.318258334195959,0.03912723210151925,META
2026-01-23,643.114354212172,664.7785515369834,642.7951686151001,657.0684204101562,22797700,0.017185674639184523,0.025191077009496337,627.1295166015625,642.6605377197266,637.7850793457031,52.86135047438593,18173840.0,1.2544239412254097,0.015134399445483115,META
2026-01-26,663.4220687284304,673.5460296758964,659.5919023824141,670.6334838867188,16327400,0.020644826406502448,0.025748245701848218,637.5247436523438,642.9004180908203,638.6985461425782,54.48949389716794,18036820.0,0.9052260875254063,0.09808740879199118,META
2026-01-27,672.8578395915863,675.0820939991542,662.9532839044604,671.241943359375,13297400,0.0009072906248728252,0.02479316391984635,651.2593872070313,643.3831726074219,639.9843615722656,54.11914104674671,17662380.0,0.752865695336642,0.06468349356788572,META
2026-01-28,672.7679591112906,675.9397859199995,664.3895050245095,667.0127563476562,25709600,-0.006300540443812119,0.023960554734365595,662.3847290039063,643.8838775634765,641.1680529785157,57.045389907970694,19905360.0,1.2915918124565444,0.056345718474823725,META
2026-01-29,735.536439340887,742.0895763731422,710.7203206800697,736.4141845703125,59852900,0.10404812735917646,0.03676672693394801,680.4741577148437,647.4925872802735,643.7483422851562,72.05141819852,27597000.0,2.168819074537087,-0.0631306354280542,META
2026-01-30,725.6319721911391,730.2899638188994,711.7577161829028,714.6602172851562,23744600,-0.02954039688663712,0.03981003707661141,691.9925170898438,650.3058471679688,646.04205078125,64.16196846788267,27786380.0,0.8545409657537254,-0.06630852029717671,META
2026-02-02,712.7650416713351,719.4478497361232,701.7135364812315,704.5960693359375,14365200,-0.014082423655048748,0.04061042203440238,698.7850341796875,653.0986572265625,648.2205822753906,64.44971714573788,27393940.0,0.5243933512302356,-0.05124495608233537,META
2026-02-03,705.5536352374374,715.1589125312489,684.6474336745422,689.9238891601562,13760700,-0.020823533956993767,0.040075502752992834,702.5214233398438,654.7399322509766,650.2525732421875,63.36138843053693,27486600.0,0.5006330357337757,-0.04371837820015423,META
2026-02-04,685.964025393825,687.0612373376343,665.7461161570209,667.2721557617188,16882800,-0.032832220704825055,0.0427559899661078,702.5733032226562,655.157357788086,651.8548498535156,61.42764811753096,25721240.0,0.656375820139309,0.012302120257538407,META
2026-02-05,661.8760941724082,679.7500626324993,651.8219602792932,668.4890747070312,17131800,0.001823722052246124,0.03944840316545728,688.98828125,656.2305969238281,653.3798095703125,60.74644981833185,17177020.0,0.9973674129738452,0.0007608291238778708,META
2026-02-06,663.7811558190369,670.2644652243433,644.8399277739295,659.7615356445312,18159300,-0.013055619594568357,0.03949317810526565,678.008544921875,656.9986206054688,654.3554895019531,58.65428035740217,16059960.0,1.130718880993477,0.010930351940273475,META
2026-02-09,661.4770916291903,681.5554070660584,657.0884263930592,675.4810180664062,14837500,0.0238260061743647,0.0396806603849636,672.1855346679688,658.203515625,655.1837268066406,65.37521683831397,16154420.0,0.9184792768790213,-0.04047417742763426,META
2026-02-10,675.8600189134125,678.9022357565889,668.0700760446862,668.9976806640625,10455800,-0.009598104504701777,0.03983383586276263,668.00029296875,659.6373229980469,655.9343212890625,62.2694990104163,15493440.0,0.6748533572918602,-0.04614438030307477,META
2026-02-11,672.2693241407737,677.5258114827353,655.4126950742984,666.9729614257812,14323800,-0.0030264966483463107,0.03978655877017402,667.9404541015625,661.5124938964843,656.3585888671874,55.19384033092224,14981640.0,0.9560902544714731,-0.04396667729715853,META
2026-02-12,668.2496878446467,674.2642338266133,643.6231428364971,648.1414794921875,14960100,-0.028234250895775248,0.017147469697056668,663.8709350585938,663.2225952148438,656.5473498535156,47.87402810906982,14547300.0,1.0283763997442825,-0.010141489667252035,META
2026-02-13,643.4434668857905,649.7572295518577,632.9405378190771,638.127197265625,12336400,-0.01545076583342353,0.016146319179828714,659.5440673828125,664.1686614990234,656.4116467285156,42.12537175020752,13382720.0,0.9218155950359868,0.007831028679275098,META
2026-02-17,637.8578591323172,640.9498744421038,627.1853229648948,637.6483764648438,12674700,-0.0007503532255528356,0.016424873595777788,651.9775390625,665.118212890625,656.415859375,41.85686407665005,12950160.0,0.9787292203339573,0.025606593747185213,META
2026-02-18,632.1725643806327,643.3438180480059,626.5371085480483,641.568359375,14649200,0.006147561971205473,0.01662897976960019,646.4916748046875,667.0681945800782,656.0613525390625,43.82297672894152,13788840.0,1.0623953864139406,-0.009281397363029464,META
2026-02-19,636.9303135148713,645.5281745630167,635.085027341747,643.1243896484375,10035700,0.002425353823485521,0.014118717454540484,641.7219604492187,668.6551116943359,655.5009716796875,16.227401485723888,12931220.0,0.7760829991292392,-0.00849913874508279,META
2026-02-20,638.0474161403351,661.6466355641227,637.1397796110642,653.9763793945312,14183500,0.01687385818476894,0.015494919805302852,642.8889404296875,669.0555786132812,655.2895837402343,26.148661486231035,12775900.0,1.110176191109824,-0.003004550083254398,META
2026-02-23,650.8644258547187,656.0112104148094,634.3669181695027,635.6137084960938,8605900,-0.028078492552648715,0.017299945243338163,642.3862426757812,667.9828430175781,654.9070751953125,24.547352396051735,12029800.0,0.7153818018587175,0.03100828268385647,META
2026-02-24,631.4543872367445,639.4637360573605,627.364878734925,637.6583862304688,10135600,0.003216855941028829,0.014704332624816093,642.3882446289062,666.3340881347656,654.7016003417968,28.733747043449497,11521980.0,0.8796751947147973,0.013890256853502647,META
2026-02-25,640.8801577475739,652.200989167557,640.4911445683953,652.011474609375,11330700,0.022509056085272983,0.017062150809968653,644.4768676757812,665.3725646972656,654.7317614746094,43.34089181569235,10858280.0,1.0435078115502638,-0.0001989224301749415,META
2026-02-26,648.8795635426123,659.3027431401059,645.8374072363367,655.322998046875,10637700,0.005078934292504611,0.017222792073463285,646.9165893554688,664.7880767822265,654.9971801757813,44.358022450421856,10978680.0,0.9689416213971078,-0.0029375572562879704,META
2026-02-27,641.7977899641362,647.7723993687464,636.4814590544522,646.515625,15703000,-0.013439743566339812,0.015199800847870343,645.4244384765625,660.2931488037109,655.0105456542968,44.32769276529323,11282580.0,1.3917915937666738,0.030161306402107346,META
2026-03-02,635.5238627543893,658.2453970983619,632.870719934867,651.8817749023438,9816100,0.00830010860502206,0.014376032307120692,648.6780517578125,657.1542266845703,654.9389282226563,38.91076875776518,11524620.0,0.85175042647827,0.010725971639159448,META
2026-03-03,646.6253451355694,657.3477420502325,637.1996588761248,653.39794921875,12263800,0.0023258424683423318,0.01433807479598258,651.8259643554687,654.5943206787109,655.0502416992188,42.31077945770576,11950260.0,1.0262370860550314,-0.015601191637167222,META
2026-03-04,656.2705097002453,671.0424780902056,655.9812154011644,666.015380859375,10810100,0.0193104855252626,0.015279757774464735,654.6267456054687,653.3988952636719,655.1156726074219,49.57262954998755,11846140.0,0.9125419756984131,-0.030461338145651773,META
2026-03-05,660.2303336051802,668.9778340733714,648.6401755256248,658.8738403320312,13341400,-0.010722786188704592,0.01596644618217169,655.3369140625,652.9789794921875,655.1515808105469,55.34790471283741,12386880.0,1.077058952698339,-0.009840028553989244,META
2026-03-06,646.2363956775138,647.8023107770981,634.4766301866302,643.2041625976562,13159400,-0.023782516128548203,0.017049788117432886,654.6746215820312,651.7147338867187,654.8196350097656,52.394859779449824,11878160.0,1.1078651912417412,0.015507213384528429,META
2026-03-09,633.1500554179556,646.0867221220876,625.1705976379839,645.7276611328125,13489700,0.003923324322039123,0.014293155174308918,653.443798828125,651.0130401611328,654.4695373535156,53.73896213725675,12612880.0,1.0695178262220841,-0.014226338571148522,META
2026-03-10,651.881802754218,658.6044862124207,647.3335142418318,652.3905029296875,9859300,0.010318346569180958,0.014552505697717747,653.2423095703125,649.8585144042969,654.2006298828124,54.884314658838974,12131980.0,0.8126703143262682,-0.06170590693069711,META
2026-03-11,653.0787479235273,657.4275379105374,646.6951571900124,653.178466796875,8977200,0.0012078101438464106,0.012723073125214252,650.6749267578125,649.0675537109375,654.0324621582031,54.569345446798685,11765400.0,0.7630169819980621,-0.04103590876793506,META
2026-03-12,647.0841872338415,651.8219905315074,635.2646391478804,636.5413208007812,11617500,-0.02547105705685726,0.014914326800496848,646.2084228515625,647.5459716796875,653.6233154296875,42.472023342694015,11420620.0,1.0172389940300965,-0.023483921372644767,META
2026-03-13,622.2880080608647,627.55441857404,607.9848031082139,612.1341552734375,18957600,-0.03834341107131756,0.01852894016321168,639.9944213867187,645.74560546875,652.5811987304687,40.36509012292062,12580260.0,1.5069322891577757,0.004068816614196669,META
2026-03-16,630.9168848948667,633.6621719731276,622.0321132511823,626.3746948242188,15134900,0.02326375587459273,0.02027102686962743,636.123828125,645.1579803466797,651.9407922363281,45.79099021649745,12909300.0,1.1724028413624286,-0.0330704252745645,META
2026-03-17,626.9137167736849,635.4590438783874,620.6345187532272,621.5928344726562,10348800,-0.007634185082946998,0.020181248002065083,629.9642944335938,644.3552032470703,651.3978515625,37.78082125952089,13007200.0,0.7956208868934129,-0.04657430836090137,META
2026-03-18,615.2837198825454,621.5829031274002,613.5566433895493,614.6248168945312,11726300,-0.011209938711787881,0.018356327924569094,622.253564453125,643.0080261230469,650.5483801269531,34.118078027323236,13557020.0,0.8649614738342202,-0.018873361931111665,META
2026-03-19,611.1008889698486,611.9494078221777,601.2278243573462,605.6602172851562,13247700,-0.014585482660250837,0.018463937454151317,616.07734375,641.1348175048828,649.4831115722657,34.07626265870212,13883060.0,0.954234873291623,-0.022712978768709924,META
2026-03-20,602.4957192983555,602.9249750667714,586.2435901825164,592.642578125,21214900,-0.021493303982399903,0.018262801951599936,612.1790283203125,638.0681274414062,648.3954772949219,28.210645135074586,14334520.0,1.4799867731880803,0.002071915381649303,META
2026-03-23,604.7517959610541,607.5969482872343,597.9834469761715,603.0247802734375,13638000,0.017518488430724455,0.01969878675973982,607.5090454101562,636.4386810302734,647.5679516601563,32.606205093663135,14035140.0,0.9717038804030455,-0.09356689572971866,META
2026-03-24,598.0732713770465,599.9700396349708,589.9871770786485,591.9038696289062,10739700,-0.01844188001608915,0.019035630066671905,601.5712524414063,634.1509552001953,646.3783666992188,24.142144596981424,14113320.0,0.760961984848356,-0.11333738856825903,META
2026-03-25,597.7138608396341,602.6354044215132,592.3830467312241,593.8704833984375,12585000,0.0033225222378834296,0.019179241117272778,597.4203857421875,631.2439056396485,645.449345703125,26.47034001094943,14285060.0,0.8809903493580006,-0.0983543224267609,META
2026-03-26,581.4917396573854,582.0008753864581,542.4188017705425,546.6016235351562,35780100,-0.07959456006768362,0.029243555767712277,585.6086669921875,625.8078369140625,643.7919873046875,21.54226723157707,18791540.0,1.9040536326453288,0.04490994996271014,META
2026-03-27,539.1743922574078,542.6683942166816,519.3684267008094,524.8190307617188,30133000,-0.03985094781196985,0.029382425417136156,572.0439575195312,619.7230072021484,642.0095788574218,18.011720080932832,20575160.0,1.4645329611045552,0.10178406223778547,META
2026-03-30,535.4607543945312,538.6253045735799,527.6341638126921,535.4607543945312,22795200,0.020276939304901376,0.02896390647403735,558.53115234375,613.9019561767578,640.3346765136719,19.702269589462247,22406600.0,1.0173431042639223,0.07099450369765647,META
2026-03-31,549.0374119135495,572.7067990959439,545.8329522821889,571.1494750976562,32898300,0.0666504882201493,0.03892448492709183,554.3802734375,609.7895324707031,639.3845190429688,32.00081212857238,26838320.0,1.2257958024198237,0.0015557220017325957,META
2026-04-01,579.135725523027,591.5344219412718,572.8365426099092,578.2372436523438,23608100,0.012409656077291498,0.039404251938463496,551.2536254882813,605.4006256103515,638.8978894042968,36.64705773814616,29042940.0,0.8128688073590346,-0.007216398758729148,META
2026-04-02,565.0699110449033,577.5085793033603,558.7408105198895,573.4755249023438,13518500,-0.00823488767330749,0.03929039600623453,556.6284057617188,601.1307098388672,638.1396789550781,40.2708266578517,24590620.0,0.5497421374491575,0.06607936313827967,META
2026-04-06,576.7000047794845,581.7912404462878,571.0197533967594,572.0380249023438,9515700,-0.002506645772275662,0.03884731460297598,566.0722045898438,597.5724029541016,636.6610986328125,35.38320943773796,20467160.0,0.46492527541681405,0.0966282345015419,META
2026-04-07,571.4988503418972,574.2441373249518,563.7921103124964,574.064453125,9580800,0.003542471189746932,0.038280568868803606,573.7929443359375,593.9892425537109,635.0010192871093,37.02227980431717,17824280.0,0.5375139977603584,0.09531345157372217,META
2026-04-08,604.9614419693103,628.8704088339113,590.8157434643455,611.3704223632812,32036600,0.0649856806761,0.0435680198312286,581.8371337890625,591.9382385253906,633.8157580566407,49.2376797786126,17651940.0,1.8149053305189118,0.036102733706623535,META
2026-04-09,625.8954391113879,636.4074215325429,621.9322723369008,627.3130493164062,19012900,0.02607686988110758,0.04411367917400945,591.652294921875,590.6449676513672,632.9371801757812,54.911470046345805,16732900.0,1.1362585086864798,0.05426567322089326,META
2026-04-10,633.3826022362973,637.4856047359222,623.2600266965629,628.780517578125,13294800,0.0023392917831341897,0.03243501760627947,602.7132934570312,590.2569274902344,632.1725354003906,58.65036110133864,16688160.0,0.7966606264561222,0.06623703884899346,META
2026-04-13,628.4211571313969,633.911731180996,623.3299219303536,633.4425659179688,9538900,0.0074144287386648244,0.026529939356679914,614.9942016601562,591.3223480224609,630.1131030273438,57.48613000884159,16692800.0,0.571437985239145,0.06672648365251299,META
2026-04-14,642.117619704398,665.1181727259973,638.2742422102883,661.3546142578125,17818000,0.04406405543554581,0.02766963424350992,632.4522338867188,593.0713439941406,629.0469909667969,65.78769845949782,18340240.0,0.971524909161494,0.03933641538649235,META
2026-04-15,665.856909197143,677.3372007350248,663.081644256971,670.4290771484375,14952600,0.013721024538111859,0.02273202673875756,644.26396484375,595.5131561279297,628.3636511230469,66.85867505342526,14923440.0,1.0019539730785931,-0.0009976958042881012,META
2026-04-16,674.831464225754,676.4187660594131,666.605595861725,675.7099609375,9544800,0.007876871646921746,0.02286482289220544,653.9433471679688,598.5674133300781,628.0793725585937,84.8805775572279,13029820.0,0.7325350618811312,-0.011863336016660675,META
2026-04-17,677.4369744478516,690.3348757077041,673.9729506648888,687.3699340820312,16283500,0.017255884652571662,0.021234525353184774,665.66123046875,602.6528991699219,628.481328125,96.45656352808605,13627560.0,1.1948947573887034,-0.020085653633513223,META
2026-04-20,680.192296240317,682.2088539380842,666.8552067290691,669.7601928710938,12534000,-0.02561901581344983,0.024740592707883577,672.924755859375,606.5087799072265,628.5067504882812,86.9122110333249,14226580.0,0.8810269228444222,-0.017528373967077182,META
2026-04-21,669.8500580611455,675.0411586256739,666.1863646700106,667.6937866210938,8660100,-0.003085292724164246,0.025200827110726777,674.1925903320313,609.7422302246093,628.6653955078125,82.551428879525,12395000.0,0.6986768858410649,0.00925481477892709,META
2026-04-22,673.2042912464699,677.2174214115423,668.6022063234784,673.5636596679688,9215600,0.008791265044684415,0.0182466538390064,674.8195068359375,613.8252197265625,628.6270483398438,82.40694323637015,11247600.0,0.819339236814965,0.00578016716162244,META
2026-04-23,662.562575853328,668.412518474367,651.9308032468797,658.0203857421875,11667000,-0.02307617654646521,0.01994152564774904,671.281591796875,617.03271484375,628.4075024414062,76.77865043379549,11672040.0,0.9995681988752608,0.018493450425683733,META
2026-04-24,659.1883568751083,679.5034568571632,652.719481738207,673.8731689453125,13348300,0.024091629296931982,0.020791174709811185,668.5822387695313,623.3962921142578,628.5455065917969,79.55615816550855,11085000.0,1.2041768155164636,-0.008755211834571175,META
2026-04-27,669.8500343121515,681.330325511242,669.6903353309991,677.4569702148438,12805200,0.005318213329579935,0.02079870517579923,670.1215942382812,631.028189086914,629.13181640625,79.73931664895281,11139240.0,1.1495577795253535,-0.09830248422107213,META
2026-04-28,673.0844464119266,677.0176962940845,664.489217253305,670.189453125,10606800,-0.010727643834764877,0.016754229847288592,670.6207275390625,637.7646240234375,629.7730615234375,70.45268841713772,11528580.0,0.9200439256178992,-0.09323143890049745,META
2026-04-29,667.7636045616339,673.0944797535534,662.6723692427279,667.9732666015625,18947500,-0.0033068060279130007,0.016226013619599074,669.5026489257813,642.6058135986328,630.3795593261718,65.63055341389924,13474960.0,1.4061266230103837,-0.08774209677310296,META
2026-04-30,618.2586017744245,619.7859479396749,598.9717055442339,610.8612670898438,52765000,-0.0855004269890719,0.03109048164287379,660.0708251953125,644.2370147705078,629.7654174804687,45.175501012426835,21694560.0,2.4321765456409348,-0.011357815088619438,META
2026-05-01,613.6365485572411,617.8193701850194,605.0712358749745,607.7067260742188,21404000,-0.005164087470553302,0.029717878594541596,646.8375366210937,645.9485748291015,629.0570642089843,43.014290968492276,23305700.0,0.9184019360070712,0.0067843988354736595,META
2026-05-04,606.8981537761392,612.9477660987843,601.7170456287333,609.3638916015625,16203900,0.0027269165474752555,0.029607929986600442,633.2189208984375,647.8148681640625,628.164814453125,33.541886445400195,23985440.0,0.6755723472239825,0.010484766449067928,META
2026-05-05,612.2588828439087,613.2970785161436,599.3310648754198,603.9232177734375,17171300,-0.00892844801457715,0.02953595128065754,619.965673828125,649.3078063964844,627.5310046386719,28.451240243421054,25298340.0,0.6787520446005548,0.007719604417647519,META
2026-05-06,600.0199080772063,618.8875416216711,597.0749516023062,611.8296508789062,19915500,0.01309178530114874,0.029862625782259053,608.7369506835937,649.3307678222657,627.0144299316406,29.648222249272848,25491940.0,0.7812469353058261,-0.022875602154262986,META
2026-05-07,613.6664846485507,623.9089111604618,612.4885142038465,615.7529296875,12307400,0.006412371160759989,0.02979025221821389,609.715283203125,648.7527618408203,626.2892590332032,26.000254443245865,17400420.0,0.7073047662067927,-0.022389462215180567,META
2026-05-08,614.145727971313,615.7130447332122,605.0213768033159,608.5852661132812,13557000,-0.011640486351979562,0.027831968674569982,609.8909912109375,647.7429992675782,625.3545043945312,27.956823710011577,15831020.0,0.8563566971679651,0.011482328711057033,META
2026-05-11,603.533915527778,603.8732987260729,597.0550476209405,597.8336791992188,15940600,-0.01766652515715228,0.02739292664269674,607.5849487304688,645.9625549316406,624.3808654785156,26.310059575257227,15778360.0,1.0102824374649837,0.03267871762335273,META
2026-05-12,593.8005792809215,602.7152673522038,591.5843523282613,601.966552734375,11351600,0.006913082482559618,0.028049162535870056,607.1936157226562,642.9931518554688,623.3825610351563,25.43160520904499,14614420.0,0.7767396858718991,0.018623550334495365,META
2026-05-13,597.8037594995824,618.837657653709,595.6374345129168,615.5732421875,14634400,0.02260373004333527,0.029903064314417457,607.942333984375,640.2503601074219,622.6260668945313,35.23815790590852,13558200.0,1.0793763183903469,-0.008789702338553251,META
2026-05-14,614.944289073115,622.6610217742586,613.9460028895547,617.3701171875,10651200,0.0029190271390202582,0.01214946786629535,608.265771484375,637.3333679199219,621.6531616210938,28.22069291314871,13226960.0,0.8052643993782396,-0.025580939658676916,META
2026-05-15,612.9377281921389,620.1353935587166,608.2657561335159,613.1773071289062,13272600,-0.006791404283859048,0.01225354278190622,609.1841796875,633.6237365722657,620.7392309570313,25.338950744310083,13170080.0,1.0077843111051716,-0.014929182364407545,META
2026-05-18,608.0660990208263,614.5350350972873,602.6554048207697,610.1625366210938,13772400,-0.0049166374436272475,0.012369206842907612,611.649951171875,630.6438537597656,620.0783984375,26.193691000484606,12736440.0,1.0813382703487002,-0.006266240654730804,META
2026-05-19,607.8763927177921,612.8778161384099,599.5207424161133,601.5772094726562,11749900,-0.01407055765170473,0.012886892651668714,611.5720825195312,627.3380249023437,619.1953894042969,24.93404198547333,12816100.0,0.9168077652327932,0.012694799163291526,META
2026-05-20,599.7304526335664,606.9580352784536,596.7854960328639,604.0230712890625,11329700,0.004065748798147251,0.01213790239351866,609.2620483398438,623.8609954833985,618.2280407714844,45.603947606943784,12155160.0,0.9320897462476841,0.012031954523674226,META
2026-05-21,598.9717538809448,608.5552775708169,593.7906457726523,606.339111328125,13476100,0.0038343569130889765,0.011984255902563945,607.0558471679688,621.2769317626953,617.2912536621094,49.11122340750448,12720140.0,1.0594301635044898,0.04590195948163234,META
2026-05-22,606.8381854335279,613.7563010923075,605.9097866322771,609.214111328125,11688600,0.004741571088334728,0.011552161282392837,606.2632080078125,618.043978881836,616.7447094726563,49.90417850443496,12403340.0,0.9423751989383504,0.0410153361805059,META
2026-05-26,607.8465495511928,613.4169431409898,604.2626749853522,611.2906494140625,12234200,0.003408552177838642,0.009714179463132968,606.4888305664062,614.7356628417969,616.7278393554687,54.925297130378304,12095700.0,1.0114503501244243,0.03293911987016784,META
2026-05-27,608.3555996261091,637.4057020013258,607.9562607968793,634.1712646484375,23143600,0.03743001018632741,0.014797829306654983,613.0076416015625,612.9347534179688,616.8837707519531,62.44437267334138,14374440.0,1.6100522872543208,-0.054764932780328346,META
2026-05-28,638.4040398455469,641.8980416273442,628.2315007921775,634.2012329101562,16772400,4.725578623521187e-05,0.013536316936519022,619.0432739257812,611.2461517333984,617.1359387207032,60.74166789273436,15462980.0,1.0846809605910375,-0.059279919366767686,META
2026-05-29,632.4143189973911,633.4126052152244,622.281689514161,631.426025390625,19806500,-0.004375910003827421,0.013740197547012757,624.0606567382813,612.2743896484375,617.471962890625,64.01614716724183,16729060.0,1.1839577358201836,-0.015067058574709025,META
2026-06-01,629.3196791836195,634.6604862727559,598.5025873828931,599.44091796875,29138800,-0.05065535175254732,0.0216836355094788,622.1060180664062,611.8610992431641,617.3475769042968,50.782387850214604,20219100.0,1.441152177891202,0.04513136834045395,META
2026-06-02,602.2062063737548,607.8365556216692,595.6574508079194,596.6058349609375,18252000,-0.004729545352725295,0.02168096695952232,619.1690551757813,611.2231964111328,617.4268420410157,47.35706229786025,21422660.0,0.8519950370308823,-0.007747378716064457,META
2026-06-03,601.9665545007575,623.0803311577063,599.2412527816401,621.9122924804688,23020100,0.042417381856797,0.025258944881182223,616.7172607421875,612.1226501464844,617.8045922851562,52.802021489386156,21397960.0,1.0758081611518107,-0.060338914584954884,META
2026-06-04,622.6011661035562,641.2991089275577,621.3633009071642,626.4945068359375,21469200,0.007367943053823156,0.025287012753672178,615.1759155273437,612.8558929443359,618.4964050292969,53.93628595592657,22337320.0,0.9611358927570541,-0.06848642981246211,META
2026-06-05,622.3915225332053,628.0717733238163,581.9109692668093,591.9837036132812,30091600,-0.055085563953226724,0.03143381758401419,607.287451171875,611.667431640625,618.4586694335937,42.752787132688724,24394340.0,1.2335484378753432,-0.037133182274036614,META
2026-06-08,590.9854370177134,590.9854370177134,578.2273099921849,584.3867797851562,19512400,-0.012832994864142022,0.03150973940806648,604.2766235351562,610.4575073242188,619.2143725585937,41.453726556485826,22469060.0,0.8684119406864372,-0.028972197564951285,META
2026-06-09,589.9871222602228,596.6057643945405,580.0142532419713,583.588134765625,16977400,-0.0013666377254887285,0.031426100381171634,601.6730834960938,609.745230102539,620.3897546386719,43.71074993523673,22214140.0,0.7642609617117746,-0.030123700152737465,META
2026-06-10,579.7347558037309,590.3066340250939,569.6221111934292,570.00146484375,17064000,-0.023281264838140636,0.028192747199904496,591.29091796875,608.1469757080079,621.0805688476562,38.965149979411486,21022920.0,0.8116855317910167,0.04036919107424164,META
2026-06-11,564.8602908302337,571.1893911411966,556.0553993401948,567.455810546875,17628000,-0.0044660486926517695,0.02804533506760383,579.4831787109375,605.7411041259766,621.0066955566406,37.407024948585494,20254680.0,0.8703173785021536,0.05688704422279578,META
2026-06-12,571.968101190783,575.0827493186854,559.9387644415484,566.00830078125,14326400,-0.0025508766299000563,0.028096957746465524,574.2880981445312,603.1730133056641,620.7621166992187,35.876521415739646,17101640.0,0.8377208267745082,0.001986093677885714,META
2026-06-15,579.4427159724761,600.795858737961,578.8431525395191,593.011962890625,17653300,0.047708950685179774,0.029658850473026556,576.013134765625,602.16474609375,621.1528454589844,44.86220431915346,16729820.0,1.0551996375334582,-0.027397748105478126,META
2026-06-16,593.1818700134238,605.3322537623429,591.5331468141493,599.7366943359375,11344400,0.011339959167995461,0.029849891802762537,579.2428466796875,601.6434539794922,621.7068188476562,39.354213699192606,15603220.0,0.7270550565844742,-0.06057885102979965,META
2026-06-17,591.5331725816898,593.3417428489197,565.7435277503374,567.1324462890625,20478300,-0.054364270778822776,0.030582815914750497,578.66904296875,599.9212158203125,621.5681787109374,32.7411786990189,16286080.0,1.2574112370809918,-0.009478903018522167,META
2026-06-18,572.3682769745303,579.7624046842873,562.6559105294999,576.7647705078125,28824600,0.016984258759620507,0.03128907076072961,580.5308349609375,598.55830078125,620.8760656738282,36.413490357138734,18525400.0,1.5559502089023718,-0.0338691731834424,META
2026-06-22,571.5689356803741,575.3559250048318,559.3685422933314,563.4053344726562,15405500,-0.02316271159105976,0.027302195859089703,580.0102416992188,596.4116119384765,619.5979113769531,40.12909598370651,18741220.0,0.8220115872926096,-0.037208451284948985,META
2026-06-23,561.8066012038755,571.7487666818112,560.5775907162,561.7566528320312,13103300,-0.002926279784283836,0.027149539288428656,573.7591796875,594.0387390136718,618.2574340820313,40.39162561990842,17831220.0,0.7348515693261594,-0.021255737155253196,META
2026-06-24,561.4469285838474,568.591253761232,555.1119012433646,557.230224609375,13963600,-0.00805763171621876,0.027170591421655645,565.2578857421875,591.3357177734375,616.7331872558593,29.858348110516218,18355060.0,0.7607493519498165,0.00884030730607721,META
2026-06-25,555.1118879211193,555.9013039685537,539.7540133926082,542.44189453125,16968600,-0.02653899488042266,0.027441935757706253,560.319775390625,586.7492492675781,614.3549328613282,25.390695084493643,17653120.0,0.961223851647754,0.037614848400561396,META
2026-06-26,542.9115767800729,556.4108722579447,539.9738926737891,549.8161010742188,18867700,0.013594463512706989,0.028039778140411368,554.9300415039063,582.5299926757813,611.9426733398437,35.32151531684964,15661740.0,1.2047001163344557,0.11387541133415646,META
2026-06-29,559.5583857816937,570.4498144711828,557.5599629753306,562.1563110351562,15011400,0.022444249880691824,0.029156022001545857,554.6802368164062,579.0665069580078,609.6716003417969,42.50897752841342,15582920.0,0.9633239469881126,0.03608259343355291,META
2026-06-30,560.4976417791106,565.0939897966132,550.9951316644288,562.8457641601562,18111100,0.001226443804803079,0.02387996689726297,554.8980590820313,577.2367492675781,607.1811169433594,43.00527604669859,16584480.0,1.0920511224952485,0.0656855350958856,META
2026-07-01,607.4305787144307,627.784571153574,594.6306830487989,612.4266357421875,45536300,0.08808962372846985,0.037908701684658375,565.9373413085938,578.0277893066407,606.0344458007812,61.51195259373106,22899020.0,1.9885698165248993,0.004356389148173934,META
2026-07-02,607.4206544757068,609.5189740900589,579.9622828274885,582.4403686523438,21705900,-0.048963035472002314,0.037033221597008205,573.9370361328125,576.0541931152344,604.3293774414062,53.538995738046246,23846480.0,0.9102349696894468,0.03468859923650558,META
2026-07-06,594.3709360150443,603.1040338931904,581.301233826573,599.8165893554688,17674100,0.02983347590300145,0.037777399685723044,583.9371337890625,574.7202972412109,602.8544360351563,57.42598415421819,23607760.0,0.7486563740058354,0.051958224941604625,META
2026-07-07,607.1109147253509,624.8768626804635,603.1839600389557,615.0946044921875,18560800,0.025471144692972958,0.0369338400144091,594.5247924804687,575.8758422851563,601.9959204101563,55.1138670119238,24317640.0,0.7632648562936206,0.08712108207122449,META
2026-07-08,613.9055418180343,615.5142576272189,597.5384532703483,602.6444091796875,13606500,-0.02024110636245735,0.037968196076652895,602.484521484375,576.7887237548828,600.5713452148437,50.65596957094303,23416720.0,0.5810591748118439,0.08888772080570195,META
2026-07-09,583.529455055522,632.77062206454,576.6149292518581,630.9819946289062,26579700,0.04702206644178708,0.03939875512161452,606.1955932617187,579.1584167480469,599.641845703125,64.68695535218137,19625400.0,1.354352013207374,0.046810657642105014,META
2026-07-10,659.8193113874754,677.3254544051542,657.491131647921,668.6823120117188,40608900,0.05974864212248221,0.03917830201035787,623.4439819335937,584.0924591064453,599.6117028808594,68.72534179244295,23406000.0,1.7349782107152012,0.018081013785438138,META
2026-07-13,660.858454671636,676.0864269737083,653.6841239854351,656.2120971679688,19840700,-0.018648937798629084,0.0412050878464777,634.7230834960938,588.5302734375,599.3764794921875,68.97524071183514,23839320.0,0.8322678667008958,0.01189224191613003,META
2026-07-14,651.4858277274717,665.9743929146624,648.5381419230179,660.5186767578125,16748200,0.006562786038888602,0.041346197166055705,643.8078979492187,593.2557922363281,600.3696276855469,69.9757419686164,23476800.0,0.7133936481973693,-0.022736777830366428,META
2026-07-15,663.0767089741589,685.5390243545221,656.1421789132482,680.7727661132812,19003400,0.0306639162042881,0.04114502533691416,659.4335693359375,597.643832397461,601.8309484863281,73.49319979841626,24556180.0,0.7738744381251481,-0.05204683505978824,META
2026-07-16,676.7459348014426,681.3622866487058,659.6393793096187,664.0159301757812,15816000,-0.02461443343741465,0.03544925554522724,666.0403564453125,600.8577941894531,602.9239892578125,72.9470645986223,22403440.0,0.7059630128230308,-0.0311944670384513,META
2026-07-17,647.1892801723585,651.68573177941,625.5063791142821,645.5006103515625,22267900,-0.027883848839767023,0.03210999193287593,661.4040161132813,604.7762023925782,603.755537109375,67.33150182137783,18735240.0,1.1885569653764776,-0.029163714194239354,META
2026-07-20,646.1900645769782,652.784835830389,635.5084916103011,645.3406982421875,10225200,-0.0002477334750898841,0.03153170601823493,659.229736328125,608.2049987792968,604.4257580566406,65.76286578676061,16812140.0,0.6082033578116766,-0.06154685280663619,META
2026-07-21,653.664124760039,655.3627963853286,642.6928027946103,643.3023071289062,9140500,-0.0031586278671614787,0.03104321901160259,655.7864624023438,612.1998474121094,604.9767456054688,65.16841287908949,15290600.0,0.5977855676036258,-0.07551918359485632,META
2026-07-22,647.189254956408,648.4882176170956,623.5079318845419,626.6754150390625,11019600,-0.02584615647354116,0.031593722168350234,644.9669921875,615.4457855224609,605.3385485839843,53.067461769071315,13693840.0,0.8047121917592144,-0.05309565666255989,META
2026-07-23,607.9301851876114,614.1653155952538,596.7490071058414,605.6220092773438,15494800,-0.033595391260731744,0.0297285391638825,633.2882080078125,617.8653747558594,605.4943151855468,55.19013703422303,13629600.0,1.136849210541762,-0.020937139802616467,META
2026-07-24,604.8226548171024,609.4989569016461,593.9812354037057,594.7206420898438,11503500,-0.018000282388197952,0.019799116369530655,623.1322143554687,620.4793121337891,605.3493969726562,48.82500163248947,11476720.0,1.0023334193044702,-0.016095706207255978,META
2026-07-27,606.7411202287035,610.7779733376527,592.6622656813121,593.4016723632812,11195300,-0.0022177971188752643,0.01981957154875858,612.7444091796875,622.6585906982422,604.9059655761719,44.65401842455412,11670740.0,0.9592622233037493,-0.09234333916906223,META
2026-07-28,596.3493616660036,600.5260580457825,586.5370982909723,592.9420166015625,12009300,-0.0007746115036854073,0.019273402809293027,602.6723510742188,624.1978759765625,604.4174035644531,47.45876999633597,12244500.0,0.9807913757197109,-0.061845879497614,META
2026-07-29,592.7821833537371,599.4968549179539,581.7608519604674,585.148193359375,22371100,-0.013144326129657102,0.012727358721310663,594.3669067382813,625.3129974365235,603.8568212890625,36.54762318490607,14514800.0,1.541261333259845,0.007906275411835972,META
2026-07-30,525.58522592167,539.4542858116451,524.0764068649972,538.60498046875,42271500,-0.07954089821830823,0.024117643623263112,580.9635009765625,621.6219146728515,602.4256701660156,13.705832204526516,19870140.0,2.1273881311354628,0.09073699779613675,META
2026-07-31,543.171288392182,557.8897136701136,539.7939490076644,556.27099609375,24261500,0.03279957717736881,0.02914686543104735,573.2735717773437,620.3134460449219,601.5195458984375,22.90019029372891,22421740.0,1.0820525079677135,0.057588350334388805,META
2026-08-03,561.7966164985271,597.0488245114987,558.9188827428958,589.7745361328125,25938100,0.06022880983249412,0.03748477933533146,572.54814453125,619.8113433837891,601.2345751953125,33.439377599313275,25370300.0,1.0223805000335038,-0.0005759160894914794,META
2026-08-04,581.0414552494501,592.32253050782,577.794018053301,587.4763793945312,17959200,-0.0038966699941818117,0.03747420211154631,571.4550170898438,618.4304321289062,600.8573205566406,26.155557746376928,26560280.0,0.6761675705225999,0.007075479784187655,META
2026-08-05,599.9865089938204,600.5260612032997,579.6625219517506,588.3057250976562,14897200,0.0014117090188030534,0.037053081663665596,572.0865234375,617.7134979248046,600.4391528320313,28.935216632884277,25065500.0,0.5943308531647085,0.010445490056284035,META
2026-08-06,586.487189429669,594.8405827519979,585.5379263278069,589.4348754882812,11811500,0.0019193258580605388,0.03575880756119169,582.2525024414062,615.6361419677735,600.0020373535157,32.73007026558942,18973500.0,0.6225261549002556,0.015629625710123385,META
2026-08-07,585.1781899072663,598.2678350979388,585.1581861630435,591.633056640625,11250300,0.003729302835233206,0.03534451120436965,589.3249145507813,611.7836791992188,599.1512731933594,33.66159451827711,16371260.0,0.6871981753389782,-0.02237799737468582,META
2026-08-10,598.657568915248,607.7304260788247,591.5631919202813,594.4508666992188,14967300,0.004762766425854714,0.03536364195824074,590.2601806640625,608.6956176757812,598.3562658691407,35.20904065055073,14177100.0,1.0557377742979877,8.398803098685903e-05,META
2026-08-11,597.5284100969216,611.9470231090784,592.9320621063698,598.6475219726562,13146900,0.0070597176462035005,0.035412870911152465,592.4944091796875,605.6020599365235,597.7006958007812,40.82312112483307,13214640.0,0.9948738671655073,-0.015472703005564359,META
2026-08-12,600.5960026412422,604.023290419805,577.7540447074138,578.3934936523438,16186900,-0.03383297779897532,0.036937133455956256,590.511962890625,600.4830963134766,597.2797473144532,41.03793977400385,13472580.0,1.2014699485918807,-0.01706829777851271,META
2026-08-13,580.2520897369063,595.380104391766,578.9331233348041,594.5007934570312,11164200,0.027848341970404533,0.02514359704692204,591.525146484375,597.0073394775391,597.237646484375,49.930036135694934,13343120.0,0.8367008615676094,-0.08622279742689676,META
2026-08-14,596.5092089028919,601.3853654698224,588.8252707092146,589.3848266601562,8758000,-0.008605483547171722,0.02440746537998593,591.0755004882812,594.2015502929687,596.5870971679688,48.751856701345325,12844660.0,0.6818397684329519,-0.0742900027453065,META
2026-08-17,589.2849441761664,589.774548021712,564.3046582848494,568.5213012695312,17225600,-0.03539881660824473,0.0189505310377457,585.8895874023438,590.3605804443359,595.4276330566406,43.26572957892317,13296320.0,1.2955163533970302,-0.040669899351054695,META
2026-08-18,557.0403796583744,560.2178647510921,542.7816737373303,543.2412719726562,27094900,-0.0444662833924141,0.022962700972454366,574.8083374023438,585.3575286865234,594.4527844238281,39.46018450890293,16085920.0,1.6843860966609308,0.01145917657111184,META
2026-08-19,540.9131223962278,553.6330639150415,536.8463247077087,545.5994262695312,16971700,0.004340896795841598,0.023108046508016816,568.2495239257812,581.3037292480469,593.6770373535156,52.26184926215598,16242880.0,1.0448701215547982,0.023789976195592866,META
2026-08-20,546.5187091013889,549.5562899225255,538.8847190657524,545.3995971679688,13872200,-0.0003662560698217687,0.023018248467313852,558.4292846679688,578.2926086425781,592.9132666015626,46.03672389171254,16784480.0,0.8264897095411952,0.04437272565818473,META
2026-08-21,546.4587335768297,553.4332095869578,542.8015857242297,549.4663696289062,13848000,0.007456500668600707,0.023249170237978064,550.4455932617187,576.0298950195313,592.5025646972656,31.28942016691967,17802480.0,0.7778691508149427,0.04771775083180074,META
2026-08-24,549.7661710202622,560.9772946036173,545.8692218355393,558.5792236328125,12990600,0.016584916762168334,0.02420161986403873,548.457177734375,574.2887725830078,592.3250329589844,37.38441623637788,16955480.0,0.7661593773812361,0.021609062823093605,META
2026-08-25,563.4353464162,570.3498724402046,560.9573215839381,569.6004638671875,9769100,0.01973084527329272,0.02526604535823622,553.7290161132812,573.121694946289,592.3968762207031,42.50118794951839,13490320.0,0.724156283913206,0.013981282710198828,META
2026-08-26,589.8444773654404,592.8721171723366,561.4369046651577,575.6856689453125,31416300,0.010683286731915098,0.023410600234280717,559.7462646484375,572.648568725586,592.0503503417968,44.69869441226901,16379240.0,1.9180560270195686,-0.006595608115916418,META
2026-08-27,576.0253592943615,587.926001033879,567.1723610665189,570.6495971679688,15221400,-0.008747954046815387,0.0213008327921535,564.7962646484375,574.2507995605469,591.4686083984375,42.08263611671878,16649080.0,0.9142487152443258,0.013027509531769788,META
2026-08-28,571.0992793335739,588.7253835559844,570.5497252457161,577.564208984375,16042400,0.012117088754153515,0.021792239082590238,570.4158325195312,575.3154602050781,591.6772436523438,43.81949331063708,17087960.0,0.9388130590193329,0.025656432781291594,META
2026-08-31,577.1744781551006,578.2236379136884,568.6911832402849,571.888671875,13383800,-0.009826677313255261,0.018692259838005033,573.0777221679688,574.4211669921875,591.5797216796875,40.311162283948846,17166600.0,0.7796418626868454,0.06698813126052316,META
2026-09-01,557.9096596695957,584.4887194481862,555.6614340241316,578.083740234375,15796900,0.010832647443537846,0.009977113448409071,574.7743774414063,573.9515350341796,591.8732897949219,49.875131818971404,18372160.0,0.8598281312594709,0.06608020166979833,META
2026-09-02,578.3335366296732,599.9065373056851,576.5449702025707,592.3824462890625,16552700,0.024734662228850013,0.011504044736800192,578.1137329101563,574.15537109375,592.4858056640625,49.133412999978525,15399440.0,1.0748897362501493,0.03479807624345299,META
2026-09-03,604.0133041368691,618.9715308723809,603.8733999005765,610.1984252929688,19737100,0.03007512986840366,0.012893839878880604,586.0234985351562,575.1935485839844,593.5451696777344,57.713106196179474,16302580.0,1.210673402614801,0.07042967080440476,META
2026-09-04,611.8670721034152,616.9730886717387,604.7926993516937,616.2836303710938,15966200,0.009972502100777048,0.01283352565156309,593.7673828125,576.4260772705078,595.0220043945312,69.8769088526056,16287340.0,0.9802828454492876,0.044765519440010504,META
2026-09-08,615.7241045276966,624.3072966603136,609.2591747857786,612.9962158203125,18909700,-0.005334255834122614,0.013730966138713599,601.9888916015625,577.3533447265625,596.2856066894532,85.53390795413065,17392520.0,1.0872317525005002,0.05631817335485345,META
2026-09-09,648.1284941622514,657.3411939542544,638.056426220049,653.1744995117188,35900700,0.06554409742585388,0.02243565791465546,617.0070434570313,580.0796936035156,598.1059704589844,89.55757710148856,21413280.0,1.6765623949250186,0.018219686736884677,META
2026-09-10,653.1945472302951,662.9768054946985,641.6336632885306,643.8718872070312,21531900,-0.014242154755952141,0.024163727529176348,627.304931640625,583.35361328125,599.7264929199218,83.9382763730175,22409120.0,0.9608543307367715,0.04013158537090544,META
2026-09-11,652.9947023490145,663.716221985592,645.6904688887529,647.51904296875,16925000,0.005664412182273315,0.023232912019912517,634.7690551757812,586.004525756836,600.4283410644531,83.89168466563687,21846700.0,0.7747165475792682,0.039010450796648,META
2026-09-14,657.311302577125,668.072768706455,648.708045415434,665.0751342773438,19332300,0.0271128571417798,0.023653064067523703,644.5273559570312,589.7890411376953,602.0810363769531,84.78003904516746,22519920.0,0.8584533159975701,0.025105191155655904,META
2026-09-15,658.7801108800835,678.3346866933342,655.6825797136325,669.7114868164062,19502800,0.006971171075430771,0.02229462915183061,655.87041015625,594.8485504150391,603.4789343261718,84.11767862692183,22638540.0,0.8614866506408982,-0.0066990790566242575,META
2026-09-16,679.3738238485387,684.7695900234191,671.3801323225093,672.779052734375,17217800,0.004580429003168129,0.022546039005654925,659.7913208007812,601.325439453125,604.6326232910156,83.78414883920068,18901960.0,0.9109002452655703,0.10177330430746712,META
2026-09-17,681.9018750257407,682.6612854975235,666.5239959332205,681.77197265625,15928000,0.013366825089641265,0.022314526464414536,667.371337890625,608.134066772461,606.2151745605469,87.62944085848157,17781180.0,0.8957785703760943,0.0804198546268664,META
2026-09-18,688.0769980771287,689.6058209010791,660.278927643704,665.2250366210938,27596400,-0.02427048441238755,0.024568846305716544,670.9125366210938,614.1253387451172,606.9000354003906,77.86672803069962,19915460.0,1.3856772577685879,0.11856880697917904,META
2026-09-21,680.2999877929688,753.0,679.5999755859375,741.25,48720500,0.11428457919302493,0.0414215310373123,686.147509765625,623.7145202636718,608.3513891601563,87.20015358314188,25793100.0,1.8888966429006206,0.04902533133958675,META
2026-09-22,731.4000244140625,757.27001953125,730.0,736.5999755859375,28122100,-0.006273220120151746,0.041484764523147616,699.5252075195312,632.6155578613282,609.9591467285156,85.05597066298226,27516960.0,1.0219915281339218,0.02044528652965827,META
2026-09-23,747.5999755859375,763.9000244140625,739.510009765625,744.0999755859375,30829200,0.010181917253030193,0.03818682388185137,713.7893920898438,641.3405334472657,611.6307727050781,84.59266013373146,30239240.0,1.0195097495836536,-0.03827440048808439,META
2026-09-24,744.3599853515625,779.8200073242188,743.010009765625,777.5900268554688,34808500,0.045007461857742515,0.03795901826844683,732.9530029296875,651.4357513427734,613.5671179199219,85.62045221467989,34015340.0,1.0233177148898114,-0.04989782210174465,META
