date,Open,High,Low,Close,Volume,symbol
2023-01-03,128.34377240566315,128.9545531314731,122.32457886036785,123.2112045288086,112117500,AAPL
2023-01-04,125.00415469022626,126.74785308207225,123.22105739420844,124.4820327758789,89113600,AAPL
2023-01-05,125.24057541769616,125.87106305679183,122.90580346279697,123.16193389892578,80962700,AAPL
2023-01-06,124.1372616720093,128.35364427912103,123.03390422681609,127.693603515625,87754700,AAPL
2023-01-09,128.53096489801374,131.4272732222333,127.95958301489433,128.21571350097656,70790800,AAPL
2023-01-10,128.32407802637962,129.30921608440133,126.21588318349379,128.78709411621094,63896200,AAPL
2023-01-11,129.29935853420528,131.52576493439358,128.52110615216108,131.50607299804688,69458900,AAPL
2023-01-12,131.89027740511193,132.26461961526783,129.48653833184324,131.42726135253906,71379600,AAPL
2023-01-13,130.0677943507176,132.91484312570734,129.7032980297447,132.75721740722656,57809700,AAPL
2023-01-17,132.82612842305298,135.24955893921694,132.13653498479533,133.9196319580078,63646600,AAPL
2023-01-18,134.78658853017248,136.5499789381121,133.02318309021993,133.2005157470703,69672800,AAPL
2023-01-19,132.08729648616435,134.22504400705918,131.78190613060963,133.25961303710938,58280400,AAPL
2023-01-20,133.26947983700657,135.96876361967614,132.2252358649708,135.82098388671875,80223600,AAPL
2023-01-23,136.06726442233395,141.18999437445396,135.85053284595898,139.01283264160156,81760300,AAPL
2023-01-24,138.22472018745663,141.03236969957698,138.21487421828232,140.41172790527344,66435100,AAPL
2023-01-25,138.79610855058309,140.31321463501226,136.74701946562928,139.75169372558594,65799300,AAPL
2023-01-26,141.0421976938989,142.10614847767724,139.79106829556534,141.82046508789062,54105100,AAPL
2023-01-27,141.03234821855804,145.04185173584784,140.95353538112576,143.76116943359375,70555800,AAPL
2023-01-30,142.80558684927905,143.38681456291806,140.7269454208997,140.8747100830078,64015300,AAPL
2023-01-31,140.57920288721874,142.19482875871702,140.1654466919342,142.14556884765625,65874500,AAPL
2023-02-01,141.83032262446247,144.43108640849707,139.21971287170524,143.26861572265625,77663600,AAPL
2023-02-02,146.6870585876551,148.93317227622254,145.96791197621397,148.5785369873047,118339000,AAPL
2023-02-03,145.82996797468513,155.04101372137666,145.6329433931969,152.2038116455078,154357300,AAPL
2023-02-06,150.3025182240104,150.82464018350336,148.5391127115985,149.47499084472656,69858300,AAPL
2023-02-07,148.40119485902974,152.92297488891165,148.40119485902974,152.35159301757812,83322600,AAPL
2023-02-08,151.59304759782992,152.28264122485135,148.92331687434466,149.66217041015625,64120100,AAPL
2023-02-09,151.49453251585427,152.036361465456,148.18446797066764,148.62777709960938,56007100,AAPL
2023-02-10,147.46352995054943,149.3184067990407,147.22673043469464,148.99281311035156,57450700,AAPL
2023-02-13,148.9336352385894,152.1994184714387,148.90403717735236,151.79490661621094,62199000,AAPL
2023-02-14,150.08798919443248,151.71595766811416,148.8448255867729,151.153564453125,61707600,AAPL
2023-02-15,151.06476513520522,153.4228390365263,150.83784167870803,153.25511169433594,65573800,AAPL
2023-02-16,151.45944356730615,154.24178188706213,151.3015922520093,151.6567840576172,68167900,AAPL
2023-02-17,150.31491216317963,150.95622343027773,148.83494918837297,150.51223754882812,59144100,AAPL
2023-02-21,148.1936535747809,149.27896600318738,146.42757068306315,146.4966278076172,58867200,AAPL
2023-02-22,146.88140906273446,147.94698436963745,145.19425945136115,146.92088317871094,51011300,AAPL
2023-02-23,148.08511286734324,148.33177339849212,145.27319184522457,147.40432739257812,48394200,AAPL
2023-02-24,145.1449407917213,145.22387397766028,143.77350867783375,144.7502899169922,55469600,AAPL
2023-02-27,145.736905394929,147.17739437262094,145.48036882399748,145.944091796875,44998500,AAPL
2023-02-28,145.08572620470352,147.08860849628215,144.86866373473268,145.44091796875,50547000,AAPL
2023-03-01,144.8686422706239,145.26329303666353,143.0729466587316,143.3689422607422,55479000,AAPL
2023-03-02,142.4513915466776,144.75026945161636,141.977792498003,143.96095275878906,52238100,AAPL
2023-03-03,146.06247767198354,149.09147589261863,145.36197027021535,149.01254272460938,70732300,AAPL
2023-03-06,151.7356876269036,154.21216902598104,151.41010897005816,151.77516174316406,87558000,AAPL
2023-03-07,151.6468441770731,151.97243778309607,149.11118253738047,149.5749053955078,56182000,AAPL
2023-03-08,150.76880680073876,151.41999432910836,149.80190156632023,150.8280029296875,47204800,AAPL
2023-03-09,151.5087739759212,152.47567911750554,148.2232536400137,148.5784454345703,53833600,AAPL
2023-03-10,148.2034912322262,148.9237356272084,145.63821618700155,146.51632690429688,68572400,AAPL
2023-03-13,145.83556564568843,151.09436981836478,145.72703441304543,148.4600372314453,84457100,AAPL
2023-03-14,149.2592435700248,151.35092039522885,148.09501290089167,150.55174255371094,73695900,AAPL
2023-03-15,149.1704067412566,151.20288685726504,147.9173671829065,150.9463653564453,77167900,AAPL
2023-03-16,150.1274764543104,154.37004080347904,149.6144183096525,153.7681884765625,76161100,AAPL
2023-03-17,153.99511025228628,154.64629769155513,152.21915135199143,152.92953491210938,98944600,AAPL
2023-03-20,152.99860710640667,155.7118730486912,152.09088307007352,155.29747009277344,73641400,AAPL
2023-03-21,155.21854884327422,157.2707512481165,154.44895412275298,157.15235900878906,73938300,AAPL
2023-03-22,157.17209056471103,159.97415053377057,155.7019884063488,155.7217254638672,75701800,AAPL
2023-03-23,156.70838216666218,159.3920501505052,155.57373460560854,156.80703735351562,67622100,AAPL
2023-03-24,156.73797352277555,158.19819969843707,155.74147036488569,158.10940551757812,59196500,AAPL
2023-03-27,157.80355536791788,158.6224701978729,155.76119879412065,156.1657257080078,52390300,AAPL
2023-03-28,155.8598764210837,156.37293460313032,153.8964529365925,155.5441436767578,45992200,AAPL
2023-03-29,157.24115895998125,158.89872564622954,157.2214369560123,158.62246704101562,51305700,AAPL
2023-03-30,159.37229315696538,160.2997391161816,159.11577163727372,160.1912078857422,49501700,AAPL
2023-03-31,160.27014967971024,162.79595111857384,159.74723055627194,162.69728088378906,68749800,AAPL
2023-04-03,162.07570339841976,164.06870961825848,162.02636828199599,163.9503173828125,56976200,AAPL
2023-04-04,164.37458557847017,164.61137005549932,162.90448337873613,163.41754150390625,46278300,AAPL
2023-04-05,162.53944524256352,162.84530192290984,159.6387146980463,161.57252502441406,51511700,AAPL
2023-04-06,160.26027222926052,162.75649064193277,159.83602334429725,162.4604949951172,45390100,AAPL
2023-04-10,159.26376357061562,159.86561584472656,157.94166678976978,159.86561584472656,47716900,AAPL
2023-04-11,160.18136751588224,160.1912285181147,158.3659344224378,158.65206909179688,47644200,AAPL
2023-04-12,159.0664602524204,159.8952361057982,157.64569304379242,157.96142578125,50133100,AAPL
2023-04-13,159.47098360495934,163.58527977239888,159.26378211877287,163.34848022460938,68445600,AAPL
2023-04-14,162.39141498863978,164.0983166124722,161.63171143290737,163.00314331054688,49386500,AAPL
2023-04-17,162.8847588763579,163.18075455042484,161.83892054229136,163.02288818359375,41516200,AAPL
2023-04-18,163.88125462301093,165.1737533320214,163.4372536454433,164.24630737304688,49923000,AAPL
2023-04-19,163.58526647837797,165.91374248336922,163.32872989204589,165.3908233642578,47720200,AAPL
2023-04-20,163.87135682166968,165.62757827712016,163.34843779588732,164.4238739013672,52456400,AAPL
2023-04-21,162.84528714652217,164.226580111448,162.29276996055185,162.81568908691406,58337300,AAPL
2023-04-24,162.79594256316088,163.38793383083043,161.70076925644653,163.1215362548828,41949600,AAPL
2023-04-25,162.98342757965568,164.08846202710322,161.54292334211996,161.5823974609375,48714100,AAPL
2023-04-26,160.8818784792827,163.07222541881754,160.62535692108122,161.57252502441406,45498800,AAPL
2023-04-27,162.98342657757053,166.30840595665688,162.98342657757053,166.16041564941406,64902300,AAPL
2023-04-28,166.23931504498196,167.58114875947356,165.63746282624027,167.4134063720703,55275900,AAPL
2023-05-01,167.01880455577543,168.17317422093868,166.38735409649894,167.3246612548828,52472900,AAPL
2023-05-02,167.8179333575238,168.07446991146244,165.30199325866423,166.28863525390625,48425700,AAPL
2023-05-03,167.23586119850705,168.63689138543253,164.92712194913543,165.21324157714844,65136000,AAPL
2023-05-04,162.6874369491867,164.80871172491695,162.1151826483231,163.57540893554688,81235400,AAPL
2023-05-05,168.6960655683585,171.97172463520235,168.4790030974248,171.25148010253906,113453200,AAPL
2023-05-08,170.1760547498472,171.52776489899594,169.81100192703093,171.18243408203125,55962800,AAPL
2023-05-09,170.73842563937583,171.22187065365208,169.3077975448434,169.47552490234375,45326900,AAPL
2023-05-10,170.70881232248743,171.70531537679722,169.60376298512443,171.24159240722656,53724500,AAPL
2023-05-11,171.52774738748727,172.2578529585823,169.87018071223292,171.4290771484375,49514700,AAPL
2023-05-12,171.5377153905618,171.97244074298538,168.94914270667581,170.5003204345703,45533100,AAPL
2023-05-15,171.0832715155854,171.13267487374878,169.4135375098661,170.00634765625,37266700,AAPL
2023-05-16,169.92730529834625,171.0635071571624,169.73958158279842,170.00634765625,42110300,AAPL
2023-05-17,169.6506388706453,170.85599318757124,168.37610177183038,170.61888122558594,57951600,AAPL
2023-05-18,170.92517510124802,173.13831574371522,170.51021405749552,172.95059204101562,65496700,AAPL
2023-05-19,174.2745553101149,174.2745553101149,172.84194816554702,173.05931091308594,55809500,AAPL
2023-05-22,171.89343134950482,172.61468722054929,171.3697889134683,172.1107940673828,43570900,AAPL
2023-05-23,171.05361929309908,171.300620989034,169.22580071286586,169.50244140625,50747300,AAPL
2023-05-24,169.03806296692736,170.35211368921475,168.47490698639612,169.77906799316406,45143500,AAPL
2023-05-25,170.34228313513364,171.81440385308167,169.6309169197775,170.9153289794922,56058300,AAPL
2023-05-26,171.24133948884744,173.66195304430255,171.03385143516303,173.32601928710938,54835000,AAPL
2023-05-30,174.8376957969301,176.84334846181008,174.45237373510062,175.17361450195312,55964400,AAPL
2023-05-31,175.20326416230037,177.19904230758075,174.64009299685546,175.1242218017578,99625300,AAPL
2023-06-01,175.56880955803746,177.95978426232014,174.8080400825605,177.93014526367188,68901800,AAPL
2023-06-02,178.85890381832428,179.59990905926938,177.11012722847258,178.7798614501953,61996900,AAPL
2023-06-05,180.43967788018574,182.7318457046313,175.90471543246178,177.42625427246094,121946500,AAPL
2023-06-06,177.81159450251565,177.95978950011875,175.30204865399,177.0607147216797,64848400,AAPL
2023-06-07,176.29993732672585,179.03672040758232,175.19337452542106,175.6873779296875,61944600,AAPL
2023-06-08,175.76642717021195,178.6711699623807,175.33171678380066,178.4044189453125,50214900,AAPL
2023-06-09,179.3232356709596,180.04447641965535,178.46367457216073,178.7897186279297,48900000,AAPL
2023-06-12,179.09600328256303,181.68457636718009,178.79959821677159,181.5857696533203,54274900,AAPL
2023-06-13,180.60763322554558,181.9414332653256,180.2519501997803,181.11151123046875,54929100,AAPL
2023-06-14,181.17080494588566,182.1785761189824,179.8370047903456,181.7438507080078,57462900,AAPL
2023-06-15,181.75375744495216,184.28305271752754,181.5759083620863,183.77915954589844,65433200,AAPL
2023-06-16,184.49051471623886,184.7474061455162,182.0600263098281,182.7022247314453,101256200,AAPL
2023-06-20,182.19834264439277,183.86807659469073,182.19834264439277,182.7911376953125,49799100,AAPL
2023-06-21,182.68243679920374,183.18632987573855,180.40014368436258,181.75372314453125,49515700,AAPL
2023-06-22,181.53636658960147,184.8066665365007,181.46719888037438,184.75726318359375,51245300,AAPL
2023-06-23,183.32467881492002,185.31056720794078,182.79114665956078,184.4411163330078,53117000,AAPL
2023-06-26,184.58932295318664,185.79469252512132,183.00850595123646,183.04803466796875,48088700,AAPL
2023-06-27,183.6606074612621,186.13062478419894,183.4432447307805,185.80458068847656,50730800,AAPL
2023-06-28,185.67610944091012,187.6224840299043,185.3500804657921,186.98028564453125,51216800,AAPL
2023-06-29,186.81231462111722,187.79044671269003,186.67399428172388,187.31619262695312,46347300,AAPL
2023-06-30,189.33175958026345,192.14757008838143,188.96618679019105,191.64369201660156,85213200,AAPL
2023-07-03,191.45598629070506,191.55479301639548,189.4602080229184,190.15182495117188,31458200,AAPL
2023-07-05,189.2724969662243,190.6655752957469,188.33387831143204,189.03536987304688,46920300,AAPL
2023-07-06,187.56322301313529,189.71708585705593,186.93089921117289,189.5095977783203,45094300,AAPL
2023-07-07,189.11439856972888,190.3592817984136,187.9584323411384,188.3931427001953,46815000,AAPL
2023-07-10,186.9901751208951,187.71143099184326,184.79679865953796,186.3479766845703,59922200,AAPL
2023-07-11,186.8913747422291,187.0296950947768,184.3620796809065,185.82432556152344,46638100,AAPL
2023-07-12,187.4051170053163,189.4008949030878,186.2096372553674,187.49404907226562,60750200,AAPL
2023-07-13,188.21529288043007,188.89701997543003,187.5039267878899,188.2548065185547,41342300,AAPL
2023-07-14,187.948525384943,188.88712881002033,187.35573036289856,188.40301513671875,41616200,AAPL
2023-07-17,189.598506397075,191.9894962144421,189.5095893997432,191.6634521484375,50520200,AAPL
2023-07-18,191.03112283932904,191.99936529239264,190.1122686661601,191.40655517578125,48288200,AAPL
2023-07-19,190.784103142532,195.85256735078863,190.33948805911442,192.76011657714844,80507300,AAPL
2023-07-20,192.7502668636511,194.11372124075075,190.19133255294633,190.81378173828125,59581200,AAPL
2023-07-21,191.77212935032986,192.63169045749675,188.93653953192955,189.63803100585938,71951700,AAPL
2023-07-24,191.09041212625252,192.57242242955687,189.9443205401746,190.43832397460938,45377800,AAPL
2023-07-25,191.01135149007996,192.1080396126164,190.6062650944163,191.29786682128906,37283200,AAPL
2023-07-26,191.34728040522955,193.29365506077994,191.00148706119938,192.16732788085938,47471900,AAPL
2023-07-27,193.66910156142774,194.83494237556206,190.24071668140024,190.90267944335938,47460200,AAPL
2023-07-28,192.33527753863382,194.2717774555962,191.81163515269853,193.4813690185547,48291400,AAPL
2023-07-31,193.70859582748605,194.1334465580661,192.91818743340556,194.0939178466797,38824100,AAPL
2023-08-01,193.88647197429418,194.37058568804014,192.93797875368105,193.26402282714844,35175100,AAPL
2023-08-02,192.70084355962268,192.83916391140565,189.54911446715442,190.27035522460938,50389300,AAPL
2023-08-03,189.27247006657564,190.06286344658966,188.40301925761534,188.87725830078125,61235200,AAPL
2023-08-04,183.295020485719,185.13271368389906,179.73819007769725,179.80735778808594,115956800,AAPL
2023-08-07,179.94570917112617,180.93371611312844,175.22303719441848,176.70504760742188,97576100,AAPL
2023-08-08,177.5349343777014,178.10798009875546,175.45023954323045,177.64361572265625,67823000,AAPL
2023-08-09,178.70079919463467,178.76007719518685,174.88709204262926,176.05294799804688,60378500,AAPL
2023-08-10,177.32747151707323,178.58224448237493,175.4700288246158,175.83558654785156,54686900,AAPL
2023-08-11,175.42993638319382,176.71606748177,174.66813966002076,175.89491271972656,52036700,AAPL
2023-08-14,176.07301094207762,177.77467859210861,175.42004228880285,177.54713439941406,43675600,AAPL
2023-08-15,176.97335952267977,177.56695518779435,175.16286330659028,175.55859375,43622600,AAPL
2023-08-16,175.24197103328896,176.6369303294026,174.61868139075943,174.6879425048828,46964900,AAPL
2023-08-17,175.25187020963352,175.6179215615527,171.6308784010705,172.1453399658203,66062900,AAPL
2023-08-18,170.46346761685473,173.23362560342792,170.12709527960956,172.630126953125,61172200,AAPL
2023-08-21,173.2039318191006,174.2526308376999,171.88810651020768,173.96571350097656,46311900,AAPL
2023-08-22,175.17269520823896,175.7860817280131,174.37133150436787,175.34088134765625,42038900,AAPL
2023-08-23,176.61716031274474,179.61486234805133,176.42918310654636,179.18943786621094,52722800,AAPL
2023-08-24,178.74425133745834,179.16967585239115,174.13391827576947,174.49998474121094,54945800,AAPL
2023-08-25,175.4893371526004,177.2404601102408,173.9459673815929,176.7062225341797,51449600,AAPL
2023-08-28,178.17043851174256,178.66510907128173,176.64685983066678,178.26937866210938,43820700,AAPL
2023-08-29,177.78457014737916,182.9291401969668,177.58670497165372,182.15745544433594,53003900,AAPL
2023-08-30,182.96875056526045,185.84773686983334,182.7708853589575,185.6498565673828,60813900,AAPL
2023-08-31,185.8378136528603,187.10416895130786,185.48165028166278,185.86749267578125,60794500,AAPL
2023-09-01,187.47023078000296,187.89564016216337,186.27312153245367,187.4405517578125,45766500,AAPL
2023-09-05,186.27313129788112,187.9550080601447,185.6102746073009,187.67799377441406,45280000,AAPL
2023-09-06,186.39181412957188,186.83702959860793,179.5356891370561,180.96034240722656,81755800,AAPL
2023-09-07,173.312752460059,176.31046963604499,171.69023379276553,175.66738891601562,112488800,AAPL
2023-09-08,176.44896296342043,178.31881673909905,175.89491935539235,176.28076171875,65551300,AAPL
2023-09-11,178.15066577825644,178.3782100128355,175.44975360513354,177.44822692871094,58953100,AAPL
2023-09-12,177.57683789873767,178.21001559327632,172.95661681425068,174.42083740234375,90370200,AAPL
2023-09-13,174.62857587906927,175.4101637291933,172.12554433664133,172.3531036376953,84267900,AAPL
2023-09-14,172.14534712441645,174.2229694212733,171.72982568427443,173.86680603027344,60895800,AAPL
2023-09-15,174.59887884816905,174.61866989320765,171.96724351151664,173.14454650878906,109259500,AAPL
2023-09-18,174.59888982853914,177.46798769380123,174.2921965438023,176.07301330566406,67257600,AAPL
2023-09-19,175.6278039585389,177.71531389898738,175.2419616044344,177.16128540039062,51826900,AAPL
2023-09-20,177.3492658362857,177.78457830053213,173.5304088946865,173.6194610595703,58436200,AAPL
2023-09-21,172.6894667209782,174.42081339229338,172.00681904661934,172.07606506347656,63149100,AAPL
2023-09-22,172.8081943086496,175.19250979208792,172.19480770645978,172.92691040039062,56725400,AAPL
2023-09-25,172.34318970903263,175.08366835534056,172.2937196425223,174.20315551757812,46172700,AAPL
2023-09-26,172.95662192119033,173.33256128157663,169.8303003575296,170.12710571289062,64588900,AAPL
2023-09-27,170.78001646868876,171.19553782333026,167.24807740616436,168.6133575439453,66921800,AAPL
2023-09-28,167.53500431517824,170.19633406818943,165.83333655703308,168.87062072753906,56294400,AAPL
2023-09-29,170.18641922443499,171.22523014825262,168.52431872709803,169.3850555419922,51861100,AAPL
2023-10-02,169.39496352748424,172.4421355524603,169.10804618991,171.8979949951172,52164500,AAPL
2023-10-03,170.4238555507343,171.77926282963776,168.99921735596456,170.56236267089844,49594600,AAPL
2023-10-04,169.26633133730053,172.35308521759683,169.14761525980057,171.80894470214844,53020300,AAPL
2023-10-05,171.93756684563112,173.57987653919332,170.83939772477277,173.04563903808594,48527900,AAPL
2023-10-06,171.94747372177912,176.092815045354,171.33407201891083,175.59814453125,57266700,AAPL
2023-10-09,174.9253669894116,177.1414961017949,173.92613808717138,177.08213806152344,42390800,AAPL
2023-10-10,176.20162316730602,177.80435062036204,176.05321297222847,176.488525390625,43698000,AAPL
2023-10-11,176.30057789253502,177.9329997364432,175.7069823006886,177.88352966308594,47551100,AAPL
2023-10-12,178.1506358590928,180.39642899359671,177.13160077070958,178.7838134765625,56743100,AAPL
2023-10-13,179.4862324115919,179.99079085887703,176.24119532002288,176.94363403320312,51427100,AAPL
2023-10-16,174.86602989056055,177.17119633941073,174.6285826048942,176.81503295898438,52517000,AAPL
2023-10-17,174.7670787756051,176.51821654411026,172.93680701299223,175.26174926757812,57549400,AAPL
2023-10-18,173.70849028197048,175.68717223288098,173.2434988158149,173.96571350097656,54764400,AAPL
2023-10-19,174.16360253338752,175.94441955236843,173.32267164674883,173.5897979736328,59302900,AAPL
2023-10-20,173.44136860989997,173.55019672394363,170.7998299466356,171.0372772216797,64244000,AAPL
2023-10-23,169.08828663709707,172.15523490983713,168.1187215150264,171.156005859375,55980100,AAPL
2023-10-24,171.20545097606092,171.81883752196748,169.6224994494151,171.59129333496094,43816600,AAPL
2023-10-25,170.04792986204652,171.21534495437086,168.83102960610762,169.2762451171875,57157000,AAPL
2023-10-26,168.55401686361284,169.55326090861308,163.90411730631092,165.11111450195312,70625300,AAPL
2023-10-27,165.13089150916355,167.1590433521086,165.05174242645685,166.4269256591797,58499100,AAPL
2023-10-30,167.21841659954197,169.34549366723184,167.0700063949142,168.47486877441406,51131000,AAPL
2023-10-31,167.54492077929578,169.07838740239757,166.1103641120373,168.9497833251953,44846000,AAPL
2023-11-01,169.1773175299865,172.37288485640974,168.3066925856151,172.11566162109375,56934900,AAPL
2023-11-02,173.64913976332178,175.88504503012373,173.58978171760563,175.6772918701172,77334800,AAPL
2023-11-03,172.38277434389337,174.9352758328065,171.50226149314057,174.76707458496094,79829200,AAPL
2023-11-06,174.49996733550321,177.51744525540883,174.3317811800047,177.319580078125,63841300,AAPL
2023-11-07,177.2701137835187,180.495375116872,177.06236062659886,179.88198852539062,70530000,AAPL
2023-11-08,180.40634475587757,181.4946108426327,179.65443590363796,180.94058227539062,49340300,AAPL
2023-11-09,181.00982351508927,182.15744752284814,179.87207238589124,180.46568298339844,53763500,AAPL
2023-11-10,182.24886906112522,184.82455079604722,181.81298306450438,184.6561279296875,66133400,AAPL
2023-11-13,184.08156757584422,184.28959445510736,182.4866293320066,183.07110595703125,43627500,AAPL
2023-11-14,185.94393292700153,186.3501007196846,184.55703694714765,185.68637084960938,60108400,AAPL
2023-11-15,186.09254599086609,187.72710311138576,186.0231936311185,186.25103759765625,53790500,AAPL
2023-11-16,187.79646053927942,189.1734556093977,186.88505441646575,187.93515014648438,54412900,AAPL
2023-11-17,188.47007209252862,188.59886068457095,186.8057969770521,187.91531372070312,50922700,AAPL
2023-11-20,188.11347160798348,190.1145776039652,188.10357060538217,189.65887451171875,46505100,AAPL
2023-11-21,189.61927636373662,189.72824786854497,187.96490178421791,188.85647583007812,38134500,AAPL
2023-11-22,189.69851123933077,191.12502655036587,189.0446822742513,189.5201873779297,39617700,AAPL
2023-11-24,189.0843077535022,189.1140258787283,187.47946852715137,188.19273376464844,24048300,AAPL
2023-11-27,188.14317764380084,188.88616092409407,187.13271615011263,188.01438903808594,40552600,AAPL
2023-11-28,188.0045033953615,189.29234420962146,187.62805366546104,188.6186981201172,38415400,AAPL
2023-11-29,189.11399699712592,190.29286617117475,187.2020606914072,187.5983123779297,43014200,AAPL
2023-11-30,188.06394110215783,188.53946132762457,186.42938378571617,188.17291259765625,48794400,AAPL
2023-12-01,188.54936135651158,189.76784980640184,187.4596464071562,189.4508514404297,45704800,AAPL
2023-12-04,188.2026180609542,188.27197042434886,185.69628894913777,187.6577606201172,43389500,AAPL
2023-12-05,188.4304529607772,192.58123974828874,188.40071972597306,191.61041259765625,66628400,AAPL
2023-12-06,192.6308143978356,192.93791176533594,190.3127099631217,190.520751953125,41089700,AAPL
2023-12-07,191.81848755335412,193.17566559760107,191.7788533108163,192.45249938964844,47477700,AAPL
2023-12-08,192.38313041357762,194.15639227120218,191.8580901155405,193.87901306152344,53406400,AAPL
2023-12-11,191.30334341541183,191.6797931299085,189.62915193698308,191.3726806640625,60943700,AAPL
2023-12-12,191.27361158280868,192.89826770087802,189.92633467152928,192.88836669921875,52696900,AAPL
2023-12-13,193.26479645974607,196.14757505430106,193.02705149757753,196.1079559326172,70404200,AAPL
2023-12-14,196.16743741550002,197.75245962096574,194.3248379535694,196.256591796875,66831600,AAPL
2023-12-15,195.6819844119138,196.54384019084355,195.15694409646994,195.72161865234375,128538400,AAPL
2023-12-18,194.2554683979516,194.7904248709577,192.57137584033416,194.05734252929688,55751900,AAPL
2023-12-19,194.32481746504553,195.1074199235508,194.0573392330858,195.09751892089844,40714100,AAPL
2023-12-20,195.05790478940895,195.83060632493024,193.0072784423828,193.0072784423828,52242800,AAPL
2023-12-21,194.26537091395173,195.23619818360498,191.6896894536902,192.858642578125,46482500,AAPL
2023-12-22,193.35396213687642,193.58182122700063,191.164646529934,191.78875732421875,37149600,AAPL
2023-12-26,191.7986702097743,192.0760494430794,191.02596875756228,191.24391174316406,28919300,AAPL
2023-12-27,190.68914273833013,191.68968812345565,189.30223153241622,191.34295654296875,48087700,AAPL
2023-12-28,192.32370988068791,192.8388492190412,191.36278357008254,191.76895141601562,34049900,AAPL
2023-12-29,192.08593771837442,192.58125990446206,189.9362412446781,190.728759765625,42672100,AAPL
2024-01-02,185.3991117688797,186.67705163638013,182.16961614691823,183.9032440185547,82488700,AAPL
2024-01-03,182.49652699212288,184.14100045386294,181.7139093893273,182.5262451171875,58414500,AAPL
2024-01-04,180.44587486910356,181.37708304150152,179.18776734055538,180.2081298828125,71983600,AAPL
2024-01-05,180.2874048658164,181.05019027633338,178.4844245514249,179.48497009277344,62379700,AAPL
2024-01-08,180.38645226507356,183.86362411289957,179.80197564152536,183.82398986816406,59144500,AAPL
2024-01-09,182.19932576748687,183.41781421075365,181.0204564512382,183.4079132080078,42841800,AAPL
2024-01-10,182.62529236075727,184.65610118978807,182.19930742900604,184.4480743408203,46792900,AAPL
2024-01-11,184.79477725525186,185.3000155120803,181.9020977729046,183.85366821289062,49128400,AAPL
2024-01-12,184.3192926371913,184.99293868218925,183.45743685571247,184.18060302734375,40477800,AAPL
2024-01-16,180.45578462721193,182.5361287641061,179.23728115128065,181.9120330810547,65603000,AAPL
2024-01-17,179.57411959355028,181.2185778549055,178.613193289656,180.97091674804688,47317400,AAPL
2024-01-18,184.34901955890965,187.3704881134165,184.0914574471942,186.86526489257812,78005800,AAPL
2024-01-19,187.5587047602819,190.15418823308323,187.0534815615711,189.76783752441406,68903000,AAPL
2024-01-22,190.5009136397872,193.50256484427592,190.4612794003693,192.07603454589844,60133900,AAPL
2024-01-23,193.19546652112328,193.91863266844476,192.01659731903075,193.3539581298828,42355600,AAPL
2024-01-24,193.59171936806808,194.542744606446,192.5218216434054,192.68032836914062,53631300,AAPL
2024-01-25,193.3936190715828,194.43379881211092,191.30335858737243,192.3534393310547,54822100,AAPL
2024-01-26,192.45251037482265,192.9379165033589,190.14430688636483,190.61981201171875,44594000,AAPL
2024-01-29,190.21364328629937,190.40186815816608,187.80638442872507,189.93626403808594,47145600,AAPL
2024-01-30,189.15363947733223,190.00559424490717,185.71610228505008,186.28076171875,55859400,AAPL
2024-01-31,185.2901205380725,185.34957189909602,182.62529981948686,182.67481994628906,55467800,AAPL
2024-02-01,182.26867176596141,185.20097077595153,182.1002640289582,185.11181640625,64885400,AAPL
2024-02-02,178.1773017145222,185.5774165638072,177.57300802816712,184.11126708984375,102551700,AAPL
2024-02-05,186.3897373769733,187.47945226083425,184.10135123689923,185.92413330078125,69668800,AAPL
2024-02-06,185.11180183413052,187.53887744205016,185.02264747144727,187.5289764404297,43490800,AAPL
2024-02-07,188.85645841865113,189.26262627331204,186.8454513829838,187.63796997070312,53439000,AAPL
2024-02-08,187.61814818475136,187.7667388029894,185.5972401965417,186.55816650390625,40962000,AAPL
2024-02-09,187.12353611951417,188.45270503827624,186.47880163607178,187.32192993164062,45155200,AAPL
2024-02-12,186.8954092628083,187.14338640307878,185.27859346494134,185.63568115234375,41781900,AAPL
2024-02-13,184.26685928046126,184.70330147289806,182.02513622573113,183.54275512695312,56529500,AAPL
2024-02-14,183.8204888809099,184.02878118831165,180.96378758253468,182.65994262695312,54630500,AAPL
2024-02-15,182.06479474492625,182.99719108766072,179.8825992332856,182.37228393554688,65434500,AAPL
2024-02-16,181.9358579237584,183.35429496994237,180.2000180232841,180.8348388671875,49752500,AAPL
2024-02-20,180.31903131312703,180.95385211869663,178.543521838827,180.0908966064453,53665600,AAPL
2024-02-21,180.46785747722194,181.41016764298323,179.19821564929268,180.84478759765625,41371400,AAPL
2024-02-22,181.99537582737872,183.463411373256,180.98364000764028,182.878173828125,52292200,AAPL
2024-02-23,183.51297897874218,183.54273502175582,180.7554746671187,181.0431365966797,45119700,AAPL
2024-02-26,180.76540051034647,181.28118200444274,179.1882545795608,179.6941375732422,40867400,AAPL
2024-02-27,179.6346334198553,182.43180748858953,178.1070858709482,181.15225219726562,54318900,AAPL
2024-02-28,181.03321827875988,181.6382830805114,178.67248629654023,179.95204162597656,48953900,AAPL
2024-02-29,179.80325698202418,181.09274105155225,178.07733075339527,179.28746032714844,136682600,AAPL
2024-03-01,178.0971730296413,179.06923911535185,175.94473341504965,178.20628356933594,73563100,AAPL
2024-03-04,174.72465821330945,175.46858951163802,172.38375378915603,173.68316650390625,81510100,AAPL
2024-03-05,169.37827475690668,170.64791631173568,168.2474997741583,168.7434539794922,95132400,AAPL
2024-03-06,169.67586125903696,169.85441265484894,167.31511424596866,167.75155639648438,68587700,AAPL
2024-03-07,167.78131806385875,169.34853532264208,167.12666995146384,167.63253784179688,71765100,AAPL
2024-03-08,167.63254371875993,172.29451084245372,167.5730316278488,169.34854125976562,76267000,AAPL
2024-03-11,171.54065314121274,172.9690037589795,170.65785520874886,171.35218811035156,60139500,AAPL
2024-03-12,171.7489536078961,172.62183794587216,169.62626998762764,171.82830810546875,59825400,AAPL
2024-03-13,171.37201416354768,171.78861386475305,169.3782686434611,169.7452850341797,52488700,AAPL
2024-03-14,171.5108753141753,172.89954094100486,170.65783353331713,171.6001434326172,72913500,AAPL
2024-03-15,169.78497182252738,171.22323608398438,168.91208752136302,171.22323608398438,121752700,AAPL
2024-03-18,174.1493830977455,176.27206668827822,172.11596763998543,172.31434631347656,75604200,AAPL
2024-03-19,172.92931675607417,175.18095319129145,171.62991909909198,174.65524291992188,55215200,AAPL
2024-03-20,174.29816190798687,177.2242889404297,173.67325471299228,177.2242889404297,53423100,AAPL
2024-03-21,175.61736921147792,176.05381128927786,169.45761195038287,169.9833221435547,106181300,AAPL
2024-03-22,170.3702201223851,171.64979072547655,168.6839784855534,170.88601684570312,71160100,AAPL
2024-03-25,169.1898419011277,170.54875171721093,168.078894077347,169.4675750732422,54288300,AAPL
2024-03-26,168.6244540719099,170.0329624014482,168.20785429573576,168.33680725097656,57388400,AAPL
2024-03-27,169.03112531152695,172.19531573949365,168.7335497446837,171.90765380859375,60273300,AAPL
2024-03-28,170.36025723357648,170.83636899843572,169.13028544442668,170.09243774414062,65672700,AAPL
2024-04-01,169.80482284392966,169.86433493378763,168.1086526063626,168.65420532226562,46240500,AAPL
2024-04-02,167.71187939021036,167.96977013364764,166.86875116942764,167.47381591796875,49329500,AAPL
2024-04-03,167.4242255584593,169.29893197888933,167.21593325359058,168.2772674560547,47691700,AAPL
2024-04-04,168.91210166538218,170.52891745806397,167.45401000976562,167.45401000976562,53704400,AAPL
2024-04-05,168.217753601793,169.01128340394683,167.58293278713433,168.2078399658203,42104800,AAPL
2024-04-08,167.66228381393842,167.83090643391947,166.87868279928273,167.08697509765625,37425500,AAPL
2024-04-09,167.33498182341344,168.7038205676874,166.98782288624614,168.29713439941406,42373800,AAPL
2024-04-10,167.43417533006158,167.72182216558926,165.75784736817235,166.42242431640625,49709300,AAPL
2024-04-11,166.97787330186227,174.040272115757,166.7993370367697,173.6236572265625,91070300,AAPL
2024-04-12,172.8499658132502,176.91679662448954,172.80038249764078,175.12144470214844,101670900,AAPL
2024-04-15,173.94108816854134,175.2008162956038,171.10422904105639,171.29269409179688,73531800,AAPL
2024-04-16,170.360294137519,172.35402488220237,166.9084566077323,168.0094757080078,73711200,AAPL
2024-04-17,168.23761366668208,169.2691919230274,166.64064025878906,166.64064025878906,50901200,AAPL
2024-04-18,166.67037984876308,167.27544462394533,165.20235954360626,165.68838500976562,43122900,AAPL
2024-04-19,164.86513304300607,165.05358296102196,162.75236290762146,163.6649169921875,68149400,AAPL
2024-04-22,164.18067459044096,165.90658543557495,163.43674332676036,164.49807739257812,48116400,AAPL
2024-04-23,164.01206877643943,165.69831011966792,163.58554027123327,165.5495147705078,49537800,AAPL
2024-04-24,165.19243035823263,167.93010742906517,164.86511388137603,167.65237426757812,48251800,AAPL
2024-04-25,168.15824741627387,169.2295104164757,166.78940883790665,168.5153350830078,50558300,AAPL
2024-04-26,168.50542350147623,169.95360145871248,167.81107543218243,167.93011474609375,44838400,AAPL
2024-04-29,171.96716217122307,174.60564226594082,171.69935778865286,172.0961151123047,68169400,AAPL
2024-04-30,171.92750782528833,173.57407962239418,168.6244505944639,168.9517822265625,65934800,AAPL
2024-05-01,168.20784791968214,171.31252641733016,167.74164970644674,167.93011474609375,50383100,AAPL
2024-05-02,171.11413192483198,172.0167723030629,169.50724497899176,171.6299285888672,94214900,AAPL
2024-05-03,185.13969345224513,185.48686744008484,181.1819886945406,181.8961639404297,163224100,AAPL
2024-05-06,180.87452115240256,182.70954279745968,178.9601298757301,180.2397003173828,78569700,AAPL
2024-05-07,181.965609726272,183.40387401178498,179.8528549315395,180.92410278320312,77305800,AAPL
2024-05-08,181.37049360808004,181.58871471095884,179.98181248654907,181.26138305664062,45057100,AAPL
2024-05-09,181.08280763590477,183.16582147443802,180.6364518520254,183.07655334472656,48983000,AAPL
2024-05-10,183.65261967053823,183.84134031553506,180.9013175850214,181.8151092529297,50759500,AAPL
2024-05-13,184.18900107058352,185.8378061410755,183.37452561798457,185.02333068847656,72044800,AAPL
2024-05-14,186.24503525163803,187.029714327999,185.0332642686859,186.1655731201172,52393600,AAPL
2024-05-15,186.6423374407049,189.36384333151435,186.1059718662387,188.44012451171875,70400000,AAPL
2024-05-16,189.18508101005293,189.81083584823088,188.3805477357399,188.559326171875,52845200,AAPL
2024-05-17,188.23153932133224,189.52277241007562,187.90376371878457,188.589111328125,41282900,AAPL
2024-05-20,188.052749878466,190.62527366658756,187.73490137733788,189.75120544433594,44361300,AAPL
2024-05-21,189.80087387660714,191.42980957851574,189.6320225414164,191.05238342285156,42309400,AAPL
2024-05-22,190.9729201671483,191.5192128106237,188.9864124860383,189.61215209960938,34648500,AAPL
2024-05-23,189.69164069264463,189.71151001586625,185.3709949768945,185.6193084716797,51005900,AAPL
2024-05-24,187.54620129756856,189.2943226367172,186.771449342652,188.6983642578125,36327000,AAPL
2024-05-28,190.21804799663707,191.69800175645932,187.82431762786635,188.70831298828125,52280100,AAPL
2024-05-29,188.33086600869876,190.95305560689752,188.2315345598267,189.0062713623047,53068000,AAPL
2024-05-30,189.4730884200293,190.88350698979508,189.343975732697,189.99951171875,49889100,AAPL
2024-05-31,190.14851552916033,191.2708972062775,188.62883838261533,190.9530487060547,75158300,AAPL
2024-06-03,191.5986571441052,193.67456916074488,191.22123099586668,192.72103881835938,50080500,AAPL
2024-06-04,193.32693160548868,194.0023521144802,191.72779227719917,193.0388946533203,47471400,AAPL
2024-06-05,194.08179923154876,195.5716800296083,193.55537589536917,194.5486297607422,54156800,AAPL
2024-06-06,194.36987376952155,195.1744070683784,192.86012347629529,193.16802978515625,41181800,AAPL
2024-06-07,193.33685821193552,195.6114180436154,192.83030419832767,195.56175231933594,53103900,AAPL
2024-06-10,195.57169845948172,195.96900913658257,190.85374215435903,191.81719970703125,97010200,AAPL
2024-06-11,192.34359145933493,205.7624599378956,192.32373729563466,205.7525177001953,172373300,AAPL
2024-06-12,205.97105482418652,218.7145040828182,205.50422428227435,211.6326141357422,198134300,AAPL
2024-06-13,213.29131987781926,215.28775449802723,210.17250364841863,212.79469299316406,97862700,AAPL
2024-06-14,212.40734441299963,213.71843162956222,209.874544034183,211.0565185546875,70122700,AAPL
2024-06-17,211.93058723086708,217.4729460060793,211.28497823555003,215.2083282470703,93728300,AAPL
2024-06-18,216.1221165738588,217.15510913678148,211.56308472355843,212.84437561035156,79943300,AAPL
2024-06-20,212.48678595825902,212.79470737847507,207.44106980621038,208.2654571533203,86172500,AAPL
2024-06-21,208.97070143703453,210.46058238700795,205.71282963889428,206.09027099609375,241805100,AAPL
2024-06-24,206.3187055335118,211.2651058128792,205.19632375372012,206.73587036132812,80727000,AAPL
2024-06-25,207.73903864641352,209.95400566525086,207.20268823087267,207.6595916748047,55549700,AAPL
2024-06-26,210.07319184959564,213.41052543273105,209.21899292189278,211.81138610839844,66213200,AAPL
2024-06-27,213.2416710401095,214.28459061162127,210.91746067332394,212.65565490722656,49772700,AAPL
2024-06-28,214.31439376890182,214.6123729638464,208.8812938369491,209.19912719726562,82542700,AAPL
2024-07-01,210.65922892540738,216.04266357466884,210.49037757076027,215.2877960205078,60402900,AAPL
2024-07-02,214.6918109818244,218.89328562800327,213.6489065767971,218.78402709960938,58046200,AAPL
2024-07-03,218.51584293427166,220.05538940429688,217.55238550522975,220.05538940429688,37369800,AAPL
2024-07-05,220.15473164881905,224.9223536333555,220.15473164881905,224.81309509277344,60412400,AAPL
2024-07-08,225.55802531049062,226.31290797690275,221.7439339584199,226.28311157226562,59085900,AAPL
2024-07-09,226.39235814584333,227.85244261706796,224.84288445944628,227.13729858398438,48076100,AAPL
2024-07-10,227.75312751683794,231.50762613234983,227.70346178953022,231.40829467773438,62627700,AAPL
2024-07-11,229.82901193417422,230.82226580227746,224.2469300453064,226.0347900390625,64710600,AAPL
2024-07-12,227.37567478656334,231.07058040656065,227.13728840093884,228.9847412109375,53046500,AAPL
2024-07-15,234.88468027763452,235.62962070976812,231.5175501306247,232.81871032714844,62631300,AAPL
2024-07-16,233.41466404542834,234.67610072880163,230.76267797901863,233.2358856201172,43234300,AAPL
2024-07-17,227.90209958898402,229.8985495862513,225.11105861290636,227.33595275878906,57345900,AAPL
2024-07-18,228.7265030667722,228.88542732552744,220.7705449165008,222.6676483154297,66034600,AAPL
2024-07-19,223.30335264411235,225.2699911539264,221.77373312637206,222.79678344726562,49151500,AAPL
2024-07-22,225.47857008869346,226.24337986146955,221.58501648633228,222.44915771484375,48201800,AAPL
2024-07-23,222.85635307829335,225.40902265142745,221.17775171010015,223.49203491210938,39960300,AAPL
2024-07-24,222.48887740092556,223.2834835656707,215.66522784122517,217.06570434570312,61777600,AAPL
2024-07-25,217.45305415919788,219.36011485373604,213.17213256832727,216.0227813720703,51391200,AAPL
2024-07-26,217.22462220056258,218.0093012590926,214.55276681781487,216.4896240234375,41601300,AAPL
2024-07-29,215.49636696784094,217.82057739339885,214.2945231128628,216.76773071289062,36311800,AAPL
2024-07-30,217.71131248471113,218.84362126060284,214.66201590891492,217.32394409179688,41643800,AAPL
2024-07-31,219.94613576688096,222.31008478832948,219.14160257039833,220.58181762695312,50036300,AAPL
2024-08-01,222.85636745689294,222.96562598955987,215.5559605569344,216.8869171142578,62501000,AAPL
2024-08-02,217.6715683981697,224.07806765618477,216.24129562954897,218.3767852783203,105568600,AAPL
2024-08-05,197.74692788266515,212.0597211288106,194.67777677399005,207.85826110839844,119548600,AAPL
2024-08-06,203.91501287026546,208.5733757245506,199.7135534430835,205.8319854736328,69660500,AAPL
2024-08-07,205.5042262843129,212.19876304064402,204.99767225034321,208.404541015625,63516400,AAPL
2024-08-08,211.67235443417223,212.75499762550604,207.42122864939222,211.87100219726562,47161100,AAPL
2024-08-09,210.66914912089348,215.317569896599,210.54002126961797,214.78121948242188,42201600,AAPL
2024-08-12,214.86078610016068,218.28152162650582,214.39341520959198,216.31260681152344,38028100,AAPL
2024-08-13,217.7843004144017,220.64818728863202,217.7843004144017,220.0316619873047,44155300,AAPL
2024-08-14,219.33561365974072,221.78183806687042,218.4704721927748,220.4791717529297,41960600,AAPL
2024-08-15,223.3430482530648,224.08885093177264,221.51333414952188,223.46237182617188,46414000,AAPL
2024-08-16,222.66684293368954,225.56056092969672,222.39834972442236,224.78492736816406,44340200,AAPL
2024-08-19,224.4567771868955,224.72527040192085,221.791767703572,224.62582397460938,40687800,AAPL
2024-08-20,224.50647597128693,225.89863476179528,224.18825957723197,225.24232482910156,30299000,AAPL
2024-08-21,225.25228856886343,226.70410920432383,223.7905141872767,225.13294982910156,34765500,AAPL
2024-08-22,226.51517227009805,227.06209724349452,222.64694316501192,223.27342224121094,43695300,AAPL
2024-08-23,224.39710671028325,226.9427773475752,223.07454817990703,225.57049560546875,38677300,AAPL
2024-08-26,225.490936936756,226.00803101617393,222.6370036872603,225.90858459472656,30602200,AAPL
2024-08-27,224.73519205544582,227.569248113113,223.63140355832627,226.7538299560547,35934600,AAPL
2024-08-28,226.64446298605537,228.57360836626125,224.41699349604747,225.22247314453125,38052200,AAPL
2024-08-29,228.81226038667728,231.61647047641185,227.59908685526068,228.5039825439453,51906300,AAPL
2024-08-30,228.90175696593346,229.11057321557684,226.2069166530855,227.71841430664062,52990800,AAPL
2024-09-03,227.27096757410897,227.71844620227262,219.93226344799874,221.5233154296875,50190600,AAPL
2024-09-04,220.41949337418052,220.53881694406624,216.2628786668988,219.61402893066406,43840200,AAPL
2024-09-05,220.38966486266608,224.2181094473344,220.28027986462445,221.13546752929688,36615400,AAPL
2024-09-06,222.69668624975694,223.97947540850993,218.5400864277892,219.58421325683594,48423000,AAPL
2024-09-09,219.58419811845144,220.03167667908036,215.49719894103853,219.67369079589844,67180000,AAPL
2024-09-10,217.69483113354613,220.2405018848782,215.517084853391,218.878173828125,51591000,AAPL
2024-09-11,220.22061344649163,221.8414808899648,216.670585544778,221.4138946533203,44587100,AAPL
2024-09-12,221.25482218343083,222.29894909807683,218.58982756350778,221.5233154296875,37455600,AAPL
2024-09-13,222.3287642541488,222.78618142445666,220.66811202153605,221.2548065185547,36766600,AAPL
2024-09-16,215.32814508742544,216.00434741371936,212.72281255665072,215.10939025878906,59357400,AAPL
2024-09-17,214.54256344637628,215.6861214463737,213.2995590231644,215.5767364501953,45519300,AAPL
2024-09-18,216.33249894497217,221.46362499015893,216.322545198334,219.45492553710938,59894900,AAPL
2024-09-19,223.7308662842885,228.53383738270648,223.37288038958053,227.58914184570312,66781300,AAPL
2024-09-20,228.6829959505254,231.7855303113645,226.34614143297367,226.9228973388672,318679900,AAPL
2024-09-23,226.06770192621624,228.16589404695566,224.54626569168985,225.20257568359375,54146000,AAPL
2024-09-24,227.3703848763016,228.06647955891447,224.466728085426,226.09754943847656,43556100,AAPL
2024-09-25,223.6711754067507,226.01796830972677,222.76627973963284,225.10311889648438,42308700,AAPL
2024-09-26,226.02793410267134,227.22121534991766,224.14851196557498,226.2467041015625,36636700,AAPL
2024-09-27,227.18143093581907,228.2354962210898,226.02791923090672,226.51516723632812,34026000,AAPL
2024-09-30,228.75260351180964,231.696044921875,228.36478670449856,231.696044921875,54541900,AAPL
2024-10-01,228.2355040411627,228.36476618305377,222.4878528116685,224.94403076171875,63285000,AAPL
2024-10-02,224.62581519597003,226.09752818761766,221.771881889721,225.51083374023438,32880600,AAPL
2024-10-03,223.88001079844628,225.5406628776434,222.0702042586661,224.40704345703125,34044200,AAPL
2024-10-04,226.6245660168141,226.72401244250622,222.87567550784985,225.53073120117188,37245100,AAPL
2024-10-07,223.24359711098245,224.4269397639463,220.09133967636964,220.44932556152344,39505400,AAPL
2024-10-08,223.0447257693685,224.71531649859696,222.00059897690352,224.50650024414062,31855700,AAPL
2024-10-09,223.96950943919006,228.46421777631028,223.57175408478048,228.25538635253906,33591100,AAPL
2024-10-10,226.50523572074002,228.21561101279016,225.89864895817115,227.7581787109375,28183500,AAPL
2024-10-11,228.01675665509578,228.1261416619367,226.06771885321956,226.27655029296875,31759200,AAPL
2024-10-14,227.4200987868959,230.43314046117197,227.32066753158787,230.00555419921875,39882100,AAPL
2024-10-15,232.3026279543652,236.1609188169062,231.06956201546166,232.54129028320312,64751400,AAPL
2024-10-16,230.30384852186543,230.82092739872954,228.55368871280942,230.4828338623047,34082200,AAPL
2024-10-17,232.12361966628396,232.5412825211578,229.22991678936268,230.8507843017578,32993800,AAPL
2024-10-18,234.8582185948981,234.8582185948981,232.7003647541102,233.68482971191406,46431500,AAPL
2024-10-21,233.13790198735873,235.52447953691794,233.13790198735873,235.1565399169922,36254500,AAPL
2024-10-22,232.5810627118631,234.89802497361626,231.29828871484364,234.5400390625,38846600,AAPL
2024-10-23,232.76997861721128,233.8240439244486,226.48534106504323,229.4685516357422,52287000,AAPL
2024-10-24,228.69292294524882,229.52823345451665,227.131717270346,229.27963256835938,31109500,AAPL
2024-10-25,228.4542922398222,231.91481257552053,228.2852454458818,230.1149444580078,38802300,AAPL
2024-10-28,232.01424158684446,233.41633904858514,231.24854661133642,232.09378051757812,36087100,AAPL
2024-10-29,231.79547204033784,233.01858415019296,231.0198384903425,232.36227416992188,35417200,AAPL
2024-10-30,231.30820323038637,232.1633908639167,228.26533088908346,228.812255859375,47070900,AAPL
2024-10-31,228.05650301771783,228.5437662121666,224.10871977089283,224.6457061767578,64370100,AAPL
2024-11-01,219.7333456007168,224.08883784550613,219.03726617591775,221.66249084472656,65276700,AAPL
2024-11-04,219.7532516264011,221.5431659237015,218.48041626355018,220.7675323486328,44944500,AAPL
2024-11-05,220.55871830266648,222.6966799421733,219.90240829460964,222.19947814941406,28111300,AAPL
2024-11-06,221.36417152277414,224.80481443000403,219.95212032394844,221.4735565185547,54561100,AAPL
2024-11-07,223.37288331058951,226.6046949785728,223.31322152292373,226.20692443847656,42137700,AAPL
2024-11-08,226.1471868576639,227.63048374280507,225.39061415381417,225.93814086914062,38328800,AAPL
2024-11-11,223.98696589218596,224.68381119249955,220.50272420052974,223.22042846679688,42005600,AAPL
2024-11-12,223.53899499841924,224.5743058460154,222.354350392842,223.22042846679688,40398300,AAPL
2024-11-13,223.00139666804327,225.62950954483912,221.75702475308145,224.1063995361328,48566200,AAPL
2024-11-14,224.0068849307252,227.83954176018094,223.9869707245471,227.19247436523438,44923900,AAPL
2024-11-15,225.38065961406878,225.89832264008,223.26025997018442,223.98696899414062,47923700,AAPL
2024-11-18,224.2358449505769,228.70563485331775,224.15620331601912,226.99337768554688,44633700,AAPL
2024-11-19,225.9580321395358,229.12372228231885,225.63948081886542,227.25218200683594,36211800,AAPL
2024-11-20,227.03319339435467,228.89476915350485,224.87296529986398,227.96896362304688,35169600,AAPL
2024-11-21,227.8494991340082,229.1237348668511,224.69377351516385,227.49111938476562,42108300,AAPL
2024-11-22,227.0331737980822,229.68120098473537,227.0331737980822,228.83502197265625,38168300,AAPL
2024-11-25,230.41787789282506,232.19981188776785,228.70562083004268,231.82151794433594,90152800,AAPL
2024-11-26,232.2794717613211,234.50939199708804,232.2794717613211,234.00167846679688,45986200,AAPL
2024-11-27,233.41431778082386,234.6288260383393,232.75728573526553,233.8722381591797,33498400,AAPL
2024-11-29,233.75280101667178,236.73929396987336,232.91658663539664,236.26145935058594,28481400,AAPL
2024-12-02,236.20171450499868,239.70585504150458,236.0922091638524,238.51126098632812,48137100,AAPL
2024-12-03,238.73028547870095,241.66700046466846,237.82437898500294,241.5574951171875,38861000,AAPL
2024-12-04,241.7765092325954,243.01093178619982,240.16380790150487,241.91587829589844,44383900,AAPL
2024-12-05,242.8914746561807,243.43898620611924,241.03984843814553,241.94573974609375,40033900,AAPL
2024-12-06,241.81633519239523,243.5285923470879,240.99007032901886,241.74664306640625,36870600,AAPL
2024-12-09,240.74117665680967,246.1268220997756,240.66153502923254,245.63902282714844,44649200,AAPL
2024-12-10,245.7783914922151,247.09245556004478,244.23536723926503,246.65443420410156,36914800,AAPL
2024-12-11,246.84360125039836,249.67081089954078,245.15124311202538,245.38021850585938,45205800,AAPL
2024-12-12,245.77839247075497,247.62006903646127,244.57383373711528,246.8435821533203,32777500,AAPL
2024-12-13,246.70423080565516,248.16759835190283,245.13134272203925,247.01283264160156,33155300,AAPL
2024-12-16,246.8734431082497,250.24817919808956,246.53496239648825,249.90969848632812,51694800,AAPL
2024-12-17,248.95404406138837,252.68716009783537,248.655391740455,252.33872985839844,51356400,AAPL
2024-12-18,251.02467749046986,253.13512753347695,246.62457993830327,246.9331817626953,56774100,AAPL
2024-12-19,246.38564624934875,250.86538527206417,245.9774886038804,248.6653289794922,60882300,AAPL
2024-12-20,246.92320588947405,253.8518755287198,244.58379575845774,253.34417724609375,147495300,AAPL
2024-12-23,253.62291772369178,254.49894524760987,252.30885365268378,254.12066650390625,40858800,AAPL
2024-12-24,254.3397007808045,257.04744042152294,254.14058909817473,257.0375061035156,23234700,AAPL
2024-12-26,257.0275101814573,258.9289141129315,256.47003399402934,257.853759765625,27237100,AAPL
2024-12-27,256.6691137206059,257.5352220874343,251.9206014592013,254.439208984375,42355300,AAPL
2024-12-30,251.0943626150189,252.3586488565982,249.62103037787767,251.0644989013672,35557500,AAPL
2024-12-31,251.30342042234355,252.1396347735265,248.30696287880588,249.29251098632812,39480700,AAPL
2025-01-02,247.80922035937212,247.97846832553566,240.73124671787497,242.75210571289062,55740700,AAPL
2025-01-03,242.26431274414062,243.080612931882,240.80092995907523,242.26431274414062,40244100,AAPL
2025-01-06,243.2100158477468,246.21642284830082,242.10501290585998,243.89691162109375,45045600,AAPL
2025-01-07,241.88599852058522,244.44443460073458,240.263347789176,241.11947631835938,40856000,AAPL
2025-01-08,240.83078235887348,242.61273160476242,238.9692066706783,241.60726928710938,37628900,AAPL
2025-01-10,238.9293914792433,239.07872524452853,231.95095824677452,235.78363037109375,61710900,AAPL
2025-01-13,232.47857214721685,233.61343889555542,228.68572841435088,233.3446502685547,49630700,AAPL
2025-01-14,233.69305795736565,235.05688478727922,231.4233246799516,232.22967529296875,39435300,AAPL
2025-01-15,233.5835582088168,237.88411516800545,233.3744970274307,236.79901123046875,39832000,AAPL
2025-01-16,236.28136958651152,236.9383864807084,227.0033243432251,227.23228454589844,71759100,AAPL
2025-01-17,231.07489856287185,231.24413133243607,227.4512878984511,228.9445343017578,68488300,AAPL
2025-01-21,222.9914505136237,223.40955766052627,218.39225670760806,221.6375732421875,98070400,AAPL
2025-01-22,218.80041619812283,223.1109227348787,218.80041619812283,222.82223510742188,64126500,AAPL
2025-01-23,223.72813912330528,226.00782197454978,221.29912251598503,222.6529998779297,60234800,AAPL
2025-01-24,223.76794215782238,224.614121166801,220.4131202139208,221.77694702148438,54697900,AAPL
2025-01-27,223.01138591977585,231.10477141655377,222.9715575076631,228.82508850097656,94863400,AAPL
2025-01-28,229.81063008981926,239.1085741517517,229.77080167884077,237.187255859375,75707600,AAPL
2025-01-29,233.06589003597526,238.78005164957875,232.9563846938824,238.2823028564453,45486100,AAPL
2025-01-30,237.59541819689565,239.7058683175974,236.14200015946125,236.52027893066406,55658300,AAPL
2025-01-31,246.07705979363328,246.07705979363328,232.38896748106293,234.93743896484375,100959800,AAPL
2025-02-03,228.9545099800506,230.78622201033428,224.68381655532258,226.98341369628906,73063300,AAPL
2025-02-04,226.226846442903,232.08037762753466,225.62954176239768,231.75186157226562,45067300,AAPL
2025-02-05,227.50106167329415,231.62242106375825,227.24223776986636,231.42332458496094,39620300,AAPL
2025-02-06,230.24863411824003,232.74734282564026,229.39250557129796,232.16995239257812,29925300,AAPL
2025-02-07,231.55275755143822,232.946448173879,226.236788599926,226.60513305664062,39707200,AAPL
2025-02-10,228.7876615470872,229.80417456619486,226.42572786906877,226.8741912841797,33115600,AAPL
2025-02-11,227.4223198813819,234.42836130351915,227.35256634016287,231.82725524902344,53718400,AAPL
2025-02-12,230.41209906543347,236.15247950770552,229.89386689621963,236.06277465820312,45243300,AAPL
2025-02-13,236.10264318513748,241.514131106333,234.7672133917818,240.70689392089844,53614100,AAPL
2025-02-14,240.4278440984732,244.71319316935814,240.1687356269457,243.7664337158203,40896200,AAPL
2025-02-18,243.31796980618805,244.34445851454996,241.01584434943877,243.6368865966797,48822500,AAPL
2025-02-19,243.8262313730556,245.17162160901916,242.33134319523683,244.03550720214844,32204200,AAPL
2025-02-20,244.10529733899222,245.93902334816417,243.45750328110228,244.9922637939453,32316900,AAPL
2025-02-21,245.11182656230832,247.84249441981407,244.38431857946645,244.71319580078125,53197400,AAPL
2025-02-24,244.0953010258401,248.01191597096326,243.58704451830639,246.25791931152344,51326400,AAPL
2025-02-25,247.15485528022737,249.14803959700342,244.0753891604379,246.1981201171875,48013300,AAPL
2025-02-26,243.49736566903925,244.14514449402503,238.3150894487839,239.5408935546875,44433600,AAPL
2025-02-27,238.5941277716784,241.6337368385667,236.25213016109495,236.49131774902344,41153600,AAPL
2025-02-28,236.14250368420718,241.26498665715278,229.41550676334808,241.01583862304688,56833400,AAPL
2025-03-03,240.96599177281342,243.1983635012748,235.3053560708129,237.21881103515625,47184000,AAPL
2025-03-04,236.89992456399492,239.25188262538288,233.88023638606123,235.1259765625,53798100,AAPL
2025-03-05,234.61771347352882,235.7438674276595,228.44880585950324,234.93663024902344,47227600,AAPL
2025-03-06,233.64106399817908,237.04940729600818,232.3654272740836,234.5280303955078,45170400,AAPL
2025-03-07,234.30878315837532,240.54744460053885,233.95996981993864,238.2552947998047,46273600,AAPL
2025-03-10,234.73730306532093,235.35520052510583,223.45588808739058,226.70477294921875,72071200,AAPL
2025-03-11,223.04728218644934,225.0703629938446,216.7089556312574,220.08740234375,76137400,AAPL
2025-03-12,219.3897895710681,220.99430349899413,214.17761702040198,216.2405548095703,62547500,AAPL
2025-03-13,215.21406028960521,216.10102664759694,207.70972301630272,208.96542358398438,61368300,AAPL
2025-03-14,210.53007941159925,213.22087501834247,208.86577244295887,212.762451171875,60107600,AAPL
2025-03-17,212.58307041465437,214.48656508270392,209.25445626243933,213.27072143554688,48073400,AAPL
2025-03-18,213.43018643369246,214.4168029665515,210.76928711901598,211.96519470214844,42432400,AAPL
2025-03-19,213.48995680484757,218.0144781615262,213.0215573102422,214.50648498535156,54385400,AAPL
2025-03-20,213.2607660976187,216.74883872802718,211.49679368091097,213.37039184570312,48862900,AAPL
2025-03-21,210.8390437188948,218.09423372936246,210.55999911901452,217.52618408203125,94127800,AAPL
2025-03-24,220.24686734420678,220.7252273230714,217.83511614199446,219.977783203125,44299500,AAPL
2025-03-25,220.01766257627696,223.33631640181736,219.33001153042758,222.9875030517578,34493600,AAPL
2025-03-26,222.7483031053444,224.25316696482244,219.71866969932233,220.77505493164062,34466100,AAPL
2025-03-27,220.63553483035878,224.22327264250706,219.80836152348044,223.087158203125,37094800,AAPL
2025-03-28,220.91458161653458,223.04728822423488,216.93817343567548,217.1574249267578,39818600,AAPL
2025-03-31,216.27045427307317,224.8511131847691,215.49311362240712,221.37301635742188,65299300,AAPL
2025-04-01,219.06092638065368,222.9177332815032,218.15402384007052,222.42941284179688,36412700,AAPL
2025-04-02,220.5657953452804,224.42260233406006,220.2668146407477,223.1270294189453,35905900,AAPL
2025-04-03,204.8395255545537,206.78289223919597,200.56415230327434,202.49754333496094,103419000,AAPL
2025-04-04,193.2292544699453,199.19884701911502,186.70157274086588,187.738037109375,125910900,AAPL
2025-04-07,176.59612158290105,193.48835506739644,174.02491207450518,180.84161376953125,160466300,AAPL
2025-04-08,186.06373055480245,189.691324966831,168.63334553301246,171.8323974609375,120859500,AAPL
2025-04-09,171.3640110222038,199.926344669284,171.30421792842867,198.17234802246094,184395900,AAPL
2025-04-10,188.42568213047016,194.11621470149436,182.37636057603893,189.7710723876953,121880000,AAPL
2025-04-11,185.46579368960585,198.85997858079665,185.42592149027786,197.47471618652344,87435900,AAPL
2025-04-14,210.7194495182335,212.2143377637297,200.47448329230923,201.82984924316406,101352900,AAPL
2025-04-15,201.1720815277121,202.81645240683693,199.11910423874315,201.4511260986328,51343900,AAPL
2025-04-16,197.68401406478426,200.01603598224625,191.71442177543545,193.6079559326172,59732400,AAPL
2025-04-17,196.5279673080365,198.15241736523095,193.75744237056688,196.3087158203125,52164700,AAPL
2025-04-21,192.61136524453693,193.13955785695288,189.1631497833642,192.50173950195312,46742500,AAPL
2025-04-22,195.45165216386687,200.9030125684292,195.3021694205859,199.059326171875,52976400,AAPL
2025-04-23,205.29797863560773,207.29116289420588,202.10888686320854,203.9027557373047,52929200,AAPL
2025-04-24,204.1917605029567,208.11833592046503,202.248408894664,207.65989685058594,47311000,AAPL
2025-04-25,205.66671618569228,209.0352025034097,205.49729734578435,208.56680297851562,38222300,AAPL
2025-04-28,209.2843516085664,210.77923983434187,206.7530142372406,209.4238739013672,38743100,AAPL
2025-04-29,207.978817902887,211.51672307140856,207.6599011161091,210.490234375,36827600,AAPL
2025-04-30,208.58674127234366,212.8521544830753,205.96569903614,211.7758331298828,52286500,AAPL
2025-05-01,208.3674918385056,213.82881264887993,208.18809734114114,212.59304809570312,57365700,AAPL
2025-05-02,205.38767599056177,206.28461806468735,201.4710760745947,204.65020751953125,101010600,AAPL
2025-05-05,202.40787903175757,203.4044712176219,197.5345438511527,198.21221923828125,69018500,AAPL
2025-05-06,197.53454585917262,199.96621804369693,196.34859871285207,197.83351135253906,51216500,AAPL
2025-05-07,198.49125449640593,198.7603386318323,192.59143085844198,195.58120727539062,68536700,AAPL
2025-05-08,197.04619801698016,199.3682595147921,194.0165494128041,196.81698608398438,50478900,AAPL
2025-05-09,198.32183886048443,199.85658408831688,196.86680762308345,197.8534393310547,36453900,AAPL
2025-05-12,210.52676720097676,210.82613996616402,206.31563192374182,210.34713745117188,63775800,AAPL
2025-05-13,209.98788789546765,212.95164926547025,208.56089957562318,212.48263549804688,51909300,AAPL
2025-05-14,211.98367663769176,213.49051386836734,210.13757262915965,211.88389587402344,49325800,AAPL
2025-05-15,210.506803034962,212.51258988469863,209.0997617101353,211.00575256347656,45029500,AAPL
2025-05-16,211.9138418912236,212.12340739052024,209.3292870180407,210.81614685058594,54737900,AAPL
2025-05-19,207.47318710280226,209.0398806327114,203.83084657536088,208.3413543701172,46140500,AAPL
2025-05-20,207.23369558110693,208.03201787298204,204.5992426766309,206.42539978027344,42496600,AAPL
2025-05-21,204.73893602091724,206.60500227852873,200.28831500749223,201.6654052734375,59211800,AAPL
2025-05-22,200.2883071907537,202.32401437172413,199.28041949489233,200.9369354248047,46742400,AAPL
2025-05-23,193.26311186041877,197.28464391104225,193.05356158182016,194.85975646972656,78432900,AAPL
2025-05-27,197.88337691051132,200.31825293342968,197.01519441683536,199.78936767578125,56288500,AAPL
2025-05-28,200.16855762950956,202.30406088976383,199.48000488022652,199.99891662597656,45339700,AAPL
2025-05-29,203.15228556391767,203.38179807643976,198.09293019267844,199.5299072265625,51396800,AAPL
2025-05-30,198.95112277889336,201.53569281345096,196.36656797106642,200.4280242919922,70819900,AAPL
2025-06-02,199.85921507319503,201.70533435611304,199.69954757512772,201.27622985839844,35423300,AAPL
2025-06-03,200.92696184786135,203.34187550579085,200.53778186221837,202.84292602539062,46381600,AAPL
2025-06-04,202.48369763994597,205.80670326672896,201.67540185470463,202.39389038085938,43604000,AAPL
2025-06-05,203.07246156364138,204.3198354061699,199.7294935749724,200.20849609375,55126100,AAPL
2025-06-06,202.57349663849442,205.26782088834017,201.62549563553227,203.49156188964844,46607700,AAPL
2025-06-09,203.96058960802065,205.56720771427428,199.59977555964565,201.02676391601562,72862600,AAPL
2025-06-10,200.1785434107301,203.92066462184746,200.14860765917956,202.2441864013672,54672600,AAPL
2025-06-11,203.0724503091444,204.07034932786254,197.99314795828434,198.36236572265625,60989900,AAPL
2025-06-12,198.66173587371065,199.26046614106752,196.94534836583952,198.78147888183594,43904600,AAPL
2025-06-13,199.3103695725812,199.9490243445518,195.2888376882346,196.03726196289062,51447300,AAPL
2025-06-16,196.8854859861783,198.27256505925683,196.1470352061455,198.0031280517578,43020700,AAPL
2025-06-17,196.78567812068002,197.97318035709665,194.79986887227625,195.2289581298828,38856200,AAPL
2025-06-18,195.52832221137376,197.15490236836843,194.66015499959357,196.16697692871094,45394700,AAPL
2025-06-20,197.8235020126397,201.27622400422058,196.44639652864126,200.57769775390625,96813500,AAPL
2025-06-23,201.20639190632414,201.87498244787415,198.54200324907936,201.07666015625,55814300,AAPL
2025-06-24,202.16436301176623,203.0125832870988,199.77938491343542,199.87918090820312,54064000,AAPL
2025-06-25,201.0267661369261,203.2421033073339,200.19850807531137,201.13653564453125,39525700,AAPL
2025-06-26,201.00678701240994,202.2142514946699,199.04094000321476,200.57769775390625,50799100,AAPL
2025-06-27,201.4658274879402,202.7930349784745,199.57979899649257,200.65753173828125,73188600,AAPL
2025-06-30,201.58557286233471,206.95427439094752,198.84135059390303,204.7389373779297,91912800,AAPL
2025-07-01,206.23578409144605,209.74839282792448,205.70689884063935,207.3833770751953,78788900,AAPL
2025-07-02,208.47108532398713,212.8917706186518,207.7026988246806,211.99366760253906,67941800,AAPL
2025-07-03,211.70428104663077,214.19902871499423,211.36499901814886,213.10134887695312,34955800,AAPL
2025-07-07,212.23315593085263,215.77570049162512,208.36131809352125,209.50889587402344,50229000,AAPL
2025-07-08,209.658593847986,210.98578616820197,208.01205130024096,209.5687713623047,42848900,AAPL
2025-07-09,209.0897778625777,210.8859991217609,206.78463359109693,210.69639587402344,48749400,AAPL
2025-07-10,210.06771262581316,213.03147386855414,209.58872537016995,211.96372985839844,44443600,AAPL
2025-07-11,210.12759762046792,211.68431760849728,209.41908263784933,210.7163543701172,39765800,AAPL
2025-07-14,209.48893166698292,210.46688365912564,207.10395364435493,208.1816864013672,38840100,AAPL
2025-07-15,208.7804390594974,211.44482767792792,208.48106630115817,208.67066955566406,42296300,AAPL
2025-07-16,209.8581806046168,211.95375954691573,208.2016644692293,209.71847534179688,47490500,AAPL
2025-07-17,210.12759810142074,211.3550095983717,209.14964612579556,209.57875061035156,48068100,AAPL
2025-07-18,210.42696659875526,211.34503189230253,209.25942654413325,210.73631286621094,48974600,AAPL
2025-07-21,211.65437808070223,215.3266389893317,211.18536434566,212.0335693359375,51377400,AAPL
2025-07-22,212.69220709721728,214.49840197701596,211.78411528941558,213.94955444335938,46404100,AAPL
2025-07-23,214.54829351654996,214.69797228179937,211.9637386583707,213.7000732421875,46989300,AAPL
2025-07-24,213.45058781785585,215.2368355364858,213.08137006420023,213.31088256835938,46022600,AAPL
2025-07-25,214.24891808809048,214.7877920897316,212.95164630742312,213.43064880371094,40268800,AAPL
2025-07-28,213.5803337758995,214.39861831079742,212.61237047326716,213.6002960205078,37858000,AAPL
2025-07-29,213.73000061776605,214.3586818606333,210.37707459375494,210.8261260986328,51411700,AAPL
2025-07-30,211.454797150492,211.94377315400357,207.28358653790625,208.6107940673828,45512500,AAPL
2025-07-31,208.0519764228089,209.39913099136336,206.72476887181696,207.1339111328125,80698400,AAPL
2025-08-01,210.4269720875647,213.1312852679161,201.07666267114303,201.95481872558594,104434500,AAPL
2025-08-04,204.0803265791815,207.44325668811337,201.25627047720934,202.9227752685547,75109300,AAPL
2025-08-05,202.97265486934364,204.90858140720596,201.73526982787092,202.49366760253906,44155100,AAPL
2025-08-06,205.19798558200998,214.9275012748427,205.15806109322384,212.80197143554688,108483100,AAPL
2025-08-07,218.42014073215765,220.38600300495352,216.12496995802366,219.56771850585938,90224800,AAPL
2025-08-08,220.36604479784603,230.5146761138317,218.78936250198095,228.86814880371094,113854000,AAPL
2025-08-11,227.6992650180531,229.33767612130436,224.54232171734583,226.95997619628906,61806100,AAPL
2025-08-12,227.78917070894937,230.57647717809445,226.8500938879156,229.42758178710938,55626200,AAPL
2025-08-13,230.8462285986664,234.77241529044048,230.2068337695816,233.10403442382812,69878500,AAPL
2025-08-14,233.83332460758467,234.89229562265464,230.6264418350812,232.5545654296875,51916300,AAPL
2025-08-15,233.77337703316005,234.0531046408583,229.11788646444978,231.36570739746094,56038700,AAPL
2025-08-18,231.47561022214762,232.89423321308522,229.88715369469057,230.66639709472656,37476200,AAPL
2025-08-19,231.05601964615855,232.64447617946885,229.1278960385577,230.3367156982422,39402600,AAPL
2025-08-20,229.75726351111018,230.24679444121838,225.55134937034353,225.79110717773438,42263900,AAPL
2025-08-21,226.05087353353895,226.30063142153253,223.56327948127884,224.68218994140625,30621200,AAPL
2025-08-22,225.95095699429655,228.8681272027074,225.1916985271248,227.53941345214844,42477800,AAPL
2025-08-25,226.26065308481304,229.07792927219558,226.01089520624416,226.94000244140625,30983100,AAPL
2025-08-26,226.65028173376106,229.26775474756235,224.4724002828088,229.08792114257812,54575100,AAPL
2025-08-27,228.38860049855515,230.676376013076,228.03893336267103,230.26678466796875,31259500,AAPL
2025-08-28,230.59647266873003,233.18396075811214,229.11789497993007,232.33477783203125,38074700,AAPL
2025-08-29,232.28481317583598,233.15398096397084,231.145917853049,231.91517639160156,39418400,AAPL
2025-09-02,229.02798202980685,230.62643860177437,226.75019132336067,229.49752807617188,44075600,AAPL
2025-09-03,236.98028515930878,238.6186963224971,234.133039090421,238.2390594482422,66427800,AAPL
2025-09-04,238.21906152531412,239.66765417218173,236.51072617258424,239.5477752685547,47549400,AAPL
2025-09-05,239.76756781945676,241.08629675958926,238.25903569310344,239.45787048339844,54870400,AAPL
2025-09-08,239.06825064349684,239.91741830634814,236.11111057683257,237.64962768554688,48999500,AAPL
2025-09-09,236.77047435136637,238.5487492683241,233.13400016518182,234.123046875,66313900,AAPL
2025-09-10,231.96513778704139,232.19491077497392,225.73117543382176,226.5703582763672,83440800,AAPL
2025-09-11,226.66027725307507,230.22681187017153,226.43048902665416,229.80722045898438,50208600,AAPL
2025-09-12,228.9980136278554,234.28288383192944,228.79821036620638,233.84332275390625,55824200,AAPL
2025-09-15,236.77047667310174,237.95932665324483,234.80238330570734,236.47076416015625,42699500,AAPL
2025-09-16,236.9502954777413,240.98639147239973,236.09114297984144,237.9193572998047,63421100,AAPL
2025-09-17,238.73857528095925,239.86748583209587,237.4997706474641,238.75856018066406,46508000,AAPL
2025-09-18,239.737599946219,240.9664044724694,236.4208079152849,237.64962768554688,44249600,AAPL
2025-09-19,240.99636870073516,246.06146581163878,239.9773675285625,245.26223754882812,163741300,AAPL
2025-09-22,248.05953649140056,256.3914711896616,247.8797028858207,255.8319854736328,105517400,AAPL
2025-09-23,255.63220171436936,257.0907792625319,253.33442606621003,254.18359375,60275200,AAPL
2025-09-24,254.9728287261993,255.4923293909784,250.79686899703333,252.06564331054688,42303700,AAPL
2025-09-25,252.96477212582877,256.9209435623003,251.466224879955,256.6212158203125,55202100,AAPL
2025-09-26,253.8539172209246,257.3505275669758,253.5342198150173,255.2126007080078,46076300,AAPL
2025-09-29,254.31347273152574,254.75304905914027,252.76497075706976,254.18359375,40127700,AAPL
2025-09-30,254.61318058017173,255.67215158054225,252.8648753735947,254.38340759277344,37704300,AAPL
2025-10-01,254.7929996074261,258.53938316103813,254.6831055272507,255.20260620117188,48713900,AAPL
2025-10-02,256.33149581258533,257.9299523535748,253.9038565188199,256.8809814453125,42630200,AAPL
2025-10-03,254.42336451804394,258.9889308017334,253.70406057825727,257.7701110839844,49155600,AAPL
2025-10-06,257.7401350456914,258.819106172963,254.80299514816292,256.44140625,44664100,AAPL
2025-10-07,256.56129542181253,257.15072039039774,255.18262697514498,256.23162841796875,31955800,AAPL
2025-10-08,256.2715719294531,258.2696351050741,255.8619653198879,257.8100891113281,36496900,AAPL
2025-10-09,257.5603136690899,257.75013209688524,252.8948383011137,253.79396057128906,38322000,AAPL
2025-10-10,254.69310389004832,256.13171175032437,243.76369637579657,245.032470703125,61999100,AAPL
2025-10-13,249.13848619669534,249.44818352992385,245.32217845998096,247.42015075683594,38142900,AAPL
2025-10-14,246.36117950382103,248.60900042906025,244.46301046499008,247.53004455566406,35478000,AAPL
2025-10-15,249.24838988167792,251.5761352503302,247.2303418581919,249.09852600097656,33893600,AAPL
2025-10-16,248.00958596667436,248.79881419551728,244.8926123625184,247.21035766601562,39777000,AAPL
2025-10-17,247.77980070207627,253.13461023404025,247.03052706557392,252.045654296875,49147000,AAPL
2025-10-20,255.64218177653177,264.1239650925819,255.3824390623343,261.98602294921875,90483000,AAPL
2025-10-21,261.6263807259345,265.03308188579996,261.5764108568555,262.5155029296875,46695900,AAPL
2025-10-22,262.3956210979312,262.5954395959732,255.18261234613632,258.19970703125,45015300,AAPL
2025-10-23,259.68824995662277,260.36758405794774,257.76012648314656,259.3285827636719,32754900,AAPL
2025-10-24,260.93706434715574,263.87421967110856,258.9290010880386,262.56549072265625,38253700,AAPL
2025-10-27,264.6234656652487,268.8593494221352,264.3936774471076,268.5496520996094,44888200,AAPL
2025-10-28,268.7294713644567,269.6286240979669,267.8902885694659,268.7394714355469,41534800,AAPL
2025-10-29,269.01920560410514,271.1471476128123,266.85129379808274,269.4388122558594,51086700,AAPL
2025-10-30,271.72657092903916,273.87451306817263,268.2199910571769,271.13714599609375,69886500,AAPL
2025-10-31,276.721738255342,277.05143573891627,268.89933466249033,270.108154296875,86167100,AAPL
2025-11-03,270.15812755648943,270.5877038096653,265.9921525413924,268.7894287109375,50194600,AAPL
2025-11-04,268.0701070960229,271.22705027239556,267.36080327265466,269.7784729003906,49274800,AAPL
2025-11-05,268.3498399683747,271.43687417180433,266.67147434431234,269.8783874511719,43683100,AAPL
2025-11-06,267.6305743388968,273.1352174017799,267.6305743388968,269.50872802734375,51204000,AAPL
2025-11-07,269.5386899523433,272.02629915101613,266.51162568814635,268.2099914550781,48227400,AAPL
2025-11-10,268.9599914550781,273.7300109863281,267.4599914550781,269.42999267578125,41312400,AAPL
2025-11-11,269.80999755859375,275.9100036621094,269.79998779296875,275.25,46208300,AAPL
2025-11-12,275.0,275.7300109863281,271.70001220703125,273.4700012207031,48398000,AAPL
2025-11-13,274.1099853515625,276.70001220703125,272.0899963378906,272.95001220703125,49602800,AAPL
2025-11-14,271.04998779296875,275.9599914550781,269.6000061035156,272.4100036621094,47431300,AAPL
2025-11-17,268.82000732421875,270.489990234375,265.7300109863281,267.4599914550781,45018300,AAPL
2025-11-18,269.989990234375,270.7099914550781,265.32000732421875,267.44000244140625,45677300,AAPL
2025-11-19,265.5299987792969,272.2099914550781,265.5,268.55999755859375,40424500,AAPL
2025-11-20,270.8299865722656,275.42999267578125,265.9200134277344,266.25,45693900,AAPL
2023-01-03,118.47000122070312,118.80000305175781,104.63999938964844,108.0999984741211,231402800,TSLA
2023-01-04,109.11000061035156,114.58999633789062,107.5199966430664,113.63999938964844,180389000,TSLA
2023-01-05,110.51000213623047,111.75,107.16000366210938,110.33999633789062,157986300,TSLA
2023-01-06,103.0,114.38999938964844,101.80999755859375,113.05999755859375,220911100,TSLA
2023-01-09,118.95999908447266,123.5199966430664,117.11000061035156,119.7699966430664,190284000,TSLA
2023-01-10,121.06999969482422,122.76000213623047,114.91999816894531,118.8499984741211,167642500,TSLA
2023-01-11,122.08999633789062,125.94999694824219,120.51000213623047,123.22000122070312,183810800,TSLA
2023-01-12,122.55999755859375,124.12999725341797,117.0,123.55999755859375,169400900,TSLA
2023-01-13,116.55000305175781,122.62999725341797,115.5999984741211,122.4000015258789,180714100,TSLA
2023-01-17,125.69999694824219,131.6999969482422,125.0199966430664,131.49000549316406,186477000,TSLA
2023-01-18,136.55999755859375,136.67999267578125,127.01000213623047,128.77999877929688,195680300,TSLA
2023-01-19,127.26000213623047,129.99000549316406,124.30999755859375,127.16999816894531,170291900,TSLA
2023-01-20,128.67999267578125,133.50999450683594,127.3499984741211,133.4199981689453,138858100,TSLA
2023-01-23,135.8699951171875,145.3800048828125,134.27000427246094,143.75,203119200,TSLA
2023-01-24,143.0,146.5,141.10000610351562,143.88999938964844,158699100,TSLA
2023-01-25,141.91000366210938,146.41000366210938,138.07000732421875,144.42999267578125,192734300,TSLA
2023-01-26,159.97000122070312,161.4199981689453,154.75999450683594,160.27000427246094,234815100,TSLA
2023-01-27,162.42999267578125,180.67999267578125,161.1699981689453,177.89999389648438,306590600,TSLA
2023-01-30,178.0500030517578,179.77000427246094,166.5,166.66000366210938,230878800,TSLA
2023-01-31,164.57000732421875,174.3000030517578,162.77999877929688,173.22000122070312,196813500,TSLA
2023-02-01,173.88999938964844,183.80999755859375,169.92999267578125,181.41000366210938,213806300,TSLA
2023-02-02,187.3300018310547,196.75,182.61000061035156,188.27000427246094,217448300,TSLA
2023-02-03,183.9499969482422,199.0,183.69000244140625,189.97999572753906,232662000,TSLA
2023-02-06,193.00999450683594,198.1699981689453,189.9199981689453,194.75999450683594,186188100,TSLA
2023-02-07,196.42999267578125,197.5,189.5500030517578,196.80999755859375,186010300,TSLA
2023-02-08,196.10000610351562,203.0,194.30999755859375,201.2899932861328,180673600,TSLA
2023-02-09,207.77999877929688,214.0,204.77000427246094,207.32000732421875,215431400,TSLA
2023-02-10,202.22999572753906,206.1999969482422,192.88999938964844,196.88999938964844,204754100,TSLA
2023-02-13,194.4199981689453,196.3000030517578,187.61000061035156,194.63999938964844,172475500,TSLA
2023-02-14,191.94000244140625,209.82000732421875,189.44000244140625,209.25,216455700,TSLA
2023-02-15,211.75999450683594,214.66000366210938,206.11000061035156,214.24000549316406,181006400,TSLA
2023-02-16,210.77999877929688,217.64999389648438,201.83999633789062,202.0399932861328,229586500,TSLA
2023-02-17,199.99000549316406,208.44000244140625,197.5,208.30999755859375,213738500,TSLA
2023-02-21,204.99000549316406,209.7100067138672,197.22000122070312,197.3699951171875,180018600,TSLA
2023-02-22,197.92999267578125,201.99000549316406,191.77999877929688,200.86000061035156,191828500,TSLA
2023-02-23,203.91000366210938,205.13999938964844,196.3300018310547,202.07000732421875,146360000,TSLA
2023-02-24,196.3300018310547,197.6699981689453,192.8000030517578,196.8800048828125,142228100,TSLA
2023-02-27,202.02999877929688,209.4199981689453,201.25999450683594,207.6300048828125,161028300,TSLA
2023-02-28,210.58999633789062,211.22999572753906,203.75,205.7100067138672,153144900,TSLA
2023-03-01,206.2100067138672,207.1999969482422,198.52000427246094,202.77000427246094,156852800,TSLA
2023-03-02,186.74000549316406,193.75,186.00999450683594,190.89999389648438,181500700,TSLA
2023-03-03,194.8000030517578,200.47999572753906,192.8800048828125,197.7899932861328,154193300,TSLA
2023-03-06,198.5399932861328,198.60000610351562,192.3000030517578,193.80999755859375,128100100,TSLA
2023-03-07,191.3800048828125,194.1999969482422,186.10000610351562,187.7100067138672,148125800,TSLA
2023-03-08,185.0399932861328,186.5,180.0,182.0,151897800,TSLA
2023-03-09,180.25,185.17999267578125,172.50999450683594,172.9199981689453,170023800,TSLA
2023-03-10,175.1300048828125,178.2899932861328,168.44000244140625,173.44000244140625,191488900,TSLA
2023-03-13,167.4600067138672,177.35000610351562,163.91000366210938,174.47999572753906,167790300,TSLA
2023-03-14,177.30999755859375,183.8000030517578,177.13999938964844,183.25999450683594,143717900,TSLA
2023-03-15,180.8000030517578,182.33999633789062,176.02999877929688,180.4499969482422,145995600,TSLA
2023-03-16,180.3699951171875,185.80999755859375,178.83999633789062,184.1300048828125,121136800,TSLA
2023-03-17,184.52000427246094,186.22000122070312,177.3300018310547,180.1300048828125,133197100,TSLA
2023-03-20,178.0800018310547,186.44000244140625,176.35000610351562,183.25,129684400,TSLA
2023-03-21,188.27999877929688,198.0,188.0399932861328,197.5800018310547,153391400,TSLA
2023-03-22,199.3000030517578,200.66000366210938,190.9499969482422,191.14999389648438,150376400,TSLA
2023-03-23,195.25999450683594,199.30999755859375,188.64999389648438,192.22000122070312,144193900,TSLA
2023-03-24,191.64999389648438,192.36000061035156,187.14999389648438,190.41000366210938,116312400,TSLA
2023-03-27,194.4199981689453,197.38999938964844,189.94000244140625,191.80999755859375,120851600,TSLA
2023-03-28,192.0,192.35000610351562,185.42999267578125,189.19000244140625,98654600,TSLA
2023-03-29,193.1300048828125,195.2899932861328,189.44000244140625,193.8800048828125,123660000,TSLA
2023-03-30,195.5800018310547,197.3300018310547,194.4199981689453,195.27999877929688,110252200,TSLA
2023-03-31,197.52999877929688,207.7899932861328,197.1999969482422,207.4600067138672,170222100,TSLA
2023-04-03,199.91000366210938,202.69000244140625,192.1999969482422,194.77000427246094,169545900,TSLA
2023-04-04,197.32000732421875,198.74000549316406,190.32000732421875,192.5800018310547,126463800,TSLA
2023-04-05,190.52000427246094,190.67999267578125,183.75999450683594,185.52000427246094,133882500,TSLA
2023-04-06,183.0800018310547,186.38999938964844,179.74000549316406,185.05999755859375,123857900,TSLA
2023-04-10,179.94000244140625,185.10000610351562,176.11000061035156,184.50999450683594,142154600,TSLA
2023-04-11,186.69000244140625,189.19000244140625,185.64999389648438,186.7899932861328,115770900,TSLA
2023-04-12,190.74000549316406,191.5800018310547,180.30999755859375,180.5399932861328,150256300,TSLA
2023-04-13,182.9600067138672,186.5,180.94000244140625,185.89999389648438,112933000,TSLA
2023-04-14,183.9499969482422,186.27999877929688,182.00999450683594,185.0,96438700,TSLA
2023-04-17,186.32000732421875,189.69000244140625,182.69000244140625,187.0399932861328,116662200,TSLA
2023-04-18,187.14999389648438,187.69000244140625,183.5800018310547,184.30999755859375,92067000,TSLA
2023-04-19,179.10000610351562,183.5,177.64999389648438,180.58999633789062,125732700,TSLA
2023-04-20,166.1699981689453,169.6999969482422,160.55999755859375,162.99000549316406,210970800,TSLA
2023-04-21,164.8000030517578,166.0,161.32000732421875,165.0800018310547,123539000,TSLA
2023-04-24,164.64999389648438,165.64999389648438,158.61000061035156,162.5500030517578,140006600,TSLA
2023-04-25,159.82000732421875,163.47000122070312,158.75,160.6699981689453,121999300,TSLA
2023-04-26,160.2899932861328,160.6699981689453,153.13999938964844,153.75,153364100,TSLA
2023-04-27,152.63999938964844,160.47999572753906,152.3699951171875,160.19000244140625,127015200,TSLA
2023-04-28,160.89999389648438,165.0,157.32000732421875,164.30999755859375,122515800,TSLA
2023-05-01,163.1699981689453,163.27999877929688,158.8300018310547,161.8300018310547,109015000,TSLA
2023-05-02,161.8800048828125,165.49000549316406,158.92999267578125,160.30999755859375,128259700,TSLA
2023-05-03,160.00999450683594,165.0,159.91000366210938,160.61000061035156,119728000,TSLA
2023-05-04,162.7100067138672,162.9499969482422,159.64999389648438,161.1999969482422,95108500,TSLA
2023-05-05,163.97000122070312,170.7899932861328,163.50999450683594,170.05999755859375,107607300,TSLA
2023-05-08,173.72000122070312,173.8000030517578,169.19000244140625,171.7899932861328,112249400,TSLA
2023-05-09,168.9499969482422,169.82000732421875,166.55999755859375,169.14999389648438,88965000,TSLA
2023-05-10,172.5500030517578,174.42999267578125,166.67999267578125,168.5399932861328,119840700,TSLA
2023-05-11,168.6999969482422,173.57000732421875,166.7899932861328,172.0800018310547,103889900,TSLA
2023-05-12,176.07000732421875,177.3800048828125,167.22999572753906,167.97999572753906,157849600,TSLA
2023-05-15,167.66000366210938,169.75999450683594,164.5500030517578,166.35000610351562,105592500,TSLA
2023-05-16,165.64999389648438,169.52000427246094,164.35000610351562,166.52000427246094,98288800,TSLA
2023-05-17,168.41000366210938,174.5,167.19000244140625,173.86000061035156,125473600,TSLA
2023-05-18,174.22000122070312,177.05999755859375,172.4499969482422,176.88999938964844,109520300,TSLA
2023-05-19,177.1699981689453,181.9499969482422,176.30999755859375,180.13999938964844,136196700,TSLA
2023-05-22,180.6999969482422,189.32000732421875,180.11000061035156,188.8699951171875,132001400,TSLA
2023-05-23,186.1999969482422,192.9600067138672,185.25999450683594,185.77000427246094,156952100,TSLA
2023-05-24,182.22999572753906,184.22000122070312,178.22000122070312,182.89999389648438,137605100,TSLA
2023-05-25,186.5399932861328,186.77999877929688,180.5800018310547,184.47000122070312,96870700,TSLA
2023-05-26,184.6199951171875,198.60000610351562,184.52999877929688,193.1699981689453,162061500,TSLA
2023-05-30,200.10000610351562,204.47999572753906,197.52999877929688,201.16000366210938,128818700,TSLA
2023-05-31,199.77999877929688,203.9499969482422,195.1199951171875,203.92999267578125,150711700,TSLA
2023-06-01,202.58999633789062,209.8000030517578,199.3699951171875,207.52000427246094,148029900,TSLA
2023-06-02,210.14999389648438,217.25,209.75,213.97000122070312,164398400,TSLA
2023-06-05,217.8000030517578,221.2899932861328,214.52000427246094,217.61000061035156,151143100,TSLA
2023-06-06,216.13999938964844,221.91000366210938,212.52999877929688,221.30999755859375,146911600,TSLA
2023-06-07,228.0,230.8300018310547,223.1999969482422,224.57000732421875,185710800,TSLA
2023-06-08,224.22000122070312,235.22999572753906,223.00999450683594,234.86000061035156,164489700,TSLA
2023-06-09,249.07000732421875,252.4199981689453,242.02000427246094,244.39999389648438,200242400,TSLA
2023-06-12,247.94000244140625,250.97000122070312,244.58999633789062,249.8300018310547,150337900,TSLA
2023-06-13,253.50999450683594,259.67999267578125,251.33999633789062,258.7099914550781,162384300,TSLA
2023-06-14,260.1700134277344,261.57000732421875,250.5,256.7900085449219,170575500,TSLA
2023-06-15,248.39999389648438,258.95001220703125,247.2899932861328,255.89999389648438,160171200,TSLA
2023-06-16,258.9200134277344,263.6000061035156,257.2099914550781,260.5400085449219,167915600,TSLA
2023-06-20,261.5,274.75,261.1199951171875,274.45001220703125,165611200,TSLA
2023-06-21,275.1300048828125,276.989990234375,257.7799987792969,259.4599914550781,211797100,TSLA
2023-06-22,250.77000427246094,265.0,248.25,264.6099853515625,166875900,TSLA
2023-06-23,259.2900085449219,262.45001220703125,252.8000030517578,256.6000061035156,177460800,TSLA
2023-06-26,250.07000732421875,258.3699951171875,240.6999969482422,241.0500030517578,179990600,TSLA
2023-06-27,243.24000549316406,250.38999938964844,240.85000610351562,250.2100067138672,164968200,TSLA
2023-06-28,249.6999969482422,259.8800048828125,248.88999938964844,256.239990234375,159770800,TSLA
2023-06-29,258.0299987792969,260.739990234375,253.61000061035156,257.5,131283400,TSLA
2023-06-30,260.6000061035156,264.45001220703125,259.8900146484375,261.7699890136719,112620800,TSLA
2023-07-03,276.489990234375,284.25,275.1099853515625,279.82000732421875,119685900,TSLA
2023-07-05,278.82000732421875,283.8500061035156,277.6000061035156,282.4800109863281,131530900,TSLA
2023-07-06,278.0899963378906,279.9700012207031,272.8800048828125,276.5400085449219,120332100,TSLA
2023-07-07,278.42999267578125,280.7799987792969,273.7699890136719,274.42999267578125,113879200,TSLA
2023-07-10,276.4700012207031,277.5199890136719,265.1000061035156,269.6099853515625,119425400,TSLA
2023-07-11,268.6499938964844,270.8999938964844,266.3699951171875,269.7900085449219,91972400,TSLA
2023-07-12,276.3299865722656,276.5199890136719,271.4599914550781,271.989990234375,95672100,TSLA
2023-07-13,274.5899963378906,279.45001220703125,270.6000061035156,277.8999938964844,112681500,TSLA
2023-07-14,277.010009765625,285.29998779296875,276.30999755859375,281.3800048828125,120062400,TSLA
2023-07-17,286.6300048828125,292.2300109863281,283.57000732421875,290.3800048828125,131569600,TSLA
2023-07-18,290.1499938964844,295.260009765625,286.010009765625,293.3399963378906,112120300,TSLA
2023-07-19,296.0400085449219,299.2900085449219,289.5199890136719,291.260009765625,142355400,TSLA
2023-07-20,279.55999755859375,280.92999267578125,261.20001220703125,262.8999938964844,175158300,TSLA
2023-07-21,268.0,268.0,255.8000030517578,260.0199890136719,161796100,TSLA
2023-07-24,255.85000610351562,269.8500061035156,254.1199951171875,269.05999755859375,136508500,TSLA
2023-07-25,272.3800048828125,272.8999938964844,265.0,265.2799987792969,112757300,TSLA
2023-07-26,263.25,268.0400085449219,261.75,264.3500061035156,95856200,TSLA
2023-07-27,268.30999755859375,269.1300048828125,255.3000030517578,255.7100067138672,103697300,TSLA
2023-07-28,259.8599853515625,267.25,258.2300109863281,266.44000244140625,111446000,TSLA
2023-07-31,267.4800109863281,269.0799865722656,263.7799987792969,267.42999267578125,84582200,TSLA
2023-08-01,266.260009765625,266.4700012207031,260.25,261.07000732421875,83166000,TSLA
2023-08-02,255.57000732421875,259.5199890136719,250.49000549316406,254.11000061035156,101752900,TSLA
2023-08-03,252.0399932861328,260.489990234375,252.0,259.32000732421875,97569100,TSLA
2023-08-04,260.9700012207031,264.7699890136719,253.11000061035156,253.86000061035156,99539900,TSLA
2023-08-07,251.4499969482422,253.64999389648438,242.75999450683594,251.4499969482422,111097900,TSLA
2023-08-08,247.4499969482422,250.9199981689453,245.00999450683594,249.6999969482422,96642200,TSLA
2023-08-09,250.8699951171875,251.10000610351562,241.89999389648438,242.19000244140625,101596300,TSLA
2023-08-10,245.39999389648438,251.8000030517578,243.0,245.33999633789062,109498600,TSLA
2023-08-11,241.77000427246094,243.7899932861328,238.02000427246094,242.64999389648438,99038600,TSLA
2023-08-14,235.6999969482422,240.66000366210938,233.75,239.75999450683594,98595300,TSLA
2023-08-15,238.72999572753906,240.5,232.61000061035156,232.9600067138672,88197600,TSLA
2023-08-16,228.02000427246094,233.97000122070312,225.3800048828125,225.60000610351562,112484500,TSLA
2023-08-17,226.05999755859375,226.74000549316406,218.8300018310547,219.22000122070312,120718400,TSLA
2023-08-18,214.1199951171875,217.5800018310547,212.36000061035156,215.49000549316406,136276600,TSLA
2023-08-21,221.5500030517578,232.1300048828125,220.5800018310547,231.27999877929688,135702700,TSLA
2023-08-22,240.25,240.82000732421875,229.5500030517578,233.19000244140625,130442800,TSLA
2023-08-23,229.33999633789062,238.97999572753906,229.2899932861328,236.86000061035156,101077600,TSLA
2023-08-24,238.66000366210938,238.9199981689453,228.17999267578125,230.0399932861328,99777400,TSLA
2023-08-25,231.30999755859375,239.0,230.35000610351562,238.58999633789062,106612200,TSLA
2023-08-28,242.5800018310547,244.3800048828125,235.35000610351562,238.82000732421875,107673700,TSLA
2023-08-29,238.5800018310547,257.4800109863281,237.77000427246094,257.17999267578125,134047600,TSLA
2023-08-30,254.1999969482422,260.510009765625,250.58999633789062,256.8999938964844,121988400,TSLA
2023-08-31,255.97999572753906,261.17999267578125,255.0500030517578,258.0799865722656,108861700,TSLA
2023-09-01,257.260009765625,259.0799865722656,242.00999450683594,245.00999450683594,132541600,TSLA
2023-09-05,245.0,258.0,244.86000061035156,256.489990234375,129469600,TSLA
2023-09-06,255.13999938964844,255.38999938964844,245.05999755859375,251.9199981689453,116959800,TSLA
2023-09-07,245.07000732421875,252.80999755859375,243.27000427246094,251.49000549316406,115312900,TSLA
2023-09-08,251.22000122070312,256.5199890136719,246.6699981689453,248.5,118367700,TSLA
2023-09-11,264.2699890136719,274.8500061035156,260.6099853515625,273.5799865722656,174667900,TSLA
2023-09-12,270.760009765625,278.3900146484375,266.6000061035156,267.4800109863281,135999900,TSLA
2023-09-13,270.07000732421875,274.9800109863281,268.1000061035156,271.29998779296875,111673700,TSLA
2023-09-14,271.32000732421875,276.7099914550781,270.4200134277344,276.0400085449219,107709800,TSLA
2023-09-15,277.54998779296875,278.9800109863281,271.0,274.3900146484375,133692300,TSLA
2023-09-18,271.1600036621094,271.44000244140625,263.760009765625,265.2799987792969,101543300,TSLA
2023-09-19,264.3500061035156,267.8500061035156,261.20001220703125,266.5,103704000,TSLA
2023-09-20,267.0400085449219,273.92999267578125,262.4599914550781,262.5899963378906,122514600,TSLA
2023-09-21,257.8500061035156,260.8599853515625,254.2100067138672,255.6999969482422,119951500,TSLA
2023-09-22,257.3999938964844,257.7900085449219,244.47999572753906,244.8800048828125,127524100,TSLA
2023-09-25,243.3800048828125,247.10000610351562,238.30999755859375,246.99000549316406,104636600,TSLA
2023-09-26,242.97999572753906,249.5500030517578,241.66000366210938,244.1199951171875,101993600,TSLA
2023-09-27,244.25999450683594,245.3300018310547,234.5800018310547,240.5,136597200,TSLA
2023-09-28,240.02000427246094,247.5500030517578,238.64999389648438,246.3800048828125,117058900,TSLA
2023-09-29,250.0,254.77000427246094,246.35000610351562,250.22000122070312,128522700,TSLA
2023-10-02,244.80999755859375,254.27999877929688,242.6199951171875,251.60000610351562,123810400,TSLA
2023-10-03,248.61000061035156,250.02000427246094,244.4499969482422,246.52999877929688,101985300,TSLA
2023-10-04,248.13999938964844,261.8599853515625,247.60000610351562,261.1600036621094,129721600,TSLA
2023-10-05,260.0,263.6000061035156,256.25,260.04998779296875,119159200,TSLA
2023-10-06,253.97999572753906,261.6499938964844,250.64999389648438,260.5299987792969,118121800,TSLA
2023-10-09,255.30999755859375,261.3599853515625,252.0500030517578,259.6700134277344,101377900,TSLA
2023-10-10,257.75,268.94000244140625,257.6499938964844,263.6199951171875,122656000,TSLA
2023-10-11,266.20001220703125,268.6000061035156,260.8999938964844,262.989990234375,103706300,TSLA
2023-10-12,262.9200134277344,265.4100036621094,256.6300048828125,258.8699951171875,111508100,TSLA
2023-10-13,258.8999938964844,259.6000061035156,250.22000122070312,251.1199951171875,102073800,TSLA
2023-10-16,250.0500030517578,255.39999389648438,248.47999572753906,253.9199981689453,88917200,TSLA
2023-10-17,250.10000610351562,257.17999267578125,247.0800018310547,254.85000610351562,93562900,TSLA
2023-10-18,252.6999969482422,254.6300048828125,242.0800018310547,242.67999267578125,125147800,TSLA
2023-10-19,225.9499969482422,230.61000061035156,216.77999877929688,220.11000061035156,170772700,TSLA
2023-10-20,217.00999450683594,218.86000061035156,210.4199981689453,211.99000549316406,138010100,TSLA
2023-10-23,210.0,216.97999572753906,202.50999450683594,212.0800018310547,150683400,TSLA
2023-10-24,216.5,222.0500030517578,214.11000061035156,216.52000427246094,118231100,TSLA
2023-10-25,215.8800048828125,220.10000610351562,212.1999969482422,212.4199981689453,107065100,TSLA
2023-10-26,211.32000732421875,214.8000030517578,204.8800048828125,205.75999450683594,115112600,TSLA
2023-10-27,210.60000610351562,212.41000366210938,205.77000427246094,207.3000030517578,94881200,TSLA
2023-10-30,209.27999877929688,210.8800048828125,194.6699981689453,197.36000061035156,136448200,TSLA
2023-10-31,196.1199951171875,202.8000030517578,194.07000732421875,200.83999633789062,118068300,TSLA
2023-11-01,204.0399932861328,205.99000549316406,197.85000610351562,205.66000366210938,121661700,TSLA
2023-11-02,212.97000122070312,219.1999969482422,211.4499969482422,218.50999450683594,125987600,TSLA
2023-11-03,221.14999389648438,226.3699951171875,218.39999389648438,219.9600067138672,119534800,TSLA
2023-11-06,223.97999572753906,226.32000732421875,215.0,219.27000427246094,117335800,TSLA
2023-11-07,219.97999572753906,223.1199951171875,215.72000122070312,222.17999267578125,116900100,TSLA
2023-11-08,223.14999389648438,224.14999389648438,217.63999938964844,222.11000061035156,106584800,TSLA
2023-11-09,219.75,220.8000030517578,206.67999267578125,209.97999572753906,142110500,TSLA
2023-11-10,210.02999877929688,215.3800048828125,205.69000244140625,214.64999389648438,130994000,TSLA
2023-11-13,215.60000610351562,225.39999389648438,211.61000061035156,223.7100067138672,140447600,TSLA
2023-11-14,235.02999877929688,238.13999938964844,230.72000122070312,237.41000366210938,149771600,TSLA
2023-11-15,239.2899932861328,246.6999969482422,236.4499969482422,242.83999633789062,150354000,TSLA
2023-11-16,239.49000549316406,240.8800048828125,230.9600067138672,233.58999633789062,136816800,TSLA
2023-11-17,232.0,237.38999938964844,226.5399932861328,234.3000030517578,142532800,TSLA
2023-11-20,234.0399932861328,237.10000610351562,231.02000427246094,235.60000610351562,116320100,TSLA
2023-11-21,235.0399932861328,243.6199951171875,233.33999633789062,241.1999969482422,122288000,TSLA
2023-11-22,242.0399932861328,244.00999450683594,231.39999389648438,234.2100067138672,117950600,TSLA
2023-11-24,233.75,238.75,232.3300018310547,235.4499969482422,65125200,TSLA
2023-11-27,236.88999938964844,238.3300018310547,232.10000610351562,236.0800018310547,112031800,TSLA
2023-11-28,236.67999267578125,247.0,234.00999450683594,246.72000122070312,148549900,TSLA
2023-11-29,249.2100067138672,252.75,242.75999450683594,244.13999938964844,135401300,TSLA
2023-11-30,245.13999938964844,245.22000122070312,236.91000366210938,240.0800018310547,132353200,TSLA
2023-12-01,233.13999938964844,240.19000244140625,231.89999389648438,238.8300018310547,121331700,TSLA
2023-12-04,235.75,239.3699951171875,233.2899932861328,235.5800018310547,104099800,TSLA
2023-12-05,233.8699951171875,246.66000366210938,233.6999969482422,238.72000122070312,137971100,TSLA
2023-12-06,242.9199981689453,246.57000732421875,239.1699981689453,239.3699951171875,126436200,TSLA
2023-12-07,241.5500030517578,244.0800018310547,236.97999572753906,242.63999938964844,107142300,TSLA
2023-12-08,240.27000427246094,245.27000427246094,239.27000427246094,243.83999633789062,103126800,TSLA
2023-12-11,242.74000549316406,243.44000244140625,237.4499969482422,239.74000549316406,97913900,TSLA
2023-12-12,238.5500030517578,238.99000549316406,233.8699951171875,237.00999450683594,95328300,TSLA
2023-12-13,234.19000244140625,240.3000030517578,228.1999969482422,239.2899932861328,146286300,TSLA
2023-12-14,241.22000122070312,253.8800048828125,240.7899932861328,251.0500030517578,160829200,TSLA
2023-12-15,251.2100067138672,254.1300048828125,248.3000030517578,253.5,135932800,TSLA
2023-12-18,253.77999877929688,258.739990234375,251.36000061035156,252.0800018310547,116416500,TSLA
2023-12-19,253.47999572753906,258.3399963378906,253.00999450683594,257.2200012207031,106737400,TSLA
2023-12-20,256.4100036621094,259.8399963378906,247.0,247.13999938964844,125097000,TSLA
2023-12-21,251.89999389648438,254.8000030517578,248.5500030517578,254.5,109594200,TSLA
2023-12-22,256.760009765625,258.2200012207031,251.3699951171875,252.5399932861328,93370100,TSLA
2023-12-26,254.49000549316406,257.9700012207031,252.91000366210938,256.6099853515625,86892400,TSLA
2023-12-27,258.3500061035156,263.3399963378906,257.5199890136719,261.44000244140625,106494400,TSLA
2023-12-28,263.6600036621094,265.1300048828125,252.7100067138672,253.17999267578125,113619900,TSLA
2023-12-29,255.10000610351562,255.19000244140625,247.42999267578125,248.47999572753906,100891600,TSLA
2024-01-02,250.0800018310547,251.25,244.41000366210938,248.4199981689453,104654200,TSLA
2024-01-03,244.97999572753906,245.67999267578125,236.32000732421875,238.4499969482422,121082600,TSLA
2024-01-04,239.25,242.6999969482422,237.72999572753906,237.92999267578125,102629300,TSLA
2024-01-05,236.86000061035156,240.1199951171875,234.89999389648438,237.49000549316406,92488900,TSLA
2024-01-08,236.13999938964844,241.25,235.3000030517578,240.4499969482422,85166600,TSLA
2024-01-09,238.11000061035156,238.9600067138672,232.0399932861328,234.9600067138672,96705700,TSLA
2024-01-10,235.10000610351562,235.5,231.2899932861328,233.94000244140625,91628500,TSLA
2024-01-11,230.57000732421875,230.92999267578125,225.3699951171875,227.22000122070312,105873600,TSLA
2024-01-12,220.0800018310547,225.33999633789062,217.14999389648438,218.88999938964844,123043800,TSLA
2024-01-16,215.10000610351562,223.49000549316406,212.17999267578125,219.91000366210938,115355000,TSLA
2024-01-17,214.86000061035156,215.6699981689453,212.00999450683594,215.5500030517578,103164400,TSLA
2024-01-18,216.8800048828125,217.4499969482422,208.74000549316406,211.8800048828125,108595400,TSLA
2024-01-19,209.99000549316406,213.19000244140625,207.55999755859375,212.19000244140625,102260300,TSLA
2024-01-22,212.25999450683594,217.8000030517578,206.27000427246094,208.8000030517578,117952500,TSLA
2024-01-23,211.3000030517578,215.64999389648438,207.75,209.13999938964844,106605900,TSLA
2024-01-24,211.8800048828125,212.72999572753906,206.77000427246094,207.8300018310547,123369900,TSLA
2024-01-25,189.6999969482422,193.0,180.05999755859375,182.6300048828125,198076800,TSLA
2024-01-26,185.5,186.77999877929688,182.10000610351562,183.25,107343200,TSLA
2024-01-29,185.6300048828125,191.47999572753906,183.6699981689453,190.92999267578125,125013100,TSLA
2024-01-30,195.3300018310547,196.36000061035156,190.61000061035156,191.58999633789062,109982300,TSLA
2024-01-31,187.0,193.97000122070312,185.85000610351562,187.2899932861328,103221400,TSLA
2024-02-01,188.5,189.8800048828125,184.27999877929688,188.86000061035156,91843300,TSLA
2024-02-02,185.0399932861328,188.69000244140625,182.0,187.91000366210938,110612700,TSLA
2024-02-05,184.25999450683594,184.67999267578125,175.00999450683594,181.05999755859375,134294400,TSLA
2024-02-06,177.2100067138672,186.49000549316406,177.11000061035156,185.10000610351562,122676000,TSLA
2024-02-07,188.17999267578125,189.7899932861328,182.67999267578125,187.5800018310547,111535200,TSLA
2024-02-08,189.0,191.6199951171875,185.5800018310547,189.55999755859375,83034000,TSLA
2024-02-09,190.17999267578125,194.1199951171875,189.47999572753906,193.57000732421875,84476300,TSLA
2024-02-12,192.11000061035156,194.72999572753906,187.27999877929688,188.1300048828125,95498600,TSLA
2024-02-13,183.99000549316406,187.25999450683594,182.11000061035156,184.02000427246094,86759500,TSLA
2024-02-14,185.3000030517578,188.88999938964844,183.35000610351562,188.7100067138672,81203000,TSLA
2024-02-15,189.16000366210938,200.8800048828125,188.86000061035156,200.4499969482422,120831800,TSLA
2024-02-16,202.05999755859375,203.1699981689453,197.39999389648438,199.9499969482422,111346700,TSLA
2024-02-20,196.1300048828125,198.60000610351562,189.1300048828125,193.75999450683594,104545800,TSLA
2024-02-21,193.36000061035156,199.44000244140625,191.9499969482422,194.77000427246094,103500300,TSLA
2024-02-22,194.0,198.32000732421875,191.36000061035156,197.41000366210938,92739500,TSLA
2024-02-23,195.30999755859375,197.57000732421875,191.5,191.97000122070312,78841900,TSLA
2024-02-26,192.2899932861328,201.77999877929688,192.0,199.39999389648438,111747100,TSLA
2024-02-27,204.0399932861328,205.60000610351562,198.25999450683594,199.72999572753906,108645400,TSLA
2024-02-28,200.4199981689453,205.3000030517578,198.44000244140625,202.0399932861328,99806200,TSLA
2024-02-29,204.17999267578125,205.27999877929688,198.4499969482422,201.8800048828125,85907000,TSLA
2024-03-01,200.52000427246094,204.52000427246094,198.5,202.63999938964844,82243100,TSLA
2024-03-04,198.72999572753906,199.75,186.72000122070312,188.13999938964844,134334900,TSLA
2024-03-05,183.0500030517578,184.58999633789062,177.57000732421875,180.74000549316406,119660800,TSLA
2024-03-06,179.99000549316406,181.5800018310547,173.6999969482422,176.5399932861328,107920900,TSLA
2024-03-07,174.35000610351562,180.0399932861328,173.6999969482422,178.64999389648438,102129000,TSLA
2024-03-08,181.5,182.72999572753906,174.6999969482422,175.33999633789062,85544600,TSLA
2024-03-11,175.4499969482422,182.8699951171875,174.8000030517578,177.77000427246094,85391500,TSLA
2024-03-12,177.77000427246094,179.42999267578125,172.41000366210938,177.5399932861328,87391700,TSLA
2024-03-13,173.0500030517578,176.0500030517578,169.14999389648438,169.47999572753906,106524500,TSLA
2024-03-14,167.77000427246094,171.1699981689453,160.50999450683594,162.5,126325700,TSLA
2024-03-15,163.16000366210938,165.17999267578125,160.75999450683594,163.57000732421875,97146800,TSLA
2024-03-18,170.02000427246094,174.72000122070312,165.89999389648438,173.8000030517578,108214400,TSLA
2024-03-19,172.36000061035156,172.82000732421875,167.4199981689453,171.32000732421875,77271400,TSLA
2024-03-20,173.0,176.25,170.82000732421875,175.66000366210938,83846700,TSLA
2024-03-21,176.38999938964844,178.17999267578125,171.8000030517578,172.82000732421875,73178000,TSLA
2024-03-22,166.69000244140625,171.1999969482422,166.3000030517578,170.8300018310547,75580600,TSLA
2024-03-25,168.75999450683594,175.24000549316406,168.72999572753906,172.6300048828125,74228600,TSLA
2024-03-26,178.5800018310547,184.25,177.3800048828125,177.6699981689453,113186200,TSLA
2024-03-27,181.41000366210938,181.91000366210938,176.0,179.8300018310547,81804000,TSLA
2024-03-28,177.4499969482422,179.57000732421875,175.3000030517578,175.7899932861328,77654800,TSLA
2024-04-01,176.1699981689453,176.75,170.2100067138672,175.22000122070312,81562100,TSLA
2024-04-02,164.75,167.69000244140625,163.42999267578125,166.6300048828125,116650600,TSLA
2024-04-03,164.02000427246094,168.82000732421875,163.27999877929688,168.3800048828125,82950100,TSLA
2024-04-04,170.07000732421875,177.19000244140625,168.00999450683594,171.11000061035156,123162000,TSLA
2024-04-05,169.0800018310547,170.86000061035156,160.50999450683594,164.89999389648438,143157600,TSLA
2024-04-08,169.33999633789062,174.5,167.7899932861328,172.97999572753906,104423300,TSLA
2024-04-09,172.91000366210938,179.22000122070312,171.9199981689453,176.8800048828125,102951700,TSLA
2024-04-10,173.0399932861328,174.92999267578125,170.00999450683594,171.75999450683594,84532400,TSLA
2024-04-11,172.5500030517578,175.8800048828125,168.50999450683594,174.60000610351562,94516000,TSLA
2024-04-12,172.33999633789062,173.80999755859375,170.36000061035156,171.0500030517578,64722700,TSLA
2024-04-15,170.24000549316406,170.69000244140625,161.3800048828125,161.47999572753906,100245300,TSLA
2024-04-16,156.74000549316406,158.19000244140625,153.75,157.11000061035156,97000000,TSLA
2024-04-17,157.63999938964844,158.3300018310547,153.77999877929688,155.4499969482422,82439700,TSLA
2024-04-18,151.25,152.1999969482422,148.6999969482422,149.92999267578125,96098800,TSLA
2024-04-19,148.97000122070312,150.94000244140625,146.22000122070312,147.0500030517578,87074500,TSLA
2024-04-22,140.55999755859375,144.44000244140625,138.8000030517578,142.0500030517578,107097600,TSLA
2024-04-23,143.3300018310547,147.25999450683594,141.11000061035156,144.67999267578125,124545100,TSLA
2024-04-24,162.83999633789062,167.97000122070312,157.50999450683594,162.1300048828125,181178000,TSLA
2024-04-25,158.9600067138672,170.8800048828125,158.36000061035156,170.17999267578125,126427500,TSLA
2024-04-26,168.85000610351562,172.1199951171875,166.3699951171875,168.2899932861328,109815700,TSLA
2024-04-29,188.4199981689453,198.8699951171875,184.5399932861328,194.0500030517578,243869700,TSLA
2024-04-30,186.97999572753906,190.9499969482422,182.83999633789062,183.27999877929688,127031800,TSLA
2024-05-01,182.0,185.86000061035156,179.00999450683594,179.99000549316406,92829700,TSLA
2024-05-02,182.86000061035156,184.60000610351562,176.02000427246094,180.00999450683594,89148000,TSLA
2024-05-03,182.10000610351562,184.77999877929688,178.4199981689453,181.19000244140625,75491500,TSLA
2024-05-06,183.8000030517578,187.55999755859375,182.1999969482422,184.75999450683594,84390300,TSLA
2024-05-07,182.39999389648438,183.25999450683594,177.39999389648438,177.80999755859375,75045900,TSLA
2024-05-08,171.58999633789062,176.05999755859375,170.14999389648438,174.72000122070312,79969500,TSLA
2024-05-09,175.00999450683594,175.6199951171875,171.3699951171875,171.97000122070312,65950300,TSLA
2024-05-10,173.0500030517578,173.05999755859375,167.75,168.47000122070312,72627200,TSLA
2024-05-13,170.0,175.39999389648438,169.0,171.88999938964844,67018900,TSLA
2024-05-14,174.5,179.49000549316406,174.07000732421875,177.5500030517578,86407400,TSLA
2024-05-15,179.89999389648438,180.0,173.11000061035156,173.99000549316406,79663000,TSLA
2024-05-16,174.10000610351562,175.7899932861328,171.42999267578125,174.83999633789062,59812200,TSLA
2024-05-17,173.5500030517578,179.6300048828125,172.75,177.4600067138672,77445800,TSLA
2024-05-20,177.55999755859375,177.75,173.52000427246094,174.9499969482422,61727400,TSLA
2024-05-21,175.50999450683594,186.8800048828125,174.7100067138672,186.60000610351562,115266500,TSLA
2024-05-22,182.85000610351562,183.8000030517578,178.1199951171875,180.11000061035156,88313500,TSLA
2024-05-23,181.8000030517578,181.89999389648438,173.25999450683594,173.74000549316406,71975500,TSLA
2024-05-24,174.83999633789062,180.0800018310547,173.72999572753906,179.24000549316406,65584500,TSLA
2024-05-28,176.39999389648438,178.25,173.16000366210938,176.75,59736600,TSLA
2024-05-29,174.19000244140625,178.14999389648438,173.92999267578125,176.19000244140625,54782600,TSLA
2024-05-30,178.5800018310547,182.6699981689453,175.3800048828125,178.7899932861328,77618400,TSLA
2024-05-31,178.5,180.32000732421875,173.82000732421875,178.0800018310547,67314600,TSLA
2024-06-03,178.1300048828125,182.63999938964844,174.49000549316406,176.2899932861328,68568900,TSLA
2024-06-04,174.77999877929688,177.75999450683594,174.0,174.77000427246094,60056300,TSLA
2024-06-05,175.35000610351562,176.14999389648438,172.1300048828125,175.0,57953800,TSLA
2024-06-06,174.60000610351562,179.72999572753906,172.72999572753906,177.94000244140625,69887000,TSLA
2024-06-07,176.1300048828125,179.35000610351562,175.5800018310547,177.47999572753906,56244900,TSLA
2024-06-10,176.05999755859375,178.57000732421875,173.1699981689453,173.7899932861328,50774600,TSLA
2024-06-11,173.9199981689453,174.75,167.41000366210938,170.66000366210938,64761900,TSLA
2024-06-12,171.1199951171875,180.5500030517578,169.8000030517578,177.2899932861328,90389400,TSLA
2024-06-13,188.38999938964844,191.0800018310547,181.22999572753906,182.47000122070312,118984100,TSLA
2024-06-14,185.8000030517578,186.0,176.9199981689453,178.00999450683594,82038200,TSLA
2024-06-17,177.9199981689453,188.80999755859375,177.0,187.44000244140625,109786100,TSLA
2024-06-18,186.55999755859375,187.1999969482422,182.3699951171875,184.86000061035156,68982300,TSLA
2024-06-20,184.67999267578125,185.2100067138672,179.66000366210938,181.57000732421875,55893100,TSLA
2024-06-21,182.3000030517578,183.9499969482422,180.69000244140625,183.00999450683594,61937300,TSLA
2024-06-24,184.97000122070312,188.8000030517578,182.5500030517578,182.5800018310547,61992100,TSLA
2024-06-25,184.39999389648438,187.97000122070312,182.00999450683594,187.35000610351562,62905700,TSLA
2024-06-26,186.5399932861328,197.75999450683594,186.36000061035156,196.3699951171875,95737100,TSLA
2024-06-27,195.1699981689453,198.72000122070312,194.0500030517578,197.4199981689453,72746500,TSLA
2024-06-28,199.5500030517578,203.1999969482422,195.25999450683594,197.8800048828125,95438100,TSLA
2024-07-01,201.02000427246094,213.22999572753906,200.85000610351562,209.86000061035156,135691400,TSLA
2024-07-02,218.88999938964844,231.3000030517578,218.05999755859375,231.25999450683594,205047900,TSLA
2024-07-03,234.55999755859375,248.35000610351562,234.25,246.38999938964844,166561500,TSLA
2024-07-05,249.80999755859375,252.3699951171875,242.4600067138672,251.52000427246094,154501200,TSLA
2024-07-08,247.7100067138672,259.44000244140625,244.57000732421875,252.94000244140625,157219600,TSLA
2024-07-09,251.0,265.6099853515625,250.3000030517578,262.3299865722656,160210900,TSLA
2024-07-10,262.79998779296875,267.5899963378906,257.8599853515625,263.260009765625,128519400,TSLA
2024-07-11,263.29998779296875,271.0,239.64999389648438,241.02999877929688,221707300,TSLA
2024-07-12,235.8000030517578,251.83999633789062,233.08999633789062,248.22999572753906,155955800,TSLA
2024-07-15,255.97000122070312,265.6000061035156,251.72999572753906,252.63999938964844,146912900,TSLA
2024-07-16,255.30999755859375,258.6199951171875,245.8000030517578,256.55999755859375,126332500,TSLA
2024-07-17,252.72999572753906,258.4700012207031,246.17999267578125,248.5,115584800,TSLA
2024-07-18,251.08999633789062,257.1400146484375,247.1999969482422,249.22999572753906,110869000,TSLA
2024-07-19,247.7899932861328,249.44000244140625,236.8300018310547,239.1999969482422,87403900,TSLA
2024-07-22,244.2100067138672,253.2100067138672,243.75,251.50999450683594,101225400,TSLA
2024-07-23,253.60000610351562,255.75999450683594,245.6300048828125,246.3800048828125,111928200,TSLA
2024-07-24,225.4199981689453,225.99000549316406,214.7100067138672,215.99000549316406,167942900,TSLA
2024-07-25,216.8000030517578,226.0,216.22999572753906,220.25,100636500,TSLA
2024-07-26,221.19000244140625,222.27999877929688,215.3300018310547,219.8000030517578,94604100,TSLA
2024-07-29,224.89999389648438,234.27000427246094,224.6999969482422,232.10000610351562,129201800,TSLA
2024-07-30,232.25,232.41000366210938,220.0,222.6199951171875,100560300,TSLA
2024-07-31,227.89999389648438,234.67999267578125,226.7899932861328,232.07000732421875,67497000,TSLA
2024-08-01,227.69000244140625,231.8699951171875,214.3300018310547,216.86000061035156,83861900,TSLA
2024-08-02,214.8800048828125,216.1300048828125,205.77999877929688,207.6699981689453,82880100,TSLA
2024-08-05,185.22000122070312,203.8800048828125,182.0,198.8800048828125,100308800,TSLA
2024-08-06,200.75,202.89999389648438,192.6699981689453,200.63999938964844,73783900,TSLA
2024-08-07,200.77000427246094,203.49000549316406,191.47999572753906,191.75999450683594,71159800,TSLA
2024-08-08,195.6999969482422,200.6999969482422,192.0399932861328,198.83999633789062,65033900,TSLA
2024-08-09,197.0500030517578,200.8800048828125,195.11000061035156,200.0,58648300,TSLA
2024-08-12,199.02000427246094,199.25999450683594,194.6699981689453,197.49000549316406,64044900,TSLA
2024-08-13,198.47000122070312,208.49000549316406,197.05999755859375,207.8300018310547,76247400,TSLA
2024-08-14,207.38999938964844,208.44000244140625,198.75,201.3800048828125,70250000,TSLA
2024-08-15,205.02000427246094,215.8800048828125,204.82000732421875,214.13999938964844,89848500,TSLA
2024-08-16,211.14999389648438,219.8000030517578,210.8000030517578,216.1199951171875,88765100,TSLA
2024-08-19,217.07000732421875,222.97999572753906,214.08999633789062,222.72000122070312,76435200,TSLA
2024-08-20,224.8800048828125,228.22000122070312,219.55999755859375,221.10000610351562,74001200,TSLA
2024-08-21,222.6699981689453,224.66000366210938,218.86000061035156,223.27000427246094,70146000,TSLA
2024-08-22,223.82000732421875,224.8000030517578,210.32000732421875,210.66000366210938,79514500,TSLA
2024-08-23,214.4600067138672,221.47999572753906,214.2100067138672,220.32000732421875,81525200,TSLA
2024-08-26,218.75,219.08999633789062,211.00999450683594,213.2100067138672,59301200,TSLA
2024-08-27,213.25,215.66000366210938,206.94000244140625,209.2100067138672,62821400,TSLA
2024-08-28,209.72000122070312,211.83999633789062,202.58999633789062,205.75,64116400,TSLA
2024-08-29,209.8000030517578,214.88999938964844,205.97000122070312,206.27999877929688,62308800,TSLA
2024-08-30,208.6300048828125,214.57000732421875,207.02999877929688,214.11000061035156,63370600,TSLA
2024-09-03,215.25999450683594,219.89999389648438,209.63999938964844,210.60000610351562,76714200,TSLA
2024-09-04,210.58999633789062,222.22000122070312,210.57000732421875,219.41000366210938,80651800,TSLA
2024-09-05,223.49000549316406,235.0,222.25,230.1699981689453,119355000,TSLA
2024-09-06,232.60000610351562,233.60000610351562,210.50999450683594,210.72999572753906,112177000,TSLA
2024-09-09,216.1999969482422,219.8699951171875,213.6699981689453,216.27000427246094,67443500,TSLA
2024-09-10,220.07000732421875,226.39999389648438,218.63999938964844,226.1699981689453,78891100,TSLA
2024-09-11,224.5500030517578,228.47000122070312,216.8000030517578,228.1300048828125,83548600,TSLA
2024-09-12,224.66000366210938,231.4499969482422,223.8300018310547,229.80999755859375,71894900,TSLA
2024-09-13,228.0,232.6699981689453,226.32000732421875,230.2899932861328,59515100,TSLA
2024-09-16,229.3000030517578,229.9600067138672,223.52999877929688,226.77999877929688,54323000,TSLA
2024-09-17,229.4499969482422,234.57000732421875,226.5500030517578,227.8699951171875,66761600,TSLA
2024-09-18,230.08999633789062,235.67999267578125,226.8800048828125,227.1999969482422,78010200,TSLA
2024-09-19,234.0,244.24000549316406,232.1300048828125,243.9199981689453,102694600,TSLA
2024-09-20,241.52000427246094,243.99000549316406,235.9199981689453,238.25,99879100,TSLA
2024-09-23,242.61000061035156,250.0,241.9199981689453,250.0,86927200,TSLA
2024-09-24,254.0800018310547,257.19000244140625,249.0500030517578,254.27000427246094,88491000,TSLA
2024-09-25,252.5399932861328,257.04998779296875,252.27999877929688,257.0199890136719,65034300,TSLA
2024-09-26,260.6000061035156,261.75,251.52999877929688,254.22000122070312,67142200,TSLA
2024-09-27,257.3800048828125,260.70001220703125,254.1199951171875,260.4599914550781,70988100,TSLA
2024-09-30,259.0400085449219,264.8599853515625,255.77000427246094,261.6300048828125,80705700,TSLA
2024-10-01,262.6700134277344,263.9800109863281,248.52999877929688,258.0199890136719,87397600,TSLA
2024-10-02,247.5500030517578,251.16000366210938,241.5,249.02000427246094,93983900,TSLA
2024-10-03,244.47999572753906,249.7899932861328,237.80999755859375,240.66000366210938,80729200,TSLA
2024-10-04,246.69000244140625,250.9600067138672,244.5800018310547,250.0800018310547,86573200,TSLA
2024-10-07,249.0,249.8300018310547,240.6999969482422,240.8300018310547,68113300,TSLA
2024-10-08,243.55999755859375,246.2100067138672,240.55999755859375,244.5,56303200,TSLA
2024-10-09,243.82000732421875,247.42999267578125,239.50999450683594,241.0500030517578,66289500,TSLA
2024-10-10,241.80999755859375,242.7899932861328,232.33999633789062,238.77000427246094,83087100,TSLA
2024-10-11,220.1300048828125,223.33999633789062,214.3800048828125,217.8000030517578,142628900,TSLA
2024-10-14,220.1300048828125,221.91000366210938,213.74000549316406,219.16000366210938,86291900,TSLA
2024-10-15,220.00999450683594,224.25999450683594,217.1199951171875,219.57000732421875,62988800,TSLA
2024-10-16,221.39999389648438,222.82000732421875,218.92999267578125,221.3300018310547,49632800,TSLA
2024-10-17,221.58999633789062,222.0800018310547,217.89999389648438,220.88999938964844,50791800,TSLA
2024-10-18,220.7100067138672,222.27999877929688,219.22999572753906,220.6999969482422,49611900,TSLA
2024-10-21,218.89999389648438,220.47999572753906,215.72999572753906,218.85000610351562,47329000,TSLA
2024-10-22,217.30999755859375,218.22000122070312,215.25999450683594,217.97000122070312,43268700,TSLA
2024-10-23,217.1300048828125,218.72000122070312,212.11000061035156,213.64999389648438,80938900,TSLA
2024-10-24,244.67999267578125,262.1199951171875,242.64999389648438,260.4800109863281,204491900,TSLA
2024-10-25,256.010009765625,269.489990234375,255.32000732421875,269.19000244140625,161611900,TSLA
2024-10-28,270.0,273.5400085449219,262.239990234375,262.510009765625,107653600,TSLA
2024-10-29,264.510009765625,264.9800109863281,255.50999450683594,259.5199890136719,80521800,TSLA
2024-10-30,258.0400085449219,263.3500061035156,255.82000732421875,257.54998779296875,53993600,TSLA
2024-10-31,257.989990234375,259.75,249.25,249.85000610351562,66575300,TSLA
2024-11-01,252.0399932861328,254.0,246.6300048828125,248.97999572753906,57544800,TSLA
2024-11-04,244.55999755859375,248.89999389648438,238.8800048828125,242.83999633789062,68802400,TSLA
2024-11-05,247.33999633789062,255.27999877929688,246.2100067138672,251.44000244140625,69282500,TSLA
2024-11-06,284.6700134277344,289.5899963378906,275.6199951171875,288.5299987792969,165228700,TSLA
2024-11-07,288.8900146484375,299.75,285.5199890136719,296.9100036621094,117309200,TSLA
2024-11-08,299.1400146484375,328.7099914550781,297.6600036621094,321.2200012207031,204782800,TSLA
2024-11-11,346.29998779296875,358.6400146484375,336.0,350.0,210521600,TSLA
2024-11-12,342.739990234375,345.8399963378906,323.30999755859375,328.489990234375,155726000,TSLA
2024-11-13,335.8500061035156,344.6000061035156,322.5,330.239990234375,125405600,TSLA
2024-11-14,327.69000244140625,329.9800109863281,310.3699951171875,311.17999267578125,120726100,TSLA
2024-11-15,310.57000732421875,324.67999267578125,309.2200012207031,320.7200012207031,114440300,TSLA
2024-11-18,340.7300109863281,348.54998779296875,330.010009765625,338.739990234375,126085600,TSLA
2024-11-19,335.760009765625,347.3800048828125,332.75,346.0,88852500,TSLA
2024-11-20,345.0,346.6000061035156,334.29998779296875,342.0299987792969,66340700,TSLA
2024-11-21,343.80999755859375,347.989990234375,335.2799987792969,339.6400146484375,58011700,TSLA
2024-11-22,341.0899963378906,361.5299987792969,337.70001220703125,352.55999755859375,89140700,TSLA
2024-11-25,360.1400146484375,361.92999267578125,338.20001220703125,338.5899963378906,95890900,TSLA
2024-11-26,341.0,346.9599914550781,335.6600036621094,338.2300109863281,62295900,TSLA
2024-11-27,341.79998779296875,342.54998779296875,326.5899963378906,332.8900146484375,57896400,TSLA
2024-11-29,336.0799865722656,345.45001220703125,334.6499938964844,345.1600036621094,37167600,TSLA
2024-12-02,352.3800048828125,360.0,351.1499938964844,357.0899963378906,77986500,TSLA
2024-12-03,351.79998779296875,355.69000244140625,348.20001220703125,351.4200134277344,58267200,TSLA
2024-12-04,353.0,358.1000061035156,348.6000061035156,357.92999267578125,50810900,TSLA
2024-12-05,359.8699951171875,375.42999267578125,359.5,369.489990234375,81403600,TSLA
2024-12-06,377.4200134277344,389.489990234375,370.79998779296875,389.2200012207031,81455800,TSLA
2024-12-09,397.6099853515625,404.79998779296875,378.010009765625,389.7900085449219,96359200,TSLA
2024-12-10,392.67999267578125,409.7300109863281,390.8500061035156,400.989990234375,97563600,TSLA
2024-12-11,409.70001220703125,424.8800048828125,402.3800048828125,424.7699890136719,104287600,TSLA
2024-12-12,424.8399963378906,429.29998779296875,415.0,418.1000061035156,87752200,TSLA
2024-12-13,420.0,436.29998779296875,415.7099914550781,436.2300109863281,89000200,TSLA
2024-12-16,441.0899963378906,463.19000244140625,436.1499938964844,463.0199890136719,114083800,TSLA
2024-12-17,475.8999938964844,483.989990234375,457.510009765625,479.8599853515625,131223000,TSLA
2024-12-18,466.5,488.5400085449219,427.010009765625,440.1300048828125,149340800,TSLA
2024-12-19,451.8800048828125,456.3599853515625,420.0199890136719,436.1700134277344,118566100,TSLA
2024-12-20,425.510009765625,447.0799865722656,417.6400146484375,421.05999755859375,132216200,TSLA
2024-12-23,431.0,434.510009765625,415.4100036621094,430.6000061035156,72698100,TSLA
2024-12-24,435.8999938964844,462.7799987792969,435.1400146484375,462.2799987792969,59551800,TSLA
2024-12-26,465.1600036621094,465.3299865722656,451.0199890136719,454.1300048828125,76366400,TSLA
2024-12-27,449.5199890136719,450.0,426.5,431.6600036621094,82666800,TSLA
2024-12-30,419.3999938964844,427.0,415.75,417.4100036621094,64941000,TSLA
2024-12-31,423.7900085449219,427.92999267578125,402.5400085449219,403.8399963378906,76825100,TSLA
2025-01-02,390.1000061035156,392.7300109863281,373.0400085449219,379.2799987792969,109710700,TSLA
2025-01-03,381.4800109863281,411.8800048828125,379.45001220703125,410.44000244140625,95423300,TSLA
2025-01-06,423.20001220703125,426.42999267578125,401.70001220703125,411.04998779296875,85516500,TSLA
2025-01-07,405.8299865722656,414.3299865722656,390.0,394.3599853515625,75699500,TSLA
2025-01-08,392.95001220703125,402.5,387.3999938964844,394.94000244140625,73038800,TSLA
2025-01-10,391.3999938964844,399.2799987792969,377.2900085449219,394.739990234375,62287300,TSLA
2025-01-13,383.2099914550781,403.7900085449219,380.07000732421875,403.30999755859375,67580500,TSLA
2025-01-14,414.3399963378906,422.6400146484375,394.5400085449219,396.3599853515625,84565000,TSLA
2025-01-15,409.8999938964844,429.79998779296875,405.6600036621094,428.2200012207031,81375500,TSLA
2025-01-16,423.489990234375,424.0,409.1300048828125,413.82000732421875,68335200,TSLA
2025-01-17,421.5,439.739990234375,419.75,426.5,94991400,TSLA
2025-01-21,432.6400146484375,433.20001220703125,406.30999755859375,424.07000732421875,87320900,TSLA
2025-01-22,416.80999755859375,428.0,414.5899963378906,415.1099853515625,60963300,TSLA
2025-01-23,416.05999755859375,420.7300109863281,408.95001220703125,412.3800048828125,50690600,TSLA
2025-01-24,414.45001220703125,418.8800048828125,405.7799987792969,406.5799865722656,56427100,TSLA
2025-01-27,394.79998779296875,406.69000244140625,389.0,397.1499938964844,58125500,TSLA
2025-01-28,396.9100036621094,400.5899963378906,386.5,398.0899963378906,48910700,TSLA
2025-01-29,395.2099914550781,398.5899963378906,384.4800109863281,389.1000061035156,68033600,TSLA
2025-01-30,410.7799987792969,412.5,384.4100036621094,400.2799987792969,98092900,TSLA
2025-01-31,401.5299987792969,419.989990234375,401.3399963378906,404.6000061035156,83283600,TSLA
2025-02-03,386.67999267578125,389.1700134277344,374.3599853515625,383.67999267578125,93732100,TSLA
2025-02-04,382.6300048828125,394.0,381.3999938964844,392.2099914550781,57072200,TSLA
2025-02-05,387.510009765625,388.3900146484375,375.5299987792969,378.1700134277344,57223300,TSLA
2025-02-06,373.0299987792969,375.3999938964844,363.17999267578125,374.32000732421875,77918200,TSLA
2025-02-07,370.19000244140625,380.54998779296875,360.3399963378906,361.6199951171875,70298300,TSLA
2025-02-10,356.2099914550781,362.70001220703125,350.510009765625,350.7300109863281,77514900,TSLA
2025-02-11,345.79998779296875,349.3699951171875,325.1000061035156,328.5,118543400,TSLA
2025-02-12,329.94000244140625,346.3999938964844,329.1199951171875,336.510009765625,105382700,TSLA
2025-02-13,345.0,358.69000244140625,342.8500061035156,355.94000244140625,89441500,TSLA
2025-02-14,360.6199951171875,362.0,347.5,355.8399963378906,68277300,TSLA
2025-02-18,355.010009765625,359.1000061035156,350.0199890136719,354.1099853515625,51631700,TSLA
2025-02-19,354.0,367.3399963378906,353.6700134277344,360.55999755859375,67094400,TSLA
2025-02-20,361.510009765625,362.29998779296875,348.0,354.3999938964844,45965400,TSLA
2025-02-21,353.44000244140625,354.9800109863281,334.4200134277344,337.79998779296875,74058600,TSLA
2025-02-24,338.1400146484375,342.3999938964844,324.70001220703125,330.5299987792969,76052300,TSLA
2025-02-25,327.0199890136719,328.8900146484375,297.25,302.79998779296875,134228800,TSLA
2025-02-26,303.7099914550781,309.0,288.0400085449219,290.79998779296875,100118300,TSLA
2025-02-27,291.1600036621094,297.2300109863281,280.8800048828125,281.95001220703125,101748200,TSLA
2025-02-28,279.5,293.8800048828125,273.6000061035156,292.9800109863281,115697000,TSLA
2025-03-03,300.3399963378906,303.94000244140625,277.29998779296875,284.6499938964844,115551400,TSLA
2025-03-04,270.92999267578125,284.3500061035156,261.8399963378906,272.0400085449219,126706600,TSLA
2025-03-05,272.9200134277344,279.54998779296875,267.7099914550781,279.1000061035156,94042900,TSLA
2025-03-06,272.05999755859375,272.6499938964844,260.0199890136719,263.45001220703125,98451600,TSLA
2025-03-07,259.32000732421875,266.25,250.72999572753906,262.6700134277344,102369600,TSLA
2025-03-10,252.5399932861328,253.3699951171875,220.0,222.14999389648438,189076900,TSLA
2025-03-11,225.30999755859375,237.05999755859375,217.02000427246094,230.5800018310547,174896400,TSLA
2025-03-12,247.22000122070312,251.83999633789062,241.10000610351562,248.08999633789062,142215700,TSLA
2025-03-13,248.1300048828125,248.2899932861328,232.60000610351562,240.67999267578125,114813500,TSLA
2025-03-14,247.30999755859375,251.5800018310547,240.72999572753906,249.97999572753906,100242300,TSLA
2025-03-17,245.05999755859375,245.39999389648438,232.8000030517578,238.00999450683594,111900600,TSLA
2025-03-18,228.16000366210938,230.10000610351562,222.27999877929688,225.30999755859375,111477600,TSLA
2025-03-19,231.61000061035156,241.41000366210938,229.1999969482422,235.86000061035156,111993800,TSLA
2025-03-20,233.35000610351562,238.0,230.0500030517578,236.25999450683594,99028300,TSLA
2025-03-21,234.99000549316406,249.52000427246094,234.5500030517578,248.7100067138672,132728700,TSLA
2025-03-24,258.0799865722656,278.6400146484375,256.3299865722656,278.3900146484375,169079900,TSLA
2025-03-25,283.6000061035156,288.20001220703125,271.2799987792969,288.1400146484375,150361500,TSLA
2025-03-26,282.6600036621094,284.8999938964844,266.510009765625,272.05999755859375,153629800,TSLA
2025-03-27,272.4800109863281,291.8500061035156,271.82000732421875,273.1300048828125,162572100,TSLA
2025-03-28,275.5799865722656,276.1000061035156,260.57000732421875,263.54998779296875,123809400,TSLA
2025-03-31,249.30999755859375,260.55999755859375,243.36000061035156,259.1600036621094,134008900,TSLA
2025-04-01,263.79998779296875,277.45001220703125,259.25,268.4599914550781,146486900,TSLA
2025-04-02,254.60000610351562,284.989990234375,251.27000427246094,282.760009765625,212787800,TSLA
2025-04-03,265.2900085449219,276.29998779296875,261.510009765625,267.2799987792969,136174300,TSLA
2025-04-04,255.3800048828125,261.0,236.0,239.42999267578125,181229400,TSLA
2025-04-07,223.77999877929688,252.0,214.25,233.2899932861328,183453800,TSLA
2025-04-08,245.0,250.44000244140625,217.8000030517578,221.86000061035156,171603500,TSLA
2025-04-09,224.69000244140625,274.69000244140625,223.8800048828125,272.20001220703125,219433400,TSLA
2025-04-10,260.0,262.489990234375,239.3300018310547,252.39999389648438,181722600,TSLA
2025-04-11,251.83999633789062,257.739990234375,241.36000061035156,252.30999755859375,128948100,TSLA
2025-04-14,258.3599853515625,261.79998779296875,245.92999267578125,252.35000610351562,100135200,TSLA
2025-04-15,249.91000366210938,258.75,247.5399932861328,254.11000061035156,79594300,TSLA
2025-04-16,247.61000061035156,251.97000122070312,233.88999938964844,241.5500030517578,112378700,TSLA
2025-04-17,243.47000122070312,244.33999633789062,237.67999267578125,241.3699951171875,83404800,TSLA
2025-04-21,230.25999450683594,232.2100067138672,222.7899932861328,227.5,97768000,TSLA
2025-04-22,230.9600067138672,242.7899932861328,229.85000610351562,237.97000122070312,120858500,TSLA
2025-04-23,254.86000061035156,259.45001220703125,244.42999267578125,250.74000549316406,150381900,TSLA
2025-04-24,250.5,259.5400085449219,249.1999969482422,259.510009765625,94464200,TSLA
2025-04-25,261.69000244140625,286.8500061035156,259.6300048828125,284.95001220703125,167560700,TSLA
2025-04-28,288.9800109863281,294.8599853515625,272.4200134277344,285.8800048828125,151731800,TSLA
2025-04-29,285.5,293.32000732421875,279.4700012207031,292.0299987792969,108906600,TSLA
2025-04-30,279.8999938964844,284.45001220703125,270.7799987792969,282.1600036621094,128961100,TSLA
2025-05-01,280.010009765625,290.8699951171875,279.80999755859375,280.5199890136719,99659000,TSLA
2025-05-02,284.8999938964844,294.7799987792969,279.80999755859375,287.2099914550781,114454700,TSLA
2025-05-05,284.57000732421875,284.8500061035156,274.3999938964844,280.260009765625,94618900,TSLA
2025-05-06,273.1099853515625,277.7300109863281,271.3500061035156,275.3500061035156,76715800,TSLA
2025-05-07,276.8800048828125,277.9200134277344,271.0,276.2200012207031,71592600,TSLA
2025-05-08,279.6300048828125,289.79998779296875,279.4100036621094,284.82000732421875,97539400,TSLA
2025-05-09,290.2099914550781,307.0400085449219,290.0,298.260009765625,132387800,TSLA
2025-05-12,321.989990234375,322.2099914550781,311.5,318.3800048828125,112826700,TSLA
2025-05-13,320.0,337.5899963378906,316.79998779296875,334.07000732421875,136992600,TSLA
2025-05-14,342.5,350.0,337.0,347.67999267578125,136997300,TSLA
2025-05-15,340.3399963378906,346.1400146484375,334.7200012207031,342.82000732421875,97882600,TSLA
2025-05-16,346.239990234375,351.6199951171875,342.3299865722656,349.9800109863281,95895700,TSLA
2025-05-19,336.29998779296875,343.0,333.3699951171875,342.0899963378906,88869900,TSLA
2025-05-20,347.8699951171875,354.989990234375,341.6300048828125,343.82000732421875,131715500,TSLA
2025-05-21,344.42999267578125,347.3500061035156,332.20001220703125,334.6199951171875,102354800,TSLA
2025-05-22,331.8999938964844,347.2699890136719,331.3900146484375,341.0400085449219,97113400,TSLA
2025-05-23,337.9200134277344,343.17999267578125,333.2099914550781,339.3399963378906,84654800,TSLA
2025-05-27,347.3500061035156,363.7900085449219,347.32000732421875,362.8900146484375,120146400,TSLA
2025-05-28,364.8399963378906,365.0,355.9100036621094,356.8999938964844,91404300,TSLA
2025-05-29,365.2900085449219,367.7099914550781,356.0,358.42999267578125,88087800,TSLA
2025-05-30,355.5199890136719,363.67999267578125,345.2900085449219,346.4599914550781,123474900,TSLA
2025-06-02,343.5,348.0199890136719,333.3299865722656,342.69000244140625,81873800,TSLA
2025-06-03,346.6000061035156,355.3999938964844,343.0400085449219,344.2699890136719,99324500,TSLA
2025-06-04,345.1000061035156,345.6000061035156,327.3299865722656,332.04998779296875,98912100,TSLA
2025-06-05,322.489990234375,324.54998779296875,273.2099914550781,284.70001220703125,287499800,TSLA
2025-06-06,298.8299865722656,305.5,291.1400146484375,295.1400146484375,164747700,TSLA
2025-06-09,285.9599914550781,309.8299865722656,281.8500061035156,308.5799865722656,140908900,TSLA
2025-06-10,314.94000244140625,327.8299865722656,310.6700134277344,326.0899963378906,151256500,TSLA
2025-06-11,334.3999938964844,335.5,322.5,326.42999267578125,122611400,TSLA
2025-06-12,323.0799865722656,332.55999755859375,316.8599853515625,319.1099853515625,105127500,TSLA
2025-06-13,313.9700012207031,332.989990234375,313.29998779296875,325.30999755859375,128964300,TSLA
2025-06-16,331.2900085449219,332.04998779296875,326.4100036621094,329.1300048828125,83925900,TSLA
2025-06-17,326.0899963378906,327.260009765625,314.739990234375,316.3500061035156,88282700,TSLA
2025-06-18,317.30999755859375,329.32000732421875,315.45001220703125,322.04998779296875,95137700,TSLA
2025-06-20,327.95001220703125,332.3599853515625,317.7799987792969,322.1600036621094,108688000,TSLA
2025-06-23,327.5400085449219,357.5400085449219,327.4800109863281,348.67999267578125,190716800,TSLA
2025-06-24,356.1700134277344,356.260009765625,340.44000244140625,340.4700012207031,114736200,TSLA
2025-06-25,342.70001220703125,343.0,320.3999938964844,327.54998779296875,119845100,TSLA
2025-06-26,324.6099853515625,331.04998779296875,323.6099853515625,325.7799987792969,80440900,TSLA
2025-06-27,324.510009765625,329.3399963378906,317.5,323.6300048828125,89067000,TSLA
2025-06-30,319.8999938964844,325.5799865722656,316.6000061035156,317.6600036621094,76695100,TSLA
2025-07-01,298.4599914550781,305.8900146484375,293.2099914550781,300.7099914550781,145085700,TSLA
2025-07-02,312.6300048828125,316.8299865722656,303.82000732421875,315.6499938964844,119483700,TSLA
2025-07-03,317.989990234375,318.45001220703125,312.760009765625,315.3500061035156,58042300,TSLA
2025-07-07,291.3699951171875,296.1499938964844,288.7699890136719,293.94000244140625,131177900,TSLA
2025-07-08,297.0,304.04998779296875,294.3500061035156,297.80999755859375,103246700,TSLA
2025-07-09,297.54998779296875,300.1499938964844,293.54998779296875,295.8800048828125,75586800,TSLA
2025-07-10,300.04998779296875,310.4800109863281,300.0,309.8699951171875,104365300,TSLA
2025-07-11,307.8900146484375,314.0899963378906,305.6499938964844,313.510009765625,79236400,TSLA
2025-07-14,317.7300109863281,322.6000061035156,312.6700134277344,316.8999938964844,78043400,TSLA
2025-07-15,319.67999267578125,321.20001220703125,310.5,310.7799987792969,77556300,TSLA
2025-07-16,312.79998779296875,323.5,312.6199951171875,321.6700134277344,97284800,TSLA
2025-07-17,323.1499938964844,324.3399963378906,317.05999755859375,319.4100036621094,73922900,TSLA
2025-07-18,321.6600036621094,330.8999938964844,321.4200134277344,329.6499938964844,94255000,TSLA
2025-07-21,334.3999938964844,338.0,326.8800048828125,328.489990234375,75768800,TSLA
2025-07-22,329.739990234375,335.4100036621094,321.54998779296875,332.1099853515625,77370400,TSLA
2025-07-23,330.8999938964844,336.20001220703125,328.6700134277344,332.55999755859375,92553800,TSLA
2025-07-24,310.0,310.1499938964844,300.4100036621094,305.29998779296875,156966000,TSLA
2025-07-25,308.739990234375,323.6300048828125,308.010009765625,316.05999755859375,148227000,TSLA
2025-07-28,318.45001220703125,330.489990234375,315.69000244140625,325.5899963378906,112673800,TSLA
2025-07-29,325.54998779296875,326.25,318.25,321.20001220703125,87358900,TSLA
2025-07-30,322.17999267578125,324.45001220703125,311.6199951171875,319.0400085449219,83931900,TSLA
2025-07-31,319.6099853515625,321.3699951171875,306.1000061035156,308.2699890136719,85270900,TSLA
2025-08-01,306.2099914550781,309.30999755859375,297.82000732421875,302.6300048828125,89121400,TSLA
2025-08-04,309.0799865722656,312.1199951171875,303.0,309.260009765625,78683900,TSLA
2025-08-05,308.95001220703125,312.45001220703125,305.5,308.7200012207031,57961300,TSLA
2025-08-06,307.8900146484375,320.4700012207031,306.92999267578125,319.9100036621094,78523600,TSLA
2025-08-07,319.7900085449219,322.3999938964844,316.1600036621094,322.2699890136719,66658700,TSLA
2025-08-08,321.42999267578125,335.1499938964844,320.9800109863281,329.6499938964844,91200300,TSLA
2025-08-11,335.0,346.6400146484375,334.1499938964844,339.0299987792969,105320200,TSLA
2025-08-12,345.0,345.260009765625,332.94000244140625,340.8399963378906,80522100,TSLA
2025-08-13,341.5,348.9800109863281,338.20001220703125,339.3800048828125,67838900,TSLA
2025-08-14,335.760009765625,340.4700012207031,330.3999938964844,335.5799865722656,75000700,TSLA
2025-08-15,337.6600036621094,339.29998779296875,327.0199890136719,330.55999755859375,74319800,TSLA
2025-08-18,329.6199951171875,336.2699890136719,329.5899963378906,335.1600036621094,56956600,TSLA
2025-08-19,335.7900085449219,340.54998779296875,327.8500061035156,329.30999755859375,75956000,TSLA
2025-08-20,329.2200012207031,331.3699951171875,314.6000061035156,323.8999938964844,77481800,TSLA
2025-08-21,322.0799865722656,324.8999938964844,318.67999267578125,320.1099853515625,55744400,TSLA
2025-08-22,321.6600036621094,340.25,319.69000244140625,340.010009765625,94016300,TSLA
2025-08-25,338.8999938964844,349.5299987792969,335.0299987792969,346.6000061035156,86670000,TSLA
2025-08-26,344.92999267578125,351.8999938964844,343.7200012207031,351.6700134277344,76651600,TSLA
2025-08-27,351.94000244140625,355.3900146484375,349.1600036621094,349.6000061035156,65519000,TSLA
2025-08-28,350.9100036621094,353.54998779296875,340.260009765625,345.9800109863281,67903200,TSLA
2025-08-29,347.2300109863281,348.75,331.70001220703125,333.8699951171875,81145700,TSLA
2025-09-02,328.2300109863281,333.3299865722656,325.6000061035156,329.3599853515625,58392000,TSLA
2025-09-03,335.20001220703125,343.3299865722656,328.510009765625,334.0899963378906,88733300,TSLA
2025-09-04,336.1499938964844,338.8900146484375,331.4800109863281,338.5299987792969,60711000,TSLA
2025-09-05,348.0,355.8699951171875,344.67999267578125,350.8399963378906,108989800,TSLA
2025-09-08,354.6400146484375,358.44000244140625,344.8399963378906,346.3999938964844,75208300,TSLA
2025-09-09,348.44000244140625,350.7699890136719,343.82000732421875,346.9700012207031,53816000,TSLA
2025-09-10,350.54998779296875,356.3299865722656,346.07000732421875,347.7900085449219,72121700,TSLA
2025-09-11,350.1700134277344,368.989990234375,347.6000061035156,368.80999755859375,103756000,TSLA
2025-09-12,370.94000244140625,396.69000244140625,370.239990234375,395.94000244140625,168156400,TSLA
2025-09-15,423.1300048828125,425.70001220703125,402.42999267578125,410.0400085449219,163823700,TSLA
2025-09-16,414.5,423.25,411.42999267578125,421.6199951171875,104285700,TSLA
2025-09-17,415.75,428.30999755859375,409.6700134277344,425.8599853515625,106133500,TSLA
2025-09-18,428.8699951171875,432.2200012207031,416.55999755859375,416.8500061035156,90454500,TSLA
2025-09-19,421.82000732421875,429.4700012207031,421.7200012207031,426.07000732421875,93131000,TSLA
2025-09-22,431.1099853515625,444.9800109863281,429.1300048828125,434.2099914550781,97108800,TSLA
2025-09-23,439.8800048828125,440.9700012207031,423.7200012207031,425.8500061035156,83422700,TSLA
2025-09-24,429.8299865722656,444.2099914550781,429.0299987792969,442.7900085449219,93133600,TSLA
2025-09-25,435.239990234375,435.3500061035156,419.0799865722656,423.3900146484375,96746400,TSLA
2025-09-26,428.29998779296875,440.4700012207031,421.0199890136719,440.3999938964844,101628200,TSLA
2025-09-29,444.3500061035156,450.9800109863281,439.5,443.2099914550781,79491500,TSLA
2025-09-30,441.5199890136719,445.0,433.1199951171875,444.7200012207031,74358000,TSLA
2025-10-01,443.79998779296875,462.2900085449219,440.75,459.4599914550781,98122300,TSLA
2025-10-02,470.5400085449219,470.75,435.57000732421875,436.0,137009000,TSLA
2025-10-03,443.2900085449219,446.7699890136719,416.5799865722656,429.8299865722656,133188200,TSLA
2025-10-06,440.75,453.54998779296875,436.69000244140625,453.25,85324900,TSLA
2025-10-07,447.82000732421875,452.67999267578125,432.45001220703125,433.0899963378906,102296100,TSLA
2025-10-08,437.57000732421875,441.3299865722656,425.2300109863281,438.69000244140625,71192100,TSLA
2025-10-09,431.80999755859375,436.3500061035156,426.17999267578125,435.5400085449219,69339900,TSLA
2025-10-10,436.5400085449219,443.1300048828125,411.45001220703125,413.489990234375,112107900,TSLA
2025-10-13,423.5299987792969,436.8900146484375,419.70001220703125,435.8999938964844,79552800,TSLA
2025-10-14,426.7900085449219,434.20001220703125,417.8599853515625,429.239990234375,72669400,TSLA
2025-10-15,434.8999938964844,440.510009765625,426.3299865722656,435.1499938964844,71558200,TSLA
2025-10-16,434.7300109863281,439.3500061035156,421.30999755859375,428.75,77189900,TSLA
2025-10-17,425.5,441.4599914550781,423.6000061035156,439.30999755859375,89331600,TSLA
2025-10-20,443.8699951171875,449.79998779296875,440.6099853515625,447.42999267578125,63719000,TSLA
2025-10-21,445.760009765625,449.29998779296875,442.04998779296875,442.6000061035156,54412200,TSLA
2025-10-22,443.45001220703125,445.5400085449219,429.0,438.9700012207031,84023500,TSLA
2025-10-23,420.0,449.3999938964844,413.8999938964844,448.9800109863281,126709800,TSLA
2025-10-24,446.8299865722656,451.67999267578125,430.1700134277344,433.7200012207031,94727800,TSLA
2025-10-27,439.9800109863281,460.1600036621094,438.69000244140625,452.4200134277344,105867500,TSLA
2025-10-28,454.7799987792969,467.0,451.6000061035156,460.54998779296875,80185700,TSLA
2025-10-29,462.5,465.70001220703125,452.6499938964844,461.510009765625,67983500,TSLA
2025-10-30,451.04998779296875,455.05999755859375,439.6099853515625,440.1000061035156,72447900,TSLA
2025-10-31,446.75,458.0,443.69000244140625,456.55999755859375,83135800,TSLA
2025-11-03,455.989990234375,474.07000732421875,453.79998779296875,468.3699951171875,84595200,TSLA
2025-11-04,454.4599914550781,460.2200012207031,443.6000061035156,444.260009765625,87756600,TSLA
2025-11-05,452.04998779296875,466.3299865722656,440.7099914550781,462.07000732421875,85573000,TSLA
2025-11-06,461.9599914550781,467.45001220703125,435.0899963378906,445.9100036621094,109622900,TSLA
2025-11-07,437.9200134277344,439.3599853515625,421.8800048828125,429.5199890136719,103471500,TSLA
2025-11-10,439.6000061035156,449.6700134277344,433.3599853515625,445.2300109863281,76515900,TSLA
2025-11-11,439.3999938964844,442.489990234375,432.3599853515625,439.6199951171875,60533200,TSLA
2025-11-12,442.1499938964844,442.3299865722656,426.55999755859375,430.6000061035156,58513500,TSLA
2025-11-13,423.1300048828125,424.5,396.3399963378906,401.989990234375,118948000,TSLA
2025-11-14,386.29998779296875,412.19000244140625,382.7799987792969,404.3500061035156,105506700,TSLA
2025-11-17,398.739990234375,423.9599914550781,398.739990234375,408.9200134277344,102214300,TSLA
2025-11-18,405.3800048828125,408.8999938964844,393.7099914550781,401.25,80688600,TSLA
2025-11-19,406.17999267578125,411.7799987792969,398.5,403.989990234375,72047700,TSLA
2025-11-20,414.6300048828125,428.94000244140625,394.739990234375,395.2300109863281,112812600,TSLA
2023-01-03,237.40392951699792,240.01158153417768,231.85655337253039,233.98565673828125,25740000,MSFT
2023-01-04,226.85613485092463,227.43235445439225,220.68371802732133,223.75039672851562,50623400,MSFT
2023-01-05,221.89471081098847,222.23654401593947,216.58173640623133,217.118896484375,39585600,MSFT
2023-01-06,217.79279312709332,220.4883398206325,214.22802915573828,219.67771911621094,43613600,MSFT
2023-01-09,221.1622360976978,225.8403946978241,221.12317668189198,221.81658935546875,27369800,MSFT
2023-01-10,222.44168157903513,225.9087902350288,222.0217294532259,223.50624084472656,27033900,MSFT
2023-01-11,225.88921816868051,230.44040764705468,225.71342844154773,230.26461791992188,28669300,MSFT
2023-01-12,229.76651770584309,234.29817003437267,228.10621681309263,232.9406280517578,27269500,MSFT
2023-01-13,231.46589026262427,233.78054439645499,229.4344578762405,233.64381408691406,21333300,MSFT
2023-01-17,232.41322563168038,235.28457684093857,231.5537695139473,234.73765563964844,29831300,MSFT
2023-01-18,235.9291902032741,236.72027379093637,230.0204586660314,230.30368041992188,30028700,MSFT
2023-01-19,228.321104910501,230.02048030114173,225.2934856852473,226.51429748535156,28623000,MSFT
2023-01-20,229.37584660771927,235.11854904554423,229.03401340452106,234.61068725585938,35389800,MSFT
2023-01-23,235.47015159128358,239.44510648286737,234.0539981879018,236.91558837890625,31934000,MSFT
2023-01-24,236.83747939221803,238.25361804107612,234.82558401353157,236.38821411132812,40234400,MSFT
2023-01-25,229.00474220423706,237.6187968797975,225.50833563928637,234.99160766601562,66526600,MSFT
2023-01-26,237.96059966957264,242.51178905465864,236.3491342606083,242.2090301513672,33454500,MSFT
2023-01-27,243.17590081279988,243.99628260178545,241.06633486756434,242.3652801513672,26498900,MSFT
2023-01-30,238.80051357034338,239.86507262695676,236.54445608504085,237.0425567626953,25867400,MSFT
2023-01-31,237.76529133415198,242.16021359505123,237.2769666384965,242.0234832763672,26541100,MSFT
2023-02-01,242.2090148020215,249.22134928704855,239.7380933835384,246.8480987548828,31259900,MSFT
2023-02-02,252.7764151835844,258.5093426268986,251.2430684097747,258.42144775390625,39940400,MSFT
2023-02-03,253.47959800298776,258.0307878622556,251.0965710413973,252.3173828125,29077300,MSFT
2023-02-06,251.42859910463446,252.26850319934903,248.83070838044688,250.77423095703125,22518000,MSFT
2023-02-07,254.44644293620124,262.49402369384705,254.00693882575916,261.3122863769531,50841400,MSFT
2023-02-08,266.8206631444049,270.2975330819385,259.9938626718781,260.5017395019531,54686000,MSFT
2023-02-09,267.4066092650487,267.5824288189988,256.6634652436556,257.4643249511719,42375100,MSFT
2023-02-10,255.42313511001936,257.92335537286505,254.57345483854135,256.95648193359375,25818500,MSFT
2023-02-13,261.39046487819326,268.1879364908774,260.9118863953709,264.9845275878906,44630900,MSFT
2023-02-14,266.3029914231284,268.5492730065141,262.9921358196889,265.8146667480469,37047900,MSFT
2023-02-15,262.7109981719847,265.07062268893645,260.61571877034714,263.6900939941406,28922400,MSFT
2023-02-16,258.5007952473413,261.16393632712175,256.42511747097006,256.6698913574219,29603600,MSFT
2023-02-17,253.96761913922532,254.65296812365867,250.64847075073527,252.6654052734375,30000100,MSFT
2023-02-21,249.16023738002588,250.14913347081608,246.33065176998883,247.38807678222656,28397400,MSFT
2023-02-22,248.77838767780975,249.0231615682259,245.10677932156742,246.2523193359375,22491100,MSFT
2023-02-23,250.2176469727612,251.470888034521,245.24383997273418,249.4441680908203,29219100,MSFT
2023-02-24,244.73474425667752,245.75299711343044,242.91362583186992,244.0102081298828,24990900,MSFT
2023-02-27,247.18246470486716,247.5349396941545,244.17663424902608,244.9305419921875,21190000,MSFT
2023-02-28,243.86333443445264,246.23274385931393,243.53043059507243,244.2060089111328,22491000,MSFT
2023-03-01,245.51798599082042,245.6844304356118,240.6518800855354,241.12185668945312,27565300,MSFT
2023-03-02,241.39602886367507,246.14463367182992,240.47567658758933,245.86070251464844,24808200,MSFT
2023-03-03,246.91809057504366,250.27638088786867,246.1348112059888,249.95327758789062,30760100,MSFT
2023-03-06,251.06948544904577,254.68235071727105,250.62889540312375,251.5002899169922,24109800,MSFT
2023-03-07,250.94217713898314,252.30313429367388,248.09302044698885,248.83712768554688,21473200,MSFT
2023-03-08,248.72940376299266,249.2189514923591,245.56692961443244,248.39651489257812,17340200,MSFT
2023-03-09,250.47222930235247,254.1340370763852,246.32085881638,247.04539489746094,26653400,MSFT
2023-03-10,245.83132500399927,247.5055701134534,242.42407649965673,243.39337158203125,28333900,MSFT
2023-03-13,242.2282313532918,252.51853507132006,240.5931435893199,248.6119384765625,33339700,MSFT
2023-03-14,251.38280884404745,255.61250923504636,250.51141431069084,255.33836364746094,33620300,MSFT
2023-03-15,254.545230299502,260.90935033576807,253.7913077260952,259.8910827636719,46028000,MSFT
2023-03-16,259.665957162543,270.7786991165704,257.7763096695362,270.4262390136719,54768800,MSFT
2023-03-17,272.44312854039293,277.4071201106938,270.54368084412533,273.5886535644531,69527400,MSFT
2023-03-20,271.18982619723556,271.6793738458755,264.20887194689146,266.53912353515625,43466600,MSFT
2023-03-21,269.13383499318786,269.251321698279,263.885866421952,268.05682373046875,34558700,MSFT
2023-03-22,267.68471260704814,275.16501681749725,266.49021486222443,266.5979309082031,34873300,MSFT
2023-03-23,272.1297973919541,275.1845704783979,269.4470853649454,271.85565185546875,36610900,MSFT
2023-03-24,271.44442920855886,274.76357732451373,269.5254103782394,274.704833984375,28172000,MSFT
2023-03-27,274.63622369545584,275.5761467899391,269.76031848601895,270.60235595703125,26840200,MSFT
2023-03-28,270.0247926282162,270.3674820752308,266.3629546475742,269.47650146484375,21878600,MSFT
2023-03-29,273.12850204608293,275.26295317695,272.590011414313,274.6461181640625,25087000,MSFT
2023-03-30,278.28832044267864,278.51349328125735,275.59580785907895,278.112060546875,25053400,MSFT
2023-03-31,277.79878010007826,283.22294771783334,277.0840296203647,282.2732238769531,32766000,MSFT
2023-04-03,280.5304371238125,282.243854280698,278.01418435050056,281.2256164550781,24883300,MSFT
2023-04-04,281.2256084444779,284.37829711852913,279.6982218699312,281.1766357421875,25824300,MSFT
2023-04-05,279.87447046132644,281.14728273137956,277.00572765537777,278.3960266113281,22064800,MSFT
2023-04-06,277.2896463361067,285.9742192087345,276.1343207416053,285.5042724609375,29770300,MSFT
2023-04-10,283.16422470598815,283.54608632492165,278.758294590068,283.3404846191406,23103000,MSFT
2023-04-11,279.77654407914395,280.00174680479614,275.75247584510697,276.9175720214844,27276600,MSFT
2023-04-12,278.83665451028776,281.01024801713993,276.0657971281388,277.5638122558594,27403400,MSFT
2023-04-13,277.6616894967238,283.8397797166335,277.2504861189615,283.7810363769531,24222700,MSFT
2023-04-14,281.0004245840228,282.4494967636299,277.7596206838942,280.1584167480469,20987900,MSFT
2023-04-17,283.8692002700218,285.50430318502544,280.1780203528942,282.7628173828125,23836200,MSFT
2023-04-18,285.47494564173786,285.6609762185109,281.0102715584448,282.3418273925781,20161800,MSFT
2023-04-19,280.01150857079625,283.00753836856154,278.591838043408,282.42010498046875,17150300,MSFT
2023-04-20,279.2870204448904,282.988000624926,279.12056104553,280.1290283203125,23244400,MSFT
2023-04-21,279.0520552301976,280.285695406569,277.1428067987354,279.786376953125,21676400,MSFT
2023-04-24,276.19307851016646,278.9933075070845,272.89353106763554,275.8797607421875,26611000,MSFT
2023-04-25,273.6670342373716,275.7133405569095,269.6135639108985,269.66253662109375,45772200,MSFT
2023-04-26,290.4977096347188,293.3077095467647,286.6106984637972,289.19549560546875,64599200,MSFT
2023-04-27,289.78292984563893,298.8199931125039,289.0779798089215,298.45770263671875,46462600,MSFT
2023-04-28,297.6548232687838,302.47195624653347,296.96944448822813,300.8368835449219,36469600,MSFT
2023-05-01,300.5529832417884,302.14891388087307,298.7710220447965,299.1724548339844,21294100,MSFT
2023-05-02,301.32645423519284,302.7167531753242,297.556930414214,299.02557373046875,26404400,MSFT
2023-05-03,300.2102447245278,302.1586351255935,297.7331344095427,298.0366516113281,22360800,MSFT
2023-05-04,299.83820988509484,301.32645423519284,297.05758212520743,299.02557373046875,22519900,MSFT
2023-05-05,299.32910233190466,305.448449715473,297.9094017870665,304.1560363769531,28197100,MSFT
2023-05-08,303.6468870133391,303.7154308682789,299.69133289455476,302.19781494140625,21318600,MSFT
2023-05-09,301.5614319841714,303.5587952895824,299.90675810012203,300.58233642578125,21340800,MSFT
2023-05-10,302.16847643254437,306.4569199007131,301.23835354911984,305.7813415527344,30078000,MSFT
2023-05-11,303.61754869817486,304.6162154441753,299.8578252148701,303.6273193359375,31680200,MSFT
2023-05-12,304.05809666453393,304.1560121908101,300.19068735342637,302.5111389160156,19774700,MSFT
2023-05-15,302.6384761819386,303.4217407624871,301.16003216555265,302.9909362792969,16336500,MSFT
2023-05-16,303.35316000473966,307.15205550564514,303.35316000473966,305.2232360839844,26730300,MSFT
2023-05-17,306.4301881447826,308.5300175402266,304.9092544308229,308.10809326171875,24315000,MSFT
2023-05-18,308.6281218082049,313.0535052333268,307.83332313670064,312.5432434082031,27276000,MSFT
2023-05-19,310.7966243634161,312.7689179460215,310.43357190083395,312.3666076660156,27546700,MSFT
2023-05-22,312.6218055626669,316.53692774518953,312.0428798975908,315.15338134765625,24115700,MSFT
2023-05-23,314.02490557674435,316.6644323894991,309.33459944590936,309.34442138671875,30797200,MSFT
2023-05-24,308.8243994042462,310.5611762447715,306.7441540494219,307.9609069824219,23384900,MSFT
2023-05-25,317.17470817825347,320.7660354537529,313.99551318959146,319.804443359375,43301700,MSFT
2023-05-26,317.940028599587,327.14402564243557,317.80267115227514,326.64361572265625,36630600,MSFT
2023-05-30,328.93970446554357,329.44011438601143,324.318062056043,324.9951171875,29503100,MSFT
2023-05-31,326.0549025994876,329.636407832276,321.18795072131485,322.22808837890625,45950600,MSFT
2023-06-01,319.81423378408647,327.2716331746607,318.62694664026094,326.3394470214844,26773900,MSFT
2023-06-02,327.97812149381093,331.1671383819332,326.31000837435346,329.1065368652344,25873800,MSFT
2023-06-05,328.9298920270993,332.20721626429463,328.38040233133853,329.6363830566406,21307100,MSFT
2023-06-06,329.03782599435294,329.07708381551254,325.9371468564524,327.4187927246094,20396200,MSFT
2023-06-07,325.42688293374783,328.2135893193703,316.4485803635837,317.31207275390625,40717100,MSFT
2023-06-08,317.8615303442391,320.51087900635844,317.28260481035625,319.1567687988281,23277700,MSFT
2023-06-09,318.8918992057431,323.7980795311089,318.3227954637779,320.65814208984375,22529000,MSFT
2023-06-12,322.4144778795906,325.8684474019989,319.05866788081994,325.6231384277344,24260300,MSFT
2023-06-13,328.19397978099306,330.65689152573293,324.1905503980353,328.0173645019531,22951300,MSFT
2023-06-14,328.0664239854366,332.6782449291993,326.5651341794789,331.0101318359375,26003800,MSFT
2023-06-15,331.1475163947217,343.2755782609129,330.87277152883553,341.5682373046875,38899100,MSFT
2023-06-16,344.7278258132524,344.87500521875836,335.53364962832507,335.906494140625,46552000,MSFT
2023-06-20,332.94318456860884,335.6611975068298,329.55790839262113,331.7068176269531,26375400,MSFT
2023-06-21,330.0582957138187,331.3927920316485,325.838993566958,327.301025390625,25117800,MSFT
2023-06-22,327.85052734982696,333.7379426283081,327.0851645614221,333.33563232421875,23556800,MSFT
2023-06-23,328.08602328651534,331.6184785385029,327.19312496325193,328.733642578125,23146900,MSFT
2023-06-26,327.4580664000975,329.80320477764576,322.3261915392268,322.43414306640625,21520600,MSFT
2023-06-27,325.6329130408029,329.8424231990491,323.1209516740261,328.2920837402344,24354100,MSFT
2023-06-28,328.3804225415333,331.6381330418555,327.54636600540425,329.548095703125,20259500,MSFT
2023-06-29,328.4294449258427,329.8031691350396,326.37866558051627,328.7630615234375,16997000,MSFT
2023-06-30,331.4124591410468,336.2990252033071,330.87279131879563,334.1501159667969,26832800,MSFT
2023-07-03,332.8254444079519,334.50334959936004,330.25461085463917,331.64794921875,12508700,MSFT
2023-07-05,328.80235201893055,335.23925747739463,328.4491214492935,331.804931640625,18172400,MSFT
2023-07-06,330.97085581956964,336.5540904646997,329.20464318433727,334.8663635253906,28161200,MSFT
2023-07-07,332.95302725325797,335.3766815206191,330.67655240599004,330.8924255371094,21214800,MSFT
2023-07-10,328.32152762825416,328.9397110166737,321.4430546068671,325.6034851074219,32791400,MSFT
2023-07-11,324.847990500189,326.61420333708503,320.86417470223404,326.2315368652344,26698200,MSFT
2023-07-12,330.2840246615467,335.239254199601,329.3714824206285,330.8727722167969,29995300,MSFT
2023-07-13,333.188508952043,337.2900684322161,332.65863310330485,336.2303466796875,20567200,MSFT
2023-07-14,341.06778168374007,344.8357239330472,337.84932914089796,338.7618713378906,28352700,MSFT
2023-07-17,339.19365704889503,340.479073827532,335.778974895852,339.24273681640625,20363900,MSFT
2023-07-18,339.3408493429076,359.89775652883986,335.7495517583705,352.7445373535156,64738600,MSFT
2023-07-19,354.9620619812482,355.6587310369043,345.82675878722245,348.4172058105469,39732900,MSFT
2023-07-20,346.9355902267656,351.25302227091294,338.88944373248916,340.3612976074219,33778400,MSFT
2023-07-21,342.5985119949176,343.72692730245325,333.45338612673345,337.3194580078125,69405400,MSFT
2023-07-24,339.36041220855765,340.4103417161615,335.88682904294996,338.63427734375,26678100,MSFT
2023-07-25,340.59675719404197,345.2870932446145,338.5950576458234,344.3941650390625,41637700,MSFT
2023-07-26,335.03321711179626,338.20262012350594,326.8595045876303,331.43206787109375,58383700,MSFT
2023-07-27,334.0912153820297,334.92524195448044,322.87566610660525,324.51434326171875,39635300,MSFT
2023-07-28,327.40902185998743,333.63005436530796,326.91840387112984,332.02081298828125,28484900,MSFT
2023-07-31,330.59799610493667,331.3633588709427,327.10476892592203,329.61676025390625,25446000,MSFT
2023-08-01,328.9004847782133,332.1876312426991,327.4384527759718,330.0289001464844,18311900,MSFT
2023-08-02,327.36968570591614,327.36968570591614,320.23608269003284,321.3547058105469,27761300,MSFT
2023-08-03,319.88292875697346,323.6901291419594,319.8338789360626,320.5305480957031,18253700,MSFT
2023-08-04,325.65258996189004,328.85142872245865,321.0996408070944,321.6295166015625,23741500,MSFT
2023-08-07,322.2083698719804,324.8969461731374,321.37431351766196,323.91571044921875,17741500,MSFT
2023-08-08,320.82487404247576,322.5812946473448,316.9391883531327,319.93194580078125,22327600,MSFT
2023-08-09,320.34405449895314,320.9720298428681,315.02574325936877,316.1836242675781,22373300,MSFT
2023-08-10,319.9025601772297,322.1005492501325,315.1533813786417,316.87054443359375,20113700,MSFT
2023-08-11,314.25064527888804,316.3602966518782,313.22032953048887,314.986572265625,24355500,MSFT
2023-08-14,315.3594474269808,317.9793307363842,314.0740007379562,317.959716796875,18836100,MSFT
2023-08-15,316.9391798843772,318.9899592196478,314.87857860821487,315.820556640625,16966300,MSFT
2023-08-16,315.4469082024341,319.0065277085212,314.46359486014677,315.0535888671875,20698900,MSFT
2023-08-17,315.19127673474406,316.4990703161301,310.93351302834594,311.59234619140625,21257200,MSFT
2023-08-18,309.24225189848187,313.06735580371077,306.3513078182269,311.1990661621094,24755000,MSFT
2023-08-21,312.6248414758279,317.3840750264029,311.7497080998156,316.5089416503906,24040000,MSFT
2023-08-22,320.06850470582657,320.638813261693,316.09591025429995,317.0792236328125,16084600,MSFT
2023-08-23,318.41649764131995,323.7067276250503,318.0624892738497,321.5434265136719,21166400,MSFT
2023-08-24,327.29588007700687,327.42371562381226,314.62095560290663,314.63079833984375,23281400,MSFT
2023-08-25,316.1057633191369,319.93083688219207,313.4803033090538,317.590576171875,21684100,MSFT
2023-08-28,320.2258392914253,320.70765324549666,316.35158216920695,318.2985534667969,14808500,MSFT
2023-08-29,316.5089267598385,323.4904580066464,316.5089267598385,322.9299621582031,19284600,MSFT
2023-08-30,323.1855960723184,324.30655763191555,321.0026393422181,323.3035888671875,15222100,MSFT
2023-08-31,323.7067756652974,325.3882331373902,321.32714408962795,322.2908020019531,26411000,MSFT
2023-09-01,325.78155572289427,326.45020162379865,321.32714728180537,323.17578125,14942000,MSFT
2023-09-05,323.5101577655002,329.2625480313892,323.17583475969263,327.9842224121094,18553900,MSFT
2023-09-06,327.81703513152416,328.87900042913225,324.67042016143193,327.32537841796875,17535800,MSFT
2023-09-07,325.76188443553343,327.52199370609907,323.539586687025,324.4049072265625,18381000,MSFT
2023-09-08,324.5818961212668,330.55061528459504,323.96240391702685,328.692138671875,19530100,MSFT
2023-09-11,331.61263290676015,332.77296563529865,329.8328378843995,332.30096435546875,16583300,MSFT
2023-09-12,330.21629323552526,331.1701083762214,325.94871693840975,326.2338562011719,17565500,MSFT
2023-09-13,325.7815623439832,331.2291270189504,325.64391407139624,330.4523010253906,16544400,MSFT
2023-09-14,333.49066018343365,335.17211732488977,330.9537253736637,333.0481872558594,20267000,MSFT
2023-09-15,331.2979278629475,331.76989903822374,324.14922101789426,324.709716796875,37679800,MSFT
2023-09-18,322.33013776149687,324.8867587399462,320.91416398907404,323.5691223144531,16834200,MSFT
2023-09-19,320.7273564750353,323.8936269378206,319.0950525710311,323.16595458984375,16505900,MSFT
2023-09-20,324.01159870782635,324.09025057389067,315.1617783626277,315.41741943359375,21436500,MSFT
2023-09-21,313.9326668019127,319.92104220969213,309.74374183349397,314.1981506347656,35560400,MSFT
2023-09-22,315.9582935275562,316.0861290808594,310.87454964946875,311.72021484375,21447900,MSFT
2023-09-25,311.3072037379406,312.36919907613066,309.7437389423757,312.2413635253906,17836000,MSFT
2023-09-26,309.87158577781963,310.60907089739686,304.8468382254269,306.9314880371094,26297600,MSFT
2023-09-27,307.0888041568202,309.0554312215666,304.52237024133285,307.5706481933594,19410100,MSFT
2023-09-28,305.80059829589936,310.21569548688444,304.28631739647443,308.4064025878906,19683600,MSFT
2023-09-29,312.44779723009606,314.13909728561697,309.7240302256166,310.4811706542969,24147300,MSFT
2023-10-02,311.0023577080208,316.51876142882526,309.9207069776333,316.43023681640625,20570000,MSFT
2023-10-03,315.4764696570545,316.02715284682466,306.0169982089116,308.16064453125,21033500,MSFT
2023-10-04,308.78990640782996,314.69962955610083,308.7604082061058,313.63763427734375,20720100,MSFT
2023-10-05,313.76546101615116,314.6406243233155,309.64537557701226,314.03094482421875,16965600,MSFT
2023-10-06,311.26785534059786,323.6969515428258,311.022026982247,321.7991638183594,25673600,MSFT
2023-10-09,319.3310305664322,324.7884080000268,317.78722130749577,324.3164367675781,19891200,MSFT
2023-10-10,325.4374015243932,325.57507980738603,322.202321974192,322.9103088378906,20557100,MSFT
2023-10-11,325.6831552666014,327.2663051166026,323.6477197570816,326.87298583984375,20063200,MSFT
2023-10-12,325.05394288857616,328.0628797237766,323.23480695672527,325.63409423828125,19313100,MSFT
2023-10-13,326.8337234807313,328.25950995278436,320.91415741201166,322.2613220214844,21072400,MSFT
2023-10-16,325.52595200584636,330.531044586904,325.08347889530205,327.0894470214844,22158000,MSFT
2023-10-17,324.0902879776136,327.895706363903,321.9466717819366,326.5190734863281,18338500,MSFT
2023-10-18,326.9417916491344,329.9900685277623,322.82170699864025,324.60150146484375,23153600,MSFT
2023-10-19,326.60751870152404,331.25860158595435,325.3882197669904,325.7913818359375,25052100,MSFT
2023-10-20,326.1847456816056,326.38142037907215,320.01938102368644,321.2190246582031,25027700,MSFT
2023-10-23,320.0390658901476,327.17793194548153,318.97710044797026,323.8248291015625,24374700,MSFT
2023-10-24,325.77172794180206,326.3027255972939,322.13348624926266,325.01458740234375,31153600,MSFT
2023-10-25,339.2628021799774,340.4231348794275,331.98628851300685,334.98541259765625,55053800,MSFT
2023-10-26,334.85761184230114,335.9294200335985,321.48454127616463,322.418701171875,37828500,MSFT
2023-10-27,324.91622907683893,331.1012785656195,322.92010413957604,324.30657958984375,29856500,MSFT
2023-10-30,327.84648073557105,333.7857012847907,326.29282896532516,331.681396484375,22828100,MSFT
2023-10-31,333.1957815178894,333.3432725394677,329.105193805489,332.4681091308594,20265300,MSFT
2023-11-01,334.120080906605,341.6227672265474,333.9824026215242,340.2952880859375,28158800,MSFT
2023-11-02,341.44572570080203,343.00919036132757,339.0169404715558,342.5077209472656,24348100,MSFT
2023-11-03,343.7958468754574,348.47642796304746,341.5342081949656,346.9129333496094,23637700,MSFT
2023-11-06,347.5521269803011,351.57387511294206,347.4537896404017,350.5807189941406,23828300,MSFT
2023-11-07,353.40285853517474,356.41179538181575,351.66240447944193,354.5140075683594,25833900,MSFT
2023-11-08,355.64471847842236,357.7981768325293,354.53356973764215,357.1393737792969,26767800,MSFT
2023-11-09,356.2544459117808,358.7029167734547,354.3468154449931,354.67132568359375,24847300,MSFT
2023-11-10,355.45793871169803,363.92428238869843,355.0449639030692,363.50146484375,28042100,MSFT
2023-11-13,362.07568197420926,362.32151033821305,359.79438755425144,360.5613708496094,19986500,MSFT
2023-11-14,364.8191335420203,365.7434505878538,361.22020270558585,364.0914611816406,27683900,MSFT
2023-11-15,365.8255911591098,367.64841915601704,361.71683864791095,364.2392578125,26860100,MSFT
2023-11-16,365.51028582126,370.8211167467286,364.74174586188934,370.6437683105469,27182300,MSFT
2023-11-17,368.12130659129747,368.87015110539886,361.6084280827725,364.41656494140625,40157000,MSFT
2023-11-20,365.766486587499,373.304096039392,365.54971735826314,371.8951110839844,52465100,MSFT
2023-11-21,370.151104255748,370.6930122644204,365.66792954966576,367.58929443359375,28423100,MSFT
2023-11-22,372.44686262583303,374.2105744423134,369.46137707263404,372.299072265625,23345300,MSFT
2023-11-24,371.786716969812,372.41732930761407,369.6289174288519,371.88525390625,10176600,MSFT
2023-11-27,371.2447795697606,375.04808851693826,370.6733134944069,373.0478820800781,22179200,MSFT
2023-11-28,372.79174922299154,377.3734310799554,372.60453806574077,377.0778503417969,20453100,MSFT
2023-11-29,378.12223413728344,378.65427940747446,371.89507333786327,373.28436279296875,28963400,MSFT
2023-11-30,372.9296627723548,374.5061634778247,369.9540398668522,373.343505859375,30554400,MSFT
2023-12-01,371.22509383375666,372.6045206628206,365.85514681042775,369.0081481933594,33040500,MSFT
2023-12-04,363.6776202294819,364.0914332416113,357.568691355028,363.717041015625,32063300,MSFT
2023-12-05,361.0665594377977,367.59913401406357,360.2487359832438,367.04736328125,23065000,MSFT
2023-12-06,368.05240507377636,368.6829873224875,362.6233417878435,363.38201904296875,21182100,MSFT
2023-12-07,362.82041555159645,365.99311236097066,360.93847138160504,365.5004577636719,23118900,MSFT
2023-12-08,363.7761351529084,368.95884062033406,362.820384114192,368.73223876953125,20154400,MSFT
2023-12-11,363.0667572104508,366.140917208106,360.72171642347627,365.8453063964844,27708800,MSFT
2023-12-12,365.40189538840474,368.9194561848198,365.01761039602826,368.8800354003906,24838300,MSFT
2023-12-13,370.4959629431741,372.0921891414662,365.32308952611504,368.8702087402344,30955500,MSFT
2023-12-14,367.8257861452431,368.2691873263225,358.78065463293524,360.55419921875,43277500,MSFT
2023-12-15,361.4606566919279,366.92911028032063,360.89902327689896,365.2836608886719,78502300,MSFT
2023-12-18,364.0224743454713,367.52030977000646,363.26376706221674,367.1754455566406,21802900,MSFT
2023-12-19,366.03253362865195,367.77655029296875,364.40677933572755,367.77655029296875,20603700,MSFT
2023-12-20,369.4909829785987,370.50585034240976,365.08664925872364,365.1753234863281,26316700,MSFT
2023-12-21,367.0867544249883,368.9095822665608,364.6037863278298,368.0523681640625,17708000,MSFT
2023-12-22,368.190345627308,369.66830947141494,367.23459447201543,369.0771179199219,17107500,MSFT
2023-12-26,369.49091579531864,371.40241787190627,368.0129521321374,369.1559143066406,12673100,MSFT
2023-12-27,368.20019317568403,369.55006195328735,367.3331162784424,368.5746154785156,14905400,MSFT
2023-12-28,369.85555045018873,370.92953398851967,368.66333460587697,369.7668762207031,14327000,MSFT
2023-12-29,370.4762652471226,371.6192275460888,367.9932968475244,370.51568603515625,18730800,MSFT
2024-01-02,368.3676650837192,370.37770417291745,361.3818268052928,365.4216003417969,25258600,MSFT
2024-01-03,363.58894066618615,367.7765045721429,363.09628608901477,365.15557861328125,23083500,MSFT
2024-01-04,365.2245421546535,367.6188360826796,361.7759602590735,362.5346374511719,20901500,MSFT
2024-01-05,363.5495516205476,366.5941535649678,361.115836594074,362.34747314453125,21004600,MSFT
2024-01-08,363.8746551165755,369.6880031258094,363.5889371144665,369.18548583984375,23134000,MSFT
2024-01-09,366.54488061699703,370.4663919405634,365.73691986628984,370.26934814453125,20830000,MSFT
2024-01-10,370.84081671988235,378.52624647847034,370.7915632878579,377.14678955078125,25514200,MSFT
2024-01-11,380.3293610152563,384.9406009736396,374.79192797943045,378.9794921875,27850800,MSFT
2024-01-12,379.82679903434695,382.9699374994843,378.99914299059964,382.7630310058594,21661200,MSFT
2024-01-16,387.8768030229654,388.24136259684576,381.925527346388,384.5365905761719,27202300,MSFT
2024-01-17,382.28028145481545,384.37896483224864,379.1568380014038,383.7483825683594,22234100,MSFT
2024-01-18,385.96536176222264,388.2020030573515,384.3888608619859,388.0837707519531,23392100,MSFT
2024-01-19,389.94597903844516,392.813232421875,387.71917062186213,392.813232421875,29331100,MSFT
2024-01-22,394.14341273142753,394.73460432133396,387.80788119131773,390.68499755859375,27016900,MSFT
2024-01-23,389.9361075398463,393.51278467024315,388.1428376176736,393.0398254394531,20525900,MSFT
2024-01-24,395.641052600286,399.670963497878,394.56706921313554,396.64605712890625,24867000,MSFT
2024-01-25,398.3802111244257,401.03069519921775,396.6164992894369,398.922119140625,21021200,MSFT
2024-01-26,398.4294490683389,400.20302354825617,396.517946945891,397.99591064453125,17803300,MSFT
2024-01-29,400.0946315969203,403.9570567007328,398.39003594013263,403.70086669921875,24510200,MSFT
2024-01-30,406.2035612023494,406.9819337836752,400.47891742664234,402.58746337890625,33477600,MSFT
2024-01-31,400.9814013717962,409.2186014629223,391.3746372046445,391.73919677734375,47871100,MSFT
2024-02-01,395.9267188378472,402.0060888531783,395.8971607693779,397.84808349609375,30657700,MSFT
2024-02-02,397.8777185090492,406.58784851032016,397.63139120108593,405.1788635253906,28256700,MSFT
2024-02-05,403.87823795810993,405.11973718115985,398.05505693610314,399.690673828125,25352300,MSFT
2024-02-06,399.9173050428237,401.97659767351126,396.99093550042556,399.53302001953125,18382600,MSFT
2024-02-07,401.4543453507497,408.21355139808253,401.41492456704214,407.96722412109375,22340500,MSFT
2024-02-08,407.9672815558181,409.4551081404497,406.4696223258111,408.0263977050781,21225300,MSFT
2024-02-09,409.1496686243005,414.637848397784,408.99201553500313,414.3717956542969,22032800,MSFT
2024-02-12,414.3816422071808,414.55899064975375,408.65699805765166,409.1595153808594,21202900,MSFT
2024-02-13,398.9910681954345,404.0457086747665,397.4638511225893,400.3507995605469,27824900,MSFT
2024-02-14,402.81865792132635,404.5658693954015,399.3636985334278,404.2203674316406,20401200,MSFT
2024-02-15,402.8877787891035,403.86502912534854,399.08731730113595,401.3280944824219,21825500,MSFT
2024-02-16,402.71009676405504,403.03586697919485,398.24827391084835,398.86029052734375,22296500,MSFT
2024-02-20,398.0508194321391,399.284733568485,392.8881419655763,397.60662841796875,24307900,MSFT
2024-02-21,395.0203117904289,397.1130251474651,392.10826265454955,397.0044250488281,18518900,MSFT
2024-02-22,404.911427220984,407.5174384253154,403.3122791893712,406.3526306152344,27009900,MSFT
2024-02-23,410.32087486596646,410.50840209542025,403.7070832004783,405.0594482421875,16295900,MSFT
2024-02-26,406.16503956653713,406.8560435321,402.11779517864807,402.2955017089844,16193500,MSFT
2024-02-27,402.7397141163555,403.0654843352299,398.65300594895484,402.2362976074219,14835800,MSFT
2024-02-28,402.9272470121027,404.0328292486966,400.10406595257604,402.4731750488281,13183100,MSFT
2024-02-29,403.3813901147502,408.86983829364357,400.69639149936745,408.3170471191406,31947300,MSFT
2024-03-01,405.9774695070198,410.51827940686405,405.5925039738578,410.1530456542969,17823400,MSFT
2024-03-04,408.11954029802524,411.97922704270553,407.0139581345592,409.58050537109375,17596000,MSFT
2024-03-05,408.6328983414729,408.919174877132,395.48433123186754,397.46844482421875,26919200,MSFT
2024-03-06,397.784299256291,399.94611920290095,393.26325117893276,396.9156188964844,22344100,MSFT
2024-03-07,400.8937526863445,404.5066568048068,397.0636784801651,403.8749084472656,18718500,MSFT
2024-03-08,402.71006091285966,405.1384255054804,399.12676961447175,400.9924621582031,18002200,MSFT
2024-03-11,398.56416223358286,400.4594375495643,396.0963338665231,399.3143615722656,16120800,MSFT
2024-03-12,402.37445324131755,410.22215907857986,401.5551475222323,409.9358825683594,22457000,MSFT
2024-03-13,412.7195723945268,412.7985296378199,406.1551557542081,409.7581787109375,17115900,MSFT
2024-03-14,414.83209112589816,422.3145640300028,412.6110454693134,419.7480163574219,34157300,MSFT
2024-03-15,413.8942801973478,417.16168230340674,407.4779269181007,411.06121826171875,45079900,MSFT
2024-03-18,408.9191456409196,415.31576738207366,408.45519271968817,411.94964599609375,20106000,MSFT
2024-03-19,412.4530526322829,416.2436632864421,410.20239450160744,415.98699951171875,19837900,MSFT
2024-03-20,416.569367867818,420.4783989986328,415.2466156701396,419.7578125,17860100,MSFT
2024-03-21,424.29861540078343,425.27589583117316,421.6629918116586,423.84454345703125,21296200,MSFT
2024-03-22,424.17032397071773,424.3282384659813,420.58703259669744,423.22265625,17648500,MSFT
2024-03-25,419.76771231939466,421.90980053588714,416.18442081257615,417.4183349609375,18060500,MSFT
2024-03-26,420.13287738335515,420.5079920430919,415.9277191383085,416.2238464355469,16725600,MSFT
2024-03-27,418.9780192938283,418.987900246969,413.61790346357526,416.0067443847656,16705000,MSFT
2024-03-28,415.5427795552794,416.4410726444904,413.7264615959985,415.3058776855469,21871200,MSFT
2024-04-01,418.494337158426,422.3836369877504,416.78658912173853,419.1063537597656,16316000,MSFT
2024-04-02,414.7037305350885,416.944537944627,412.4629532504076,416.0166320800781,17912000,MSFT
2024-04-03,414.32863193386083,417.8132042224073,413.6968534411064,415.03936767578125,16502300,MSFT
2024-04-04,419.52089960464946,423.1535654935394,412.1964026116657,412.5024108886719,19370900,MSFT
2024-04-05,414.60502494858775,421.0213783675685,412.9367706496642,420.0440979003906,16554800,MSFT
2024-04-08,419.698621129678,421.7814536782747,417.85266032435015,419.1260681152344,14272400,MSFT
2024-04-09,420.9522561397257,422.23551472539157,416.1942762454294,420.7943115234375,12496900,MSFT
2024-04-10,416.75696418781513,418.5732821571219,414.29901690120346,417.8132019042969,16216600,MSFT
2024-04-11,420.3402327247268,423.8445365841043,416.92473693729744,422.4230651855469,17966400,MSFT
2024-04-12,418.59299879164644,419.70846193552615,414.36807820345115,416.4706726074219,19253800,MSFT
2024-04-15,421.1102616395598,421.3274317527474,408.10972783505724,408.3170471191406,20273500,MSFT
2024-04-16,409.23505273581486,413.0157525674185,408.40586601327965,409.2449035644531,16765600,MSFT
2024-04-17,411.88051429574114,413.4895430541291,405.04955278693666,406.5401306152344,15855500,MSFT
2024-04-18,405.34570574936373,406.5895007512514,398.7516762985985,399.0675354003906,21029900,MSFT
2024-04-19,398.8306438099327,400.2619961941858,392.6511924508159,393.98382568359375,30565800,MSFT
2024-04-22,394.9314905053024,397.66586357799235,390.65722508776963,395.8001708984375,20286900,MSFT
2024-04-23,399.0379699896353,402.9470318520377,397.87316221870356,402.32513427734375,15734500,MSFT
2024-04-24,404.2895251621427,407.1620810899368,401.54530113359243,403.79595947265625,15065300,MSFT
2024-04-25,388.959309192893,394.7439137442764,383.0365219371324,393.90484619140625,40586500,MSFT
2024-04-26,406.8659105019104,407.68521620447916,400.53839541992835,401.0911865234375,29694700,MSFT
2024-04-29,400.0349411285761,401.0911788014965,394.05292813266897,397.07354736328125,19582100,MSFT
2024-04-30,396.32331323474864,396.9847044226994,384.16187921211525,384.3197937011719,28781400,MSFT
2024-05-01,387.5576027140766,396.55038446355206,385.287212788776,389.8576354980469,23562500,MSFT
2024-05-02,392.54259949156545,394.78337648708447,389.57132491777804,392.72027587890625,17709400,MSFT
2024-05-03,397.1031487364524,401.9104729912864,396.68854036623503,401.4267883300781,17446700,MSFT
2024-05-06,403.4997454283101,408.6031966913456,401.14048747945304,408.2182312011719,16996600,MSFT
2024-05-07,409.3238724572391,409.3337534102894,403.82554383275414,404.07232666015625,20018200,MSFT
2024-05-08,402.91740058487204,406.92515129872777,401.47616718048914,405.25689697265625,11792300,MSFT
2024-05-09,405.28649730886616,407.40882353824776,403.83541312066325,407.01397705078125,14689700,MSFT
2024-05-10,407.6259773286798,410.0345799682454,406.5006332532913,409.4028015136719,13402300,MSFT
2024-05-13,412.6307673185676,412.96638834799694,405.53329081056893,408.3959655761719,15440200,MSFT
2024-05-14,406.7177872432058,412.1173961263277,406.2538343729978,411.1993713378906,15109300,MSFT
2024-05-15,413.26623802905556,419.1107104287916,412.64321876209584,418.3887939453125,22239500,MSFT
2024-05-16,417.12294600008903,420.70283173045664,415.6890421322498,416.3219299316406,17530100,MSFT
2024-05-17,417.8547794230839,418.2305707168696,413.39477777187733,415.55059814453125,15352200,MSFT
2024-05-20,415.55062632751003,422.03788543513167,415.3330645205205,420.6237487792969,16272100,MSFT
2024-05-21,422.09719809997813,428.1691308622737,420.1391721073256,424.28271484375,21453300,MSFT
2024-05-22,425.32108253196407,427.61536520540614,422.393911984686,425.7463073730469,18073700,MSFT
2024-05-23,428.16915515912984,428.79217443912484,420.7028829331948,422.2653503417969,17211700,MSFT
2024-05-24,422.45322015153533,426.28030386108634,419.704046646492,425.3902893066406,11855300,MSFT
2024-05-28,424.86617140902985,426.0429788375184,421.8697699331016,425.54852294921875,15718000,MSFT
2024-05-29,420.96986151310944,426.1616484009117,420.96986151310944,424.4112854003906,15517100,MSFT
2024-05-30,419.59527810803877,419.59527810803877,409.64682749572347,410.07208251953125,28394500,MSFT
2024-05-31,412.1289792567511,412.1289792567511,400.024708875454,410.5269470214844,47995300,MSFT
2024-06-03,410.92253691489856,411.81255153776027,404.3858441186775,408.934814453125,17484700,MSFT
2024-06-04,407.85685925302585,411.82240496411936,405.1373519842431,411.4565124511719,14348900,MSFT
2024-06-05,413.1772670336835,419.3777336097301,411.6840004488704,419.30853271484375,16988000,MSFT
2024-06-06,419.3084807052153,420.5940539083252,415.9164904670929,419.81280517578125,14861300,MSFT
2024-06-07,421.47421729884104,421.55331696325794,418.30968749669245,419.1502685546875,13621700,MSFT
2024-06-10,419.9908379970184,423.33333440686357,419.1898218829819,423.12567138671875,13982900,MSFT
2024-06-11,420.76214779186444,428.020755820843,420.5346872434857,427.8822937011719,14551100,MSFT
2024-06-12,430.4930895516259,438.4834835709838,428.4460348943523,436.16943359375,22366200,MSFT
2024-06-13,435.9617989605403,438.47364353190966,434.4981985450977,436.6836853027344,15960600,MSFT
2024-06-14,433.42024926631433,438.2263761607837,431.877549319742,437.6626892089844,13582000,MSFT
2024-06-17,437.68246749988464,445.9398870196781,435.8332072728674,443.39837646484375,20790000,MSFT
2024-06-18,444.7234969265718,445.14875191744164,439.95696520327493,441.390869140625,17112500,MSFT
2024-06-20,441.35131853440595,441.57877910996035,436.37709345219747,440.75799560546875,19877400,MSFT
2024-06-21,442.4193424510746,445.58384193574466,441.55899405937,444.792724609375,34187100,MSFT
2024-06-24,444.8125336268041,447.72983562691786,441.4601381818841,442.7061767578125,15913700,MSFT
2024-06-25,443.27969425576566,446.4145577985047,441.79632662300793,445.94976806640625,16413400,MSFT
2024-06-26,444.0214277051093,448.5704283232279,443.2204115082174,447.1463928222656,16507000,MSFT
2024-06-27,447.16615113611203,451.1119299222234,446.76069365788027,447.8287353515625,14806300,MSFT
2024-06-28,448.0462760060759,450.3306598473802,441.4601198033777,441.994140625,28362300,MSFT
2024-07-01,443.6851547691378,452.2985677661532,440.7184194830795,451.6656799316406,17662800,MSFT
2024-07-02,448.17483800659534,454.4939686896818,448.08580938726794,454.1874084472656,13979800,MSFT
2024-07-03,453.1095094538045,455.90811662700247,452.8029492037819,455.660888671875,9932800,MSFT
2024-07-05,454.5137192746822,463.15682857412344,453.88083144181417,462.3755798339844,16000300,MSFT
2024-07-08,461.37681172412664,462.5140844954219,459.3099895783313,461.07025146484375,12962300,MSFT
2024-07-09,461.8217923289273,462.14811993117183,452.9215864810465,454.44451904296875,17207200,MSFT
2024-07-10,456.10588369109234,461.28777166224876,453.7720362415662,461.0801086425781,18196100,MSFT
2024-07-11,457.84639154158754,459.6264206924659,446.54310684217364,449.658203125,23111200,MSFT
2024-07-12,449.2922544857781,451.2997440970952,445.653066550447,448.5209045410156,16324300,MSFT
2024-07-15,448.2736757198333,452.1897879047396,446.4244156110008,448.9263610839844,14429400,MSFT
2024-07-16,449.18351146737297,449.26261113120097,441.70734079913353,444.5356140136719,17175700,MSFT
2024-07-17,437.6824616204732,439.9174119033302,434.3102688250729,438.6021423339844,21778000,MSFT
2024-07-18,439.41307217646386,439.71963242472316,429.5832863227986,435.4870910644531,20794800,MSFT
2024-07-19,428.2976681537138,436.2485267618823,427.209859235563,432.26318359375,20940400,MSFT
2024-07-22,436.89138287523997,439.6702228116467,434.0433118650251,438.02862548828125,15808800,MSFT
2024-07-23,438.9779107012884,443.4181448887154,438.186793389343,439.9173889160156,13107100,MSFT
2024-07-24,435.5662371027095,436.5848151026753,422.848814998133,424.144287109375,26805800,MSFT
2024-07-25,424.0453575896341,425.0342693658965,412.88056536465024,413.76068115234375,29943800,MSFT
2024-07-26,413.5629210032518,424.1640565570156,412.64321010602674,420.55450439453125,23583800,MSFT
2024-07-29,426.7945502371275,427.35823721785147,419.9908622622184,421.99835205078125,15125800,MSFT
2024-07-30,422.97735537825565,424.2925947905347,412.732213459478,418.2305908203125,32687600,MSFT
2024-07-31,415.8373969334193,417.10320278469345,407.6393099563061,413.71124267578125,42891400,MSFT
2024-08-01,416.1242037023935,422.72022849108816,408.5095707902921,412.4849853515625,30296400,MSFT
2024-08-02,407.9162493031667,410.3984277645793,399.8566235648339,403.9606018066406,29437900,MSFT
2024-08-05,384.8548203739987,396.59319866894845,381.30460043688157,390.76849365234375,40709200,MSFT
2024-08-06,395.5647367351895,401.17188015725634,394.08136897243253,395.1790466308594,24946500,MSFT
2024-08-07,404.10895783773424,405.53296315438047,393.0627990585979,394.01214599609375,20650900,MSFT
2024-08-08,397.97765609010867,401.3597174512935,395.50537665916386,398.2248840332031,20203000,MSFT
2024-08-09,399.5499892110853,403.52540334343706,397.79962638294626,401.5179138183594,19276700,MSFT
2024-08-12,402.54642227818954,404.22758435718055,399.75768384658,402.2991943359375,16762900,MSFT
2024-08-13,405.0483692456352,410.34895203900766,405.0286018746959,409.41937255859375,19414300,MSFT
2024-08-14,410.200606537794,413.0882423005823,407.87668792866015,412.2377624511719,18267000,MSFT
2024-08-15,415.8934346982465,417.19124174906176,413.7733647214418,417.11199951171875,20752100,MSFT
2024-08-16,416.6859891605723,417.4190931983878,413.4166801400684,414.5758056640625,22775600,MSFT
2024-08-19,415.06120860773046,417.8252537249248,412.58447325666395,417.6072998046875,15234000,MSFT
2024-08-20,417.7757654099591,421.8970267669262,417.7163261753405,420.8468933105469,16387600,MSFT
2024-08-21,420.1335847320776,422.4320025414326,417.79556092274566,420.19305419921875,16067300,MSFT
2024-08-22,420.410997320223,422.8184073246916,410.75172838496667,411.6829833984375,19361900,MSFT
2024-08-23,413.09964177069946,415.35842313707064,408.2551330501382,412.9114074707031,18493800,MSFT
2024-08-26,412.4953243921623,413.396859709793,407.51213395459416,409.6421203613281,13152800,MSFT
2024-08-27,409.01800038370646,410.5040417108967,406.43230298651787,409.9888916015625,13492900,MSFT
2024-08-28,411.019191950483,411.13807041057737,403.5196300124752,406.7790222167969,14882700,MSFT
2024-08-29,411.078675041423,418.12249665584295,406.77906561893394,409.2756042480469,17045200,MSFT
2024-08-30,411.7325012306554,413.60489748199507,408.29479126700903,413.2581787109375,24308300,MSFT
2024-09-03,414.02103372225025,415.97270258559973,403.24227554701594,405.6298522949219,20313600,MSFT
2024-09-04,402.13271297104455,407.41310010382534,400.60703533664076,405.0948791503906,15135800,MSFT
2024-09-05,403.82677622219455,409.2557914736051,402.3506514977997,404.5896301269531,14195500,MSFT
2024-09-06,405.2533474753259,406.8285475492744,397.0702041035056,397.96185302734375,19609500,MSFT
2024-09-09,403.45027169819457,404.8471540629301,398.4076421561328,401.9444274902344,15295100,MSFT
2024-09-10,404.4013853254675,412.45570379102855,403.90603822449737,410.3455505371094,19594300,MSFT
2024-09-11,411.6334589269,420.0444433948456,405.76853569187716,419.1033020019531,19266900,MSFT
2024-09-12,419.37076416429335,423.39298024346107,415.84389519077274,423.02642822265625,17395700,MSFT
2024-09-13,421.8672636112723,427.81142832837605,421.5007116244245,426.5829772949219,15874600,MSFT
2024-09-16,426.59294574191983,429.4956726087264,424.2350886136153,427.3260498046875,13834700,MSFT
2024-09-17,436.13336040486877,437.73828032551546,428.24741204788825,431.1006164550781,18874200,MSFT
2024-09-18,430.9520062716843,431.9724201576507,426.4047232128483,426.8009948730469,18898000,MSFT
2024-09-19,437.12403789377305,437.3915144590669,432.83431483021604,434.607666015625,21706600,MSFT
2024-09-20,433.15131768035957,435.1525090726311,430.17923509170157,431.2194519042969,55167100,MSFT
2024-09-23,430.23868426031646,432.3983904018878,426.38489946949306,429.4758605957031,15128900,MSFT
2024-09-24,428.9705844602765,429.31733347364775,422.1348005929618,425.1762390136719,17015800,MSFT
2024-09-25,425.8300855631319,429.08947802981356,424.58183139807875,428.0888671875,13396400,MSFT
2024-09-26,431.0411178765214,431.2491551844422,425.1365891561316,427.2962951660156,14492000,MSFT
2024-09-27,427.5043252487667,427.8312712464172,423.4920260673168,424.0368957519531,14896100,MSFT
2024-09-30,424.2251680181162,426.4146240359172,421.4116000312542,426.29571533203125,16807300,MSFT
2024-10-01,424.4629431708175,424.49266278755016,414.91263654622963,416.775146484375,19092900,MSFT
2024-10-02,418.6475564553425,418.88534363054407,412.8321861342137,413.248291015625,16582300,MSFT
2024-10-03,413.7436715344948,415.6457876881329,410.4347561510362,412.663818359375,13686400,MSFT
2024-10-04,414.34793855319174,415.8438964916741,411.1083793562167,412.188232421875,19169700,MSFT
2024-10-07,412.12878843935687,413.22844449254166,405.1939290185023,405.7289123535156,20919800,MSFT
2024-10-08,407.0762569270798,411.79197118142247,404.37168100298584,410.8507995605469,19229300,MSFT
2024-10-09,411.99007853410836,416.46803570058375,410.4445979894132,413.5751953125,14974300,MSFT
2024-10-10,411.3659669240718,413.46623380792397,409.3053060403614,411.97027587890625,13848400,MSFT
2024-10-11,412.2674830881502,413.2482606337857,409.4043624478393,412.44580078125,14144900,MSFT
2024-10-14,413.8823170164031,420.09398917949596,413.6346434592421,415.2395935058594,16653100,MSFT
2024-10-15,418.2512520382671,418.54847842558434,411.39566540112634,414.84326171875,18900200,MSFT
2024-10-16,411.3065088320687,412.48540707078536,406.660150790306,412.2476501464844,15508900,MSFT
2024-10-17,418.429601804324,418.5683135090887,411.722612729939,412.84210205078125,14820000,MSFT
2024-10-18,413.2582100340754,415.7448320191293,412.38639426497724,414.2687072753906,17145300,MSFT
2024-10-21,412.24765392774344,415.0612217475957,409.89971357797583,414.8829040527344,14206100,MSFT
2024-10-22,414.595626294547,426.57311612841215,414.1498320229674,423.5317077636719,25482200,MSFT
2024-10-23,426.8504984713963,427.06845240983137,418.59802889539156,420.6487731933594,19654400,MSFT
2024-10-24,421.3719802653427,422.01595572726984,418.46925331230875,420.777587890625,13581600,MSFT
2024-10-25,422.78866124967664,428.4950392124222,422.6004269353124,424.16571044921875,16899100,MSFT
2024-10-28,427.64306615669506,427.9204593260478,422.33292947161533,422.6202392578125,14882400,MSFT
2024-10-29,424.01710482121905,429.1390069836367,421.8375655534697,427.93035888671875,17644100,MSFT
2024-10-30,433.3692558016521,434.41938919264413,428.07895261488494,428.50494384765625,29749100,MSFT
2024-10-31,411.4947379049696,412.2873114234298,402.5190506643278,402.568603515625,53971000,MSFT
2024-11-01,405.20384836550784,411.63344411141696,403.7078904341815,406.5511779785156,24230400,MSFT
2024-11-04,405.98649273527667,406.600748568275,401.795875395107,404.6589660644531,19672300,MSFT
2024-11-05,404.56977062634746,411.03900230330345,404.2824608535884,407.6310119628906,17626000,MSFT
2024-11-06,408.58207082875424,416.53734318018286,406.69972786661066,416.26983642578125,26681800,MSFT
2024-11-07,417.3596335925896,422.87780730764854,415.97266781837374,421.47100830078125,19901800,MSFT
2024-11-08,421.36203865462784,422.5310504831396,417.8549729355068,418.60791015625,16891400,MSFT
2024-11-11,418.58809689323664,420.8567950462537,412.1287816798458,414.1200866699219,24503300,MSFT
2024-11-12,414.35783635110096,420.49023567836724,413.3176195666668,419.0933532714844,19401200,MSFT
2024-11-13,417.7163255743709,425.3347363138495,414.31822142109314,421.2431945800781,21502200,MSFT
2024-11-14,421.04505383486753,424.1855678921326,416.0915826132808,422.91748046875,30246900,MSFT
2024-11-15,415.91324532993855,418.86549468955633,409.79076244428035,411.1380920410156,28247600,MSFT
2024-11-18,411.0093198489206,414.50646935219214,408.2651076525754,411.89105224609375,24727000,MSFT
2024-11-19,409.26565838479394,414.0507282073073,407.72017788193654,413.9021301269531,18133500,MSFT
2024-11-20,412.9906674094557,413.4067722571845,406.75919271133495,411.6235046386719,19191700,MSFT
2024-11-21,416.428073141663,416.70602153771694,407.2855248811401,409.84661865234375,20780200,MSFT
2024-11-22,408.3576333968402,414.3434759719605,408.0499058744426,413.9464111328125,24814600,MSFT
2024-11-25,415.3162958278843,417.99650611752486,411.812146489521,415.7232971191406,27691100,MSFT
2024-11-26,416.5174436728799,425.89825580258685,415.78287220202776,424.8559265136719,23458900,MSFT
2024-11-27,421.9969878965425,424.10148899734514,418.929618998767,419.89251708984375,18332400,MSFT
2024-11-29,417.0137828520631,421.76871536801127,414.7405434642979,420.3591003417969,16271900,MSFT
2024-12-02,418.48293944626425,429.82923270647603,418.22483367708463,427.82403564453125,20207200,MSFT
2024-12-03,426.69233227151085,429.3030779603568,424.6077042477633,428.0423889160156,18302000,MSFT
2024-12-04,429.8590208353051,436.45041220115866,429.4619560010729,434.2168884277344,26009400,MSFT
2024-12-05,434.71321944433936,441.4038541812057,432.9760343176013,439.3787841796875,21697800,MSFT
2024-12-06,439.0611189309198,442.8333105145372,438.5350012201072,440.32183837890625,18821000,MSFT
2024-12-09,439.35893665859504,445.0469576507044,437.2743084708553,442.7538757324219,19144400,MSFT
2024-12-10,441.1358533918597,446.32753597079886,438.3662754088612,440.0835876464844,18469500,MSFT
2024-12-11,440.79832040277716,447.05220524938716,440.79832040277716,445.7021484375,19200200,MSFT
2024-12-12,445.8212884676435,452.8196816217572,445.8212884676435,446.26800537109375,20834800,MSFT
2024-12-13,445.15616611270633,448.124261247401,442.3170935669994,443.9947204589844,20177800,MSFT
2024-12-16,443.99473862109255,448.86878750909034,442.01932060586137,448.2831115722656,23598800,MSFT
2024-12-17,447.7073315660627,451.95598856057325,446.27787404509627,451.1320495605469,22733500,MSFT
2024-12-18,448.0150896587636,449.3353370303597,433.8197872534811,434.1871032714844,24444500,MSFT
2024-12-19,438.38609658906347,439.9346705847199,433.12491959024413,433.8297119140625,22963700,MSFT
2024-12-20,429.93845914028344,440.4906238895222,425.49128413888167,433.4029235839844,64263700,MSFT
2024-12-23,433.54185407205193,434.44519400818086,429.6604823749245,432.0627746582031,19152500,MSFT
2024-12-24,431.4671320524487,436.38089623186573,431.010509030067,436.11285400390625,7164500,MSFT
2024-12-26,435.86472311645826,437.7111185947039,433.4326819773249,434.9018249511719,8194200,MSFT
2024-12-27,431.41749205768616,432.032947038792,423.22790563455993,427.3772888183594,18117700,MSFT
2024-12-30,422.9400590771193,424.41913845880714,418.8105181563676,421.71905517578125,13158700,MSFT
2024-12-31,422.97977346202197,423.6051649635355,417.5796069111211,418.4134521484375,13246500,MSFT
2025-01-02,422.4139505741353,422.9500047735069,411.81216477472935,415.51483154296875,16896500,MSFT
2025-01-03,417.99651176266025,420.9249216883709,416.46781065088146,420.2499084472656,16662900,MSFT
2025-01-06,424.8658449852562,431.1395722098291,422.36430932720185,424.7169494628906,20573600,MSFT
2025-01-07,425.85852385294453,427.49643519355806,417.7185585987197,419.2770690917969,18139100,MSFT
2025-01-08,420.3590683350305,423.8433749158129,418.4531451224049,421.4510192871094,15054600,MSFT
2025-01-10,421.52054055637365,421.5999414060332,411.98089654314987,415.88214111328125,20201100,MSFT
2025-01-13,412.19927707865725,415.4354144937977,409.2708974707551,414.135009765625,17604800,MSFT
2025-01-14,414.7504731982745,416.6663329915462,407.7123952362894,412.62615966796875,16935900,MSFT
2025-01-15,416.06078709453215,425.0147242617403,415.2070689754285,423.1882019042969,19637800,MSFT
2025-01-16,425.56071106349873,426.34490420898106,421.2822749228641,421.4708557128906,15300000,MSFT
2025-01-17,430.91124996405387,431.29840862027794,425.0346177976779,425.8883056640625,26197500,MSFT
2025-01-21,427.0497766230712,427.7446325404098,422.48345509069117,425.3622131347656,26085700,MSFT
2025-01-22,434.3558409675422,443.9947282693763,432.8072669314077,442.9325866699219,27803800,MSFT
2025-01-23,438.76331124507635,443.4785278251988,438.266972657695,443.4388122558594,18389300,MSFT
2025-01-24,441.9001784993804,443.37925780820444,438.1677025965132,440.8082275390625,15549500,MSFT
2025-01-27,420.9051049056437,432.01316613773105,420.3988297966623,431.3778381347656,35647800,MSFT
2025-01-28,431.4175234893937,445.0966142937209,428.2211016468738,443.9252624511719,23491700,MSFT
2025-01-29,443.41900040059096,443.60761150041753,437.17505205552743,439.0909118652344,23581400,MSFT
2025-01-30,415.7034295288443,419.7634757332681,410.1345248522129,411.95111083984375,54586300,MSFT
2025-01-31,415.911907348454,417.60937689111034,411.87170384291437,412.0205993652344,34161900,MSFT
2025-02-03,408.5859629677824,412.36806087424213,405.6674894234756,407.91094970703125,25679100,MSFT
2025-02-04,409.6679752687522,410.8889791877868,406.739565274027,409.3503112792969,20532100,MSFT
2025-02-05,409.33049175194867,410.7996347714461,407.3947588943965,410.26361083984375,16316700,MSFT
2025-02-06,410.9683447102107,415.1376009046221,410.9683447102107,412.7750244140625,16309800,MSFT
2025-02-07,413.4302096384315,415.58430218979566,405.1115698860282,406.7494812011719,22886800,MSFT
2025-02-10,410.6804954197058,412.41768060214906,407.91094771202364,409.201416015625,20817900,MSFT
2025-02-11,406.64031711794166,409.4694230026259,406.30278019920314,408.4271240234375,18140600,MSFT
2025-02-12,404.2280919312538,407.742177856358,401.40889219439293,406.0447082519531,19121700,MSFT
2025-02-13,404.0196057632089,407.99031441935836,403.38427783705555,407.53369140625,23891700,MSFT
2025-02-14,404.80385028408716,405.91564391864586,402.9078331667541,405.43914794921875,22758500,MSFT
2025-02-18,405.012314606688,407.593281493885,403.5232987441634,406.64031982421875,21423100,MSFT
2025-02-19,404.89319663470326,412.44745587382107,404.66486996411237,411.73272705078125,24114200,MSFT
2025-02-20,413.0755545581438,417.07410775463984,410.3402184035009,413.91107177734375,23508700,MSFT
2025-02-21,415.11458446579724,415.8207899827264,405.71499358869687,406.03326416015625,27524800,MSFT
2025-02-24,406.3316944915949,407.1870941067446,397.1906962904959,401.8457336425781,26443700,MSFT
2025-02-25,398.9612079589026,399.77684273234365,394.58467628789543,395.77825927734375,29387400,MSFT
2025-02-26,395.8877115559134,401.44790050472056,392.1477511905504,397.5985412597656,19619000,MSFT
2025-02-27,399.13027515598884,403.5764407452776,390.0788238664077,390.4368896484375,21127400,MSFT
2025-02-28,390.5662102627109,395.50970978817173,384.50868780557136,394.87310791015625,32845700,MSFT
2025-03-03,396.693360360252,396.693360360252,384.1008642400347,386.4184265136719,23007700,MSFT
2025-03-04,381.3555708063787,390.48661254503907,378.9683745181786,386.53778076171875,29342900,MSFT
2025-03-05,387.2639110911412,399.52818059067016,386.73673843465946,398.8816223144531,23433100,MSFT
2025-03-06,392.17758313531544,400.00561314926756,390.586108729763,394.773681640625,23304600,MSFT
2025-03-07,390.2280267594304,392.6947831487431,383.4841811851977,391.2127380371094,22034100,MSFT
2025-03-10,383.7825477685313,384.3395592028592,375.208517809933,378.1328430175781,32840100,MSFT
2025-03-11,376.9790758271751,383.941750050896,374.9002238801034,378.4213562011719,30380200,MSFT
2025-03-12,380.9080172396425,383.1659020465141,376.92934634163805,381.2262878417969,24253600,MSFT
2025-03-13,381.1168495701804,383.2653352756173,375.43730594967485,376.750244140625,20473000,MSFT
2025-03-14,377.7548866940246,388.1491759928466,377.48633735073093,386.4880676269531,19952800,MSFT
2025-03-17,384.6379840789578,390.61591588488574,383.5140048019888,386.6273193359375,22474300,MSFT
2025-03-18,385.0060336134189,385.3044217812384,379.06786623501773,381.4749450683594,19486900,MSFT
2025-03-19,383.47421674907764,387.6020814133235,381.9523764633006,385.75201416015625,19185500,MSFT
2025-03-20,383.68311164841384,389.70086948967395,381.2362375881449,384.7772521972656,18470500,MSFT
2025-03-21,381.1765391094654,389.65109658333733,380.7587653391681,389.1736755371094,39675900,MSFT
2025-03-24,393.29158399443577,393.29158399443577,387.73139545576913,390.98394775390625,21004500,MSFT
2025-03-25,391.8195087441688,394.2464699747621,390.54633531859656,393.0528869628906,15775000,MSFT
2025-03-26,392.89374127883343,393.2020858372719,386.49803525659746,387.89056396484375,16108400,MSFT
2025-03-27,388.04970169840396,390.1484359049866,385.33424804034394,388.4972839355469,13766800,MSFT
2025-03-28,386.01060482786494,387.05502406399853,374.920066699825,376.78009033203125,21632000,MSFT
2025-03-31,370.5534967757106,375.0593400396717,365.28173999012597,373.3883056640625,35184700,MSFT
2025-04-01,372.6522059403994,380.8084923075966,371.2397949635195,380.1520080566406,19689500,MSFT
2025-04-02,375.95454781806535,383.0266205201498,374.6117403662579,380.1023254394531,16092600,MSFT
2025-04-03,372.79148704012755,375.4671453752222,367.38049274092737,371.12042236328125,30198000,MSFT
2025-04-04,362.1883363320907,372.5925514540549,357.5631378295283,357.92120361328125,49209900,MSFT
2025-04-07,349.00902084094025,369.021730877009,342.9514979578054,355.9517822265625,50425000,MSFT
2025-04-08,366.2963320079612,371.65757505461033,348.38235725741856,352.66937255859375,35868900,MSFT
2025-04-09,351.65482301024804,391.13318598606264,351.2171667990214,388.40777587890625,50199700,MSFT
2025-04-10,380.02273387837465,381.85291877896515,365.838762955237,379.3165283203125,38024400,MSFT
2025-04-11,378.61031016462425,387.97010607095405,376.86964177115533,386.378662109375,23839200,MSFT
2025-04-14,391.1232211496066,392.54558862795363,382.1612557582716,385.7420654296875,19251200,MSFT
2025-04-15,386.43836227942796,389.80034400082167,382.1115516637576,383.6731872558594,17199900,MSFT
2025-04-16,378.6401657518634,379.5751254610235,366.0377126687907,369.6284484863281,21967800,MSFT
2025-04-17,371.75704543823275,372.3240133010547,364.9336397230584,365.8188781738281,21120200,MSFT
2025-04-21,360.88533011613976,362.5364820854384,353.7734623702264,357.2050476074219,20807300,MSFT
2025-04-22,361.44235434917846,365.80892977570767,357.94110461161955,364.864013671875,19485000,MSFT
2025-04-23,374.05472426245655,378.3616523034824,371.0309260243866,372.3936462402344,20545500,MSFT
2025-04-24,373.69665118177875,386.3786638188774,373.1893609627435,385.2347717285156,22232300,MSFT
2025-04-25,384.93638434344297,390.068873110604,382.54918803088736,389.7605285644531,18973200,MSFT
2025-04-28,389.8699407631016,390.64578035007287,384.5783317017626,389.07421875,16579400,MSFT
2025-04-29,389.21346312193106,392.9932186361511,388.29838582664536,391.9388732910156,14974000,MSFT
2025-04-30,388.21877036685504,394.54487238441686,382.39003252749313,393.15234375,36461100,MSFT
2025-05-01,428.81116623183453,434.65981700987567,422.6342884776108,423.1316223144531,58938100,MSFT
2025-05-02,429.4378217113229,437.09677511877317,427.6971532418887,432.9589538574219,30757400,MSFT
2025-05-05,430.5617862640975,437.15643772408293,429.80582912695047,433.8442077636719,20136100,MSFT
2025-05-06,429.8953841273505,435.39589519237757,428.8708776295015,430.99945068359375,15104200,MSFT
2025-05-07,431.5266230555768,435.7837995157977,428.8111693588705,431.03924560546875,23295300,MSFT
2025-05-08,435.5948162408885,441.30422944958144,433.3369315017373,435.83355712890625,23491300,MSFT
2025-05-09,437.6537503899646,438.38979471116045,433.55572467490674,436.3905334472656,15324200,MSFT
2025-05-12,443.5621064267163,446.9738092745622,437.43494989219903,446.8644104003906,22821900,MSFT
2025-05-13,445.392292323668,448.2668964878236,442.9851831830833,446.74505615234375,23618800,MSFT
2025-05-14,445.75038756339603,451.4796527444761,445.75038756339603,450.5247802734375,19902800,MSFT
2025-05-15,449.1894577663049,454.5904670438241,448.8506535548848,451.54119873046875,21992300,MSFT
2025-05-16,450.4649981824022,452.7668963665248,447.1566619661563,452.6772155761719,23849800,MSFT
2025-05-19,449.29907263869796,457.9785240250479,449.2193361148497,457.26104736328125,21336500,MSFT
2025-05-20,453.9925667897047,456.73292449884485,452.72703072274504,456.56353759765625,15441800,MSFT
2025-05-21,452.97614166677727,456.17487788050977,450.2258093649285,450.983154296875,19216900,MSFT
2025-05-22,453.3548479183862,458.63625267798704,452.30851122486644,453.26513671875,18025600,MSFT
2025-05-23,448.40228199038245,452.0992653985463,447.3360263474386,448.6015625,16883500,MSFT
2025-05-27,454.87944662996904,459.3337746022176,454.52069309116933,459.0746765136719,20974300,MSFT
2025-05-28,459.60285995745147,460.89828970025724,455.3278931492698,455.7563781738281,17086300,MSFT
2025-05-29,459.93167902845283,460.10109634693043,453.71356774793736,457.0717468261719,13974800,MSFT
2025-05-30,458.1080789456966,460.06119805700706,453.942742633105,458.7458190917969,34770500,MSFT
2025-06-02,455.53716828611505,460.48971303831235,455.2880448481698,460.3502197265625,16626500,MSFT
2025-06-03,459.85196958801225,462.5126212670428,459.24409259023946,461.3467102050781,15743800,MSFT
2025-06-04,462.3730793208357,464.05715611586317,461.3965045417047,462.2435302734375,14162700,MSFT
2025-06-05,463.3296970825432,468.00325491639626,462.4029652503908,466.0401611328125,20131700,MSFT
2025-06-06,468.4417212017894,471.6803257365932,467.1363168836836,468.730712890625,15285600,MSFT
2025-06-09,468.05311353771793,471.77001565920176,466.9768832876908,471.0924072265625,16469900,MSFT
2025-06-10,469.53787169847936,471.14221196784314,465.3226923748716,469.2688293457031,15375900,MSFT
2025-06-11,468.37197033665615,473.80287330978865,468.01324719222674,470.9628601074219,16399200,MSFT
2025-06-12,473.3544415367432,478.73553201697933,471.8597009390277,477.1909484863281,18950600,MSFT
2025-06-13,474.7395752703882,477.4998519181197,471.1023792861798,473.2946472167969,16814500,MSFT
2025-06-16,473.5437784887318,479.00457509504827,473.3345233196989,477.46002197265625,15626100,MSFT
2025-06-17,473.7331030955977,477.06138843382047,472.4177241014044,476.3638610839844,15414100,MSFT
2025-06-18,476.3239856832242,479.313466764918,472.7963894918646,478.5561218261719,17526500,MSFT
2025-06-20,480.53918652379775,481.76485435953526,475.1979642712812,475.7261047363281,37576200,MSFT
2025-06-23,476.53323466530253,486.0397928967888,470.8532389300749,484.2959289550781,24864000,MSFT
2025-06-24,487.23560408546166,490.1254297173699,485.0931183138473,488.3915100097656,22305600,MSFT
2025-06-25,490.314771223071,492.82592441237585,487.6740689863978,490.5439453125,17495100,MSFT
2025-06-26,491.2514824256969,496.29373818928514,491.08206511354325,495.705810546875,21578900,MSFT
2025-06-27,495.80545117387857,497.54931522943417,491.30131038962224,494.20111083984375,34539200,MSFT
2025-06-30,495.2972567719388,499.0042146991214,493.5932305818623,495.66595458984375,28369000,MSFT
2025-07-01,494.7292533047111,496.30370004913976,489.2585123483102,490.3247375488281,19945400,MSFT
2025-07-02,488.2719538404123,491.76965656989233,486.98649882219644,489.36810302734375,16319600,MSFT
2025-07-03,492.07857999859937,498.3764278450543,491.7098821739863,497.0909423828125,13984800,MSFT
2025-07-07,495.6360493014733,497.0012408266234,493.4935938943106,495.974853515625,13981600,MSFT
2025-07-08,495.4965138505155,496.4531696907806,492.3774837277821,494.8786926269531,11846600,MSFT
2025-07-09,498.54580110123976,505.003091421344,497.98776704512187,501.74456787109375,18659500,MSFT
2025-07-10,501.2861517097084,502.67129257213526,496.0047471787155,499.7216796875,16492100,MSFT
2025-07-11,496.72223609239006,503.25923259786794,496.054571905536,501.55523681640625,16459500,MSFT
2025-07-14,499.7615155353931,502.2029372942231,499.273243347857,501.2562561035156,12058800,MSFT
2025-07-15,501.2562471634966,506.51773265302506,501.027073076573,504.04644775390625,14927200,MSFT
2025-07-16,503.40867779230757,504.94328659833275,500.13023542973804,503.8471374511719,15154400,MSFT
2025-07-17,503.9069415603956,511.5699807689203,503.84715436950415,509.9058532714844,17503100,MSFT
2025-07-18,512.6760872301095,512.8355602906365,505.6508184267905,508.2616271972656,21209700,MSFT
2025-07-21,504.9333159392007,510.29448733980524,503.77737959397786,508.2715759277344,14066800,MSFT
2025-07-22,509.1784090675831,509.40761357627605,503.4983825683594,503.4983825683594,13868600,MSFT
2025-07-23,504.97320231513,505.01307057965715,498.9444273574923,504.0962829589844,16396600,MSFT
2025-07-24,506.98609704492156,511.86891017220256,505.5212500656798,509.0887145996094,16107000,MSFT
2025-07-25,510.67314061143924,516.4727417364818,508.57055332296227,511.9088439941406,19125700,MSFT
2025-07-28,512.2775105607909,513.1942677567645,508.3313735189307,510.7030334472656,14308000,MSFT
2025-07-29,513.7224399565682,515.8050777848653,509.7663282358281,510.7727966308594,16469200,MSFT
2025-07-30,513.3636552782116,514.1409495778635,507.6537656967309,511.4404296875,26380400,MSFT
2025-07-31,553.2831833968122,553.5024436401114,530.0350289229713,531.62939453125,51617300,MSFT
2025-08-01,533.1241706958108,533.9213535531813,519.0337340919326,522.2723388671875,28977600,MSFT
2025-08-04,526.4177481275262,536.3627358241171,526.2782244119826,533.7619018554688,25349000,MSFT
2025-08-05,535.2964641743647,535.41603854948,525.3913146279989,525.8995361328125,19171600,MSFT
2025-08-06,529.0385508551038,529.8357336828143,522.1926437275052,523.0994262695312,21355700,MSFT
2025-08-07,524.9529190734887,526.2384349946553,515.7353514691818,519.0138549804688,16079100,MSFT
2025-08-08,520.7676288144971,522.8204035830947,517.5888112007746,520.2095947265625,15531000,MSFT
2025-08-11,520.4686618064882,525.7401525514866,517.8976909591346,519.9405517578125,20194400,MSFT
2025-08-12,521.9135974657331,529.1182277589118,520.8672912006765,527.3843383789062,18667000,MSFT
2025-08-13,530.2443026581628,530.8322607629538,517.5489813455309,518.7547607421875,19619200,MSFT
2025-08-14,520.7277467800332,524.1058750288076,518.3162490497452,520.6480102539062,20269100,MSFT
2025-08-15,520.9370505811125,524.255330935539,517.2599862571353,518.3461303710938,25213300,MSFT
2025-08-18,519.7611730136332,520.9868407954262,512.2177084457264,515.286865234375,23760600,MSFT
2025-08-19,513.1942782099028,513.3536904476517,506.7668813962475,507.98260498046875,21481000,MSFT
2025-08-20,508.0822507382742,509.2082935133009,502.6712971096552,503.9468078613281,27723000,MSFT
2025-08-21,502.74904380636957,506.68168580920974,501.7808546744913,503.2980041503906,18443300,MSFT
2025-08-22,503.3079962424447,509.77590173606455,501.471437254012,506.2824401855469,24324200,MSFT
2025-08-25,505.6835608535286,507.2406441544574,503.1782400793436,503.3179931640625,21638600,MSFT
2025-08-26,503.4177851675948,504.0366525259624,497.5787379824689,501.1021423339844,30835700,MSFT
2025-08-27,501.06219963605827,506.34232576675964,498.96611661319633,505.7933349609375,17277900,MSFT
2025-08-28,506.1426727693108,510.1352001425548,504.5556467937143,508.68792724609375,18015600,MSFT
2025-08-29,507.7097597194238,508.64800611235046,503.5475364264987,505.7434387207031,20961600,MSFT
2025-09-02,499.53505401941584,505.0547219959289,495.88188775050133,504.1763610839844,18128000,MSFT
2025-09-03,502.8488615493355,506.8413890153064,501.3816064871684,504.40594482421875,16345100,MSFT
2025-09-04,503.3578996917829,507.20071355848035,502.2100541109688,507.02105712890625,15509500,MSFT
2025-09-05,508.11900990545524,511.0135863020471,491.4501951138555,494.0752868652344,31994800,MSFT
2025-09-08,497.1794589519428,500.26371328397477,494.10522614671714,497.2693176269531,16771000,MSFT
2025-09-09,500.4932596555404,501.3117351050236,496.77024724997165,497.4789123535156,14410500,MSFT
2025-09-10,502.04038173392,502.2899147028095,495.7920664455459,499.43524169921875,21611800,MSFT
2025-09-11,501.31173995388707,502.2300346920423,496.9499084839274,500.0740661621094,18881600,MSFT
2025-09-12,505.70352006176233,511.59249216822343,502.9087629314118,508.94744873046875,23624900,MSFT
2025-09-15,507.8395136770829,514.5069966795595,506.05284913244947,514.397216796875,17143800,MSFT
2025-09-16,515.9144004162443,516.2637221986186,507.64986983793983,508.08905029296875,19711900,MSFT
2025-09-17,509.6660849144807,510.33484666258875,504.9848440594251,509.06719970703125,15816600,MSFT
2025-09-18,510.5344514878828,512.1115168727503,506.71161989545686,507.5001525878906,18913700,MSFT
2025-09-19,509.6061757592278,518.3298380532008,509.35664280609984,516.96240234375,52474100,MSFT
2025-09-22,514.6268375894382,516.772784556969,511.5824866494396,513.4889526367188,20009300,MSFT
2025-09-23,512.8401566617626,513.6287198501773,506.3622903955001,508.2787170410156,19799600,MSFT
2025-09-24,509.4265417419943,511.5225942719762,505.9730140478167,509.19696044921875,13533700,MSFT
2025-09-25,507.3504106819217,509.0572380888419,504.09652154158834,506.0827941894531,15786500,MSFT
2025-09-26,509.1071380786861,512.9798945996346,505.67356201643696,510.5045166015625,16213100,MSFT
2025-09-29,510.5444265624633,515.8844074376258,507.9293260645142,513.6386108398438,17617800,MSFT
2025-09-30,512.2811987663596,517.1919905812645,508.70790002171145,516.982421875,19728200,MSFT
2025-10-01,513.8382741479315,519.5376290534263,510.7340986553811,518.7391357421875,22632300,MSFT
2025-10-02,516.6730253227585,520.625588764222,509.7260051791023,514.7765502929688,21222900,MSFT
2025-10-03,516.1339509263171,519.5176324904353,514.0378984273964,516.3834838867188,15112300,MSFT
2025-10-06,517.6411650074094,530.0380069481532,517.2319577376861,527.5825805664062,21388600,MSFT
2025-10-07,527.3030443984364,528.8102332144322,520.4658657072805,523.0010986328125,14615200,MSFT
2025-10-08,522.3024933531,525.9656203925812,522.1128458539913,523.8695068359375,13363400,MSFT
2025-10-09,521.3642478231245,523.3505205733983,516.4334737589328,521.4241333007812,18343600,MSFT
2025-10-10,518.6692706129455,522.6019127014883,508.6779606337136,510.0054626464844,24133800,MSFT
2025-10-13,515.4452371680482,515.4452371680482,510.7240930552238,513.0896606445312,14284200,MSFT
2025-10-14,509.2768388871209,514.3174231454748,505.05473007895694,512.610595703125,14684300,MSFT
2025-10-15,513.9979961583023,516.2238106749688,509.04724028199115,512.4708251953125,14694700,MSFT
2025-10-16,511.62245544117155,515.884437136842,507.1807563967364,510.65423583984375,15559600,MSFT
2025-10-17,508.0890780500653,514.5170195527368,506.3622988729776,512.62060546875,19867800,MSFT
2025-10-20,513.6486038577511,517.730989827423,512.4708156147512,515.8245239257812,14665600,MSFT
2025-10-21,516.533257830336,517.7210372272165,512.0815676283437,516.6929321289062,15586200,MSFT
2025-10-22,520.1764726871388,524.2488070435115,516.7428964573043,519.5675659179688,18962700,MSFT
2025-10-23,521.4839993377199,522.9712060783663,517.6411550810741,519.5875244140625,14023500,MSFT
2025-10-24,521.8133604589415,524.3685757173844,519.7372899447384,522.6318359375,15532400,MSFT
2025-10-27,530.7866236569336,533.5813808592218,528.0217787333662,530.527099609375,18734700,MSFT
2025-10-28,548.9725518014023,552.6855732732587,539.7598137450263,541.057373046875,29986700,MSFT
2025-10-29,543.9220119141725,545.2495444281135,535.7273269044096,540.538330078125,36023000,MSFT
2025-10-30,529.4889853080866,533.9705877450752,521.1446173319796,524.77783203125,41023100,MSFT
2025-10-31,527.8919782690999,528.3311587204174,514.137692119172,516.8426513671875,34006400,MSFT
2025-11-03,518.8389228578652,523.9793263365088,513.628703759196,516.0641479492188,22374700,MSFT
2025-11-04,510.80399534425794,514.5868933466259,506.8913048594995,513.3692016601562,20958700,MSFT
2025-11-05,512.3410686781482,513.8682396575209,505.6336213981725,506.2125549316406,23024300,MSFT
2025-11-06,504.7153625290288,504.75529633258907,494.88375756631746,496.1713562011719,27406500,MSFT
2025-11-07,496.02163823572937,498.4470913363115,492.32853818272196,495.8918762207031,24019800,MSFT
2025-11-10,499.10586069795033,505.9031361854127,497.8681564860657,505.0547180175781,26101500,MSFT
2025-11-11,503.85694933091565,508.64800052182136,501.411544557113,507.7297058105469,17980000,MSFT
2025-11-12,508.4084461357136,510.7141588310794,498.18758530403636,510.1851501464844,26574900,MSFT
2025-11-13,509.3566671737073,512.54071024479,500.3535287599438,502.34979248046875,25273100,MSFT
2025-11-14,497.2992409027003,510.644258818196,496.51070821491913,509.2268981933594,28505700,MSFT
2025-11-17,507.5001596757347,511.16328656765256,503.9667643395777,506.54193115234375,19092800,MSFT
2025-11-18,494.44458869198826,502.0403882023454,485.87063942574486,492.8675537109375,33815100,MSFT
2025-11-19,489.18443539234676,494.264922953439,481.9279972054541,486.2099914550781,23245300,MSFT
2025-11-20,492.7099914550781,493.57000732421875,475.5,478.42999267578125,26688100,MSFT
2023-01-01,16547.9140625,16630.439453125,16521.234375,16625.080078125,9244361700,BTC-USD
2023-01-02,16625.509765625,16759.34375,16572.228515625,16688.470703125,12097775227,BTC-USD
2023-01-03,16688.84765625,16760.447265625,16622.37109375,16679.857421875,13903079207,BTC-USD
2023-01-04,16680.205078125,16964.5859375,16667.763671875,16863.23828125,18421743322,BTC-USD
2023-01-05,16863.47265625,16884.021484375,16790.283203125,16836.736328125,13692758566,BTC-USD
2023-01-06,16836.47265625,16991.994140625,16716.421875,16951.96875,14413662913,BTC-USD
2023-01-07,16952.1171875,16975.017578125,16914.19140625,16955.078125,7714767174,BTC-USD
2023-01-08,16954.146484375,17091.14453125,16924.05078125,17091.14453125,9768827914,BTC-USD
2023-01-09,17093.9921875,17389.95703125,17093.9921875,17196.5546875,18624736866,BTC-USD
2023-01-10,17192.94921875,17484.720703125,17162.990234375,17446.29296875,15808338949,BTC-USD
2023-01-11,17446.359375,17934.896484375,17337.994140625,17934.896484375,18372283782,BTC-USD
2023-01-12,18117.59375,19030.087890625,17995.203125,18869.587890625,34971338710,BTC-USD
2023-01-13,18868.90625,19964.322265625,18753.1640625,19909.57421875,29225029694,BTC-USD
2023-01-14,19910.537109375,21075.142578125,19907.828125,20976.298828125,38967784639,BTC-USD
2023-01-15,20977.484375,20993.748046875,20606.986328125,20880.798828125,19298407543,BTC-USD
2023-01-16,20882.224609375,21360.875,20715.74609375,21169.6328125,26792494050,BTC-USD
2023-01-17,21175.833984375,21438.66015625,20978.533203125,21161.51953125,24999983362,BTC-USD
2023-01-18,21161.05078125,21564.501953125,20541.544921875,20688.78125,30005625418,BTC-USD
2023-01-19,20686.74609375,21163.01171875,20685.380859375,21086.79296875,21152848261,BTC-USD
2023-01-20,21085.373046875,22692.357421875,20919.126953125,22676.552734375,28799154319,BTC-USD
2023-01-21,22677.427734375,23282.34765625,22511.833984375,22777.625,32442278429,BTC-USD
2023-01-22,22777.986328125,23056.73046875,22387.900390625,22720.416015625,24746386230,BTC-USD
2023-01-23,22721.087890625,23126.486328125,22654.3046875,22934.431640625,26518700512,BTC-USD
2023-01-24,22929.626953125,23134.01171875,22549.744140625,22636.46875,26405069715,BTC-USD
2023-01-25,22639.267578125,23722.099609375,22406.076171875,23117.859375,30685366709,BTC-USD
2023-01-26,23108.955078125,23237.078125,22911.373046875,23032.77734375,26357839322,BTC-USD
2023-01-27,23030.716796875,23417.720703125,22654.59375,23078.728515625,25383335641,BTC-USD
2023-01-28,23079.96484375,23165.896484375,22908.845703125,23031.08984375,14712928379,BTC-USD
2023-01-29,23031.44921875,23919.890625,22985.0703125,23774.56640625,27423687259,BTC-USD
2023-01-30,23774.6484375,23789.34765625,22657.58203125,22840.138671875,27205595568,BTC-USD
2023-01-31,22840.796875,23225.021484375,22765.568359375,23139.283203125,22837828665,BTC-USD
2023-02-01,23137.8359375,23764.5390625,22877.75,23723.76953125,26683255504,BTC-USD
2023-02-02,23720.82421875,24167.2109375,23468.595703125,23471.87109375,32066936882,BTC-USD
2023-02-03,23469.412109375,23678.103515625,23279.955078125,23449.322265625,27083066007,BTC-USD
2023-02-04,23446.3203125,23556.94921875,23291.794921875,23331.84765625,15639298538,BTC-USD
2023-02-05,23332.248046875,23423.435546875,22841.759765625,22955.666015625,19564262605,BTC-USD
2023-02-06,22954.021484375,23119.279296875,22692.025390625,22760.109375,23825006542,BTC-USD
2023-02-07,22757.267578125,23310.974609375,22756.2578125,23264.291015625,27187964471,BTC-USD
2023-02-08,23263.416015625,23367.958984375,22731.09765625,22939.3984375,25371367758,BTC-USD
2023-02-09,22946.56640625,22996.4375,21773.974609375,21819.0390625,32572572185,BTC-USD
2023-02-10,21819.005859375,21941.185546875,21539.392578125,21651.18359375,27078406594,BTC-USD
2023-02-11,21651.841796875,21891.41015625,21618.44921875,21870.875,16356226232,BTC-USD
2023-02-12,21870.90234375,22060.994140625,21682.828125,21788.203125,17821046406,BTC-USD
2023-02-13,21787.0,21898.4140625,21460.087890625,21808.1015625,23918742607,BTC-USD
2023-02-14,21801.822265625,22293.140625,21632.39453125,22220.8046875,26792596581,BTC-USD
2023-02-15,22220.5859375,24307.841796875,22082.76953125,24307.841796875,32483312909,BTC-USD
2023-02-16,24307.349609375,25134.1171875,23602.5234375,23623.474609375,39316664596,BTC-USD
2023-02-17,23621.283203125,24924.041015625,23460.755859375,24565.6015625,41358451255,BTC-USD
2023-02-18,24565.296875,24798.8359375,24468.373046875,24641.27734375,19625427158,BTC-USD
2023-02-19,24640.02734375,25093.0546875,24327.642578125,24327.642578125,25555105670,BTC-USD
2023-02-20,24336.623046875,25020.458984375,23927.91015625,24829.1484375,28987376573,BTC-USD
2023-02-21,24833.048828125,25126.8515625,24200.36328125,24436.353515625,31252098714,BTC-USD
2023-02-22,24437.41796875,24472.33984375,23644.318359375,24188.84375,30199996781,BTC-USD
2023-02-23,24190.71875,24572.08984375,23693.919921875,23947.4921875,30476264066,BTC-USD
2023-02-24,23946.0078125,24103.705078125,23007.072265625,23198.126953125,26811744928,BTC-USD
2023-02-25,23200.125,23210.2109375,22861.55859375,23175.375,16100721565,BTC-USD
2023-02-26,23174.150390625,23654.3671875,23084.220703125,23561.212890625,16644534842,BTC-USD
2023-02-27,23561.451171875,23857.890625,23205.87890625,23522.87109375,22660763494,BTC-USD
2023-02-28,23521.837890625,23585.384765625,23077.650390625,23147.353515625,20535363434,BTC-USD
2023-03-01,23150.9296875,23880.6328125,23088.626953125,23646.55078125,24662841200,BTC-USD
2023-03-02,23647.01953125,23739.138671875,23245.021484375,23475.466796875,20386398516,BTC-USD
2023-03-03,23476.6328125,23479.34765625,22213.23828125,22362.6796875,26062404610,BTC-USD
2023-03-04,22362.923828125,22405.177734375,22198.98046875,22353.349609375,11166012913,BTC-USD
2023-03-05,22354.14453125,22613.685546875,22307.142578125,22435.513671875,13317001733,BTC-USD
2023-03-06,22436.81640625,22584.29296875,22331.314453125,22429.7578125,17353192895,BTC-USD
2023-03-07,22428.322265625,22527.41796875,22011.26171875,22219.76953125,22765452204,BTC-USD
2023-03-08,22216.44140625,22268.896484375,21708.05078125,21718.080078125,22536575684,BTC-USD
2023-03-09,21720.080078125,21802.716796875,20210.306640625,20363.021484375,30364664171,BTC-USD
2023-03-10,20367.001953125,20370.595703125,19628.25390625,20187.244140625,39578257695,BTC-USD
2023-03-11,20187.876953125,20792.525390625,20068.66015625,20632.41015625,30180288176,BTC-USD
2023-03-12,20628.029296875,22185.03125,20448.806640625,22163.94921875,29279035521,BTC-USD
2023-03-13,22156.40625,24550.837890625,21918.19921875,24197.533203125,49466362688,BTC-USD
2023-03-14,24201.765625,26514.716796875,24081.18359375,24746.07421875,54622230164,BTC-USD
2023-03-15,24770.92578125,25240.615234375,23964.91015625,24375.9609375,43655701450,BTC-USD
2023-03-16,24373.45703125,25190.326171875,24225.111328125,25052.7890625,33866061747,BTC-USD
2023-03-17,25055.123046875,27787.8125,24955.169921875,27423.9296875,50730261335,BTC-USD
2023-03-18,27448.1171875,27725.953125,26636.26171875,26965.87890625,35723036817,BTC-USD
2023-03-19,26969.50390625,28440.560546875,26907.716796875,28038.67578125,37769448859,BTC-USD
2023-03-20,28041.6015625,28527.724609375,27242.880859375,27767.236328125,44774027664,BTC-USD
2023-03-21,27768.392578125,28439.5625,27439.646484375,28175.81640625,36102192830,BTC-USD
2023-03-22,28158.720703125,28803.3359375,26759.99609375,27307.4375,33382021890,BTC-USD
2023-03-23,27301.95703125,28729.84375,27183.36328125,28333.97265625,24220433689,BTC-USD
2023-03-24,28324.111328125,28388.4375,27039.265625,27493.28515625,25980310960,BTC-USD
2023-03-25,27487.337890625,27791.826171875,27196.234375,27494.70703125,13383005987,BTC-USD
2023-03-26,27495.5234375,28178.14453125,27445.046875,27994.330078125,13878363192,BTC-USD
2023-03-27,27994.068359375,28037.92578125,26606.689453125,27139.888671875,18188895178,BTC-USD
2023-03-28,27132.888671875,27460.71875,26677.818359375,27268.130859375,17783600385,BTC-USD
2023-03-29,27267.03125,28619.54296875,27259.662109375,28348.44140625,20684945906,BTC-USD
2023-03-30,28350.140625,29159.90234375,27720.16015625,28033.5625,22435349951,BTC-USD
2023-03-31,28032.26171875,28639.896484375,27583.71484375,28478.484375,19001327598,BTC-USD
2023-04-01,28473.33203125,28802.45703125,28297.171875,28411.03515625,10876469901,BTC-USD
2023-04-02,28462.845703125,28518.958984375,27884.087890625,28199.30859375,12284641999,BTC-USD
2023-04-03,28183.080078125,28475.623046875,27276.720703125,27790.220703125,19556501327,BTC-USD
2023-04-04,27795.2734375,28433.7421875,27681.3046875,28168.08984375,15284538859,BTC-USD
2023-04-05,28169.7265625,28739.23828125,27843.763671875,28177.984375,17052315986,BTC-USD
2023-04-06,28175.2265625,28178.384765625,27738.759765625,28044.140625,13837809380,BTC-USD
2023-04-07,28038.966796875,28111.59375,27794.03125,27925.859375,10861680497,BTC-USD
2023-04-08,27920.513671875,28159.86328125,27883.38671875,27947.794921875,9373255556,BTC-USD
2023-04-09,27952.3671875,28532.830078125,27828.48046875,28333.05078125,12175322951,BTC-USD
2023-04-10,28336.02734375,29771.46484375,28189.271484375,29652.98046875,19282400094,BTC-USD
2023-04-11,29653.6796875,30509.083984375,29609.30078125,30235.05859375,20121259843,BTC-USD
2023-04-12,30231.58203125,30462.48046875,29725.57421875,30139.052734375,18651929926,BTC-USD
2023-04-13,29892.740234375,30539.845703125,29878.623046875,30399.06640625,17487721001,BTC-USD
2023-04-14,30409.5625,31005.607421875,30044.498046875,30485.69921875,22659995079,BTC-USD
2023-04-15,30490.75,30601.740234375,30245.8828125,30318.49609375,11940685378,BTC-USD
2023-04-16,30315.9765625,30555.537109375,30157.83203125,30315.35546875,12854816417,BTC-USD
2023-04-17,30317.146484375,30319.197265625,29275.37109375,29445.044921875,17872186762,BTC-USD
2023-04-18,29449.091796875,30470.302734375,29154.849609375,30397.552734375,19480529496,BTC-USD
2023-04-19,30394.1875,30411.0546875,28669.8984375,28822.6796875,24571565421,BTC-USD
2023-04-20,28823.68359375,29076.400390625,28037.2578125,28245.98828125,21340360360,BTC-USD
2023-04-21,28249.23046875,28349.96875,27177.365234375,27276.91015625,20759504330,BTC-USD
2023-04-22,27265.89453125,27872.142578125,27169.5703125,27817.5,13125734602,BTC-USD
2023-04-23,27816.14453125,27820.244140625,27400.314453125,27591.384765625,12785446832,BTC-USD
2023-04-24,27591.73046875,27979.982421875,27070.849609375,27525.33984375,17703288330,BTC-USD
2023-04-25,27514.873046875,28371.078125,27207.931640625,28307.59765625,17733373139,BTC-USD
2023-04-26,28300.05859375,29995.837890625,27324.548828125,28422.701171875,31854242019,BTC-USD
2023-04-27,28428.46484375,29871.546875,28402.88671875,29473.787109375,27153445027,BTC-USD
2023-04-28,29481.013671875,29572.791015625,28929.609375,29340.26171875,17544464887,BTC-USD
2023-04-29,29336.56640625,29452.455078125,29088.04296875,29248.48828125,10662634333,BTC-USD
2023-04-30,29245.515625,29952.029296875,29114.021484375,29268.806640625,14652199272,BTC-USD
2023-05-01,29227.103515625,29329.935546875,27680.79296875,28091.568359375,18655599976,BTC-USD
2023-05-02,28087.17578125,28881.298828125,27924.123046875,28680.537109375,16432924527,BTC-USD
2023-05-03,28680.494140625,29259.533203125,28178.388671875,29006.30859375,19122972518,BTC-USD
2023-05-04,29031.3046875,29353.185546875,28694.0390625,28847.7109375,15548678514,BTC-USD
2023-05-05,28851.48046875,29668.908203125,28845.509765625,29534.384765625,17936566518,BTC-USD
2023-05-06,29538.859375,29820.126953125,28468.966796875,28904.623046875,15913866714,BTC-USD
2023-05-07,28901.623046875,29157.517578125,28441.3671875,28454.978515625,11301355486,BTC-USD
2023-05-08,28450.45703125,28663.271484375,27310.134765625,27694.2734375,19122903752,BTC-USD
2023-05-09,27695.068359375,27821.400390625,27375.6015625,27658.775390625,14128593256,BTC-USD
2023-05-10,27654.63671875,28322.6875,26883.669921875,27621.755859375,20656025026,BTC-USD
2023-05-11,27621.0859375,27621.94140625,26781.826171875,27000.7890625,16724343943,BTC-USD
2023-05-12,26987.662109375,27055.646484375,25878.4296875,26804.990234375,19313599897,BTC-USD
2023-05-13,26807.76953125,27030.482421875,26710.873046875,26784.078125,9999171605,BTC-USD
2023-05-14,26788.974609375,27150.9765625,26661.35546875,26930.638671875,10014858959,BTC-USD
2023-05-15,26931.384765625,27646.34765625,26766.09765625,27192.693359375,14413231792,BTC-USD
2023-05-16,27171.513671875,27299.3046875,26878.947265625,27036.650390625,12732238816,BTC-USD
2023-05-17,27035.470703125,27465.927734375,26600.14453125,27398.802734375,15140006925,BTC-USD
2023-05-18,27401.650390625,27466.52734375,26415.1015625,26832.208984375,15222938600,BTC-USD
2023-05-19,26826.75390625,27128.619140625,26700.2109375,26890.12890625,11258983301,BTC-USD
2023-05-20,26888.841796875,27155.158203125,26843.27734375,27129.5859375,7044911360,BTC-USD
2023-05-21,27118.423828125,27265.91796875,26706.921875,26753.826171875,8647416921,BTC-USD
2023-05-22,26749.892578125,27045.734375,26549.734375,26851.27734375,11056770492,BTC-USD
2023-05-23,26855.9609375,27434.68359375,26816.1796875,27225.7265625,13697203143,BTC-USD
2023-05-24,27224.603515625,27224.603515625,26106.576171875,26334.818359375,16299104428,BTC-USD
2023-05-25,26329.4609375,26591.51953125,25890.59375,26476.20703125,13851122697,BTC-USD
2023-05-26,26474.181640625,26916.669921875,26343.94921875,26719.291015625,12711619225,BTC-USD
2023-05-27,26720.181640625,26888.8828125,26621.140625,26868.353515625,7892015141,BTC-USD
2023-05-28,26871.158203125,28193.44921875,26802.751953125,28085.646484375,14545229578,BTC-USD
2023-05-29,28075.591796875,28432.0390625,27563.876953125,27745.884765625,15181308984,BTC-USD
2023-05-30,27745.123046875,28044.759765625,27588.501953125,27702.349609375,13251081851,BTC-USD
2023-05-31,27700.529296875,27831.677734375,26866.453125,27219.658203125,15656371534,BTC-USD
2023-06-01,27218.412109375,27346.10546875,26671.720703125,26819.97265625,14678970415,BTC-USD
2023-06-02,26824.556640625,27303.861328125,26574.64453125,27249.58984375,14837415000,BTC-USD
2023-06-03,27252.32421875,27317.052734375,26958.00390625,27075.12890625,8385597470,BTC-USD
2023-06-04,27075.123046875,27407.01953125,26968.224609375,27119.06640625,9360912318,BTC-USD
2023-06-05,27123.109375,27129.982421875,25445.16796875,25760.09765625,21513292646,BTC-USD
2023-06-06,25732.109375,27313.8203125,25434.8671875,27238.783203125,21929670693,BTC-USD
2023-06-07,27235.650390625,27332.181640625,26146.98828125,26345.998046875,19530045082,BTC-USD
2023-06-08,26347.654296875,26797.513671875,26246.6640625,26508.216796875,11904824295,BTC-USD
2023-06-09,26505.923828125,26770.2890625,26339.314453125,26480.375,11015551640,BTC-USD
2023-06-10,26481.76171875,26531.044921875,25501.8359375,25851.240234375,19872933189,BTC-USD
2023-06-11,25854.03125,26203.439453125,25668.986328125,25940.16796875,10732609603,BTC-USD
2023-06-12,25934.28515625,26087.919921875,25675.197265625,25902.5,11677889997,BTC-USD
2023-06-13,25902.94140625,26376.3515625,25728.365234375,25918.728515625,14143474486,BTC-USD
2023-06-14,25920.2578125,26041.80078125,24902.15234375,25124.67578125,14265717766,BTC-USD
2023-06-15,25121.673828125,25735.30859375,24797.16796875,25576.39453125,15837384409,BTC-USD
2023-06-16,25575.283203125,26463.173828125,25245.357421875,26327.462890625,16324646965,BTC-USD
2023-06-17,26328.6796875,26769.39453125,26174.4921875,26510.67578125,11090276850,BTC-USD
2023-06-18,26510.45703125,26675.92578125,26325.890625,26336.212890625,9565695129,BTC-USD
2023-06-19,26335.44140625,26984.611328125,26312.83203125,26851.029296875,12826986222,BTC-USD
2023-06-20,26841.6640625,28388.96875,26668.791015625,28327.48828125,22211859147,BTC-USD
2023-06-21,28311.310546875,30737.330078125,28283.41015625,30027.296875,33346760979,BTC-USD
2023-06-22,29995.935546875,30495.998046875,29679.158203125,29912.28125,20653160491,BTC-USD
2023-06-23,29896.3828125,31389.5390625,29845.21484375,30695.46875,24115570085,BTC-USD
2023-06-24,30708.73828125,30804.1484375,30290.146484375,30548.6953125,12147822496,BTC-USD
2023-06-25,30545.150390625,31041.271484375,30327.943359375,30480.26171875,12703464114,BTC-USD
2023-06-26,30480.5234375,30636.029296875,29955.744140625,30271.130859375,16493186997,BTC-USD
2023-06-27,30274.3203125,31006.787109375,30236.650390625,30688.1640625,16428827944,BTC-USD
2023-06-28,30696.560546875,30703.279296875,29921.822265625,30086.24609375,14571500779,BTC-USD
2023-06-29,30086.1875,30796.25,30057.203125,30445.3515625,13180860821,BTC-USD
2023-06-30,30441.353515625,31256.86328125,29600.275390625,30477.251953125,26387306197,BTC-USD
2023-07-01,30471.84765625,30641.2890625,30328.865234375,30590.078125,9086606733,BTC-USD
2023-07-02,30587.26953125,30766.140625,30264.01953125,30620.76953125,10533418042,BTC-USD
2023-07-03,30624.515625,31375.61328125,30586.513671875,31156.439453125,15271884873,BTC-USD
2023-07-04,31156.865234375,31325.197265625,30659.35546875,30777.58203125,12810828427,BTC-USD
2023-07-05,30778.724609375,30877.330078125,30225.61328125,30514.166015625,12481622280,BTC-USD
2023-07-06,30507.150390625,31460.052734375,29892.2265625,29909.337890625,21129219509,BTC-USD
2023-07-07,29907.998046875,30434.64453125,29777.28515625,30342.265625,13384770155,BTC-USD
2023-07-08,30346.921875,30374.4375,30080.16015625,30292.541015625,7509378699,BTC-USD
2023-07-09,30291.611328125,30427.58984375,30085.591796875,30171.234375,7903327692,BTC-USD
2023-07-10,30172.423828125,31026.083984375,29985.39453125,30414.470703125,14828209155,BTC-USD
2023-07-11,30417.6328125,30788.314453125,30358.09765625,30620.951171875,12151839152,BTC-USD
2023-07-12,30622.24609375,30959.96484375,30228.8359375,30391.646484375,14805659717,BTC-USD
2023-07-13,30387.48828125,31814.515625,30268.3515625,31476.048828125,23686079548,BTC-USD
2023-07-14,31474.720703125,31582.25390625,29966.38671875,30334.068359375,20917902660,BTC-USD
2023-07-15,30331.783203125,30407.78125,30263.462890625,30295.806640625,8011667756,BTC-USD
2023-07-16,30297.47265625,30437.560546875,30089.669921875,30249.1328125,8516564470,BTC-USD
2023-07-17,30249.626953125,30336.400390625,29685.783203125,30145.888671875,13240156074,BTC-USD
2023-07-18,30147.0703125,30233.65625,29556.427734375,29856.5625,13138897269,BTC-USD
2023-07-19,29862.046875,30184.181640625,29794.26953125,29913.923828125,12128602812,BTC-USD
2023-07-20,29915.25,30195.53125,29638.095703125,29792.015625,14655207121,BTC-USD
2023-07-21,29805.111328125,30045.998046875,29733.8515625,29908.744140625,10972789818,BTC-USD
2023-07-22,29908.697265625,29991.615234375,29664.12109375,29771.802734375,7873300598,BTC-USD
2023-07-23,29790.111328125,30330.640625,29741.52734375,30084.5390625,9220145050,BTC-USD
2023-07-24,30081.662109375,30093.39453125,28934.294921875,29176.916015625,15395817395,BTC-USD
2023-07-25,29178.970703125,29353.16015625,29062.43359375,29227.390625,10266772793,BTC-USD
2023-07-26,29225.759765625,29675.552734375,29113.912109375,29354.97265625,13497554655,BTC-USD
2023-07-27,29353.798828125,29560.966796875,29099.3515625,29210.689453125,10770779217,BTC-USD
2023-07-28,29212.1640625,29521.513671875,29125.845703125,29319.24609375,11218474952,BTC-USD
2023-07-29,29319.4453125,29396.84375,29264.166015625,29356.91796875,6481775959,BTC-USD
2023-07-30,29357.09375,29443.169921875,29059.501953125,29275.30859375,8678454527,BTC-USD
2023-07-31,29278.314453125,29489.873046875,29131.578125,29230.111328125,11656781982,BTC-USD
2023-08-01,29230.873046875,29675.732421875,28657.0234375,29675.732421875,18272392391,BTC-USD
2023-08-02,29704.146484375,29987.998046875,28946.509765625,29151.958984375,19212655598,BTC-USD
2023-08-03,29161.8125,29375.70703125,28959.48828125,29178.6796875,12780357746,BTC-USD
2023-08-04,29174.3828125,29302.078125,28885.3359375,29074.091796875,12036639988,BTC-USD
2023-08-05,29075.388671875,29102.46484375,28957.796875,29042.126953125,6598366353,BTC-USD
2023-08-06,29043.701171875,29160.822265625,28963.833984375,29041.85546875,7269806994,BTC-USD
2023-08-07,29038.513671875,29244.28125,28724.140625,29180.578125,13618163710,BTC-USD
2023-08-08,29180.01953125,30176.796875,29113.814453125,29765.4921875,17570561357,BTC-USD
2023-08-09,29766.6953125,30093.435546875,29376.80078125,29561.494140625,18379521213,BTC-USD
2023-08-10,29563.97265625,29688.564453125,29354.447265625,29429.591796875,11865344789,BTC-USD
2023-08-11,29424.90234375,29517.7734375,29253.517578125,29397.71484375,10195168197,BTC-USD
2023-08-12,29399.787109375,29465.11328125,29357.587890625,29415.96484375,6194358008,BTC-USD
2023-08-13,29416.59375,29441.43359375,29265.806640625,29282.9140625,7329897180,BTC-USD
2023-08-14,29283.263671875,29660.25390625,29124.10546875,29408.443359375,14013695304,BTC-USD
2023-08-15,29408.048828125,29439.12109375,29088.853515625,29170.34765625,12640195779,BTC-USD
2023-08-16,29169.07421875,29221.9765625,28701.779296875,28701.779296875,14949271904,BTC-USD
2023-08-17,28699.802734375,28745.947265625,25409.111328125,26664.55078125,31120851211,BTC-USD
2023-08-18,26636.078125,26808.1953125,25668.921875,26049.556640625,24026236529,BTC-USD
2023-08-19,26047.83203125,26249.44921875,25802.408203125,26096.205078125,10631443812,BTC-USD
2023-08-20,26096.861328125,26260.681640625,26004.314453125,26189.583984375,9036580420,BTC-USD
2023-08-21,26188.69140625,26220.201171875,25846.087890625,26124.140625,13371557893,BTC-USD
2023-08-22,26130.748046875,26135.5078125,25520.728515625,26031.65625,14503820706,BTC-USD
2023-08-23,26040.474609375,26786.8984375,25804.998046875,26431.640625,16985265785,BTC-USD
2023-08-24,26431.51953125,26554.91015625,25914.92578125,26162.373046875,12871532023,BTC-USD
2023-08-25,26163.6796875,26248.103515625,25786.8125,26047.66796875,12406045118,BTC-USD
2023-08-26,26047.234375,26107.384765625,25983.87890625,26008.462890625,6034817316,BTC-USD
2023-08-27,26008.2421875,26165.373046875,25965.09765625,26089.693359375,6913768611,BTC-USD
2023-08-28,26089.615234375,26198.578125,25880.599609375,26106.150390625,11002805166,BTC-USD
2023-08-29,26102.486328125,28089.337890625,25912.62890625,27727.392578125,29368391712,BTC-USD
2023-08-30,27726.083984375,27760.16015625,27069.20703125,27297.265625,16343655235,BTC-USD
2023-08-31,27301.9296875,27456.078125,25752.9296875,25931.47265625,20181001451,BTC-USD
2023-09-01,25934.021484375,26125.869140625,25362.609375,25800.724609375,17202862221,BTC-USD
2023-09-02,25800.91015625,25970.28515625,25753.09375,25868.798828125,10100387473,BTC-USD
2023-09-03,25869.47265625,26087.1484375,25817.03125,25969.56640625,8962524523,BTC-USD
2023-09-04,25968.169921875,26081.525390625,25657.025390625,25812.416015625,10680635106,BTC-USD
2023-09-05,25814.95703125,25858.375,25589.98828125,25779.982421875,11094740040,BTC-USD
2023-09-06,25783.931640625,25953.015625,25404.359375,25753.236328125,12752705327,BTC-USD
2023-09-07,25748.3125,26409.302734375,25608.201171875,26240.1953125,11088307100,BTC-USD
2023-09-08,26245.208984375,26414.005859375,25677.48046875,25905.654296875,10817356400,BTC-USD
2023-09-09,25905.42578125,25921.9765625,25810.494140625,25895.677734375,5481314132,BTC-USD
2023-09-10,25895.2109375,25978.130859375,25640.26171875,25832.2265625,7899553047,BTC-USD
2023-09-11,25831.71484375,25883.947265625,24930.296875,25162.654296875,14600006467,BTC-USD
2023-09-12,25160.658203125,26451.939453125,25133.078125,25833.34375,18657279324,BTC-USD
2023-09-13,25837.5546875,26376.11328125,25781.123046875,26228.32421875,13072077070,BTC-USD
2023-09-14,26228.27734375,26774.623046875,26171.451171875,26539.673828125,13811359124,BTC-USD
2023-09-15,26533.818359375,26840.498046875,26240.701171875,26608.693359375,11479735788,BTC-USD
2023-09-16,26606.19921875,26754.76953125,26473.890625,26568.28125,7402031417,BTC-USD
2023-09-17,26567.927734375,26617.998046875,26445.07421875,26534.1875,6774210670,BTC-USD
2023-09-18,26532.994140625,27414.734375,26415.515625,26754.28125,15615339655,BTC-USD
2023-09-19,26760.8515625,27488.763671875,26681.60546875,27211.1171875,13807690550,BTC-USD
2023-09-20,27210.228515625,27379.505859375,26864.08203125,27132.0078125,13281116604,BTC-USD
2023-09-21,27129.83984375,27152.939453125,26389.30078125,26567.6328125,13371443708,BTC-USD
2023-09-22,26564.056640625,26726.078125,26495.533203125,26579.568359375,10578746709,BTC-USD
2023-09-23,26578.556640625,26634.185546875,26520.51953125,26579.390625,7404700301,BTC-USD
2023-09-24,26579.373046875,26716.05859375,26221.05078125,26256.826171875,8192867686,BTC-USD
2023-09-25,26253.775390625,26421.5078125,26011.46875,26298.48046875,11997833257,BTC-USD
2023-09-26,26294.7578125,26389.884765625,26090.712890625,26217.25,9985498161,BTC-USD
2023-09-27,26209.498046875,26817.841796875,26111.46484375,26352.716796875,11718380997,BTC-USD
2023-09-28,26355.8125,27259.5,26327.322265625,27021.546875,14079002707,BTC-USD
2023-09-29,27024.841796875,27225.9375,26721.763671875,26911.720703125,10396435377,BTC-USD
2023-09-30,26911.689453125,27091.794921875,26888.96875,26967.916015625,5331172801,BTC-USD
2023-10-01,26967.396484375,28047.23828125,26965.09375,27983.75,9503917434,BTC-USD
2023-10-02,27976.798828125,28494.458984375,27347.787109375,27530.78515625,19793041322,BTC-USD
2023-10-03,27508.251953125,27667.19140625,27216.001953125,27429.978515625,11407814187,BTC-USD
2023-10-04,27429.07421875,27826.658203125,27248.10546875,27799.39453125,11143355314,BTC-USD
2023-10-05,27798.646484375,28091.861328125,27375.6015625,27415.912109375,11877253670,BTC-USD
2023-10-06,27412.123046875,28252.537109375,27215.552734375,27946.59765625,13492391599,BTC-USD
2023-10-07,27946.78125,28028.091796875,27870.423828125,27968.83984375,6553044316,BTC-USD
2023-10-08,27971.677734375,28102.169921875,27740.662109375,27935.08984375,7916875290,BTC-USD
2023-10-09,27934.47265625,27989.470703125,27302.5625,27583.677734375,12007668568,BTC-USD
2023-10-10,27589.201171875,27715.84765625,27301.654296875,27391.01953125,9973350678,BTC-USD
2023-10-11,27392.076171875,27474.115234375,26561.099609375,26873.3203125,13648094333,BTC-USD
2023-10-12,26873.29296875,26921.439453125,26558.3203125,26756.798828125,9392909295,BTC-USD
2023-10-13,26752.87890625,27092.697265625,26686.322265625,26862.375,15165312851,BTC-USD
2023-10-14,26866.203125,26969.0,26814.5859375,26861.70703125,5388116782,BTC-USD
2023-10-15,26858.01171875,27289.169921875,26817.89453125,27159.65234375,7098201980,BTC-USD
2023-10-16,27162.62890625,29448.138671875,27130.47265625,28519.466796875,27833876539,BTC-USD
2023-10-17,28522.09765625,28618.751953125,28110.185546875,28415.748046875,14872527508,BTC-USD
2023-10-18,28413.53125,28889.009765625,28174.251953125,28328.341796875,12724128586,BTC-USD
2023-10-19,28332.416015625,28892.474609375,28177.98828125,28719.806640625,14448058195,BTC-USD
2023-10-20,28732.8125,30104.0859375,28601.669921875,29682.94921875,21536125230,BTC-USD
2023-10-21,29683.380859375,30287.482421875,29481.751953125,29918.412109375,11541146996,BTC-USD
2023-10-22,29918.654296875,30199.43359375,29720.3125,29993.896484375,10446520040,BTC-USD
2023-10-23,30140.685546875,34370.4375,30097.828125,33086.234375,38363572311,BTC-USD
2023-10-24,33077.3046875,35150.43359375,32880.76171875,33901.52734375,44934999645,BTC-USD
2023-10-25,33916.04296875,35133.7578125,33709.109375,34502.8203125,25254318008,BTC-USD
2023-10-26,34504.2890625,34832.91015625,33762.32421875,34156.6484375,19427195376,BTC-USD
2023-10-27,34156.5,34238.2109375,33416.88671875,33909.80078125,16418032871,BTC-USD
2023-10-28,33907.72265625,34399.390625,33874.8046875,34089.57421875,10160330825,BTC-USD
2023-10-29,34089.37109375,34743.26171875,33947.56640625,34538.48046875,11160323986,BTC-USD
2023-10-30,34531.7421875,34843.93359375,34110.97265625,34502.36328125,17184860315,BTC-USD
2023-10-31,34500.078125,34719.25390625,34083.30859375,34667.78125,15758270810,BTC-USD
2023-11-01,34657.2734375,35527.9296875,34170.69140625,35437.25390625,22446272005,BTC-USD
2023-11-02,35441.578125,35919.84375,34401.57421875,34938.2421875,20998158544,BTC-USD
2023-11-03,34942.47265625,34942.47265625,34133.44140625,34732.32421875,17158456701,BTC-USD
2023-11-04,34736.32421875,35256.03125,34616.69140625,35082.1953125,9561294264,BTC-USD
2023-11-05,35090.01171875,35340.33984375,34594.2421875,35049.35546875,12412743996,BTC-USD
2023-11-06,35044.7890625,35286.02734375,34765.36328125,35037.37109375,12693436420,BTC-USD
2023-11-07,35047.79296875,35892.41796875,34545.81640625,35443.5625,18834737789,BTC-USD
2023-11-08,35419.4765625,35994.41796875,35147.80078125,35655.27734375,17295394918,BTC-USD
2023-11-09,35633.6328125,37926.2578125,35592.1015625,36693.125,37762672382,BTC-USD
2023-11-10,36702.25,37493.80078125,36362.75390625,37313.96875,22711265155,BTC-USD
2023-11-11,37310.0703125,37407.09375,36773.66796875,37138.05078125,13924272142,BTC-USD
2023-11-12,37133.9921875,37227.69140625,36779.1171875,37054.51953125,11545715999,BTC-USD
2023-11-13,37070.3046875,37405.1171875,36399.60546875,36502.35546875,19057712790,BTC-USD
2023-11-14,36491.7890625,36753.3515625,34948.5,35537.640625,23857403554,BTC-USD
2023-11-15,35548.11328125,37964.89453125,35383.78125,37880.58203125,27365821679,BTC-USD
2023-11-16,37879.98046875,37934.625,35545.47265625,36154.76953125,26007385366,BTC-USD
2023-11-17,36164.82421875,36704.484375,35901.234375,36596.68359375,22445028430,BTC-USD
2023-11-18,36625.37109375,36839.28125,36233.3125,36585.703125,11886022717,BTC-USD
2023-11-19,36585.765625,37509.35546875,36414.59765625,37386.546875,12915986553,BTC-USD
2023-11-20,37374.07421875,37756.8203125,36882.53125,37476.95703125,20888209068,BTC-USD
2023-11-21,37469.16015625,37631.140625,35813.8125,35813.8125,25172163756,BTC-USD
2023-11-22,35756.5546875,37856.98046875,35670.97265625,37432.33984375,24397247860,BTC-USD
2023-11-23,37420.43359375,37643.91796875,36923.86328125,37289.62109375,14214948217,BTC-USD
2023-11-24,37296.31640625,38415.33984375,37261.60546875,37720.28125,22922957823,BTC-USD
2023-11-25,37721.4140625,37892.4296875,37617.41796875,37796.79296875,9099571165,BTC-USD
2023-11-26,37796.828125,37820.30078125,37162.75,37479.12109375,13744796068,BTC-USD
2023-11-27,37454.19140625,37559.35546875,36750.12890625,37254.16796875,19002925720,BTC-USD
2023-11-28,37247.9921875,38368.48046875,36891.08984375,37831.0859375,21696137014,BTC-USD
2023-11-29,37826.10546875,38366.11328125,37612.6328125,37858.4921875,20728546658,BTC-USD
2023-11-30,37861.1171875,38141.75390625,37531.140625,37712.74609375,18115982627,BTC-USD
2023-12-01,37718.0078125,38954.109375,37629.359375,38688.75,23512784002,BTC-USD
2023-12-02,38689.27734375,39678.9375,38652.59375,39476.33203125,15534035612,BTC-USD
2023-12-03,39472.20703125,40135.60546875,39298.1640625,39978.390625,15769696322,BTC-USD
2023-12-04,39978.62890625,42371.75,39978.62890625,41980.09765625,39856129827,BTC-USD
2023-12-05,41986.265625,44408.6640625,41421.1484375,44080.6484375,36312154535,BTC-USD
2023-12-06,44080.0234375,44265.76953125,43478.08203125,43746.4453125,29909761586,BTC-USD
2023-12-07,43769.1328125,44042.58984375,42880.6484375,43292.6640625,27635760671,BTC-USD
2023-12-08,43293.13671875,44705.515625,43125.296875,44166.6015625,24421116687,BTC-USD
2023-12-09,44180.01953125,44361.2578125,43627.59765625,43725.984375,17368210171,BTC-USD
2023-12-10,43728.3828125,44034.625,43593.28515625,43779.69921875,13000481418,BTC-USD
2023-12-11,43792.01953125,43808.375,40234.578125,41243.83203125,40632672038,BTC-USD
2023-12-12,41238.734375,42048.3046875,40667.5625,41450.22265625,24779520132,BTC-USD
2023-12-13,41468.46484375,43429.78125,40676.8671875,42890.7421875,26797884674,BTC-USD
2023-12-14,42884.26171875,43390.859375,41767.08984375,43023.97265625,25578530178,BTC-USD
2023-12-15,43028.25,43087.82421875,41692.96875,41929.7578125,19639442462,BTC-USD
2023-12-16,41937.7421875,42664.9453125,41723.11328125,42240.1171875,14386729590,BTC-USD
2023-12-17,42236.109375,42359.49609375,41274.54296875,41364.6640625,16678702876,BTC-USD
2023-12-18,41348.203125,42720.296875,40530.2578125,42623.5390625,25224642008,BTC-USD
2023-12-19,42641.51171875,43354.296875,41826.3359375,42270.52734375,23171001281,BTC-USD
2023-12-20,42261.30078125,44275.5859375,42223.81640625,43652.25,27868908174,BTC-USD
2023-12-21,43648.125,44240.66796875,43330.05078125,43869.15234375,22452766169,BTC-USD
2023-12-22,43868.98828125,44367.95703125,43441.96875,43997.90234375,21028503216,BTC-USD
2023-12-23,44012.19921875,44015.69921875,43351.35546875,43739.54296875,13507796558,BTC-USD
2023-12-24,43728.3671875,43945.5234375,42786.91796875,43016.1171875,18830554085,BTC-USD
2023-12-25,43010.57421875,43765.09375,42765.76953125,43613.140625,21115795370,BTC-USD
2023-12-26,43599.84765625,43603.17578125,41676.48828125,42520.40234375,30026850982,BTC-USD
2023-12-27,42518.46875,43683.16015625,42167.58203125,43442.85546875,25260941032,BTC-USD
2023-12-28,43468.19921875,43804.78125,42318.55078125,42627.85546875,22992093014,BTC-USD
2023-12-29,42614.64453125,43124.32421875,41424.0625,42099.40234375,26000021055,BTC-USD
2023-12-30,42091.75390625,42584.125,41556.2265625,42156.90234375,16013925945,BTC-USD
2023-12-31,42152.09765625,42860.9375,41998.25390625,42265.1875,16397498810,BTC-USD
2024-01-01,42280.234375,44175.4375,42214.9765625,44167.33203125,18426978443,BTC-USD
2024-01-02,44187.140625,45899.70703125,44176.94921875,44957.96875,39335274536,BTC-USD
2024-01-03,44961.6015625,45503.2421875,40813.53515625,42848.17578125,46342323118,BTC-USD
2024-01-04,42855.81640625,44770.0234375,42675.17578125,44179.921875,30448091210,BTC-USD
2024-01-05,44192.98046875,44353.28515625,42784.71875,44162.69140625,32336029347,BTC-USD
2024-01-06,44178.953125,44227.6328125,43475.15625,43989.1953125,16092503468,BTC-USD
2024-01-07,43998.46484375,44495.5703125,43662.23046875,43943.09765625,19330573863,BTC-USD
2024-01-08,43948.70703125,47218.0,43244.08203125,46970.50390625,42746192015,BTC-USD
2024-01-09,46987.640625,47893.69921875,45244.71484375,46139.73046875,39821290992,BTC-USD
2024-01-10,46121.5390625,47647.22265625,44483.15234375,46627.77734375,50114613298,BTC-USD
2024-01-11,46656.07421875,48969.37109375,45678.64453125,46368.5859375,45833734549,BTC-USD
2024-01-12,46354.79296875,46498.13671875,41903.76953125,42853.16796875,43332698900,BTC-USD
2024-01-13,42799.4453125,43234.66015625,42464.14453125,42842.3828125,20601860469,BTC-USD
2024-01-14,42842.26171875,43065.59765625,41724.61328125,41796.26953125,17521429522,BTC-USD
2024-01-15,41715.06640625,43319.72265625,41705.41796875,42511.96875,22320220558,BTC-USD
2024-01-16,42499.3359375,43566.2734375,42085.99609375,43154.9453125,24062872740,BTC-USD
2024-01-17,43132.1015625,43189.890625,42189.30859375,42742.65234375,20851232595,BTC-USD
2024-01-18,42742.3125,42876.34765625,40631.171875,41262.05859375,25218357242,BTC-USD
2024-01-19,41278.4609375,42134.16015625,40297.45703125,41618.40625,25752407154,BTC-USD
2024-01-20,41624.58984375,41877.89453125,41446.82421875,41665.5859375,11586690904,BTC-USD
2024-01-21,41671.48828125,41855.3671875,41497.0078125,41545.78515625,9344043642,BTC-USD
2024-01-22,41553.65234375,41651.20703125,39450.1171875,39507.3671875,31338708143,BTC-USD
2024-01-23,39518.71484375,40127.3515625,38521.89453125,39845.55078125,29244553045,BTC-USD
2024-01-24,39877.59375,40483.78515625,39508.796875,40077.07421875,22359526178,BTC-USD
2024-01-25,40075.55078125,40254.48046875,39545.6640625,39933.80859375,18491782013,BTC-USD
2024-01-26,39936.81640625,42209.38671875,39825.69140625,41816.87109375,25598119893,BTC-USD
2024-01-27,41815.625,42195.6328125,41431.28125,42120.0546875,11422941934,BTC-USD
2024-01-28,42126.125,42797.17578125,41696.91015625,42035.59375,16858971687,BTC-USD
2024-01-29,42030.9140625,43305.8671875,41818.33203125,43288.24609375,20668476578,BTC-USD
2024-01-30,43300.2265625,43838.9453125,42711.37109375,42952.609375,23842814518,BTC-USD
2024-01-31,42946.25,43717.40625,42298.9453125,42582.60546875,24673628793,BTC-USD
2024-02-01,42569.76171875,43243.16796875,41879.19140625,43075.7734375,21423953779,BTC-USD
2024-02-02,43077.640625,43422.48828125,42584.3359375,43185.859375,18603843039,BTC-USD
2024-02-03,43184.96484375,43359.94140625,42890.80859375,42992.25,11169245236,BTC-USD
2024-02-04,42994.94140625,43097.64453125,42374.83203125,42583.58203125,14802225490,BTC-USD
2024-02-05,42577.62109375,43494.25,42264.81640625,42658.66796875,18715487317,BTC-USD
2024-02-06,42657.390625,43344.1484375,42529.01953125,43084.671875,16798476726,BTC-USD
2024-02-07,43090.01953125,44341.94921875,42775.95703125,44318.22265625,21126587775,BTC-USD
2024-02-08,44332.125,45575.83984375,44332.125,45301.56640625,26154524080,BTC-USD
2024-02-09,45297.3828125,48152.49609375,45260.82421875,47147.19921875,39316770844,BTC-USD
2024-02-10,47153.52734375,48146.171875,46905.3203125,47771.27734375,16398681570,BTC-USD
2024-02-11,47768.96875,48535.9375,47617.40625,48293.91796875,19315867136,BTC-USD
2024-02-12,48296.38671875,50280.4765625,47745.76171875,49958.22265625,34511985805,BTC-USD
2024-02-13,49941.359375,50358.390625,48406.49609375,49742.44140625,35593051468,BTC-USD
2024-02-14,49733.4453125,52021.37109375,49296.83203125,51826.6953125,39105608050,BTC-USD
2024-02-15,51836.78515625,52820.06640625,51371.62890625,51938.5546875,38564360533,BTC-USD
2024-02-16,51937.7265625,52537.96875,51641.3671875,52160.203125,28180567298,BTC-USD
2024-02-17,52161.67578125,52191.9140625,50669.66796875,51662.99609375,20009091006,BTC-USD
2024-02-18,51661.96875,52356.96484375,51233.70703125,52122.546875,17595377311,BTC-USD
2024-02-19,52134.8125,52483.32421875,51711.8203125,51779.14453125,21362184346,BTC-USD
2024-02-20,51777.7265625,52945.05078125,50792.3125,52284.875,33353758256,BTC-USD
2024-02-21,52273.53515625,52368.81640625,50671.7578125,51839.1796875,28624907020,BTC-USD
2024-02-22,51854.64453125,52009.61328125,50926.29296875,51304.97265625,25413900611,BTC-USD
2024-02-23,51283.90625,51497.93359375,50561.77734375,50731.94921875,21427078270,BTC-USD
2024-02-24,50736.37109375,51684.1953125,50585.4453125,51571.1015625,15174077879,BTC-USD
2024-02-25,51565.21484375,51950.02734375,51306.171875,51733.23828125,15413239245,BTC-USD
2024-02-26,51730.5390625,54938.17578125,50931.03125,54522.40234375,34074411896,BTC-USD
2024-02-27,54519.36328125,57537.83984375,54484.19921875,57085.37109375,49756832031,BTC-USD
2024-02-28,57071.09765625,63913.1328125,56738.42578125,62504.7890625,83239156760,BTC-USD
2024-02-29,62499.18359375,63585.64453125,60498.73046875,61198.3828125,65496611844,BTC-USD
2024-03-01,61168.0625,63155.1015625,60802.52734375,62440.6328125,40186368423,BTC-USD
2024-03-02,62431.65234375,62458.69921875,61657.2890625,62029.84765625,23888473685,BTC-USD
2024-03-03,62031.578125,63230.2109375,61435.0234375,63167.37109375,26253811450,BTC-USD
2024-03-04,63137.00390625,68537.03125,62386.51953125,68330.4140625,70670471105,BTC-USD
2024-03-05,68341.0546875,69170.625,59323.91015625,63801.19921875,102802940877,BTC-USD
2024-03-06,63776.05078125,67637.9296875,62848.671875,66106.8046875,68750229073,BTC-USD
2024-03-07,66099.7421875,68029.921875,65655.53125,66925.484375,46989543159,BTC-USD
2024-03-08,66938.09375,70083.0546875,66230.453125,68300.09375,59202881172,BTC-USD
2024-03-09,68299.2578125,68673.0546875,68053.125,68498.8828125,21609650379,BTC-USD
2024-03-10,68500.2578125,70005.203125,68239.9765625,69019.7890625,35683977532,BTC-USD
2024-03-11,69020.546875,72850.7109375,67194.8828125,72123.90625,65716656765,BTC-USD
2024-03-12,72125.125,72825.65625,68728.8515625,71481.2890625,62554434520,BTC-USD
2024-03-13,71482.1171875,73637.4765625,71334.09375,73083.5,48212536929,BTC-USD
2024-03-14,73079.375,73750.0703125,68563.0234375,71396.59375,59594605698,BTC-USD
2024-03-15,71387.875,72357.1328125,65630.6953125,69403.7734375,78320453976,BTC-USD
2024-03-16,69392.484375,70046.2734375,64801.39453125,65315.1171875,46842198371,BTC-USD
2024-03-17,65316.34375,68845.71875,64545.31640625,68390.625,44716864318,BTC-USD
2024-03-18,68371.3046875,68897.1328125,66594.2265625,67548.59375,49261579492,BTC-USD
2024-03-19,67556.1328125,68106.9296875,61536.1796875,61912.7734375,74215844794,BTC-USD
2024-03-20,61930.15625,68115.2578125,60807.78515625,67913.671875,66792634382,BTC-USD
2024-03-21,67911.5859375,68199.9921875,64580.91796875,65491.390625,44480350565,BTC-USD
2024-03-22,65489.9296875,66623.75,62355.37109375,63778.76171875,41401116964,BTC-USD
2024-03-23,63802.72265625,65976.3984375,63038.4921875,64062.203125,24738964812,BTC-USD
2024-03-24,64070.75390625,67622.7578125,63825.8515625,67234.171875,27206630673,BTC-USD
2024-03-25,67234.09375,71162.59375,66414.8359375,69958.8125,42700139523,BTC-USD
2024-03-26,69931.328125,71535.7421875,69335.609375,69987.8359375,36010437368,BTC-USD
2024-03-27,69991.8984375,71727.6875,68381.9296875,69455.34375,40827113309,BTC-USD
2024-03-28,69452.7734375,71546.0234375,68895.5078125,70744.953125,34374900617,BTC-USD
2024-03-29,70744.796875,70913.09375,69076.65625,69892.828125,25230851763,BTC-USD
2024-03-30,69893.4453125,70355.4921875,69601.0625,69645.3046875,17130241883,BTC-USD
2024-03-31,69647.78125,71377.78125,69624.8671875,71333.6484375,20050941373,BTC-USD
2024-04-01,71333.484375,71342.09375,68110.6953125,69702.1484375,34873527352,BTC-USD
2024-04-02,69705.0234375,69708.3828125,64586.59375,65446.97265625,50705240709,BTC-USD
2024-04-03,65446.671875,66914.3203125,64559.8984375,65980.8125,34488018367,BTC-USD
2024-04-04,65975.6953125,69291.2578125,65113.796875,68508.84375,34439527442,BTC-USD
2024-04-05,68515.7578125,68725.7578125,66011.4765625,67837.640625,33748230056,BTC-USD
2024-04-06,67840.5703125,69629.6015625,67491.71875,68896.109375,19967785809,BTC-USD
2024-04-07,68897.109375,70284.4296875,68851.6328125,69362.5546875,21204930369,BTC-USD
2024-04-08,69362.5546875,72715.359375,69064.2421875,71631.359375,37261432669,BTC-USD
2024-04-09,71632.5,71742.5078125,68212.921875,69139.015625,36426900409,BTC-USD
2024-04-10,69140.2421875,71093.4296875,67503.5625,70587.8828125,38318601774,BTC-USD
2024-04-11,70575.734375,71256.234375,69571.8125,70060.609375,30153382941,BTC-USD
2024-04-12,70061.3828125,71222.7421875,65254.8359375,67195.8671875,44129299406,BTC-USD
2024-04-13,67188.375,67931.4296875,60919.10546875,63821.47265625,52869738185,BTC-USD
2024-04-14,63836.23046875,65824.4296875,62205.8515625,65738.7265625,49084320047,BTC-USD
2024-04-15,65739.6484375,66878.6484375,62332.0703125,63426.2109375,43595917654,BTC-USD
2024-04-16,63419.296875,64355.66796875,61716.40234375,63811.86328125,42847528078,BTC-USD
2024-04-17,63831.84765625,64486.36328125,59768.5859375,61276.69140625,41915247049,BTC-USD
2024-04-18,61275.31640625,64125.6875,60833.48046875,63512.75390625,36006307335,BTC-USD
2024-04-19,63510.75,65481.59765625,59651.390625,63843.5703125,49920425401,BTC-USD
2024-04-20,63851.1015625,65442.45703125,63172.40234375,64994.44140625,23097485495,BTC-USD
2024-04-21,64992.81640625,65723.2421875,64277.72265625,64926.64453125,20506644853,BTC-USD
2024-04-22,64935.6328125,67233.9609375,64548.1796875,66837.6796875,28282686673,BTC-USD
2024-04-23,66839.890625,67199.2421875,65864.8671875,66407.2734375,24310975583,BTC-USD
2024-04-24,66408.71875,67075.3671875,63589.87109375,64276.8984375,30276655120,BTC-USD
2024-04-25,64275.01953125,65275.20703125,62783.6328125,64481.70703125,32155786816,BTC-USD
2024-04-26,64485.37109375,64789.65625,63322.3984375,63755.3203125,24139372950,BTC-USD
2024-04-27,63750.98828125,63898.36328125,62424.71875,63419.140625,19530783039,BTC-USD
2024-04-28,63423.515625,64321.484375,62793.59765625,63113.23046875,17334827993,BTC-USD
2024-04-29,63106.36328125,64174.87890625,61795.45703125,63841.12109375,26635912073,BTC-USD
2024-04-30,63839.41796875,64703.33203125,59120.06640625,60636.85546875,37840840057,BTC-USD
2024-05-01,60609.49609375,60780.5,56555.29296875,58254.01171875,48439780271,BTC-USD
2024-05-02,58253.703125,59602.296875,56937.203125,59123.43359375,32711813559,BTC-USD
2024-05-03,59122.30078125,63320.50390625,58848.3125,62889.8359375,33172023048,BTC-USD
2024-05-04,62891.03125,64494.95703125,62599.3515625,63891.47265625,20620477992,BTC-USD
2024-05-05,63892.453125,64610.890625,62955.3046875,64031.1328125,18296164805,BTC-USD
2024-05-06,64038.3125,65494.90234375,62746.23828125,63161.94921875,28697928697,BTC-USD
2024-05-07,63162.76171875,64390.45703125,62285.98046875,62334.81640625,25930730982,BTC-USD
2024-05-08,62332.640625,62986.0859375,60877.12890625,61187.94140625,26088172222,BTC-USD
2024-05-09,61191.19921875,63404.9140625,60648.07421875,63049.9609375,25453338161,BTC-USD
2024-05-10,63055.19140625,63446.7421875,60208.78125,60792.77734375,27804954694,BTC-USD
2024-05-11,60793.35546875,61451.15234375,60492.625,60793.7109375,13842272968,BTC-USD
2024-05-12,60793.50390625,61818.15625,60632.6015625,61448.39453125,13800459405,BTC-USD
2024-05-13,61451.21875,63422.66015625,60769.83984375,62901.44921875,27889181179,BTC-USD
2024-05-14,62900.7734375,63092.125,61123.765625,61552.7890625,28186271527,BTC-USD
2024-05-15,61553.98828125,66454.453125,61330.41015625,66267.4921875,39815167074,BTC-USD
2024-05-16,66256.109375,66712.4296875,64613.0546875,65231.58203125,31573077994,BTC-USD
2024-05-17,65231.296875,67459.4609375,65119.31640625,67051.875,28031279310,BTC-USD
2024-05-18,67066.2109375,67387.328125,66663.5,66940.8046875,16712277406,BTC-USD
2024-05-19,66937.9296875,67694.296875,65937.1796875,66278.3671875,19249094538,BTC-USD
2024-05-20,66278.7421875,71483.5625,66086.171875,71448.1953125,43850655717,BTC-USD
2024-05-21,71443.0625,71946.4609375,69191.125,70136.53125,46932005990,BTC-USD
2024-05-22,70135.3203125,70623.6953125,68977.6953125,69122.3359375,32802561717,BTC-USD
2024-05-23,69121.3046875,70041.2734375,66356.953125,67929.5625,41895680979,BTC-USD
2024-05-24,67928.1328125,69220.296875,66622.671875,68526.1015625,29197308153,BTC-USD
2024-05-25,68526.921875,69579.3203125,68515.8203125,69265.9453125,15473071741,BTC-USD
2024-05-26,69264.2890625,69506.2265625,68183.890625,68518.09375,15628433737,BTC-USD
2024-05-27,68512.1796875,70597.8828125,68232.5,69394.5546875,25870990717,BTC-USD
2024-05-28,69392.1953125,69514.640625,67227.15625,68296.21875,32722265965,BTC-USD
2024-05-29,68296.3515625,68852.4609375,67101.4921875,67578.09375,26707072906,BTC-USD
2024-05-30,67576.0859375,69500.5390625,67118.078125,68364.9921875,29509712534,BTC-USD
2024-05-31,68362.515625,68999.5625,66633.421875,67491.4140625,27387283769,BTC-USD
2024-06-01,67489.609375,67839.765625,67386.1953125,67706.9375,11641495604,BTC-USD
2024-06-02,67710.2734375,68409.1640625,67315.5234375,67751.6015625,17110588415,BTC-USD
2024-06-03,67753.8984375,70230.8203125,67589.8359375,68804.78125,32401285324,BTC-USD
2024-06-04,68804.5703125,71047.40625,68564.640625,70567.765625,33149696545,BTC-USD
2024-06-05,70568.3515625,71735.4140625,70390.7109375,71082.8203125,32810771409,BTC-USD
2024-06-06,71082.84375,71625.734375,70119.125,70757.1640625,25223152007,BTC-USD
2024-06-07,70759.1875,71907.8515625,68507.2578125,69342.5859375,36188381096,BTC-USD
2024-06-08,69324.1796875,69533.3203125,69210.7421875,69305.7734375,14262185861,BTC-USD
2024-06-09,69297.4921875,69817.5234375,69160.84375,69647.9921875,13534028500,BTC-USD
2024-06-10,69644.3125,70146.0703125,69232.421875,69512.28125,20597699541,BTC-USD
2024-06-11,69508.078125,69549.4140625,66123.6015625,67332.03125,37116136345,BTC-USD
2024-06-12,67321.375,69977.890625,66902.453125,68241.1875,34497940694,BTC-USD
2024-06-13,68243.1015625,68365.78125,66304.5625,66756.3984375,28955204146,BTC-USD
2024-06-14,66747.5703125,67294.6484375,65056.89453125,66011.09375,27403884779,BTC-USD
2024-06-15,66006.7421875,66402.1875,65871.7734375,66191.0,14121265576,BTC-USD
2024-06-16,66189.359375,66894.84375,66018.25,66639.046875,13281140541,BTC-USD
2024-06-17,66636.515625,67188.3203125,65094.96484375,66490.296875,30006354476,BTC-USD
2024-06-18,66490.9765625,66556.703125,64066.95703125,65140.74609375,39481285950,BTC-USD
2024-06-19,65146.66015625,65695.3515625,64693.30078125,64960.296875,21103423504,BTC-USD
2024-06-20,64960.296875,66438.9609375,64547.84765625,64828.65625,25641109124,BTC-USD
2024-06-21,64837.98828125,65007.546875,63378.89453125,64096.19921875,26188171739,BTC-USD
2024-06-22,64113.86328125,64475.46875,63929.7578125,64252.578125,9858198793,BTC-USD
2024-06-23,64248.96484375,64491.703125,63180.796875,63180.796875,11170471802,BTC-USD
2024-06-24,63173.3515625,63292.52734375,58601.69921875,60277.4140625,43152133651,BTC-USD
2024-06-25,60266.28125,62258.26171875,60239.75,61804.640625,29201215431,BTC-USD
2024-06-26,61789.67578125,62434.13671875,60695.1875,60811.27734375,22506003064,BTC-USD
2024-06-27,60811.2265625,62293.86328125,60585.33203125,61604.80078125,21231745045,BTC-USD
2024-06-28,61612.8046875,62126.09765625,59985.40234375,60320.13671875,24952866877,BTC-USD
2024-06-29,60319.875,61097.62109375,60300.96484375,60887.37890625,12652903396,BTC-USD
2024-06-30,60888.4453125,62892.828125,60632.94921875,62678.29296875,17333226409,BTC-USD
2024-07-01,62673.60546875,63777.2265625,62495.51171875,62851.98046875,25468379421,BTC-USD
2024-07-02,62844.41015625,63203.359375,61752.74609375,62029.015625,20151616992,BTC-USD
2024-07-03,62034.33203125,62187.703125,59419.38671875,60173.921875,29756701685,BTC-USD
2024-07-04,60147.13671875,60399.67578125,56777.8046875,56977.703125,41149609230,BTC-USD
2024-07-05,57022.80859375,57497.15234375,53717.375,56662.375,55417544033,BTC-USD
2024-07-06,56659.07421875,58472.546875,56038.9609375,58303.5390625,20610320577,BTC-USD
2024-07-07,58239.4296875,58371.12109375,55793.32421875,55849.109375,20553359505,BTC-USD
2024-07-08,55849.57421875,58131.3359375,54321.01953125,56705.09765625,39766159899,BTC-USD
2024-07-09,56704.59765625,58239.1953125,56316.875,58009.2265625,27849512607,BTC-USD
2024-07-10,58033.8828125,59359.43359375,57178.4140625,57742.49609375,26175260526,BTC-USD
2024-07-11,57729.890625,59299.43359375,57120.37890625,57344.9140625,28707803842,BTC-USD
2024-07-12,57341.1953125,58532.5546875,56590.17578125,57899.46484375,25604805221,BTC-USD
2024-07-13,57908.73828125,59787.078125,57796.44140625,59231.953125,17080061806,BTC-USD
2024-07-14,59225.25,61329.52734375,59225.25,60787.79296875,22223416061,BTC-USD
2024-07-15,60815.45703125,64870.15234375,60704.9296875,64870.15234375,38094526099,BTC-USD
2024-07-16,64784.41796875,65354.33984375,62487.96875,65097.1484375,41617346768,BTC-USD
2024-07-17,65091.83203125,66066.734375,63896.0859375,64118.79296875,32525071311,BTC-USD
2024-07-18,64104.73828125,65104.66015625,63246.1640625,63974.06640625,27239305337,BTC-USD
2024-07-19,63972.32421875,67442.640625,63329.34375,66710.15625,37003855410,BTC-USD
2024-07-20,66709.921875,67610.734375,66299.6171875,67163.6484375,19029581250,BTC-USD
2024-07-21,67164.9140625,68372.90625,65842.296875,68154.5234375,26652190004,BTC-USD
2024-07-22,68152.9765625,68480.0625,66611.296875,67585.25,42649109453,BTC-USD
2024-07-23,67584.8046875,67779.015625,65484.4609375,65927.671875,35605668666,BTC-USD
2024-07-24,65927.859375,67113.984375,65146.99609375,65372.1328125,27470942309,BTC-USD
2024-07-25,65375.875,66112.421875,63473.47265625,65777.2265625,38315761670,BTC-USD
2024-07-26,65771.8125,68207.6015625,65743.765625,67912.0625,30488630457,BTC-USD
2024-07-27,67911.8125,69398.5078125,66705.21875,67813.3359375,34691905492,BTC-USD
2024-07-28,67808.65625,68301.8515625,67085.828125,68255.8671875,18043166945,BTC-USD
2024-07-29,68259.0546875,69987.5390625,66532.59375,66819.9140625,40780682628,BTC-USD
2024-07-30,66819.0546875,66987.671875,65323.19140625,66201.015625,31380492109,BTC-USD
2024-07-31,66201.2734375,66810.2109375,64532.046875,64619.25,31292785994,BTC-USD
2024-08-01,64625.83984375,65593.2421875,62248.94140625,65357.5,40975554494,BTC-USD
2024-08-02,65353.5,65523.22265625,61184.89453125,61415.06640625,43060875727,BTC-USD
2024-08-03,61414.80859375,62148.37109375,59836.52734375,60680.09375,31753030589,BTC-USD
2024-08-04,60676.09375,61062.98828125,57210.8046875,58116.9765625,31758917219,BTC-USD
2024-08-05,58110.296875,58268.828125,49121.23828125,53991.45703125,108991085584,BTC-USD
2024-08-06,53991.34765625,57059.91796875,53973.2734375,56034.31640625,49300484106,BTC-USD
2024-08-07,56040.6328125,57726.8828125,54620.5078125,55027.4609375,41637562185,BTC-USD
2024-08-08,55030.02734375,62673.765625,54766.7265625,61710.13671875,45298472567,BTC-USD
2024-08-09,61728.20703125,61751.86328125,59587.859375,60880.11328125,33425553115,BTC-USD
2024-08-10,60881.23046875,61464.51171875,60287.56640625,60945.8125,15745822278,BTC-USD
2024-08-11,60944.890625,61778.66015625,58348.82421875,58719.484375,22759754812,BTC-USD
2024-08-12,58719.39453125,60680.33203125,57688.8984375,59354.515625,37078637820,BTC-USD
2024-08-13,59356.20703125,61572.3984375,58506.25390625,60609.56640625,30327698167,BTC-USD
2024-08-14,60611.05078125,61687.7578125,58472.875,58737.26953125,29961696180,BTC-USD
2024-08-15,58733.26171875,59838.6484375,56161.59375,57560.09765625,35682112440,BTC-USD
2024-08-16,57560.2734375,59847.359375,57110.01953125,58894.10546875,29350938673,BTC-USD
2024-08-17,58893.53125,59694.66796875,58814.83203125,59478.97265625,13589684021,BTC-USD
2024-08-18,59468.1328125,60262.71875,58445.40234375,58483.96484375,17740625837,BTC-USD
2024-08-19,58480.7109375,59612.66015625,57864.7109375,59493.453125,25911207712,BTC-USD
2024-08-20,59493.453125,61396.328125,58610.8828125,59012.79296875,31613400008,BTC-USD
2024-08-21,59014.98828125,61834.3515625,58823.4453125,61175.19140625,32731154072,BTC-USD
2024-08-22,61168.31640625,61408.109375,59815.25390625,60381.9140625,27625734377,BTC-USD
2024-08-23,60380.953125,64947.0625,60372.05078125,64094.35546875,42530509233,BTC-USD
2024-08-24,64103.87109375,64513.7890625,63619.91796875,64178.9921875,21430585163,BTC-USD
2024-08-25,64176.3671875,64996.421875,63833.51953125,64333.54296875,18827683555,BTC-USD
2024-08-26,64342.2265625,64489.70703125,62849.55859375,62880.66015625,27682040631,BTC-USD
2024-08-27,62879.70703125,63210.796875,58116.75,59504.1328125,39103882198,BTC-USD
2024-08-28,59507.92578125,60236.44921875,57890.67578125,59027.625,40289564698,BTC-USD
2024-08-29,59027.46875,61184.08203125,58786.2265625,59388.1796875,32224990582,BTC-USD
2024-08-30,59388.6015625,59896.88671875,57768.53125,59119.4765625,32292756405,BTC-USD
2024-08-31,59117.48046875,59432.59375,58768.78515625,58969.8984375,12403470760,BTC-USD
2024-09-01,58969.80078125,59062.0703125,57217.82421875,57325.48828125,24592449997,BTC-USD
2024-09-02,57326.96875,59403.0703125,57136.02734375,59112.48046875,27036454524,BTC-USD
2024-09-03,59106.19140625,59815.05859375,57425.16796875,57431.0234375,26666961053,BTC-USD
2024-09-04,57430.34765625,58511.5703125,55673.1640625,57971.5390625,35627680312,BTC-USD
2024-09-05,57971.703125,58300.58203125,55712.453125,56160.48828125,31030280656,BTC-USD
2024-09-06,56160.19140625,56976.109375,52598.69921875,53948.75390625,49361693566,BTC-USD
2024-09-07,53949.0859375,54838.14453125,53740.0703125,54139.6875,19061486526,BTC-USD
2024-09-08,54147.93359375,55300.859375,53653.7578125,54841.56640625,18268287531,BTC-USD
2024-09-09,54851.88671875,58041.125,54598.43359375,57019.53515625,34618096173,BTC-USD
2024-09-10,57020.09765625,58029.9765625,56419.4140625,57648.7109375,28857630507,BTC-USD
2024-09-11,57650.2890625,57991.3203125,55567.33984375,57343.171875,37049062672,BTC-USD
2024-09-12,57343.171875,58534.359375,57330.1015625,58127.01171875,33835707949,BTC-USD
2024-09-13,58130.32421875,60648.0234375,57650.11328125,60571.30078125,32490528356,BTC-USD
2024-09-14,60569.1171875,60656.72265625,59517.8828125,60005.12109375,16428405496,BTC-USD
2024-09-15,60000.7265625,60381.91796875,58696.30859375,59182.8359375,18120960867,BTC-USD
2024-09-16,59185.2265625,59205.51171875,57501.33984375,58192.5078125,32032822113,BTC-USD
2024-09-17,58192.5078125,61316.08984375,57628.0703125,60308.5390625,38075570118,BTC-USD
2024-09-18,60309.0,61664.06640625,59218.25390625,61649.6796875,40990702891,BTC-USD
2024-09-19,61651.15625,63872.44140625,61609.8671875,62940.45703125,42710252573,BTC-USD
2024-09-20,62941.42578125,64119.53125,62364.60546875,63192.9765625,35177164222,BTC-USD
2024-09-21,63184.33984375,63543.359375,62783.10546875,63394.83984375,14408616220,BTC-USD
2024-09-22,63396.8046875,63993.421875,62440.7265625,63648.7109375,20183348802,BTC-USD
2024-09-23,63643.1015625,64733.55859375,62628.078125,63329.80078125,31400285425,BTC-USD
2024-09-24,63326.83984375,64695.21484375,62737.41796875,64301.96875,29938335243,BTC-USD
2024-09-25,64302.58984375,64804.50390625,62945.375,63143.14453125,25078377700,BTC-USD
2024-09-26,63138.546875,65790.796875,62669.26953125,65181.01953125,36873129847,BTC-USD
2024-09-27,65180.6640625,66480.6953125,64852.9921875,65790.6640625,32058813449,BTC-USD
2024-09-28,65792.1796875,66255.53125,65458.03515625,65887.6484375,15243637984,BTC-USD
2024-09-29,65888.8984375,66069.34375,65450.015625,65635.3046875,14788214575,BTC-USD
2024-09-30,65634.65625,65635.0546875,62873.6171875,63329.5,37112957475,BTC-USD
2024-10-01,63335.60546875,64110.98046875,60189.27734375,60837.0078125,50220923500,BTC-USD
2024-10-02,60836.32421875,62357.6875,59996.94921875,60632.78515625,40762722398,BTC-USD
2024-10-03,60632.484375,61469.0390625,59878.8046875,60759.40234375,36106447279,BTC-USD
2024-10-04,60754.625,62465.9921875,60459.94140625,62067.4765625,29585472513,BTC-USD
2024-10-05,62067.609375,62371.0234375,61689.58203125,62089.94921875,13305410749,BTC-USD
2024-10-06,62084.98828125,62959.5703125,61833.1484375,62818.953125,14776233667,BTC-USD
2024-10-07,62819.109375,64443.70703125,62152.55078125,62236.66015625,34253562610,BTC-USD
2024-10-08,62221.64453125,63174.3046875,61843.5625,62131.96875,28134475157,BTC-USD
2024-10-09,62131.7265625,62508.8359375,60314.61328125,60582.1015625,27670982363,BTC-USD
2024-10-10,60581.9296875,61236.72265625,58895.20703125,60274.5,30452813570,BTC-USD
2024-10-11,60275.4609375,63400.87109375,60046.125,62445.08984375,30327141594,BTC-USD
2024-10-12,62444.6171875,63448.78515625,62443.26953125,63193.0234375,16744110886,BTC-USD
2024-10-13,63192.9453125,63272.65234375,62035.63671875,62851.375,18177529690,BTC-USD
2024-10-14,62848.3984375,66482.4921875,62442.15234375,66046.125,43706958056,BTC-USD
2024-10-15,66050.3671875,67881.6796875,64809.1953125,67041.109375,48863870879,BTC-USD
2024-10-16,67042.4609375,68375.2890625,66758.7265625,67612.71875,38195189534,BTC-USD
2024-10-17,67617.078125,67912.2109375,66647.390625,67399.8359375,32790898511,BTC-USD
2024-10-18,67419.109375,68969.75,67177.8203125,68418.7890625,36857165014,BTC-USD
2024-10-19,68418.9765625,68668.0078125,68024.640625,68362.734375,14443497908,BTC-USD
2024-10-20,68364.1796875,69359.0078125,68105.71875,69001.703125,18975847518,BTC-USD
2024-10-21,69002.0,69462.734375,66829.8515625,67367.8515625,37498611780,BTC-USD
2024-10-22,67360.703125,67801.578125,66581.3671875,67361.40625,31808472566,BTC-USD
2024-10-23,67362.375,67402.7421875,65188.03515625,66432.1953125,32263980353,BTC-USD
2024-10-24,66653.703125,68798.9609375,66454.1015625,68161.0546875,31414428647,BTC-USD
2024-10-25,68165.296875,68722.15625,65521.79296875,66642.4140625,41469984306,BTC-USD
2024-10-26,66628.734375,67317.921875,66360.59375,67014.6953125,19588098156,BTC-USD
2024-10-27,67023.4765625,68221.3125,66847.2265625,67929.296875,16721307878,BTC-USD
2024-10-28,67922.671875,70212.265625,67535.1328125,69907.7578125,38799856657,BTC-USD
2024-10-29,69910.046875,73577.2109375,69729.9140625,72720.4921875,58541874402,BTC-USD
2024-10-30,72715.3671875,72905.296875,71411.734375,72339.5390625,40646637831,BTC-USD
2024-10-31,72335.046875,72662.3125,69590.5,70215.1875,40627912076,BTC-USD
2024-11-01,70216.8984375,71559.015625,68779.703125,69482.46875,49989795365,BTC-USD
2024-11-02,69486.0234375,69867.3515625,69033.71875,69289.2734375,18184612091,BTC-USD
2024-11-03,69296.3828125,69361.65625,67482.5234375,68741.1171875,34868307655,BTC-USD
2024-11-04,68742.1328125,69433.1796875,66803.6484375,67811.5078125,41184819348,BTC-USD
2024-11-05,67811.171875,70522.7890625,67458.8671875,69359.5625,46046889204,BTC-USD
2024-11-06,69358.5,76460.15625,69322.03125,75639.078125,118592653963,BTC-USD
2024-11-07,75637.0859375,76943.1171875,74480.421875,75904.859375,63467654989,BTC-USD
2024-11-08,75902.8359375,77252.75,75648.7421875,76545.4765625,55176858003,BTC-USD
2024-11-09,76556.1875,76932.765625,75773.7890625,76778.8671875,29009480361,BTC-USD
2024-11-10,76775.546875,81474.421875,76565.4296875,80474.1875,82570594495,BTC-USD
2024-11-11,80471.4140625,89604.5,80283.25,88701.484375,117966845037,BTC-USD
2024-11-12,88705.5625,89956.8828125,85155.109375,87955.8125,133673285375,BTC-USD
2024-11-13,87929.96875,93434.3515625,86256.9296875,90584.1640625,123559027869,BTC-USD
2024-11-14,90574.8828125,91765.21875,86682.8125,87250.4296875,87616705248,BTC-USD
2024-11-15,87284.1796875,91868.7421875,87124.8984375,91066.0078125,78243109518,BTC-USD
2024-11-16,91064.3671875,91763.9453125,90094.2265625,90558.4765625,44333192814,BTC-USD
2024-11-17,90558.4609375,91433.0390625,88741.6640625,89845.8515625,46350159305,BTC-USD
2024-11-18,89843.71875,92596.7890625,89393.59375,90542.640625,75535775084,BTC-USD
2024-11-19,90536.8125,94002.8671875,90426.984375,92343.7890625,74521048295,BTC-USD
2024-11-20,92341.890625,94902.0234375,91619.5,94339.4921875,71730956426,BTC-USD
2024-11-21,94334.640625,99014.21875,94132.6015625,98504.7265625,106024505582,BTC-USD
2024-11-22,98496.4296875,99655.5,97222.6640625,98997.6640625,78473580551,BTC-USD
2024-11-23,99006.7421875,99014.6796875,97232.890625,97777.28125,44414644677,BTC-USD
2024-11-24,97778.09375,98647.1796875,95788.078125,98013.8203125,51712020623,BTC-USD
2024-11-25,98033.4453125,98935.03125,92642.9140625,93102.296875,80909462490,BTC-USD
2024-11-26,93087.28125,94991.75,90770.8125,91985.3203125,91656519855,BTC-USD
2024-11-27,91978.140625,97361.1796875,91778.6640625,95962.53125,71133452438,BTC-USD
2024-11-28,95954.9453125,96650.203125,94677.3515625,95652.46875,52260008261,BTC-USD
2024-11-29,95653.953125,98693.171875,95407.8828125,97461.5234375,54968682476,BTC-USD
2024-11-30,97468.8125,97499.34375,96144.21875,96449.0546875,31634227866,BTC-USD
2024-12-01,96461.3359375,97888.125,95770.1875,97279.7890625,36590695296,BTC-USD
2024-12-02,97276.0078125,98152.6015625,94482.8671875,95865.3046875,72680784305,BTC-USD
2024-12-03,95854.59375,96297.203125,93629.5625,96002.1640625,67067810961,BTC-USD
2024-12-04,95988.53125,99207.328125,94660.5234375,98768.53125,77199817112,BTC-USD
2024-12-05,98741.5390625,103900.46875,91998.78125,96593.5703125,149218945580,BTC-USD
2024-12-06,97074.2265625,102039.8828125,96514.875,99920.7109375,94534772658,BTC-USD
2024-12-07,99916.7109375,100563.3828125,99030.8828125,99923.3359375,44177510897,BTC-USD
2024-12-08,99921.9140625,101399.9921875,98771.515625,101236.015625,44125751925,BTC-USD
2024-12-09,101237.0625,101272.5078125,94355.9140625,97432.71875,110676473908,BTC-USD
2024-12-10,97441.234375,98270.15625,94321.2578125,96675.4296875,104823780634,BTC-USD
2024-12-11,96656.0625,101913.359375,95747.2265625,101173.03125,85391409936,BTC-USD
2024-12-12,101167.8046875,102524.9140625,99339.953125,100043.0,72073983533,BTC-USD
2024-12-13,100046.6484375,101888.8046875,99233.28125,101459.2578125,56894751583,BTC-USD
2024-12-14,101451.4375,102618.8828125,100634.0546875,101372.96875,40422968793,BTC-USD
2024-12-15,101373.53125,105047.5390625,101227.03125,104298.6953125,51145914137,BTC-USD
2024-12-16,104293.578125,107780.578125,103322.984375,106029.71875,91020417816,BTC-USD
2024-12-17,106030.6875,108268.4453125,105291.734375,106140.6015625,68589364868,BTC-USD
2024-12-18,106147.296875,106470.609375,100041.5390625,100041.5390625,93865656139,BTC-USD
2024-12-19,100070.6875,102748.1484375,95587.6796875,97490.953125,97221662392,BTC-USD
2024-12-20,97484.6953125,98098.9140625,92175.1796875,97755.9296875,105634083408,BTC-USD
2024-12-21,97756.1953125,99507.1015625,96426.5234375,97224.7265625,51765334294,BTC-USD
2024-12-22,97218.3203125,97360.265625,94202.1875,95104.9375,43147981314,BTC-USD
2024-12-23,95099.390625,96416.2109375,92403.1328125,94686.2421875,65239002919,BTC-USD
2024-12-24,94684.34375,99404.0625,93448.015625,98676.09375,47114953674,BTC-USD
2024-12-25,98675.9140625,99478.75,97593.46875,99299.1953125,33700394629,BTC-USD
2024-12-26,99297.6953125,99884.5703125,95137.8828125,95795.515625,47054980873,BTC-USD
2024-12-27,95704.9765625,97294.84375,93310.7421875,94164.859375,52419934565,BTC-USD
2024-12-28,94160.1875,95525.8984375,94014.2890625,95163.9296875,24107436185,BTC-USD
2024-12-29,95174.0546875,95174.875,92881.7890625,93530.2265625,29635885267,BTC-USD
2024-12-30,93527.1953125,94903.3203125,91317.1328125,92643.2109375,56188003691,BTC-USD
2024-12-31,92643.25,96090.6015625,91914.03125,93429.203125,43625106843,BTC-USD
2025-01-01,93425.1015625,94929.8671875,92788.125,94419.7578125,24519888919,BTC-USD
2025-01-02,94416.2890625,97739.8203125,94201.5703125,96886.875,46009564411,BTC-USD
2025-01-03,96881.7265625,98956.9140625,96034.6171875,98107.4296875,35611391163,BTC-USD
2025-01-04,98106.9921875,98734.4296875,97562.9765625,98236.2265625,22342608078,BTC-USD
2025-01-05,98233.90625,98813.3046875,97291.765625,98314.9609375,20525254825,BTC-USD
2025-01-06,98314.953125,102482.875,97926.1484375,102078.0859375,51823432705,BTC-USD
2025-01-07,102248.8515625,102712.484375,96132.875,96922.703125,58685738547,BTC-USD
2025-01-08,96924.1640625,97258.3203125,92525.84375,95043.5234375,63875859171,BTC-USD
2025-01-09,95043.484375,95349.71875,91220.84375,92484.0390625,62777261693,BTC-USD
2025-01-10,92494.4921875,95770.609375,92250.09375,94701.453125,62058693684,BTC-USD
2025-01-11,94700.8359375,94977.6875,93840.046875,94566.59375,18860894100,BTC-USD
2025-01-12,94565.7265625,95367.5390625,93712.5078125,94488.4375,20885130965,BTC-USD
2025-01-13,94488.890625,95837.0,89260.1015625,94516.5234375,72978998252,BTC-USD
2025-01-14,94519.0078125,97352.6640625,94322.15625,96534.046875,53769675818,BTC-USD
2025-01-15,96534.046875,100697.234375,96501.640625,100504.4921875,57805923627,BTC-USD
2025-01-16,100505.296875,100781.5859375,97364.4453125,99756.90625,54103781805,BTC-USD
2025-01-17,100025.765625,105884.2265625,99948.90625,104462.0390625,71888972663,BTC-USD
2025-01-18,104124.953125,104913.203125,102226.6171875,104408.0703125,50445655726,BTC-USD
2025-01-19,104411.2890625,106299.796875,99570.53125,101089.609375,76789928525,BTC-USD
2025-01-20,101083.75,109114.8828125,99471.359375,102016.6640625,126279678351,BTC-USD
2025-01-21,102052.578125,107180.921875,100103.953125,106146.265625,88733878242,BTC-USD
2025-01-22,106136.3828125,106294.34375,103360.265625,103653.0703125,53878181052,BTC-USD
2025-01-23,103657.671875,106820.328125,101257.8046875,103960.171875,104104515428,BTC-USD
2025-01-24,103965.671875,107098.546875,102772.125,104819.484375,52388229265,BTC-USD
2025-01-25,104824.03125,105243.7890625,104120.375,104714.6484375,23888996502,BTC-USD
2025-01-26,104713.2109375,105438.6484375,102507.7109375,102682.5,22543395879,BTC-USD
2025-01-27,102680.3046875,103214.109375,97795.9375,102087.6875,89006608428,BTC-USD
2025-01-28,102095.4140625,103730.8203125,100238.1875,101332.4765625,47180685494,BTC-USD
2025-01-29,101317.5234375,104750.8046875,101283.8203125,103703.2109375,47432049818,BTC-USD
2025-01-30,103709.3359375,106418.765625,103321.6484375,104735.3046875,41915744521,BTC-USD
2025-01-31,104737.5625,106026.3515625,101543.8828125,102405.0234375,45732764360,BTC-USD
2025-02-01,102402.796875,102755.7265625,100297.7109375,100655.90625,27757944848,BTC-USD
2025-02-02,100661.5390625,101430.6640625,96216.078125,97688.9765625,63091816853,BTC-USD
2025-02-03,97681.1015625,102514.171875,91242.890625,101405.421875,115400897748,BTC-USD
2025-02-04,101398.71875,101745.6171875,96208.109375,97871.8203125,73002130211,BTC-USD
2025-02-05,97878.0078125,99113.2109375,96174.828125,96615.4453125,49125911241,BTC-USD
2025-02-06,96610.640625,99168.609375,95707.3515625,96593.296875,45302471947,BTC-USD
2025-02-07,96581.3203125,100154.140625,95653.8828125,96529.0859375,55741290456,BTC-USD
2025-02-08,96533.2578125,96877.8046875,95702.4921875,96482.453125,22447526395,BTC-USD
2025-02-09,96481.3125,97325.28125,94745.2578125,96500.09375,27732901800,BTC-USD
2025-02-10,96499.4609375,98333.21875,95320.84375,97437.5546875,40078962391,BTC-USD
2025-02-11,97438.1328125,98492.8984375,94875.0390625,95747.4296875,37488783272,BTC-USD
2025-02-12,95745.6953125,98151.0234375,94101.203125,97885.859375,49340445530,BTC-USD
2025-02-13,97888.75,98111.0859375,95269.7109375,96623.8671875,37147280860,BTC-USD
2025-02-14,96623.3671875,98819.46875,96342.8046875,97508.96875,32697987277,BTC-USD
2025-02-15,97508.3828125,97975.0390625,97240.1953125,97580.3515625,17047266288,BTC-USD
2025-02-16,97580.4921875,97725.59375,96060.9765625,96175.03125,16536755396,BTC-USD
2025-02-17,96179.0078125,97032.234375,95243.546875,95773.3828125,27336550690,BTC-USD
2025-02-18,95773.8125,96695.375,93388.8359375,95539.546875,37325720482,BTC-USD
2025-02-19,95532.53125,96855.59375,95011.96875,96635.609375,28990872862,BTC-USD
2025-02-20,96632.6796875,98767.1953125,96442.671875,98333.9375,31668022771,BTC-USD
2025-02-21,98340.671875,99497.96875,94852.9609375,96125.546875,49608706470,BTC-USD
2025-02-22,96134.203125,96950.15625,95765.34375,96577.7578125,18353824477,BTC-USD
2025-02-23,96577.8046875,96671.875,95270.453125,96273.921875,16999478976,BTC-USD
2025-02-24,96277.9609375,96503.453125,91371.7421875,91418.171875,44046480529,BTC-USD
2025-02-25,91437.1171875,92511.078125,86008.234375,88736.171875,92139104128,BTC-USD
2025-02-26,88638.890625,89286.25,82131.8984375,84347.0234375,64597492134,BTC-USD
2025-02-27,84076.859375,87000.78125,83144.9609375,84704.2265625,52659591954,BTC-USD
2025-02-28,84705.625,85036.3203125,78248.9140625,84373.0078125,83610570576,BTC-USD
2025-03-01,84373.8671875,86522.3046875,83794.234375,86031.9140625,29190628396,BTC-USD
2025-03-02,86036.2578125,95043.4375,85040.2109375,94248.3515625,58398341092,BTC-USD
2025-03-03,94248.421875,94429.75,85081.3046875,86065.671875,70072228536,BTC-USD
2025-03-04,86064.0703125,88911.2734375,81529.2421875,87222.1953125,68095241474,BTC-USD
2025-03-05,87222.953125,90998.2421875,86379.7734375,90623.5625,50498988027,BTC-USD
2025-03-06,90622.359375,92804.9375,87852.140625,89961.7265625,47749810486,BTC-USD
2025-03-07,89963.28125,91191.046875,84717.6796875,86742.671875,65945677657,BTC-USD
2025-03-08,86742.65625,86847.265625,85247.484375,86154.59375,18206118081,BTC-USD
2025-03-09,86154.3046875,86471.1328125,80052.484375,80601.0390625,30899345977,BTC-USD
2025-03-10,80597.1484375,83955.9296875,77420.59375,78532.0,54061099422,BTC-USD
2025-03-11,78523.875,83577.7578125,76624.25,82862.2109375,54702837196,BTC-USD
2025-03-12,82857.375,84358.578125,80635.25,83722.359375,40353484454,BTC-USD
2025-03-13,83724.921875,84301.6953125,79931.8515625,81066.703125,31412940153,BTC-USD
2025-03-14,81066.9921875,85263.2890625,80797.5625,83969.1015625,29588112414,BTC-USD
2025-03-15,83968.40625,84672.671875,83639.59375,84343.109375,13650491277,BTC-USD
2025-03-16,84333.3203125,85051.6015625,82017.90625,82579.6875,21330270174,BTC-USD
2025-03-17,82576.3359375,84725.328125,82492.15625,84075.6875,25092785558,BTC-USD
2025-03-18,84075.71875,84075.71875,81179.9921875,82718.5,24095774594,BTC-USD
2025-03-19,82718.8046875,87021.1875,82569.7265625,86854.2265625,34931960257,BTC-USD
2025-03-20,86872.953125,87443.265625,83647.1953125,84167.1953125,29028988961,BTC-USD
2025-03-21,84164.5390625,84782.2734375,83171.0703125,84043.2421875,19030452299,BTC-USD
2025-03-22,84046.2578125,84513.875,83674.78125,83832.484375,9863214091,BTC-USD
2025-03-23,83831.8984375,86094.78125,83794.9140625,86054.375,12594615537,BTC-USD
2025-03-24,86070.9296875,88758.7265625,85541.1953125,87498.9140625,34582604933,BTC-USD
2025-03-25,87512.8203125,88542.3984375,86346.078125,87471.703125,30005840049,BTC-USD
2025-03-26,87460.234375,88292.15625,85861.453125,86900.8828125,26704046038,BTC-USD
2025-03-27,86896.2578125,87786.7265625,85837.9375,87177.1015625,24413471941,BTC-USD
2025-03-28,87185.234375,87489.859375,83557.640625,84353.1484375,34198619509,BTC-USD
2025-03-29,84352.0703125,84567.3359375,81634.140625,82597.5859375,16969396135,BTC-USD
2025-03-30,82596.984375,83505.0,81573.25,82334.5234375,14763760943,BTC-USD
2025-03-31,82336.0625,83870.125,81293.890625,82548.9140625,29004228247,BTC-USD
2025-04-01,82551.921875,85487.3671875,82429.359375,85169.171875,28175650319,BTC-USD
2025-04-02,85180.609375,88466.953125,82343.5390625,82485.7109375,47584398470,BTC-USD
2025-04-03,82487.4765625,83909.296875,81282.1015625,83102.828125,36852112080,BTC-USD
2025-04-04,83100.25,84696.1484375,81670.75,83843.8046875,45157640207,BTC-USD
2025-04-05,83844.703125,84207.015625,82377.734375,83504.796875,14380803631,BTC-USD
2025-04-06,83504.5078125,83704.71875,77097.7421875,78214.484375,36294853736,BTC-USD
2025-04-07,78221.3359375,81119.0625,74436.6796875,79235.3359375,91262424987,BTC-USD
2025-04-08,79218.4765625,80823.890625,76198.0234375,76271.953125,48314590749,BTC-USD
2025-04-09,76273.5625,83541.0,74589.671875,82573.953125,84213627038,BTC-USD
2025-04-10,82565.9765625,82700.9296875,78456.1328125,79626.140625,44718000633,BTC-USD
2025-04-11,79625.046875,84247.4765625,78936.3203125,83404.8359375,41656778779,BTC-USD
2025-04-12,83404.515625,85856.1875,82769.375,85287.109375,24258059104,BTC-USD
2025-04-13,85279.46875,86015.1875,83027.0078125,83684.9765625,28796984817,BTC-USD
2025-04-14,83694.5234375,85785.0,83690.640625,84542.390625,34090769777,BTC-USD
2025-04-15,84539.6953125,86429.3515625,83598.8203125,83668.9921875,28040322885,BTC-USD
2025-04-16,83674.5078125,85428.28125,83100.6171875,84033.8671875,29617804112,BTC-USD
2025-04-17,84030.671875,85449.0703125,83749.75,84895.75,21276866029,BTC-USD
2025-04-18,84900.1875,85095.046875,84298.8828125,84450.8046875,12728372364,BTC-USD
2025-04-19,84450.8671875,85597.703125,84353.4609375,85063.4140625,15259300427,BTC-USD
2025-04-20,85066.0703125,85306.3828125,83976.84375,85174.3046875,14664050812,BTC-USD
2025-04-21,85171.5390625,88460.09375,85143.8359375,87518.90625,41396190190,BTC-USD
2025-04-22,87521.875,93817.3828125,87084.53125,93441.890625,55899038456,BTC-USD
2025-04-23,93427.5859375,94535.734375,91962.9609375,93699.109375,41719568821,BTC-USD
2025-04-24,93692.3984375,94016.1953125,91696.7109375,93943.796875,31483175315,BTC-USD
2025-04-25,93954.25,95768.390625,92898.59375,94720.5,40915232364,BTC-USD
2025-04-26,94714.6484375,95251.359375,93927.25,94646.9296875,17612825123,BTC-USD
2025-04-27,94660.90625,95301.203125,93665.3984375,93754.84375,18090367764,BTC-USD
2025-04-28,93755.3046875,95598.4921875,92860.8046875,94978.75,32363449569,BTC-USD
2025-04-29,94981.859375,95485.4140625,93796.6328125,94284.7890625,25806129921,BTC-USD
2025-04-30,94286.46875,95249.3203125,92979.640625,94207.3125,28344679831,BTC-USD
2025-05-01,94212.859375,97437.9609375,94153.6328125,96492.3359375,32875889623,BTC-USD
2025-05-02,96494.96875,97905.8984375,96375.9453125,96910.0703125,26421924677,BTC-USD
2025-05-03,96904.6328125,96943.8828125,95821.2890625,95891.796875,15775154889,BTC-USD
2025-05-04,95877.1875,96318.921875,94173.4296875,94315.9765625,18198688416,BTC-USD
2025-05-05,94319.5625,95193.1875,93566.265625,94748.0546875,25816260327,BTC-USD
2025-05-06,94748.3828125,96889.1796875,93399.859375,96802.4765625,26551275827,BTC-USD
2025-05-07,96800.1953125,97625.8046875,95829.3359375,97032.3203125,76983822462,BTC-USD
2025-05-08,97034.25,103969.5390625,96913.875,103241.4609375,69895404397,BTC-USD
2025-05-09,103239.125,104297.4921875,102343.09375,102970.8515625,58198593958,BTC-USD
2025-05-10,102973.7109375,104961.765625,102830.484375,104696.328125,42276713994,BTC-USD
2025-05-11,104701.0703125,104937.9921875,103364.7421875,104106.359375,46285517406,BTC-USD
2025-05-12,104106.9609375,105747.453125,100814.40625,102812.953125,63250475404,BTC-USD
2025-05-13,102812.4921875,104997.421875,101515.09375,104169.8125,52608876410,BTC-USD
2025-05-14,104167.328125,104303.5625,102618.296875,103539.4140625,45956071155,BTC-USD
2025-05-15,103538.828125,104153.6171875,101440.8125,103744.640625,50408241840,BTC-USD
2025-05-16,103735.65625,104533.484375,103137.4765625,103489.2890625,44386499364,BTC-USD
2025-05-17,103489.2890625,103716.9453125,102659.1796875,103191.0859375,37898552742,BTC-USD
2025-05-18,103186.953125,106597.171875,103142.6015625,106446.0078125,49887082058,BTC-USD
2025-05-19,106430.53125,107068.71875,102112.6875,105606.1796875,61761126647,BTC-USD
2025-05-20,105605.40625,107307.1171875,104206.515625,106791.0859375,36515726122,BTC-USD
2025-05-21,106791.3125,110724.4609375,106127.234375,109678.078125,78086364051,BTC-USD
2025-05-22,109673.4921875,111970.171875,109285.0703125,111673.28125,70157575642,BTC-USD
2025-05-23,111679.359375,111798.90625,106841.3046875,107287.796875,67548133399,BTC-USD
2025-05-24,107278.5078125,109454.5234375,106895.2890625,107791.15625,45903627163,BTC-USD
2025-05-25,107802.2734375,109313.3046875,106683.375,109035.390625,47518041841,BTC-USD
2025-05-26,109023.78125,110376.8828125,108735.640625,109440.3671875,45950461571,BTC-USD
2025-05-27,109440.40625,110744.2109375,107609.5546875,108994.640625,57450176272,BTC-USD
2025-05-28,108992.171875,109298.2890625,106812.9296875,107802.328125,49155377493,BTC-USD
2025-05-29,107795.5703125,108910.046875,105374.3984375,105641.7578125,56022752042,BTC-USD
2025-05-30,105646.2109375,106308.9453125,103685.7890625,103998.5703125,57655287183,BTC-USD
2025-05-31,103994.71875,104927.1015625,103136.1171875,104638.09375,38997843858,BTC-USD
2025-06-01,104637.296875,105884.546875,103826.953125,105652.1015625,37397056873,BTC-USD
2025-06-02,105649.8125,105958.3125,103727.546875,105881.53125,45819706290,BTC-USD
2025-06-03,105888.4765625,106813.578125,104920.84375,105432.46875,46196508367,BTC-USD
2025-06-04,105434.3671875,105997.6953125,104232.703125,104731.984375,44544857105,BTC-USD
2025-06-05,104750.78125,105936.6875,100436.8828125,101575.953125,57479298400,BTC-USD
2025-06-06,101574.3671875,105376.7734375,101169.5703125,104390.34375,48856653697,BTC-USD
2025-06-07,104390.6484375,105972.7578125,103987.3125,105615.625,38365033776,BTC-USD
2025-06-08,105617.5078125,106497.0625,105075.328125,105793.6484375,36626232328,BTC-USD
2025-06-09,105793.0234375,110561.421875,105400.234375,110294.1015625,55903193732,BTC-USD
2025-06-10,110295.6875,110380.125,108367.7109375,110257.234375,54700101509,BTC-USD
2025-06-11,110261.796875,110384.21875,108086.328125,108686.625,50842662052,BTC-USD
2025-06-12,108685.9140625,108780.6953125,105785.6875,105929.0546875,54843867968,BTC-USD
2025-06-13,105924.59375,106182.546875,102822.0234375,106090.96875,69550440846,BTC-USD
2025-06-14,106108.0859375,106203.7578125,104379.3671875,105472.40625,38007870453,BTC-USD
2025-06-15,105464.84375,106157.1015625,104519.8828125,105552.0234375,36744307742,BTC-USD
2025-06-16,105555.59375,108915.375,104997.625,106796.7578125,50366626945,BTC-USD
2025-06-17,106794.1171875,107750.1953125,103396.53125,104601.1171875,55964092176,BTC-USD
2025-06-18,104602.0703125,105581.8515625,103602.265625,104883.328125,47318089133,BTC-USD
2025-06-19,104886.7734375,105250.890625,103940.7734375,104684.2890625,37333806920,BTC-USD
2025-06-20,104681.03125,106539.3828125,102372.2109375,103309.6015625,50951862476,BTC-USD
2025-06-21,103315.078125,104015.78125,100973.0625,102257.40625,38360555118,BTC-USD
2025-06-22,102212.03125,103351.6328125,98286.203125,100987.140625,65536997201,BTC-USD
2025-06-23,100987.4765625,106116.859375,99705.75,105577.7734375,65237759656,BTC-USD
2025-06-24,105571.515625,106316.828125,104740.2421875,106045.6328125,48822986421,BTC-USD
2025-06-25,106047.40625,108168.3984375,105881.390625,107361.2578125,51624120283,BTC-USD
2025-06-26,107375.0703125,108305.546875,106666.3515625,106960.0,43891990613,BTC-USD
2025-06-27,106954.921875,107772.46875,106449.9921875,107088.4296875,45353692675,BTC-USD
2025-06-28,107090.546875,107567.8828125,106883.9765625,107327.703125,30037708335,BTC-USD
2025-06-29,107327.8203125,108526.3046875,107230.109375,108385.5703125,35534874438,BTC-USD
2025-06-30,108383.4375,108798.7890625,106759.6484375,107135.3359375,42064804590,BTC-USD
2025-07-01,107144.3828125,107550.6796875,105270.2265625,105698.28125,44110692247,BTC-USD
2025-07-02,105703.1015625,109763.65625,105157.3984375,108859.3203125,56248657737,BTC-USD
2025-07-03,108845.015625,110541.4609375,108605.796875,109647.9765625,50494742270,BTC-USD
2025-07-04,109635.65625,109751.984375,107296.3828125,108034.3359375,42616442656,BTC-USD
2025-07-05,108015.8359375,108381.34375,107842.2734375,108231.1796875,30615537520,BTC-USD
2025-07-06,108231.1875,109731.625,107847.015625,109232.0703125,36746020463,BTC-USD
2025-07-07,109235.328125,109710.25,107527.0546875,108299.8515625,45415696597,BTC-USD
2025-07-08,108298.2265625,109198.96875,107499.5546875,108950.2734375,44282204127,BTC-USD
2025-07-09,108950.2734375,111925.375,108357.6796875,111326.5546875,57927418065,BTC-USD
2025-07-10,111329.1953125,116608.78125,110660.75,115987.203125,95911605728,BTC-USD
2025-07-11,115986.234375,118856.4765625,115245.6875,117516.9921875,86928361085,BTC-USD
2025-07-12,117530.7109375,118219.8984375,116977.0234375,117435.2265625,45524560304,BTC-USD
2025-07-13,117432.203125,119449.5703125,117265.4375,119116.1171875,49021091807,BTC-USD
2025-07-14,119115.7890625,123091.609375,118959.1953125,119849.703125,181746419401,BTC-USD
2025-07-15,119853.8515625,119935.5625,115765.6875,117777.1875,98321661181,BTC-USD
2025-07-16,117777.1875,120065.515625,117064.8203125,118738.5078125,72162029070,BTC-USD
2025-07-17,118738.5078125,120999.609375,117508.21875,119289.84375,72363841798,BTC-USD
2025-07-18,119284.109375,120851.9140625,116925.984375,118003.2265625,77945799785,BTC-USD
2025-07-19,117998.125,118541.3984375,117388.4140625,117939.9765625,47564562765,BTC-USD
2025-07-20,117944.109375,118865.03125,116550.1328125,117300.7890625,57515447231,BTC-USD
2025-07-21,117306.46875,119671.5625,116584.3984375,117439.5390625,69820091744,BTC-USD
2025-07-22,117426.5,120269.96875,116233.2265625,119995.4140625,79217583118,BTC-USD
2025-07-23,119997.4453125,120113.3515625,117391.390625,118754.9609375,66608604537,BTC-USD
2025-07-24,118770.984375,119535.453125,117247.96875,118368.0,72627318560,BTC-USD
2025-07-25,118368.0,118486.9765625,114759.8203125,117635.8828125,104857024569,BTC-USD
2025-07-26,117644.84375,118335.6875,117181.2265625,117947.3671875,48508954046,BTC-USD
2025-07-27,117944.7265625,119815.59375,117859.6875,119448.4921875,54683390892,BTC-USD
2025-07-28,119457.5234375,119819.7890625,117441.4375,117924.4765625,64822943193,BTC-USD
2025-07-29,117938.5859375,119273.8671875,116987.3671875,117922.1484375,68463107433,BTC-USD
2025-07-30,117921.9921875,118780.7265625,115800.828125,117831.1875,68896148592,BTC-USD
2025-07-31,117833.6328125,118919.984375,115505.21875,115758.203125,69370346018,BTC-USD
2025-08-01,115738.953125,116060.7734375,112724.4453125,113320.0859375,91294530181,BTC-USD
2025-08-02,113320.390625,114021.6015625,112005.765625,112526.9140625,56870866000,BTC-USD
2025-08-03,112525.8046875,114747.421875,111943.8046875,114217.671875,48099615826,BTC-USD
2025-08-04,114223.921875,115729.46875,114130.40625,115071.8828125,35783028986,BTC-USD
2025-08-05,115072.1875,115117.4375,112701.109375,114141.4453125,61039182286,BTC-USD
2025-08-06,114140.9140625,115737.8359375,113372.25,115028.0,56379133510,BTC-USD
2025-08-07,115030.0546875,117676.90625,114279.7109375,117496.8984375,64051649681,BTC-USD
2025-08-08,117505.5,117689.203125,115917.4609375,116688.7265625,59713005166,BTC-USD
2025-08-09,116678.2734375,117906.609375,116363.8359375,116500.359375,54004312429,BTC-USD
2025-08-10,116497.71875,119320.7109375,116485.1640625,119306.7578125,64755458694,BTC-USD
2025-08-11,119306.8125,122321.09375,118159.03125,118731.4453125,90528784177,BTC-USD
2025-08-12,118717.6640625,120302.46875,118228.71875,120172.90625,72803657984,BTC-USD
2025-08-13,120168.9765625,123682.453125,118939.6328125,123344.0625,90904808795,BTC-USD
2025-08-14,123339.3984375,124457.1171875,117254.8828125,118359.578125,104055627395,BTC-USD
2025-08-15,118365.78125,119332.3125,116864.5703125,117398.3515625,68665353159,BTC-USD
2025-08-16,117398.421875,117996.0625,117271.953125,117491.3515625,48036922378,BTC-USD
2025-08-17,117492.7890625,118595.7734375,117279.5234375,117453.0625,45852169525,BTC-USD
2025-08-18,117453.90625,117614.171875,114723.6796875,116252.3125,72787808090,BTC-USD
2025-08-19,116241.859375,116764.5,112730.3984375,112831.1796875,71657600353,BTC-USD
2025-08-20,112828.0234375,114625.796875,112387.9609375,114274.7421875,67993811526,BTC-USD
2025-08-21,114275.6875,114802.6484375,111986.234375,112419.03125,57817883700,BTC-USD
2025-08-22,112433.734375,117377.3984375,111678.9453125,116874.0859375,82528088240,BTC-USD
2025-08-23,116866.3671875,116996.25,114536.109375,115374.328125,55377142586,BTC-USD
2025-08-24,115387.390625,115615.0859375,111060.546875,113458.4296875,73961489632,BTC-USD
2025-08-25,113456.8984375,113637.84375,109324.28125,110124.3515625,85706860190,BTC-USD
2025-08-26,110124.1015625,112397.015625,108762.0390625,111802.65625,69396320317,BTC-USD
2025-08-27,111795.7109375,112619.4140625,110398.265625,111222.0625,62137056409,BTC-USD
2025-08-28,111219.0546875,113450.078125,110900.921875,112544.8046875,58860155962,BTC-USD
2025-08-29,112550.5234375,112619.0546875,107559.625,108410.8359375,77843379644,BTC-USD
2025-08-30,108409.40625,108929.3515625,107444.4453125,108808.0703125,51486264208,BTC-USD
2025-08-31,108818.4609375,109491.0,108104.65625,108236.7109375,47986191770,BTC-USD
2025-09-01,108228.75,109890.5859375,107271.1796875,109250.59375,66870372995,BTC-USD
2025-09-02,109243.0703125,111748.015625,108454.03125,111200.5859375,74776999491,BTC-USD
2025-09-03,111190.6953125,112600.2265625,110582.9609375,111723.2109375,61119643565,BTC-USD
2025-09-04,111718.1484375,112208.328125,109347.2265625,110723.6015625,60131132901,BTC-USD
2025-09-05,110723.015625,113357.4921875,110233.3984375,110650.984375,60241647677,BTC-USD
2025-09-06,110650.5703125,111275.015625,110024.0859375,110224.6953125,21500719036,BTC-USD
2025-09-07,110221.328125,111591.078125,110211.625,111167.6171875,24618007520,BTC-USD
2025-09-08,111163.015625,112869.234375,110630.609375,112071.4296875,40212813407,BTC-USD
2025-09-09,112077.578125,113225.4375,110776.703125,111530.546875,45984480722,BTC-USD
2025-09-10,111531.25,114275.25,110940.078125,113955.359375,56377473784,BTC-USD
2025-09-11,113961.4296875,115522.546875,113453.8359375,115507.5390625,45685065332,BTC-USD
2025-09-12,115507.7890625,116769.3828125,114794.484375,116101.578125,54785725894,BTC-USD
2025-09-13,116093.5625,116334.6328125,115248.2734375,115950.5078125,34549454947,BTC-USD
2025-09-14,115950.2890625,116181.5,115222.3984375,115407.65625,32798036057,BTC-USD
2025-09-15,115399.6328125,116747.8828125,114461.0625,115444.875,52937859416,BTC-USD
2025-09-16,115423.7578125,117005.2734375,114813.09375,116843.1875,45781744593,BTC-USD
2025-09-17,116840.5078125,117328.609375,114794.9765625,116468.5078125,60528025996,BTC-USD
2025-09-18,116461.265625,117911.7890625,116188.796875,117137.203125,49457272032,BTC-USD
2025-09-19,117137.671875,117479.7578125,115141.8203125,115688.859375,38828473971,BTC-USD
2025-09-20,115691.125,116191.1484375,115473.5234375,115721.9609375,22864449614,BTC-USD
2025-09-21,115730.2265625,115901.0859375,115252.578125,115306.09375,22495852193,BTC-USD
2025-09-22,115309.21875,115431.3125,112037.6484375,112748.5078125,70684158591,BTC-USD
2025-09-23,112757.4765625,113351.9140625,111535.5703125,112014.5,47211853279,BTC-USD
2025-09-24,112007.6640625,113986.2734375,111229.640625,113328.6328125,48044595085,BTC-USD
2025-09-25,113330.1640625,113541.0859375,108713.3984375,109049.2890625,75528654284,BTC-USD
2025-09-26,109041.296875,110359.1953125,108728.9765625,109712.828125,57738288949,BTC-USD
2025-09-27,109707.140625,109778.5,109144.296875,109681.9453125,26308042910,BTC-USD
2025-09-28,109681.9453125,112375.484375,109236.9453125,112122.640625,33371048505,BTC-USD
2025-09-29,112117.875,114473.5703125,111589.953125,114400.3828125,60000147466,BTC-USD
2025-09-30,114396.5234375,114836.6171875,112740.5625,114056.0859375,58986330258,BTC-USD
2025-10-01,114057.59375,118648.9296875,113981.3984375,118648.9296875,71328680132,BTC-USD
2025-10-02,118652.3828125,121086.40625,118383.15625,120681.2578125,71415163912,BTC-USD
2025-10-03,120656.984375,123944.703125,119344.3125,122266.53125,83941392228,BTC-USD
2025-10-04,122267.46875,122857.640625,121577.5703125,122425.4296875,36769171735,BTC-USD
2025-10-05,122419.671875,125559.2109375,122191.9609375,123513.4765625,73689317763,BTC-USD
2025-10-06,123510.453125,126198.0703125,123196.046875,124752.53125,72568881188,BTC-USD
2025-10-07,124752.140625,125184.0234375,120681.96875,121451.3828125,76149412513,BTC-USD
2025-10-08,121448.3515625,124167.09375,121119.1796875,123354.8671875,65354305286,BTC-USD
2025-10-09,123337.0703125,123739.34375,119812.03125,121705.5859375,74653009425,BTC-USD
2025-10-10,121704.7421875,122509.6640625,104582.4140625,113214.3671875,153125018868,BTC-USD
2025-10-11,113236.4296875,113429.7265625,109760.5625,110807.8828125,110236934340,BTC-USD
2025-10-12,110811.515625,115805.0625,109715.5390625,115169.765625,93710414091,BTC-USD
2025-10-13,115161.6796875,116020.484375,113821.1875,115271.078125,71582026739,BTC-USD
2025-10-14,115264.8828125,115502.8828125,110029.484375,113118.6640625,92212917403,BTC-USD
2025-10-15,113113.96875,113622.3828125,110235.8359375,110783.1640625,72574132855,BTC-USD
2025-10-16,110782.171875,111990.8125,107537.03125,108186.0390625,87306423067,BTC-USD
2025-10-17,108179.1328125,109235.8046875,103598.4296875,106467.7890625,99703051669,BTC-USD
2025-10-18,106483.734375,107490.984375,106387.453125,107198.265625,37779905278,BTC-USD
2025-10-19,107204.3125,109488.9921875,106157.7890625,108666.7109375,47657008953,BTC-USD
2025-10-20,108667.4453125,111711.03125,107485.015625,110588.9296875,63507793085,BTC-USD
2025-10-21,110587.6328125,113996.34375,107534.75,108476.890625,101194375480,BTC-USD
2025-10-22,108491.53125,109115.1328125,106778.0,107688.5859375,80807013218,BTC-USD
2025-10-23,107679.4375,111288.59375,107548.4296875,110069.7265625,54944076060,BTC-USD
2025-10-24,110069.3515625,111842.53125,109770.1484375,111033.921875,48160816980,BTC-USD
2025-10-25,111032.6171875,111947.703125,110704.40625,111641.7265625,24707667305,BTC-USD
2025-10-26,111639.0546875,115260.90625,111268.484375,114472.4453125,41708524143,BTC-USD
2025-10-27,114479.8515625,116273.3125,113882.2890625,114119.328125,61761358733,BTC-USD
2025-10-28,114129.0859375,116078.984375,112291.6796875,112956.1640625,64528066504,BTC-USD
2025-10-29,112921.328125,113642.7265625,109368.71875,110055.3046875,62192043469,BTC-USD
2025-10-30,110059.1953125,111612.3515625,106376.6875,108305.546875,69673964814,BTC-USD
2025-10-31,108304.4140625,111031.8203125,108288.2734375,109556.1640625,60090359560,BTC-USD
2025-11-01,109558.625,110574.8984375,109372.953125,110064.015625,25871668762,BTC-USD
2025-11-02,110064.4296875,111167.3125,109523.453125,110639.625,34284209459,BTC-USD
2025-11-03,110646.90625,110764.9140625,105336.359375,106547.5234375,72852006359,BTC-USD
2025-11-04,106541.421875,107264.8828125,98962.0625,101590.5234375,110967184773,BTC-USD
2025-11-05,101579.234375,104534.703125,98989.9140625,103891.8359375,77584934804,BTC-USD
2025-11-06,103893.6640625,104147.3046875,100336.8671875,101301.2890625,63932752861,BTC-USD
2025-11-07,101286.2421875,104052.9140625,99257.0546875,103372.40625,92168030081,BTC-USD
2025-11-08,103371.703125,103373.5625,101458.0390625,102282.1171875,51446691095,BTC-USD
2025-11-09,102278.984375,105418.3671875,101468.875,104719.640625,59679243013,BTC-USD
2025-11-10,104723.7734375,106564.6953125,104350.6484375,105996.59375,69585887229,BTC-USD
2025-11-11,105996.859375,107428.2578125,102457.328125,102997.46875,71130078574,BTC-USD
2025-11-12,103011.4375,105297.234375,100836.6171875,101663.1875,64347179408,BTC-USD
2025-11-13,101674.1484375,104005.4921875,97988.71875,99697.4921875,101546815416,BTC-USD
2025-11-14,99694.703125,99804.4296875,94000.734375,94397.7890625,114346441890,BTC-USD
2025-11-15,94420.46875,96728.46875,94420.46875,95549.1484375,38500716654,BTC-USD
2025-11-16,95556.8671875,96564.1875,92971.1640625,94177.078125,71086235862,BTC-USD
2025-11-17,94180.875,95928.3671875,91214.7578125,92093.875,94186165724,BTC-USD
2025-11-18,92094.53125,93745.078125,89300.4609375,92948.875,101333569062,BTC-USD
2025-11-19,92946.1640625,92946.1640625,88526.828125,91465.9921875,80350354656,BTC-USD
2025-11-20,91459.3515625,93025.0703125,86040.796875,86631.8984375,97970645638,BTC-USD
2023-01-03,88.97631857972549,90.4263244711382,87.91364821898763,88.5095443725586,28131200,GOOGL
2023-01-04,89.73111687687052,90.02906496049344,86.67221251659535,87.47666931152344,34854800,GOOGL
2023-01-05,86.8708478238016,86.97016132679408,85.3116023377022,85.60954284667969,27194400,GOOGL
2023-01-06,86.19549412333996,87.08933068765106,84.27871421542477,86.7417221069336,41381500,GOOGL
2023-01-09,87.75474345560666,89.4331695495465,87.25816840553064,87.41706848144531,29003900,GOOGL
2023-01-10,85.39105735353961,88.06262623356912,85.24208330842042,87.81433868408203,30467800,GOOGL
2023-01-11,88.56913668176881,90.9725583891189,88.40030296334042,90.89310455322266,26862000,GOOGL
2023-01-12,90.85337642641241,91.24070436753142,89.13522338270101,90.50576782226562,30258100,GOOGL
2023-01-13,90.22769342607428,91.55851862343924,89.5126240755062,91.48899841308594,26329200,GOOGL
2023-01-17,91.42939508883157,91.6180960310852,89.4331688584874,90.6646728515625,32602400,GOOGL
2023-01-18,91.50885177199906,92.1643344905254,90.0191265867673,90.49584197998047,29116700,GOOGL
2023-01-19,90.09857897517838,92.96878218001514,90.00919152538334,92.4126205444336,37000400,GOOGL
2023-01-20,94.44857523506278,97.62666017673301,94.36912140666584,97.34857177734375,63191100,GOOGL
2023-01-23,97.27906024097814,99.35474812430549,96.8321456764025,99.10646057128906,40005100,GOOGL
2023-01-24,97.42803093472394,98.9276898249223,96.5341942592039,97.03076934814453,33078500,GOOGL
2023-01-25,94.91535768313268,95.50132020032594,93.11775837133916,94.56775665283203,42330000,GOOGL
2023-01-26,95.83898757649443,96.90165791285827,94.7266567027606,96.85199737548828,30114000,GOOGL
2023-01-27,96.6434441075587,99.63282834879519,96.6434441075587,98.68933868408203,33879800,GOOGL
2023-01-30,96.8122800793185,97.61672927716072,95.73967609743931,96.2759780883789,27226200,GOOGL
2023-01-31,96.20645682604395,98.20268315266414,96.15679628817142,98.16295623779297,29870700,GOOGL
2023-02-01,98.03385353408179,100.49686931883123,96.91159655644073,99.74207305908203,35531100,GOOGL
2023-02-02,105.07529269327897,107.11124602798093,104.8865917332853,107.00199890136719,69883800,GOOGL
2023-02-03,102.22494486291488,107.07151484914603,101.87734382713276,104.06227111816406,65309300,GOOGL
2023-02-06,101.69858479842287,103.64515833481778,101.18214243699336,102.19515991210938,31999600,GOOGL
2023-02-07,102.51296500106885,107.43898909076722,102.41365149635558,106.9026870727539,49010200,GOOGL
2023-02-08,101.35098153887236,102.43351162623514,97.36844709177582,98.68933868408203,94743500,GOOGL
2023-02-09,99.31500870743477,99.34480199770559,92.988639925003,94.35919189453125,119455000,GOOGL
2023-02-10,94.79618010978967,96.08727835366426,93.60440294400885,93.92221069335938,54980700,GOOGL
2023-02-13,94.0910437433125,94.54789190623137,93.19720708667369,93.9619369506836,50076100,GOOGL
2023-02-14,93.78317606675209,94.20029734281495,91.62804189662572,94.03146362304688,54726100,GOOGL
2023-02-15,93.84275567149737,96.4547454186921,93.50508825709151,96.2759780883789,50169000,GOOGL
2023-02-16,94.7167258913076,97.01090015224685,94.09103649131777,94.85576629638672,42462600,GOOGL
2023-02-17,94.20028752420988,94.90542320133379,92.571521930855,93.7037124633789,34284100,GOOGL
2023-02-21,92.36296567753287,92.46227917896354,91.09173467409758,91.1612548828125,33629300,GOOGL
2023-02-22,91.07186212673855,91.4790573091785,89.98933214302377,91.02220916748047,30884000,GOOGL
2023-02-23,91.29036136551639,91.31022861201542,89.14516094882144,90.26741790771484,41206400,GOOGL
2023-02-24,88.82735191404939,89.27426645106479,87.9732421781732,88.51947021484375,36585100,GOOGL
2023-02-27,89.25440979003906,89.54242425273972,88.72803382757155,89.25440979003906,27502300,GOOGL
2023-02-28,88.71811217771574,90.60509913680653,88.70817855378289,89.44310760498047,30142000,GOOGL
2023-03-01,89.36365638021726,90.40645952118473,89.05577467248298,89.74105072021484,31111200,GOOGL
2023-03-02,89.04585177857054,91.64790048854901,88.9763239895768,91.36981964111328,32204400,GOOGL
2023-03-03,91.84653053055096,93.087968235955,91.81672966082834,93.00851440429688,35160100,GOOGL
2023-03-06,93.37596585783857,95.3126130325379,93.35610619046027,94.47836303710938,32639300,GOOGL
2023-03-07,94.32939468285895,95.01466306200169,92.8893225701866,93.2170639038086,27835500,GOOGL
2023-03-08,93.47529384441702,95.30268646381667,93.3561130999254,93.60440063476562,34103300,GOOGL
2023-03-09,93.40576740123382,94.87562526615336,91.27049322874895,91.68761444091797,28813500,GOOGL
2023-03-10,91.53864552759404,92.15440133504755,89.78077313404465,90.00919342041016,35941000,GOOGL
2023-03-13,89.47289113745587,91.93590678175909,88.80748237211967,90.48590850830078,37335600,GOOGL
2023-03-14,91.92597154460599,93.7136447693308,91.806798381047,93.3263168334961,36050200,GOOGL
2023-03-15,92.58146426998951,96.26605065899415,92.00543532668166,95.45166778564453,50622100,GOOGL
2023-03-16,95.54103157497603,100.49685576942163,94.8458295723151,99.6328125,65492000,GOOGL
2023-03-17,99.57323488486855,102.13555648041809,99.41432722588,100.92391967773438,61028500,GOOGL
2023-03-20,99.43420102629747,101.05303312899842,99.18591347561197,100.52666473388672,32960400,GOOGL
2023-03-21,100.55645742962116,104.38008417201192,100.52666413605763,104.2013168334961,42110300,GOOGL
2023-03-22,103.55575527784055,105.85986315524171,102.62219935716337,102.66192626953125,43427400,GOOGL
2023-03-23,104.34035358194444,105.5718652382067,103.7444650002461,104.87665557861328,40797800,GOOGL
2023-03-24,104.27083604812334,104.76741114179761,103.12871181724563,104.71775817871094,30393300,GOOGL
2023-03-27,103.90337141301279,104.04241182783166,101.23179508502922,101.75816345214844,31120900,GOOGL
2023-03-28,101.73831238577425,101.74823843257612,99.05680220795338,100.33796691894531,32057900,GOOGL
2023-03-29,101.57939865477051,101.7879592821989,99.96056659779713,100.69549560546875,28779600,GOOGL
2023-03-30,100.21879608134556,100.46708364562146,99.09653144145204,100.19892883300781,33086200,GOOGL
2023-03-31,100.60611500458978,103.1783703015433,100.34789383942677,103.01947021484375,36863400,GOOGL
2023-04-03,101.68864224254398,103.81398293626825,101.23179408733668,103.64514923095703,25035400,GOOGL
2023-04-04,103.6153575922124,104.85679528719108,103.32734313772123,104.002685546875,24420100,GOOGL
2023-04-05,105.05541876730959,105.37322650348958,102.9499453565425,103.75439453125,28290500,GOOGL
2023-04-06,104.53898710670686,108.42220026038169,103.6153571623888,107.67733764648438,48711500,GOOGL
2023-04-10,106.24720898582663,106.85302362121595,104.39994905536618,105.71090698242188,27067400,GOOGL
2023-04-11,105.82014926393511,105.99891659022042,103.9629557951451,104.62836456298828,26311800,GOOGL
2023-04-12,105.84994678392115,106.01878049406454,103.62528495080397,103.92323303222656,24370300,GOOGL
2023-04-13,105.11500209869247,106.75370126589488,105.11500209869247,106.6941146850586,24843600,GOOGL
2023-04-14,106.15782680132989,108.19378779069612,106.10816625929272,108.124267578125,26578000,GOOGL
2023-04-17,103.94309352521483,105.43281868126573,103.80404553968684,105.2441177368164,37571200,GOOGL
2023-04-18,105.76055392984837,105.81021446659526,103.3571324631272,103.78418731689453,26596400,GOOGL
2023-04-19,102.87049630184782,104.26090805358163,102.36398759416694,103.46638488769531,20905700,GOOGL
2023-04-20,103.19824205773932,105.52220991435789,103.1585151400448,104.56878662109375,27820800,GOOGL
2023-04-21,104.74755197991318,105.27392036941873,104.0622759226367,104.6879653930664,25800100,GOOGL
2023-04-24,104.76740235294118,105.89959286536913,103.9828128614983,105.2441177368164,23542800,GOOGL
2023-04-25,105.10508198445909,105.95919171793508,103.12870773434398,103.13864135742188,46664100,GOOGL
2023-04-26,104.20130635010432,105.62151129178214,101.92699171890646,102.99959564208984,53347600,GOOGL
2023-04-27,103.73452888709065,107.62768318681694,102.83076620158695,106.85301971435547,50089200,GOOGL
2023-04-28,106.30680342947261,106.61467758159495,104.37015590005983,106.60474395751953,36139800,GOOGL
2023-05-01,106.10816356457741,107.25028780821327,106.08830389454782,106.4656982421875,26681700,GOOGL
2023-05-02,106.4061047175776,106.46569130091618,102.99959945592909,104.59857177734375,30997200,GOOGL
2023-05-03,104.80713856675996,106.75371203414588,104.24104326031167,104.6879653930664,21795400,GOOGL
2023-05-04,104.76740065591308,104.87664777175794,103.2578158561728,103.97288513183594,23419500,GOOGL
2023-05-05,104.10200016796126,105.1547369199555,103.39686445887698,104.84686279296875,26639300,GOOGL
2023-05-08,104.45952890885576,107.22048500326504,104.43966924058789,107.03178405761719,26511400,GOOGL
2023-05-09,107.64754689134159,109.3954933214144,106.45576971187144,106.61466979980469,36360100,GOOGL
2023-05-10,107.2304286612031,112.1663863838794,107.19070174381547,110.98453521728516,63153400,GOOGL
2023-05-11,114.60952346058797,117.11225838749655,113.62630697970965,115.7715072631836,78900000,GOOGL
2023-05-12,115.88076924423699,117.221520540522,115.31467391571066,116.70508575439453,41102300,GOOGL
2023-05-15,115.31466773479636,117.66843638362967,115.21535423245682,115.71192932128906,36266800,GOOGL
2023-05-16,115.69205805683869,119.92287978836107,115.63247147293116,118.69137573242188,45035600,GOOGL
2023-05-17,118.79068999623586,120.83657687966704,118.07562067620398,120.01226043701172,33323600,GOOGL
2023-05-18,120.12149759705134,122.4653323618153,120.00232443835284,121.9886245727539,35234200,GOOGL
2023-05-19,122.7037026780781,125.10712419543219,121.31329096834843,121.91911315917969,41353400,GOOGL
2023-05-22,122.0978806379514,125.56397250500119,121.89924606366814,124.19342803955078,35253000,GOOGL
2023-05-23,123.30953592823856,123.77631017053987,121.37288843762879,121.72048950195312,34046300,GOOGL
2023-05-24,120.29034023791623,121.07492970920181,119.0389690173856,120.07184600830078,34182600,GOOGL
2023-05-25,123.66705529543533,124.46157845882605,121.12459329600016,122.63418579101562,42317000,GOOGL
2023-05-26,122.32630058666038,124.4019883136242,121.61123127549837,123.75643920898438,35635900,GOOGL
2023-05-30,124.7793829644057,124.79925021039784,121.16431706152757,122.8228759765625,35076700,GOOGL
2023-05-31,121.90917771682845,123.210201954541,121.66089018583695,122.02835845947266,37325800,GOOGL
2023-06-01,121.97870664405423,123.56774544059134,121.7800796359126,122.87254333496094,30772700,GOOGL
2023-06-02,123.14068238937887,125.28589030532665,122.91226210287383,123.81602478027344,26980100,GOOGL
2023-06-05,123.16055031668364,126.55712195859554,122.99170903517506,125.1468505859375,32305500,GOOGL
2023-06-06,125.14685186297365,127.41122540355373,124.50130275345192,126.43794250488281,26638300,GOOGL
2023-06-07,126.10027879089003,128.15609177061813,121.28350196296054,121.66089630126953,52539000,GOOGL
2023-06-08,121.39275507491422,122.38590529778074,120.40953089873925,121.3033676147461,29389200,GOOGL
2023-06-09,121.41260564070839,122.91226448637528,121.07493822728019,121.39274597167969,23778300,GOOGL
2023-06-12,121.94890708399343,123.20027838695897,120.8266501491064,122.79308319091797,28306400,GOOGL
2023-06-13,124.1239051576865,124.30267248212147,122.33623191333673,122.98178100585938,22278300,GOOGL
2023-06-14,122.25678069993417,123.20027787907088,120.61808145375716,122.8228759765625,30592300,GOOGL
2023-06-15,122.29650693637248,124.60061494495433,121.56157795855897,124.23314666748047,35246300,GOOGL
2023-06-16,125.06739200928554,125.24615932981803,122.43554273699836,122.68383026123047,45535600,GOOGL
2023-06-20,122.08794882394656,123.7167144715317,121.30335929245436,122.25678253173828,26097500,GOOGL
2023-06-21,121.56158475873276,121.81980592970349,119.27733629111745,119.72425842285156,30306300,GOOGL
2023-06-22,119.1780103443809,122.3958145020817,118.01602656203531,122.30643463134766,26952200,GOOGL
2023-06-23,120.54856042408845,121.94890574873948,120.23075268459189,121.50198364257812,34913600,GOOGL
2023-06-26,119.9328098317089,121.16431385089092,117.45986059347797,117.52938079833984,33969900,GOOGL
2023-06-27,116.27802486079214,118.26432522024346,115.3047343507218,117.51946258544922,39535900,GOOGL
2023-06-28,116.28795064666333,119.56534926327315,116.04959672566056,119.3567886352539,27091400,GOOGL
2023-06-29,118.42322773873825,119.23761059973769,117.4896717030926,118.28418731689453,24090900,GOOGL
2023-06-30,119.3468630037826,120.2506333628536,118.87015512985498,118.88008117675781,29532200,GOOGL
2023-07-03,118.4232220961238,119.36671928754727,118.0061008504676,119.07870483398438,14467900,GOOGL
2023-07-05,118.42322188319095,121.77014061981656,118.4132958372177,120.91603088378906,27584800,GOOGL
2023-07-06,118.97938023952536,119.47595526961163,117.58896863985706,119.2872543334961,24745200,GOOGL
2023-07-07,119.27733118880711,120.2208283751295,118.58212911647212,118.66158294677734,21709500,GOOGL
2023-07-10,117.48966227568181,117.49958832134938,115.3444543785659,115.65232849121094,35315200,GOOGL
2023-07-11,115.49342464859208,116.90369595511098,114.55986114114224,116.33760070800781,23078800,GOOGL
2023-07-12,117.98623440184863,119.50575283595185,117.59890647069032,118.11534118652344,30404400,GOOGL
2023-07-13,120.1016475306422,123.97493461778386,119.62493212633821,123.68692016601562,44297900,GOOGL
2023-07-14,123.94514195311505,125.91157501012879,122.64411010204061,124.5608901977539,33283100,GOOGL
2023-07-17,125.07733004581449,126.22938025879756,123.34924336063862,123.7961654663086,25716200,GOOGL
2023-07-18,123.7465044333863,123.82595826213851,122.11773882963688,122.91226196289062,26193600,GOOGL
2023-07-19,123.74650254253834,124.32253142648887,120.96568677290944,121.19410705566406,37224000,GOOGL
2023-07-20,120.58830154235116,123.24001089146768,117.41022377305066,118.38350677490234,37906800,GOOGL
2023-07-21,119.79377211980879,120.16123282072522,117.91671896913194,119.1978759765625,72937900,GOOGL
2023-07-24,120.82665465609776,122.15747226159789,120.15131222994013,120.69754028320312,29686100,GOOGL
2023-07-25,120.52870291550938,122.3064425948192,120.19102792410442,121.37287902832031,52509600,GOOGL
2023-07-26,129.1790446188331,130.08279971943918,127.44103189219841,128.384521484375,61682100,GOOGL
2023-07-27,130.76808123057597,132.32733427349476,127.90780388799678,128.5136260986328,44952100,GOOGL
2023-07-28,129.8841862905285,132.82391764879182,129.67563322793964,131.67185974121094,36591200,GOOGL
2023-07-31,131.82080861382926,132.61533172518926,130.87731904908145,131.81088256835938,28055500,GOOGL
2023-08-01,129.884165463508,131.72149916208852,129.78484439440243,130.64889526367188,23166800,GOOGL
2023-08-02,128.56328842817067,129.19890394045316,126.68623518453411,127.50062561035156,26273300,GOOGL
2023-08-03,127.09341398106743,128.5036852432117,126.54717841897386,127.57012176513672,20089500,GOOGL
2023-08-04,128.39445152048964,130.60917213492286,127.03384065014664,127.23246765136719,26147200,GOOGL
2023-08-07,128.27528247274873,130.7084974129968,128.1362420519994,130.62904357910156,22746300,GOOGL
2023-08-08,129.72525263284138,130.60915555721093,128.65264877726932,130.49990844726562,23535200,GOOGL
2023-08-09,130.7581353686435,131.1355220716262,128.11635267643106,128.77183532714844,24912900,GOOGL
2023-08-10,130.42047521494374,131.14547052700968,128.56327426848324,128.8016357421875,20857800,GOOGL
2023-08-11,127.7787020538132,129.03999183440246,127.29205302432788,128.6725311279297,19591100,GOOGL
2023-08-14,128.50370607466445,130.47013926270824,128.07665875506092,130.430419921875,24695600,GOOGL
2023-08-15,130.20200257868774,130.51980277539664,128.39446186710262,128.8910369873047,19770700,GOOGL
2023-08-16,127.81842041015625,129.3875994550616,126.99411154985026,127.81842041015625,25216100,GOOGL
2023-08-17,128.91090189592276,131.08590330762058,128.40438558377576,129.0300750732422,33446300,GOOGL
2023-08-18,127.62972484003718,128.3646614325963,125.51431767340387,126.58692169189453,30504800,GOOGL
2023-08-21,126.30881826454812,127.84819622998596,125.69306253209304,127.49066162109375,25248700,GOOGL
2023-08-22,127.62972840342931,129.3876085234466,127.44104259256599,128.19583129882812,22054900,GOOGL
2023-08-23,129.28828598704578,132.49617204970477,128.98041184919285,131.46328735351562,27819700,GOOGL
2023-08-24,133.03247167127745,133.3304197742527,128.68248392321104,128.8910369873047,28500700,GOOGL
2023-08-25,128.6526586317479,129.86430297876237,126.37835154683795,128.99034118652344,26762900,GOOGL
2023-08-28,130.410527384116,131.63209767191532,129.2485436731459,130.11257934570312,20543300,GOOGL
2023-08-29,131.3341671984646,135.6345087050202,131.3341671984646,133.64820861816406,43075600,GOOGL
2023-08-30,133.85677802438667,135.34650327186472,133.15164989363763,134.94924926757812,28315800,GOOGL
2023-08-31,135.0783360036038,137.05471010485502,134.8598417751532,135.23724365234375,30053800,GOOGL
2023-09-01,136.51841658197364,136.51841658197364,133.9262942685733,134.73074340820312,21543700,GOOGL
2023-09-05,134.51223975734254,135.48552252379062,133.65813014270992,134.83998107910156,19403100,GOOGL
2023-09-06,135.0882981356743,135.59479929596694,132.75438904024102,133.5389862060547,18684500,GOOGL
2023-09-07,132.67492193999442,134.65129614991582,132.03930646435293,134.33348083496094,18844300,GOOGL
2023-09-08,133.98588417474053,135.7238968568323,133.92629759318024,135.44581604003906,23558300,GOOGL
2023-09-11,135.60471479290905,136.53827835845289,134.85985218052008,135.98211669921875,20763400,GOOGL
2023-09-12,135.326614277256,135.9324363867072,134.26395165172022,134.4129180908203,18405500,GOOGL
2023-09-13,134.16466114901567,135.9622606435177,133.2310975066341,135.77357482910156,20749500,GOOGL
2023-09-14,136.6574624161584,137.74991845433803,135.30677764834488,137.15403747558594,24751000,GOOGL
2023-09-15,137.0348453999781,137.5711549358485,135.5451202625324,136.4588165283203,38919600,GOOGL
2023-09-18,135.6742440861328,138.2067800272706,135.6742440861328,137.26329040527344,21861300,GOOGL
2023-09-19,136.4786884171114,137.46191249681675,135.6841652859194,137.0944366455078,20353700,GOOGL
2023-09-20,137.13419757117504,137.13419757117504,132.70474049007964,132.8239288330078,29927500,GOOGL
2023-09-21,130.5396743209516,131.32425636882158,129.1790632961711,129.54652404785156,31503900,GOOGL
2023-09-22,129.86430445123077,131.12560934891957,128.71226182736228,129.35780334472656,26397300,GOOGL
2023-09-25,128.94068310930032,130.27150064557682,128.0766473461499,130.2119140625,20094600,GOOGL
2023-09-26,128.88109288658347,129.46704780931566,126.34855709746034,127.68931579589844,25718700,GOOGL
2023-09-27,127.6893361771831,130.00336294677095,127.6893361771831,129.6458282470703,22746500,GOOGL
2023-09-28,128.9506045787111,132.38691057211608,128.9009440431534,131.4036865234375,22513100,GOOGL
2023-09-29,132.36706001789275,133.1317899299604,129.46706319600682,129.96363830566406,30859800,GOOGL
2023-10-02,130.31124518071243,133.49924885517964,130.27151068608651,133.25096130371094,22288000,GOOGL
2023-10-03,133.0225394165618,133.34033959843973,130.9369179473362,131.5228729248047,22989400,GOOGL
2023-10-04,131.880399206417,134.64137051208016,131.6221856279351,134.31362915039062,26752300,GOOGL
2023-10-05,134.14480590820312,134.5619271771739,132.53589226586496,134.14480590820312,19832600,GOOGL
2023-10-06,133.0920354756824,137.2136173603073,133.0920354756824,136.63758850097656,27597600,GOOGL
2023-10-09,136.00197439996847,137.9882745602618,134.68108297486128,137.47183227539062,19278100,GOOGL
2023-10-10,137.55129206777264,138.76293643045838,136.3893082421022,137.1143035888672,27786600,GOOGL
2023-10-11,137.63077293396748,140.1434420270241,137.63077293396748,139.5872802734375,25884300,GOOGL
2023-10-12,140.08383585702484,140.25266956903684,137.3129383696769,138.01808166503906,24765500,GOOGL
2023-10-13,138.42528082227236,139.04102910178543,135.68417654981894,136.4191131591797,23420500,GOOGL
2023-10-16,137.22354879733518,138.67355462493762,137.04478905169177,138.14718627929688,28501900,GOOGL
2023-10-17,137.6804094322447,138.9416992051521,136.24032959877303,138.762939453125,23515800,GOOGL
2023-10-18,138.4947833931161,139.75608830865576,136.4389704924277,137.01499938964844,23375000,GOOGL
2023-10-19,137.55128958091115,138.70334734005715,136.43896631236626,136.80642700195312,26066000,GOOGL
2023-10-20,136.38930324394852,136.92559762296315,134.15471554856344,134.67115783691406,26335700,GOOGL
2023-10-23,134.1149813844345,136.71704492317136,133.0324514241763,135.5649871826172,26317900,GOOGL
2023-10-24,136.88589368436072,138.40541227579737,136.47869846593147,137.8591766357422,44814300,GOOGL
2023-10-25,127.28213165074476,127.43109811714302,124.21329363165228,124.74959564208984,84366200,GOOGL
2023-10-26,122.42562228078602,123.47836664919942,120.43932187331096,121.4424057006836,57061100,GOOGL
2023-10-27,122.03828847268005,122.4653433429545,119.38657937399506,121.3331527709961,44566500,GOOGL
2023-10-30,122.36603750768184,124.54103891080094,121.90918931644462,123.60747528076172,28940100,GOOGL
2023-10-31,124.20336261171083,124.51124432870175,121.8496014676639,123.2300796508789,26292300,GOOGL
2023-11-01,123.22013718892472,125.62355870184368,122.87253615641731,125.58383178710938,30082400,GOOGL
2023-11-02,127.54034444912548,128.09650612590542,126.06055280075913,126.61671447753906,27124600,GOOGL
2023-11-03,127.1430941962939,128.64274555866953,126.9841865255831,128.2156982421875,26393100,GOOGL
2023-11-06,128.16602622960193,129.44718321865057,127.78862433400963,129.35780334472656,19052700,GOOGL
2023-11-07,129.8146623938561,131.00643953950896,128.99034595326017,130.0728759765625,29757300,GOOGL
2023-11-08,130.07285401571562,131.30436544572024,129.88415309494508,130.9368896484375,26425800,GOOGL
2023-11-09,131.05610465685587,131.64205962708724,129.17905141944397,129.34788513183594,23747800,GOOGL
2023-11-10,129.20882874695465,131.8903308755952,128.5235527815123,131.6817626953125,26913300,GOOGL
2023-11-13,130.87733703282254,131.6817863001911,130.3509686195006,131.18521118164062,18324800,GOOGL
2023-11-14,133.27083007070482,134.7704814431392,132.4067942311074,132.70472717285156,32395200,GOOGL
2023-11-15,133.94616352823743,134.1050711983341,132.6550803829433,133.6978759765625,23861500,GOOGL
2023-11-16,134.26396344963493,136.28005692536698,133.3999277183977,135.99203491210938,28013200,GOOGL
2023-11-17,135.06843957763004,135.12802617040742,132.73453033204356,134.38316345214844,37240600,GOOGL
2023-11-20,132.7742344288309,135.72389133009685,132.70470665032983,135.3166961669922,27815500,GOOGL
2023-11-21,135.35641885860446,136.240321830969,135.02869266524024,136.03176879882812,22635300,GOOGL
2023-11-22,136.52834920416745,138.46498892143381,136.52834920416745,137.54136657714844,17813900,GOOGL
2023-11-24,137.08451015366452,137.1838312275909,135.05849057227317,135.75369262695312,12514300,GOOGL
2023-11-27,135.0981993300442,137.47182733003615,135.06840604105298,135.47560119628906,23436500,GOOGL
2023-11-28,135.1478847248758,136.30986867209273,134.49240193795245,136.2602081298828,18730000,GOOGL
2023-11-29,136.62768277470195,137.34273698978822,133.91637176828155,134.0653533935547,23967200,GOOGL
2023-11-30,134.12493508416668,134.6215101750712,130.3807546555512,131.6221923828125,38988300,GOOGL
2023-12-01,130.956787109375,131.2050746615197,129.77493593648308,130.956787109375,31442300,GOOGL
2023-12-04,128.9903436695441,129.1393101272626,127.02390307918412,128.384521484375,36669900,GOOGL
2023-12-05,128.06670813818567,131.2348595247084,127.37150606769525,130.09274291992188,27384800,GOOGL
2023-12-06,130.53966601076132,130.93692003300382,128.99035410803816,129.12939453125,23576200,GOOGL
2023-12-07,134.11498184317722,137.61087441248972,133.77731444870147,135.99203491210938,56767100,GOOGL
2023-12-08,133.280756234884,135.46568368379624,133.11192251632352,134.0653533935547,32260100,GOOGL
2023-12-11,131.47321332216674,132.42662891897587,130.4601959905728,132.37696838378906,31138000,GOOGL
2023-12-12,130.90711565395327,132.08896672831054,130.3608800539224,131.6122589111328,29032800,GOOGL
2023-12-13,132.4663908404248,132.5855640261378,130.6687912359897,131.6619415283203,30104800,GOOGL
2023-12-14,132.46637833464752,132.8040457651367,128.8016516772407,131.03623962402344,38722400,GOOGL
2023-12-15,130.7183982551423,132.59545115047231,130.2814098301103,131.6916961669922,50847100,GOOGL
2023-12-18,131.72151251769395,136.21054039619156,131.52287035934194,134.8697967529297,32258000,GOOGL
2023-12-19,135.9026444089688,136.52833376775368,135.14785585314146,135.7139434814453,25476800,GOOGL
2023-12-20,138.01806916656724,140.72936466802966,137.12424014761805,137.3923797607422,49107200,GOOGL
2023-12-21,138.5345227569631,139.72629993086744,138.22663347448133,139.45814514160156,27488300,GOOGL
2023-12-22,139.8057437045314,141.01738803787043,139.74615712326357,140.52081298828125,26532200,GOOGL
2023-12-26,140.62012603356706,141.7026560595198,140.22287203546634,140.5506134033203,16780300,GOOGL
2023-12-27,140.6201375358573,141.10678660446538,138.9317851744244,139.4084930419922,19628600,GOOGL
2023-12-28,139.8156753043673,140.1732099604458,138.7927318739171,139.26943969726562,16045700,GOOGL
2023-12-29,138.67355245713628,139.39854778247008,137.82936881563538,138.73313903808594,18733000,GOOGL
2024-01-02,137.60095843072804,138.49478751777463,135.54513031454442,137.2235565185547,23711200,GOOGL
2024-01-03,136.3098554072648,138.67355756715372,136.14102170359678,137.96841430664062,24212100,GOOGL
2024-01-04,137.47185860703087,138.206795262647,135.41604542757176,135.4557647705078,27137700,GOOGL
2024-01-05,135.81327982358127,136.22047501254474,134.22423355918488,134.80026245117188,22513900,GOOGL
2024-01-08,135.35642590429612,138.05779549726947,135.32663261243945,137.8889617919922,21404000,GOOGL
2024-01-09,137.55131245616278,140.52083722032057,137.20370379980002,139.98452758789062,24759600,GOOGL
2024-01-10,140.03415853912,142.02045866024227,139.94477867069364,141.30538940429688,21320200,GOOGL
2024-01-11,142.50712641269087,144.2252720005351,139.67664230562886,141.10678100585938,24008700,GOOGL
2024-01-12,141.69271880711432,142.2190871323883,140.8485503393483,141.6728515625,18785500,GOOGL
2024-01-16,141.02731279231332,143.36122156572418,140.48107721191207,141.5139617919922,22670500,GOOGL
2024-01-17,140.38180337382323,140.86843733043412,137.9485729736841,140.5009765625,20968600,GOOGL
2024-01-18,141.076979705048,143.22218763363355,141.017393121632,142.49717712402344,25746400,GOOGL
2024-01-19,143.74855374619364,145.44683196408025,143.39101909701728,145.3773193359375,34271900,GOOGL
2024-01-22,146.09235671470663,147.37351342101346,144.8409781388678,144.98995971679688,32200400,GOOGL
2024-01-23,144.89068966831204,146.17184682560335,144.50336167617556,146.03280639648438,21636100,GOOGL
2024-01-24,147.52253458036384,148.82357416490728,147.0855611907291,147.6814422607422,25233500,GOOGL
2024-01-25,149.04203864825777,152.0016216209964,148.5156551679274,150.82969665527344,29149100,GOOGL
2024-01-26,150.06500710843747,151.49513072238005,149.97561206972168,151.1475372314453,26115500,GOOGL
2024-01-29,151.01841608442453,152.72663563055315,150.39272661279912,152.45848083496094,27784300,GOOGL
2024-01-30,151.7533487161558,152.56772397377597,150.15437633934806,150.4225311279297,36331800,GOOGL
2024-01-31,142.63621252421888,143.01361441161524,138.91189964891637,139.1403350830078,71910000,GOOGL
2024-02-01,141.14650041457003,142.08006401958028,139.8256088409139,140.19308471679688,40466500,GOOGL
2024-02-02,138.3061002525656,141.64308574441233,135.56501098058345,141.4047393798828,62499600,GOOGL
2024-02-05,141.84172140070675,144.47356341654853,141.801986905598,142.69581604003906,38505400,GOOGL
2024-02-06,143.65915070969015,144.3642939230755,142.2091601025006,143.11293029785156,29128200,GOOGL
2024-02-07,143.7684044294837,144.62251413002522,142.94408801989272,144.54306030273438,25208900,GOOGL
2024-02-08,144.83106864115135,145.32764364911486,144.10607337271927,144.9105224609375,22563800,GOOGL
2024-02-09,145.6752545299046,148.4163586012769,145.17867946239727,147.9793701171875,26829500,GOOGL
2024-02-12,147.403342720252,148.3170390352505,146.3605320370219,146.51943969726562,21564100,GOOGL
2024-02-13,143.92731874169158,145.6653315141202,142.70574829340842,144.14581298828125,27837700,GOOGL
2024-02-14,145.07934800544575,145.51633641261904,143.10297412909958,144.9403076171875,22704200,GOOGL
2024-02-15,142.15949863580622,142.53690050705205,139.49786375554055,141.7920379638672,37590700,GOOGL
2024-02-16,142.0105467049223,142.20917370588808,139.18006268978624,139.55746459960938,31468900,GOOGL
2024-02-20,138.70336003010283,141.1067816862522,138.53452631527114,140.15335083007812,25144700,GOOGL
2024-02-21,140.48110649235335,141.71261831628095,139.71637652039917,141.57357788085938,23223300,GOOGL
2024-02-22,143.9372392880377,144.00676707032724,141.8218398421828,143.10299682617188,27191900,GOOGL
2024-02-23,142.68588543031947,143.68896166282684,142.44752393009878,142.97390747070312,19493800,GOOGL
2024-02-26,141.1663742553499,141.46432235767185,136.44891062377383,136.627685546875,53641800,GOOGL
2024-02-27,137.07458595594144,138.29615637950963,136.1509484496325,137.92869567871094,33099200,GOOGL
2024-02-28,136.95539328712587,137.06464040474236,134.48245922676676,135.44581604003906,37328600,GOOGL
2024-02-29,136.3396411924551,137.9088201307194,135.4656642763921,137.51156616210938,42133000,GOOGL
2024-03-01,137.4817642909518,137.91875276987585,135.98211306034264,136.2006072998047,31151100,GOOGL
2024-03-04,134.73074347371,134.73074347371,131.00643067415544,132.4365692138672,55999400,GOOGL
2024-03-05,130.97664850689333,132.32733333640527,129.77493014030705,131.76123046875,40194800,GOOGL
2024-03-06,132.20812771862853,132.6649834022908,129.95368805180595,130.49990844726562,35318600,GOOGL
2024-03-07,131.88039821915834,134.01568007704142,130.70848834758843,133.4595184326172,37738200,GOOGL
2024-03-08,133.29067535913302,137.14408726212994,133.08210718000322,134.48245239257812,39370400,GOOGL
2024-03-11,135.1975450664785,138.147202448987,135.1975450664785,136.72698974609375,32437800,GOOGL
2024-03-12,136.09135297378896,138.4252617016085,136.09135297378896,137.55128479003906,27563400,GOOGL
2024-03-13,138.04786134072793,140.12354137422258,138.0379352954484,138.8324432373047,23347200,GOOGL
2024-03-14,140.22287627299642,142.6064306421688,139.49788088513242,142.1197967529297,42753400,GOOGL
2024-03-15,141.52388652336936,142.19922130430962,139.07080461128953,140.21292114257812,49475400,GOOGL
2024-03-18,147.59204880216603,151.10779377020597,146.16191011880434,146.6684112548828,69273700,GOOGL
2024-03-19,147.14512212588627,147.7707963825931,145.0793681039668,146.02285766601562,24070400,GOOGL
2024-03-20,146.98622431157722,147.84033405901792,145.73486056013707,147.72116088867188,21311500,GOOGL
2024-03-21,148.44617545571356,149.3400046573961,145.89377192953626,146.5889892578125,24755600,GOOGL
2024-03-22,148.0985519993625,150.54170814315216,147.9595115784489,149.7372589111328,29211800,GOOGL
2024-03-25,148.91293885124503,149.3499273505425,146.8074653411052,149.04205322265625,19229300,GOOGL
2024-03-26,149.1910096788579,151.2170292210166,148.95264819861129,149.63792419433594,22149100,GOOGL
2024-03-27,150.1444219519495,150.60127765702768,147.88004097990625,149.8365478515625,22879200,GOOGL
2024-03-28,149.8167100033746,150.39272376928287,149.14136000396124,149.89614868164062,24485400,GOOGL
2024-04-01,149.65778808095055,154.67319901919112,149.5783342559848,154.42491149902344,31730800,GOOGL
2024-04-02,152.44856017882478,153.64033742298443,151.10780130772653,153.5012969970703,24586000,GOOGL
2024-04-03,152.54787531244028,154.01773335108788,151.6838243418592,153.85882568359375,24705000,GOOGL
2024-04-04,152.4485431723482,153.7098480658943,149.41943228041532,149.49888610839844,34724700,GOOGL
2024-04-05,149.00230145399445,152.36907953234603,148.57525420463722,151.45538330078125,23459200,GOOGL
2024-04-08,151.73349361287455,154.2064431848851,151.56465988929844,153.78932189941406,20702000,GOOGL
2024-04-09,155.02079697777037,157.47387896093983,154.1269679407953,155.52731323242188,31079500,GOOGL
2024-04-10,155.1400081386409,155.53726217928414,153.62047430521832,155.0704803466797,22838600,GOOGL
2024-04-11,155.83519407658596,158.58620908812793,155.38827953878376,158.3180694580078,27166400,GOOGL
2024-04-12,156.8780326547404,159.12254694300051,156.06364211081657,156.64959716796875,25353700,GOOGL
2024-04-15,157.77184090027146,158.1492428244945,153.5310853159215,153.7992401123047,27136500,GOOGL
2024-04-16,153.1338236644043,154.5838143933326,152.3790198535887,153.34237670898438,20779500,GOOGL
2024-04-17,154.55402627985885,156.0040322116408,153.5211567597512,154.40505981445312,21763100,GOOGL
2024-04-18,154.27595164428578,155.86499805909074,153.56088227305054,154.9413604736328,19883000,GOOGL
2024-04-19,155.13006297338708,155.288970647292,151.2567831361415,153.03451538085938,32615600,GOOGL
2024-04-22,153.25298111285292,156.56017258323456,153.00469360145132,155.20948791503906,26446200,GOOGL
2024-04-23,155.88485079460835,157.88107709681086,155.20950082719352,157.17593383789062,21151600,GOOGL
2024-04-24,156.41122759408012,158.47698179082704,156.093412261841,158.0399932861328,22779100,GOOGL
2024-04-25,150.2934175121377,155.4180760423038,149.8365617646382,154.93142700195312,57109700,GOOGL
2024-04-26,173.17559264604492,173.51327522567658,168.48792256762354,170.7721710205078,64665300,GOOGL
2024-04-29,167.9019726128003,168.38862167278765,164.07835338468118,165.01190185546875,45610000,GOOGL
2024-04-30,164.4755947325024,166.94854402823327,161.48621827680026,161.66497802734375,33562900,GOOGL
2024-05-01,163.174567823391,165.9752432828852,161.97284950974932,162.73757934570312,33493200,GOOGL
2024-05-02,163.6611865828327,165.5879000634434,162.76735761859345,165.47865295410156,24294500,GOOGL
2024-05-03,166.41223681348706,166.8095059662969,161.93313508971997,166.0944366455078,34662400,GOOGL
2024-05-06,166.31294707001013,166.9882819640809,164.89273433624226,166.9485626220703,21871300,GOOGL
2024-05-07,167.34578737133612,170.5834511551503,167.23654025708916,170.0769500732422,28039700,GOOGL
2024-05-08,167.84238566808955,168.98450234909356,167.58417206875262,168.21978759765625,19569100,GOOGL
2024-05-09,168.22970402279228,169.5208022541753,167.02798566826758,168.79580688476562,15346700,GOOGL
2024-05-10,166.87900279086293,168.68654316784418,165.05161032382293,167.4947509765625,29799900,GOOGL
2024-05-13,163.13485206008403,168.1204704803673,162.87663845465653,167.98143005371094,31327600,GOOGL
2024-05-14,168.60709956951226,170.0769574991566,167.64374274389093,169.17318725585938,25127100,GOOGL
2024-05-15,169.4612265184219,171.4673790473729,169.34203818737842,171.32833862304688,26948400,GOOGL
2024-05-16,172.1029744570571,173.9204409616944,171.50709348859317,172.98687744140625,27867900,GOOGL
2024-05-17,172.98689196767407,175.0625873717897,172.50025807570452,174.85401916503906,24479300,GOOGL
2024-05-20,174.9831344869509,177.545463796925,174.8738873598263,175.7081298828125,22554400,GOOGL
2024-05-21,175.68825488082155,176.92969256413505,174.60572485799662,176.6317596435547,16989400,GOOGL
2024-05-22,175.4300428084482,175.93654393206373,174.00984536056046,175.1718292236328,17880000,GOOGL
2024-05-23,175.85711428242732,177.02902425167093,171.76532512806048,172.36122131347656,21024900,GOOGL
2024-05-24,173.7814101180637,174.56600722798484,172.46051859158212,173.79135131835938,16579400,GOOGL
2024-05-28,173.2550411409201,176.0557318461207,173.1755873101766,175.19168090820312,20572200,GOOGL
2024-05-29,174.22831711133614,175.62866240818713,173.52318901724615,174.69509887695312,23388700,GOOGL
2024-05-30,173.99992196516303,174.01978921349524,170.61327595235952,170.93109130859375,22931500,GOOGL
2024-05-31,170.6827744434952,171.8745515162422,168.27935305307957,171.31838989257812,37638900,GOOGL
2024-06-03,171.35812097814537,173.33449524100553,169.9875840699293,171.9838104248047,27459100,GOOGL
2024-06-04,172.09306246094846,172.6591653391861,170.71258431304562,172.5995635986328,26879600,GOOGL
2024-06-05,173.99989738382425,175.43996202192773,172.73859249264606,174.20846557617188,22068500,GOOGL
2024-06-06,174.69509279578756,175.9365303942632,174.5461263456775,175.5194091796875,23251000,GOOGL
2024-06-07,175.83723941639084,176.65161466995326,173.10607646773101,173.26498413085938,19661400,GOOGL
2024-06-10,173.9709162293112,176.0489786130458,171.77352873315732,174.01068115234375,23726700,GOOGL
2024-06-11,175.21378603801926,175.83024098669136,172.77777855811084,175.6114959716797,21540600,GOOGL
2024-06-12,177.23216026578223,179.3798299163721,175.10438065964001,176.7747802734375,27864700,GOOGL
2024-06-13,175.10440825817855,175.7308157979112,173.8814358359176,174.1598358154297,20913300,GOOGL
2024-06-14,173.22520023784008,176.04898011878856,173.15559265736175,175.780517578125,18063600,GOOGL
2024-06-17,174.45811620425826,177.34155090633004,173.81181865264895,176.2279510498047,19618500,GOOGL
2024-06-18,176.12853810674497,176.37711061819581,173.105903043034,174.09024047851562,21869900,GOOGL
2024-06-20,174.36862216738828,176.27765703426607,173.99080230638756,175.29331970214844,20160100,GOOGL
2024-06-21,175.98932165115332,179.81734403821838,175.60154917641552,178.60430908203125,57759000,GOOGL
2024-06-24,179.13129030226546,179.85711775525812,177.64979273830824,178.1966552734375,18298000,GOOGL
2024-06-25,178.59436448189186,183.23769694925022,178.39550951673985,182.97918701171875,23130200,GOOGL
2024-06-26,181.58716996899867,183.4564246712397,181.43801738044664,182.8300323486328,19839000,GOOGL
2024-06-27,183.12831553961882,184.98764806113232,182.9692406782277,184.35130310058594,18848900,GOOGL
2024-06-28,183.2675316089203,184.07290404421764,180.92100671054675,181.1099090576172,29156600,GOOGL
2024-07-01,181.98489431830802,182.8300468722603,180.2647768963167,181.94512939453125,16006100,GOOGL
2024-07-02,181.01047903209437,184.51038372241194,180.52327152009687,184.18226623535156,17372500,GOOGL
2024-07-03,183.794494490313,185.02740425917852,182.94934200477914,184.7589569091797,10242100,GOOGL
2024-07-05,184.79873308828007,189.77018290215648,184.7390781179793,189.5116729736328,20967500,GOOGL
2024-07-08,188.8156499349587,189.0841124617017,186.7077601573061,187.95062255859375,21035900,GOOGL
2024-07-09,189.22333223651012,190.26733979712682,187.64241473790693,187.9009246826172,15121400,GOOGL
2024-07-10,188.0699258749634,190.6550856473197,187.9506159435702,190.0883331298828,15952500,GOOGL
2024-07-11,188.76595095990965,189.77017833635344,184.02318370351583,184.51039123535156,25625800,GOOGL
2024-07-12,184.02319732602172,186.0416048375752,183.43656985987124,184.0132598876953,22898400,GOOGL
2024-07-15,183.86408221767505,187.16513189141418,183.86408221767505,185.4648895263672,16474000,GOOGL
2024-07-16,186.29015643949128,187.60261121941616,182.3229342731027,182.8697967529297,18290700,GOOGL
2024-07-17,181.92522087766008,182.50191082967464,178.8727436582888,179.98635864257812,20734100,GOOGL
2024-07-18,180.89116422058456,181.45791677729983,175.4623495627197,176.67538452148438,25315700,GOOGL
2024-07-19,177.85860388752832,179.2605412872754,176.11859635003367,176.64556884765625,18881900,GOOGL
2024-07-22,179.5588249067722,181.65677738382092,179.20087990499312,180.63265991210938,24100300,GOOGL
2024-07-23,181.0105087684864,182.56159883728674,180.50341112715083,180.75198364257812,36352700,GOOGL
2024-07-24,172.60873427607675,175.18394149926314,170.83889945173814,171.64427185058594,49585200,GOOGL
2024-07-25,171.53491413564743,172.42976906222302,166.2353466432372,166.3248291015625,44852000,GOOGL
2024-07-26,166.19555465619968,167.1301896118219,163.12320243356427,166.04641723632812,41336900,GOOGL
2024-07-29,167.8659964365952,169.45685146547936,167.0307964085563,168.56199645996094,20293800,GOOGL
2024-07-30,169.2679245935279,170.2522619227889,167.47819966988007,169.317626953125,18959700,GOOGL
2024-07-31,172.25080624759823,173.25503369271337,169.03923860189312,170.5605010986328,25729100,GOOGL
2024-08-01,169.2778754387371,173.0561805386624,167.91570297002085,169.7849578857422,24531400,GOOGL
2024-08-02,165.48961377240155,167.54778598097556,163.72971639720066,165.70835876464844,29130100,GOOGL
2024-08-05,154.61209547201543,163.49109791672467,154.04534288788773,158.34068298339844,53630700,GOOGL
2024-08-06,158.42022424958387,159.65314928592488,155.51689933013026,157.3861541748047,49004600,GOOGL
2024-08-07,160.32926292292882,162.04938037940107,157.5651379293703,158.03245544433594,25138600,GOOGL
2024-08-08,159.59348752582613,162.75533771588556,159.29521265364664,161.1048126220703,25578800,GOOGL
2024-08-09,159.09632314224646,162.85473779079283,158.15175076145542,162.7354278564453,28602300,GOOGL
2024-08-12,163.41156183996847,163.95840918346863,160.9158843175958,161.36331176757812,15895300,GOOGL
2024-08-13,162.47692353255772,163.78937837052388,162.03943352934883,163.22264099121094,18551700,GOOGL
2024-08-14,161.47267673043564,162.2880017461777,156.80946975586303,159.4542694091797,40591100,GOOGL
2024-08-15,159.58353231405633,160.71702221708418,158.69861489126848,160.37896728515625,31524300,GOOGL
2024-08-16,160.5479977673965,164.11749500950546,160.20994282911744,162.0294952392578,24208600,GOOGL
2024-08-19,164.33622991201835,165.73818228196367,163.32204998783882,165.71829223632812,22416200,GOOGL
2024-08-20,165.9469875992757,167.67705758463384,165.8674577538516,166.2253875732422,18341500,GOOGL
2024-08-21,164.20696955757205,165.89727451091318,163.72971465758596,164.90298461914062,22902000,GOOGL
2024-08-22,166.3049195405105,166.63303702086546,162.3774775565528,162.86468505859375,22493300,GOOGL
2024-08-23,163.77944623676203,165.23110110715456,162.89452876403584,164.67430114746094,13955700,GOOGL
2024-08-26,165.42997242725056,166.59328988817313,163.52093747817295,165.2112274169922,14190400,GOOGL
2024-08-27,164.89304984017366,165.489629908409,163.5209399578905,163.7396697998047,11821900,GOOGL
2024-08-28,164.09761789324529,164.6544330475145,160.60766539190482,161.92013549804688,16407400,GOOGL
2024-08-29,163.37178412416296,165.0223091315335,159.33496923436493,160.85623168945312,19699800,GOOGL
2024-08-30,161.69142770230633,162.72549775211684,160.76674532612375,162.4470977783203,22123800,GOOGL
2024-09-03,160.79659215048164,160.9258547151699,155.58650669543206,156.46148681640625,38945300,GOOGL
2024-09-04,155.76546344377343,158.09209822934648,155.06946352992597,155.55665588378906,19353800,GOOGL
2024-09-05,155.40752807028366,158.5395354620366,155.08934799190737,156.3421630859375,18688700,GOOGL
2024-09-06,156.4018018567198,156.92877428174015,149.69034513675084,150.0582275390625,37912100,GOOGL
2024-09-09,151.84037111346015,152.7264627958575,146.57360452316883,148.05706787109375,39260500,GOOGL
2024-09-10,149.78942780245947,150.60583478404823,147.68869140831964,148.00729370117188,31118800,GOOGL
2024-09-11,149.2617463560954,150.83481089337806,146.87229008202618,150.49630737304688,29607700,GOOGL
2024-09-12,153.1247267348267,154.14025256310887,151.97976682488095,154.0108184814453,29621500,GOOGL
2024-09-13,154.7475604574538,157.6846203163579,154.5285403677334,156.76866149902344,29591200,GOOGL
2024-09-16,156.61930555531896,157.555180781803,155.91243141908913,157.3660125732422,18379800,GOOGL
2024-09-17,158.32179756550258,159.84507860249886,157.68460821141127,158.6204833984375,20715600,GOOGL
2024-09-18,159.1581209112091,159.79531032602117,157.9036585234899,159.10833740234375,23677300,GOOGL
2024-09-19,162.9912145689688,163.07084994877528,160.631610061734,161.4281005859375,26587700,GOOGL
2024-09-20,162.78213342108606,163.01111932448998,161.34845348503907,162.87173461914062,40896400,GOOGL
2024-09-23,163.6283970678755,164.76339107979564,160.9601562027871,161.13937377929688,24150900,GOOGL
2024-09-24,162.31417943071204,162.50334762428136,159.98445736545114,161.57742309570312,23332100,GOOGL
2024-09-25,160.7610436422212,162.09515653085376,160.59179187501798,160.7809600830078,18869200,GOOGL
2024-09-26,162.92149572700265,163.3595662240988,161.56746655042878,162.01548767089844,20319300,GOOGL
2024-09-27,162.09515427507873,164.97246466107853,161.91595188587257,163.2301483154297,21101300,GOOGL
2024-09-30,162.60292056233942,165.42048155404993,162.54317124235408,165.12181091308594,20413900,GOOGL
2024-10-01,166.95374422665532,168.41729127323546,163.85739835697947,166.25682067871094,28338100,GOOGL
2024-10-02,165.6893137329917,166.78449014447432,164.00673142434744,165.13177490234375,17760200,GOOGL
2024-10-03,163.68814431760305,165.90834901528822,163.2002902448892,165.13177490234375,15073100,GOOGL
2024-10-04,167.3221169901183,167.491368768802,164.75344285896497,166.32650756835938,19047400,GOOGL
2024-10-07,166.98361369115,167.7402713838118,162.03543364200755,162.26441955566406,22463100,GOOGL
2024-10-08,163.22019363060423,164.0067183055417,162.15488437084886,163.65826416015625,23072700,GOOGL
2024-10-09,162.73233765666967,164.11623398118573,159.03863564722693,161.14932250976562,31181800,GOOGL
2024-10-10,160.16366845010265,162.35402113493024,159.695730848507,161.3683624267578,14144100,GOOGL
2024-10-11,161.41814270869355,163.18036025385564,160.53205102817606,162.5232696533203,15344300,GOOGL
2024-10-14,162.9215061976869,165.50013065374594,162.6825544952434,164.2357177734375,19016100,GOOGL
2024-10-15,165.06207349535208,166.94377462807307,163.90717815283185,164.73353576660156,20247200,GOOGL
2024-10-16,163.80760621471472,165.07203435121127,163.02108150744417,164.43484497070312,16406000,GOOGL
2024-10-17,165.0023394488277,165.63952884881675,162.04537835418347,162.21463012695312,21453400,GOOGL
2024-10-18,162.47349822564962,163.98682874694387,162.36398058545478,162.70248413085938,19757700,GOOGL
2024-10-21,162.234547045473,163.77774463817317,161.90599412379152,163.34963989257812,20946500,GOOGL
2024-10-22,162.26441234616763,165.0421710211609,162.26441234616763,164.41493225097656,16568100,GOOGL
2024-10-23,164.03661010564252,165.09196890043052,161.21903349459384,162.0653076171875,18280500,GOOGL
2024-10-24,162.11505656598337,162.61286119271972,160.30304043260298,162.0055389404297,22412500,GOOGL
2024-10-25,162.95137630402328,164.86294438388538,162.70247397291948,164.5443572998047,19828900,GOOGL
2024-10-28,168.00907708946656,168.00907708946656,163.23014919167423,165.9879913330078,32138600,GOOGL
2024-10-29,166.99354716216052,169.6319209779577,166.3563578043749,168.9349822998047,42169000,GOOGL
2024-10-30,179.88667593834245,181.22080390832798,173.29574742034202,173.69400024414062,68890800,GOOGL
2024-10-31,172.3698540409386,176.04365502457762,170.2492012343648,170.3587188720703,44769000,GOOGL
2024-11-01,169.32328866587017,171.56340969304173,168.13851111414587,170.5379180908203,31796500,GOOGL
2024-11-04,169.18389067835992,169.98038120201446,167.27232253666486,168.49693298339844,21492700,GOOGL
2024-11-05,168.6860840596654,169.78126041606683,168.09867819204692,168.99473571777344,18242100,GOOGL
2024-11-06,173.03690778369432,176.16312052987965,172.7382219408271,175.73500061035156,33695500,GOOGL
2024-11-07,176.63107376791186,180.28495857669466,176.4120384765477,179.95640563964844,25352900,GOOGL
2024-11-08,179.85682974504894,180.1057320918823,177.29812151933496,177.5669403076172,22006200,GOOGL
2024-11-11,177.79591845275107,179.7572700755342,177.68640081725277,179.5581512451172,17450400,GOOGL
2024-11-12,179.03047096199322,181.68874596023673,178.6023510648301,180.8225555419922,25134900,GOOGL
2024-11-13,179.66768447384413,180.16548918898724,177.75610099891557,178.09461975097656,23184000,GOOGL
2024-11-14,177.49723958577857,178.03487716000262,173.55463493650558,174.80909729003906,31007500,GOOGL
2024-11-15,172.96721191394371,173.37541540242353,170.46823785970153,171.732666015625,32504600,GOOGL
2024-11-18,172.6585688053745,174.6697039128958,172.1408476982141,174.5303192138672,20135300,GOOGL
2024-11-19,172.95726124320882,178.08464343003916,172.7979600977284,177.3379364013672,23434900,GOOGL
2024-11-20,176.56135042889815,176.89985394642653,173.01698373526585,175.2073211669922,18997100,GOOGL
2024-11-21,173.13647259575043,173.3654737011491,162.98125951876034,166.89401245117188,59734400,GOOGL
2024-11-22,165.12181631038618,165.7291386198519,163.18036592990532,164.03659057617188,38604600,GOOGL
2024-11-25,165.36074656125817,167.88960271467622,164.88285834642193,166.9138946533203,33135300,GOOGL
2024-11-26,166.89400838356315,169.07439539763973,166.844224875264,168.37745666503906,20486700,GOOGL
2024-11-27,168.25798309333703,168.73587133599466,167.28229016697128,168.48696899414062,19266500,GOOGL
2024-11-29,167.76016976407897,168.68607913599834,166.4260569265254,168.20819091796875,14257200,GOOGL
2024-12-02,168.02898676148365,171.32445113236562,167.82986793872016,170.73704528808594,23789100,GOOGL
2024-12-03,170.73704276945597,171.9218050645491,170.09985343093683,170.5876922607422,22248700,GOOGL
2024-12-04,170.39852227748662,174.14202289483944,170.30892108827348,173.60438537597656,31615100,GOOGL
2024-12-05,174.5900470301335,175.2869705000764,171.57335207382965,171.88198852539062,21356200,GOOGL
2024-12-06,171.2746759024565,174.3112874696141,171.10542413534188,173.9429168701172,21462400,GOOGL
2024-12-09,173.3947033817355,175.68721709610546,173.08569798716198,174.80010986328125,25389600,GOOGL
2024-12-10,182.2558298947272,185.75441857624554,180.46167600322863,184.5682830810547,54813000,GOOGL
2024-12-11,184.70782161706586,194.97435419169267,184.2493249317854,194.76502990722656,67894100,GOOGL
2024-12-12,194.36632666128313,194.54573443162946,191.08702455991943,191.33621215820312,34817500,GOOGL
2024-12-13,190.3892909926089,192.10370292043277,189.0237477931648,189.2031707763672,25143500,GOOGL
2024-12-16,192.2432425689094,198.3533273175459,191.99405497177682,196.02093505859375,44934900,GOOGL
2024-12-17,196.60901291047233,200.76546017959686,194.34638528405358,194.7849578857422,43504000,GOOGL
2024-12-18,194.58561039475242,196.35982485436523,187.12992181114345,187.7877655029297,34166100,GOOGL
2024-12-19,191.00727128528027,192.40271566857012,187.76783270124025,187.89739990234375,32265200,GOOGL
2024-12-20,185.1762848637503,192.263180692445,184.61810708296375,190.78799438476562,63462900,GOOGL
2024-12-23,191.99406521325346,194.46601725929617,189.5320904055188,193.99754333496094,25675000,GOOGL
2024-12-24,194.20684004621347,195.47271728515625,193.15028707875092,195.47271728515625,10403300,GOOGL
2024-12-26,194.51583613513964,196.11064287242172,193.7483492712215,194.96438598632812,12046600,GOOGL
2024-12-27,194.31649181567948,194.6852998142467,190.0304619572839,192.13360595703125,18891400,GOOGL
2024-12-30,189.18322257123907,191.92428607864605,188.50542441334892,190.61854553222656,14264700,GOOGL
2024-12-31,190.45907478557154,191.33622003458325,187.89741886934635,188.6848602294922,17466900,GOOGL
2025-01-02,190.03045932269364,191.37607845803336,186.89070161917323,188.81442260742188,20370800,GOOGL
2025-01-03,190.74812993915785,192.5821623375915,189.36264741338545,191.16676330566406,18596200,GOOGL
2025-01-06,193.34964695093382,197.57587431060844,193.22007973541784,196.23025512695312,29563600,GOOGL
2025-01-07,196.4694824542812,200.34684110917007,193.96764429186354,194.85475158691406,26487200,GOOGL
2025-01-08,191.944242637603,195.6521403419425,191.7548576174653,193.3197479248047,24864800,GOOGL
2025-01-10,193.66860495961419,195.88139205518456,189.69156540477465,191.4159393310547,26665200,GOOGL
2025-01-13,189.45234965681547,190.55872796393814,186.75114946876002,190.3892822265625,21823700,GOOGL
2025-01-14,190.6185379959385,191.35612350397113,187.69805162927054,189.04367065429688,17174900,GOOGL
2025-01-15,192.462522950062,195.72190087885951,191.23652426846428,194.91453552246094,21776000,GOOGL
2025-01-16,193.50911023082176,194.8447520350506,192.1834304546711,192.28311157226562,17815400,GOOGL
2025-01-17,195.89134409308565,196.58906629276984,193.1203793506233,195.36306762695312,27735100,GOOGL
2025-01-21,198.4231075033933,201.63262976778796,197.22699486763423,197.4064178466797,29971300,GOOGL
2025-01-22,198.41313252508547,199.82851627036754,196.88810562725033,197.72537231445312,26200600,GOOGL
2025-01-23,197.49612311807823,199.64910762651434,194.5656745164631,197.33663940429688,26951400,GOOGL
2025-01-24,197.45625853253006,200.24714745985025,197.35657740975262,199.5594024658203,23877500,GOOGL
2025-01-27,191.78474760627742,196.24022309921364,190.11019902992624,191.1866912841797,41728900,GOOGL
2025-01-28,192.1236428916819,194.84476727172617,190.06036222791346,194.6653594970703,24157900,GOOGL
2025-01-29,194.92450036864417,196.15049906796548,192.80141720875304,194.77499389648438,18218300,GOOGL
2025-01-30,197.35657072172015,200.74551585245214,197.02764127874622,200.2172393798828,24354700,GOOGL
2025-01-31,201.34358503753182,204.8122722439576,201.14423799517712,203.35702514648438,32001100,GOOGL
2025-02-03,200.03782657620917,203.08788015886492,199.44974753049775,200.57606506347656,27838300,GOOGL
2025-02-04,202.7290614411804,206.37717152288226,202.1509443892273,205.7093505859375,43856400,GOOGL
2025-02-05,190.4491175677977,192.12365103908184,187.41898765422886,190.70826721191406,70373900,GOOGL
2025-02-06,188.88420450981621,191.4757616843978,188.1067403992826,190.97738647460938,29297400,GOOGL
2025-02-07,190.42916818748597,190.5587353980611,182.64454994685505,184.7377166748047,49315000,GOOGL
2025-02-10,186.74120471977687,187.58843348505013,185.2560410594202,185.8640594482422,23105600,GOOGL
2025-02-11,184.42873780232077,186.332534845636,183.6811749516247,184.71780395507812,21239500,GOOGL
2025-02-12,182.62461937179498,184.5084771212101,181.23913684930665,183.0133514404297,22072600,GOOGL
2025-02-13,183.72104784589166,185.6746701852319,182.54487442146038,185.53512573242188,21402500,GOOGL
2025-02-14,184.45862127858567,185.79426312591357,183.7210357377169,184.62806701660156,20448400,GOOGL
2025-02-18,184.9968606492489,185.35569136345538,181.1494039060581,183.1728057861328,29916700,GOOGL
2025-02-19,183.47185603605197,184.85733850337527,182.99340488662492,184.66795349121094,19549400,GOOGL
2025-02-20,184.1994764251086,184.7078136523139,182.12623377404523,183.9602508544922,20441500,GOOGL
2025-02-21,184.54832157311532,184.73770657345142,178.49805484578573,179.076171875,35199200,GOOGL
2025-02-24,181.39859709291326,182.52491461772425,178.3086650022286,178.66749572753906,29854200,GOOGL
2025-02-25,177.46142612582926,178.15916354017307,174.1223215693703,174.84994506835938,41913400,GOOGL
2025-02-26,174.50109332110333,175.50780571224857,171.0224290795126,172.16868591308594,35431300,GOOGL
2025-02-27,173.4246033939964,173.99274319952536,167.3942605774098,167.9524383544922,39991000,GOOGL
2025-02-28,168.13183224034952,170.05556821596952,166.22805073838262,169.7266387939453,48130600,GOOGL
2025-03-03,171.37129548555112,172.80661854958163,165.39079285822712,166.46728515625,40770500,GOOGL
2025-03-04,165.69979362882594,172.72687185175528,165.2612210149662,170.3645782470703,45388000,GOOGL
2025-03-05,169.96587255835078,173.21527319761225,168.51061036713605,172.45774841308594,30954900,GOOGL
2025-03-06,169.97583927823808,174.24192964256372,169.94593798389218,171.78993225097656,28302000,GOOGL
2025-03-07,170.70347150998992,174.40142226145525,169.71669832775643,173.29502868652344,27385800,GOOGL
2025-03-10,167.906369246359,168.10596109578225,163.34598174937858,165.52139282226562,43604000,GOOGL
2025-03-11,164.56341811184632,166.39954739419704,161.03084947828359,163.6952362060547,39587400,GOOGL
2025-03-12,166.2299041704089,167.2876739545911,163.1863112454469,166.7587890625,28372400,GOOGL
2025-03-13,165.69104376890482,165.78086619728484,161.76931036259103,162.41793823242188,31756200,GOOGL
2025-03-14,162.92686119092454,166.14009496437765,162.10857726863358,165.14219665527344,31995900,GOOGL
2025-03-17,164.68315235917976,165.95048744156196,163.32601008577632,163.9447021484375,31184300,GOOGL
2025-03-18,163.3359896270705,163.90479897801157,156.39062585030788,160.3323211669922,42074800,GOOGL
2025-03-19,161.42003435006743,165.52139724714462,160.66163707283374,163.54556274414062,34275600,GOOGL
2025-03-20,161.23044451155243,164.5434591319573,160.62172590598882,162.45785522460938,28138500,GOOGL
2025-03-21,160.87119904116452,163.89482981108262,160.55186426165298,163.64535522460938,36625800,GOOGL
2025-03-24,166.71888755590038,167.96626051519195,164.79293578885944,167.3275909423828,30879100,GOOGL
2025-03-25,168.62485688475655,170.27139827842032,167.96625555401127,170.2015380859375,24174400,GOOGL
2025-03-26,168.64481068044992,169.2535292452292,164.49355014774926,164.7130889892578,28901600,GOOGL
2025-03-27,164.2840090226325,165.0723420135672,161.6595315089187,161.89903259277344,24508300,GOOGL
2025-03-28,160.15271877369267,161.4799254652425,153.30713518011623,154.0056610107422,48669300,GOOGL
2025-03-31,152.78821916221315,155.2131048785596,150.34337121509955,154.31500244140625,54603500,GOOGL
2025-04-01,153.29713724683472,157.7677327478603,153.29713724683472,156.73989868164062,30672900,GOOGL
2025-04-02,154.8239184605045,158.07707673307476,154.37486726125917,156.70994567871094,25041700,GOOGL
2025-04-03,150.79242377501242,152.4589122309581,150.07393572821033,150.4032440185547,46883400,GOOGL
2025-04-04,147.6989298070746,150.75251155896433,145.0744674917677,145.29400634765625,62259500,GOOGL
2025-04-07,141.25250603263527,152.52875975799608,140.2346455130815,146.4415740966797,76794100,GOOGL
2025-04-08,150.9021908364876,151.92005142460044,142.72940085243894,144.39588928222656,52200200,GOOGL
2025-04-09,144.11647401855745,159.21468052208976,143.6075513553121,158.37644958496094,70406200,GOOGL
2025-04-10,156.21099272991097,157.38852063839548,149.6148843769422,152.4988250732422,48022000,GOOGL
2025-04-11,152.5786587351614,157.33863834997953,152.4988402629555,156.80975341796875,33636200,GOOGL
2025-04-14,159.66374069863323,161.3801271292812,157.22886621670372,158.73570251464844,30333000,GOOGL
2025-04-15,158.79557178865275,159.3144679755199,154.8838120227522,155.9814910888672,27551500,GOOGL
2025-04-16,152.77823911437727,155.56236873164264,151.1915692108639,153.00775146484375,28187400,GOOGL
2025-04-17,153.96572710201332,154.3549068428226,148.1879024535801,150.84231567382812,33046600,GOOGL
2025-04-21,148.5671133790027,148.63695834662283,145.7929571438361,147.35964965820312,26049100,GOOGL
2025-04-22,148.57707765672205,151.8701451004615,148.22780716014373,151.1516571044922,26971800,GOOGL
2025-04-23,155.28296188170384,157.19892487451833,153.48674181759014,155.0235137939453,31128800,GOOGL
2025-04-24,155.82180972917425,159.2545822353842,155.4625657406937,158.9452362060547,45894000,GOOGL
2025-04-25,164.72309348828867,165.75092760525033,160.70154899383132,161.61962890625,56034000,GOOGL
2025-04-28,162.08862808839123,162.80711614692783,158.26669065633925,160.2724609375,29745800,GOOGL
2025-04-29,159.98307743122987,160.4021929284458,157.1889588897359,159.8234100341797,26809000,GOOGL
2025-04-30,157.6479788523033,158.93527626532435,155.07339925298186,158.4662628173828,34981100,GOOGL
2025-05-01,160.11277889105028,161.60962633825872,158.57602221167295,160.96099853515625,30203200,GOOGL
2025-05-02,163.0665800855699,164.62329914267073,161.5298080330937,163.68527221679688,25715000,GOOGL
2025-05-05,162.65743494943675,165.0424114540437,162.37802462287598,163.86489868164062,21341800,GOOGL
2025-05-06,161.82916262997554,164.4536399852438,160.85122657670271,162.88693237304688,21277200,GOOGL
2025-05-07,163.73516530126716,164.6532299684301,147.52929039730043,151.06185913085938,127490100,GOOGL
2025-05-08,154.67425284055003,155.6022910487671,152.57866009847342,153.9557647705078,57498700,GOOGL
2025-05-09,153.84598414229956,154.7241395477239,151.88012320852386,152.42897033691406,32435300,GOOGL
2025-05-12,157.15900583261154,158.76562267487037,155.9216064819518,158.12696838378906,44138800,GOOGL
2025-05-13,158.45626717049694,160.23254018461523,155.83180494907126,159.19471740722656,42382100,GOOGL
2025-05-14,159.6238271640479,166.64902486582008,159.27455664998826,165.02244567871094,48755900,GOOGL
2025-05-15,165.49145599350894,165.8606887311189,162.02874755770196,163.61541748046875,33146700,GOOGL
2025-05-16,167.3774855147182,168.99409119137468,165.27191939302787,165.84072875976562,42846900,GOOGL
2025-05-19,164.16425471766837,166.2897831099107,163.87487089127026,166.1899871826172,30426100,GOOGL
2025-05-20,166.08022402030295,168.1458810248048,162.55764387335125,163.6353759765625,46607700,GOOGL
2025-05-21,163.34598924433868,172.77612594690945,163.21625758160502,168.20574951171875,73416000,GOOGL
2025-05-22,171.48884617085898,176.3985044728025,170.35124260366135,170.51089477539062,74864400,GOOGL
2025-05-23,168.70469265151235,169.60281030274047,167.5371534089642,168.11593627929688,35211400,GOOGL
2025-05-27,169.80238932071725,172.80605791558804,169.6427219280191,172.53662109375,37995700,GOOGL
2025-05-28,172.79607866823434,174.90164475593082,171.5487057543554,171.9977569580078,34784000,GOOGL
2025-05-29,173.63431165912297,174.0534271359213,170.27139911620654,171.49880981445312,29317300,GOOGL
2025-05-30,170.98989433565492,171.84808755569938,167.0881079964574,171.3790740966797,52639900,GOOGL
2025-06-02,167.4872574240746,169.5129898808019,167.03820620651766,168.6747589111328,38612300,GOOGL
2025-06-03,167.13800921175007,168.12591888686956,164.9326470385699,165.83074951171875,45084900,GOOGL
2025-06-04,166.38956355967437,167.8664487405706,166.01035734329753,167.69680786132812,26900800,GOOGL
2025-06-05,169.98200425737,170.57076063975376,167.23778374687686,167.8564910888672,36379100,GOOGL
2025-06-06,170.47097086402252,174.1332558504034,170.47097086402252,173.31497192382812,35731800,GOOGL
2025-06-09,174.38402968862113,176.31231302715454,174.21418342483807,175.93264770507812,28935900,GOOGL
2025-06-10,176.04254985052344,180.94816607880887,174.7537092641778,178.44041442871094,61766100,GOOGL
2025-06-11,179.60936400867158,180.20881870896204,176.59205837486806,177.1915283203125,31646800,GOOGL
2025-06-12,176.02256609234394,176.56209210971562,174.59385119423692,175.54299926757812,20941900,GOOGL
2025-06-13,172.28591297451578,176.9717245091389,172.2359546046385,174.513916015625,27663100,GOOGL
2025-06-16,174.57385966373928,176.78189154925582,174.49392932110277,176.61204528808594,27389200,GOOGL
2025-06-17,175.5429937823964,177.20151408744945,174.4239994778565,175.7927703857422,24973000,GOOGL
2025-06-18,175.85271405711507,176.4022256326498,173.04522747911062,173.16513061523438,28707500,GOOGL
2025-06-20,173.79455416726213,174.18420505107113,165.312150640077,166.4910888671875,75659900,GOOGL
2025-06-23,166.1214256591391,167.19046158134836,161.85523705575486,165.04238891601562,57671000,GOOGL
2025-06-24,166.77084680791774,168.06968824197463,165.98155942026995,166.62098693847656,40524300,GOOGL
2025-06-25,167.48021861146748,172.2059878377665,167.40028826627824,170.52748107910156,35479000,GOOGL
2025-06-26,172.275909497391,173.53479332021178,169.78814431449064,173.38491821289062,31796700,GOOGL
2025-06-27,173.3849216100962,178.52032800475203,171.57654142712704,178.37046813964844,108140200,GOOGL
2025-06-30,180.6184624108643,181.0680572633364,174.4240054836315,176.07252502441406,63378900,GOOGL
2025-07-01,175.5829598377131,175.9326379218849,173.37492804100808,175.682861328125,35904500,GOOGL
2025-07-02,175.38312608280393,178.70016656024188,174.91356011283625,178.48036193847656,29128900,GOOGL
2025-07-03,178.34048951535135,179.50944215502514,176.89178830781478,179.36956787109375,21689700,GOOGL
2025-07-07,178.89999490759814,179.13978593904164,175.52301029591823,176.63201904296875,34175600,GOOGL
2025-07-08,177.691079951528,177.7909814447806,172.6555751408571,174.20419311523438,40442500,GOOGL
2025-07-09,175.09340252603724,179.27966092294577,172.61562283881983,176.46217346191406,43025600,GOOGL
2025-07-10,175.47306122205768,178.27054693495992,174.22417822695712,177.46127319335938,29252400,GOOGL
2025-07-11,176.6320206592132,181.26787392679407,176.32230010231936,180.02899169921875,34282900,GOOGL
2025-07-14,180.84823929966979,183.5058659137902,179.5194259926096,181.3977508544922,32536600,GOOGL
2025-07-15,182.6466456022175,184.05538933948807,181.4377353487915,181.83737182617188,33448300,GOOGL
2025-07-16,183.07626629854497,184.1652886399438,181.86734081977315,182.80650329589844,33104200,GOOGL
2025-07-17,181.9772389358081,183.89552139280437,180.31871865434178,183.41595458984375,31992600,GOOGL
2025-07-18,185.2343153104504,186.25340807875182,183.54583834733725,184.89462280273438,34014500,GOOGL
2025-07-21,186.08356432217508,190.11994741222205,185.98364758555138,189.9301300048828,45803100,GOOGL
2025-07-22,191.328882294876,191.47874216205827,187.29249900550474,191.1690216064453,44660200,GOOGL
2025-07-23,191.32888225818212,192.35796066638142,189.01094801184496,190.0600128173828,58681900,GOOGL
2025-07-24,196.85393348830104,197.7731095502254,190.8293230940032,191.99827575683594,74881700,GOOGL
2025-07-25,191.80844534575607,194.1563515198352,191.08908750710862,193.0073699951172,39785900,GOOGL
2025-07-28,193.47694913334269,193.87660084223495,190.6694625759226,192.4079132080078,38139500,GOOGL
2025-07-29,192.2580327538162,195.7449194968108,191.90835466905762,195.5750732421875,41389200,GOOGL
2025-07-30,195.42522371418744,197.42343657324804,194.51603320447785,196.35438537597656,32445400,GOOGL
2025-07-31,195.53512388567077,195.8148724632573,190.91924186518514,191.728515625,51329200,GOOGL
2025-08-01,188.86108179697592,190.65947636814528,187.65217158882444,188.96099853515625,34832200,GOOGL
2025-08-04,190.11995195242244,195.0955128481526,189.95010569222902,194.86570739746094,31547400,GOOGL
2025-08-05,194.5360207683401,197.68319994217242,193.71674617353807,194.4960479736328,31602300,GOOGL
2025-08-06,194.32618893507828,196.45429038129967,193.49692881868756,195.91476440429688,21562900,GOOGL
2025-08-07,196.88390160867925,197.36346840439734,194.15634544876863,196.34439086914062,26321800,GOOGL
2025-08-08,197.04376174071106,202.42894452614235,196.99380337261508,201.24000549316406,39161800,GOOGL
2025-08-11,200.76044484845534,201.29995560301907,198.8921207366326,200.8203887939453,25832400,GOOGL
2025-08-12,201.19005382143942,204.31726177746063,200.41075203769518,203.15829467773438,30397900,GOOGL
2025-08-13,203.94760013613634,204.3472366094903,197.33350521250262,201.779541015625,28342900,GOOGL
2025-08-14,201.31993610316366,204.2573113073674,201.05017311120625,202.75865173339844,25230400,GOOGL
2025-08-15,203.66784557245273,206.25552748751167,201.10013480886678,203.71778869628906,34931400,GOOGL
2025-08-18,204.01753247133055,205.08658368227987,202.30906899226142,203.3181610107422,18526600,GOOGL
2025-08-19,202.84857944432244,203.2582167438639,199.7813305987235,201.389892578125,24240200,GOOGL
2025-08-20,200.55061989251405,201.10013145192505,196.4243208994537,199.1418914794922,28955500,GOOGL
2025-08-21,199.57150268554688,202.29905887913935,199.25178132101763,199.57150268554688,19774600,GOOGL
2025-08-22,202.54883983863883,208.353645687597,201.12012497867053,205.9058380126953,42827000,GOOGL
2025-08-25,206.2455237198617,210.3318804204715,205.0965574752735,208.30369567871094,29928900,GOOGL
2025-08-26,207.32455950181813,207.66426725745978,205.5161793925774,206.95489501953125,28464100,GOOGL
2025-08-27,205.51617805576655,208.72331622375268,205.46621968804243,207.29458618164062,23022900,GOOGL
2025-08-28,207.0648053873533,212.0303655105851,206.71511204255788,211.4508819580078,32339300,GOOGL
2025-08-29,210.3218773757616,214.45817715575657,210.01215683893824,212.71974182128906,39728400,GOOGL
2025-09-02,208.25374472878948,211.4908397743193,206.01574085860813,211.16114807128906,47523000,GOOGL
2025-09-03,226.00786746880672,231.1033010071871,224.5891229524102,230.45388793945312,103336100,GOOGL
2025-09-04,229.4447813472723,232.16235200669,225.90795135774627,232.09242248535156,51684200,GOOGL
2025-09-05,231.9925075217388,235.54932393536487,231.69277254690593,234.79000854492188,46588900,GOOGL
2025-09-08,235.47000122070312,238.1300048828125,233.6699981689453,234.0399932861328,32474700,GOOGL
2025-09-09,234.1699981689453,240.47000122070312,233.22999572753906,239.6300048828125,38061000,GOOGL
2025-09-10,238.89999389648438,241.66000366210938,237.85000610351562,239.1699981689453,35141100,GOOGL
2025-09-11,239.8800048828125,242.25,236.25,240.3699951171875,30599300,GOOGL
2025-09-12,240.3699951171875,242.0800018310547,238.0,240.8000030517578,26771600,GOOGL
2025-09-15,244.66000366210938,252.41000366210938,244.66000366210938,251.61000061035156,58383800,GOOGL
2025-09-16,252.0800018310547,253.0399932861328,249.47000122070312,251.16000366210938,34109700,GOOGL
2025-09-17,251.22000122070312,251.60000610351562,246.27999877929688,249.52999877929688,34108000,GOOGL
2025-09-18,251.67999267578125,253.99000549316406,249.8000030517578,252.02999877929688,31239500,GOOGL
2025-09-19,253.25,256.0,251.80999755859375,254.72000122070312,55571400,GOOGL
2025-09-22,254.42999267578125,255.77999877929688,250.3000030517578,252.52999877929688,32290500,GOOGL
2025-09-23,253.0399932861328,254.36000061035156,250.47999572753906,251.66000366210938,26628000,GOOGL
2025-09-24,251.66000366210938,252.35000610351562,246.44000244140625,247.13999938964844,28201000,GOOGL
2025-09-25,244.39999389648438,246.49000549316406,240.74000549316406,245.7899932861328,31020400,GOOGL
2025-09-26,247.07000732421875,249.4199981689453,245.97000122070312,246.5399932861328,18503200,GOOGL
2025-09-29,247.85000610351562,251.14999389648438,242.77000427246094,244.0500030517578,32505800,GOOGL
2025-09-30,242.80999755859375,243.2899932861328,239.25,243.10000610351562,34724300,GOOGL
2025-10-01,240.75,246.3000030517578,238.61000061035156,244.89999389648438,31658200,GOOGL
2025-10-02,245.14999389648438,246.80999755859375,242.3000030517578,245.69000244140625,25483300,GOOGL
2025-10-03,244.49000549316406,246.3000030517578,241.66000366210938,245.35000610351562,30249600,GOOGL
2025-10-06,244.77999877929688,251.32000732421875,244.5800018310547,250.42999267578125,28894700,GOOGL
2025-10-07,248.27000427246094,250.44000244140625,245.52000427246094,245.75999450683594,23181300,GOOGL
2025-10-08,244.9600067138672,246.00999450683594,243.82000732421875,244.6199951171875,21307100,GOOGL
2025-10-09,244.47000122070312,244.75999450683594,239.14999389648438,241.52999877929688,27892100,GOOGL
2025-10-10,241.42999267578125,244.08999633789062,235.83999633789062,236.57000732421875,33180300,GOOGL
2025-10-13,240.2100067138672,244.5,239.7100067138672,244.14999389648438,24995000,GOOGL
2025-10-14,241.22999572753906,247.1199951171875,240.50999450683594,245.4499969482422,22111600,GOOGL
2025-10-15,247.25,252.11000061035156,245.99000549316406,251.02999877929688,27007700,GOOGL
2025-10-16,251.77000427246094,256.9599914550781,250.10000610351562,251.4600067138672,27997200,GOOGL
2025-10-17,250.75999450683594,254.22000122070312,247.80999755859375,253.3000030517578,29671600,GOOGL
2025-10-20,254.69000244140625,257.3299865722656,254.22999572753906,256.54998779296875,22350200,GOOGL
2025-10-21,254.74000549316406,254.8800048828125,244.14999389648438,250.4600067138672,47312100,GOOGL
2025-10-22,254.3699951171875,256.3599853515625,249.2899932861328,251.69000244140625,35029400,GOOGL
2025-10-23,252.97999572753906,255.0399932861328,251.85000610351562,253.0800018310547,19901400,GOOGL
2025-10-24,256.5799865722656,261.67999267578125,255.32000732421875,259.9200134277344,28655100,GOOGL
2025-10-27,264.82000732421875,270.1400146484375,264.2799987792969,269.2699890136719,35235200,GOOGL
2025-10-28,269.69000244140625,270.7300109863281,266.5,267.4700012207031,29738600,GOOGL
2025-10-29,267.75,275.3399963378906,267.6700134277344,274.57000732421875,43580300,GOOGL
2025-10-30,291.5899963378906,291.5899963378906,280.05999755859375,281.4800109863281,74876000,GOOGL
2025-10-31,283.2099914550781,286.0,277.0299987792969,281.19000244140625,39267900,GOOGL
2025-11-03,282.17999267578125,285.5299987792969,279.79998779296875,283.7200012207031,29786000,GOOGL
2025-11-04,276.75,281.2699890136719,276.260009765625,277.5400085449219,30078400,GOOGL
2025-11-05,278.8699951171875,286.4200134277344,277.3399963378906,284.30999755859375,31010300,GOOGL
2025-11-06,285.3299865722656,288.3500061035156,281.1400146484375,284.75,37173600,GOOGL
2025-11-07,283.2099914550781,283.7799987792969,275.19000244140625,278.8299865722656,34479600,GOOGL
2025-11-10,284.4200134277344,290.79998779296875,282.8599853515625,290.1000061035156,29557300,GOOGL
2025-11-11,287.75,291.9200134277344,287.32000732421875,291.30999755859375,19842100,GOOGL
2025-11-12,291.67999267578125,292.010009765625,283.69000244140625,286.7099914550781,24829900,GOOGL
2025-11-13,282.3399963378906,282.8399963378906,277.239990234375,278.57000732421875,29494000,GOOGL
2025-11-14,271.4100036621094,278.55999755859375,270.70001220703125,276.4100036621094,31647200,GOOGL
2025-11-17,285.7799987792969,293.95001220703125,283.57000732421875,285.0199890136719,52670200,GOOGL
2025-11-18,287.9200134277344,288.79998779296875,278.20001220703125,284.2799987792969,49158700,GOOGL
2025-11-19,287.1600036621094,303.80999755859375,286.6300048828125,292.80999755859375,68198900,GOOGL
2025-11-20,304.5400085449219,306.4200134277344,288.6700134277344,289.45001220703125,61800900,GOOGL
2023-01-03,14.836972360095162,14.981835858065372,14.08268537898728,14.301478385925293,401277000,NVDA
2023-01-04,14.553241965260252,14.838971139139868,14.22754965642136,14.735069274902344,431324000,NVDA
2023-01-05,14.477313204439954,14.550244209091645,14.134636761581584,14.251526832580566,389168000,NVDA
2023-01-06,14.460330266141224,14.995824302039097,14.020746235509238,14.844966888427734,405044000,NVDA
2023-01-09,15.26956527336169,16.04083551016208,15.12669972895464,15.613240242004395,504231000,NVDA
2023-01-10,15.492353567409218,15.946923742496004,15.45738677744463,15.893974304199219,384101000,NVDA
2023-01-11,15.825041227015033,16.012863409814404,15.548302392492102,15.985888481140137,353285000,NVDA
2023-01-12,16.08479222411233,16.621283720638296,15.47736578997874,16.495403289794922,551409000,NVDA
2023-01-13,16.26262754145093,16.906020377978866,16.149735291057727,16.883041381835938,447287000,NVDA
2023-01-17,16.88304243708615,17.711260084721463,16.88304243708615,17.685283660888672,511102000,NVDA
2023-01-18,17.650315114393536,17.856119943115402,17.265678479463602,17.3605899810791,439624000,NVDA
2023-01-19,17.0199124023863,17.180761576267606,16.715202010993732,16.749168395996094,452932000,NVDA
2023-01-20,16.994934054525242,17.83913723437092,16.809110800053677,17.822153091430664,564967000,NVDA
2023-01-23,18.046938056185414,19.22682428472633,17.801172014631053,19.17487335205078,655163000,NVDA
2023-01-24,18.809219120213985,19.476589423278178,18.802225761623806,19.24680519104004,496204000,NVDA
2023-01-25,18.895139684298528,19.35170884974934,18.562453968698666,19.304752349853516,449537000,NVDA
2023-01-26,19.682394047297027,20.146955040954566,19.259793204752064,19.78329849243164,489535000,NVDA
2023-01-27,19.443619026904443,20.608518165238692,19.38667365320494,20.345766067504883,542142000,NVDA
2023-01-30,19.93115566665376,20.120974817559354,19.13191021638084,19.14389991760254,488611000,NVDA
2023-01-31,19.151896870281067,19.668408839064604,18.93210531346682,19.518550872802734,498017000,NVDA
2023-02-01,19.67240320696615,21.171985068230896,19.592478837615094,20.923221588134766,660477000,NVDA
2023-02-02,20.980167492431757,21.92827065743993,20.680451576187373,21.68849754333496,564276000,NVDA
2023-02-03,20.980164568929723,21.724461721839603,20.769363425697847,21.08007049560547,429366000,NVDA
2023-02-06,20.786354252138,21.549632804780618,20.766372679266762,21.069087982177734,452197000,NVDA
2023-02-07,21.36180439165593,22.237976861670433,21.13002316806091,22.152057647705078,664150000,NVDA
2023-02-08,22.36585402165245,22.85639138734189,21.987212286748747,22.18402671813965,559651000,NVDA
2023-02-09,22.584649646952737,22.99825818396335,22.099108610512882,22.315902709960938,523876000,NVDA
2023-02-10,21.669512802115033,22.05714489108248,20.791343369117982,21.24491310119629,550737000,NVDA
2023-02-13,21.517655957569065,22.027174455523305,20.94219981648068,21.767419815063477,474919000,NVDA
2023-02-14,21.55762050476707,23.027231939405723,21.34582082769537,22.94930648803711,675474000,NVDA
2023-02-15,22.527705100460043,22.833415878149502,22.0851245709187,22.742502212524414,420575000,NVDA
2023-02-16,22.112097049271306,22.528703052174777,21.906292220376635,21.98122215270996,412026000,NVDA
2023-02-17,21.6105702785936,21.719466582327403,20.95518972612229,21.367799758911133,465888000,NVDA
2023-02-21,20.98016385190775,21.47369671182956,20.598524711376086,20.63549041748047,410015000,NVDA
2023-02-22,20.687445203336978,21.084069639386776,20.401714095187934,20.734399795532227,513184000,NVDA
2023-02-23,23.41785800808453,23.865434760499443,23.00324912192329,23.641645431518555,1117995000,NVDA
2023-02-24,23.203064357889673,23.451829726072322,22.925327050973003,23.264005661010742,589716000,NVDA
2023-02-27,23.64764080334692,23.85744151744217,23.43184523869269,23.47879981994629,452994000,NVDA
2023-02-28,23.349925522833068,23.80249869803318,23.184081939450895,23.194072723388672,455963000,NVDA
2023-03-01,23.170096195793,23.23403683456975,22.48674217124683,22.676563262939453,460026000,NVDA
2023-03-02,22.466758854898778,23.357914570309056,22.41081009048638,23.291976928710938,389415000,NVDA
2023-03-03,23.297974121151398,23.877426239059123,23.108153041245387,23.867435455322266,412393000,NVDA
2023-03-06,23.868435128806954,24.225096378883002,23.46481548162868,23.531753540039062,437429000,NVDA
2023-03-07,23.581713193015354,24.106305999392774,23.222990216472642,23.269954681396484,515154000,NVDA
2023-03-08,23.468805055531643,24.181253972682587,23.405854133603068,24.162267684936523,513573000,NVDA
2023-03-09,24.156268710129314,24.435053778962832,23.364882526093854,23.417842864990234,501257000,NVDA
2023-03-10,23.39086661117677,23.608698149113316,22.708395133087958,22.94721031188965,474866000,NVDA
2023-03-13,22.734376735000534,23.279953321771938,22.2797292617125,22.948209762573242,421890000,NVDA
2023-03-14,23.477795275750477,24.20023465879967,23.44182196451992,24.044355392456055,474910000,NVDA
2023-03-15,23.742589391877125,24.267182234844768,23.341901021216625,24.209228515625,524486000,NVDA
2023-03-16,24.00838291285319,25.568172276922425,23.875484642486136,25.521209716796875,583253000,NVDA
2023-03-17,25.96186943353434,26.378546157950858,25.648111638967688,25.705068588256836,848547000,NVDA
2023-03-20,25.595155259242034,26.003838794237083,25.11053038968524,25.879934310913086,432747000,NVDA
2023-03-21,26.159718926782208,26.371554585822363,25.36133811736534,26.17870330810547,547408000,NVDA
2023-03-22,26.40452474253013,27.567624321193616,26.21667068225775,26.447492599487305,797295000,NVDA
2023-03-23,27.093991987859635,27.477695255263573,26.66932202581043,27.169933319091797,564889000,NVDA
2023-03-24,27.010058676139064,27.145952994008773,26.33458179234645,26.75825309753418,454920000,NVDA
2023-03-27,26.816209246044448,26.979083076531545,26.344574782878965,26.510446548461914,361026000,NVDA
2023-03-28,26.42651170992459,26.492460563723153,25.82997409067337,26.38953971862793,356104000,NVDA
2023-03-29,26.80421939827036,27.057021752152824,26.576395389808596,26.96309471130371,393694000,NVDA
2023-03-30,27.207903966277037,27.47769523664997,27.08100155357142,27.361783981323242,364516000,NVDA
2023-03-31,27.11897230037396,27.812434858242728,27.08399956957691,27.75547981262207,433933000,NVDA
2023-04-03,27.487688485526352,27.978307311137023,27.314822179920686,27.943334579467773,398716000,NVDA
2023-04-04,27.944335261376853,27.978309319114103,27.28584537062366,27.431732177734375,368592000,NVDA
2023-04-05,26.80821442088673,26.97708220560241,26.37455065173421,26.86017417907715,515015000,NVDA
2023-04-06,26.56340408671622,27.05902010799569,26.406526131732786,27.016054153442383,397654000,NVDA
2023-04-10,26.802215816616297,27.59959781175058,26.648335816312407,27.55763053894043,395279000,NVDA
2023-04-11,27.702519492015778,27.768468337867095,27.10498136250291,27.14794921875,314378000,NVDA
2023-04-12,27.34879408048613,27.446717721444895,26.427507578002256,26.474472045898438,446259000,NVDA
2023-04-13,26.71328720589751,26.866168547855672,26.308602197594585,26.44249725341797,353615000,NVDA
2023-04-14,26.4834674153262,26.862173519393313,26.19968702991373,26.73727035522461,395660000,NVDA
2023-04-17,26.544417423730405,26.98507571258764,26.412519730546887,26.9810791015625,321471000,NVDA
2023-04-18,27.511669976648836,28.08822261514071,27.335805736591062,27.645565032958984,604812000,NVDA
2023-04-19,27.339800915924755,27.97830576142074,27.210901154073433,27.909358978271484,358660000,NVDA
2023-04-20,27.649560313033174,28.00828332218978,26.979080669784498,27.08300018310547,427713000,NVDA
2023-04-21,26.93111959606842,27.161941536904624,26.701298237499223,27.097990036010742,345103000,NVDA
2023-04-24,26.992070732318915,27.344795961333663,26.650334754413183,27.021047592163086,339282000,NVDA
2023-04-25,27.05702021339029,27.22588990438173,26.204682347625166,26.22066879272461,378527000,NVDA
2023-04-26,26.981083520552,27.30882854874125,26.684312709348273,26.935117721557617,406337000,NVDA
2023-04-27,27.34180519343301,27.47370291431191,26.60437598713489,27.204910278320312,377161000,NVDA
2023-04-28,27.20390860883088,27.736494722113637,27.050026680821563,27.727502822875977,292216000,NVDA
2023-05-01,27.818429302087736,29.03548598905162,27.758476324633243,28.88759994506836,570329000,NVDA
2023-05-02,28.657779853563685,28.81365912640652,28.06124227027244,28.188142776489258,402730000,NVDA
2023-05-03,27.81843293372934,28.345025101870167,27.450717987161283,27.78046226501465,383387000,NVDA
2023-05-04,27.62957926584054,27.837418321928048,27.21889834771114,27.5406494140625,321850000,NVDA
2023-05-05,27.804441261887433,28.732720441787755,27.70951555183905,28.657779693603516,361494000,NVDA
2023-05-08,28.499901765349517,29.19736093983139,28.328036044950306,29.128414154052734,344979000,NVDA
2023-05-09,28.87661127506704,28.950553350491152,28.42795972300857,28.548864364624023,314869000,NVDA
2023-05-10,28.982527268973705,29.090445302633547,28.43895001875839,28.862621307373047,369350000,NVDA
2023-05-11,28.873613037762063,28.92757205566267,28.22411699956995,28.555858612060547,322149000,NVDA
2023-05-12,28.506897417558207,28.75770432048088,28.024271804253868,28.318044662475586,274222000,NVDA
2023-05-15,28.485909993610434,28.946553229870617,28.1301868465502,28.930564880371094,293926000,NVDA
2023-05-16,28.8186533259383,29.846857282079426,28.80966142749833,29.190364837646484,449405000,NVDA
2023-05-17,29.561079553170053,30.17560285577452,29.407199534895835,30.154619216918945,432535000,NVDA
2023-05-18,30.386440348253,31.803341051124786,30.296509921364876,31.653457641601562,748725000,NVDA
2023-05-19,31.511569073410765,31.555535612732626,30.89205044066183,31.23978042602539,473908000,NVDA
2023-05-22,30.877061253928588,31.495583125914308,30.656233689131668,31.1518497467041,372000000,NVDA
2023-05-23,30.975983181421253,31.263760164158064,30.60726957743284,30.66422462463379,356253000,NVDA
2023-05-24,30.18659067105019,30.583284318527475,29.782904383932877,30.51433753967285,721419000,NVDA
2023-05-25,38.49315152397772,39.44941078052054,36.606613842123146,37.9505729675293,1543911000,NVDA
2023-05-26,37.86064329293303,39.13965036548496,37.5209065628187,38.91582489013672,714397000,NVDA
2023-05-30,40.563551734657395,41.905509800536095,39.9180522909101,40.079925537109375,923401000,NVDA
2023-05-31,39.45739741909796,40.26377123509659,37.7926881333087,37.80467987060547,1002580000,NVDA
2023-06-01,38.45917954356359,40.01897100169826,38.31029671760196,39.73918914794922,635873000,NVDA
2023-06-02,40.06593558901887,40.46862324900234,39.027739074551626,39.296531677246094,482731000,NVDA
2023-06-05,38.87885745313366,39.534347478908344,38.677014278698906,39.140655517578125,396094000,NVDA
2023-06-06,38.799916275766684,39.12965860906724,38.11844167169448,38.62405014038086,388729000,NVDA
2023-06-07,38.88887231517685,39.4724798355732,37.33091714927566,37.44983673095703,511998000,NVDA
2023-06-08,37.6986782072465,38.83791241516049,37.479827246068986,38.48414993286133,417772000,NVDA
2023-06-09,39.010787982924306,39.68433522296949,38.541106149128304,38.74396896362305,427717000,NVDA
2023-06-12,39.173685553174,39.503462039764756,38.59207552154446,39.45549392700195,388701000,NVDA
2023-06-13,40.15901999798978,41.073406583154025,39.7133202956982,40.99445724487305,613208000,NVDA
2023-06-14,40.7965979524684,42.97113598782619,40.52477736242913,42.9681396484375,740465000,NVDA
2023-06-15,42.573402308118794,43.25994139693394,42.11870592148791,42.624366760253906,568622000,NVDA
2023-06-16,43.420828202870155,43.69164616054712,42.63235647777839,42.66333770751953,655709000,NVDA
2023-06-20,42.969137333828364,43.96047200197597,42.645353517675446,43.77859115600586,451153000,NVDA
2023-06-21,43.47178929264037,43.58571496992743,42.05174584798612,43.01609420776367,551603000,NVDA
2023-06-22,42.22463174963578,43.39684459011098,42.205647311041446,42.996116638183594,417737000,NVDA
2023-06-23,42.43549394435148,42.780259748123754,41.98679405380195,42.1806640625,358140000,NVDA
2023-06-26,42.432491709500844,42.73528968879071,40.07307674112564,40.60472106933594,594322000,NVDA
2023-06-27,40.771604816954344,41.91183752016278,40.420842573844496,41.84788131713867,462175000,NVDA
2023-06-28,40.632707269414,41.8169132235577,40.49080429319049,41.08940124511719,582639000,NVDA
2023-06-29,41.53009977760553,41.572071399017275,40.572742722962666,40.794593811035156,380514000,NVDA
2023-06-30,41.65201747661018,42.521432314666136,41.47313679846607,42.273597717285156,501148000,NVDA
2023-07-03,42.48845174872612,42.86919645813437,42.17366461675994,42.384521484375,198209000,NVDA
2023-07-05,42.10671245240927,43.14801275888201,42.05674678060165,42.28859329223633,323618000,NVDA
2023-07-06,41.81591253990793,42.15068674468522,41.31824574169724,42.074737548828125,303582000,NVDA
2023-07-07,42.293586172904085,43.18498944249767,42.151683210929725,42.474464416503906,355881000,NVDA
2023-07-10,42.62836091679516,42.782256847848465,41.62103447108327,42.15167999267578,353908000,NVDA
2023-07-11,42.45247888360537,42.72929334341537,42.03875917556284,42.376529693603516,298244000,NVDA
2023-07-12,43.00410823370412,43.90550305041173,42.748279595768494,43.87252426147461,481277000,NVDA
2023-07-13,44.48811627852953,46.12401457256602,44.46213275662318,45.946136474609375,478204000,NVDA
2023-07-14,46.55172319456043,48.05571376740953,45.029746964144934,45.438472747802734,772075000,NVDA
2023-07-17,46.25792796050985,46.464785922555656,45.231616951942435,46.4298095703125,510488000,NVDA
2023-07-18,46.66964182092465,47.863839107459256,45.70329207931694,47.46210861206055,569164000,NVDA
2023-07-19,47.432136125010175,47.78589856143542,46.71062071194178,47.04539489746094,427502000,NVDA
2023-07-20,46.47577781434144,47.05539026514879,45.03174821014186,45.48944091796875,537865000,NVDA
2023-07-21,45.75725037396218,45.83520092266416,44.07038418411093,44.27924346923828,963769000,NVDA
2023-07-24,44.70096991726032,45.07871832138468,44.01043572473537,44.58205032348633,382516000,NVDA
2023-07-25,44.910830992402,46.151993949696525,44.892841521253494,45.64833450317383,348081000,NVDA
2023-07-26,45.990100289718285,46.022080298497244,44.60003539984157,45.42148208618164,364237000,NVDA
2023-07-27,46.48777031512932,47.363181660556975,45.71928557953061,45.86918640136719,455976000,NVDA
2023-07-28,46.63666318467305,46.9954232864367,46.34985714646045,46.71860885620117,331194000,NVDA
2023-07-31,46.72261657878546,47.098363628457754,46.47478195839613,46.6976318359375,251055000,NVDA
2023-08-01,46.42880734222909,46.868514380212844,45.99609938631063,46.47577667236328,237858000,NVDA
2023-08-02,45.80023231542858,45.809225144822705,43.357872868108224,44.239280700683594,530142000,NVDA
2023-08-03,43.77059490108069,45.087710878582755,43.77059490108069,44.48511505126953,324176000,NVDA
2023-08-04,44.95480089030669,45.61135750960015,44.363199262281455,44.65000534057617,362666000,NVDA
2023-08-07,45.08071083089327,45.50942363800022,44.53307844333369,45.386505126953125,322154000,NVDA
2023-08-08,44.822886411936246,45.21162517699858,44.0264206319756,44.63401412963867,353843000,NVDA
2023-08-09,44.24427131811032,44.282247816533705,42.10570879075274,42.525428771972656,586449000,NVDA
2023-08-10,42.131695276501496,43.54474743620117,41.80691270633182,42.35954284667969,492705000,NVDA
2023-08-11,41.72296245833929,41.98978526448828,40.61170968615269,40.82756423950195,533085000,NVDA
2023-08-14,40.4588166311825,43.77059069571262,40.283934893491555,43.7236213684082,690286000,NVDA
2023-08-15,44.53008608139681,45.23761094961256,43.68065444037462,43.910499572753906,676512000,NVDA
2023-08-16,44.49011241407516,44.64500713653826,43.37685806021179,43.45680618286133,527451000,NVDA
2023-08-17,43.94048245223215,44.03241974365146,42.972131210711666,43.314903259277344,452395000,NVDA
2023-08-18,42.606376093632456,43.54874382071952,41.632032166940185,43.26993179321289,583768000,NVDA
2023-08-21,44.464127494140655,47.03340054502666,44.192310747529035,46.93546676635742,692573000,NVDA
2023-08-22,48.102679385462835,48.15464642329009,45.30256257251268,45.63733673095703,755293000,NVDA
2023-08-23,45.8352088507009,47.168312899804924,45.17764965557936,47.08436965942383,779046000,NVDA
2023-08-24,50.18228397955218,50.23224964652598,47.12733727889921,47.13133239746094,1156044000,NVDA
2023-08-25,46.98043456316312,47.77290136689044,44.993766641790856,45.98710250854492,925341000,NVDA
2023-08-28,46.450787109194195,46.9484538143124,44.857859477973676,46.803550720214844,685192000,NVDA
2023-08-29,46.63466937521741,49.04804888819601,46.35985248205318,48.75124740600586,701397000,NVDA
2023-08-30,49.01106919330039,49.89347574273386,48.392485325821596,49.23092269897461,735206000,NVDA
2023-08-31,49.34684600627132,49.71060002102523,48.925128464014456,49.321861267089844,528570000,NVDA
2023-09-01,49.72859768878448,49.76657038149354,48.109682388761954,48.476436614990234,463830000,NVDA
2023-09-05,48.19062498907006,48.81820554561382,47.827869726570036,48.51540756225586,382653000,NVDA
2023-09-06,48.412471520397574,48.520405806998106,46.55256753544233,47.03328323364258,468670000,NVDA
2023-09-07,45.49818632647951,46.316704161962946,45.12540493347,46.21376419067383,433330000,NVDA
2023-09-08,45.914939369305465,46.57854589398362,45.24433318600193,45.5451545715332,473069000,NVDA
2023-09-11,46.12081612132712,46.13580667584193,44.28589904966943,45.151390075683594,473966000,NVDA
2023-09-12,44.711644683644934,45.64609526594391,44.50476589129932,44.84356689453125,349256000,NVDA
2023-09-13,44.57372912057882,45.90294758191361,44.47678613148132,45.45820999145508,398355000,NVDA
2023-09-14,45.92293557779265,45.959912533797855,45.104417736108495,45.55415344238281,370097000,NVDA
2023-09-15,45.31429093296798,45.5721383754204,43.7821930198778,43.874141693115234,506831000,NVDA
2023-09-18,42.722820575587484,44.21594002292978,41.97526008372968,43.940101623535156,500271000,NVDA
2023-09-19,43.80718104995943,43.94010212892765,42.97666925633851,43.49436569213867,373064000,NVDA
2023-09-20,43.57431736743093,43.877140298495235,42.1981295407641,42.21411895751953,367108000,NVDA
2023-09-21,41.558504470242454,42.075198207915804,40.955859044978006,40.992835998535156,450736000,NVDA
2023-09-22,41.54751155048687,42.09019478907558,41.206712805320656,41.58549118041992,479236000,NVDA
2023-09-25,41.566499482257406,42.51094250359211,41.15274189436024,42.19712829589844,419091000,NVDA
2023-09-26,41.97626153603217,42.794779402172175,41.63046465348833,41.886314392089844,402282000,NVDA
2023-09-27,42.30507013891138,42.846750726606956,41.60448280317075,42.44298553466797,444935000,NVDA
2023-09-28,42.434982863983606,43.4204020019038,42.09018872060994,43.06361389160156,424663000,NVDA
2023-09-29,43.80117544619772,44.1179900020161,43.28148138872019,43.47336959838867,397830000,NVDA
2023-10-02,44.004059360800305,45.14838526378596,43.835160204850645,44.755619049072266,433298000,NVDA
2023-10-03,44.78160339586175,45.103416123255286,43.22052325615126,43.491363525390625,470850000,NVDA
2023-10-04,43.71623295909225,44.11699771323821,43.266497283456516,44.01505661010742,361821000,NVDA
2023-10-05,44.02405361077508,44.873555244834996,43.862150279908775,44.661678314208984,393483000,NVDA
2023-10-06,44.166973996163335,45.76203472717015,44.000072531277134,45.735050201416016,434436000,NVDA
2023-10-09,44.8155843904291,45.5781354250376,44.341864581232265,45.24633026123047,409675000,NVDA
2023-10-10,45.28330751838584,46.231745925219705,45.061438185078885,45.771018981933594,368582000,NVDA
2023-10-11,46.168793384796125,46.83140494362504,46.0228794586557,46.77843475341797,378137000,NVDA
2023-10-12,46.749439043887264,47.580949554812854,46.30270382284941,46.91733932495117,481325000,NVDA
2023-10-13,46.93233297059444,47.08824310789531,45.25332242437659,45.4342155456543,474115000,NVDA
2023-10-16,45.036458356873474,46.197772707429415,44.88554631741198,46.06785202026367,375099000,NVDA
2023-10-17,43.97408457640043,44.72764209675683,42.45497937899436,43.9121208190918,812333000,NVDA
2023-10-18,42.56591420178306,43.19354648553622,41.80036652222744,42.171146392822266,627294000,NVDA
2023-10-19,42.78578713530396,43.27150096490334,41.85733341911429,42.07620620727539,501233000,NVDA
2023-10-20,41.865327220586586,42.44498744497046,41.053805193919466,41.36262512207031,477266000,NVDA
2023-10-23,41.20471789682862,43.222529794895785,40.92088476471772,42.94968795776367,478530000,NVDA
2023-10-24,43.05162238085588,43.67125606240389,42.66585200550872,43.63727569580078,401463000,NVDA
2023-10-25,43.37244053929943,43.62429484406004,41.530527426974515,41.75439453125,398379000,NVDA
2023-10-26,41.82834703800738,42.231109527965074,39.85650966502812,40.30224609375,541001000,NVDA
2023-10-27,41.10577671411972,41.18173216586504,39.991431738659564,40.47614669799805,416784000,NVDA
2023-10-30,41.06280298137389,41.74140011545999,40.45715708839421,41.136756896972656,388028000,NVDA
2023-10-31,40.426181564740325,40.854929799796466,39.2068987482481,40.755985260009766,517969000,NVDA
2023-11-01,40.85992224625753,42.35604230855743,40.84493168976348,42.30007553100586,437593000,NVDA
2023-11-02,43.302473031096746,43.85814522748643,42.86873060709395,43.480369567871094,409172000,NVDA
2023-11-03,43.99406856905828,45.28230687928524,43.69724264528921,44.97848892211914,424610000,NVDA
2023-11-06,45.25832352062085,45.907942145910646,44.87254931814996,45.72404861450195,400733000,NVDA
2023-11-07,45.69206789534631,46.19077066214043,45.13139756690528,45.92792892456055,343165000,NVDA
2023-11-08,46.07284239178855,46.83939268029924,45.94092017940282,46.546566009521484,346719000,NVDA
2023-11-09,47.43903409699533,48.201585067164196,46.72245745962616,46.922340393066406,540496000,NVDA
2023-11-10,47.47201897601796,48.443446517904555,47.25514775060462,48.30652618408203,421245000,NVDA
2023-11-13,48.29153566931826,49.087068200389616,48.07066518354385,48.59135818481445,384136000,NVDA
2023-11-14,49.65073506752464,49.804643679009864,49.01111268540679,49.626747131347656,416954000,NVDA
2023-11-15,49.905587494765264,49.93057048121235,48.17160887491718,48.85920333862305,475497000,NVDA
2023-11-16,48.65032461185113,49.49582691391841,48.301531179746696,49.45085144042969,339756000,NVDA
2023-11-17,49.49483149994882,49.687718627140484,48.978137690919475,49.26896667480469,325205000,NVDA
2023-11-20,49.28295286302151,50.5182248537623,49.15202951055082,50.37930679321289,414120000,NVDA
2023-11-21,50.09647330080843,50.48724182772053,49.19300646271815,49.914581298828125,565747000,NVDA
2023-11-22,49.82263401876184,50.305347385214155,47.66190506313219,48.68730163574219,899420000,NVDA
2023-11-24,48.441443678706996,48.89217817214815,47.71686854653788,47.74785232543945,294645000,NVDA
2023-11-27,47.77184390637924,48.50141346161061,47.62393227136599,48.213584899902344,395662000,NVDA
2023-11-28,48.20758404305151,48.2945345904846,47.44503304136884,47.79282760620117,401491000,NVDA
2023-11-29,48.350510033061155,48.73328389544531,47.831814678443656,48.11164855957031,382005000,NVDA
2023-11-30,47.99571376977162,48.08166546718563,46.394659915888205,46.742454528808594,526247000,NVDA
2023-12-01,46.49760075768486,47.172202455851924,46.15979857134605,46.737457275390625,369317000,NVDA
2023-12-04,46.04986367896582,46.04986367896582,44.983490722003246,45.48319625854492,437543000,NVDA
2023-12-05,45.44320886868036,46.576639300091315,45.24830692132301,46.542659759521484,371718000,NVDA
2023-12-06,47.19133790635441,47.36325259148531,45.389240093841764,45.480194091796875,380590000,NVDA
2023-12-07,45.67710373760514,46.605639135735274,45.58115116533807,46.572654724121094,350823000,NVDA
2023-12-08,46.57164649877913,47.71707199991906,46.526667071393376,47.4821891784668,359224000,NVDA
2023-12-11,47.46719926720655,47.50717632201845,45.80703244000096,46.60363006591797,509728000,NVDA
2023-12-12,46.02292129903264,47.642108221332236,46.02292129903264,47.633113861083984,372387000,NVDA
2023-12-13,47.60513796301112,48.569654619632786,47.58414857619019,48.063907623291016,447792000,NVDA
2023-12-14,48.36574838586443,48.64560684171551,47.39823500078961,48.325767517089844,391232000,NVDA
2023-12-15,48.169843491403206,49.379236076134234,48.0958792715529,48.86549377441406,479948000,NVDA
2023-12-18,49.37524392106738,50.40772334929845,49.12536921258584,50.051902770996094,412587000,NVDA
2023-12-19,49.39922581544832,49.675088445454506,48.870491649793216,49.57913589477539,464444000,NVDA
2023-12-20,49.63011224279049,49.97394160292545,48.07389338703891,48.08688735961914,397894000,NVDA
2023-12-21,48.78653533808319,49.07039338559571,48.39472971516772,48.96544647216797,300425000,NVDA
2023-12-22,49.17034549223245,49.35825100102085,48.44270969078598,48.8055305480957,252507000,NVDA
2023-12-26,48.94345422311468,49.575137414585996,48.93545881250647,49.25429916381836,244200000,NVDA
2023-12-27,49.486189463877416,49.65510348950808,49.06040044987627,49.392234802246094,233648000,NVDA
2023-12-28,49.61812249458572,49.85899903094536,49.38723545621996,49.4971809387207,246587000,NVDA
2023-12-29,49.78803546733378,49.97194517562977,48.726567424201626,49.4971809387207,389293000,NVDA
2024-01-02,49.21931693922932,49.27029006493009,47.57114520519551,48.143856048583984,411254000,NVDA
2024-01-03,47.461200853543446,48.159848009515486,47.29628263742881,47.54515838623047,320896000,NVDA
2024-01-04,47.74305858328899,48.47569292887805,47.48418951664503,47.97394561767578,306535000,NVDA
2024-01-05,48.43771146509866,49.522166721608514,48.281787612444646,49.072391510009766,415039000,NVDA
2024-01-08,49.48718686021287,52.248802601709635,49.45420245341726,52.226810455322266,642510000,NVDA
2024-01-09,52.37474091414494,54.29777651370217,51.66409487363166,53.11336898803711,773100000,NVDA
2024-01-10,53.58913578901618,54.57264008297959,53.462196710132666,54.3227653503418,533796000,NVDA
2024-01-11,54.971434569987615,55.318260772566724,53.53315663291465,54.79452133178711,596759000,NVDA
2024-01-12,54.59262780343835,54.94245469940077,54.302776025714294,54.68258285522461,352994000,NVDA
2024-01-16,54.990429652443055,56.80651660434578,54.87248875685251,56.35374450683594,449580000,NVDA
2024-01-17,56.31876518619403,56.44270360003648,54.71257199394214,56.0249137878418,474394000,NVDA
2024-01-18,57.23129996535893,57.57112971197817,56.07887796382001,57.07837677001953,491650000,NVDA
2024-01-19,57.9599392307051,59.470183631396026,57.19632214390486,59.46118927001953,543501000,NVDA
2024-01-22,60.01890988818667,60.300770075677505,59.04040036289129,59.624107360839844,452955000,NVDA
2024-01-23,59.54014514062131,59.879974896146315,58.555638180668645,59.842994689941406,294654000,NVDA
2024-01-24,60.27378077359489,62.81750357026873,59.90796305820768,61.33124923706055,560271000,NVDA
2024-01-25,62.31875115055073,62.687569516767255,60.81950289051068,61.58612060546875,482777000,NVDA
2024-01-26,60.92944842366768,61.75203783033358,60.54264514796327,61.00041198730469,390309000,NVDA
2024-01-29,61.20130919891072,62.45767916479008,60.8764751379027,62.433692932128906,348733000,NVDA
2024-01-30,62.86847474739579,63.46117602894952,62.2287923258603,62.74253463745117,410735000,NVDA
2024-01-31,61.40920802958089,62.23779495619412,60.66958101504,61.49616622924805,453795000,NVDA
2024-02-01,62.06887734355602,63.159334010145514,61.61910590922887,62.99541473388672,369146000,NVDA
2024-02-02,63.941944610064006,66.56662829382361,63.65808651280487,66.1268539428711,476578000,NVDA
2024-02-05,68.19080896214494,69.46217469854224,67.17132346877767,69.29725646972656,680078000,NVDA
2024-02-06,69.59510487406826,69.71904328530657,66.26677937017486,68.18881225585938,683111000,NVDA
2024-02-07,68.28475157553528,70.1847995704641,67.56611024482635,70.06385803222656,495575000,NVDA
2024-02-08,70.03888367292437,70.75852410364115,69.4201981828919,69.6061019897461,414422000,NVDA
2024-02-09,70.49765087243433,72.14882343134643,70.17681258949254,72.09685516357422,436637000,NVDA
2024-02-12,72.5636052877806,74.57359879264203,71.21428354571269,72.21178436279297,613710000,NVDA
2024-02-13,70.36473436037795,73.41320187519852,69.58512632462431,72.09186553955078,602580000,NVDA
2024-02-14,73.1653126243465,74.19879093889182,71.90194623686718,73.86296081542969,504917000,NVDA
2024-02-15,73.8319812576461,73.93792331267274,72.36371572931519,72.62158203125,420122000,NVDA
2024-02-16,74.06286100719595,74.36471160286108,72.46466337072968,72.57660675048828,495327000,NVDA
2024-02-20,71.91094295214619,71.91994112607156,67.70005682448759,69.41719818115234,704833000,NVDA
2024-02-21,67.97192330584859,68.85348517508466,66.21480851806203,67.43819427490234,673755000,NVDA
2024-02-22,74.98740205219113,78.53561836150196,74.1828051803666,78.49864196777344,865100000,NVDA
2024-02-23,80.7495226358578,82.35271526115802,77.53113473497731,78.77751159667969,829388000,NVDA
2024-02-26,79.66006525277888,80.60559805458351,78.46566428274411,79.05237579345703,503973000,NVDA
2024-02-27,79.34121192660028,79.44016895851776,77.12332991849851,78.66155242919922,391705000,NVDA
2024-02-28,77.58110675234951,78.89344471041017,77.08635205553938,77.62408447265625,393110000,NVDA
2024-02-29,79.05436082688792,79.94990785839042,78.31073041631178,79.07234954833984,507289000,NVDA
2024-03-01,79.95989790136245,82.25874801625466,79.39517868225165,82.23775482177734,479135000,NVDA
2024-03-04,84.08782752325428,87.65104302544864,83.67703804923654,85.19427490234375,615616000,NVDA
2024-03-05,85.23127220389335,86.05790010828508,83.3791168960246,85.92495727539062,520639000,NVDA
2024-03-06,87.98202031125847,89.68324305114874,86.99046652196165,88.65970611572266,582520000,NVDA
2024-03-07,90.1170314433978,92.72484713388091,89.56128432084023,92.62689208984375,608119000,NVDA
2024-03-08,95.09477882297772,97.35575222228928,86.46669660091352,87.48823547363281,1142269000,NVDA
2024-03-11,86.38973999977979,88.75666054013853,84.12776749206648,85.73503875732422,678364000,NVDA
2024-03-12,88.00900332244493,91.91822205763889,86.11086395561675,91.87124633789062,668075000,NVDA
2024-03-13,91.01364179761762,91.46243535397218,88.39482909444929,90.84671783447266,635713000,NVDA
2024-03-14,89.53630642599725,90.60482099682989,86.56065394827854,87.90404510498047,602318000,NVDA
2024-03-15,86.89051059382359,89.5053195385714,86.2178197951128,87.7970962524414,642086000,NVDA
2024-03-18,90.34694612585373,92.36302829328649,87.04544495012848,88.41482543945312,668976000,NVDA
2024-03-19,86.66061131736247,90.50286685393166,84.97138422754449,89.35739135742188,672171000,NVDA
2024-03-20,89.75619692788968,90.36892499415599,88.18291459146306,90.33094024658203,479063000,NVDA
2024-03-21,92.25807569846366,92.60591719212168,90.36393223327248,91.39346313476562,480372000,NVDA
2024-03-22,91.0995974210595,94.73494632617268,90.79273767099636,94.24617004394531,586719000,NVDA
2024-03-25,93.8983168748369,96.7220301978138,93.46751295712747,94.95883178710938,552136000,NVDA
2024-03-26,95.80745785714453,96.33122190575376,92.45998010784325,92.51895141601562,513648000,NVDA
2024-03-27,93.06969894575073,93.1976391484463,89.08251272541551,90.20899963378906,586067000,NVDA
2024-03-28,89.95910797996004,91.25852036781959,89.15247543816959,90.31494903564453,435212000,NVDA
2024-04-01,90.25797890351257,92.18309875741171,89.16347516442184,90.32194519042969,452441000,NVDA
2024-04-02,88.40781242384669,90.0530682986896,87.5801933164325,89.41136169433594,433064000,NVDA
2024-04-03,88.44380630032965,90.33294713635686,88.3598448243253,88.923583984375,370067000,NVDA
2024-04-04,90.36492116364104,90.59282202260623,85.84097663074387,85.865966796875,434965000,NVDA
2024-04-05,86.82653804838375,88.44080991811138,85.88697023320091,87.96802520751953,399678000,NVDA
2024-04-08,88.65969605555898,88.78964187058105,86.69259552509367,87.09341430664062,283220000,NVDA
2024-04-09,87.40226463843116,87.59517772557601,82.98427507127602,85.3152084350586,501700000,NVDA
2024-04-10,83.88788099023252,87.36030202720293,83.67097669028665,86.99946594238281,431929000,NVDA
2024-04-11,87.38028930692866,90.69778195869354,86.88651802850721,90.57483673095703,431637000,NVDA
2024-04-12,89.65825596730527,90.13404531847848,87.49024241419995,88.14594268798828,426805000,NVDA
2024-04-15,89.05751457655467,90.5718255697764,85.88995581094821,85.96192169189453,443077000,NVDA
2024-04-16,86.39372622024712,88.07795816892963,86.02489821377218,87.37528228759766,370453000,NVDA
2024-04-17,88.29985504936586,88.73466257299502,83.91185045527357,83.99681854248047,495400000,NVDA
2024-04-18,84.93139797129201,86.15084492565727,82.36456386223763,84.63253021240234,447260000,NVDA
2024-04-19,83.11222985815499,84.28569253115833,75.57165807203599,76.1653823852539,875198000,NVDA
2024-04-22,78.06852097112996,80.0366284086813,76.36530018483673,79.48188018798828,596341000,NVDA
2024-04-23,80.73231101825336,82.7314025960764,80.22754314018754,82.38555908203125,438559000,NVDA
2024-04-24,83.91186206206669,84.04380588258387,79.14702921409854,79.64080810546875,512208000,NVDA
2024-04-25,78.83216944223621,83.28514753299602,78.18746579696108,82.59446716308594,424641000,NVDA
2024-04-26,83.77993152652552,88.29088225677599,83.34912752628662,87.69515228271484,551011000,NVDA
2024-04-29,87.55520360857133,87.9520187834122,85.22725937914602,87.71713256835938,388971000,NVDA
2024-04-30,87.20037932563423,88.77866462934834,86.26081139602988,86.36276245117188,363709000,NVDA
2024-05-01,85.03835112197719,85.9609283053191,81.21808131802283,83.0032730102539,559863000,NVDA
2024-05-02,84.41063276835533,86.19782250273573,83.16219963332766,85.77801513671875,377898000,NVDA
2024-05-03,87.74911915331617,89.24043810826264,87.00045887297132,88.74866485595703,398341000,NVDA
2024-05-06,89.34937892324267,92.17809474920628,89.01453206854012,92.09812927246094,376203000,NVDA
2024-05-07,91.05661474475471,91.73930312313776,88.97056485934608,90.51286315917969,437342000,NVDA
2024-05-08,89.44235467047578,91.15257599630715,89.37937974936176,90.37093353271484,325721000,NVDA
2024-05-09,90.48786834493905,91.0306209060013,88.19091589664993,88.70668029785156,378013000,NVDA
2024-05-10,90.26397379416818,91.35947654092773,89.1864606125446,89.83716583251953,335325000,NVDA
2024-05-13,90.43689190742707,90.95665993755156,88.48877985590597,90.3579330444336,289680000,NVDA
2024-05-14,89.55830082348145,91.60937070385219,88.89360196869727,91.31450653076172,296507000,NVDA
2024-05-15,92.42998889004295,94.81890247189259,91.5573844071605,94.58700561523438,417735000,NVDA
2024-05-16,94.86688376052464,95.77546736350578,94.06024356723809,94.31613159179688,323952000,NVDA
2024-05-17,94.32612955185614,94.69695556940256,91.76429043608688,92.43698120117188,359691000,NVDA
2024-05-20,93.70741519120496,95.15675349579068,93.39755844526998,94.73694610595703,318764000,NVDA
2024-05-21,93.55647591838027,95.35666020460762,93.13766755607001,95.34266662597656,328946000,NVDA
2024-05-22,95.41564713341822,95.97638936710452,93.20665171529967,94.90687561035156,548648000,NVDA
2024-05-23,101.98165468043742,106.27170489938443,101.4738822009577,103.7518539428711,835065000,NVDA
2024-05-24,104.40155233715765,106.4266330182304,102.95321303565972,106.42063903808594,429494000,NVDA
2024-05-28,110.19392203047549,114.88678889703833,109.83308596330244,113.84925842285156,652728000,NVDA
2024-05-29,112.99864721739439,115.4395315931238,110.85062138095752,114.77283477783203,557442000,NVDA
2024-05-30,114.59791471662285,115.76638234537347,109.61318085591911,110.44979858398438,484553000,NVDA
2024-05-31,112.46888043622216,112.66579716472957,106.89142114521177,109.58319854736328,613263000,NVDA
2024-06-03,113.56938260132851,114.94775390625,111.95211383768398,114.94775390625,438392000,NVDA
2024-06-04,115.66344393803814,116.547037473925,113.99319767795535,116.38410949707031,403324000,NVDA
2024-06-05,118.31722487581986,122.39336749547275,117.41463524122511,122.3843765258789,528402000,NVDA
2024-06-06,123.99164893221229,125.5299513206976,118.26625399255828,120.94303894042969,664696000,NVDA
2024-06-07,119.71558814229236,121.63671972354634,117.96838874257641,120.83308410644531,412386000,NVDA
2024-06-10,120.31531947295237,123.04407498199869,116.95684528802722,121.73467254638672,313434100,NVDA
2024-06-11,121.7246861006453,122.82428289255223,118.69581478206955,120.8650131225586,222551200,NVDA
2024-06-12,123.01419374000322,126.83277160339148,122.52437825697241,125.15339660644531,299595000,NVDA
2024-06-13,129.34184822861945,129.75169931207168,127.11268237111577,129.561767578125,260704500,NVDA
2024-06-14,129.9116488754234,132.7905668615139,128.27225972601377,131.8309326171875,309320400,NVDA
2024-06-17,132.94052101290185,133.68023590303568,129.53178618492996,130.93125915527344,288504400,NVDA
2024-06-18,131.09119107562512,136.2792618770274,130.64136160940566,135.529541015625,294335100,NVDA
2024-06-20,139.74798663394793,140.70762089792785,129.47181280958608,130.73133850097656,517768400,NVDA
2024-06-21,127.07268651484108,130.5813821684496,124.25373647196925,126.52288818359375,649445800,NVDA
2024-06-24,123.19411994547033,124.41366700261213,117.99605877326907,118.06603240966797,476060900,NVDA
2024-06-25,121.15488117789624,126.45291134412159,119.27558373905313,126.04306030273438,414192600,NVDA
2024-06-26,126.08305489542055,128.0723121328984,122.55436989135586,126.35295867919922,362975900,NVDA
2024-06-27,124.05379968720848,126.36294492806736,122.87423866151155,123.94384002685547,252571700,NVDA
2024-06-28,124.53363237537093,127.6624646242392,122.7043116824408,123.4940185546875,315516700,NVDA
2024-07-01,123.42406065709774,124.79354602821576,118.78578771261802,124.25375366210938,284885500,NVDA
2024-07-02,121.0849161012404,123.36407395616142,120.98495484371743,122.62434387207031,218374000,NVDA
2024-07-03,121.61472281837746,128.2322540283203,121.31483142526585,128.2322540283203,215749000,NVDA
2024-07-05,127.33259117942191,128.80205294716893,125.63322690650442,125.78317260742188,214176700,NVDA
2024-07-08,127.44254788203128,130.72133351853034,126.99271841631584,128.15228271484375,237677300,NVDA
2024-07-09,130.30150022676182,133.77021018974597,128.60212062869667,131.33111572265625,285366600,NVDA
2024-07-10,133.98012482225403,135.0497339856147,132.37072330988062,134.85980224609375,248978600,NVDA
2024-07-11,135.6994755480004,136.09932057175976,127.00271662980028,127.35258483886719,374782700,NVDA
2024-07-12,128.21226350748265,131.87090512655513,127.17265724708656,129.19190979003906,252680500,NVDA
2024-07-15,130.51140270339172,131.34109560506872,127.13266349593106,128.39219665527344,208326200,NVDA
2024-07-16,128.3922007361648,128.9919682814133,124.53363670793642,126.31297302246094,214769500,NVDA
2024-07-17,121.30484096444897,121.80465490136599,116.67656665415736,117.94609069824219,390086200,NVDA
2024-07-18,121.80464878579994,122.35444713942657,116.51661668353269,121.04492950439453,320979500,NVDA
2024-07-19,120.30520587770535,121.55474064508192,117.3263192631504,117.8861083984375,217223800,NVDA
2024-07-22,120.3052034521371,124.02382006512462,119.81538796863644,123.4940185546875,258068900,NVDA
2024-07-23,122.73429664640844,124.64358935199353,122.05454945627272,122.54436492919922,173911000,NVDA
2024-07-24,119.12564059736765,119.90534904476712,113.39777769436101,114.20747375488281,327776900,NVDA
2024-07-25,112.99793187881421,116.58659216144551,106.26044237682176,112.23821258544922,460067000,NVDA
2024-07-26,116.14676147619508,116.15675226350169,111.53847651152583,113.0179214477539,293399100,NVDA
2024-07-29,113.64768638350331,116.23671871019991,111.2585765650607,111.5484619140625,248152100,NVDA
2024-07-30,111.4784927394089,111.94831904183755,102.5018390571419,103.69139862060547,486833300,NVDA
2024-07-31,112.85797146215744,118.29594108970943,110.83871919064549,116.97643280029297,473174200,NVDA
2024-08-01,117.4862607613273,120.11528690507727,106.77024891874801,109.16935729980469,523462300,NVDA
2024-08-02,103.72138389300983,108.67953692460011,101.3322740328123,107.23007202148438,482027500,NVDA
2024-08-05,92.02573599453234,103.37151801623692,90.65625074239716,100.41261291503906,552842400,NVDA
2024-08-06,103.8013534449751,107.66991601333109,100.51258449303656,104.2112045288086,409012100,NVDA
2024-08-07,107.76987337493198,108.75951041282163,98.65327249174283,98.8731918334961,411440400,NVDA
2024-08-08,101.9620353134048,105.46073260357065,97.48369942630838,104.9309310913086,391910000,NVDA
2024-08-09,105.60068194063821,106.5603237294343,103.39150538103131,104.71101379394531,290844200,NVDA
2024-08-12,106.28043885191414,111.02867141394987,106.22046361794415,108.97943115234375,325559900,NVDA
2024-08-13,112.3981514576694,116.18674170739067,111.53847094577725,116.09677124023438,312646700,NVDA
2024-08-14,118.4858936518909,118.55586729976085,114.02755413739949,118.03606414794922,339246400,NVDA
2024-08-15,118.71580500966671,123.1941334844724,117.42628417440801,122.81427764892578,318086700,NVDA
2024-08-16,121.89462111591769,124.95347986245288,121.13490182291852,124.53363800048828,302589900,NVDA
2024-08-19,124.23372753951698,129.95159912109375,123.37404711982235,129.95159912109375,318333600,NVDA
2024-08-20,128.35221027833737,129.8316704836438,125.84314985736411,127.20264434814453,300087400,NVDA
2024-08-21,127.27261778490315,129.30186873034427,126.61286736853016,128.45217895507812,257883600,NVDA
2024-08-22,129.9716160825352,130.70134013517236,123.05418563063326,123.6939468383789,376189100,NVDA
2024-08-23,125.81315043381734,129.5517637458536,125.1733892777955,129.32183837890625,323230300,NVDA
2024-08-26,129.52179192714146,131.21115023425924,124.32372236742049,126.4129409790039,331964700,NVDA
2024-08-27,125.00346773520825,129.15191727923408,123.83389733541988,128.25225830078125,303134600,NVDA
2024-08-28,128.0723157316594,128.28224429229948,122.59435936439931,125.5632553100586,448101100,NVDA
2024-08-29,121.31483536128766,124.38369252727087,116.66656437657561,117.54623413085938,453023300,NVDA
2024-08-30,119.48551326917712,121.70468827145996,117.17637542296369,119.32557678222656,333751600,NVDA
2024-09-03,115.96682140906611,116.1667439153335,107.25006590844444,107.95980072021484,477155100,NVDA
2024-09-04,105.37077350121302,113.2278412494732,104.08125268189775,106.17047119140625,372470300,NVDA
2024-09-05,104.95092237696757,109.60919166518133,104.72101224991617,107.17009735107422,306850700,NVDA
2024-09-06,107.99978491199205,108.10974457653745,100.91242007486422,102.7917251586914,413638100,NVDA
2024-09-09,104.840969477339,106.51035383580418,103.6514174842849,106.43038177490234,273912000,NVDA
2024-09-10,107.7698680771714,109.3592802066297,104.910932028029,108.05976104736328,268283700,NVDA
2024-09-11,109.34928767526075,117.14638779715078,107.38001963060195,116.86649322509766,441422400,NVDA
2024-09-12,116.80650641923144,120.75537880467239,115.34692581517743,119.10585021972656,366052700,NVDA
2024-09-13,119.04586602282129,119.92561101375162,117.56628692781244,119.06585693359375,238358300,NVDA
2024-09-16,116.75652026497235,118.14612117800917,114.32721657757573,116.74652099609375,248772300,NVDA
2024-09-17,118.13612413784692,118.76594842655497,114.7970852268969,115.5568618774414,231925900,NVDA
2024-09-18,115.85676793047314,117.66624647223807,113.18753538354541,113.33749389648438,310318900,NVDA
2024-09-19,117.31635695887289,119.62569992209964,117.21638715198857,117.83621215820312,293506400,NVDA
2024-09-20,117.02644483175867,118.58600287786223,115.35692533181683,115.96675109863281,382462400,NVDA
2024-09-23,116.51659472951452,116.9564634197924,114.82707671663402,116.22667694091797,206228500,NVDA
2024-09-24,116.48659840876869,121.76509140434464,115.34692577819862,120.83535766601562,354966800,NVDA
2024-09-25,121.98501577990396,124.90418446690079,121.57513728542474,123.47459411621094,284692900,NVDA
2024-09-26,126.76365118817954,127.63339688941237,121.76508462125145,124.00444030761719,302582900,NVDA
2024-09-27,123.93446689659378,123.99444725769884,119.22581786965418,121.36520385742188,271009200,NVDA
2024-09-30,118.27608190267567,121.46516987339125,118.11613173565692,121.40518951416016,226553700,NVDA
2024-10-01,121.7350904738439,122.4049042106216,115.7568089513518,116.96646118164062,302094500,NVDA
2024-10-02,116.4066204825267,119.34577243311742,115.10699012612709,118.81592559814453,221845900,NVDA
2024-10-03,120.88533415502995,124.3243504544059,120.30549859251518,122.81478118896484,277118000,NVDA
2024-10-04,124.90418432860164,125.00415413490973,121.79507530101387,124.88418579101562,243678100,NVDA
2024-10-07,124.95416700886946,130.60254885006705,124.91417756039569,127.68338775634766,346250200,NVDA
2024-10-08,130.2226473652744,133.44172537204778,129.38289186465897,132.85189819335938,285722500,NVDA
2024-10-09,134.0715571884807,134.48144332062452,131.34234403030248,132.61196899414062,246191600,NVDA
2024-10-10,131.87219951867377,134.96131029321415,130.9624566548967,134.7713623046875,242311300,NVDA
2024-10-11,133.97158567859756,135.74108264717918,133.62169514533127,134.76136779785156,170209500,NVDA
2024-10-14,136.43089368651033,139.56000161928338,136.26094423310064,138.0304412841797,232347700,NVDA
2024-10-15,137.8304782609884,138.53028982768672,128.70310551155586,131.56228637695312,377831000,NVDA
2024-10-16,133.9415846620271,136.58082718354044,131.54227882589296,135.68109130859375,264879700,NVDA
2024-10-17,139.30005999950754,140.84961880375567,136.83076670766295,136.8907470703125,306435900,NVDA
2024-10-18,138.63024003343975,138.86016981880368,137.24063917112105,137.96043395996094,176090200,NVDA
2024-10-21,138.090405825162,143.66880798339844,137.96043821210023,143.66880798339844,264554500,NVDA
2024-10-22,142.86906078072698,144.37862268295584,141.7393796377136,143.54885864257812,226311600,NVDA
2024-10-23,141.9892821435429,142.3891613712536,137.42060018656866,139.51998901367188,285930000,NVDA
2024-10-24,140.77963709898057,141.30948393843238,138.42031305269128,140.3697509765625,172354900,NVDA
2024-10-25,140.88959441527413,144.0886893234089,140.7596420534019,141.49942016601562,205122100,NVDA
2024-10-28,142.95902137870084,143.09898064959424,140.00986979275078,140.479736328125,173586700,NVDA
2024-10-29,140.2497716969522,142.2192081120129,138.86017082456863,141.20950317382812,157593600,NVDA
2024-10-30,139.49998843906093,140.28977049571748,136.77077537646986,139.300048828125,179418100,NVDA
2024-10-31,137.5605791178224,137.5705707608992,132.07214669412372,132.72195434570312,270039600,NVDA
2024-11-01,134.6613944536623,137.2706470867555,134.53144208222884,135.36119079589844,207127800,NVDA
2024-11-04,137.17067271068436,138.9201710380497,135.53114345978716,136.01100158691406,187528200,NVDA
2024-11-05,137.41058693125512,140.32974787080795,137.29062621937655,139.86988830566406,160537400,NVDA
2024-11-06,142.91901845044762,146.44800513885863,141.91930516184587,145.56825256347656,242043900,NVDA
2024-11-07,146.34803435651398,148.8872995129736,146.12809620267714,148.8373260498047,207323300,NVDA
2024-11-08,148.7273495355645,149.72706281958904,146.21805942983792,147.58767700195312,175665800,NVDA
2024-11-11,148.6373710400852,148.80733573059373,143.52885055228916,145.21835327148438,182325600,NVDA
2024-11-12,146.73790556674717,149.60707763368606,145.96812211424654,148.24746704101562,198634700,NVDA
2024-11-13,149.02727349633594,149.28719347067064,145.8581688148386,146.2280731201172,191903300,NVDA
2024-11-14,147.59766330614426,148.9572739334313,145.50826627914395,146.71791076660156,194463300,NVDA
2024-11-15,144.8284560077565,145.19836028928967,140.03983617411208,141.9392852783203,250132900,NVDA
2024-11-18,139.45999475223928,141.50940991238423,137.1106625740026,140.10980224609375,221205300,NVDA
2024-11-19,141.2794937524248,147.08782570288798,140.94958652618317,146.9678497314453,227834900,NVDA
2024-11-20,147.36774356025674,147.5176944558783,142.68907730947365,145.84817504882812,309871700,NVDA
2024-11-21,149.30720000657334,152.84617867409492,140.65967008206871,146.62796020507812,400946600,NVDA
2024-11-22,145.88815647311117,147.11781483152527,141.05955459424152,141.9093017578125,236406200,NVDA
2024-11-25,141.9492922301626,142.0092725854583,135.78106320516017,135.9810028076172,344941900,NVDA
2024-11-26,137.66052777043362,139.26007526155422,135.63111085304342,136.88075256347656,190287700,NVDA
2024-11-27,134.97128602051475,137.18065910710888,131.76221489663718,135.3011932373047,226370900,NVDA
2024-11-29,136.74079305563075,139.31006372977,136.0110065692894,138.2103729248047,141863200,NVDA
2024-12-02,138.79019534076207,140.40972595950504,137.78049042793322,138.5902557373047,171682800,NVDA
2024-12-03,138.22037595856943,140.4997214017946,137.91046723010535,140.2198028564453,164414000,NVDA
2024-12-04,141.95928950014692,145.7481962192296,140.24977303436475,145.098388671875,231224300,NVDA
2024-12-05,145.0784040292141,146.50808533514203,143.91865294893697,145.02841186523438,172621200,NVDA
2024-12-06,144.56853006182772,145.66828146425675,141.27923767487087,142.40899658203125,188505600,NVDA
2024-12-09,138.93972344033872,139.91950565348523,137.1001279875636,138.77975463867188,189308600,NVDA
2024-12-10,138.97971741196267,141.78911819403848,133.76085313448985,135.04058837890625,210020900,NVDA
2024-12-11,137.33007570041752,140.1394610798945,135.18055019628483,139.27964782714844,184905200,NVDA
2024-12-12,137.05015122102654,138.4098556769623,135.77043117490655,137.31008911132812,159211400,NVDA
2024-12-13,138.90974525213795,139.56960518418134,132.51112983721956,134.22076416015625,231514900,NVDA
2024-12-16,134.1507548377073,134.37070812011547,130.39157963416955,131.9712371826172,237951100,NVDA
2024-12-17,129.06188284882555,131.5613383936032,126.8323727744144,130.36160278320312,259410300,NVDA
2024-12-18,133.83084634553458,136.67022414162827,128.2520598203989,128.88192749023438,277444500,NVDA
2024-12-19,131.7312862928068,134.0007959707685,129.52177635647746,130.65151977539062,209719200,NVDA
2024-12-20,129.7817201303188,135.25052978203578,128.19207015255643,134.670654296875,306528600,NVDA
2024-12-23,136.25031123897003,139.75954112073697,135.09056027465786,139.6395721435547,176053500,NVDA
2024-12-24,139.9695150682445,141.8690952419841,138.61980292789985,140.18946838378906,105157000,NVDA
2024-12-26,139.6695752314167,140.81933395538283,137.70000300728188,139.89952087402344,116205600,NVDA
2024-12-27,138.5198213856297,138.98972022149263,134.68066155069724,136.9801483154297,170582600,NVDA
2024-12-30,134.80062832550155,140.23944563051566,133.99080722961983,137.46005249023438,167734700,NVDA
2024-12-31,137.99994871496077,138.0399485497518,133.80086613446198,134.26075744628906,155659200,NVDA
2025-01-02,135.97038221662075,138.84975989825128,134.60068545398187,138.27987670898438,198247200,NVDA
2025-01-03,139.97950221326124,144.86843662681642,139.69956441393234,144.43853759765625,229322500,NVDA
2025-01-06,148.55763229845726,152.12686204773377,147.78781099429082,149.39744567871094,265377400,NVDA
2025-01-07,152.99665754898407,153.09664186378797,139.97948999458222,140.10946655273438,351782200,NVDA
2025-01-08,142.54894625810496,143.91864297451565,137.5300354006173,140.07948303222656,227349900,NVDA
2025-01-10,137.42007490895548,139.88953842521914,134.19078233209814,135.8804168701172,207602500,NVDA
2025-01-13,129.96170394882952,133.46094192558937,129.4817974709377,133.20098876953125,204808900,NVDA
2025-01-14,136.02036676060487,136.35029670610186,130.021673763493,131.73129272460938,195590500,NVDA
2025-01-15,133.6208947252083,136.42028814155947,131.26140794998662,136.21034240722656,185217300,NVDA
2025-01-16,138.6097963703303,138.7197730168145,133.46092441099125,133.54090881347656,209235600,NVDA
2025-01-17,136.66022586007293,138.46982912838536,135.4304980750839,137.6800079345703,201188800,NVDA
2025-01-21,139.1296971907641,141.79911388356058,137.0601406758009,140.79933166503906,197749000,NVDA
2025-01-22,144.6285153116103,147.7578236263026,143.63872531436203,147.03799438476562,237651400,NVDA
2025-01-23,145.0184168760411,147.19793483530896,143.68870466698334,147.1879425048828,155915500,NVDA
2025-01-24,148.3376757009225,148.93755110518853,141.8490991802554,142.58892822265625,234657600,NVDA
2025-01-27,124.77282637681094,128.3720332810038,116.67458414531102,118.39421081542969,818830900,NVDA
2025-01-28,121.78346978934897,128.97190639273322,116.22468308647471,128.9619140625,579666400,NVDA
2025-01-29,126.47245082309266,126.86236527865272,120.02385855553806,123.67305755615234,467120600,NVDA
2025-01-30,123.07318310243251,124.97277074327684,118.07427227270144,124.62284851074219,392925500,NVDA
2025-01-31,123.75304497053646,127.8221583994493,119.16404813082586,120.04385375976562,388161100,NVDA
2025-02-03,114.72501007137596,118.54417785753162,112.98539113939225,116.63459777832031,371235700,NVDA
2025-02-04,116.93452639047727,121.17360082598954,116.67458088005824,118.62416076660156,256550000,NVDA
2025-02-05,121.73348714021286,124.97277944773282,120.733704904631,124.80281829833984,262230800,NVDA
2025-02-06,127.39224223836113,128.74195426970414,125.18272455855072,128.65196228027344,251483600,NVDA
2025-02-07,129.19184651154228,130.3415898450845,124.97276475304243,129.81170654296875,228186300,NVDA
2025-02-10,130.06165595495793,134.97058996230598,129.93169464945112,133.54090881347656,216989100,NVDA
2025-02-11,132.55113432807275,134.45071452657314,130.991476437857,132.77108764648438,178902400,NVDA
2025-02-12,129.9916837727306,132.21120144058102,129.05188607934784,131.11143493652344,160278600,NVDA
2025-02-13,131.53134519031366,136.4702717517269,131.1414307383845,135.26052856445312,197430000,NVDA
2025-02-14,136.45026901957874,139.21966995740726,135.47048674490975,138.81976318359375,195479600,NVDA
2025-02-18,141.239247408195,143.408773131914,137.89996298841217,139.36964416503906,219176600,NVDA
2025-02-19,139.47961431944915,141.32921755912488,137.1901197103136,139.19967651367188,167536000,NVDA
2025-02-20,139.9994986264957,140.62936628696042,136.7601988439899,140.07948303222656,143903600,NVDA
2025-02-21,140.00948969645043,141.42919381606555,134.00080428998024,134.4007110595703,228217600,NVDA
2025-02-24,136.53026411475935,138.55982089892026,130.05167928786804,130.2516326904297,251381100,NVDA
2025-02-25,129.9516858300846,130.17163913409132,124.4128991653319,126.6024169921875,271428700,NVDA
2025-02-26,129.96170661334043,133.7008826502409,128.46203316398234,131.2514190673828,322553800,NVDA
2025-02-27,134.9705968281912,134.98058915821082,119.98386380503352,120.12383270263672,443175800,NVDA
2025-02-28,117.99429297871988,125.06275289296238,116.37465068149442,124.89279174804688,389091100,NVDA
2025-03-03,123.48310269608358,123.67305612882248,112.25554513947324,114.03515625,411381400,NVDA
2025-03-04,110.62590357369604,119.28401358591904,110.0860202624711,115.96473693847656,398163300,NVDA
2025-03-05,117.55438999810913,118.25423446970035,114.48505902516025,117.27445220947266,284337900,NVDA
2025-03-06,113.50527582346177,115.32487918451908,110.1959990692751,110.5459213256836,321181900,NVDA
2025-03-07,111.22576986878714,113.45528753337068,107.53657110597264,112.66545867919922,341755500,NVDA
2025-03-10,109.87605754375717,111.82562964494369,105.43702244846195,106.95669555664062,366487400,NVDA
2025-03-11,106.96669412251354,112.2155506077548,104.74717644545998,108.73631286621094,354865700,NVDA
2025-03-12,114.10564961231475,116.74531696319002,112.8658000774832,115.7254409790039,323857500,NVDA
2025-03-13,117.01527472285696,117.74518623487266,113.77568449740161,115.56546020507812,299033100,NVDA
2025-03-14,118.59508095437823,121.86466627272753,118.13513973204245,121.65469360351562,277593500,NVDA
2025-03-17,122.72455649146468,122.87453914631989,118.01514995099303,119.51496124267578,255501500,NVDA
2025-03-18,117.98515020944649,119.00501849033903,114.52558655092061,115.41547393798828,299686900,NVDA
2025-03-19,117.2552423301898,120.43484254394583,115.6654460375291,117.50521087646484,273426200,NVDA
2025-03-20,116.53533674228605,120.18487133427746,116.4553449784264,118.51508331298828,248829700,NVDA
2025-03-21,116.92528940681295,117.97515272195331,115.40547637665556,117.68518829345703,266498500,NVDA
2025-03-24,119.86491568880827,122.20462527069279,119.32498270837338,121.39472961425781,228452500,NVDA
2025-03-25,120.53483816820751,121.27474294212928,118.90503833586045,120.67481994628906,167447200,NVDA
2025-03-26,118.7150653108018,118.82504445296345,112.69581844673802,113.74568939208984,293463300,NVDA
2025-03-27,111.33599333866172,114.43560190798578,110.64608531130148,111.41598510742188,236902100,NVDA
2025-03-28,111.47597500465491,112.85580631482036,109.05628121542107,109.65620422363281,229872500,NVDA
2025-03-31,105.11677236112796,110.94604080353734,103.63696281055644,108.36636352539062,299212700,NVDA
2025-04-01,108.5063391727533,110.18612804634962,106.45660174663486,110.13613891601562,222614000,NVDA
2025-04-02,107.27650160670082,111.96591394846298,106.77656451707789,110.4061050415039,220601200,NVDA
2025-04-03,103.49697720927654,105.61670556208404,101.58721388778805,101.78719329833984,338769400,NVDA
2025-04-04,98.89756129670621,100.11740141914926,92.09841365005991,94.29813385009766,532273800,NVDA
2025-04-07,87.44898959160196,101.73719167720878,86.60909899272106,97.6277084350586,611041300,NVDA
2025-04-08,103.79693724960859,105.83668151314755,94.448115096381,96.28788757324219,476243400,NVDA
2025-04-09,98.8775535578917,115.08551252786717,97.51772411084168,114.31561279296875,612918300,NVDA
2025-04-10,109.3562417228181,110.84605211383005,99.13752639108027,107.55646514892578,437812400,NVDA
2025-04-11,108.4863440509602,111.53596322542542,107.46647578597839,110.9160385131836,313417300,NVDA
2025-04-14,114.09564149423704,114.27561914894163,109.0562747909433,110.6960678100586,264705000,NVDA
2025-04-15,110.95604157012,113.6057097347757,110.48609947397975,112.18588256835938,228966900,NVDA
2025-04-16,104.53685005598037,106.776566115048,100.43735975697352,104.47685241699219,397016900,NVDA
2025-04-17,104.43685285244638,104.45685460754896,100.03741265575106,101.47722625732422,292517500,NVDA
2025-04-21,98.75757087400713,99.42749238220217,95.02804439894429,96.89781188964844,288501100,NVDA
2025-04-22,98.7675690784311,99.79743825075411,97.26775782667495,98.87755584716797,241004800,NVDA
2025-04-23,104.50684469329865,104.78681586825162,102.0071592730487,102.69707489013672,247526000,NVDA
2025-04-24,103.4669774804407,106.52658985205171,103.09702130913817,106.4166030883789,220815000,NVDA
2025-04-25,106.83655988818872,111.90592192622726,105.71670563343305,110.99604034423828,251064700,NVDA
2025-04-28,109.67619446115806,110.35610916663857,106.0066506499314,108.71631622314453,207708500,NVDA
2025-04-29,107.65645038374015,110.18613082106049,107.42648359585715,109.00627899169922,170444300,NVDA
2025-04-30,104.45685864823317,108.90629577636719,104.06690832142748,108.90629577636719,235044600,NVDA
2025-05-01,113.06577112138011,114.92553765737502,111.28599634849851,111.59595489501953,236121500,NVDA
2025-05-02,114.1656362648126,115.38548400726445,113.35574060530446,114.485595703125,190194800,NVDA
2025-05-05,112.89579778060671,114.65557085202862,112.64582923459892,113.80567932128906,133163200,NVDA
2025-05-06,111.46598025800552,114.72556468927546,110.8060596179303,113.52571868896484,158525600,NVDA
2025-05-07,113.03578272910664,117.66519758488604,112.2658753138673,117.04527282714844,206758800,NVDA
2025-05-08,118.23512643493164,118.66507265437788,115.83542678286972,117.35523986816406,198428100,NVDA
2025-05-09,117.33523143311392,118.21512557823269,115.19550133583151,116.63532257080078,132972200,NVDA
2025-05-12,121.95465837416761,122.98452758789062,120.26486852149502,122.98452758789062,225023300,NVDA
2025-05-13,124.96428378706925,131.20349680462547,124.45434579721417,129.9136505126953,330430100,NVDA
2025-05-14,133.18323739959362,135.4229610498005,131.66342437777934,135.32296752929688,281180800,NVDA
2025-05-15,134.27309347043854,136.28285028501523,132.64330897356982,134.8130340576172,226632600,NVDA
2025-05-16,136.20286928250525,136.3328578150344,133.44322189103337,135.38296508789062,226542500,NVDA
2025-05-19,132.3733402168265,135.85289804232983,132.3733402168265,135.55294799804688,193154600,NVDA
2025-05-20,134.2730826239034,134.5630546490785,132.6032947519003,134.3630828857422,161514200,NVDA
2025-05-21,133.04325269152105,137.3827028648009,130.57356230685332,131.78341674804688,270608700,NVDA
2025-05-22,132.21336282687446,134.23311300774128,131.53345568577518,132.81329345703125,187344000,NVDA
2025-05-23,129.98365220977007,132.66330787048915,129.14376150329426,131.2734832763672,198821300,NVDA
2025-05-27,134.13310453484723,135.64292419162265,133.2932139517279,135.48294067382812,192953600,NVDA
2025-05-28,136.01289284806998,137.23274065219468,134.773043287045,134.7930450439453,304021100,NVDA
2025-05-29,142.2321134030903,143.47196297724966,137.89266277883826,139.17250061035156,369241900,NVDA
2025-05-30,138.7025513364048,139.6024320207408,132.9032778793795,135.11300659179688,333170900,NVDA
2025-06-02,135.4729551269194,138.10261378714853,135.38295485750098,137.3627166748047,197663100,NVDA
2025-06-03,138.76252943263086,141.9821253260672,137.93263208053457,141.2022247314453,225578800,NVDA
2025-06-04,142.17211569309742,142.37208748278405,139.52243989492337,141.9021453857422,167120800,NVDA
2025-06-05,142.15211531599257,143.98188696027037,138.81253909953503,139.97239685058594,231397900,NVDA
2025-06-06,142.4920575502711,143.2519716576077,141.49218341482276,141.70216369628906,153986200,NVDA
2025-06-09,143.17198765195985,144.98175749406252,141.9221449149421,142.612060546875,185114500,NVDA
2025-06-10,142.6720500430919,144.27183958658884,141.51219232566982,143.94189453125,155881900,NVDA
2025-06-11,144.6018435649776,144.9818270127783,141.8619926278542,142.8219451904297,167694000,NVDA
2025-06-12,141.9619934165529,144.9918212890625,141.84200506767834,144.9918212890625,162365000,NVDA
2025-06-13,142.47195608609783,143.57190012016565,140.84205843661482,141.9619903564453,180820600,NVDA
2025-06-16,143.3419182543515,146.17174515794912,143.19191756263837,144.6818389892578,183133700,NVDA
2025-06-17,144.48185167828373,145.2118062109318,143.77188503129375,144.1118621826172,139108000,NVDA
2025-06-18,144.00186822839106,145.64177507521472,143.1119190601379,145.47178649902344,161494100,NVDA
2025-06-20,145.4417889825313,146.1917466588846,142.6419439392267,143.84188842773438,242956200,NVDA
2025-06-23,142.49196127355907,144.77183143330174,142.02198656661903,144.161865234375,154308900,NVDA
2025-06-24,145.55178305584516,147.9516567694991,145.4917888831412,147.8916473388672,187566100,NVDA
2025-06-25,149.2615908362584,154.44129154756814,149.2515816348226,154.30130004882812,269146500,NVDA
2025-06-26,155.9711982969104,156.71116205301092,153.99131424314706,155.01126098632812,198145700,NVDA
2025-06-27,156.03119384319848,158.7010567029259,155.25123904977087,157.74110412597656,263234500,NVDA
2025-06-30,158.39105963903748,158.65105473929458,155.95121007936535,157.98109436035156,194580300,NVDA
2025-07-01,156.28118836420296,157.19114075936278,151.4814709885328,153.29136657714844,213143600,NVDA
2025-07-02,152.97137110311218,157.5911210146133,152.9613771597412,157.2411346435547,171224100,NVDA
2025-07-03,158.36106240246136,160.97091579811564,157.76110539966962,159.3310089111328,143716100,NVDA
2025-07-07,158.19107281354107,159.3010108082469,157.33112071622008,158.2310791015625,140139000,NVDA
2025-07-08,159.32102164925746,160.21097087662494,158.3810721884118,159.99098205566406,138133000,NVDA
2025-07-09,161.2109090473586,164.41072552837133,161.15091487239096,162.87081909179688,183656400,NVDA
2025-07-10,164.31074810125853,164.4907306346819,161.6008940928153,164.09075927734375,167704100,NVDA
2025-07-11,163.71077623333997,167.88053943905462,163.4607903198708,164.91070556640625,193633300,NVDA
2025-07-14,165.36067502496692,165.48067863727533,162.0108729824689,164.06076049804688,136975800,NVDA
2025-07-15,171.18034650685541,172.39026971263084,169.19045325951484,170.69036865234375,230627400,NVDA
2025-07-16,171.05035621730414,171.74031976856003,168.89047429804987,171.36033630371094,158831500,NVDA
2025-07-17,172.01030913929756,174.15018791751396,170.82037376702192,172.99024963378906,160841100,NVDA
2025-07-18,173.63021019833226,174.24017641906912,171.2503394915346,172.40028381347656,146456400,NVDA
2025-07-21,172.7402639749064,173.37023335124513,170.99036260323587,171.37034606933594,123126100,NVDA
2025-07-22,171.33033873133073,171.38033896465845,164.5707252526767,167.0205841064453,193114300,NVDA
2025-07-23,169.52044095634585,171.25033914956657,167.96053134785282,170.77037048339844,154082200,NVDA
2025-07-24,172.43027959809626,173.82020061413024,171.29034448608226,173.73020935058594,128984600,NVDA
2025-07-25,173.60021352539138,174.71015156060187,172.9502562716434,173.49021911621094,122316800,NVDA
2025-07-28,174.0101941822023,176.9900219174052,173.96019394928393,176.7400360107422,140023500,NVDA
2025-07-29,177.94996552058157,179.36988356772682,175.01012896550742,175.50009155273438,154077500,NVDA
2025-07-30,176.50004870661488,179.87986313645385,176.03007396904806,179.25990295410156,174312200,NVDA
2025-07-31,182.88968537366165,183.28967198380855,175.92007699286586,177.85997009277344,221685400,NVDA
2025-08-01,174.08017933113513,176.53003812303805,170.88036283204175,173.710205078125,204529000,NVDA
2025-08-04,175.150129411279,180.18983857913796,174.5101661001552,179.98985290527344,148174600,NVDA
2025-08-05,179.6098628583566,180.24982614601393,175.8900714807458,178.24993896484375,156407600,NVDA
2025-08-06,176.32005948301483,179.88985025482887,176.2400621628547,179.40988159179688,137192300,NVDA
2025-08-07,181.5597693442696,183.86963665167795,178.78992126086553,180.7598114013672,151878400,NVDA
2025-08-08,181.5397681998595,183.2896695438941,180.3898238761652,182.689697265625,123396700,NVDA
2025-08-11,182.0397344504628,183.82962677132744,180.23983292857787,182.0497283935547,138323200,NVDA
2025-08-12,182.94968779347354,184.46959107996432,179.4498851930147,183.14967346191406,145485700,NVDA
2025-08-13,182.60969839497247,183.95962838065756,179.33989375414814,181.5797576904297,179871700,NVDA
2025-08-14,179.73985890356857,183.0096786896392,179.44988197821397,182.00973510742188,129554000,NVDA
2025-08-15,181.86974661621798,181.88973450248375,178.02995160113952,180.4398193359375,156602200,NVDA
2025-08-18,180.58981649127065,182.92968080449612,180.5798072904055,181.99972534179688,132008000,NVDA
2025-08-19,182.41970688751834,182.4897102645763,175.48011099603517,175.63009643554688,185229200,NVDA
2025-08-20,175.1601234390134,175.99007848098316,168.79048741289236,175.39010620117188,215142700,NVDA
2025-08-21,174.8401410010552,176.89001313294924,173.80019113380274,174.97012329101562,140040900,NVDA
2025-08-22,172.60026380920357,178.57992220965232,171.19033968434712,177.97996520996094,172789400,NVDA
2025-08-25,178.3399565343825,181.89975349617023,176.56005805348863,179.79986572265625,163012800,NVDA
2025-08-26,180.04984011627135,182.379710508586,178.79991063056144,181.75975036621094,168688200,NVDA
2025-08-27,181.96973565618129,182.47971666734583,179.0899084065932,181.5897674560547,235518900,NVDA
2025-08-28,180.80980830742462,184.45959632874283,176.40005338826177,180.1598358154297,281787800,NVDA
2025-08-29,178.099952232122,178.13994326196564,173.14022534545884,174.170166015625,243257900,NVDA
2025-09-02,169.99041567915194,172.37028638119727,167.2105736316213,170.77037048339844,231164900,NVDA
2025-09-03,171.0503597309562,172.40028977270214,168.8704898798795,170.61038208007812,164424900,NVDA
2025-09-04,170.56039467979372,171.85031526705663,169.40045639085815,171.65032958984375,141670100,NVDA
2025-09-05,168.02052717453523,169.02047080600087,164.06075893837155,167.01058959960938,224441400,NVDA
2025-09-08,167.5405549408978,170.95036631358883,167.34056927044318,168.30050659179688,163769100,NVDA
2025-09-09,169.08046220477644,170.97035502688004,166.7306038641957,170.7503662109375,157548400,NVDA
2025-09-10,176.63004377208136,179.2798883121013,175.46011154547278,177.32000732421875,226852000,NVDA
2025-09-11,179.67999267578125,180.27999877929688,176.47999572753906,177.1699981689453,151159300,NVDA
2025-09-12,177.77000427246094,178.60000610351562,176.4499969482422,177.82000732421875,124911000,NVDA
2025-09-15,175.6699981689453,178.85000610351562,174.50999450683594,177.75,147061600,NVDA
2025-09-16,177.0,177.5,174.3800048828125,174.8800048828125,140737800,NVDA
2025-09-17,172.63999938964844,173.1999969482422,168.41000366210938,170.2899932861328,211843800,NVDA
2025-09-18,173.97999572753906,177.10000610351562,172.9600067138672,176.24000549316406,191763300,NVDA
2025-09-19,175.77000427246094,178.0800018310547,175.17999267578125,176.6699981689453,237182100,NVDA
2025-09-22,175.3000030517578,184.5500030517578,174.7100067138672,183.61000061035156,269637000,NVDA
2025-09-23,181.97000122070312,182.4199981689453,176.2100067138672,178.42999267578125,192559600,NVDA
2025-09-24,179.77000427246094,179.77999877929688,175.39999389648438,176.97000122070312,143564100,NVDA
2025-09-25,174.47999572753906,180.25999450683594,173.1300048828125,177.69000244140625,191586700,NVDA
2025-09-26,178.1699981689453,179.77000427246094,174.92999267578125,178.19000244140625,148573700,NVDA
2025-09-29,180.42999267578125,184.0,180.32000732421875,181.85000610351562,193063500,NVDA
2025-09-30,182.0800018310547,187.35000610351562,181.47999572753906,186.5800018310547,236981000,NVDA
2025-10-01,185.24000549316406,188.13999938964844,183.89999389648438,187.24000549316406,173844900,NVDA
2025-10-02,189.60000610351562,191.0500030517578,188.05999755859375,188.88999938964844,136805800,NVDA
2025-10-03,189.19000244140625,190.36000061035156,185.3800048828125,187.6199951171875,137596900,NVDA
2025-10-06,185.5,187.22999572753906,183.3300018310547,185.5399932861328,157678100,NVDA
2025-10-07,186.22999572753906,189.05999755859375,184.0,185.0399932861328,140088000,NVDA
2025-10-08,186.57000732421875,189.60000610351562,186.5399932861328,189.11000061035156,130168900,NVDA
2025-10-09,192.22999572753906,195.3000030517578,191.05999755859375,192.57000732421875,182997200,NVDA
2025-10-10,193.50999450683594,195.6199951171875,182.0500030517578,183.16000366210938,268774400,NVDA
2025-10-13,187.97000122070312,190.11000061035156,185.9600067138672,188.32000732421875,153482800,NVDA
2025-10-14,184.77000427246094,184.8000030517578,179.6999969482422,180.02999877929688,205641400,NVDA
2025-10-15,184.8000030517578,184.8699951171875,177.2899932861328,179.8300018310547,214450500,NVDA
2025-10-16,182.22999572753906,183.27999877929688,179.77000427246094,181.80999755859375,179723300,NVDA
2025-10-17,180.17999267578125,184.10000610351562,179.75,183.22000122070312,173135200,NVDA
2025-10-20,183.1300048828125,185.1999969482422,181.72999572753906,182.63999938964844,128544700,NVDA
2025-10-21,182.7899932861328,182.7899932861328,179.8000030517578,181.16000366210938,124240200,NVDA
2025-10-22,181.13999938964844,183.44000244140625,176.75999450683594,180.27999877929688,162249600,NVDA
2025-10-23,180.4199981689453,183.02999877929688,179.7899932861328,182.16000366210938,111363700,NVDA
2025-10-24,183.83999633789062,187.47000122070312,183.5,186.25999450683594,131296700,NVDA
2025-10-27,189.99000549316406,192.0,188.42999267578125,191.49000549316406,153452700,NVDA
2025-10-28,193.0500030517578,203.14999389648438,191.91000366210938,201.02999877929688,297986200,NVDA
2025-10-29,207.97999572753906,212.19000244140625,204.77999877929688,207.0399932861328,308829600,NVDA
2025-10-30,205.14999389648438,206.16000366210938,201.41000366210938,202.88999938964844,178864400,NVDA
2025-10-31,206.4499969482422,207.97000122070312,202.07000732421875,202.49000549316406,179802200,NVDA
2025-11-03,208.0800018310547,211.33999633789062,205.55999755859375,206.8800048828125,180267300,NVDA
2025-11-04,203.0,203.97000122070312,197.92999267578125,198.69000244140625,188919300,NVDA
2025-11-05,198.77000427246094,202.9199981689453,194.64999389648438,195.2100067138672,171350300,NVDA
2025-11-06,196.4199981689453,197.6199951171875,186.3800048828125,188.0800018310547,223029800,NVDA
2025-11-07,184.89999389648438,188.32000732421875,178.91000366210938,188.14999389648438,264942300,NVDA
2025-11-10,195.11000061035156,199.94000244140625,193.7899932861328,199.0500030517578,198897100,NVDA
2025-11-11,195.16000366210938,195.4199981689453,191.3000030517578,193.16000366210938,176483300,NVDA
2025-11-12,195.72000122070312,195.88999938964844,191.1300048828125,193.8000030517578,154935300,NVDA
2025-11-13,191.0500030517578,191.44000244140625,183.85000610351562,186.86000061035156,207423100,NVDA
2025-11-14,182.86000061035156,191.00999450683594,180.5800018310547,190.1699981689453,186591900,NVDA
2025-11-17,185.97000122070312,189.0,184.32000732421875,186.60000610351562,173628900,NVDA
2025-11-18,183.3800048828125,184.8000030517578,179.64999389648438,181.36000061035156,213598900,NVDA
2025-11-19,184.7899932861328,187.86000061035156,182.8300018310547,186.52000427246094,247246400,NVDA
2025-11-20,195.9499969482422,196.0,179.85000610351562,180.63999938964844,340991100,NVDA
2023-01-03,85.45999908447266,86.95999908447266,84.20999908447266,85.81999969482422,76706000,AMZN
2023-01-04,86.55000305175781,86.9800033569336,83.36000061035156,85.13999938964844,68885100,AMZN
2023-01-05,85.33000183105469,85.41999816894531,83.06999969482422,83.12000274658203,67930800,AMZN
2023-01-06,83.02999877929688,86.4000015258789,81.43000030517578,86.08000183105469,83303400,AMZN
2023-01-09,87.45999908447266,89.4800033569336,87.08000183105469,87.36000061035156,65266100,AMZN
2023-01-10,87.56999969482422,90.19000244140625,87.29000091552734,89.87000274658203,67756600,AMZN
2023-01-11,90.93000030517578,95.26000213623047,90.93000030517578,95.08999633789062,103126200,AMZN
2023-01-12,96.93000030517578,97.19000244140625,93.5,95.2699966430664,85254800,AMZN
2023-01-13,94.18000030517578,98.37000274658203,94.12000274658203,98.12000274658203,85549400,AMZN
2023-01-17,98.68000030517578,98.88999938964844,95.7300033569336,96.05000305175781,72755000,AMZN
2023-01-18,97.25,99.31999969482422,95.37999725341797,95.45999908447266,79570400,AMZN
2023-01-19,94.73999786376953,95.44000244140625,92.86000061035156,93.68000030517578,69002700,AMZN
2023-01-20,93.86000061035156,97.3499984741211,93.19999694824219,97.25,67481500,AMZN
2023-01-23,97.55999755859375,97.77999877929688,95.86000061035156,97.5199966430664,76501100,AMZN
2023-01-24,96.93000030517578,98.08999633789062,96.0,96.31999969482422,66929500,AMZN
2023-01-25,92.55999755859375,97.23999786376953,91.5199966430664,97.18000030517578,94261600,AMZN
2023-01-26,98.23999786376953,99.48999786376953,96.91999816894531,99.22000122070312,68523600,AMZN
2023-01-27,99.52999877929688,103.48999786376953,99.52999877929688,102.23999786376953,87775600,AMZN
2023-01-30,101.08999633789062,101.73999786376953,99.01000213623047,100.55000305175781,70691900,AMZN
2023-01-31,101.16000366210938,103.3499984741211,101.13999938964844,103.12999725341797,66527300,AMZN
2023-02-01,102.52999877929688,106.23999786376953,101.23999786376953,105.1500015258789,80450100,AMZN
2023-02-02,110.25,114.0,108.87999725341797,112.91000366210938,158154200,AMZN
2023-02-03,105.26000213623047,108.77999877929688,102.5199966430664,103.38999938964844,144374800,AMZN
2023-02-06,102.93000030517578,103.94999694824219,100.6500015258789,102.18000030517578,81945200,AMZN
2023-02-07,101.16999816894531,102.41000366210938,98.08000183105469,102.11000061035156,119501300,AMZN
2023-02-08,102.04000091552734,102.66999816894531,98.77999877929688,100.05000305175781,75878300,AMZN
2023-02-09,101.31999969482422,101.77999877929688,97.56999969482422,98.23999786376953,64622500,AMZN
2023-02-10,97.55999755859375,98.81999969482422,96.2300033569336,97.61000061035156,52740100,AMZN
2023-02-13,97.8499984741211,99.68000030517578,96.91000366210938,99.54000091552734,52841500,AMZN
2023-02-14,98.41000366210938,100.91999816894531,97.5199966430664,99.69999694824219,56202900,AMZN
2023-02-15,99.08999633789062,101.16999816894531,98.44999694824219,101.16000366210938,47957600,AMZN
2023-02-16,99.20999908447266,100.62999725341797,98.0999984741211,98.1500015258789,56339200,AMZN
2023-02-17,97.80000305175781,97.94000244140625,95.6500015258789,97.19999694824219,60029400,AMZN
2023-02-21,95.33999633789062,95.61000061035156,94.2699966430664,94.58000183105469,56580400,AMZN
2023-02-22,95.0999984741211,97.01000213623047,94.80000305175781,95.79000091552734,59534100,AMZN
2023-02-23,96.12000274658203,96.43000030517578,93.66999816894531,95.81999969482422,48467000,AMZN
2023-02-24,93.52999877929688,94.13999938964844,92.31999969482422,93.5,57053800,AMZN
2023-02-27,94.27999877929688,94.77999877929688,93.13999938964844,93.76000213623047,47470300,AMZN
2023-02-28,93.13999938964844,94.69000244140625,92.91999816894531,94.2300033569336,43959300,AMZN
2023-03-01,93.87000274658203,94.68000030517578,91.58999633789062,92.16999816894531,52299500,AMZN
2023-03-02,91.41000366210938,92.2300033569336,90.38999938964844,92.12999725341797,55509400,AMZN
2023-03-03,92.73999786376953,94.94000244140625,92.66000366210938,94.9000015258789,55759600,AMZN
2023-03-06,95.19000244140625,96.55000305175781,93.73999786376953,93.75,52112400,AMZN
2023-03-07,94.05999755859375,95.08999633789062,92.77999877929688,93.55000305175781,49100700,AMZN
2023-03-08,93.5999984741211,94.16999816894531,92.18000030517578,93.91999816894531,44899100,AMZN
2023-03-09,93.68000030517578,96.20999908447266,92.18000030517578,92.25,56218700,AMZN
2023-03-10,92.66999816894531,93.56999969482422,90.25,90.7300033569336,69827500,AMZN
2023-03-13,89.97000122070312,94.0199966430664,88.12000274658203,92.43000030517578,72397100,AMZN
2023-03-14,93.83000183105469,95.06999969482422,92.70999908447266,94.87999725341797,60912700,AMZN
2023-03-15,93.22000122070312,96.66999816894531,93.06999969482422,96.19999694824219,70731800,AMZN
2023-03-16,95.75,100.98999786376953,95.61000061035156,100.04000091552734,84446900,AMZN
2023-03-17,99.79000091552734,100.66000366210938,97.45999908447266,98.94999694824219,87300200,AMZN
2023-03-20,98.41000366210938,98.4800033569336,95.69999694824219,97.70999908447266,62388900,AMZN
2023-03-21,98.13999938964844,100.8499984741211,98.0,100.61000061035156,58597300,AMZN
2023-03-22,100.44999694824219,102.0999984741211,98.61000061035156,98.69999694824219,57475400,AMZN
2023-03-23,100.43000030517578,101.05999755859375,97.62000274658203,98.70999908447266,57559300,AMZN
2023-03-24,98.06999969482422,98.30000305175781,96.4000015258789,98.12999725341797,56095400,AMZN
2023-03-27,99.06999969482422,99.33999633789062,97.08000183105469,98.04000091552734,46721300,AMZN
2023-03-28,98.11000061035156,98.44000244140625,96.29000091552734,97.23999786376953,38720100,AMZN
2023-03-29,98.69000244140625,100.41999816894531,98.55999755859375,100.25,49783300,AMZN
2023-03-30,101.55000305175781,103.04000091552734,101.01000213623047,102.0,53633400,AMZN
2023-03-31,102.16000366210938,103.48999786376953,101.94999694824219,103.29000091552734,56750300,AMZN
2023-04-03,102.30000305175781,103.29000091552734,101.43000030517578,102.41000366210938,41135700,AMZN
2023-04-04,102.75,104.19999694824219,102.11000061035156,103.94999694824219,48662500,AMZN
2023-04-05,103.91000366210938,103.91000366210938,100.75,101.0999984741211,45175400,AMZN
2023-04-06,100.75,102.37999725341797,99.80000305175781,102.05999755859375,43808000,AMZN
2023-04-10,100.95999908447266,102.19999694824219,99.56999969482422,102.16999816894531,37261200,AMZN
2023-04-11,100.80000305175781,101.0,99.01000213623047,99.91999816894531,60417800,AMZN
2023-04-12,100.4000015258789,100.51000213623047,97.70999908447266,97.83000183105469,56735000,AMZN
2023-04-13,98.94999694824219,102.56999969482422,98.70999908447266,102.4000015258789,67925100,AMZN
2023-04-14,102.06999969482422,103.19999694824219,101.11000061035156,102.51000213623047,51450500,AMZN
2023-04-17,103.16000366210938,103.7300033569336,101.58999633789062,102.73999786376953,39919500,AMZN
2023-04-18,103.94999694824219,104.19999694824219,101.5199966430664,102.30000305175781,39790500,AMZN
2023-04-19,101.58000183105469,105.12000274658203,101.38999938964844,104.30000305175781,58398900,AMZN
2023-04-20,103.52999877929688,105.25,103.20999908447266,103.80999755859375,57696900,AMZN
2023-04-21,106.0999984741211,108.1500015258789,105.08000183105469,106.95999908447266,86774200,AMZN
2023-04-24,107.66000366210938,109.2300033569336,105.06999969482422,106.20999908447266,69575600,AMZN
2023-04-25,104.91000366210938,105.44999694824219,102.44999694824219,102.56999969482422,65026800,AMZN
2023-04-26,105.04000091552734,106.62000274658203,104.0999984741211,104.9800033569336,73803800,AMZN
2023-04-27,108.16000366210938,110.86000061035156,106.80000305175781,109.81999969482422,149961200,AMZN
2023-04-28,107.7300033569336,109.4800033569336,104.33000183105469,105.44999694824219,130715900,AMZN
2023-05-01,104.94999694824219,105.2300033569336,101.81999969482422,102.05000305175781,74728100,AMZN
2023-05-02,101.47000122070312,103.9000015258789,101.1500015258789,103.62999725341797,73469400,AMZN
2023-05-03,103.73999786376953,105.95999908447266,103.27999877929688,103.6500015258789,65051900,AMZN
2023-05-04,104.04000091552734,105.38999938964844,103.30999755859375,104.0,45345500,AMZN
2023-05-05,104.2699966430664,105.76000213623047,103.55000305175781,105.66000366210938,56951700,AMZN
2023-05-08,105.04000091552734,106.0999984741211,104.69999694824219,105.83000183105469,49430900,AMZN
2023-05-09,105.4800033569336,106.79000091552734,105.16000366210938,106.62000274658203,44089400,AMZN
2023-05-10,108.0999984741211,110.66999816894531,108.05000305175781,110.19000244140625,78627600,AMZN
2023-05-11,111.02999877929688,113.27999877929688,110.48999786376953,112.18000030517578,74924800,AMZN
2023-05-12,112.16000366210938,112.63999938964844,109.31999969482422,110.26000213623047,49852700,AMZN
2023-05-15,111.1500015258789,112.29000091552734,109.25,111.19999694824219,53011100,AMZN
2023-05-16,111.05000305175781,114.79000091552734,111.05000305175781,113.4000015258789,71472900,AMZN
2023-05-17,114.88999938964844,115.83000183105469,114.22000122070312,115.5,65655200,AMZN
2023-05-18,116.69000244140625,118.5999984741211,116.33999633789062,118.1500015258789,73174100,AMZN
2023-05-19,118.16000366210938,118.30999755859375,115.69999694824219,116.25,55056300,AMZN
2023-05-22,116.7699966430664,116.7699966430664,114.25,115.01000213623047,70741100,AMZN
2023-05-23,114.2699966430664,117.13999938964844,113.77999877929688,114.98999786376953,67576300,AMZN
2023-05-24,115.3499984741211,117.33999633789062,115.0199966430664,116.75,63487900,AMZN
2023-05-25,116.62999725341797,116.87000274658203,114.30999755859375,115.0,66496700,AMZN
2023-05-26,116.04000091552734,121.5,116.0199966430664,120.11000061035156,96779900,AMZN
2023-05-30,122.37000274658203,122.91999816894531,119.86000061035156,121.66000366210938,64314800,AMZN
2023-05-31,121.44999694824219,122.04000091552734,119.16999816894531,120.58000183105469,72800800,AMZN
2023-06-01,120.69000244140625,123.48999786376953,119.93000030517578,122.7699966430664,54375100,AMZN
2023-06-02,124.91999816894531,126.38999938964844,124.0199966430664,124.25,61264400,AMZN
2023-06-05,123.36000061035156,125.80000305175781,123.02999877929688,125.30000305175781,47950100,AMZN
2023-06-06,125.06999969482422,127.4000015258789,125.0,126.61000061035156,45695200,AMZN
2023-06-07,127.01000213623047,127.37000274658203,120.62999725341797,121.2300033569336,95663300,AMZN
2023-06-08,123.01000213623047,125.62999725341797,122.26000213623047,124.25,62159300,AMZN
2023-06-09,124.08000183105469,125.80000305175781,123.19000244140625,123.43000030517578,51396000,AMZN
2023-06-12,124.0199966430664,126.77999877929688,123.52999877929688,126.56999969482422,51338000,AMZN
2023-06-13,128.1199951171875,128.41000366210938,125.18000030517578,126.66000366210938,50564800,AMZN
2023-06-14,126.69999694824219,126.94999694824219,124.12000274658203,126.41999816894531,52422500,AMZN
2023-06-15,125.20999908447266,127.69000244140625,124.31999969482422,127.11000061035156,60458500,AMZN
2023-06-16,127.70999908447266,127.9000015258789,125.30000305175781,125.48999786376953,84247100,AMZN
2023-06-20,124.97000122070312,127.25,124.5,125.77999877929688,56930100,AMZN
2023-06-21,125.63999938964844,126.7300033569336,123.8499984741211,124.83000183105469,52137700,AMZN
2023-06-22,125.30999755859375,130.3300018310547,125.13999938964844,130.14999389648438,90354600,AMZN
2023-06-23,129.11000061035156,130.83999633789062,128.27999877929688,129.3300018310547,71927800,AMZN
2023-06-26,129.3300018310547,131.49000549316406,127.0999984741211,127.33000183105469,59989300,AMZN
2023-06-27,128.6300048828125,130.08999633789062,127.55000305175781,129.17999267578125,46801000,AMZN
2023-06-28,128.94000244140625,131.47999572753906,128.44000244140625,129.0399932861328,52149500,AMZN
2023-06-29,128.77000427246094,129.25999450683594,127.26000213623047,127.9000015258789,40761000,AMZN
2023-06-30,129.47000122070312,131.25,128.9499969482422,130.36000061035156,54350700,AMZN
2023-07-03,130.82000732421875,131.85000610351562,130.07000732421875,130.22000122070312,28264800,AMZN
2023-07-05,130.24000549316406,131.39999389648438,129.63999938964844,130.3800048828125,35895400,AMZN
2023-07-06,128.25,128.72999572753906,127.37000274658203,128.36000061035156,40639900,AMZN
2023-07-07,128.58999633789062,130.97000122070312,128.1300048828125,129.77999877929688,41992300,AMZN
2023-07-10,129.07000732421875,129.27999877929688,125.91999816894531,127.12999725341797,61889300,AMZN
2023-07-11,127.75,129.77000427246094,127.3499984741211,128.77999877929688,49951500,AMZN
2023-07-12,130.30999755859375,131.25999450683594,128.8300018310547,130.8000030517578,54022800,AMZN
2023-07-13,134.0399932861328,134.6699981689453,132.7100067138672,134.3000030517578,61170900,AMZN
2023-07-14,134.05999755859375,136.64999389648438,134.05999755859375,134.67999267578125,54487100,AMZN
2023-07-17,134.55999755859375,135.6199951171875,133.2100067138672,133.55999755859375,48450200,AMZN
2023-07-18,132.7100067138672,133.86000061035156,131.35000610351562,132.8300018310547,54882900,AMZN
2023-07-19,133.38999938964844,135.99000549316406,132.52999877929688,135.36000061035156,54531000,AMZN
2023-07-20,134.07000732421875,134.7899932861328,129.3300018310547,129.9600067138672,59820600,AMZN
2023-07-21,131.33999633789062,131.3699951171875,128.4199981689453,130.0,133307300,AMZN
2023-07-24,130.30999755859375,131.66000366210938,128.35000610351562,128.8000030517578,45591100,AMZN
2023-07-25,129.30999755859375,129.5800018310547,128.52999877929688,129.1300048828125,39236700,AMZN
2023-07-26,126.51000213623047,129.0800018310547,126.11000061035156,128.14999389648438,53910100,AMZN
2023-07-27,131.0,132.6300048828125,127.79000091552734,128.25,52610700,AMZN
2023-07-28,129.69000244140625,133.00999450683594,129.3300018310547,132.2100067138672,46317400,AMZN
2023-07-31,133.1999969482422,133.8699951171875,132.3800048828125,133.67999267578125,41901500,AMZN
2023-08-01,133.5500030517578,133.69000244140625,131.6199951171875,131.69000244140625,42098500,AMZN
2023-08-02,130.14999389648438,130.22999572753906,126.81999969482422,128.2100067138672,51027600,AMZN
2023-08-03,127.4800033569336,129.83999633789062,126.41000366210938,128.91000366210938,88585200,AMZN
2023-08-04,141.05999755859375,143.6300048828125,139.32000732421875,139.57000732421875,153128500,AMZN
2023-08-07,140.99000549316406,142.5399932861328,138.9499969482422,142.22000122070312,71213100,AMZN
2023-08-08,140.6199951171875,140.83999633789062,138.4199981689453,139.94000244140625,51710500,AMZN
2023-08-09,139.97000122070312,140.32000732421875,137.10000610351562,137.85000610351562,50017300,AMZN
2023-08-10,139.07000732421875,140.41000366210938,137.49000549316406,138.55999755859375,58928400,AMZN
2023-08-11,137.39999389648438,139.3300018310547,137.0,138.41000366210938,42905800,AMZN
2023-08-14,138.3000030517578,140.58999633789062,137.75,140.57000732421875,47148700,AMZN
2023-08-15,140.0500030517578,141.27999877929688,137.22999572753906,137.6699981689453,42781500,AMZN
2023-08-16,137.19000244140625,137.27000427246094,135.00999450683594,135.07000732421875,41675900,AMZN
2023-08-17,135.4600067138672,136.08999633789062,133.52999877929688,133.97999572753906,48354100,AMZN
2023-08-18,131.6199951171875,134.07000732421875,131.14999389648438,133.22000122070312,48497700,AMZN
2023-08-21,133.74000549316406,135.19000244140625,132.7100067138672,134.67999267578125,41442500,AMZN
2023-08-22,135.0800018310547,135.64999389648438,133.72999572753906,134.25,32905400,AMZN
2023-08-23,134.5,135.9499969482422,133.22000122070312,135.52000427246094,42801000,AMZN
2023-08-24,136.39999389648438,136.77999877929688,131.8300018310547,131.83999633789062,43646300,AMZN
2023-08-25,132.47000122070312,133.8699951171875,130.5800018310547,133.25999450683594,44147500,AMZN
2023-08-28,133.77999877929688,133.9499969482422,131.85000610351562,133.13999938964844,34108400,AMZN
2023-08-29,133.3800048828125,135.13999938964844,133.25,134.91000366210938,38646100,AMZN
2023-08-30,134.92999267578125,135.67999267578125,133.9199981689453,135.07000732421875,36137000,AMZN
2023-08-31,135.05999755859375,138.7899932861328,135.0,138.00999450683594,58781300,AMZN
2023-09-01,139.4600067138672,139.9600067138672,136.8800048828125,138.1199951171875,40991500,AMZN
2023-09-05,137.72999572753906,137.8000030517578,135.82000732421875,137.27000427246094,40636700,AMZN
2023-09-06,136.32000732421875,137.4499969482422,134.61000061035156,135.36000061035156,41785500,AMZN
2023-09-07,133.89999389648438,138.02999877929688,133.16000366210938,137.85000610351562,48498900,AMZN
2023-09-08,136.86000061035156,138.85000610351562,136.75,138.22999572753906,38348200,AMZN
2023-09-11,138.75,143.6199951171875,138.63999938964844,143.10000610351562,56764500,AMZN
2023-09-12,142.32000732421875,143.0,140.61000061035156,141.22999572753906,42668500,AMZN
2023-09-13,140.9499969482422,144.97999572753906,140.8699951171875,144.85000610351562,60465200,AMZN
2023-09-14,145.0800018310547,145.86000061035156,142.9499969482422,144.72000122070312,64033600,AMZN
2023-09-15,142.69000244140625,143.57000732421875,140.08999633789062,140.38999938964844,102909300,AMZN
2023-09-18,140.47999572753906,141.75,139.22000122070312,139.97999572753906,42823500,AMZN
2023-09-19,138.6999969482422,138.83999633789062,135.55999755859375,137.6300048828125,61482500,AMZN
2023-09-20,138.5500030517578,139.3699951171875,135.1999969482422,135.2899932861328,46263700,AMZN
2023-09-21,131.94000244140625,132.24000549316406,129.30999755859375,129.3300018310547,70343300,AMZN
2023-09-22,131.11000061035156,132.02999877929688,128.52000427246094,129.1199951171875,59904300,AMZN
2023-09-25,129.36000061035156,131.77999877929688,128.77000427246094,131.27000427246094,46017800,AMZN
2023-09-26,130.1199951171875,130.38999938964844,125.27999877929688,125.9800033569336,73048200,AMZN
2023-09-27,125.76000213623047,127.4800033569336,124.12999725341797,125.9800033569336,66553400,AMZN
2023-09-28,124.04000091552734,126.58000183105469,123.04000091552734,125.9800033569336,54555000,AMZN
2023-09-29,128.1999969482422,129.14999389648438,126.31999969482422,127.12000274658203,62411700,AMZN
2023-10-02,127.27999877929688,130.47000122070312,126.54000091552734,129.4600067138672,48029700,AMZN
2023-10-03,128.05999755859375,128.52000427246094,124.25,124.72000122070312,51565000,AMZN
2023-10-04,126.05999755859375,127.36000061035156,125.68000030517578,127.0,44203900,AMZN
2023-10-05,126.70999908447266,126.7300033569336,124.33000183105469,125.95999908447266,39660600,AMZN
2023-10-06,124.16000366210938,128.4499969482422,124.12999725341797,127.95999908447266,46836700,AMZN
2023-10-09,126.22000122070312,128.7899932861328,124.76000213623047,128.25999450683594,38773700,AMZN
2023-10-10,128.82000732421875,130.74000549316406,128.0500030517578,129.47999572753906,42178600,AMZN
2023-10-11,129.74000549316406,132.0500030517578,129.61000061035156,131.8300018310547,40741800,AMZN
2023-10-12,132.1699981689453,134.47999572753906,131.22999572753906,132.3300018310547,55528600,AMZN
2023-10-13,132.97999572753906,133.30999755859375,128.9499969482422,129.7899932861328,45786600,AMZN
2023-10-16,130.69000244140625,133.07000732421875,130.42999267578125,132.5500030517578,42832900,AMZN
2023-10-17,130.38999938964844,132.5800018310547,128.7100067138672,131.47000122070312,49344600,AMZN
2023-10-18,129.89999389648438,130.6699981689453,127.51000213623047,128.1300048828125,42699500,AMZN
2023-10-19,130.57000732421875,132.24000549316406,127.47000122070312,128.39999389648438,60961400,AMZN
2023-10-20,128.0500030517578,128.1699981689453,124.97000122070312,125.16999816894531,56406400,AMZN
2023-10-23,124.62999725341797,127.87999725341797,123.9800033569336,126.55999755859375,48260000,AMZN
2023-10-24,127.73999786376953,128.8000030517578,126.33999633789062,128.55999755859375,46477400,AMZN
2023-10-25,126.04000091552734,126.33999633789062,120.79000091552734,121.38999938964844,74577500,AMZN
2023-10-26,120.62999725341797,121.63999938964844,118.3499984741211,119.56999969482422,100419500,AMZN
2023-10-27,126.19999694824219,130.02000427246094,125.5199966430664,127.73999786376953,125309300,AMZN
2023-10-30,129.72000122070312,133.0,128.55999755859375,132.7100067138672,72485500,AMZN
2023-10-31,132.75,133.57000732421875,131.7100067138672,133.08999633789062,51589400,AMZN
2023-11-01,133.9600067138672,137.35000610351562,133.7100067138672,137.0,61529400,AMZN
2023-11-02,138.72999572753906,138.80999755859375,136.47000122070312,138.07000732421875,52236700,AMZN
2023-11-03,138.99000549316406,139.49000549316406,137.4499969482422,138.60000610351562,44059800,AMZN
2023-11-06,138.75999450683594,140.72999572753906,138.36000061035156,139.74000549316406,44970400,AMZN
2023-11-07,140.5500030517578,143.3699951171875,140.5,142.7100067138672,53553500,AMZN
2023-11-08,142.97000122070312,143.1199951171875,141.22000122070312,142.0800018310547,44521700,AMZN
2023-11-09,142.02000427246094,142.64999389648438,139.83999633789062,140.60000610351562,36235400,AMZN
2023-11-10,140.4600067138672,143.64999389648438,139.91000366210938,143.55999755859375,49287800,AMZN
2023-11-13,142.0800018310547,143.22999572753906,140.6699981689453,142.58999633789062,35680600,AMZN
2023-11-14,145.0,147.25999450683594,144.67999267578125,145.8000030517578,56674600,AMZN
2023-11-15,147.05999755859375,147.2899932861328,142.58999633789062,143.1999969482422,63875700,AMZN
2023-11-16,140.91000366210938,143.32000732421875,139.52000427246094,142.8300018310547,49653500,AMZN
2023-11-17,142.66000366210938,145.22999572753906,142.5399932861328,145.17999267578125,49636700,AMZN
2023-11-20,145.1300048828125,146.6300048828125,144.72999572753906,146.1300048828125,41951200,AMZN
2023-11-21,143.91000366210938,144.0500030517578,141.5,143.89999389648438,71226000,AMZN
2023-11-22,144.57000732421875,147.74000549316406,144.57000732421875,146.7100067138672,45669100,AMZN
2023-11-24,146.6999969482422,147.1999969482422,145.32000732421875,146.74000549316406,22378400,AMZN
2023-11-27,147.52999877929688,149.25999450683594,146.8800048828125,147.72999572753906,53762400,AMZN
2023-11-28,146.97999572753906,147.60000610351562,145.52999877929688,147.02999877929688,42711700,AMZN
2023-11-29,147.85000610351562,148.5399932861328,145.97000122070312,146.32000732421875,40610900,AMZN
2023-11-30,144.75999450683594,146.92999267578125,144.3300018310547,146.08999633789062,65814000,AMZN
2023-12-01,146.0,147.25,145.5500030517578,147.02999877929688,39951800,AMZN
2023-12-04,145.25,145.35000610351562,142.80999755859375,144.83999633789062,48294200,AMZN
2023-12-05,143.5500030517578,148.57000732421875,143.1300048828125,146.8800048828125,46822400,AMZN
2023-12-06,147.5800018310547,147.85000610351562,144.27999877929688,144.52000427246094,39679000,AMZN
2023-12-07,146.14999389648438,147.9199981689453,145.33999633789062,146.8800048828125,52352800,AMZN
2023-12-08,145.47999572753906,147.83999633789062,145.39999389648438,147.4199981689453,41906000,AMZN
2023-12-11,145.66000366210938,146.19000244140625,143.63999938964844,145.88999938964844,50907300,AMZN
2023-12-12,145.52000427246094,147.5,145.3000030517578,147.47999572753906,44944300,AMZN
2023-12-13,148.1199951171875,149.4600067138672,146.82000732421875,148.83999633789062,52766200,AMZN
2023-12-14,149.92999267578125,150.5399932861328,145.52000427246094,147.4199981689453,58400800,AMZN
2023-12-15,148.3800048828125,150.57000732421875,147.8800048828125,149.97000122070312,110089300,AMZN
2023-12-18,150.55999755859375,154.85000610351562,150.0500030517578,154.07000732421875,62512800,AMZN
2023-12-19,154.39999389648438,155.1199951171875,152.69000244140625,153.7899932861328,43171300,AMZN
2023-12-20,152.89999389648438,155.6300048828125,151.55999755859375,152.1199951171875,50322100,AMZN
2023-12-21,153.3000030517578,153.97000122070312,152.10000610351562,153.83999633789062,36305700,AMZN
2023-12-22,153.77000427246094,154.35000610351562,152.7100067138672,153.4199981689453,29514100,AMZN
2023-12-26,153.55999755859375,153.97999572753906,153.02999877929688,153.41000366210938,25067200,AMZN
2023-12-27,153.55999755859375,154.77999877929688,153.1199951171875,153.33999633789062,31434700,AMZN
2023-12-28,153.72000122070312,154.0800018310547,152.9499969482422,153.3800048828125,27057000,AMZN
2023-12-29,153.10000610351562,153.88999938964844,151.02999877929688,151.94000244140625,39823200,AMZN
2024-01-02,151.5399932861328,152.3800048828125,148.38999938964844,149.92999267578125,47339400,AMZN
2024-01-03,149.1999969482422,151.0500030517578,148.3300018310547,148.47000122070312,49425500,AMZN
2024-01-04,145.58999633789062,147.3800048828125,144.0500030517578,144.57000732421875,56039800,AMZN
2024-01-05,144.69000244140625,146.58999633789062,144.52999877929688,145.24000549316406,45153100,AMZN
2024-01-08,146.74000549316406,149.39999389648438,146.14999389648438,149.10000610351562,46757100,AMZN
2024-01-09,148.3300018310547,151.7100067138672,148.2100067138672,151.3699951171875,43812600,AMZN
2024-01-10,152.05999755859375,154.4199981689453,151.8800048828125,153.72999572753906,44421800,AMZN
2024-01-11,155.0399932861328,157.1699981689453,153.1199951171875,155.17999267578125,49072700,AMZN
2024-01-12,155.38999938964844,156.1999969482422,154.00999450683594,154.6199951171875,40484200,AMZN
2024-01-16,153.52999877929688,154.99000549316406,152.14999389648438,153.16000366210938,41384600,AMZN
2024-01-17,151.49000549316406,152.14999389648438,149.91000366210938,151.7100067138672,34953400,AMZN
2024-01-18,152.77000427246094,153.77999877929688,151.82000732421875,153.5,37850200,AMZN
2024-01-19,153.8300018310547,155.75999450683594,152.74000549316406,155.33999633789062,51651600,AMZN
2024-01-22,156.88999938964844,157.0500030517578,153.89999389648438,154.77999877929688,43687500,AMZN
2024-01-23,154.85000610351562,156.2100067138672,153.92999267578125,156.02000427246094,37986000,AMZN
2024-01-24,157.8000030517578,158.50999450683594,156.47999572753906,156.8699951171875,48547300,AMZN
2024-01-25,156.9499969482422,158.50999450683594,154.5500030517578,157.75,43638600,AMZN
2024-01-26,158.4199981689453,160.72000122070312,157.91000366210938,159.1199951171875,51047400,AMZN
2024-01-29,159.33999633789062,161.2899932861328,158.89999389648438,161.25999450683594,45270400,AMZN
2024-01-30,160.6999969482422,161.72999572753906,158.49000549316406,159.0,45207400,AMZN
2024-01-31,157.0,159.00999450683594,154.80999755859375,155.1999969482422,50284400,AMZN
2024-02-01,155.8699951171875,159.75999450683594,155.6199951171875,159.27999877929688,76542400,AMZN
2024-02-02,169.19000244140625,172.5,167.3300018310547,171.80999755859375,117218300,AMZN
2024-02-05,170.1999969482422,170.5500030517578,167.6999969482422,170.30999755859375,55081300,AMZN
2024-02-06,169.38999938964844,170.7100067138672,167.64999389648438,169.14999389648438,42505500,AMZN
2024-02-07,169.47999572753906,170.8800048828125,168.94000244140625,170.52999877929688,47174100,AMZN
2024-02-08,169.64999389648438,171.42999267578125,168.8800048828125,169.83999633789062,42316500,AMZN
2024-02-09,170.89999389648438,175.0,170.5800018310547,174.4499969482422,56986000,AMZN
2024-02-12,174.8000030517578,175.38999938964844,171.5399932861328,172.33999633789062,51050400,AMZN
2024-02-13,167.72999572753906,170.9499969482422,165.75,168.63999938964844,56345100,AMZN
2024-02-14,169.2100067138672,171.2100067138672,168.27999877929688,170.97999572753906,42815500,AMZN
2024-02-15,170.5800018310547,171.1699981689453,167.58999633789062,169.8000030517578,49855200,AMZN
2024-02-16,168.74000549316406,170.4199981689453,167.1699981689453,169.50999450683594,48107700,AMZN
2024-02-20,167.8300018310547,168.7100067138672,165.74000549316406,167.0800018310547,41980300,AMZN
2024-02-21,168.94000244140625,170.22999572753906,167.13999938964844,168.58999633789062,44420100,AMZN
2024-02-22,173.10000610351562,174.8000030517578,171.77000427246094,174.5800018310547,55392400,AMZN
2024-02-23,174.27999877929688,175.75,173.6999969482422,174.99000549316406,59715200,AMZN
2024-02-26,175.6999969482422,176.3699951171875,174.25999450683594,174.72999572753906,44368600,AMZN
2024-02-27,174.0800018310547,174.6199951171875,172.86000061035156,173.5399932861328,31141700,AMZN
2024-02-28,172.44000244140625,174.0500030517578,172.27000427246094,173.16000366210938,28180500,AMZN
2024-02-29,173.00999450683594,177.22000122070312,172.85000610351562,176.75999450683594,53805400,AMZN
2024-03-01,176.75,178.72999572753906,176.07000732421875,178.22000122070312,31981200,AMZN
2024-03-04,177.52999877929688,180.13999938964844,177.49000549316406,177.5800018310547,37381500,AMZN
2024-03-05,176.92999267578125,176.92999267578125,173.3000030517578,174.1199951171875,37228300,AMZN
2024-03-06,175.5399932861328,176.4600067138672,173.25999450683594,173.50999450683594,32090900,AMZN
2024-03-07,174.8300018310547,177.99000549316406,173.72000122070312,176.82000732421875,34063300,AMZN
2024-03-08,176.44000244140625,178.7899932861328,174.3300018310547,175.35000610351562,37893200,AMZN
2024-03-11,174.30999755859375,174.47000122070312,171.47000122070312,171.9600067138672,28484800,AMZN
2024-03-12,173.5,176.75999450683594,171.97999572753906,175.38999938964844,36610600,AMZN
2024-03-13,175.89999389648438,177.6199951171875,175.5500030517578,176.55999755859375,30772600,AMZN
2024-03-14,177.69000244140625,179.52999877929688,176.47000122070312,178.75,43705800,AMZN
2024-03-15,176.63999938964844,177.92999267578125,173.89999389648438,174.4199981689453,72147400,AMZN
2024-03-18,175.8000030517578,176.69000244140625,174.27999877929688,174.47999572753906,31250700,AMZN
2024-03-19,174.22000122070312,176.08999633789062,173.52000427246094,175.89999389648438,26880900,AMZN
2024-03-20,176.13999938964844,178.52999877929688,174.63999938964844,178.14999389648438,29947200,AMZN
2024-03-21,179.99000549316406,181.4199981689453,178.14999389648438,178.14999389648438,32824300,AMZN
2024-03-22,177.75,179.25999450683594,176.75,178.8699951171875,27995400,AMZN
2024-03-25,178.00999450683594,180.99000549316406,177.24000549316406,179.7100067138672,29815500,AMZN
2024-03-26,180.14999389648438,180.4499969482422,177.9499969482422,178.3000030517578,29659000,AMZN
2024-03-27,179.8800048828125,180.0,177.30999755859375,179.8300018310547,33272600,AMZN
2024-03-28,180.1699981689453,181.6999969482422,179.25999450683594,180.3800048828125,38051600,AMZN
2024-04-01,180.7899932861328,183.0,179.9499969482422,180.97000122070312,29174500,AMZN
2024-04-02,179.07000732421875,180.7899932861328,178.3800048828125,180.69000244140625,32611500,AMZN
2024-04-03,179.89999389648438,182.8699951171875,179.8000030517578,182.41000366210938,31046600,AMZN
2024-04-04,184.0,185.10000610351562,180.0,180.0,41624300,AMZN
2024-04-05,182.3800048828125,186.27000427246094,181.97000122070312,185.07000732421875,42374000,AMZN
2024-04-08,186.89999389648438,187.2899932861328,184.80999755859375,185.19000244140625,39221300,AMZN
2024-04-09,187.24000549316406,187.33999633789062,184.1999969482422,185.6699981689453,36520100,AMZN
2024-04-10,182.77000427246094,186.27000427246094,182.6699981689453,185.9499969482422,35879200,AMZN
2024-04-11,186.74000549316406,189.77000427246094,185.50999450683594,189.0500030517578,40020700,AMZN
2024-04-12,187.72000122070312,188.3800048828125,185.0800018310547,186.1300048828125,38608800,AMZN
2024-04-15,187.42999267578125,188.69000244140625,183.0,183.6199951171875,48052400,AMZN
2024-04-16,183.27000427246094,184.8300018310547,182.25999450683594,183.32000732421875,32891300,AMZN
2024-04-17,184.30999755859375,184.57000732421875,179.82000732421875,181.27999877929688,31359700,AMZN
2024-04-18,181.47000122070312,182.38999938964844,178.64999389648438,179.22000122070312,30723800,AMZN
2024-04-19,178.74000549316406,179.0,173.44000244140625,174.6300048828125,56000700,AMZN
2024-04-22,176.94000244140625,178.8699951171875,174.55999755859375,177.22999572753906,37924900,AMZN
2024-04-23,178.0800018310547,179.92999267578125,175.97999572753906,179.5399932861328,37046500,AMZN
2024-04-24,179.94000244140625,180.32000732421875,176.17999267578125,176.58999633789062,34185100,AMZN
2024-04-25,169.67999267578125,173.9199981689453,166.32000732421875,173.6699981689453,49249400,AMZN
2024-04-26,177.8000030517578,180.82000732421875,176.1300048828125,179.6199951171875,43919800,AMZN
2024-04-29,182.75,183.52999877929688,179.38999938964844,180.9600067138672,54063900,AMZN
2024-04-30,181.08999633789062,182.99000549316406,174.8000030517578,175.0,94639800,AMZN
2024-05-01,181.63999938964844,185.14999389648438,176.55999755859375,179.0,94645100,AMZN
2024-05-02,180.85000610351562,185.10000610351562,179.91000366210938,184.72000122070312,54303500,AMZN
2024-05-03,186.99000549316406,187.8699951171875,185.4199981689453,186.2100067138672,39172000,AMZN
2024-05-06,186.27999877929688,188.75,184.8000030517578,188.6999969482422,34725300,AMZN
2024-05-07,188.9199981689453,189.94000244140625,187.30999755859375,188.75999450683594,34048900,AMZN
2024-05-08,187.44000244140625,188.42999267578125,186.38999938964844,188.0,26136400,AMZN
2024-05-09,188.8800048828125,191.6999969482422,187.44000244140625,189.5,43368400,AMZN
2024-05-10,189.16000366210938,189.88999938964844,186.92999267578125,187.47999572753906,34141800,AMZN
2024-05-13,188.0,188.30999755859375,185.36000061035156,186.57000732421875,24898600,AMZN
2024-05-14,183.82000732421875,187.72000122070312,183.4499969482422,187.07000732421875,38698200,AMZN
2024-05-15,185.97000122070312,186.72000122070312,182.72999572753906,185.99000549316406,75459900,AMZN
2024-05-16,185.60000610351562,187.30999755859375,183.4600067138672,183.6300048828125,38834500,AMZN
2024-05-17,183.75999450683594,185.3000030517578,183.35000610351562,184.6999969482422,33175700,AMZN
2024-05-20,184.33999633789062,186.6699981689453,183.27999877929688,183.5399932861328,30511800,AMZN
2024-05-21,182.3000030517578,183.25999450683594,180.75,183.14999389648438,50839100,AMZN
2024-05-22,183.8800048828125,185.22000122070312,181.97000122070312,183.1300048828125,28148800,AMZN
2024-05-23,183.66000366210938,184.75999450683594,180.0800018310547,181.0500030517578,33670200,AMZN
2024-05-24,181.64999389648438,182.44000244140625,180.3000030517578,180.75,27471600,AMZN
2024-05-28,179.92999267578125,182.24000549316406,179.49000549316406,182.14999389648438,29927000,AMZN
2024-05-29,181.6999969482422,184.0800018310547,181.5500030517578,182.02000427246094,32009300,AMZN
2024-05-30,181.30999755859375,181.33999633789062,178.36000061035156,179.32000732421875,29184700,AMZN
2024-05-31,178.3000030517578,179.2100067138672,173.8699951171875,176.44000244140625,58903900,AMZN
2024-06-03,177.6999969482422,178.6999969482422,175.9199981689453,178.33999633789062,30786600,AMZN
2024-06-04,177.63999938964844,179.82000732421875,176.44000244140625,179.33999633789062,27198400,AMZN
2024-06-05,180.10000610351562,181.5,178.75,181.27999877929688,32116400,AMZN
2024-06-06,181.75,185.0,181.49000549316406,185.0,31371200,AMZN
2024-06-07,184.89999389648438,186.2899932861328,183.36000061035156,184.3000030517578,28021500,AMZN
2024-06-10,184.07000732421875,187.22999572753906,183.7899932861328,187.05999755859375,34445600,AMZN
2024-06-11,187.05999755859375,187.77000427246094,184.5399932861328,187.22999572753906,27265100,AMZN
2024-06-12,188.02000427246094,188.35000610351562,185.42999267578125,186.88999938964844,33984200,AMZN
2024-06-13,186.08999633789062,187.6699981689453,182.6699981689453,183.8300018310547,39721500,AMZN
2024-06-14,183.0800018310547,183.72000122070312,182.22999572753906,183.66000366210938,25456400,AMZN
2024-06-17,182.52000427246094,185.0,181.22000122070312,184.05999755859375,35601900,AMZN
2024-06-18,183.74000549316406,184.2899932861328,181.42999267578125,182.80999755859375,36659200,AMZN
2024-06-20,182.91000366210938,186.50999450683594,182.72000122070312,186.10000610351562,44726800,AMZN
2024-06-21,187.8000030517578,189.27999877929688,185.86000061035156,189.0800018310547,70792500,AMZN
2024-06-24,189.3300018310547,191.0,185.3300018310547,185.57000732421875,50610400,AMZN
2024-06-25,186.80999755859375,188.83999633789062,185.4199981689453,186.33999633789062,45366400,AMZN
2024-06-26,186.9199981689453,194.8000030517578,186.25999450683594,193.61000061035156,65103900,AMZN
2024-06-27,195.00999450683594,199.83999633789062,194.1999969482422,197.85000610351562,74397500,AMZN
2024-06-28,197.72999572753906,198.85000610351562,192.5,193.25,76930200,AMZN
2024-07-01,193.49000549316406,198.3000030517578,192.82000732421875,197.1999969482422,41192000,AMZN
2024-07-02,197.27999877929688,200.42999267578125,195.92999267578125,200.0,45600000,AMZN
2024-07-03,199.94000244140625,200.02999877929688,196.75999450683594,197.58999633789062,31597900,AMZN
2024-07-05,198.64999389648438,200.5500030517578,198.1699981689453,200.0,39858900,AMZN
2024-07-08,200.0399932861328,201.1999969482422,197.9600067138672,199.2899932861328,34767300,AMZN
2024-07-09,199.39999389648438,200.57000732421875,199.0500030517578,199.33999633789062,32700100,AMZN
2024-07-10,200.0,200.11000061035156,197.69000244140625,199.7899932861328,32883800,AMZN
2024-07-11,200.08999633789062,200.27000427246094,192.86000061035156,195.0500030517578,44565000,AMZN
2024-07-12,194.8000030517578,196.47000122070312,193.8300018310547,194.49000549316406,30598500,AMZN
2024-07-15,194.55999755859375,196.19000244140625,190.8300018310547,192.72000122070312,40683200,AMZN
2024-07-16,195.58999633789062,196.6199951171875,192.24000549316406,193.02000427246094,33994700,AMZN
2024-07-17,191.35000610351562,191.5800018310547,185.99000549316406,187.92999267578125,48076100,AMZN
2024-07-18,189.58999633789062,189.67999267578125,181.4499969482422,183.75,51043600,AMZN
2024-07-19,181.13999938964844,184.92999267578125,180.11000061035156,183.1300048828125,43081800,AMZN
2024-07-22,185.0,185.05999755859375,182.47999572753906,182.5500030517578,39931900,AMZN
2024-07-23,184.10000610351562,189.38999938964844,183.55999755859375,186.41000366210938,47537700,AMZN
2024-07-24,183.1999969482422,185.4499969482422,180.41000366210938,180.8300018310547,41532400,AMZN
2024-07-25,182.91000366210938,183.89999389648438,176.8000030517578,179.85000610351562,44464200,AMZN
2024-07-26,180.38999938964844,183.19000244140625,180.24000549316406,182.5,29506000,AMZN
2024-07-29,183.83999633789062,184.75,182.3800048828125,183.1999969482422,33270100,AMZN
2024-07-30,184.72000122070312,185.86000061035156,179.3800048828125,181.7100067138672,39508600,AMZN
2024-07-31,185.0500030517578,187.94000244140625,184.4600067138672,186.97999572753906,41667300,AMZN
2024-08-01,189.2899932861328,190.60000610351562,181.8699951171875,184.07000732421875,70435600,AMZN
2024-08-02,166.75,168.77000427246094,160.5500030517578,167.89999389648438,141448400,AMZN
2024-08-05,154.2100067138672,162.9600067138672,151.61000061035156,161.02000427246094,83149400,AMZN
2024-08-06,161.7100067138672,165.0800018310547,158.5399932861328,161.92999267578125,59950800,AMZN
2024-08-07,166.5500030517578,167.5800018310547,161.42999267578125,162.77000427246094,48408200,AMZN
2024-08-08,165.1699981689453,166.69000244140625,162.5500030517578,165.8000030517578,44616200,AMZN
2024-08-09,166.39999389648438,168.5500030517578,165.85000610351562,166.94000244140625,36401000,AMZN
2024-08-12,168.13999938964844,168.5500030517578,166.11000061035156,166.8000030517578,30072800,AMZN
2024-08-13,167.80999755859375,171.0399932861328,167.10000610351562,170.22999572753906,39237900,AMZN
2024-08-14,172.11000061035156,172.27999877929688,168.86000061035156,170.10000610351562,28843800,AMZN
2024-08-15,174.86000061035156,177.91000366210938,173.99000549316406,177.58999633789062,51698500,AMZN
2024-08-16,177.0399932861328,178.33999633789062,176.25999450683594,177.05999755859375,31489200,AMZN
2024-08-19,177.63999938964844,178.3000030517578,176.16000366210938,178.22000122070312,31129800,AMZN
2024-08-20,177.9199981689453,179.00999450683594,177.42999267578125,178.8800048828125,26255200,AMZN
2024-08-21,179.9199981689453,182.38999938964844,178.88999938964844,180.11000061035156,35599100,AMZN
2024-08-22,181.3800048828125,181.47000122070312,175.67999267578125,176.1300048828125,32047500,AMZN
2024-08-23,177.33999633789062,178.97000122070312,175.24000549316406,177.0399932861328,29150100,AMZN
2024-08-26,176.6999969482422,177.47000122070312,174.3000030517578,175.5,22366200,AMZN
2024-08-27,174.14999389648438,174.88999938964844,172.25,173.1199951171875,29842000,AMZN
2024-08-28,173.69000244140625,173.69000244140625,168.9199981689453,170.8000030517578,29045000,AMZN
2024-08-29,173.22000122070312,174.2899932861328,170.80999755859375,172.1199951171875,26407800,AMZN
2024-08-30,172.77999877929688,178.89999389648438,172.60000610351562,178.5,43429400,AMZN
2024-09-03,177.5500030517578,178.25999450683594,175.25999450683594,176.25,37817500,AMZN
2024-09-04,174.47999572753906,175.97999572753906,172.5399932861328,173.3300018310547,30309200,AMZN
2024-09-05,175.0,179.8800048828125,175.0,177.88999938964844,40170500,AMZN
2024-09-06,177.24000549316406,178.3800048828125,171.16000366210938,171.38999938964844,41466500,AMZN
2024-09-09,174.52999877929688,175.85000610351562,173.50999450683594,175.39999389648438,29037400,AMZN
2024-09-10,177.49000549316406,180.5,176.7899932861328,179.5500030517578,36233800,AMZN
2024-09-11,180.10000610351562,184.99000549316406,175.72999572753906,184.52000427246094,42564700,AMZN
2024-09-12,184.8000030517578,187.41000366210938,183.5399932861328,187.0,33544200,AMZN
2024-09-13,187.0,188.5,185.91000366210938,186.49000549316406,26495400,AMZN
2024-09-16,185.2899932861328,185.80999755859375,183.36000061035156,184.88999938964844,26065500,AMZN
2024-09-17,186.85000610351562,189.4499969482422,186.13999938964844,186.8800048828125,26091700,AMZN
2024-09-18,186.4499969482422,188.8000030517578,185.05999755859375,186.42999267578125,34448100,AMZN
2024-09-19,190.0399932861328,190.99000549316406,188.47000122070312,189.8699951171875,39543200,AMZN
2024-09-20,190.22999572753906,191.83999633789062,187.41000366210938,191.60000610351562,100378600,AMZN
2024-09-23,191.63999938964844,194.4499969482422,190.57000732421875,193.8800048828125,36993100,AMZN
2024-09-24,194.27000427246094,195.3699951171875,190.1300048828125,193.9600067138672,43478900,AMZN
2024-09-25,193.75,193.9499969482422,192.16000366210938,192.52999877929688,26391100,AMZN
2024-09-26,194.30999755859375,194.52999877929688,189.5399932861328,191.16000366210938,36334900,AMZN
2024-09-27,190.67999267578125,190.89999389648438,187.33999633789062,187.97000122070312,36002300,AMZN
2024-09-30,187.13999938964844,188.49000549316406,184.64999389648438,186.3300018310547,41583900,AMZN
2024-10-01,184.89999389648438,186.19000244140625,183.4499969482422,185.1300048828125,36044900,AMZN
2024-10-02,184.44000244140625,186.60000610351562,184.0399932861328,184.75999450683594,23704100,AMZN
2024-10-03,183.0500030517578,183.44000244140625,180.8800048828125,181.9600067138672,30204300,AMZN
2024-10-04,185.75,187.60000610351562,183.60000610351562,186.50999450683594,40890300,AMZN
2024-10-07,182.9499969482422,183.60000610351562,180.25,180.8000030517578,42364200,AMZN
2024-10-08,181.9199981689453,183.08999633789062,180.9199981689453,182.72000122070312,26372100,AMZN
2024-10-09,182.82000732421875,185.85000610351562,182.0500030517578,185.1699981689453,26343100,AMZN
2024-10-10,187.1300048828125,188.1300048828125,185.8300018310547,186.64999389648438,27785000,AMZN
2024-10-11,186.6300048828125,189.92999267578125,186.3000030517578,188.82000732421875,25751600,AMZN
2024-10-14,189.77999877929688,189.8300018310547,187.36000061035156,187.5399932861328,22614400,AMZN
2024-10-15,187.6300048828125,188.41000366210938,184.5800018310547,187.69000244140625,32178900,AMZN
2024-10-16,187.0500030517578,187.77999877929688,185.61000061035156,186.88999938964844,23456800,AMZN
2024-10-17,188.22000122070312,188.94000244140625,186.0,187.52999877929688,25039400,AMZN
2024-10-18,187.14999389648438,190.74000549316406,186.27999877929688,188.99000549316406,37417700,AMZN
2024-10-21,188.0500030517578,189.4600067138672,186.39999389648438,189.07000732421875,24639400,AMZN
2024-10-22,188.35000610351562,191.52000427246094,186.97999572753906,189.6999969482422,29650600,AMZN
2024-10-23,188.85000610351562,189.16000366210938,183.69000244140625,184.7100067138672,31937100,AMZN
2024-10-24,185.25,187.11000061035156,183.86000061035156,186.3800048828125,21647400,AMZN
2024-10-25,187.85000610351562,190.4499969482422,187.52999877929688,187.8300018310547,29362100,AMZN
2024-10-28,189.57000732421875,190.2100067138672,188.2100067138672,188.38999938964844,27930800,AMZN
2024-10-29,188.5800018310547,191.4600067138672,187.82000732421875,190.8300018310547,35690200,AMZN
2024-10-30,194.6999969482422,195.61000061035156,192.4199981689453,192.72999572753906,37707600,AMZN
2024-10-31,190.50999450683594,190.60000610351562,185.22999572753906,186.39999389648438,75146800,AMZN
2024-11-01,199.0,200.5,197.02000427246094,197.92999267578125,99687800,AMZN
2024-11-04,196.4499969482422,197.3300018310547,194.30999755859375,195.77999877929688,38492100,AMZN
2024-11-05,196.0399932861328,199.82000732421875,195.99000549316406,199.5,30564800,AMZN
2024-11-06,200.00999450683594,207.5500030517578,199.13999938964844,207.08999633789062,72292200,AMZN
2024-11-07,207.44000244140625,212.25,207.19000244140625,210.0500030517578,52878400,AMZN
2024-11-08,209.72000122070312,209.9600067138672,207.44000244140625,208.17999267578125,36075800,AMZN
2024-11-11,208.5,209.64999389648438,205.58999633789062,206.83999633789062,35456000,AMZN
2024-11-12,208.3699951171875,209.5399932861328,206.00999450683594,208.91000366210938,38942900,AMZN
2024-11-13,209.39999389648438,215.08999633789062,209.13999938964844,214.10000610351562,46212900,AMZN
2024-11-14,214.16000366210938,215.89999389648438,210.8800048828125,211.47999572753906,42620300,AMZN
2024-11-15,206.75999450683594,207.33999633789062,199.61000061035156,202.61000061035156,86591100,AMZN
2024-11-18,204.14999389648438,204.6699981689453,200.9499969482422,201.6999969482422,36409900,AMZN
2024-11-19,199.3300018310547,205.3000030517578,198.77999877929688,204.61000061035156,31197900,AMZN
2024-11-20,202.97999572753906,203.1300048828125,199.4499969482422,202.8800048828125,32769000,AMZN
2024-11-21,203.49000549316406,203.49000549316406,195.75,198.3800048828125,58800000,AMZN
2024-11-22,198.25,199.25999450683594,196.75,197.1199951171875,31530800,AMZN
2024-11-25,199.27999877929688,201.9499969482422,199.0,201.4499969482422,40685700,AMZN
2024-11-26,201.89999389648438,208.0,201.7899932861328,207.86000061035156,41673700,AMZN
2024-11-27,206.97999572753906,207.63999938964844,205.0500030517578,205.74000549316406,28061600,AMZN
2024-11-29,205.8300018310547,208.1999969482422,204.58999633789062,207.88999938964844,24892400,AMZN
2024-12-02,209.9600067138672,212.99000549316406,209.50999450683594,210.7100067138672,39523200,AMZN
2024-12-03,210.30999755859375,214.02000427246094,209.64999389648438,213.44000244140625,32214800,AMZN
2024-12-04,215.9600067138672,220.0,215.75,218.16000366210938,48745700,AMZN
2024-12-05,218.02999877929688,222.14999389648438,217.3000030517578,220.5500030517578,41140200,AMZN
2024-12-06,220.75,227.14999389648438,220.60000610351562,227.02999877929688,44178100,AMZN
2024-12-09,227.2100067138672,230.0800018310547,225.6699981689453,226.08999633789062,46819400,AMZN
2024-12-10,226.08999633789062,229.05999755859375,224.1999969482422,225.0399932861328,31199900,AMZN
2024-12-11,226.41000366210938,231.1999969482422,226.25999450683594,230.25999450683594,35385800,AMZN
2024-12-12,229.8300018310547,231.08999633789062,227.6300048828125,228.97000122070312,28204100,AMZN
2024-12-13,228.39999389648438,230.1999969482422,225.86000061035156,227.4600067138672,28768100,AMZN
2024-12-16,230.22999572753906,233.0,228.00999450683594,232.92999267578125,37552100,AMZN
2024-12-17,232.38999938964844,232.72999572753906,227.85000610351562,231.14999389648438,35948100,AMZN
2024-12-18,230.77000427246094,231.39999389648438,220.11000061035156,220.52000427246094,43281400,AMZN
2024-12-19,224.91000366210938,226.08999633789062,222.9199981689453,223.2899932861328,39918700,AMZN
2024-12-20,219.83999633789062,226.2100067138672,218.72999572753906,224.9199981689453,88279200,AMZN
2024-12-23,225.00999450683594,226.8800048828125,223.89999389648438,225.05999755859375,28070000,AMZN
2024-12-24,226.94000244140625,229.13999938964844,226.1300048828125,229.0500030517578,15007500,AMZN
2024-12-26,228.5,228.5,226.6699981689453,227.0500030517578,16146700,AMZN
2024-12-27,225.60000610351562,226.02999877929688,220.89999389648438,223.75,27367100,AMZN
2024-12-30,220.05999755859375,223.0,218.42999267578125,221.3000030517578,28321200,AMZN
2024-12-31,222.97000122070312,223.22999572753906,218.94000244140625,219.38999938964844,24819700,AMZN
2025-01-02,222.02999877929688,225.14999389648438,218.19000244140625,220.22000122070312,33956600,AMZN
2025-01-03,222.50999450683594,225.36000061035156,221.6199951171875,224.19000244140625,27515600,AMZN
2025-01-06,226.77999877929688,228.83999633789062,224.83999633789062,227.61000061035156,31849800,AMZN
2025-01-07,227.89999389648438,228.3800048828125,221.4600067138672,222.11000061035156,28084200,AMZN
2025-01-08,223.19000244140625,223.52000427246094,220.1999969482422,222.1300048828125,25033300,AMZN
2025-01-10,221.4600067138672,221.7100067138672,216.5,218.94000244140625,36811500,AMZN
2025-01-13,218.05999755859375,219.39999389648438,216.47000122070312,218.4600067138672,27262700,AMZN
2025-01-14,220.44000244140625,221.82000732421875,216.1999969482422,217.75999450683594,24711700,AMZN
2025-01-15,222.8300018310547,223.57000732421875,220.75,223.35000610351562,31291300,AMZN
2025-01-16,224.4199981689453,224.64999389648438,220.30999755859375,220.66000366210938,24757300,AMZN
2025-01-17,225.83999633789062,226.50999450683594,223.0800018310547,225.94000244140625,42370100,AMZN
2025-01-21,228.89999389648438,231.77999877929688,226.94000244140625,230.7100067138672,39951500,AMZN
2025-01-22,232.02000427246094,235.44000244140625,231.19000244140625,235.00999450683594,41448200,AMZN
2025-01-23,234.10000610351562,235.52000427246094,231.50999450683594,235.4199981689453,26404400,AMZN
2025-01-24,234.5,236.39999389648438,232.92999267578125,234.85000610351562,25890700,AMZN
2025-01-27,226.2100067138672,235.61000061035156,225.86000061035156,235.4199981689453,49428300,AMZN
2025-01-28,234.2899932861328,241.77000427246094,233.97999572753906,238.14999389648438,41587200,AMZN
2025-01-29,239.02000427246094,240.38999938964844,236.14999389648438,237.07000732421875,26091700,AMZN
2025-01-30,237.13999938964844,237.9499969482422,232.22000122070312,234.63999938964844,32020700,AMZN
2025-01-31,236.5,240.2899932861328,236.41000366210938,237.67999267578125,36110200,AMZN
2025-02-03,234.05999755859375,239.25,232.89999389648438,237.4199981689453,37285900,AMZN
2025-02-04,239.00999450683594,242.52000427246094,238.02999877929688,242.05999755859375,29713800,AMZN
2025-02-05,237.02000427246094,238.32000732421875,235.1999969482422,236.1699981689453,38727300,AMZN
2025-02-06,238.00999450683594,239.66000366210938,236.00999450683594,238.8300018310547,60897100,AMZN
2025-02-07,232.5,234.80999755859375,228.05999755859375,229.14999389648438,77539300,AMZN
2025-02-10,230.5500030517578,233.9199981689453,229.1999969482422,233.13999938964844,35419900,AMZN
2025-02-11,231.9199981689453,233.44000244140625,230.1300048828125,232.75999450683594,23713700,AMZN
2025-02-12,230.4600067138672,231.17999267578125,228.16000366210938,228.92999267578125,32285200,AMZN
2025-02-13,228.85000610351562,230.4199981689453,227.52000427246094,230.3699951171875,31346500,AMZN
2025-02-14,229.1999969482422,229.88999938964844,227.22999572753906,228.67999267578125,27031100,AMZN
2025-02-18,228.82000732421875,229.3000030517578,223.72000122070312,226.64999389648438,42975100,AMZN
2025-02-19,225.52000427246094,226.8300018310547,223.7100067138672,226.6300048828125,28566700,AMZN
2025-02-20,224.77999877929688,225.1300048828125,221.80999755859375,222.8800048828125,30001700,AMZN
2025-02-21,223.27999877929688,223.30999755859375,214.74000549316406,216.5800018310547,55323900,AMZN
2025-02-24,217.4499969482422,217.72000122070312,212.4199981689453,212.7100067138672,42387600,AMZN
2025-02-25,211.6300048828125,213.33999633789062,204.16000366210938,212.8000030517578,58958000,AMZN
2025-02-26,214.94000244140625,218.16000366210938,213.08999633789062,214.35000610351562,39120600,AMZN
2025-02-27,218.35000610351562,219.97000122070312,208.3699951171875,208.74000549316406,40548600,AMZN
2025-02-28,208.64999389648438,212.6199951171875,206.99000549316406,212.27999877929688,51771700,AMZN
2025-03-03,213.35000610351562,214.00999450683594,202.5500030517578,205.02000427246094,42948400,AMZN
2025-03-04,200.11000061035156,206.8000030517578,197.42999267578125,203.8000030517578,60853100,AMZN
2025-03-05,204.8000030517578,209.97999572753906,203.25999450683594,208.36000061035156,38610100,AMZN
2025-03-06,204.39999389648438,205.77000427246094,198.3000030517578,200.6999969482422,49863800,AMZN
2025-03-07,199.49000549316406,202.27000427246094,192.52999877929688,199.25,59802800,AMZN
2025-03-10,195.60000610351562,196.72999572753906,190.85000610351562,194.5399932861328,62350900,AMZN
2025-03-11,193.89999389648438,200.17999267578125,193.39999389648438,196.58999633789062,54002900,AMZN
2025-03-12,200.72000122070312,201.52000427246094,195.2899932861328,198.88999938964844,43679300,AMZN
2025-03-13,198.1699981689453,198.8800048828125,191.82000732421875,193.88999938964844,41270800,AMZN
2025-03-14,197.41000366210938,198.64999389648438,195.32000732421875,197.9499969482422,38096700,AMZN
2025-03-17,198.77000427246094,199.0,194.32000732421875,195.74000549316406,47341800,AMZN
2025-03-18,192.52000427246094,194.0,189.3800048828125,192.82000732421875,40414900,AMZN
2025-03-19,193.3800048828125,195.97000122070312,191.9600067138672,195.5399932861328,39442900,AMZN
2025-03-20,193.07000732421875,199.32000732421875,192.3000030517578,194.9499969482422,38921100,AMZN
2025-03-21,192.89999389648438,196.99000549316406,192.52000427246094,196.2100067138672,60056900,AMZN
2025-03-24,200.0,203.63999938964844,199.9499969482422,203.25999450683594,41625400,AMZN
2025-03-25,203.60000610351562,206.2100067138672,203.22000122070312,205.7100067138672,31171200,AMZN
2025-03-26,205.83999633789062,206.00999450683594,199.92999267578125,201.1300048828125,32855300,AMZN
2025-03-27,200.88999938964844,203.7899932861328,199.27999877929688,201.36000061035156,27317700,AMZN
2025-03-28,198.4199981689453,199.25999450683594,191.8800048828125,192.72000122070312,52548200,AMZN
2025-03-31,188.19000244140625,191.3300018310547,184.39999389648438,190.25999450683594,63547600,AMZN
2025-04-01,187.86000061035156,193.92999267578125,187.1999969482422,192.1699981689453,41267300,AMZN
2025-04-02,187.66000366210938,198.33999633789062,187.66000366210938,196.00999450683594,53679200,AMZN
2025-04-03,183.0,184.1300048828125,176.9199981689453,178.41000366210938,95553600,AMZN
2025-04-04,167.14999389648438,178.13999938964844,166.0,171.0,123159400,AMZN
2025-04-07,162.0,183.41000366210938,161.3800048828125,175.25999450683594,109327100,AMZN
2025-04-08,185.22999572753906,185.89999389648438,168.57000732421875,170.66000366210938,87710400,AMZN
2025-04-09,172.1199951171875,192.64999389648438,169.92999267578125,191.10000610351562,116804300,AMZN
2025-04-10,185.44000244140625,186.8699951171875,175.85000610351562,181.22000122070312,68302000,AMZN
2025-04-11,179.92999267578125,185.86000061035156,178.0,184.8699951171875,50594300,AMZN
2025-04-14,186.83999633789062,187.44000244140625,179.22999572753906,182.1199951171875,48002500,AMZN
2025-04-15,181.41000366210938,182.35000610351562,177.92999267578125,179.58999633789062,43642000,AMZN
2025-04-16,176.2899932861328,179.10000610351562,171.41000366210938,174.3300018310547,51875300,AMZN
2025-04-17,176.0,176.2100067138672,172.0,172.61000061035156,44726500,AMZN
2025-04-21,169.60000610351562,169.60000610351562,165.2899932861328,167.32000732421875,48126100,AMZN
2025-04-22,169.85000610351562,176.77999877929688,169.35000610351562,173.17999267578125,56607200,AMZN
2025-04-23,183.4499969482422,187.3800048828125,180.19000244140625,180.60000610351562,63470100,AMZN
2025-04-24,180.9199981689453,186.74000549316406,180.17999267578125,186.5399932861328,43763200,AMZN
2025-04-25,187.6199951171875,189.94000244140625,185.49000549316406,188.99000549316406,36414300,AMZN
2025-04-28,190.11000061035156,190.22000122070312,184.88999938964844,187.6999969482422,33224700,AMZN
2025-04-29,183.99000549316406,188.02000427246094,183.67999267578125,187.38999938964844,41667300,AMZN
2025-04-30,182.1699981689453,185.0500030517578,178.85000610351562,184.4199981689453,55176500,AMZN
2025-05-01,190.6300048828125,191.80999755859375,187.5,190.1999969482422,74266000,AMZN
2025-05-02,191.44000244140625,192.8800048828125,186.39999389648438,189.97999572753906,77903500,AMZN
2025-05-05,186.50999450683594,188.17999267578125,185.52999877929688,186.35000610351562,35217500,AMZN
2025-05-06,184.57000732421875,187.92999267578125,183.85000610351562,185.00999450683594,29314100,AMZN
2025-05-07,185.55999755859375,190.99000549316406,185.00999450683594,188.7100067138672,43948600,AMZN
2025-05-08,191.42999267578125,194.3300018310547,188.82000732421875,192.0800018310547,41043600,AMZN
2025-05-09,193.3800048828125,194.69000244140625,191.16000366210938,193.05999755859375,29663100,AMZN
2025-05-12,210.7100067138672,211.66000366210938,205.75,208.63999938964844,75205000,AMZN
2025-05-13,211.0800018310547,214.83999633789062,210.10000610351562,211.3699951171875,56193700,AMZN
2025-05-14,211.4499969482422,211.92999267578125,208.85000610351562,210.25,38492100,AMZN
2025-05-15,206.4499969482422,206.8800048828125,202.6699981689453,205.1699981689453,64347300,AMZN
2025-05-16,206.85000610351562,206.85000610351562,204.3699951171875,205.58999633789062,43318500,AMZN
2025-05-19,201.64999389648438,206.6199951171875,201.25999450683594,206.16000366210938,34314800,AMZN
2025-05-20,204.6300048828125,205.58999633789062,202.64999389648438,204.07000732421875,29470400,AMZN
2025-05-21,201.61000061035156,203.4600067138672,200.05999755859375,201.1199951171875,42460900,AMZN
2025-05-22,201.3800048828125,205.75999450683594,200.16000366210938,203.10000610351562,38938900,AMZN
2025-05-23,198.89999389648438,202.3699951171875,197.85000610351562,200.99000549316406,33393500,AMZN
2025-05-27,203.08999633789062,206.69000244140625,202.19000244140625,206.02000427246094,34892000,AMZN
2025-05-28,205.9199981689453,207.66000366210938,204.41000366210938,204.72000122070312,28549800,AMZN
2025-05-29,208.02999877929688,208.80999755859375,204.22999572753906,205.6999969482422,34650000,AMZN
2025-05-30,204.83999633789062,205.99000549316406,201.6999969482422,205.00999450683594,51679400,AMZN
2025-06-02,204.97999572753906,207.0,202.67999267578125,206.64999389648438,29113300,AMZN
2025-06-03,207.11000061035156,208.9499969482422,205.02999877929688,205.7100067138672,33139100,AMZN
2025-06-04,206.5500030517578,208.17999267578125,205.17999267578125,207.22999572753906,29915600,AMZN
2025-06-05,209.5500030517578,212.80999755859375,207.55999755859375,207.91000366210938,51864200,AMZN
2025-06-06,212.39999389648438,213.8699951171875,210.5,213.57000732421875,39832500,AMZN
2025-06-09,214.75,217.85000610351562,212.8800048828125,216.97999572753906,38102500,AMZN
2025-06-10,216.77999877929688,217.69000244140625,214.14999389648438,217.61000061035156,31303300,AMZN
2025-06-11,217.41000366210938,218.39999389648438,212.88999938964844,213.1999969482422,39326000,AMZN
2025-06-12,211.77999877929688,213.5800018310547,211.3300018310547,213.24000549316406,27640000,AMZN
2025-06-13,209.9600067138672,214.0500030517578,209.6199951171875,212.10000610351562,29337800,AMZN
2025-06-16,212.30999755859375,217.05999755859375,211.60000610351562,216.10000610351562,33284200,AMZN
2025-06-17,215.1999969482422,217.41000366210938,214.55999755859375,214.82000732421875,32086300,AMZN
2025-06-18,215.08999633789062,217.9600067138672,212.33999633789062,212.52000427246094,44360500,AMZN
2025-06-20,214.67999267578125,214.88999938964844,208.27000427246094,209.69000244140625,75350700,AMZN
2025-06-23,209.7899932861328,210.38999938964844,207.30999755859375,208.47000122070312,37311700,AMZN
2025-06-24,212.13999938964844,214.33999633789062,211.0500030517578,212.77000427246094,38378800,AMZN
2025-06-25,214.6199951171875,216.02999877929688,211.11000061035156,211.99000549316406,31755700,AMZN
2025-06-26,213.1199951171875,218.0399932861328,212.00999450683594,217.1199951171875,50480800,AMZN
2025-06-27,219.9199981689453,223.3000030517578,216.74000549316406,223.3000030517578,119217100,AMZN
2025-06-30,223.52000427246094,223.82000732421875,219.1199951171875,219.38999938964844,58887800,AMZN
2025-07-01,219.5,221.8800048828125,217.92999267578125,220.4600067138672,39256800,AMZN
2025-07-02,219.72999572753906,221.60000610351562,219.05999755859375,219.9199981689453,30894200,AMZN
2025-07-03,221.82000732421875,224.00999450683594,221.36000061035156,223.41000366210938,29632400,AMZN
2025-07-07,223.0,224.2899932861328,222.3699951171875,223.47000122070312,36604100,AMZN
2025-07-08,223.9199981689453,224.0,218.42999267578125,219.36000061035156,45692000,AMZN
2025-07-09,221.07000732421875,224.2899932861328,220.47000122070312,222.5399932861328,38155100,AMZN
2025-07-10,221.5500030517578,222.7899932861328,219.6999969482422,222.25999450683594,30370600,AMZN
2025-07-11,223.5800018310547,226.67999267578125,222.3699951171875,225.02000427246094,50518300,AMZN
2025-07-14,225.07000732421875,226.66000366210938,224.24000549316406,225.69000244140625,35702600,AMZN
2025-07-15,226.1999969482422,227.27000427246094,225.4600067138672,226.35000610351562,34907300,AMZN
2025-07-16,225.8800048828125,226.10000610351562,222.17999267578125,223.19000244140625,39535900,AMZN
2025-07-17,223.32000732421875,224.5,222.50999450683594,223.8800048828125,31855800,AMZN
2025-07-18,225.13999938964844,226.39999389648438,222.97999572753906,226.1300048828125,37833800,AMZN
2025-07-21,225.83999633789062,229.69000244140625,225.64999389648438,229.3000030517578,40297600,AMZN
2025-07-22,229.67999267578125,230.0,226.35000610351562,227.47000122070312,37483700,AMZN
2025-07-23,228.47000122070312,228.7899932861328,227.08999633789062,228.2899932861328,28294900,AMZN
2025-07-24,229.1699981689453,236.0,228.63999938964844,232.22999572753906,42902300,AMZN
2025-07-25,232.22000122070312,232.47999572753906,231.17999267578125,231.44000244140625,28712100,AMZN
2025-07-28,233.35000610351562,234.2899932861328,232.25,232.7899932861328,26300100,AMZN
2025-07-29,234.14999389648438,234.72000122070312,230.30999755859375,231.00999450683594,33716200,AMZN
2025-07-30,231.63999938964844,231.8000030517578,229.2899932861328,230.19000244140625,32993300,AMZN
2025-07-31,235.77000427246094,236.52999877929688,231.39999389648438,234.11000061035156,104357300,AMZN
2025-08-01,217.2100067138672,220.44000244140625,212.8000030517578,214.75,122258800,AMZN
2025-08-04,217.39999389648438,217.44000244140625,211.4199981689453,211.64999389648438,77890100,AMZN
2025-08-05,213.0500030517578,216.3000030517578,212.8699951171875,213.75,51505100,AMZN
2025-08-06,214.6999969482422,222.64999389648438,213.74000549316406,222.30999755859375,54823000,AMZN
2025-08-07,221.0,226.22000122070312,220.82000732421875,223.1300048828125,40603500,AMZN
2025-08-08,223.13999938964844,223.8000030517578,221.8800048828125,222.69000244140625,32970500,AMZN
2025-08-11,221.77999877929688,223.0500030517578,220.39999389648438,221.3000030517578,31646200,AMZN
2025-08-12,222.22999572753906,223.5,219.0500030517578,221.47000122070312,37185800,AMZN
2025-08-13,222.0,224.9199981689453,222.0,224.55999755859375,36508300,AMZN
2025-08-14,227.39999389648438,233.11000061035156,227.02000427246094,230.97999572753906,61545800,AMZN
2025-08-15,232.5800018310547,234.0800018310547,229.80999755859375,231.02999877929688,39649200,AMZN
2025-08-18,230.22999572753906,231.91000366210938,228.3300018310547,231.49000549316406,25248900,AMZN
2025-08-19,230.08999633789062,230.52999877929688,227.1199951171875,228.00999450683594,29891000,AMZN
2025-08-20,227.1199951171875,227.27000427246094,220.9199981689453,223.80999755859375,36604300,AMZN
2025-08-21,222.64999389648438,222.77999877929688,220.5,221.9499969482422,32140500,AMZN
2025-08-22,222.7899932861328,229.13999938964844,220.82000732421875,228.83999633789062,37315300,AMZN
2025-08-25,227.35000610351562,229.60000610351562,227.30999755859375,227.94000244140625,22633700,AMZN
2025-08-26,227.11000061035156,229.0,226.02000427246094,228.7100067138672,26105400,AMZN
2025-08-27,228.57000732421875,229.8699951171875,227.80999755859375,229.1199951171875,21254500,AMZN
2025-08-28,229.00999450683594,232.7100067138672,228.02000427246094,231.60000610351562,33679600,AMZN
2025-08-29,231.32000732421875,231.80999755859375,228.16000366210938,229.0,26199200,AMZN
2025-09-02,223.52000427246094,226.1699981689453,221.8300018310547,225.33999633789062,38843900,AMZN
2025-09-03,225.2100067138672,227.1699981689453,224.36000061035156,225.99000549316406,29223100,AMZN
2025-09-04,231.19000244140625,235.77000427246094,230.77999877929688,235.67999267578125,59391800,AMZN
2025-09-05,235.19000244140625,236.0,231.92999267578125,232.3300018310547,36721800,AMZN
2025-09-08,234.94000244140625,237.60000610351562,233.75,235.83999633789062,33947100,AMZN
2025-09-09,236.36000061035156,238.85000610351562,235.0800018310547,238.24000549316406,27033800,AMZN
2025-09-10,237.52000427246094,237.67999267578125,229.10000610351562,230.3300018310547,60907700,AMZN
2025-09-11,231.49000549316406,231.52999877929688,229.33999633789062,229.9499969482422,37485600,AMZN
2025-09-12,230.35000610351562,230.7899932861328,226.2899932861328,228.14999389648438,38496200,AMZN
2025-09-15,230.6300048828125,233.72999572753906,230.32000732421875,231.42999267578125,33243300,AMZN
2025-09-16,232.94000244140625,235.89999389648438,232.22999572753906,234.0500030517578,38203900,AMZN
2025-09-17,233.77000427246094,234.3000030517578,228.7100067138672,231.6199951171875,42815200,AMZN
2025-09-18,232.5,233.47999572753906,228.7899932861328,231.22999572753906,37931700,AMZN
2025-09-19,232.3699951171875,234.16000366210938,229.6999969482422,231.47999572753906,97943200,AMZN
2025-09-22,230.55999755859375,230.57000732421875,227.50999450683594,227.6300048828125,45914500,AMZN
2025-09-23,227.8300018310547,227.86000061035156,220.07000732421875,220.7100067138672,70956200,AMZN
2025-09-24,224.14999389648438,224.55999755859375,219.4499969482422,220.2100067138672,49509000,AMZN
2025-09-25,220.05999755859375,220.6699981689453,216.47000122070312,218.14999389648438,52226300,AMZN
2025-09-26,219.0800018310547,221.0500030517578,218.02000427246094,219.77999877929688,41650100,AMZN
2025-09-29,220.0800018310547,222.60000610351562,219.3000030517578,222.1699981689453,44259200,AMZN
2025-09-30,222.02999877929688,222.24000549316406,217.88999938964844,219.57000732421875,48396400,AMZN
2025-10-01,217.36000061035156,222.14999389648438,216.61000061035156,220.6300048828125,43933800,AMZN
2025-10-02,221.00999450683594,222.80999755859375,218.9499969482422,222.41000366210938,41258600,AMZN
2025-10-03,223.44000244140625,224.1999969482422,219.33999633789062,219.50999450683594,43639000,AMZN
2025-10-06,221.0,221.72999572753906,216.02999877929688,220.89999389648438,43690900,AMZN
2025-10-07,220.8800048828125,222.88999938964844,220.1699981689453,221.77999877929688,31194700,AMZN
2025-10-08,222.9199981689453,226.72999572753906,221.19000244140625,225.22000122070312,46686000,AMZN
2025-10-09,225.0,228.2100067138672,221.75,227.74000549316406,46412100,AMZN
2025-10-10,226.2100067138672,228.25,216.0,216.3699951171875,72367500,AMZN
2025-10-13,217.6999969482422,220.67999267578125,217.0399932861328,220.07000732421875,37809700,AMZN
2025-10-14,215.55999755859375,219.32000732421875,212.60000610351562,216.38999938964844,45665600,AMZN
2025-10-15,216.6199951171875,217.7100067138672,212.66000366210938,215.57000732421875,45909500,AMZN
2025-10-16,215.6699981689453,218.58999633789062,212.80999755859375,214.47000122070312,42414600,AMZN
2025-10-17,214.55999755859375,214.8000030517578,211.02999877929688,213.0399932861328,45986900,AMZN
2025-10-20,213.8800048828125,216.69000244140625,213.58999633789062,216.47999572753906,38882800,AMZN
2025-10-21,218.42999267578125,223.32000732421875,217.99000549316406,222.02999877929688,50494600,AMZN
2025-10-22,219.3000030517578,220.00999450683594,216.52000427246094,217.9499969482422,44308500,AMZN
2025-10-23,219.0,221.3000030517578,218.17999267578125,221.08999633789062,31540000,AMZN
2025-10-24,221.97000122070312,225.39999389648438,221.89999389648438,224.2100067138672,38685100,AMZN
2025-10-27,227.66000366210938,228.39999389648438,225.5399932861328,226.97000122070312,38267000,AMZN
2025-10-28,228.22000122070312,231.49000549316406,226.2100067138672,229.25,47100000,AMZN
2025-10-29,231.6699981689453,232.82000732421875,227.75999450683594,230.3000030517578,52036200,AMZN
2025-10-30,227.05999755859375,228.44000244140625,222.75,222.86000061035156,102252900,AMZN
2025-10-31,250.10000610351562,250.5,243.97999572753906,244.22000122070312,166340800,AMZN
2025-11-03,255.36000061035156,258.6000061035156,252.89999389648438,254.0,95997800,AMZN
2025-11-04,250.3800048828125,257.010009765625,248.66000366210938,249.32000732421875,51546300,AMZN
2025-11-05,249.02999877929688,251.0,246.16000366210938,250.1999969482422,40610700,AMZN
2025-11-06,249.16000366210938,250.3800048828125,242.1699981689453,243.0399932861328,46004200,AMZN
2025-11-07,242.89999389648438,244.89999389648438,238.49000549316406,244.41000366210938,46374300,AMZN
2025-11-10,248.33999633789062,251.75,245.58999633789062,248.39999389648438,36476500,AMZN
2025-11-11,248.41000366210938,249.75,247.22999572753906,249.10000610351562,23564100,AMZN
2025-11-12,250.24000549316406,250.3699951171875,243.75,244.1999969482422,31190100,AMZN
2025-11-13,243.0500030517578,243.75,236.5,237.5800018310547,41401700,AMZN
2025-11-14,235.05999755859375,238.72999572753906,232.88999938964844,234.69000244140625,38956700,AMZN
2025-11-17,233.25,234.60000610351562,229.19000244140625,232.8699951171875,59919000,AMZN
2025-11-18,228.10000610351562,230.1999969482422,222.4199981689453,222.5500030517578,60608400,AMZN
2025-11-19,223.74000549316406,223.74000549316406,218.52000427246094,222.69000244140625,58335600,AMZN
2025-11-20,227.0500030517578,227.41000366210938,216.74000549316406,217.13999938964844,50060800,AMZN
2023-01-03,122.0674813010394,125.59573347670961,121.53078897224552,123.97571563720703,35528500,META
2023-01-04,126.59954813929444,128.25932191868313,125.07892356487793,126.58961486816406,32397100,META
2023-01-05,125.35720438179855,127.73256793435728,123.77694988060482,126.16224670410156,25447100,META
2023-01-06,128.17981885180623,129.5314869158771,125.26777027618071,129.223388671875,27584500,META
2023-01-09,130.3564058607352,132.13543212468863,128.48791948774445,128.6767578125,26649100,META
2023-01-10,126.49022335284873,132.62242600945103,126.37096343633544,132.17518615722656,28684400,META
2023-01-11,130.15760764064044,133.0298998470803,129.5413961019086,132.07577514648438,25423000,META
2023-01-12,132.6224067476168,136.83641828224725,130.95269233243877,135.87237548828125,30757700,META
2023-01-13,134.1430673922363,136.54823872312406,134.0138590229786,136.1407470703125,22423800,META
2023-01-17,135.34562291168555,135.91213782217085,133.42745522944378,134.53065490722656,21147600,META
2023-01-18,134.97790106165695,136.40908072853546,131.9863485394316,132.2050018310547,20215500,META
2023-01-19,131.67824728044906,136.60784916928276,131.33038564306105,135.31581115722656,28625200,META
2023-01-20,135.05740878002345,139.08259768412512,133.78525248338724,138.51608276367188,28688600,META
2023-01-23,138.43655614747914,142.8791694348385,137.8104265031242,142.39218139648438,27470100,META
2023-01-24,140.82188747000984,144.11160513315303,140.49390751435348,142.26300048828125,21970200,META
2023-01-25,140.35474290295303,142.2927921733559,139.450314854999,140.63302612304688,26622000,META
2023-01-26,143.51525074406055,146.60619628612716,142.4219995766798,146.39749145507812,25482100,META
2023-01-27,147.33176195080347,152.25143103479613,146.486963702967,150.81031799316406,35771900,META
2023-01-30,148.49457376224427,150.19408815910592,146.04963942401824,146.15896606445312,28040100,META
2023-01-31,147.04351150022737,148.96169433075355,146.6161533774126,148.05726623535156,29842100,META
2023-02-01,147.12302872377973,152.63902727227818,146.15897063668632,152.1818389892578,55661000,META
2023-02-02,182.2564286606797,195.9519968665379,179.0561565091798,187.6134033203125,150475700,META
2023-02-03,182.34588176307366,195.56439578601183,181.76943359931832,185.3871307373047,76809700,META
2023-02-06,185.3871655594542,189.53161495626986,184.3833590935866,184.9200439453125,42483800,META
2023-02-07,184.44296668177904,192.59272284619692,183.27018856984475,190.44595336914062,47080700,META
2023-02-08,188.8358748844132,189.66079131558624,181.79925204256867,182.30612182617188,36139100,META
2023-02-09,184.98959960734402,185.50640268538584,176.18388358932918,176.82989501953125,37118800,META
2023-02-10,175.26952548390446,177.793956459719,172.28790621396766,173.08299255371094,33433600,META
2023-02-13,177.12806474414688,179.89103074344655,174.74277537499464,178.3306427001953,31463200,META
2023-02-14,176.07456285934154,180.39790176538594,174.80240649861443,178.38034057617188,24034600,META
2023-02-15,175.3390829215648,177.09824247899408,174.25576492894933,176.07455444335938,25308900,META
2023-02-16,171.6915668424147,174.77257931786272,170.7374420558266,171.3834686279297,25827500,META
2023-02-17,169.17707944999717,172.11893531873136,168.66026119429526,171.82078552246094,24171300,META
2023-02-21,173.242028709178,177.07837972703157,170.82692420113463,171.02569580078125,34592600,META
2023-02-22,170.02186694253015,171.70149962853893,168.65031730483764,170.07154846191406,22433200,META
2023-02-23,170.9461526324206,172.6258003957799,168.34221027661286,170.98590087890625,20017800,META
2023-02-24,167.60674577160847,169.67400347656468,166.63275445663348,169.3460235595703,19791300,META
2023-02-27,170.8269414425186,172.0593345838924,168.02421155913143,168.5012664794922,19277000,META
2023-02-28,170.84678131948266,176.4621734828201,170.81696633944566,173.8681640625,46051100,META
2023-03-01,173.520281972976,176.76031763155478,171.98972423856208,172.35745239257812,30998400,META
2023-03-02,171.32384184255076,173.93771766126915,170.37965030933574,173.46066284179688,17352000,META
2023-03-03,177.82375700678676,185.47657614545182,175.96521933226344,184.11497497558594,45877700,META
2023-03-06,186.84814838838628,188.49798142340265,183.50873406589673,183.7671356201172,33209400,META
2023-03-07,187.8420121919804,189.19368018791033,182.88258006137207,183.3795166015625,36701500,META
2023-03-08,181.74954586952333,184.12490167034065,180.22892143280296,183.83668518066406,19432400,META
2023-03-09,185.20824955352518,187.77242868564437,179.19531454783962,180.57679748535156,26582800,META
2023-03-10,179.9009505264796,183.63792280067761,177.70449963708444,178.41014099121094,25665000,META
2023-03-13,176.8696670031351,182.65400067215168,173.7489060147962,179.79164123535156,24728000,META
2023-03-14,186.4306934427985,193.129402716885,185.4169387676025,192.83123779296875,41642600,META
2023-03-15,191.76779755003815,196.56820609087097,189.6707248561998,196.53839111328125,42123600,META
2023-03-16,197.04526141183072,204.4993091346948,194.88855875718457,203.6743927001953,50447100,META
2023-03-17,199.33116736281931,200.66295354922275,194.23259399666622,194.4114990234375,50141100,META
2023-03-20,197.26393088446127,198.13854407530098,192.45358866544325,196.59803771972656,25186300,META
2023-03-21,201.9550080555266,202.30286970176957,196.73717435368076,200.92138671875,31827000,META
2023-03-22,201.2592905567942,206.09944740765945,198.44662803436213,198.5857696533203,28477800,META
2023-03-23,201.59720175806143,206.6063303216433,200.911426940939,203.02838134765625,27389700,META
2023-03-24,203.92287100046076,206.30817548842862,202.30286819464598,204.74778747558594,27716400,META
2023-03-27,203.55516035077187,204.59873020633137,200.12630096704865,201.59722900390625,18527200,META
2023-03-28,198.9236727232811,199.79828580667703,196.68745849756962,199.45042419433594,19127300,META
2023-03-29,202.31280134902292,204.45957083736363,201.2990465630899,204.0918426513672,18851100,META
2023-03-30,202.13390872134838,206.81504236281754,201.57734223164755,206.5665740966797,22608300,META
2023-03-31,205.97026376314298,210.87005079685122,205.50314219958747,210.64146423339844,25440300,META
2023-04-03,207.5604625901875,212.18198178307043,206.92438438820392,211.76455688476562,17924600,META
2023-04-04,212.08258115532615,214.91512556917345,211.2377829504103,213.40443420410156,21026400,META
2023-04-05,212.83790431959054,213.87154076826883,208.65370733597848,210.18426513671875,19396600,META
2023-04-06,207.9679340546365,215.61082017465736,207.37160416327058,214.77597045898438,26104400,META
2023-04-10,213.39447111445907,214.33864739870953,209.3692825707619,213.43421936035156,16106100,META
2023-04-11,214.1597672136664,214.69646716988922,212.1024578222782,212.53976440429688,16710100,META
2023-04-12,213.52370785398924,215.51145419073902,211.27755995297034,212.68885803222656,18972200,META
2023-04-13,214.40823502869546,219.79502529559008,214.368486778278,218.99993896484375,23310400,META
2023-04-14,216.5450524607433,220.74913097277258,216.21707255337955,220.1329345703125,21591200,META
2023-04-17,218.44336821638782,219.62607966562152,215.79967722049534,217.51907348632812,15481900,META
2023-04-18,218.56263583156422,219.089387358378,214.88530841530402,216.5550079345703,12281000,META
2023-04-19,212.1620701699351,215.9984205501588,211.62537025826165,214.37840270996094,15898100,META
2023-04-20,212.17203334589377,215.4220027548462,211.46639191017633,211.76455688476562,16475400,META
2023-04-21,208.92208997157257,212.10248114695284,208.2959450088894,211.58566284179688,17717200,META
2023-04-24,212.37076764472698,212.60930261556788,209.418978894047,211.48622131347656,15750900,META
2023-04-25,209.5283508894777,209.96564234941258,205.8609564322858,206.27838134765625,19198200,META
2023-04-26,211.19801682372628,212.79815299309683,207.60020134296596,208.11700439453125,41992700,META
2023-04-27,238.42021116281657,240.20918572943341,235.31933202421376,237.09835815429688,71196500,META
2023-04-28,237.545593514613,238.95689143346272,234.3055728134763,238.8475799560547,39554000,META
2023-05-01,237.1579894012456,242.50503142238927,235.01123507493745,241.69004821777344,29143900,META
2023-05-02,241.6900476246149,243.41939223838253,237.5257321701629,237.77420043945312,24350100,META
2023-05-03,238.00281177622276,240.26884141481156,231.3239827892343,235.5777587890625,34463900,META
2023-05-04,234.6136796378168,236.74056744778332,231.5028520074018,232.08924865722656,17889400,META
2023-05-05,230.8171054557719,233.24214319913975,228.441749237586,231.35379028320312,27000500,META
2023-05-08,230.00211843422895,234.17638255641504,228.85917039831745,231.84078979492188,16400500,META
2023-05-09,230.04185384474556,234.4347707344073,229.66417724759455,231.9401397705078,16865600,META
2023-05-10,234.72298037913848,235.29942852863257,229.30637565937425,231.65191650390625,19119000,META
2023-05-11,231.62211918235204,236.75050780091402,230.8767143889087,234.34532165527344,20449000,META
2023-05-12,235.2895280534279,235.50818135320534,230.03193075237007,232.37747192382812,16161400,META
2023-05-15,235.46842903864038,238.7879617786208,233.88817434189113,237.39654541015625,20653200,META
2023-05-16,234.3453164957857,238.17173375066986,234.07698169506946,237.3567657470703,18163800,META
2023-05-17,236.98901699453307,242.34599192974844,236.6809187868498,241.0042724609375,21193100,META
2023-05-18,239.82157169093304,245.57609001832188,239.71224504804934,245.3375701904297,22943300,META
2023-05-19,245.9537534056188,247.16627968319278,241.91863143758997,244.1349639892578,21733600,META
2023-05-22,243.9064095239408,252.01641793935815,243.6181778224306,246.798583984375,27738500,META
2023-05-23,245.29780419410025,250.06839785063008,245.13878086697943,245.22824096679688,17748100,META
2023-05-24,243.77717655928683,248.06076690925582,243.44919663824038,247.68310546875,17724300,META
2023-05-25,251.8474260443769,254.05382543946865,247.6433472684531,251.14178466796875,22371400,META
2023-05-26,251.3802803282078,260.7028135397748,251.16164222922555,260.4344787597656,25727200,META
2023-05-30,263.6248137552305,267.0039758955872,259.6890851602549,260.9115295410156,23816500,META
2023-05-31,258.40700133554753,263.3763667458465,256.8665101905946,263.09808349609375,25473700,META
2023-06-01,264.270877626089,272.321256606489,264.2609595189061,270.93975830078125,25609500,META
2023-06-02,270.9894701591077,273.66299149165616,269.4588969396265,270.93975830078125,19416900,META
2023-06-05,268.6438551269302,273.8815851580303,267.9083988254263,269.7272033691406,20742900,META
2023-06-06,268.4848861061557,274.8754826768535,268.03763109172036,269.4588623046875,19419000,META
2023-06-07,270.0054865664619,272.5696655164689,261.1898077318564,261.98492431640625,26163600,META
2023-06-08,259.0231644170162,266.01009007037004,257.2938351828572,262.9588928222656,20899400,META
2023-06-09,260.8718228971102,266.3083099817155,260.09660309028345,263.3266906738281,16949800,META
2023-06-12,265.53308021076936,270.0850055045359,263.7043270796276,269.3892822265625,15442500,META
2023-06-13,273.1958704972715,274.03072034690825,267.44133616767954,269.6576843261719,16164000,META
2023-06-14,270.22421598006036,273.3051988302413,266.67608115253654,271.6752624511719,19175100,META
2023-06-15,270.63160210078024,282.24997973980226,269.757019350332,280.10321044921875,25973500,META
2023-06-16,283.0053132352456,286.08632534536537,278.41362520966186,279.2782897949219,43127700,META
2023-06-20,277.02225612652796,283.05504270613227,274.5276249753558,282.5879211425781,20701600,META
2023-06-21,281.79280233719123,282.25992384692233,276.65446573014947,279.9143981933594,20556200,META
2023-06-22,277.370100159185,283.5122591623506,276.0880256577415,283.13458251953125,17563100,META
2023-06-23,279.78523335355857,287.895241699869,277.240920577924,286.96099853515625,51092000,META
2023-06-26,286.9311565003175,288.0144744656378,275.8991597778569,276.7638244628906,24232700,META
2023-06-27,280.2821612052411,287.57718608230954,278.9304780242329,285.291259765625,26108300,META
2023-06-28,283.0749926067543,287.77599377166666,282.3196392142503,283.5421142578125,16722100,META
2023-06-29,282.7568884601105,284.8142129946825,278.9702344892543,279.8050842285156,15395700,META
2023-06-30,283.01528045118727,287.27897371182956,282.6773672765119,285.2216796875,19694900,META
2023-07-03,284.9434043059661,287.62684323655463,283.1047331700127,284.2675476074219,8629300,META
2023-07-05,285.8875781094008,296.2934302050085,284.6054733763103,292.56640625,33865500,META
2023-07-06,294.0771489424345,296.2934667158696,289.5251928059992,290.2010192871094,47600500,META
2023-07-07,290.38982344804356,294.38521256160533,286.89140119517737,288.74993896484375,25586000,META
2023-07-10,293.7391935536377,296.30340323263175,285.2912718878283,292.298095703125,37058300,META
2023-07-11,292.09931513800467,298.340837358472,290.11156882154245,296.4624328613281,27585900,META
2023-07-12,299.9012089337365,307.5540439617173,298.26132437934064,307.4447021484375,36677100,META
2023-07-13,311.6984509348841,314.3023933881679,308.38886713165334,311.48974609375,30281000,META
2023-07-14,309.8796306711696,312.9506942002078,305.4767508052321,306.9775085449219,23054100,META
2023-07-17,305.65574210324695,309.8001759510319,302.8430642410926,308.71685791015625,25323100,META
2023-07-18,308.97527748671035,312.27494349335836,305.73524144025225,310.1380920410156,20731900,META
2023-07-19,311.1120997395896,316.7274767689664,308.6174685170369,314.0738525390625,21763700,META
2023-07-20,311.57921073138994,313.6067203081429,300.36832359676674,300.6664733886719,23836900,META
2023-07-21,302.7038893783664,303.5884205252872,289.41581298995766,292.4570617675781,42139300,META
2023-07-24,293.96779810729123,295.6971276766955,286.533616051222,289.8233337402344,24915700,META
2023-07-25,293.38142241255474,296.47235340133284,290.0718077833452,292.66583251953125,19585600,META
2023-07-26,299.3446347497926,299.9210677894929,290.1115453638224,296.7406921386719,47256900,META
2023-07-27,323.1280444412518,323.356646192385,307.94166341648815,309.8002014160156,64229200,META
2023-07-28,314.9384950804358,324.20139913117765,312.3246041214481,323.4858093261719,39220300,META
2023-07-31,321.7068212448548,323.66475267857464,315.644188607656,316.64801025390625,25799600,META
2023-08-01,315.5944509795889,322.1540190549493,312.7320917953881,320.7327575683594,22817900,META
2023-08-02,316.05161005931467,316.4392350831681,308.7466375342772,312.38421630859375,20461100,META
2023-08-03,308.03111235688823,314.01424840839314,308.03111235688823,311.2711486816406,15180200,META
2023-08-04,313.030204370308,316.4590780544155,308.2993899264454,308.8261413574219,17612800,META
2023-08-07,311.31086894247983,315.1273378463386,308.5578211596519,314.6204528808594,16236500,META
2023-08-08,312.47368326135734,315.94232085738867,308.2099593514396,310.7244873046875,15183500,META
2023-08-09,310.96301625931727,311.7084210744375,300.9944704116668,303.3399963378906,19955800,META
2023-08-10,306.0532625291699,310.4262977842557,302.0081920277115,303.8667297363281,14358900,META
2023-08-11,300.7161953513463,302.85301648010613,298.5197139316003,299.7919006347656,14046300,META
2023-08-14,299.13592519949583,304.3338619035578,296.4226408204972,304.3139953613281,15641900,META
2023-08-15,304.2643369775201,305.3476550580953,298.19175633339523,300.1000061035156,11623600,META
2023-08-16,298.3606701853206,299.23525289911527,292.476929006167,292.48687744140625,18547700,META
2023-08-17,291.2544826353271,294.2361017593766,283.2041352648721,283.34326171875,23950100,META
2023-08-18,277.3204111700281,283.93960968649634,272.6989072996462,281.5145568847656,35347900,META
2023-08-21,281.7133464245771,288.72013974924636,280.1231433753286,288.1238098144531,20181500,META
2023-08-22,290.75754394460523,291.1054055726011,284.9930924800381,285.837890625,12980200,META
2023-08-23,286.7323732562124,295.577837283612,285.90747197497666,292.43719482421875,18287000,META
2023-08-24,296.67107984015706,297.6251893933073,284.8837610423799,284.9930725097656,18360900,META
2023-08-25,284.37687724473807,286.6230398586669,274.3387541997715,283.750732421875,23701400,META
2023-08-28,286.2354654072445,289.66433988550926,284.0489323586986,288.48162841796875,14239300,META
2023-08-29,286.81186621747776,297.31711144463566,286.41432307081345,296.1642150878906,20844500,META
2023-08-30,295.3492862928779,296.4624193263805,291.63218022598824,293.2919616699219,17717000,META
2023-08-31,293.98764265248815,299.25518813400873,293.84851619427843,294.0771179199219,17229900,META
2023-09-01,297.5357883271389,299.8912627468376,292.6658161503416,294.5641174316406,12842300,META
2023-09-05,295.2001467861527,299.54339726274833,293.699419184796,298.31097412109375,14956000,META
2023-09-06,299.8614212554446,301.44167572223057,293.84850159896115,297.3370056152344,15418100,META
2023-09-07,296.17414912853707,305.1686874983564,290.4295644962477,296.8400573730469,33748700,META
2023-09-08,297.38668763075606,303.37974075580405,294.961635024311,296.0648498535156,17548000,META
2023-09-11,299.56328484691215,307.1465412031133,299.43407649527063,305.67559814453125,19489300,META
2023-09-12,304.45313804108457,306.7688793846926,298.3905363026989,299.811767578125,13480400,META
2023-09-13,300.5074485328093,305.29792403579717,299.4738423723781,303.19091796875,13210900,META
2023-09-14,304.86062074084737,310.95306761186254,303.1611062560932,309.81011962890625,19343100,META
2023-09-15,309.7007857678787,310.088410840117,296.9195921105287,298.47003173828125,28131100,META
2023-09-18,296.36298690247634,301.73984337428624,295.97536188084484,300.6962585449219,14234200,META
2023-09-19,300.6267088125045,304.2941025217708,297.9730546201246,303.2008361816406,15924400,META
2023-09-20,303.1809965191414,306.1725644483094,297.5954341908518,297.833984375,19379500,META
2023-09-21,293.8882758417499,298.42033456685886,291.4731412557836,293.9180908203125,21319600,META
2023-09-22,297.466181352766,303.5089462710406,296.4424933602112,297.2475280761719,25369600,META
2023-09-25,293.8286431788266,299.10610665000064,291.9005270346035,298.98681640625,18987000,META
2023-09-26,295.8362426052997,298.46005156922627,294.19635821152093,297.1282653808594,19417200,META
2023-09-27,298.60915866807244,299.4539264640221,285.0328496808238,295.9157409667969,36429800,META
2023-09-28,297.1083942385881,304.4530998672657,294.88212844541874,302.0976257324219,22167100,META
2023-09-29,305.4966882392906,308.73672393193715,297.52580735084314,298.37060546875,25373700,META
2023-10-02,300.8851056417394,305.2979042369889,299.7819211582257,304.94012451171875,16265600,META
2023-10-03,302.3958267248528,304.8904274788593,297.8041380438366,299.0961608886719,17362300,META
2023-10-04,296.89969674713575,305.01962229611473,296.67109503462666,303.70770263671875,16880500,META
2023-10-05,302.76355357583645,304.3338596571605,297.6649799511563,302.9225769042969,19130000,META
2023-10-06,299.59310093157706,314.37198864360715,299.06634941720114,313.49737548828125,21803900,META
2023-10-09,310.58537200848923,318.36738574406877,309.9095455183434,316.4094543457031,22503700,META
2023-10-10,317.16476708215896,322.67083234497045,316.21065743403454,319.86810302734375,19038000,META
2023-10-11,321.03093557755113,326.8252019690386,320.9713056224866,325.81146240234375,22036300,META
2023-10-12,325.99035800443886,328.51480402545536,320.7128945741685,322.17388916015625,20530500,META
2023-10-13,321.54773567791074,323.0584117433315,310.45610917882857,312.76190185546875,21341000,META
2023-10-16,316.68774165332815,319.84825085704006,313.58683207904073,319.1823425292969,16536100,META
2023-10-17,316.23054370987745,322.4124357621013,315.35593050676914,322.014892578125,16387800,META
2023-10-18,319.42085555543287,323.9429655381797,313.6265590251634,315.0279235839844,16851000,META
2023-10-19,317.92012250181403,319.91781707841454,309.839929589378,310.8934326171875,18709200,META
2023-10-20,312.21529480774785,313.36816085601043,304.59227516092113,306.7589111328125,22312300,META
2023-10-23,307.6036827905784,315.415509739918,305.3774170538783,312.0860595703125,17796800,META
2023-10-24,314.83910368776947,316.39949165621766,308.72679049402075,310.635009765625,19525500,META
2023-10-25,308.100614172248,308.97522722021284,297.00898842237564,297.69476318359375,42192500,META
2023-10-26,293.19256300342494,293.19256300342494,277.68813665644586,286.58331298828125,66684100,META
2023-10-27,292.67577274307337,297.4761666565405,291.17501459815327,294.9119873046875,29596300,META
2023-10-30,297.25749932854717,307.50432847654946,297.21773591231505,300.8056335449219,28435100,META
2023-10-31,301.4516121618608,301.8193403128151,295.0411192868356,299.4241027832031,19434200,META
2023-11-01,300.0006000946565,310.82386233821836,300.0006000946565,309.9393310546875,20434600,META
2023-11-02,315.3558977661489,316.8666041712566,306.4408555450822,308.9653015136719,21631800,META
2023-11-03,310.6350272850042,313.61664660431865,309.1144026453778,312.6724853515625,16764300,META
2023-11-06,314.0440325136339,316.37961003011276,312.523407886489,313.8651123046875,12887700,META
2023-11-07,315.1174117712226,319.03327432489834,313.1892954750228,316.86663818359375,14055600,META
2023-11-08,316.1908036286654,319.3612309239011,312.9507676062576,317.82073974609375,13609700,META
2023-11-09,317.46294745053154,322.1937626103969,316.84672067314426,318.58599853515625,16103100,META
2023-11-10,317.979759689306,327.0836408576639,317.5026896858175,326.7556457519531,19096200,META
2023-11-13,324.20136429112557,330.2937799192933,323.7044278224578,327.17303466796875,16908900,META
2023-11-14,332.49030626377095,336.0284919764558,331.28769800766355,334.24945068359375,17179400,META
2023-11-15,335.8595585521207,336.32668016288505,327.998018009164,330.6715393066406,14531200,META
2023-11-16,327.35198039960477,332.5300507945053,324.3803095154677,332.1424560546875,18932600,META
2023-11-17,328.236531565473,333.44441677442944,327.33210342724755,332.98724365234375,14494400,META
2023-11-20,332.8381621487933,339.7753766653028,332.14243887763337,337.88702392578125,16960500,META
2023-11-21,336.2570485629804,337.8174364978858,333.8419443818045,334.91534423828125,12027900,META
2023-11-22,337.1316756910171,340.8189666199393,336.505530803819,339.397705078125,10702700,META
2023-11-24,338.04603700845905,339.7654179309521,334.7066078709448,336.1576843261719,5467500,META
2023-11-27,334.12026586710266,337.8174751715421,332.15241645594386,332.64935302734375,15684500,META
2023-11-28,331.35730805203417,337.300680514022,331.35730805203417,336.9130554199219,12637200,META
2023-11-29,337.60877304579327,337.8174779149077,328.75335963186114,330.1646728515625,16024500,META
2023-11-30,329.8565478251804,331.4566689095043,320.42467176423753,325.14556884765625,23146400,META
2023-12-01,323.48579380169986,324.8573130590916,318.79471204525896,322.829833984375,15276400,META
2023-12-04,315.34595041456754,318.8940537229913,311.7381868262037,318.0592041015625,19037100,META
2023-12-05,317.025649126037,319.90787502054275,313.45764837307246,316.3398742675781,16952100,META
2023-12-06,319.9575366368389,320.2755832851544,315.0975133016453,315.5050048828125,11294300,META
2023-12-07,315.823051546474,326.22890436310206,315.823051546474,324.5890197753906,15905100,META
2023-12-08,321.11048506345855,331.12874379587254,321.02104011610163,330.7113037109375,14087400,META
2023-12-11,327.3818007550202,327.86881921025474,318.03939946194566,323.28704833984375,25802500,META
2023-12-12,322.6112172721031,332.4207400057845,322.57145385517197,332.1722717285156,18485500,META
2023-12-13,331.8840825366415,336.2968821325055,330.6020078997787,332.6891174316406,16353300,META
2023-12-14,331.80448843197547,332.6492865005237,326.62641888612336,331.128662109375,19607300,META
2023-12-15,329.955940069959,336.5850873803151,329.19066865719657,332.8680114746094,31776900,META
2023-12-18,335.4122768319549,345.43050350190754,334.9550734059196,342.5085144042969,18993900,META
2023-12-19,343.4626063059914,351.43348690631245,343.0054332341169,348.21331787109375,17729400,META
2023-12-20,346.5138392448475,352.7851758802444,345.6591229646782,347.1399841308594,16369900,META
2023-12-21,350.8173171913434,354.2262944451578,347.0703964124121,351.9205017089844,15289600,META
2023-12-22,353.40140785011874,355.0115078605227,349.0681353948791,351.224853515625,11772800,META
2023-12-26,352.81502920728155,354.7928574532552,351.28448635356017,352.656005859375,9898600,META
2023-12-27,353.8884077003798,356.80044865097256,353.13305442641285,355.6376037597656,13207900,META
2023-12-28,357.4961835866546,359.6826863146204,355.6177487776216,356.1246337890625,11798800,META
2023-12-29,356.7904704261837,357.79429189534807,349.66441776440286,351.7912902832031,14987100,META
2024-01-02,349.16745367397436,350.996176270686,337.9267529843931,344.16827392578125,19042200,META
2024-01-03,342.86635153742765,345.81815584543017,341.0773617664747,342.3594665527344,15451100,META
2024-01-04,342.38925214525074,346.01688256775293,341.29598576749186,344.9931945800781,12099900,META
2024-01-05,344.8640078571411,351.3341312674623,344.1384999255131,349.79364013671875,13920700,META
2024-01-08,352.52679548883475,356.780571080703,349.893007548305,356.4625244140625,13890200,META
2024-01-09,354.2163327704473,358.43037493472315,353.1826963531045,355.2400207519531,13463900,META
2024-01-10,357.96328410212465,370.65503253997514,356.87993574330466,368.2001647949219,22117200,META
2024-01-11,369.85000971942884,370.496021182568,360.7063648653653,367.40509033203125,17205400,META
2024-01-12,367.8920689615844,374.7497872598506,367.27587249478194,372.1955261230469,19310000,META
2024-01-16,371.36066433979323,373.3086470528875,364.9800162533216,365.2085876464844,15306900,META
2024-01-17,364.0556821213397,366.28197835392155,356.41279602355684,366.1130065917969,12724800,META
2024-01-18,369.21388452390124,374.5410597700138,368.6772149223667,373.8254699707031,16354300,META
2024-01-19,376.6778996075572,382.0050447900212,375.6542115421644,381.10064697265625,21670800,META
2024-01-22,385.5730980910451,387.95838756894113,378.8246909551972,379.4408874511719,17680500,META
2024-01-23,382.2634719119936,386.0004445230844,379.7390257121226,382.8399353027344,15506100,META
2024-01-24,387.610490110571,393.7228033115795,385.4339057011945,388.30621337890625,15698500,META
2024-01-25,387.77948914058004,393.0668710954235,383.2971116570602,390.7710266113281,15091100,META
2024-01-26,391.9338635501039,394.35891634363935,389.19076408481965,391.72515869140625,13163700,META
2024-01-29,392.56993457158336,400.4612895830649,390.6915301437837,398.56298828125,18742400,META
2024-01-30,401.11725769640367,403.8702753804273,397.12189858501546,397.60888671875,18614700,META
2024-01-31,386.6165735614874,395.5614300192082,384.7282210420876,387.7496032714844,20180800,META
2024-02-01,391.5263867752393,398.0461921401505,390.64182512290597,392.3612365722656,29727100,META
2024-02-02,456.7840522194359,482.9825308213264,450.2344325689633,472.0797424316406,84707600,META
2024-02-05,467.0010355247849,469.00864800314247,456.40634603561494,456.5951843261719,40832400,META
2024-02-06,461.15713190335873,464.25801121326106,450.22452748323605,451.9339904785156,21655200,META
2024-02-07,455.19387464845715,468.63102788936953,453.38501834758443,466.7128601074219,23066000,META
2024-02-08,465.45063137550386,467.706712266999,462.1807805672625,467.1203308105469,18815100,META
2024-02-09,470.0522852391146,470.6883482382959,464.6058498426156,465.2419128417969,18413100,META
2024-02-12,465.32145818718607,476.2142990829809,463.7213066930781,466.027099609375,19382000,META
2024-02-13,454.07078532038025,465.023285979823,452.3016924663456,457.3008728027344,20916600,META
2024-02-14,465.0629918187606,471.2051197614083,463.2342691140207,470.3802185058594,16858400,META
2024-02-15,472.36800252431715,485.62626594797376,469.3267532855638,481.06439208984375,24212300,META
2024-02-16,475.1806436421215,476.0254418261027,466.3351792976931,470.4200134277344,23324600,META
2024-02-20,466.84208841502834,473.262500350212,463.7014456806664,468.8596496582031,18015500,META
2024-02-21,464.13370687149865,466.6210257722033,459.4476065641492,465.65594482421875,12921800,META
2024-02-22,477.80398582727605,487.5045292150567,473.6451960516841,483.66412353515625,21625800,META
2024-02-23,485.57439655198465,491.8523871951448,479.90332752536756,481.5747985839844,18374300,META
2024-02-26,481.017652932628,483.67412301156696,478.1622155493116,479.2964172363281,12101400,META
2024-02-27,477.5453528283639,484.79835305648805,477.4856596023301,484.5794677734375,10809600,META
2024-02-28,482.5398592605076,488.5591587618415,480.30127228455683,481.5648193359375,12715500,META
2024-02-29,485.96246023565226,489.2059340669862,480.1620150754788,487.6438903808594,17732000,META
2024-03-01,489.61376145830917,501.6921959813033,489.3551009528809,499.7520751953125,16273600,META
2024-03-04,500.44859381709546,501.86140439982125,493.90198342459905,495.6629943847656,12324100,META
2024-03-05,492.4891202300566,493.0661648294916,485.4152001681584,487.7333679199219,15325300,META
2024-03-06,495.10583595100917,500.4187457934719,491.78278134674736,493.5736389160156,11757900,META
2024-03-07,500.727171245107,517.2130988283819,498.83681484016904,509.59197998046875,18586400,META
2024-03-08,511.5818302657337,520.9142561065056,496.81710817540096,503.3836364746094,18597100,META
2024-03-11,494.48896538561377,494.797390505851,473.585527250344,481.13702392578125,20428300,META
2024-03-12,490.757987104442,499.76206954507495,482.27125607404656,497.2150573730469,15448200,META
2024-03-13,492.87719473443923,498.43883633424133,488.53929464151,493.0562744140625,12090700,META
2024-03-14,497.7224674264116,498.8069348157495,485.68383796143,489.335205078125,12620000,META
2024-03-15,486.52953767894695,489.33521033308705,478.8586243010207,481.6444396972656,29153600,META
2024-03-18,489.4148466684914,494.8969075424508,484.3407097601577,494.4591369628906,11755300,META
2024-03-19,485.6937970756928,494.1108756754071,478.8387316590168,493.72283935546875,10903100,META
2024-03-20,496.9663269197439,505.62220902321786,492.6583038518146,502.9557800292969,11711100,META
2024-03-21,512.0991762768015,512.4274586427936,503.4432945285819,505.1844177246094,9712500,META
2024-03-22,504.42824808627324,507.3831840085087,501.78173726343124,506.9951477050781,8120600,META
2024-03-25,503.2244135674405,504.647152675605,497.7025474521958,500.46844482421875,8380600,META
2024-03-26,502.56775456874027,507.4130468442872,492.6980599842247,493.3746337890625,11205400,META
2024-03-27,496.7673278906444,497.3543618813131,485.59431061422856,491.35491943359375,9989700,META
2024-03-28,490.3400966676568,490.389861263491,482.6891012766324,483.1169128417969,15212800,META
2024-04-01,484.7287226859957,494.90681226209506,479.33620191436194,488.857666015625,9247000,META
2024-04-02,482.639297388817,495.00623792912904,482.1915679048235,494.8470458984375,11081000,META
2024-04-03,496.399204303205,504.66704996572884,496.2201246280004,504.1695861816406,12099200,META
2024-04-04,513.8005016929203,527.3116357014082,507.9901280675933,508.32843017578125,26476300,META
2024-04-05,514.2382184944101,528.0080419587476,511.80063394861423,524.6651000976562,19263300,META
2024-04-08,526.5953027550338,528.7940538594455,516.2579905449139,516.6161499023438,13260600,META
2024-04-09,519.5809963042401,523.2025471694348,504.1695782322722,514.278076171875,10863800,META
2024-04-10,506.7066917775848,519.9093702519839,503.2343737666547,517.1932373046875,11418500,META
2024-04-11,518.4667580208952,521.2028091898161,514.6661269282716,520.50634765625,10369500,META
2024-04-12,515.1237071238902,517.551332624631,506.7464043118623,509.3033752441406,11984500,META
2024-04-15,514.0989424271244,515.899819616972,494.7575784901864,497.692626953125,13512900,META
2024-04-16,495.58338175940787,502.2096033459289,494.5884541403407,497.22503662109375,9847900,META
2024-04-17,500.5480563274721,500.60774955143194,484.6690211358115,491.6633605957031,12193700,META
2024-04-18,497.2847319276467,509.611899753546,496.5086895960421,499.2546691894531,14808700,META
2024-04-19,500.2495788202588,500.2495788202588,473.31691210394206,478.62982177734375,25215400,META
2024-04-22,487.23593006211394,489.51432269556557,470.99870485706737,479.2864685058594,17271100,META
2024-04-23,488.7581525023829,496.2300680205951,486.48971893276087,493.58355712890625,15079200,META
2024-04-24,505.48290840251013,507.41307035405583,482.12199768384403,490.99676513671875,37772700,META
2024-04-25,419.2624796532268,443.5088601229877,412.39748536624825,439.1411437988281,82890700,META
2024-04-26,439.22076923161086,444.175520055094,429.7689561829421,441.04150390625,32691400,META
2024-04-29,437.3303364993651,437.52933414767426,426.3861338234795,430.425537109375,21502600,META
2024-04-30,428.8635479295789,437.3900851083995,427.540307525372,427.988037109375,18429500,META
2024-05-01,426.42594046188236,447.6775776809266,424.9434778127664,436.96221923828125,20344900,META
2024-05-02,436.6140150326607,441.7080393780206,430.08729254482085,439.4396057128906,15221300,META
2024-05-03,443.66806811017716,451.8662923791261,441.59863201175546,449.66748046875,16489100,META
2024-05-06,453.2690963997237,463.79544726576734,451.04046832253687,463.31787109375,15094600,META
2024-05-07,463.9248080419381,469.13821905027163,458.97005756789605,465.8648986816406,13406800,META
2024-05-08,461.1489121542549,473.167623409138,460.65144838709824,470.2027587890625,11683900,META
2024-05-09,467.6159630384394,473.6651093708879,465.2579895296734,473.00848388671875,9437700,META
2024-05-10,474.66995454443776,475.07787846057596,467.21795732928115,473.78448486328125,10750000,META
2024-05-13,470.3519941832654,470.9489567793747,460.50221761718694,465.63604736328125,14668800,META
2024-05-14,461.0195768787777,470.1430759291589,457.7462567171564,469.4565734863281,10478600,META
2024-05-15,472.5707200323795,480.05256461663254,468.8098949375625,479.0974426269531,13100500,META
2024-05-16,472.59060073060846,475.26695835113685,470.3520136745161,470.82958984375,16608200,META
2024-05-17,468.4417271071665,470.4017356039655,466.04397842016175,469.5162658691406,10807300,META
2024-05-20,467.56623845361594,470.79975315837737,464.67099548981895,466.46185302734375,11745100,META
2024-05-21,464.75058392897336,468.3124418035505,459.9251789104995,462.2732238769531,11742200,META
2024-05-22,465.4967664020138,471.31709887265345,463.2880259389991,465.4072265625,10078600,META
2024-05-23,470.48135015790984,471.95382351680644,459.19887525360787,463.4173583984375,11747900,META
2024-05-24,465.2480423085943,477.4160178618548,463.9347305814687,475.7942810058594,12024300,META
2024-05-28,474.1625416023168,478.4208301507775,472.43137744280517,477.4856262207031,10175800,META
2024-05-29,472.25235392944796,477.41603077380756,471.2972319033344,471.953857421875,9226200,META
2024-05-30,469.27746824973343,469.337161470834,462.3527509742922,464.6808776855469,10719600,META
2024-05-31,463.4372619237708,466.74042882850387,452.15478663226554,464.4620361328125,16919800,META
2024-06-03,468.4715578088158,477.16724498616594,465.8648525627034,475.06793212890625,11279400,META
2024-06-04,474.5804545973361,476.46088229346,470.8295885597358,474.57049560546875,7088700,META
2024-06-05,481.9926315804426,494.13072866283,481.45536223771506,492.5487976074219,15690500,META
2024-06-06,490.4793898618029,500.26947321709906,488.39999494562556,491.25543212890625,10667300,META
2024-06-07,493.39455175078575,496.3793345628318,487.68367701982754,490.4595031738281,9380700,META
2024-06-10,491.3549406030967,500.1103218903797,490.90724139106936,500.0506286621094,11220900,META
2024-06-11,497.6229562202623,505.02521946016685,495.7425286175577,504.8958740234375,9673700,META
2024-06-12,511.3828125691555,511.40273055275725,501.9111130225961,506.2589416503906,11983200,META
2024-06-13,503.1448180976174,506.7762976929087,498.81687705105156,501.5429992675781,9954600,META
2024-06-14,500.5968964653429,505.07851600467984,498.70466318287515,502.1007385253906,10243300,META
2024-06-17,499.6209366309658,508.6638358962324,493.9840513172991,504.5606689453125,11266600,META
2024-06-18,502.4990663843649,503.9331869763641,492.9980250606016,497.44976806640625,13060400,META
2024-06-20,499.9495498277159,501.61274198190324,494.7409011460252,499.6507873535156,11801200,META
2024-06-21,501.39363331842634,501.39363331842634,490.3788111395844,492.759033203125,22359200,META
2024-06-24,497.1609553094262,505.72580301253333,492.2710072895237,496.87213134765625,13525300,META
2024-06-25,495.01973252438273,508.6239404011888,493.47607582679717,508.514404296875,12063200,META
2024-06-26,504.58056511910564,511.71132350774616,502.61861043401234,511.0241394042969,8882300,META
2024-06-27,512.1494968088584,520.7442516133123,511.8009507315939,517.4378051757812,10121200,META
2024-06-28,515.0377018753278,519.7483625260749,501.7820392075852,502.1604919433594,15855100,META
2024-07-01,502.8874773919349,504.51079391224454,491.15559556880544,502.6185607910156,10328200,META
2024-07-02,498.7145936133174,508.4147996537468,497.40994690166343,507.41888427734375,7739500,META
2024-07-03,504.301681484094,509.1916297961415,503.95310501188067,507.87701416015625,6005600,META
2024-07-05,509.5103768781158,538.660812678847,509.5103768781158,537.7047119140625,21354100,META
2024-07-08,540.1347053371187,540.5928483145952,524.498881825066,527.157958984375,14917500,META
2024-07-09,531.5697651989055,535.2845096335096,526.0324788350121,527.8350830078125,8753200,META
2024-07-10,528.6218872621627,536.67886919734,526.2018202535905,532.5059814453125,10983300,META
2024-07-11,528.7215068195676,533.2728471951018,506.29347402250426,510.6058044433594,16458300,META
2024-07-12,495.72682396387097,506.01461594111294,492.21124406768536,496.832275390625,19750500,META
2024-07-15,496.59327393723055,504.6103803169491,491.35474949049694,494.13336181640625,12539200,META
2024-07-16,499.4515586806492,501.8915634973758,483.8057367083692,487.7893981933594,14075800,META
2024-07-17,477.212785084963,477.212785084963,457.24466351880915,460.1029357910156,28076600,META
2024-07-18,473.05983786081816,477.28250963514427,462.6425707834186,473.9063720703125,19267200,META
2024-07-19,474.11546961620206,484.72196225060975,473.7668931573778,474.8424987792969,15149400,META
2024-07-22,484.59252173187576,490.050149288016,481.92347564527324,485.4091796875,12023100,META
2024-07-23,487.8392053450212,493.1972351637483,485.7278695189637,486.69390869140625,9455500,META
2024-07-24,470.38080952061716,474.3545023201049,458.69871070425603,459.3858947753906,17649700,META
2024-07-25,461.3678180553445,461.65661166355443,440.8419840718712,451.55804443359375,18240500,META
2024-07-26,462.30391750274583,467.8511429021302,457.543443346744,463.79779052734375,14222400,META
2024-07-29,467.9607505216443,472.0240721327689,463.1205856922484,463.8077697753906,11339600,META
2024-07-30,465.0925004990839,470.79910678927354,454.83458384439035,461.2980651855469,11390400,META
2024-07-31,469.096097904299,474.5537256698259,464.8435497510834,472.8905334472656,24285800,META
2024-08-01,518.8719424787724,525.0167237026757,490.0899924390536,495.7069396972656,43083100,META
2024-08-02,487.00259074937424,499.1029557906359,474.205072827989,486.1461181640625,24044700,META
2024-08-05,449.5064128870718,481.50517891257795,448.95864119226115,473.7868347167969,21396200,META
2024-08-06,477.043478577752,500.5072430675952,476.69490210772165,492.07183837890625,20955000,META
2024-08-07,501.0749230408442,508.0662382489136,484.8713599351357,486.9229736328125,20105300,META
2024-08-08,495.4678819005727,507.8769785332296,492.6992384696895,507.54833984375,16156800,META
2024-08-09,505.63615433597346,516.2227693539376,503.63438522687085,515.6550903320312,13696600,META
2024-08-12,514.7487855060338,515.9040813348131,507.0205031729234,513.842529296875,9767400,META
2024-08-13,517.8859767641638,529.3290349818739,516.0335887091818,526.381103515625,13743800,META
2024-08-14,525.9031374678709,531.8188779802086,520.9932813381243,524.6084594726562,11444200,META
2024-08-15,529.6178435326066,537.5652899818178,524.5486680445534,535.13525390625,13482100,META
2024-08-16,529.7274283852108,531.4801884383957,522.5169497908345,525.2656860351562,14776700,META
2024-08-19,524.7179130055974,529.4883256256812,520.6247155258743,527.1181030273438,9879700,META
2024-08-20,526.1918080486533,528.9206669457542,523.7319265114901,524.5784301757812,7944400,META
2024-08-21,524.9967686230285,537.1967309065938,524.777635650929,532.9739990234375,13423300,META
2024-08-22,534.8065614773186,542.0070102557922,526.4309398394353,529.7572631835938,15708300,META
2024-08-23,534.7268709591801,537.664833499161,522.9153290935016,525.8433227539062,11323900,META
2024-08-26,525.4449677505722,525.8433582454032,512.8466737641226,518.991455078125,9584000,META
2024-08-27,516.8601703042615,521.8696540933472,513.2051776969478,516.9796752929688,6282700,META
2024-08-28,515.5555079616431,518.961582394556,510.35685875222663,514.669189453125,9106100,META
2024-08-29,516.9298983217682,525.0466334932593,513.5736681430914,516.103271484375,8317400,META
2024-08-30,519.2205398361449,521.4015972891378,513.0956957676677,519.1807250976562,9157500,META
2024-09-03,517.5174959939684,523.3435768028307,506.54248877194846,509.669677734375,12459100,META
2024-09-04,504.00295171986,514.4800019681742,502.0111207698904,510.64569091796875,8335200,META
2024-09-05,509.6298507687644,519.4993764378627,509.0621716729977,514.7488403320312,8640900,META
2024-09-06,519.7483409096818,522.4373246835581,496.2148548235703,498.2265930175781,14744500,META
2024-09-09,504.0925180654504,509.2413834137203,500.0291664104619,502.7281188964844,11047800,META
2024-09-10,506.08434876885764,512.0797482446605,497.9875520966394,502.7281188964844,9899000,META
2024-09-11,504.9390906209022,511.0241192943029,493.57569194601217,509.7393798828125,10782500,META
2024-09-12,514.9380602419546,524.558637323084,513.1155179874306,523.453125,11970500,META
2024-09-13,518.2146862172555,525.4251045473541,514.997837891112,522.4771728515625,10321400,META
2024-09-16,522.8958039523781,532.4258356345829,515.7782305715274,531.6084594726562,9527600,META
2024-09-17,535.9148722257875,540.4007670072886,528.9069393503737,534.638916015625,11690800,META
2024-09-18,535.3865474606228,542.4942031582568,532.2265009440925,536.2637939453125,10323500,META
2024-09-19,548.2760214901399,560.3081952993754,544.8069490423769,557.3474731445312,15647000,META
2024-09-20,558.2447708302934,562.7306663101798,554.5563557113944,559.5905151367188,22066800,META
2024-09-23,567.7148800735523,572.1808178690717,560.6470771833491,562.6408081054688,12830700,META
2024-09-24,564.9038065697415,565.9704600925783,552.4529646155346,561.5643310546875,12993000,META
2024-09-25,562.2819687561209,575.0717700584479,561.9529861073905,566.5286254882812,16543400,META
2024-09-26,573.9253420066469,575.5901511619721,560.5872770475031,566.0601196289062,14400800,META
2024-09-27,568.3129444501513,569.0506759604872,562.7405008950496,565.58154296875,9398400,META
2024-09-30,565.9205581692032,572.8786599094663,563.0296238732356,570.6456909179688,12792300,META
2024-10-01,576.1683015405835,581.212438530882,568.3129965423386,574.6630249023438,15259300,META
2024-10-02,573.0580884796676,574.1945297556643,567.5554322766549,571.0145263671875,6524700,META
2024-10-03,568.3628612159356,581.5314148833746,566.9472684679748,580.9432983398438,11581000,META
2024-10-04,581.9002719694098,594.9791423073664,579.6074935152689,594.072021484375,14169500,META
2024-10-07,596.3448974918161,601.060113054519,582.2093508822063,582.9470825195312,12014200,META
2024-10-08,587.8416343595179,591.6994990769665,584.1332629646378,591.0316162109375,7857400,META
2024-10-09,592.1281300958634,592.5269006344007,579.7869303073873,588.6590576171875,9529700,META
2024-10-10,585.7282672228058,588.3799026728532,580.6941086330197,582.0,7740400,META
2024-10-11,582.9969439506241,589.3569515432206,580.8835936806419,588.1008911132812,8587100,META
2024-10-14,592.3574128261823,598.218987077325,588.1108167285003,588.5693359375,8252000,META
2024-10-15,588.3100722725044,588.758673882389,578.3215220907713,584.4323120117188,9564200,META
2024-10-16,579.5775905437882,580.2554517410146,572.2306971262245,574.9819946289062,11268400,META
2024-10-17,581.5014835949463,583.1362965330966,573.3969634048573,575.1215209960938,8701200,META
2024-10-18,579.2785170294087,582.1395161435279,573.4468781988217,574.6630249023438,7694300,META
2024-10-21,574.2245067615513,575.4306751680575,567.3261531703059,573.357177734375,8171900,META
2024-10-22,572.4898360503465,581.7009238958302,570.3266550651331,580.1856689453125,8544500,META
2024-10-23,578.1520966123301,583.1663596447489,560.736884273797,561.9231567382812,14248400,META
2024-10-24,565.352379248696,567.0968940075117,559.7599779672446,566.0003662109375,7184700,META
2024-10-25,572.1310473191611,579.4679632865792,569.9279525132612,571.4531860351562,11337900,META
2024-10-28,580.1757074872899,581.9202220716588,572.3204026627383,576.3477172851562,10925100,META
2024-10-29,578.331560895051,591.8091414711773,573.5964496330529,591.42041015625,13019100,META
2024-10-30,599.0961635884153,599.3155056206892,587.5325489970706,589.9449462890625,26864900,META
2024-10-31,583.166345152626,588.0510106717841,561.245281503186,565.8009643554688,26838400,META
2024-11-01,565.830742702226,571.8717444602006,560.7965847112193,565.3821411132812,15303200,META
2024-11-04,562.3317479843915,566.9073869431594,556.1412527884435,558.9224853515625,12064600,META
2024-11-05,565.5217565361041,571.6823777040769,564.8937264362966,570.6356811523438,9775400,META
2024-11-06,560.9860599935962,571.2039313662027,553.4298024690905,570.2568969726562,18305400,META
2024-11-07,575.0817610826855,592.9355956705097,573.40703432011,589.8453369140625,14653700,META
2024-11-08,589.6857922274284,591.2408999638149,582.6878378356098,587.4927368164062,9415700,META
2024-11-11,584.5220444185395,585.160052945909,574.7029435064729,581.342041015625,10209100,META
2024-11-12,586.6951263993742,597.780264511327,578.5607317037197,582.98681640625,16287700,META
2024-11-13,580.7838112641768,583.8043430221749,573.3671292944587,578.1820068359375,10757600,META
2024-11-14,575.1914193973914,578.939643581166,571.213935608324,575.3508911132812,11053700,META
2024-11-15,569.4294274853681,570.775232288529,549.7712709022105,552.3432006835938,17712900,META
2024-11-18,555.2939099997465,558.144991436461,548.3657437769115,552.6622314453125,14327300,META
2024-11-19,550.1301887468238,559.670199030822,548.8741284623578,559.331298828125,9522400,META
2024-11-20,561.1655279262712,564.574791138832,552.4629109716374,563.7474365234375,9797300,META
2024-11-21,567.7348499684634,568.2133259307972,547.3289818703621,561.3250122070312,11154700,META
2024-11-22,561.7835402193574,562.0626917643333,552.8516642815921,557.3873901367188,9164000,META
2024-11-25,560.3380482903169,570.7952180290404,554.6459854785412,563.338623046875,13599800,META
2024-11-26,564.2258439211572,575.6897965803327,563.4283637310257,571.7421875,10356600,META
2024-11-27,573.0879994258706,573.1776832448027,562.3317821625797,567.4158325195312,7200200,META
2024-11-29,567.2164438690074,576.6468129766572,565.1230507511389,572.519775390625,7130500,META
2024-12-02,575.6898363387268,592.6365501357109,573.7658931912714,590.9718017578125,12522400,META
2024-12-03,593.1349958553983,612.2748263778202,589.3967500832003,611.7265625,14907200,META
2024-12-04,611.0387031196573,615.8436021650134,603.2032939927384,611.8561401367188,14697000,META
2024-12-05,615.1458412795223,617.9570095718483,605.1472501098035,607.0213623046875,8081200,META
2024-12-06,608.1876239914793,627.8159083390149,606.6225986816157,621.8148193359375,16935500,META
2024-12-09,621.9643234320006,624.4365913162021,604.269960303215,611.6467895507812,11426000,META
2024-12-10,615.6242910640193,623.6291506932943,610.8193917771058,617.3787841796875,10938900,META
2024-12-11,621.4160232851857,636.398940507193,619.5818248925854,630.6968383789062,10837200,META
2024-12-12,629.5206016277139,634.664401150007,625.2440702757849,628.8128051757812,7474700,META
2024-12-13,625.2539790166715,629.1019262683816,614.9564017264901,618.405517578125,8453300,META
2024-12-16,628.5118922373878,629.6792095440776,617.1384950234287,622.7852783203125,10885600,META
2024-12-17,624.7107568886487,630.8963205922495,615.103193761423,617.9964599609375,12897800,META
2024-12-18,619.552788270997,625.8979519713565,594.9303111747199,595.7982788085938,17075500,META
2024-12-19,608.9675380752294,610.0949095508189,593.6133889140597,594.1820678710938,14958100,META
2024-12-20,589.2037657797782,601.7045349749246,578.6484037103535,583.8861694335938,48989400,META
2024-12-23,588.2259739647594,599.6892488609435,584.8838051496438,598.4520874023438,10205800,META
2024-12-24,601.3154325798087,606.5731712116326,597.8835073818841,606.333740234375,4726100,META
2024-12-26,604.069010990469,604.8871074252385,597.5442732843297,601.9439697265625,6081400,META
2024-12-27,598.0130782329492,600.4473943709115,588.4254884707819,598.4121704101562,8084200,META
2024-12-30,587.3779342019037,595.5488500662633,584.2153388503573,589.8621215820312,7025900,META
2024-12-31,590.8897637116248,592.5857532318533,582.4893422598942,584.1455078125,6019500,META
2025-01-02,588.3457320934158,603.5003369073487,586.4501962447986,597.8435668945312,12682300,META
2025-01-03,603.3506491790696,608.0795931218428,595.0200718679831,603.220947265625,11436800,META
2025-01-06,610.4041988830613,629.5195213275813,604.2086488423892,628.7313842773438,14560800,META
2025-01-07,630.2278877474329,630.6269190448738,606.8125509705602,616.4500732421875,12071500,META
2025-01-08,611.9705610612136,615.0034547439036,601.3852402562982,609.2967529296875,10085800,META
2025-01-10,608.6083741209461,628.4419884049565,595.9479453181921,614.4247436523438,19256600,META
2025-01-13,605.6851176115495,607.5507546697517,597.0553131358831,606.9122924804688,10785000,META
2025-01-14,603.659903819051,604.0789079674663,587.1783838616758,592.8651123046875,13598000,META
2025-01-15,608.7880143304319,621.0094674482275,605.0866380361617,615.681884765625,15524300,META
2025-01-16,610.0749733489131,614.8139040494975,608.2891666484603,609.8754272460938,8355300,META
2025-01-17,622.595660662352,623.513499583834,602.2631506831576,611.3419799804688,17280600,META
2025-01-21,616.3902400115962,620.0516704767022,607.5907866326766,615.0234375,11674000,META
2025-01-22,621.8474509712569,632.2232391929498,617.9864744815644,622.0469970703125,12274000,META
2025-01-23,625.897953878345,635.1164107716554,619.7024649482253,634.966796875,9910200,META
2025-01-24,634.916957345469,650.4805787372286,632.7220720484465,645.9810791015625,19065300,META
2025-01-27,625.1497368617698,662.3229161040041,623.6432460146609,658.3422241210938,28399200,META
2025-01-28,664.4479402705756,680.9893189567582,657.933128684667,672.758544921875,20950100,META
2025-01-29,673.4269342882086,679.4628227799124,664.1186605020307,674.9134521484375,21377800,META
2025-01-30,695.1961091898404,709.1335236960656,674.5243642695758,685.3989868164062,29322900,META
2025-01-31,689.3896795162744,703.656342326233,683.9823274447602,687.5739135742188,19303900,META
2025-02-03,674.3348273334816,702.35939297386,673.6763921954532,695.8346557617188,21415700,META
2025-02-04,700.8628861544697,706.0607666337353,689.9982497177888,702.5489501953125,13826300,META
2025-02-05,701.9104247968392,716.466450844178,697.3810267994947,703.2273559570312,17778200,META
2025-02-06,704.2350030352095,717.2246803609337,701.860544580122,710.3307495117188,13080700,META
2025-02-07,715.1295132827424,723.3204021183071,710.091294290037,712.8548583984375,16427100,META
2025-02-10,716.885419282827,719.5192814719111,709.6722880239806,715.7281494140625,12904300,META
2025-02-11,711.6576791372714,721.9735485962613,708.3852936539699,718.12255859375,12998000,META
2025-02-12,713.6330486346045,725.4055376689322,710.9393285513713,723.6895751953125,12016500,META
2025-02-13,719.8386103490428,727.3011596897542,716.3666786322259,726.8621826171875,12569100,META
2025-02-14,724.447817848227,739.1833564308025,723.9290101705715,734.9532470703125,16901200,META
2025-02-18,734.2848205070356,735.2824901001159,704.7937097713013,714.7005615234375,21938700,META
2025-02-19,702.4591309680515,705.3523971238884,693.7694678476539,702.1299438476562,17535500,META
2025-02-20,695.65501914406,703.9855351233361,692.0234875447729,693.220703125,12587400,META
2025-02-21,694.9566329458727,702.2296216332279,680.769741081668,681.9569702148438,15660400,META
2025-02-24,684.6807257344343,685.6684089004975,660.9062419977378,666.572998046875,15677000,META
2025-02-25,664.417944046821,666.4432424102899,640.3641464238272,655.9677124023438,20579700,META
2025-02-26,658.1127595320887,681.4183061907152,656.466580376106,672.1300048828125,14488700,META
2025-02-27,680.8596586153011,687.0452225675066,656.0376330781108,656.7060546875,12500000,META
2025-02-28,656.5065253896072,668.0695436166545,641.1025033038951,666.6428833007812,17534200,META
2025-03-03,672.1100263993885,679.6623923265935,649.3232875955849,653.5234375,10843800,META
2025-03-04,644.0057757293107,648.2358855009079,622.196730771393,638.5086059570312,21495200,META
2025-03-05,639.5061456334763,657.963031271884,636.1739027307414,654.9400634765625,13770000,META
2025-03-06,646.4899113093355,649.0439430911371,622.6555695635839,626.4666748046875,13446500,META
2025-03-07,623.9126020486227,633.3106321661818,599.2102942304716,624.201904296875,21375700,META
2025-03-10,606.65296218488,608.6881862514739,585.502354444259,596.596435546875,21999900,META
2025-03-11,593.6632101532847,613.4968842289148,591.9472478813183,604.2984008789062,17401500,META
2025-03-12,628.4320799413626,631.8540792235979,607.9299217775047,618.1161499023438,15747000,META
2025-03-13,618.8045942687469,619.0540116787705,585.1432303548188,589.2636108398438,16480300,META
2025-03-14,601.9302652875026,607.9815194546456,593.921878023224,606.7233276367188,12364500,META
2025-03-17,606.5835254495906,612.2153412438328,597.1371532251766,604.0272216796875,15473900,META
2025-03-18,599.1841923852631,599.383916000254,573.8308122814993,581.5197143554688,20297700,META
2025-03-19,583.437060479347,591.465438844832,573.9407712608652,583.2173461914062,20537500,META
2025-03-20,581.9191646208485,609.3195747902407,578.6738539383629,585.1544799804688,24336500,META
2025-03-21,582.5782039839329,596.6778262742098,580.1117970416443,595.3897094726562,25015900,META
2025-03-24,614.0826855144928,621.6417707519487,611.3167235438618,617.9570922851562,15741300,META
2025-03-25,625.8557350102046,632.9654575641416,620.2837686391537,625.4063720703125,15312500,META
2025-03-26,623.9884142880119,625.8457160257799,605.7347596820686,610.0984497070312,12609800,META
2025-03-27,601.1314520660113,613.363778125494,599.2341689514162,601.7106323242188,10436500,META
2025-03-28,599.4438996182243,600.8818244944498,573.0919591938149,575.9078979492188,17602800,META
2025-03-31,562.6870107661883,577.86509316616,552.5017146196878,575.5284423828125,21124700,META
2025-04-01,570.01638065981,589.0588115540622,569.1775658513092,585.1544799804688,12836600,META
2025-04-02,574.080458474082,591.8048477070258,572.5327070966798,583.0874633789062,13470800,META
2025-04-03,545.4318768443412,551.7627562198618,529.5348635095143,530.8529663085938,34777500,META
2025-04-04,505.8890578513282,517.2526439789896,493.48699414775257,504.0018005371094,38589800,META
2025-04-07,484.40007792998455,538.5917633076846,481.2046828713169,515.505126953125,36606100,META
2025-04-08,542.466195243981,546.6401569981987,502.1344555804991,509.7135314941406,28034200,META
2025-04-09,508.5352100791647,587.0418020934284,501.38553692930896,584.9248657226562,39216600,META
2025-04-10,574.6596513356885,580.4612660082963,534.527636562064,545.5017700195312,28173500,META
2025-04-11,534.7373375498549,546.6101964331407,527.8273392869149,542.7857055664062,17642300,META
2025-04-14,555.3675771162375,556.9653053088027,527.5178613098482,530.7131958007812,14130900,META
2025-04-15,531.3422648985347,537.163870525552,516.7533586187461,520.767578125,15558700,META
2025-04-16,507.7763329602169,512.629306338645,494.91491131205976,501.58526611328125,18735100,META
2025-04-17,504.52105010273243,506.56808027394743,497.2915053708563,500.7565002441406,14593500,META
2025-04-21,490.62108316605304,492.78796564319924,479.1077201623686,483.9607238769531,16166000,META
2025-04-22,491.16032727526476,506.1486806655398,485.6582673272301,499.5581970214844,17399400,META
2025-04-23,527.7675019625894,534.5676745178778,515.774819425738,519.5194091796875,18173900,META
2025-04-24,517.981559558718,533.1297162437559,516.7533536993726,532.3807983398438,13910000,META
2025-04-25,546.0110541474862,549.0666366821536,535.4762880818677,546.4804077148438,17098900,META
2025-04-28,554.8383503772915,557.6842140858612,539.8100763507483,548.9468383789062,15179000,META
2025-04-29,545.2122501842537,555.767007469421,543.3349577071189,553.6400756835938,11835000,META
2025-04-30,537.623204130374,548.3077170802433,528.7360209480661,548.2078857421875,29244000,META
2025-05-01,591.225787939469,592.0945278628172,569.6769056272426,571.3844604492188,31159000,META
2025-05-02,582.6181973740332,603.4680762823698,577.4955941368156,596.1586303710938,24739300,META
2025-05-05,590.3669612530514,602.3397133318473,587.2015519796344,598.4053955078125,13887700,META
2025-05-06,591.6751469367607,595.1700972546984,585.7337192068476,586.462646484375,10600700,META
2025-05-07,589.5082075152634,602.2098866527917,585.8235290496914,595.9489135742188,13139100,META
2025-05-08,605.4152389401659,610.4180203966848,595.7592076246763,597.147216796875,14622800,META
2025-05-09,602.8489716185445,606.0942827774223,590.8563498854548,591.6351928710938,10427300,META
2025-05-12,630.0097144566752,639.4660831768585,620.1340297095329,638.5074462890625,21965100,META
2025-05-13,644.608580079292,659.966394384485,641.9025291274511,655.08349609375,18570800,META
2025-05-14,660.2560588804812,661.7139134541873,653.3659895009877,658.40869140625,12348200,META
2025-05-15,653.3360696287351,656.3616664169153,637.6587085460682,642.9510498046875,14341800,META
2025-05-16,637.039566707962,639.515969035449,625.2466087350075,639.4161376953125,18519000,META
2025-05-19,627.3435620408461,642.0722807676308,626.89419911061,639.5059814453125,9592400,META
2025-05-20,635.0923928837207,638.427539897765,631.3478032754666,636.1807861328125,6743500,META
2025-05-21,630.878399880071,645.6770241572503,629.2607421727805,634.5830688476562,11464600,META
2025-05-22,633.1351667006269,642.321904930245,629.8000198555354,635.6515502929688,8228400,META
2025-05-23,623.0996301156218,631.5374497961886,621.7516024100725,626.1552124023438,8454100,META
2025-05-27,634.4931853284312,642.1521627133571,631.8370500697896,641.3932495117188,9508400,META
2025-05-28,641.6728007707804,649.9408832345952,641.6228851026552,642.6514282226562,9042900,META
2025-05-29,650.7098379625838,652.3774114577973,638.5773433389169,644.1193237304688,8858800,META
2025-05-30,641.5729954990708,648.4729988751875,631.8670488528962,646.5557861328125,16241000,META
2025-06-02,643.4603060358205,672.2886482991516,643.3304887205626,669.9320678710938,15766300,META
2025-06-03,670.481278340603,674.6053246627993,664.0705578546837,665.8878784179688,11585000,META
2025-06-04,668.3543324273711,688.0059313980648,667.6054145049494,686.9574584960938,14031900,META
2025-06-05,690.6620226565076,693.3781298406639,681.2656265406558,683.6322021484375,13083100,META
2025-06-06,695.1655520394484,701.7959865050877,690.8717682492216,696.703369140625,11728000,META
2025-06-09,697.4522697198046,704.1725400365549,692.9387717641956,693.05859375,12773200,META
2025-06-10,700.3380628694553,702.2153552678959,690.5622098918083,701.3865966796875,10850100,META
2025-06-11,702.6946882022667,707.8472163839234,690.9915664747034,693.1384887695312,9582500,META
2025-06-12,692.2997081453341,694.3767242272471,686.0088098513999,692.359619140625,7322700,META
2025-06-13,686.9574533802801,693.5678973171928,680.0274638185289,681.884765625,9274400,META
2025-06-16,698.8583271202571,706.6730599404123,693.042245323344,701.6464233398438,13720300,META
2025-06-17,701.5265067822095,705.4937997727949,695.5905108235235,696.7597045898438,10066100,META
2025-06-18,697.7090678240436,701.1168019237268,694.4313119124115,695.3007202148438,10068300,META
2025-06-20,700.2773225024961,701.3466080737581,678.2121990654855,681.8897094726562,22538600,META
2025-06-23,683.2288810707365,698.578506730811,678.2922104620159,698.0588989257812,11080100,META
2025-06-24,704.4145982313105,712.7089880581048,701.6364439383941,711.7196655273438,13823200,META
2025-06-25,712.8389115768144,716.0967226422507,704.9042642374237,708.2020263671875,9320400,META
2025-06-26,713.8781511444844,727.7287879670295,710.5703861718163,725.6002807617188,13964800,META
2025-06-27,726.0300029969949,734.933966624867,725.3704139910845,733.1351928710938,18775700,META
2025-06-30,744.0478281561813,747.3956053545359,733.7547871608941,737.5922241210938,15402100,META
2025-07-01,736.3829859262192,737.2523942395003,714.8874844693272,718.73486328125,13431200,META
2025-07-02,714.8475066710681,719.814124987759,712.3191839508311,713.0886840820312,9336700,META
2025-07-03,726.1198736779997,728.5382852595793,713.9380936153356,718.5250244140625,8601700,META
2025-07-07,717.1159843593155,726.5096688493239,713.0287770502092,717.865478515625,9457100,META
2025-07-08,721.0833162832664,722.4223783113574,714.3278660699458,720.1838989257812,7770700,META
2025-07-09,722.2324935525554,737.0325627099321,722.2324935525554,732.2857666015625,11418000,META
2025-07-10,731.0565410529589,735.3036743334181,719.1145893949879,726.7494506835938,9913600,META
2025-07-11,722.0126865863356,724.6708656262394,709.2213321577215,717.0260620117188,10873900,META
2025-07-14,717.1159478712506,727.5089573741911,716.0666683046045,720.4337158203125,8939400,META
2025-07-15,723.4117865461602,723.9813484321952,709.3412657918492,709.910888671875,11529500,META
2025-07-16,712.8888186148534,713.4883895101593,698.7983536292803,702.4358520507812,13067600,META
2025-07-17,703.9149211888315,705.4239124906103,696.6398020897627,700.9368896484375,11803300,META
2025-07-18,701.7163755426589,704.2346953216606,691.1835067266235,703.8049926757812,12779800,META
2025-07-21,706.323253430884,716.5163857618587,705.283976865439,712.4890747070312,9404400,META
2025-07-22,715.7069236590216,716.1166202717292,700.936863669917,704.3345947265625,8921100,META
2025-07-23,705.8935351714335,714.1479734039639,704.4545040389586,713.0986938476562,8771600,META
2025-07-24,716.5663535187755,723.1319295191287,713.518422874761,714.31787109375,10920800,META
2025-07-25,716.4364100852231,720.1639356225638,711.4198376232321,712.1992797851562,8271700,META
2025-07-28,714.7176423374738,724.2511860836681,712.199322444747,717.14599609375,8715700,META
2025-07-29,719.5143415178571,723.9812971110003,699.4378659012062,699.52783203125,13267000,META
2025-07-30,707.6124059283386,708.0221025377599,690.7337839335887,694.7410888671875,27077300,META
2025-07-31,774.6771576404832,784.2207041864842,764.9936908827026,772.9183349609375,38831100,META
2025-08-01,760.2168907933417,765.4833558536491,744.8073082016023,749.504150390625,19028700,META
2025-08-04,759.4874200926632,776.3260312589632,757.898465626429,775.8463745117188,15801700,META
2025-08-05,775.9262968482556,782.6017838704779,762.485356671436,762.945068359375,11640300,META
2025-08-06,769.4806512883487,773.1182108239055,759.9471077743785,771.4692993164062,9733900,META
2025-08-07,772.9682705923176,774.4772618550992,759.037670694158,761.316162109375,9019700,META
2025-08-08,762.2355578226991,769.3807598518028,758.0683873872562,768.7811279296875,7320800,META
2025-08-11,769.5606371158788,772.9383623565644,764.1542517302764,765.3534545898438,7612000,META
2025-08-12,772.4786291967464,793.13467067664,771.9090063294184,789.4671630859375,14563100,META
2025-08-13,790.6164352280034,794.9235259193555,777.7051051745191,779.5538940429688,8811800,META
2025-08-14,777.3553445445746,787.2786396920953,771.9889713529242,781.6024780273438,8116200,META
2025-08-15,783.621150744718,795.7129654452535,780.293379600551,784.7003784179688,13375400,META
2025-08-18,774.5672416992095,775.2867267942328,756.0497105947067,766.8524169921875,16513700,META
2025-08-19,766.6026107662994,766.6525648449835,748.854579245516,750.97314453125,12286700,META
2025-08-20,747.0657749776972,749.6940059349637,730.506944043105,747.2156372070312,11898200,META
2025-08-21,744.2077027473434,744.9971479214436,732.6154905427838,738.6014404296875,8876300,META
2025-08-22,738.7313812096488,756.389506981927,733.8946798718869,754.2808837890625,10612700,META
2025-08-25,754.3108643612958,758.3681233608074,749.6240254313439,752.7918701171875,6861200,META
2025-08-26,750.2936075268326,754.3608698171868,747.4355511046348,753.5913696289062,7601800,META
2025-08-27,751.7925800305345,753.6413688476172,742.338999603057,746.8759155273438,8315400,META
2025-08-28,743.4982035863915,752.5420875468095,740.3003496517379,750.6033935546875,7468000,META
2025-08-29,744.7773613013366,746.6360921511391,734.8540051000575,738.2017822265625,9070500,META
2025-09-02,725.5502463590637,735.5035500540433,721.2431559989143,734.6141357421875,9350900,META
2025-09-03,735.5035768564753,739.7507102826166,733.4949228182503,736.5528564453125,7699300,META
2025-09-04,748.0651174458885,760.6465916805791,745.3169722452417,748.1450805664062,11439100,META
2025-09-05,752.1123731440612,757.4387952805295,744.5275265518461,751.9425048828125,9663400,META
2025-09-08,755.4900579545978,765.992978439962,751.5127620882034,751.7925415039062,13087800,META
2025-09-09,756.9790485610613,765.7831036056251,752.9217895494754,765.1835327148438,10999000,META
2025-09-10,764.6139331888977,765.1835560495044,750.4934588375091,751.4727783203125,12478300,META
2025-09-11,754.1410253741255,756.5893240941964,747.8652318538085,750.3935546875,7923300,META
2025-09-12,748.2249639979328,757.0590282777322,743.2583455274284,755.0803833007812,8248600,META
2025-09-15,756.9590394303372,773.547878937133,751.4827553370264,764.1842041015625,10533800,META
2025-09-16,766.4826425887807,780.8329418323293,764.583899780601,778.4745483398438,11782500,META
2025-09-17,779.4639169106475,782.7616789884555,765.7931508650867,775.19677734375,9400900,META
2025-09-18,780.223417654285,788.2480310412486,772.8383872533639,779.7237548828125,10955000,META
2025-09-19,785.8895354575697,790.2665859871321,768.6711767678263,777.85498046875,23696800,META
2025-09-22,781.8499755859375,785.72998046875,764.469970703125,765.1599731445312,11706900,META
2025-09-23,769.25,770.5999755859375,751.0700073242188,755.4000244140625,10872600,META
2025-09-24,757.5,761.1099853515625,752.530029296875,760.6599731445312,8828200,META
2025-09-25,753.4500122070312,756.77001953125,744.5499877929688,748.9099731445312,10591100,META
2025-09-26,750.0,751.9299926757812,737.3499755859375,743.75,9696300,META
2025-09-29,748.719970703125,750.780029296875,739.1500244140625,743.4000244140625,9246800,META
2025-09-30,742.25,742.969970703125,726.2999877929688,734.3800048828125,16226800,META
2025-10-01,721.489990234375,721.8499755859375,710.2000122070312,717.3400268554688,20419600,META
2025-10-02,722.5800170898438,727.77001953125,718.1400146484375,727.0499877929688,11415300,META
2025-10-03,729.6300048828125,731.0,710.1799926757812,710.5599975585938,16154300,META
2025-10-06,705.1900024414062,716.8800048828125,690.510009765625,715.6599731445312,21654700,META
2025-10-07,717.719970703125,718.5,705.75,713.0800170898438,12062900,META
2025-10-08,713.4500122070312,719.6500244140625,707.8099975585938,717.8400268554688,10790600,META
2025-10-09,718.280029296875,733.510009765625,712.4400024414062,733.510009765625,12717200,META
2025-10-10,730.9199829101562,735.27001953125,704.510009765625,705.2999877929688,16980100,META
2025-10-13,713.010009765625,719.9400024414062,707.6400146484375,715.7000122070312,9251800,META
2025-10-14,707.780029296875,715.5499877929688,699.3300170898438,708.6500244140625,8829800,META
2025-10-15,717.0599975585938,723.9000244140625,709.510009765625,717.5499877929688,10246800,META
2025-10-16,717.5499877929688,725.489990234375,703.8800048828125,712.0700073242188,9017000,META
2025-10-17,707.0800170898438,718.5399780273438,706.1199951171875,716.9199829101562,12232400,META
2025-10-20,721.1900024414062,733.77001953125,720.1799926757812,732.1699829101562,8900200,META
2025-10-21,736.02001953125,738.5,728.75,733.27001953125,7647300,META
2025-10-22,733.8300170898438,740.5999755859375,724.030029296875,733.4099731445312,8734500,META
2025-10-23,734.7000122070312,742.4099731445312,733.0999755859375,734.0,9856000,META
2025-10-24,736.7899780273438,741.2100219726562,731.1500244140625,738.3599853515625,9151300,META
2025-10-27,749.72998046875,755.75,748.010009765625,750.8200073242188,11321100,META
2025-10-28,752.6300048828125,758.4000244140625,745.52001953125,751.4400024414062,12193800,META
2025-10-29,754.75,759.1599731445312,742.510009765625,751.6699829101562,26818600,META
2025-10-30,669.1500244140625,680.9600219726562,650.1699829101562,666.469970703125,88440100,META
2025-10-31,674.510009765625,674.8900146484375,645.5700073242188,648.3499755859375,56953200,META
2025-11-03,656.0,659.3300170898438,636.1799926757812,637.7100219726562,33003600,META
2025-11-04,628.0399780273438,641.739990234375,626.010009765625,627.3200073242188,27356600,META
2025-11-05,632.3099975585938,642.22998046875,626.5399780273438,635.9500122070312,20219900,META
2025-11-06,635.8499755859375,636.0,618.0,618.9400024414062,23628800,META
2025-11-07,616.489990234375,622.1300048828125,601.2000122070312,621.7100219726562,29946800,META
2025-11-10,631.0900268554688,635.0,618.1099853515625,631.760009765625,19245000,META
2025-11-11,628.0,629.5599975585938,619.3900146484375,627.0800170898438,13302200,META
2025-11-12,628.1300048828125,628.989990234375,607.77001953125,609.010009765625,24493300,META
2025-11-13,613.0700073242188,617.6500244140625,603.0,609.8900146484375,20973800,META
2025-11-14,601.7899780273438,613.6799926757812,595.2000122070312,609.4600219726562,20724100,META
2025-11-17,609.0399780273438,611.6900024414062,595.4000244140625,602.010009765625,16501300,META
2025-11-18,591.5999755859375,603.6599731445312,583.780029296875,597.6900024414062,25500600,META
2025-11-19,593.719970703125,595.3300170898438,581.25,590.3200073242188,24744700,META
2025-11-20,603.5,606.719970703125,583.3499755859375,589.1500244140625,20509700,META
