date,Open,High,Low,Close,Volume,symbol,daily_return,price_change,volatility_5,volatility_10,volatility_20,MA_5,price_vs_MA_5,MA_10,price_vs_MA_10,MA_20,price_vs_MA_20,MA_50,price_vs_MA_50,RSI_14,volume_MA_5,volume_ratio,price_range,momentum_5,momentum_10,target_3_days,target_7_days,target_direction_3d,target_direction_7d,trend_5,trend_20,resistance_20,support_20,distance_to_resistance,distance_to_support
2024-02-01,155.8699951171875,159.75999450683594,155.6199951171875,159.27999877929688,76542400,AMZN,0.026288672108771616,4.0800018310546875,0.020572411437333224,0.01434846135520562,0.01459513221124623,158.7719970703125,0.0031995674196843016,157.46199798583984,0.011545647944976034,154.33999938964843,0.03200725287795847,151.04659973144533,0.05450899962323019,58.443186702966045,53670400.0,1.4261566897209634,0.02599196020452602,0.00969888291154919,0.03765471517457253,0.061966318387933095,0.08199395817857891,1,1,1,1,161.72999572753906,144.0500030517578,0.01538169868796255,0.09561775391926139
2024-02-02,169.19000244140625,172.5,167.3300018310547,171.80999755859375,117218300,AMZN,0.07866649218561839,12.529998779296875,0.040411147505210084,0.027782481653515698,0.020818952295231757,161.30999755859375,0.06509205975399013,159.10899810791017,0.07982577730814167,155.70199890136718,0.10345402609397802,151.56019958496094,0.133608942381217,73.7103681559538,66904580.0,1.7520220588784803,0.03009136978296124,0.07975114901216784,0.10602550282593093,-0.0074500832168415965,-0.018450603655146613,0,0,1,1,172.5,144.52999877929688,0.004016078524015652,0.15878004287843236
2024-02-05,170.1999969482422,170.5500030517578,167.6999969482422,170.30999755859375,55081300,AMZN,-0.008730574595861018,-1.5,0.04196218218047223,0.02811615545014938,0.021173480110774023,163.1199981689453,0.04407797615471831,160.66199798583983,0.06005153486018666,156.95549850463868,0.08508462068030309,152.08839965820312,0.11980925528403907,73.62910482277258,68866760.0,0.7998241822324732,0.01673422667119177,0.05612057149967331,0.10033595362306036,-0.0027596807435888993,0.003933992006046605,0,1,1,1,172.5,146.14999389648438,0.012858918870295902,0.1418589866035159
2024-02-06,169.38999938964844,170.7100067138672,167.64999389648438,169.14999389648438,42505500,AMZN,-0.00681113075414308,-1.160003662109375,0.04097220986484057,0.028616059596566885,0.020963505309292838,165.14999694824218,0.02422038766065371,161.9749969482422,0.04429694140099216,157.9579978942871,0.07085425335466389,152.53719940185547,0.1089097909216421,74.22221468701456,68326380.0,0.6220950092775294,0.01809052868932094,0.06383643960053065,0.08415580864293704,0.03133315544191673,0.003842797391238717,1,1,1,1,172.5,148.2100067138672,0.019804943685459108,0.12379537651909076
2024-02-07,169.47999572753906,170.8800048828125,168.94000244140625,170.52999877929688,47174100,AMZN,0.008158468416245013,1.3800048828125,0.035932680508423014,0.028597094751501885,0.02086859939823511,168.21599731445312,0.013756132007576527,163.34099731445312,0.04401222952620998,158.91599807739257,0.07308264015211519,153.01299926757812,0.1144804663366299,73.92526065135614,67704320.0,0.6967664692592732,0.011376311823687032,0.09877578693617561,0.08707849867595696,0.010613953976134516,-0.005981377351565231,1,0,1,1,172.5,149.91000366210938,0.011552226791795956,0.12091711291146072
2024-02-08,169.64999389648438,171.42999267578125,168.8800048828125,169.83999633789062,42316500,AMZN,-0.004046223223746481,-0.69000244140625,0.03704659316927551,0.028876196000705047,0.020864340540383303,170.32799682617187,-0.0028650632742382998,164.54999694824218,0.03214828008360504,159.72149810791015,0.06335088482042828,153.45519927978515,0.10677251168422197,71.05110187589165,60859140.0,0.695318731089529,0.015014059396796266,0.06629832772177502,0.0766402303511291,-0.007065455570635093,-0.016250556796674864,0,0,0,1,172.5,149.91000366210938,0.015661821240371392,0.11734569657038404
2024-02-09,170.89999389648438,175.0,170.5800018310547,174.4499969482422,56986000,AMZN,0.02714319777292107,4.6100006103515625,0.014940848700541258,0.02952354507666283,0.021422029778428563,170.85599670410156,0.021035259595628464,166.08299713134767,0.050378425012871375,160.68499832153321,0.08566449121258346,154.00359924316408,0.13276571330514342,75.55208542700619,48812680.0,1.167442557958301,0.02533676266131829,0.015365807736235526,0.09634239757086815,-0.019891093616542954,-0.0335912909880427,0,0,1,1,175.0,149.91000366210938,0.0031527833842324095,0.14067064325265433
2024-02-12,174.8000030517578,175.38999938964844,171.5399932861328,172.33999633789062,51050400,AMZN,-0.012095159915523457,-2.1100006103515625,0.015667400850671892,0.030251564115056667,0.02170622686151866,171.26199645996093,0.0062944488573781765,167.1909973144531,0.030797106938439178,161.57099838256835,0.06665180052810848,154.5239990234375,0.11529598914762018,70.73169691610418,48006500.0,1.0634059971045589,0.022339597222500136,0.011919434022647168,0.06870893097162423,-0.01473826935189726,0.012997595107129278,0,1,1,1,175.38999938964844,149.91000366210938,0.01769759264574871,0.13014966434027828
2024-02-13,167.72999572753906,170.9499969482422,165.75,168.63999938964844,56345100,AMZN,-0.021469171561243172,-3.6999969482421875,0.01888013335686331,0.030913357449792383,0.022304874804693883,171.15999755859374,-0.014723055649043415,168.15499725341797,0.002884256454772638,162.34499816894532,0.0387754553063111,154.97499908447264,0.08817551466948137,63.94219663627079,50774420.0,1.1097143010200805,0.03083489662631828,-0.003015043010572316,0.06062892697892108,0.005158889470684436,0.0376542109019089,1,1,0,1,175.38999938964844,149.91000366210938,0.04002609122645865,0.11106496557950508
2024-02-14,169.2100067138672,171.2100067138672,168.27999877929688,170.97999572753906,42815500,AMZN,0.013875689909627953,2.339996337890625,0.01968854205083082,0.029062887975065014,0.02211488075426292,171.2499969482422,-0.0015766494920566032,169.73299713134764,0.007346824820552822,163.3084976196289,0.04697549864048289,155.4539990234375,0.09987518366613868,65.14769439233363,49902700.0,0.8579796283567823,0.017136554028456954,0.0026388140002544525,0.10167525186588344,-0.022809650216035315,0.021932390301235616,0,1,0,1,175.38999938964844,151.82000732421875,0.025792512412603094,0.1120598250210056
2024-02-15,170.5800018310547,171.1699981689453,167.58999633789062,169.8000030517578,49855200,AMZN,-0.006901349311422389,-1.17999267578125,0.01990021100052027,0.028903185342924582,0.022261539048208715,171.24199829101562,-0.008420803620892259,170.78499755859374,-0.005767453353143548,164.1234977722168,0.03458679199866488,155.95319915771483,0.08878820036285218,62.28151907085617,51410440.0,0.9697485569078965,0.02108363820207615,-0.00023547625409303663,0.06604723978581739,-0.007126070036043264,0.02202585493025566,0,1,0,1,175.38999938964844,152.74000549316406,0.03292106146892532,0.10047112633675033
2024-02-16,168.74000549316406,170.4199981689453,167.1699981689453,169.50999450683594,48107700,AMZN,-0.0017079419299743659,-0.290008544921875,0.013135296714230377,0.014050554089524964,0.02225524403272974,170.25399780273438,-0.004369960796811845,170.55499725341798,-0.006127071990915223,164.83199768066407,0.02838039271497972,156.4057989501953,0.08378331011124107,59.90871851111183,49634780.0,0.9692336704222322,0.019172910774113292,-0.02831758399440909,-0.013386898809386372,0.029909784015799135,0.021532707648847405,1,1,0,1,175.38999938964844,153.89999389648438,0.03468824891369679,0.09208896888803833
2024-02-20,167.8300018310547,168.7100067138672,165.74000549316406,167.0800018310547,41980300,AMZN,-0.01433539469369316,-2.42999267578125,0.013444268212345229,0.01448675797407365,0.02259034602192793,169.20199890136718,-0.012541205683683776,170.23199768066405,-0.01851588357391043,165.44699783325194,0.009870254638579823,156.85699890136718,0.06517403113211295,59.66507325495865,47820760.0,0.8778676875900759,0.01777592284028273,-0.030521031789528252,-0.018965391191599346,0.047342611775331944,0.05793627345999974,1,1,0,1,175.38999938964844,153.92999267578125,0.049736637943040736,0.07870486599928492
2024-02-21,168.94000244140625,170.22999572753906,167.13999938964844,168.58999633789062,44420100,AMZN,0.00903755380828164,1.5099945068359375,0.011513700323544256,0.014744556807384096,0.022600940782024233,169.19199829101564,-0.003558099432631301,170.17599792480468,-0.009319772507606294,166.07549743652345,0.01514069769580706,157.29119873046875,0.07183362895455625,66.94507877915768,45435760.0,0.9776462416387445,0.018328467910383055,-0.0002965076609273698,-0.003310656688148894,0.03641971364269181,0.05712085587517235,1,1,0,1,175.38999938964844,154.5500030517578,0.040334558392949624,0.0832789227778002
2024-02-22,173.10000610351562,174.8000030517578,171.77000427246094,174.5800018310547,55392400,AMZN,0.035530017339574504,5.9900054931640625,0.019407465747628912,0.01853024749678061,0.02366985232730923,169.91199951171876,0.02747305859945448,170.58099822998048,0.02344342947086453,166.96099777221679,0.04563343631446459,157.83439880371094,0.10609602947307595,68.469342984217,47951140.0,1.1551842145984432,0.0173559327959515,0.02105513038643614,0.023749504959531542,-0.005957203196322092,0.01718409880017746,0,1,1,1,175.38999938964844,154.5500030517578,0.004639692691592502,0.11473249266362359
2024-02-23,174.27999877929688,175.75,173.6999969482422,174.99000549316406,59715200,AMZN,0.0023485144793740087,0.410003662109375,0.018488985313563144,0.01838891987200959,0.023681169060079776,170.95,0.023632673256297698,171.09599914550782,0.02275918996998061,167.822998046875,0.04270575266619425,158.41639892578124,0.10462052337869165,55.42663413541784,49923140.0,1.1961427105746953,0.011714972212158113,0.030565384853522337,0.03032271117709917,-0.010457750577796188,-0.0049717718079078654,0,0,1,1,175.75,154.80999755859375,0.004343073792666556,0.11532091720151777
2024-02-26,175.6999969482422,176.3699951171875,174.25999450683594,174.72999572753906,44368600,AMZN,-0.0014858549486425066,-0.260009765625,0.018465566415728715,0.016353058666647134,0.023717418989659466,171.99400024414064,0.0159075053752733,171.1239990234375,0.021072419559384326,168.60349807739257,0.03633671732797805,158.96139892578125,0.09919764740570836,57.87597318239139,49175320.0,0.9022534067902355,0.012075777839780527,0.030794651583170296,0.001605037455976177,0.011617918096113788,-0.0069822082672370556,1,0,1,1,176.3699951171875,154.80999755859375,0.009385906425624427,0.1140044563384931
2024-02-27,174.0800018310547,174.6199951171875,172.86000061035156,173.5399932861328,31141700,AMZN,-0.006810521779339163,-1.19000244140625,0.016582141146355308,0.015990080949892904,0.023767912907285662,173.28599853515624,0.0014657546087029072,171.2439987182617,0.013407737410106702,169.2174980163574,0.02554402068607331,159.4553988647461,0.0883293668427847,57.814164430902814,47007600.0,0.6624822369148818,0.010141722801233821,0.038664061433338004,0.006962962595690625,0.02696789279491285,0.018900623285595275,1,1,1,1,176.3699951171875,154.80999755859375,0.016307490725717497,0.10792898727763023
2024-02-28,172.44000244140625,174.0500030517578,172.27000427246094,173.16000366210938,28180500,AMZN,-0.0021896371944472026,-0.3799896240234375,0.017111495609287257,0.014050233953528425,0.02344269909694251,174.2,-0.0059701282312893955,171.6959991455078,0.008526724698814103,169.92549819946288,0.01903484466380534,159.9701989746094,0.08245163644256936,54.85419940632094,43759680.0,0.6439832283965513,0.010279503012544529,0.027107227139737677,0.02680268197829694,0.025525514411342654,0.012647276478924274,1,1,0,1,176.3699951171875,154.80999755859375,0.018537718798746657,0.10597138897803654
2024-02-29,173.00999450683594,177.22000122070312,172.85000610351562,176.75999450683594,53805400,AMZN,0.02078996747858297,3.5999908447265625,0.010713388369476284,0.01480897815829547,0.02270878899575402,174.63599853515626,0.012162417768935008,172.2739990234375,0.026039887091656277,171.00349807739258,0.03366303317864339,160.50599884033204,0.10126721607877731,61.533336147733635,43442280.0,1.238549173754232,0.024722761105417983,0.012487069841429443,0.03380511711152123,-0.014935502781690424,-0.02715539682132717,0,0,1,1,177.22000122070312,155.6199951171875,0.002602436796576147,0.11959719419900117
2024-03-01,176.75,178.72999572753906,176.07000732421875,178.22000122070312,31981200,AMZN,0.00825982552183624,1.4600067138671875,0.011010337977998138,0.014404596316309274,0.022246018682370455,175.28199768066406,0.016761581787718027,173.11599884033203,0.029483135091856072,171.95049819946288,0.036461092505632564,160.9889987182617,0.10703217387292696,57.02049452132566,37895480.0,0.8439317828933688,0.014925307962635744,0.018458172616408364,0.04958773861964394,-0.02642804781509589,-0.01587926053007982,0,0,1,1,178.72999572753906,165.74000549316406,0.0028616008491907327,0.07002578634304997
2024-03-04,177.52999877929688,180.13999938964844,177.49000549316406,177.5800018310547,37381500,AMZN,-0.003591063770984282,-0.6399993896484375,0.011295397463094485,0.014513115199178344,0.01424090439613132,175.85199890136718,0.009826461686436305,173.9229995727539,0.021026559266366762,172.23899841308594,0.031009257294676518,161.46479888916016,0.09980629247218786,60.323104088671755,36498060.0,1.0242051221352586,0.014922817148101591,0.016310914972834434,0.04760785549959601,-0.004279730256782965,-0.005743914077843915,0,0,1,1,180.13999938964844,165.74000549316406,0.014416023945248461,0.06667415370991442
2024-03-05,176.92999267578125,176.92999267578125,173.3000030517578,174.1199951171875,37228300,AMZN,-0.01948421375262155,-3.4600067138671875,0.014957500127842865,0.015333780438042921,0.01484746663686509,175.96799926757814,-0.010501933067844638,174.6269989013672,-0.0029033527883397525,172.42949829101562,0.009803988545618703,161.90479888916016,0.07544678299739505,60.89895755883647,37715380.0,0.9870853747198093,0.020847632241089577,0.0033421796329009545,0.04213546330488671,0.007064157022864004,0.026590885668796194,1,1,0,1,180.13999938964844,165.74000549316406,0.034573882617038386,0.048127669762358286
2024-03-06,175.5399932861328,176.4600067138672,173.25999450683594,173.50999450683594,32090900,AMZN,-0.0035033346396604603,-0.6100006103515625,0.015033544131610305,0.015410495084186364,0.014771634986571015,176.03799743652343,-0.014360552644885893,175.1189987182617,-0.009188061964735206,172.6474983215332,0.004995706243576592,162.29819885253906,0.06908145459139514,55.403670191200874,38497460.0,0.8335848650794104,0.018442811989744925,0.0020211991067493607,0.0291832153497682,-0.008933132626591678,0.005244675758856676,0,1,0,1,180.13999938964844,165.74000549316406,0.03821108346903493,0.04478121871743678
2024-03-07,174.8300018310547,177.99000549316406,173.72000122070312,176.82000732421875,34063300,AMZN,0.019076784751165476,3.3100128173828125,0.014464069275528676,0.012065063442903848,0.01523011999722743,176.05,0.004373799058328576,175.34299926757814,0.008423535942753357,172.9619987487793,0.022305527244993684,162.76619903564452,0.0863435306091811,63.743143558544645,34549040.0,0.9859405644845703,0.024148875102303437,0.0003395158364325468,0.012830825235823795,-0.008087364977585554,-0.013233862118267048,0,0,1,1,180.13999938964844,165.74000549316406,0.01877611089192028,0.06266260248897229
2024-03-08,176.44000244140625,178.7899932861328,174.3300018310547,175.35000610351562,37893200,AMZN,-0.008313545751684748,-1.470001220703125,0.014034041042303741,0.012431680016767118,0.015347572193638062,175.4760009765625,-0.0007180176909986624,175.37899932861328,-0.0001653175420582853,173.23749923706055,0.012194281698584719,163.20499908447266,0.07441565569175279,60.92815867303439,35731440.0,1.060500220534073,0.02543479498053297,-0.016103664558016484,0.0020572638382232444,0.006900435773944835,0.0031365142504988786,1,1,0,1,180.13999938964844,165.74000549316406,0.02731675574225587,0.054804677934704046
2024-03-11,174.30999755859375,174.47000122070312,171.47000122070312,171.9600067138672,28484800,AMZN,-0.019332758891648982,-3.3899993896484375,0.01580769237731813,0.01390614062213029,0.014802634441971302,174.352001953125,-0.013719344845268377,175.10200042724608,-0.017943791080127447,173.1129997253418,-0.0066603490974330715,163.57739929199218,0.05124551104344022,58.81503033563796,33952100.0,0.8389701962470657,0.01744591697412439,-0.03164768025249953,-0.015852967901351045,0.03948588637491168,0.035996667486277945,1,1,0,0,180.13999938964844,165.74000549316406,0.04756915769020844,0.036171208291779694
2024-03-12,173.5,176.75999450683594,171.97999572753906,175.38999938964844,36610600,AMZN,0.019946455814511488,3.42999267578125,0.01735317016784151,0.01527928541585078,0.015222720188468172,174.6060028076172,0.004490089512529938,175.28700103759766,0.0005875983469458834,173.2654998779297,0.012261526462080008,164.01759918212892,0.06933646306388952,61.4864833516937,33828560.0,1.0822393858916843,0.027253542368043317,0.00729384509576958,0.010660402069195385,-0.005530538936533991,0.015736327706486364,0,1,1,1,180.13999938964844,165.74000549316406,0.02708250194725952,0.055020205998438015
2024-03-13,175.89999389648438,177.6199951171875,175.5500030517578,176.55999755859375,30772600,AMZN,0.0066708374081581034,1.1699981689453125,0.017204730981759033,0.01531993578684499,0.014311067287604375,175.21600341796875,0.007670498780975921,175.6270004272461,0.005312378672288176,173.66149978637696,0.016690502936933305,164.50999908447267,0.07324781801216629,53.99514650091781,33564900.0,0.9168089283745818,0.011724015032016148,0.017578255710437807,0.0196349839719272,-0.011780708313412935,0.013083357445262456,0,1,1,1,180.13999938964844,165.74000549316406,0.020276403945161003,0.06128223955054673
2024-03-14,177.69000244140625,179.52999877929688,176.47000122070312,178.75,43705800,AMZN,0.012403729449981915,2.19000244140625,0.01591545980197697,0.014380990991381029,0.0142525776852194,175.602001953125,0.017926891560811065,175.8260009765625,0.01663007181643894,174.05,0.027003734559034598,165.08639923095703,0.08276636253921499,57.078299496104016,35493400.0,1.231378228064936,0.017118867460664336,0.010915012984036299,0.011258234640231901,-0.01594409008959785,0.005370666930725632,0,1,1,1,180.13999938964844,165.74000549316406,0.00777622036166958,0.07278318605222903
2024-03-15,176.63999938964844,177.92999267578125,173.89999389648438,174.4199981689453,72147400,AMZN,-0.024223786467438835,-4.3300018310546875,0.01970182021749233,0.016169888387290752,0.015328221987032353,175.41600036621094,-0.005677943831727483,175.4460006713867,-0.005847967457309644,174.28099975585937,0.0007975534526463157,165.60539916992187,0.05322651944444812,49.49396423575548,42344240.0,1.7038303202513494,0.02310514173606039,-0.005303723422862561,-0.021321978597968805,0.02138513798128905,0.022245183600187124,1,1,0,1,180.13999938964844,165.74000549316406,0.03279441165434862,0.049764893744430064
2024-03-18,175.8000030517578,176.69000244140625,174.27999877929688,174.47999572753906,31250700,AMZN,0.00034398325434925603,0.05999755859375,0.01686173571662709,0.016175695370646042,0.015312801629696638,175.9199981689453,-0.008185552844443222,175.13600006103516,-0.003745685257556919,174.52949981689454,-0.0002836431056493227,166.2035989379883,0.04979673630676773,51.59322447695974,42897420.0,0.7284983572438622,0.013812492670350243,0.014654506369408349,-0.017456955014928388,0.021033919410889057,0.030662575851216678,1,1,0,0,180.13999938964844,165.74000549316406,0.032439269834392985,0.05009164631126549
2024-03-19,174.22000122070312,176.08999633789062,173.52000427246094,175.89999389648438,26880900,AMZN,0.00813845829732096,1.4199981689453125,0.014571162968750865,0.015113888848043936,0.014904353216943155,176.0219970703125,-0.000693113223680708,175.31399993896486,0.003342539430527758,174.97049942016602,0.00531229252587484,166.8167987060547,0.05445012289460749,54.48590286139688,40951480.0,0.6564085107546784,0.014610529588432536,0.002907774152521192,0.010222828102532944,0.01688460104467615,0.025469079828192465,1,1,0,1,180.13999938964844,167.13999938964844,0.024104636954446226,0.04980099380782877
2024-03-20,176.13999938964844,178.52999877929688,174.63999938964844,178.14999389648438,29947200,AMZN,0.012791359170393646,2.25,0.01543325450483841,0.015434946588052625,0.015011867953057699,176.33999633789062,0.010264248588990332,175.7779998779297,0.013494259919909934,175.4484992980957,0.015397650075072544,167.39779846191405,0.06423140288201967,52.38094989171442,40786400.0,0.7342447482494164,0.021835529177221057,0.009005416628208529,0.026741971854916002,0.008756737978275142,0.015829398938163042,1,1,1,1,180.13999938964844,171.47000122070312,0.011170393271640372,0.03749645189245821
2024-03-21,179.99000549316406,181.4199981689453,178.14999389648438,178.14999389648438,32824300,AMZN,0.0,0.0,0.014274304230005464,0.014332365090008545,0.012896521117397487,176.2199951171875,0.010952212193703792,175.91099853515624,0.012728000977611842,175.6269989013672,0.014365644296718383,167.9333984375,0.060837186372945995,49.87376975030182,38610100.0,0.8501480182646509,0.018355343163025884,-0.003356677502185268,0.007521697303331409,0.0008420385091936211,0.014257696502632422,1,1,1,1,181.4199981689453,171.47000122070312,0.018355343163025884,0.03749645189245821
2024-03-22,177.75,179.25999450683594,176.75,178.8699951171875,27995400,AMZN,0.0040415450203241665,0.720001220703125,0.005434437355938887,0.013983668059670962,0.012910753095136831,177.10999450683593,0.009937330839246528,176.26299743652345,0.01479038549541789,175.82099838256835,0.017341482318197654,168.43619842529296,0.061945097250115655,52.31929646096117,29779700.0,0.9400833453661387,0.014032507269827469,0.025513111999530436,0.02007407408696582,0.005367064013381606,0.019790957911094198,1,1,1,1,181.4199981689453,171.47000122070312,0.01425618114478712,0.04137079498233471
2024-03-25,178.00999450683594,180.99000549316406,177.24000549316406,179.7100067138672,29815500,AMZN,0.004696213001679439,0.8400115966796875,0.004801272448634566,0.011787860497445242,0.012917661933193625,178.15599670410157,0.008722748818534853,177.03799743652343,0.015092857556196604,176.06999893188475,0.02067364005261685,168.92679870605468,0.06383361367414597,61.09568810790543,29492660.0,1.0109464524393528,0.020866951532480433,0.029974845910101244,0.045068618849821274,0.0037282184848619337,0.0016136735590608353,1,1,1,1,181.4199981689453,171.47000122070312,0.009515282350418914,0.04585167873419387
2024-03-26,180.14999389648438,180.4499969482422,177.9499969482422,178.3000030517578,29659000,AMZN,-0.007845994154095037,-1.410003662109375,0.007518667188809013,0.010985387423003938,0.012954684243167564,178.63599853515626,-0.0018808945909764008,177.32899780273436,0.005475727382746598,176.30799942016603,0.011298430236534873,169.40039886474608,0.052535910462155444,59.21509180511507,30048280.0,0.9870448491560915,0.014021312154853343,0.013644168496593778,0.016591616809602083,0.014974751111867635,0.03796973727754627,1,1,0,1,181.4199981689453,171.47000122070312,0.01749857018388167,0.038306235076575074
2024-03-27,179.8800048828125,180.0,177.30999755859375,179.8300018310547,33272600,AMZN,0.008581036192426339,1.529998779296875,0.0062376983117504396,0.011097431813375115,0.013019838338463197,178.9720001220703,0.00479405554164436,177.65599822998047,0.012237152827566877,176.6414993286133,0.018050698814040755,169.933798828125,0.05823563688433131,56.21642641906384,30713360.0,1.0833266044483574,0.014958585408531736,0.009430300264542835,0.018520640675562694,0.004782297734498675,0.02980593091127881,1,1,1,1,181.4199981689453,171.47000122070312,0.008841663358177479,0.046488353029132214
2024-03-28,180.1699981689453,181.6999969482422,179.25999450683594,180.3800048828125,38051600,AMZN,0.0030584610251771505,0.5500030517578125,0.006154875954764386,0.010490842236186779,0.012252092296025457,179.41800231933593,0.005361795087676757,177.81899871826172,0.014402320241429623,176.8224998474121,0.02011907443040517,170.5071987915039,0.05790257632102125,60.7986194371612,31758820.0,1.1981427521551493,0.013527011727222465,0.012517603495534768,0.00911890843531471,0.011254012220565768,0.029326938368637645,1,1,1,1,181.6999969482422,171.47000122070312,0.007317840279953684,0.04939573911142722
2024-04-01,180.7899932861328,183.0,179.9499969482422,180.97000122070312,29174500,AMZN,0.003270852211551434,0.589996337890625,0.006116344654958045,0.0056386003431679295,0.012148692507459482,179.83800354003907,0.006294540966765183,178.4739990234375,0.013985242729602554,176.95999984741212,0.0226604960259309,171.05659881591797,0.05795393146717154,71.98631549865098,31994640.0,0.9118558608566935,0.016853638896969236,0.01174040454431613,0.03755305079990534,-0.005360011129801334,0.027518349416739474,0,1,1,1,183.0,171.47000122070312,0.011217322018035337,0.05249488830148271
2024-04-02,179.07000732421875,180.7899932861328,178.3800048828125,180.69000244140625,32611500,AMZN,-0.0015472110151306673,-0.279998779296875,0.006155334073032298,0.005793538081969523,0.012118048244666656,180.03400268554688,0.003643754768954066,179.09499969482422,0.00890590328763996,177.1154998779297,0.020181760297320883,171.56359893798827,0.0531954538137005,65.28258220073127,32553840.0,1.0017712196164876,0.013337696445611695,0.005453206226292195,0.035591511152742505,0.024240438450560342,0.04626709002930318,1,1,1,1,183.0,171.47000122070312,0.012784313063158161,0.05102662624454259
2024-04-03,179.89999389648438,182.8699951171875,179.8000030517578,182.41000366210938,31046600,AMZN,0.009519072430478781,1.720001220703125,0.004526983747586598,0.005930692991497416,0.011249742692666287,180.8560028076172,0.008592475949749101,179.74600067138672,0.014820930539606314,177.53000030517578,0.02748833069647283,172.11619903564454,0.059807296954849765,66.34991982532155,32831360.0,0.945638560205852,0.016830173805140892,0.023051040605750917,0.03700972138439118,0.015240385524285527,0.020393625053557685,1,1,1,1,183.0,171.47000122070312,0.0032344516531204936,0.05997479426441529
2024-04-04,184.0,185.10000610351562,180.0,180.0,41624300,AMZN,-0.013212014767422509,-2.410003662109375,0.008476133261371352,0.007071408813205259,0.011717124262638441,180.89000244140624,-0.004920130628526698,179.93100128173828,0.00038347320789755557,177.854500579834,0.01206322816218508,172.5957989501953,0.04289908036487766,53.45112894718661,34501700.0,1.2064420014086263,0.028333367241753473,0.0009453270712025397,0.010384542053875068,0.03149998982747393,0.020111083984375,1,1,0,1,185.10000610351562,171.47000122070312,0.028333367241753473,0.04738888210720486
2024-04-05,182.3800048828125,186.27000427246094,181.97000122070312,185.07000732421875,42374000,AMZN,0.028166707356770848,5.07000732421875,0.015283692249392746,0.011078363995966676,0.01256402124066562,181.8280029296875,0.017830061059323832,180.6230026245117,0.024620367478618954,178.267000579834,0.03816189604501785,173.15979919433593,0.06878160049444326,78.24932914020667,35366180.0,1.198150323274948,0.0232344673992732,0.026000678093191176,0.03884374776771149,0.004754901330293881,-0.009455881184109005,1,0,1,1,186.27000427246094,171.47000122070312,0.006484016322212317,0.07348573818171504
2024-04-08,186.89999389648438,187.2899932861328,184.80999755859375,185.19000244140625,39221300,AMZN,0.0006483768975988902,0.1199951171875,0.01541259435161989,0.01112449181245345,0.01232086164059208,182.67200317382813,0.013784264823449854,181.2550033569336,0.021709740484921802,178.7590003967285,0.0359758223664548,173.70859924316406,0.06609576755708035,78.31833949682357,37375540.0,1.049384169432736,0.013391628569818332,0.023318788706624405,0.035332965263839666,0.020843461091118343,-0.021113470546805013,1,0,1,1,187.2899932861328,171.47000122070312,0.01133965558098092,0.0740860793770123
2024-04-09,187.24000549316406,187.33999633789062,184.1999969482422,185.6699981689453,36520100,AMZN,0.002591909504893186,0.4799957275390625,0.015100150129289813,0.011119956807812173,0.011168955779473704,183.66800231933593,0.010900079623714642,181.85100250244142,0.021000685253041773,179.44449996948242,0.03469316808551759,174.23959930419923,0.065601613584924,77.18418284037385,38157260.0,0.9570944035289746,0.016911721983167583,0.027560992087284797,0.03316449408722999,0.0024775500533404937,-0.03473903706496073,1,0,1,1,187.33999633789062,171.97999572753906,0.008994442750119186,0.07373298096846755
2024-04-10,182.77000427246094,186.27000427246094,182.6699981689453,185.9499969482422,35879200,AMZN,0.0015080453603608657,0.279998779296875,0.014997428880508756,0.010449224012563556,0.010516837580075359,184.3760009765625,0.008536880957081605,182.61600189208986,0.018256861510539624,179.9724998474121,0.033213391523138514,174.73339935302735,0.06419263653511997,74.37498629094478,39123780.0,0.9170688517316067,0.019360076163473454,0.019406793569777037,0.04290518096213214,-0.012530260119892445,-0.06087653805437021,0,0,1,1,187.33999633789062,173.52000427246094,0.007475124562843277,0.06684588803322782
2024-04-11,186.74000549316406,189.77000427246094,185.50999450683594,189.0500030517578,40020700,AMZN,0.016671181255133227,3.100006103515625,0.012134100974572463,0.011113162634765127,0.0109311188340802,186.18600158691407,0.015382474731897577,183.53800201416016,0.030031933316852832,180.5970001220703,0.046805887827449544,175.3343994140625,0.07822540062606387,78.53402346655334,38803060.0,1.0313799994124175,0.02253377253032205,0.0502777947319879,0.05127065076363091,-0.03030941885766758,-0.06252317975886357,0,0,1,1,189.77000427246094,173.52000427246094,0.003808522661097256,0.08214757222217603
2024-04-12,187.72000122070312,188.3800048828125,185.0800018310547,186.1300048828125,38608800,AMZN,-0.015445639364236818,-2.9199981689453125,0.011388274834420441,0.012884251096437316,0.011493867219426681,186.39800109863282,-0.0014377633571215354,184.11300201416014,0.010955244043531653,180.96600036621095,0.02853577194694834,175.9529995727539,0.05783933968031363,67.04226179474725,38050020.0,1.0146854062100361,0.017729559797924548,0.005727549125433162,0.03187714737969771,-0.026057089003834633,-0.03540542321926421,0,0,0,1,189.77000427246094,173.52000427246094,0.019556220352221997,0.06774834943076923
2024-04-15,187.42999267578125,188.69000244140625,183.0,183.6199951171875,48052400,AMZN,-0.013485250630092094,-2.510009765625,0.013172166900341092,0.013924100624364395,0.010398706661978787,186.08399963378906,-0.013241356169529261,184.37800140380858,-0.004111153612957108,181.42600021362304,0.012093056678651903,176.4397994995117,0.04069487518146753,58.511070087414126,39816240.0,1.2068542886018367,0.030987923933746175,-0.008477819015718757,0.014643277220585116,-0.023962498711952773,-0.0382855841751345,0,0,0,1,189.77000427246094,173.52000427246094,0.033493134292637686,0.05500485302965334
2024-04-16,183.27000427246094,184.8300018310547,182.25999450683594,183.32000732421875,32891300,AMZN,-0.001633742516860992,-0.29998779296875,0.012967379302966766,0.013926260116039544,0.010430888903734387,185.61400146484374,-0.012358949877277925,184.64100189208983,-0.0071543944970744455,181.86800079345704,0.007983848309910835,176.6699996948242,0.037640842479660375,61.482168646609665,39090480.0,0.8414145848298614,0.014019240789541587,-0.01265681514462158,0.014555342560611972,-0.04740345894726683,-0.05264023985230637,0,0,0,1,189.77000427246094,173.52000427246094,0.035184358992713535,0.05345844785193348
2024-04-17,184.30999755859375,184.57000732421875,179.82000732421875,181.27999877929688,31359700,AMZN,-0.011128128209780819,-2.040008544921875,0.013225321438812368,0.014139609531821397,0.010769420894168357,184.68000183105468,-0.01841023943062403,184.5280014038086,-0.017601678876930982,182.13700103759766,-0.0047052617173809486,176.88939971923827,0.02482115416202113,53.24093937345545,38186580.0,0.8212230579433927,0.026202559752788762,-0.02511426859687005,-0.006194862453408501,-0.022341146728981243,-0.009157125293951407,0,0,0,0,189.77000427246094,174.63999938964844,0.04683365815497603,0.036628417003314546
2024-04-18,181.47000122070312,182.38999938964844,178.64999389648438,179.22000122070312,30723800,AMZN,-0.011363622972558218,-2.05999755859375,0.005316485420995694,0.013966452312448238,0.010798256534125207,182.71400146484376,-0.01912278323570582,184.45000152587892,-0.028354569053457013,182.19050140380858,-0.016304363620590845,177.09079986572266,0.012023218352364529,47.5711821086262,36327200.0,0.8457519434473342,0.020868237181621136,-0.05199683508263919,-0.004333326551649308,0.0017854707245295032,0.009708768448345895,1,1,0,0,189.77000427246094,176.75,0.05886621459602522,0.01378195069679419
2024-04-19,178.74000549316406,179.0,173.44000244140625,174.6300048828125,56000700,AMZN,-0.02561096030926935,-4.589996337890625,0.008573400203032613,0.011979551023414631,0.012261906212062976,180.41400146484375,-0.032059577056486654,183.40600128173827,-0.04785010489075858,182.014501953125,-0.04057092699247811,177.17279998779296,-0.014352062535308185,38.629850739733705,39805580.0,1.4068555212610896,0.03183872990397527,-0.061784772461809134,-0.0564110986558547,0.011223680926959911,0.002118737369536161,1,1,0,0,189.77000427246094,173.44000244140625,0.08669758326931452,0.0068144213945639815
2024-04-22,176.94000244140625,178.8699951171875,174.55999755859375,177.22999572753906,37924900,AMZN,0.014888568814227066,2.5999908447265625,0.014919383599230037,0.013563028122488106,0.012724350495164074,179.13600158691406,-0.010639993315080365,182.61000061035156,-0.029461720961779125,181.93250198364257,-0.02584753249051841,177.32059997558594,-0.0005109629003022809,44.27151148426096,37780080.0,1.0038332369862637,0.024318668749615257,-0.03480012830612644,-0.04298291813234201,-0.02008687944712606,0.009987046860747029,0,1,0,0,189.77000427246094,173.44000244140625,0.07075556535136412,0.02138460405968345
2024-04-23,178.0800018310547,179.92999267578125,175.97999572753906,179.5399932861328,37046500,AMZN,0.01303389727631088,2.30999755859375,0.017457032616789825,0.014520788191700884,0.013032392468609705,178.37999877929687,0.006502940434881088,181.99700012207032,-0.013500260082800919,181.92400131225585,-0.013104417278240854,177.42239990234376,0.011935321498044216,45.3393780419089,38611120.0,0.9594774769548254,0.022000652199797507,-0.02061975718449882,-0.033015591874109185,0.0004455933722087302,0.028851554685729086,1,1,1,0,189.77000427246094,173.44000244140625,0.056979009518088604,0.03397566599551449
2024-04-24,179.94000244140625,180.32000732421875,176.17999267578125,176.58999633789062,34185100,AMZN,-0.016430862529557833,-2.9499969482421875,0.018143194088593,0.014967964919953402,0.013440554886932576,177.44199829101564,-0.004801580016742579,181.06100006103514,-0.024693355949858664,181.8385009765625,-0.02886354985597006,177.50739990234376,-0.005168255323202642,44.55792351802662,39176200.0,0.8725986696004207,0.023444219572415177,-0.02587159351824686,-0.050336115966470585,0.024746647412659195,0.054476530808514445,1,1,0,0,189.77000427246094,173.44000244140625,0.07463620934309007,0.01783789547431168
2024-04-25,169.67999267578125,173.9199981689453,166.32000732421875,173.6699981689453,49249400,AMZN,-0.016535467634067658,-2.9199981689453125,0.018727817072928345,0.013191611746156915,0.013727952264387605,176.33199768066407,-0.015096519898445293,179.52299957275392,-0.03260307268560647,181.53050079345704,-0.04330127769247605,177.6079998779297,-0.022172434303021182,30.46604184718295,42881320.0,1.1485047568498359,0.04376110396070442,-0.030967542762836975,-0.08135416363152237,0.007658212961808575,0.08654343834722544,1,1,0,0,189.77000427246094,166.32000732421875,0.0927045907368158,0.04232159222790184
2024-04-26,177.8000030517578,180.82000732421875,176.1300048828125,179.6199951171875,43919800,AMZN,0.034260361668536854,5.9499969482421875,0.022011352344857727,0.018518739504707494,0.015893552356125898,177.32999572753906,0.01291377344398592,178.87199859619142,0.004181741842582687,181.49250030517578,-0.010317259307352611,177.78079986572266,0.010345297427247324,42.045114787479505,40465140.0,1.0853737315625251,0.026110692400066058,0.028574644075189726,-0.03497560626898233,-0.0034517043427320093,0.05088520007856223,0,1,1,0,189.77000427246094,166.32000732421875,0.05650823645024251,0.0740451405996954
2024-04-29,182.75,183.52999877929688,179.38999938964844,180.9600067138672,54063900,AMZN,0.007460258507441919,1.3400115966796875,0.02149279082124735,0.018435704270959242,0.015967636440787872,178.07599792480468,0.01619538187443048,178.6059997558594,0.01317988735667086,181.49200057983398,-0.0029312248708878164,178.00399993896485,0.016606406462303713,43.43463605209514,43692940.0,1.2373600860917118,0.022877979863222365,0.021046160786813983,-0.014486376615045038,0.020778041375635103,0.03890358656575654,1,1,1,0,189.77000427246094,166.32000732421875,0.048684776921588326,0.08090185038950132
2024-04-30,181.08999633789062,182.99000549316406,174.8000030517578,175.0,94639800,AMZN,-0.03293549122868411,-5.9600067138671875,0.02617548116091243,0.02097939722653673,0.017599084626739755,177.16799926757812,-0.012236968733296938,177.7739990234375,-0.01560407617917059,181.20750045776367,-0.03425631081540437,178.11380004882812,-0.01748208194971146,36.82310933334704,55211600.0,1.714128914938165,0.04680001395089286,-0.02528680770805991,-0.04538515705764745,0.06405718122209825,0.08285714285714296,1,1,0,0,189.77000427246094,166.32000732421875,0.0844000244140625,0.049599958147321425
2024-05-01,181.63999938964844,185.14999389648438,176.55999755859375,179.0,94645100,AMZN,0.02285714285714291,4.0,0.027678520481378213,0.0224743236376569,0.01827637676053409,177.65,0.007599211933577266,177.5459991455078,0.008189431817613446,181.0370002746582,-0.011251845045862408,178.35220001220702,0.0036321390358438066,38.1625397240765,67303600.0,1.406241270897842,0.04798880635693087,0.013647452925351633,-0.012577221947539297,0.0541899270851518,0.047374277807480825,1,1,1,0,189.77000427246094,166.32000732421875,0.06016762163385998,0.07083794790939246
2024-05-02,180.85000610351562,185.10000610351562,179.91000366210938,184.72000122070312,54303500,AMZN,0.031955314082140474,5.720001220703125,0.027608127936766584,0.024358687991739254,0.019415081349818564,179.86000061035156,0.027021019647832878,178.09599914550782,0.03719343560201693,181.27300033569335,0.019015522877794178,178.67480010986327,0.033833540639881976,48.441984903746544,68314420.0,0.7949053801525359,0.02809659163657781,0.06362643616203889,0.030688539016507033,0.021870903310063472,0.01001519105289117,1,1,1,1,189.77000427246094,166.32000732421875,0.02733869109130244,0.09961018717458807
2024-05-03,186.99000549316406,187.8699951171875,185.4199981689453,186.2100067138672,39172000,AMZN,0.008066292135759712,1.4900054931640625,0.024845792293898977,0.022145867020129006,0.018457210500296615,181.1780029296875,0.02777381195736295,179.25399932861328,0.038805312078432186,181.3300003051758,0.02691229471393819,178.90740020751954,0.04081780014620495,52.927890398898526,67364860.0,0.5814901122038998,0.01315717125775569,0.036688630307445624,0.0663116389352767,0.009612766347639523,0.004618444655732468,1,1,1,1,189.77000427246094,166.32000732421875,0.01911818608150361,0.10681487928955224
2024-05-06,186.27999877929688,188.75,184.8000030517578,188.6999969482422,34725300,AMZN,0.013371946429286963,2.489990234375,0.024984846887632528,0.022088387525206102,0.018681644671563746,182.7260009765625,0.032693737835624015,180.4009994506836,0.046003057204942355,181.50550003051757,0.03963790031990744,179.1816000366211,0.05312150862407594,55.79490503687979,63497140.0,0.5468797492296503,0.02093268156928279,0.042771827736575174,0.0647181712870788,0.004239549892400163,-0.014361375192928238,1,0,1,1,189.77000427246094,166.32000732421875,0.005670415164406379,0.11860090082652179
2024-05-07,188.9199981689453,189.94000244140625,187.30999755859375,188.75999450683594,34048900,AMZN,0.0003179520909595279,0.05999755859375,0.012399744275841326,0.022037067489932623,0.01867903713794216,185.47799987792968,0.017694792002643345,181.3229995727539,0.04101517706857716,181.6599998474121,0.0390839737167652,179.46220001220703,0.051809208256649475,58.415839204455125,51378960.0,0.6627012302312075,0.013933062933614645,0.0786285400390625,0.05135346755866932,-0.006781091420568597,-0.027177313908205547,0,0,1,1,189.94000244140625,166.32000732421875,0.006251366650297177,0.1188810544376474
2024-05-08,187.44000244140625,188.42999267578125,186.38999938964844,188.0,26136400,AMZN,-0.004026247769404412,-0.7599945068359375,0.014032132151228591,0.021006802746791328,0.018711939830683883,187.2779998779297,0.0038552319148053016,182.46399993896483,0.03034023184237422,181.7625,0.03431675950759927,179.75140014648437,0.045888932418849615,60.17617293583596,37677220.0,0.6936923690229799,0.010851028117727726,0.05027932960893855,0.06461296731824628,-0.007606344020113065,-0.017553207722115993,0,0,1,1,189.94000244140625,166.32000732421875,0.01031916192237367,0.11531910997755984
2024-05-09,188.8800048828125,191.6999969482422,187.44000244140625,189.5,43368400,AMZN,0.007978723404255428,1.5,0.006922042824025995,0.019390864524120602,0.018420483885170605,188.23399963378907,0.006725673197583548,184.0470001220703,0.02962830078356604,181.7849998474121,0.042440246219785704,180.0782000732422,0.05232060251005244,68.56429419411472,35490200.0,1.2219824064107838,0.022480182094121042,0.025876996252212736,0.09114989346435842,-0.012823180347130592,-0.031451222764470654,0,0,1,1,191.6999969482422,166.32000732421875,0.011609482576475923,0.12232186108591689
2024-05-10,189.16000366210938,189.88999938964844,186.92999267578125,187.47999572753906,34141800,AMZN,-0.01065965315282813,-2.0200042724609375,0.009521781213638595,0.018026071636351438,0.01823560379715331,188.48799743652344,-0.005347829690449335,184.83300018310547,0.014321011625690883,181.85249938964844,0.030945389020102576,180.29260009765625,0.039865172647073344,62.98454482264316,34484160.0,0.9900719634754044,0.015788386928325442,0.006820197453853094,0.04375905146430692,-0.007947462493760549,-0.023095807177995642,0,0,0,1,191.6999969482422,166.32000732421875,0.02250907465794894,0.11286531302289819
2024-05-13,188.0,188.30999755859375,185.36000061035156,186.57000732421875,24898600,AMZN,-0.004853789332504466,-0.9099884033203125,0.00692600519492943,0.018216318734900747,0.017987173068711903,188.06199951171874,-0.007933512306440238,185.3940002441406,0.006343285535289622,182.0,0.025109930352850363,180.45960021972655,0.03386024959077938,59.23301221865725,32518820.0,0.7656673889150959,0.015811742683354908,-0.011287703542505412,0.03100132848260806,-0.015758172943077353,-0.01843813210248879,0,0,0,1,191.6999969482422,166.32000732421875,0.02749632536117455,0.10853834595616343
2024-05-14,183.82000732421875,187.72000122070312,183.4499969482422,187.07000732421875,38698200,AMZN,0.002679959159411549,0.5,0.00721917405351061,0.013138767434751324,0.017980414415861335,187.7240020751953,-0.003483809975000307,186.6010009765625,0.002513418176760762,182.1875,0.02679935409519718,180.64940032958984,0.03554181183505012,64.71085404679249,33448680.0,1.156942516117228,0.022825702171810028,-0.008953100401557723,0.06897147042410712,-0.012669109334394801,-0.03218048878368529,0,0,0,1,191.6999969482422,166.32000732421875,0.024750037113106065,0.11092104125509183
2024-05-15,185.97000122070312,186.72000122070312,182.72999572753906,185.99000549316406,75459900,AMZN,-0.005773249525686364,-1.0800018310546875,0.0073954238824406725,0.012338472438406944,0.01782691827956776,187.32200317382814,-0.007110737970424275,187.3000015258789,-0.006994105830446795,182.42300033569336,0.01955348366657006,180.88680053710937,0.028212146717735642,68.23565389198512,43313380.0,1.7421845166551306,0.02145279517888241,-0.010691460142744358,0.039050310017676226,-0.013172816466857418,-0.028173586420785712,0,0,0,1,191.6999969482422,166.32000732421875,0.030700528450105305,0.10575836113768097
2024-05-16,185.60000610351562,187.30999755859375,183.4600067138672,183.6300048828125,38834500,AMZN,-0.012688857146349708,-2.3600006103515625,0.00597545756451558,0.008559800123289444,0.017879375889246315,186.14800415039062,-0.013526866855600561,187.19100189208984,-0.01902333431245884,182.64350051879882,0.005401256333849913,181.0892007446289,0.014030677300114869,56.64128758089331,42406600.0,0.9157654704692194,0.02096602266706641,-0.030976227531332445,-0.00590080300285567,-0.002614011727737231,-0.008059744850917094,0,0,0,1,191.6999969482422,166.32000732421875,0.0439470230945086,0.09426562706699541
2024-05-17,183.75999450683594,185.3000030517578,183.35000610351562,184.6999969482422,33175700,AMZN,0.005826891232250109,1.0699920654296875,0.007334337952166538,0.008335435947599997,0.016727511427894498,185.59200439453124,-0.004806281656362876,187.04000091552734,-0.012510714049568272,183.14700012207032,0.008479510039131277,181.24680053710938,0.01905245444829684,56.24998725033609,42213380.0,0.7859048481784685,0.010557644723668448,-0.014828242173298256,-0.008109176258960682,-0.008500227890472778,-0.014509976827624227,0,0,0,1,191.6999969482422,166.32000732421875,0.037899296782130346,0.0995126688019058
2024-05-20,184.33999633789062,186.6699981689453,183.27999877929688,183.5399932861328,30511800,AMZN,-0.006280474722663021,-1.160003662109375,0.00745313556156575,0.006803331146381277,0.016600907094682926,184.98600158691406,-0.007816852563851118,186.5240005493164,-0.0159979801762542,183.4625,0.0004223930565254719,181.4106002807617,0.011737974528916784,66.99840790930733,43336020.0,0.7040748089003097,0.01847008561433006,-0.016240627749027348,-0.02734501190015759,-0.013566472297365628,-0.022992187622755567,0,0,0,1,191.6999969482422,166.32000732421875,0.04445899509971212,0.0938214372442995
2024-05-21,182.3000030517578,183.25999450683594,180.75,183.14999389648438,50839100,AMZN,-0.0021248741632045043,-0.3899993896484375,0.006776956372920109,0.006724415947676907,0.016409865046435018,184.20199890136718,-0.005711148690878853,185.96300048828124,-0.015126700388845005,183.64300003051758,-0.002684589850695529,181.63440002441405,0.008344200613246144,59.64667108375104,45764200.0,1.1108923569078013,0.013704584168616332,-0.02095479378979459,-0.029720283818658433,-0.01310398021547765,-0.03663659120223928,0,0,0,0,191.6999969482422,166.32000732421875,0.04668306490138481,0.09189182163870485
2024-05-22,183.8800048828125,185.22000122070312,181.97000122070312,183.1300048828125,28148800,AMZN,-0.00010914012742568868,-0.019989013671875,0.006921778102572173,0.006771410483763369,0.015888493530174266,183.62999877929687,-0.0027228334139745014,185.4760009765625,-0.012648515610633848,183.97000045776366,-0.004565937777143203,181.78920013427734,0.007375601782420471,44.971538100725596,36301980.0,0.7754067408995322,0.017746955241330995,-0.015377173643111086,-0.02590422934674197,-0.00535144957242395,-0.026156328385329664,0,0,0,0,191.6999969482422,166.32000732421875,0.04679731249345921,0.09179269977822972
2024-05-23,183.66000366210938,184.75999450683594,180.0800018310547,181.0500030517578,33670200,AMZN,-0.011358061353112014,-2.0800018310546875,0.006470577168032052,0.006146849775397491,0.01561140268628259,183.11399841308594,-0.011271641596029003,184.6310012817383,-0.019395433080688584,184.3390007019043,-0.017842115003461112,181.87900024414063,-0.004557959914393783,34.268246389055335,35269120.0,0.9546651575088916,0.025849172034774024,-0.014050001429239067,-0.04459101291948386,0.0053576426641972485,-0.009444941646194471,1,0,0,0,191.6999969482422,174.8000030517578,0.05882349470847454,0.034520850011879184
2024-05-24,181.64999389648438,182.44000244140625,180.3000030517578,180.75,27471600,AMZN,-0.0016570176564539851,-0.3000030517578125,0.004555715363242869,0.005799470903225389,0.013674761945293629,182.3239990234375,-0.00863297773122651,183.95800170898437,-0.01743877232401847,184.39550094604493,-0.019770010262406656,181.91900024414062,-0.0064259381514398806,22.02670561011098,34128300.0,0.8049507300392928,0.011839554022951245,-0.021386015232848554,-0.03589714039315228,-0.007911439423409439,0.0029322200790975472,0,1,0,0,191.6999969482422,174.8000030517578,0.06058089597920989,0.032918378690136585
2024-05-28,179.92999267578125,182.24000549316406,179.49000549316406,182.14999389648438,29927000,AMZN,0.007745471073219212,1.399993896484375,0.006800913906100465,0.006789138474200031,0.013682656021873725,182.0459991455078,0.0005712553501022732,183.51600036621093,-0.007443527904927416,184.4550003051758,-0.012496307526918993,182.07360015869142,0.00041957613693788254,28.745941204003984,34011340.0,0.8799124056858683,0.01509744766482299,-0.007573277980246429,-0.023690910940756593,-0.03134774442168309,0.01564647926991025,0,1,1,0,191.6999969482422,174.8000030517578,0.05242933500829579,0.040351309860068144
2024-05-29,181.6999969482422,184.0800018310547,181.5500030517578,182.02000427246094,32009300,AMZN,-0.0007136405620595809,-0.1299896240234375,0.006797818435838965,0.006590352278087667,0.011225175692352297,181.82000122070312,0.0011000057772250216,183.01100006103516,-0.005414952042465893,184.80600051879884,-0.015075247765315436,182.22440032958986,-0.0011216722719856742,29.959756390654476,30245380.0,1.0583203120608833,0.0138995644429817,-0.006169749722525819,-0.02699525767915023,-0.020217601627246506,0.012526089032961485,0,1,1,0,191.6999969482422,176.55999755859375,0.05318092763744541,0.0299967398401675
2024-05-30,181.30999755859375,181.33999633789062,178.36000061035156,179.32000732421875,29184700,AMZN,-0.014833517662161122,-2.6999969482421875,0.009022452074819292,0.007602794170610501,0.010695535426479077,181.05800170898436,-0.009599102875105792,182.34400024414063,-0.01658400010898664,184.82200088500977,-0.029769148339727103,182.29280059814454,-0.016307793089860745,18.42427099365983,30452560.0,0.9583660618351955,0.016618311431089196,-0.020804878812905714,-0.03586213222188683,0.000111471184783829,0.04316300422841679,1,1,0,0,191.6999969482422,178.36000061035156,0.06903852954701174,0.005353595107385043
2024-05-31,178.3000030517578,179.2100067138672,173.8699951171875,176.44000244140625,58903900,AMZN,-0.016060700229647673,-2.8800048828125,0.010136304108529849,0.008107724738905723,0.008299569135306358,180.13600158691406,-0.020517826047807164,181.625,-0.028547818629559574,184.40800094604492,-0.04320852925990992,182.25860076904297,-0.03192495883917168,17.491119240761364,35499300.0,1.6592975072747913,0.030265311283097753,-0.02546258233993881,-0.039154834450909615,0.02743140031126412,0.061153894450415525,1,1,0,0,191.6999969482422,173.8699951171875,0.08648829231287056,0.014565899391620223
2024-06-03,177.6999969482422,178.6999969482422,175.9199981689453,178.33999633789062,30786600,AMZN,0.01076849847083472,1.899993896484375,0.012451420772927869,0.008883728916466573,0.008496146191732636,179.65400085449218,-0.007314084352988082,180.98899993896484,-0.014636268513376738,184.0145004272461,-0.03083726595556535,182.26240081787108,-0.02152064530248332,27.100655526119155,36162300.0,0.8513451854555711,0.015588195785480279,-0.013333353593966146,-0.0344342215237492,0.03734441964152024,0.04794215110085909,1,1,0,0,191.6999969482422,173.8699951171875,0.07491309232192161,0.02506449093020092
2024-06-04,177.63999938964844,179.82000732421875,176.44000244140625,179.33999633789062,27198400,AMZN,0.00560726713319748,1.0,0.012036271167332784,0.009252446764108009,0.007907899412659476,179.09200134277344,0.0013847351822404708,180.56900024414062,-0.006806284049799882,183.5465003967285,-0.022917920253154866,182.27180084228516,-0.016084794745246156,29.074111403381224,35616580.0,0.7636443476605559,0.018846910626920642,-0.01542683311969073,-0.022883279404366852,0.02765700242639757,0.025036275146925524,1,1,1,0,191.6999969482422,173.8699951171875,0.06891937583774872,0.030500732309580364
2024-06-05,180.10000610351562,181.5,178.75,181.27999877929688,32116400,AMZN,0.010817455564965828,1.94000244140625,0.013598338241042675,0.010138334451976117,0.008436417151114402,178.94400024414062,0.013054355172395615,180.3820007324219,0.004978312931605,183.17250061035156,-0.010331801033171772,182.30320068359376,-0.005612638178924545,37.816829529944926,35638000.0,0.9011841293001852,0.01516990301477244,-0.00406551739256289,-0.010210183890284052,0.031884371239067955,0.013128888453436627,1,1,1,0,191.6999969482422,173.8699951171875,0.05748013150436611,0.0408760134157483
2024-06-06,181.75,185.0,181.49000549316406,185.0,31371200,AMZN,0.020520748266509736,3.720001220703125,0.013629752931727634,0.012220245891437784,0.009799410643673831,180.0799987792969,0.027321197545836284,180.56900024414062,0.024539094472851852,183.02250061035156,0.010804679113517679,182.4372006225586,0.01404757017042546,53.31077084645463,36075300.0,0.8696033019822427,0.018972943280194256,0.03167517535013009,0.010211298352687415,0.012054030959670614,-0.005081094277871623,1,0,1,1,191.6999969482422,173.8699951171875,0.03621619972022804,0.06016218855574324
2024-06-07,184.89999389648438,186.2899932861328,183.36000061035156,184.3000030517578,28021500,AMZN,-0.003783767287795614,-0.6999969482421875,0.008858115221045884,0.011581442333953518,0.009598350429194245,181.6519989013672,0.014577346610033404,180.8940002441406,0.01882872180956996,182.76250076293945,0.008412569768962985,182.52660064697267,0.009715857296959785,49.0157619265745,29898820.0,0.9372108999619383,0.015897952399699128,0.044547724447928205,0.017950842006177137,0.014053154069472606,-0.008084674272878956,1,0,1,1,189.88999938964844,173.8699951171875,0.030330961721800737,0.05659255432373056
2024-06-10,184.07000732421875,187.22999572753906,183.7899932861328,187.05999755859375,34445600,AMZN,0.014975553234585881,2.7599945068359375,0.009283114886698474,0.01220100964362847,0.009992775961335541,183.3959991455078,0.019978616928163717,181.525,0.030491654364928955,182.7415008544922,0.02363172395930002,182.6602005004883,0.024087332905854852,58.02921867505901,30630620.0,1.1245479196960426,0.01838983473913882,0.04889537624628981,0.03491008331172196,-0.01726716438412934,-0.0051319975815642405,0,0,1,1,188.30999755859375,173.8699951171875,0.0066823479969759765,0.07051214911555144
2024-06-11,187.05999755859375,187.77000427246094,184.5399932861328,187.22999572753906,27265100,AMZN,0.0009087895389929823,0.1699981689453125,0.010001786497909507,0.012128283523960256,0.00993030585776703,184.9739990234375,0.012196290916626218,182.03300018310546,0.02854974394316412,182.7745002746582,0.02437700798626463,182.785400390625,0.024315920896393672,59.40094042101666,30643960.0,0.8897381408930177,0.017251567911311088,0.04399464453419011,0.02788911337511024,-0.019067415194650827,0.0098809279801928,0,1,1,1,187.77000427246094,173.8699951171875,0.00288419888503179,0.0713560909855134
2024-06-12,188.02000427246094,188.35000610351562,185.42999267578125,186.88999938964844,33984200,AMZN,-0.0018159287809064173,-0.339996337890625,0.010885933846970255,0.01216891550599773,0.009922652825818097,186.09599914550782,0.004266616411886304,182.5199996948242,0.023942580002908942,182.7654998779297,0.022567166749050127,182.90940032958986,0.02176268170408857,58.53769070910491,31017520.0,1.0956452998176514,0.015624235846062666,0.03094660551703532,0.02675527416150225,-0.015142607096671812,-0.007062935789718838,0,0,1,1,188.35000610351562,173.8699951171875,0.007812117923031333,0.06966667191921505
2024-06-13,186.08999633789062,187.6699981689453,182.6699981689453,183.8300018310547,39721500,AMZN,-0.016373254687715777,-3.05999755859375,0.01121803040832795,0.012422660362155051,0.010512715429782098,185.86199951171875,-0.010932830196610177,182.97099914550782,0.004694747744497629,182.65749969482422,0.006419129453701267,182.93780029296875,0.004877075905893147,56.04348362597076,32687580.0,1.215186318473255,0.027199042322782276,-0.0063243144267314255,0.025150537154962738,-0.005548627875216705,0.013653889364276361,0,1,0,1,188.35000610351562,173.8699951171875,0.02458795750116435,0.05418052882913385
2024-06-14,183.0800018310547,183.72000122070312,182.22999572753906,183.66000366210938,25456400,AMZN,-0.0009247574783878276,-0.1699981689453125,0.011127030994785809,0.010705724184057448,0.010118400255462881,185.73399963378907,-0.011166485273396254,183.69299926757813,-0.00017962364162116273,182.65899963378905,0.0054801790786505045,183.01100036621094,0.0035462529279648436,56.362064203105675,32174560.0,0.7911965229672139,0.008112846909800336,-0.003472595654101518,0.040920432559508724,0.013285431736652198,0.05417617744660297,1,1,0,1,188.35000610351562,173.8699951171875,0.025536329891589986,0.053305065608803735
2024-06-17,182.52000427246094,185.0,181.22000122070312,184.05999755859375,35601900,AMZN,0.002177904217078641,0.399993896484375,0.007523810163424961,0.01045011496040071,0.010041486726521836,185.13399963378907,-0.005801214673262556,184.26499938964844,-0.0011125380931469309,182.62699966430665,0.007846582908995536,182.99080017089844,0.005842902412016127,54.36672783216002,32405820.0,1.0986267281617932,0.020536775124608747,-0.016037635192742372,0.032073574846697595,0.027273738666995673,0.07492126875929106,1,1,0,1,188.35000610351562,173.8699951171875,0.02330766381519804,0.05536239583053542
2024-06-18,183.74000549316406,184.2899932861328,181.42999267578125,182.80999755859375,36659200,AMZN,-0.006791263808433312,-1.25,0.007254374809845646,0.010861629591482718,0.010058599698132694,184.25,-0.0078154813644844,184.61199951171875,-0.009761022890663273,182.5904998779297,0.0012021308929588415,182.9432000732422,-0.0007281085855889158,51.7181255894618,34284640.0,1.0692601701519981,0.01564466193614429,-0.02360731864448362,0.01934873029753703,0.015097695982082993,0.057108487395827634,1,1,0,1,188.35000610351562,173.8699951171875,0.030304735074164677,0.04890324687270359
2024-06-20,182.91000366210938,186.50999450683594,182.72000122070312,186.10000610351562,44726800,AMZN,0.017996874289478493,3.290008544921875,0.012655295358693454,0.011715077267472439,0.010827709525990378,184.09200134277344,0.01090761546452712,185.09400024414063,0.005435107880579881,182.73800048828124,0.018397955577115876,182.9518002319336,0.017207843090863095,64.37659592917537,36433160.0,1.2276398753223712,0.020365358204366097,-0.004227049540974859,0.026588743141414906,0.0012895767141538617,0.05964530080967512,1,1,1,1,188.35000610351562,173.8699951171875,0.012090273649687403,0.06571741313928461
2024-06-21,187.8000030517578,189.27999877929688,185.86000061035156,189.0800018310547,70792500,AMZN,0.01601287280926522,2.9799957275390625,0.010838502477091456,0.01101872332741897,0.011340161898437152,185.14200134277343,0.021270162684427385,185.5020004272461,0.019288209267650958,183.03550033569337,0.03302365652715178,183.01440032958985,0.033142755381769584,76.68921335325741,42647360.0,1.6599503462816925,0.018087572116701815,0.028558994438921292,0.022054063951646885,0.023958106280031144,0.05775332167969016,1,1,1,1,189.27999877929688,173.8699951171875,0.0010577371816448745,0.08044217562181703
2024-06-24,189.3300018310547,191.0,185.3300018310547,185.57000732421875,50610400,AMZN,-0.0185635417434159,-3.5099945068359375,0.01542967176645245,0.012768527241562903,0.011877280404666568,185.5240020751953,0.00024797464753256726,185.62900085449218,-0.0003178034143472841,183.2615005493164,0.012596790749735964,182.94480041503905,0.01434972135433199,64.29422156577394,47678160.0,1.0615006954966384,0.030554496659791427,0.010399671262248944,0.00689096175491799,0.06617448022105132,0.06477333911331451,1,1,1,1,191.0,173.8699951171875,0.029261154612632175,0.06304904750361714
2024-06-25,186.80999755859375,188.83999633789062,185.4199981689453,186.33999633789062,45366400,AMZN,0.004149318226444709,0.769989013671875,0.015455201018168226,0.011855656928853762,0.011872140842947685,185.9800018310547,0.0019356624545199264,185.55700073242187,0.004219703931288787,183.54100036621094,0.01524997665968364,182.94900024414062,0.0185351988216651,63.966498815706956,49631060.0,0.9140727600820937,0.018353537813448402,0.012387258554488856,-0.0038490389719886275,0.03708277234040214,0.073306879524349,1,1,1,1,191.0,173.8699951171875,0.02500806994575326,0.06692069048928846
2024-06-26,186.9199981689453,194.8000030517578,186.25999450683594,193.61000061035156,65103900,AMZN,0.03901472799901873,7.2700042724609375,0.021078651441479447,0.01721010443118262,0.01449460013311993,188.14000244140624,0.02907408365028008,186.19500122070312,0.03982383705811299,184.1140007019043,0.05157673980384603,183.1488003540039,0.05711858464880715,70.28630217253445,55320000.0,1.1768600867678958,0.04410933587107935,0.05907774846009839,0.03407576258291867,0.0185424116862416,0.029337289695135604,1,1,1,1,194.8000030517578,173.8699951171875,0.006146389327280573,0.10195757156621094
2024-06-27,195.00999450683594,199.83999633789062,194.1999969482422,197.85000610351562,74397500,AMZN,0.0218997235669518,4.2400054931640625,0.021438303085673335,0.018013241861275054,0.015048393392790673,190.49000244140626,0.0386372175325751,187.29100189208984,0.05637753071292506,184.90550079345704,0.07000605852455322,183.43940032958983,0.07855785479037714,70.78618128108778,61254140.0,1.2145709661420436,0.02850644031164485,0.06313809572614537,0.058644158326613294,0.010866787112250531,0.00753090820525637,1,1,1,1,199.83999633789062,173.8699951171875,0.010058075173037053,0.1212029833033299
2024-06-28,197.72999572753906,198.85000610351562,192.5,193.25,76930200,AMZN,-0.023249966952787915,-4.600006103515625,0.02643867835221486,0.01905732190927736,0.015714133955159654,191.32400207519532,0.0100666821931088,188.23300170898438,0.026653128014034966,185.60200042724608,0.041206450119872784,183.6788003540039,0.05210835233869959,62.85550344605088,62481680.0,1.2312441022712577,0.03285902252789457,0.022054147073000685,0.05124298577553499,0.02245793706541077,0.033842138608707995,1,1,1,1,199.83999633789062,173.8699951171875,0.03410088661262937,0.10028463070019406
2024-07-01,193.49000549316406,198.3000030517578,192.82000732421875,197.1999969482422,41192000,AMZN,0.02043982896891161,3.9499969482421875,0.023463846508000808,0.019490502470092208,0.015394585842554947,193.65,0.01833202658529398,189.58700103759764,0.0401556850890572,186.6400001525879,0.056579494143918385,184.03840026855468,0.07151549166088,64.0833384549198,60598000.0,0.6797584078682465,0.027789025417568145,0.06267170967830005,0.07372314611864628,0.014198798656638534,-0.010902606134667758,1,0,1,1,199.83999633789062,175.9199981689453,0.01338742104717852,0.10791074598688812
2024-07-02,197.27999877929688,200.42999267578125,195.92999267578125,200.0,45600000,AMZN,0.014198798656638534,2.8000030517578125,0.023000827920646734,0.019509589205364386,0.015473061111972745,196.3820007324219,0.018423273284132513,191.18100128173828,0.046129053928666286,187.72300033569337,0.0653995495616011,184.54580017089845,0.08374181268167691,66.52861468091031,60644720.0,0.7519203650375499,0.0225,0.073306879524349,0.08660220934932861,-0.0035500335693359197,-0.02754997253417968,0,0,1,1,200.42999267578125,176.44000244140625,0.00214996337890625,0.11779998779296875
2024-07-03,199.94000244140625,200.02999877929688,196.75999450683594,197.58999633789062,31597900,AMZN,-0.012050018310546862,-2.410003662109375,0.020582399343863095,0.020031765388120636,0.015983615575206164,197.1779998779297,0.0020894646472526812,192.65900115966798,0.025594418887991743,188.63550033569337,0.0474698346083422,184.95300018310547,0.06832544561198994,63.144960381507246,53943520.0,0.5857589567755311,0.016549442446818188,0.020556767289872546,0.0808489632770748,0.008856723682546086,-0.02464697205044486,1,0,1,1,200.42999267578125,178.75,0.014373178756651539,0.09534893813993049
2024-07-05,198.64999389648438,200.5500030517578,198.1699981689453,200.0,39858900,AMZN,0.012196992290986808,2.410003662109375,0.0188898705907182,0.019792204993599318,0.016013091370078687,197.60799865722657,0.012104779963500567,194.04900054931642,0.030667508896399465,189.5715003967285,0.0550109039673532,185.36220031738281,0.07896863361329287,70.18726209339903,47035800.0,0.8474162233872923,0.0119000244140625,0.010866787112250531,0.07469099108332489,-0.001050033569335973,-0.03489997863769534,0,0,1,1,200.5500030517578,181.22000122070312,0.0027500152587890624,0.09389999389648437
2024-07-08,200.0399932861328,201.1999969482422,197.9600067138672,199.2899932861328,34767300,AMZN,-0.0035500335693359197,-0.7100067138671875,0.013516958330463482,0.019813642928185615,0.01569019791195315,198.8159973144531,0.0023840937252650463,195.06999969482422,0.0216332270359898,190.28600006103517,0.04731821165093364,185.81620025634766,0.07251140111140497,69.25349243470282,38603220.0,0.9006321234342627,0.016257666433472893,0.03125481648710382,0.05399826187965062,-0.02127547983950895,-0.05700236335520026,0,0,1,1,201.1999969482422,181.22000122070312,0.009584041981310453,0.0906718484328789
2024-07-09,199.39999389648438,200.57000732421875,199.0500030517578,199.33999633789062,32700100,AMZN,0.0002509059834530092,0.0500030517578125,0.010998130117219793,0.018099292145096466,0.015612717419814518,199.2439971923828,0.0004818170025726598,196.4469985961914,0.014726606984950319,191.0379997253418,0.04345730495757261,186.32960021972656,0.06982463388974014,68.98607219102296,36904840.0,0.8860653507778383,0.007625184611142759,0.01085192405053692,0.07420374236238314,-0.024330244475903373,-0.07820806975166616,0,0,1,1,201.1999969482422,181.22000122070312,0.00933079484560025,0.0908999470757151
2024-07-10,200.0,200.11000061035156,197.69000244140625,199.7899932861328,32883800,AMZN,0.002257434315787954,0.4499969482421875,0.008825689201919154,0.018146060955302946,0.015401669956356256,199.20199584960938,0.0029517647853656293,197.79199829101563,0.01010149557302853,191.67449951171875,0.04233997634055586,186.73300018310547,0.0699233295144619,71.5263540911836,34361600.0,0.956992689513876,0.01211270959641842,-0.001050033569335973,0.07217987127064918,-0.03538711798895888,-0.08338750169264186,0,0,1,1,201.1999969482422,181.22000122070312,0.007057428847750212,0.09294755838363906
2024-07-11,200.08999633789062,200.27000427246094,192.86000061035156,195.0500030517578,44565000,AMZN,-0.023724863074531144,-4.739990234375,0.013207939492952469,0.01668877509176366,0.016554034741429052,198.69399719238282,-0.018339729393519466,197.93599853515624,-0.014580447744505842,192.06549987792968,0.015538986313132552,187.01480010986327,0.042965599178108826,60.943992518752566,36955020.0,1.205925473724544,0.03799027708880928,-0.012854867823314686,0.00743764494017185,-0.010407581376751907,-0.06408613075839353,0,0,0,1,201.1999969482422,181.22000122070312,0.03153034504107356,0.07090490445870337
2024-07-12,194.8000030517578,196.47000122070312,193.8300018310547,194.49000549316406,30598500,AMZN,-0.0028710461411536325,-0.55999755859375,0.010441579399970199,0.014969856438094922,0.01656910588100124,197.5919982910156,-0.015698979840686134,197.5999984741211,-0.015738830996824826,192.44550018310548,0.010623814576663504,187.40460021972658,0.03780806482407617,57.03145761690009,35102940.0,0.8716791243126644,0.0135739591500049,-0.02754997253417968,-0.016982565108406456,-0.033729305527801956,-0.041544560660412344,0,0,0,1,201.1999969482422,181.22000122070312,0.034500443547542434,0.0682297490753444
2024-07-15,194.55999755859375,196.19000244140625,190.8300018310547,192.72000122070312,40683200,AMZN,-0.009100746683474936,-1.7700042724609375,0.010473797413991376,0.013269338329770088,0.016217859006744908,196.2779998779297,-0.01812734315327935,197.5469985961914,-0.024434678379271157,192.8900001525879,-0.0008813257906076233,187.67900024414064,0.026859696449815562,59.73317690967447,36286120.0,1.1211780151749484,0.02781237326899601,-0.032966994263463834,-0.0027425551321960118,-0.046544215254703536,-0.06169572080913388,0,0,0,0,201.1999969482422,181.22000122070312,0.04400163799204092,0.05967206271875325
2024-07-16,195.58999633789062,196.6199951171875,192.24000549316406,193.02000427246094,33994700,AMZN,0.0015566783408964557,0.3000030517578125,0.010702284434550806,0.011186711131857667,0.01619985439475571,195.01400146484374,-0.010224892455951595,197.12899932861328,-0.020844193752044826,193.35800018310547,-0.0017480316838427434,187.84500030517577,0.02754933034617779,59.21125665257074,36545040.0,0.9302137855096068,0.022691894762580062,-0.03170458604161408,-0.02119671775085441,-0.05123820936035228,-0.06823126037420946,0,0,0,0,201.1999969482422,181.22000122070312,0.04237898919655307,0.061133575746383784
2024-07-17,191.35000610351562,191.5800018310547,185.99000549316406,187.92999267578125,48076100,AMZN,-0.02637038381521739,-5.0900115966796875,0.012444428947883805,0.011955607169013442,0.017449687771481714,192.64200134277343,-0.02445992376609485,195.9219985961914,-0.04079177416356505,193.55149993896484,-0.029043987078148703,187.87940002441405,0.0002692825895793671,41.66666293555003,39583500.0,1.214548991372668,0.02974509953573267,-0.0593623354967836,-0.06035003662109373,-0.028627626423127994,-0.028893699182701127,0,0,0,0,201.1999969482422,181.42999267578125,0.0706114233471742,0.03458734770034215
2024-07-18,189.58999633789062,189.67999267578125,181.4499969482422,183.75,51043600,AMZN,-0.022242286163404512,-4.17999267578125,0.012111464736235018,0.01291160373540324,0.01814941531831893,190.3820007324219,-0.03483522973236863,194.53799896240236,-0.055454456301297306,193.59850006103517,-0.05087074568207017,187.78040008544923,-0.02146336935918336,29.276898870437606,40879220.0,1.248644176674604,0.044789092394770406,-0.057933877851615745,-0.07004401333265586,0.014476210406037415,-0.002993213887117374,1,0,0,0,201.1999969482422,181.4499969482422,0.09496596978635204,0.012517023410926871
2024-07-19,181.13999938964844,184.92999267578125,180.11000061035156,183.1300048828125,43081800,AMZN,-0.0033741230867346816,-0.6199951171875,0.01202043352588344,0.01113446903654408,0.017682758897495623,188.11000061035156,-0.0264738488723657,192.8509994506836,-0.05040676271090294,193.45,-0.05334709287768147,187.66780029296876,-0.024179936052281192,33.15580519550444,43375880.0,0.9932201951868181,0.0263200564457696,-0.05840917419661873,-0.08434997558593749,-0.012559400373683305,-0.007754044291398254,0,0,0,0,201.1999969482422,180.11000061035156,0.09867302781427288,0.01649104020061312
2024-07-22,185.0,185.05999755859375,182.47999572753906,182.5500030517578,39931900,AMZN,-0.003167158934036185,-0.5800018310546875,0.01264339489008788,0.011154849584960375,0.017245870170554466,186.0760009765625,-0.018949235292566424,191.1770004272461,-0.04512570736128563,193.12350006103514,-0.05474992430199155,187.5588003540039,-0.02670521080744992,22.53470843541136,43225620.0,0.923801671323627,0.01413312400944298,-0.052770849442340007,-0.08399814741496014,-0.014790451400193416,0.02426728349341767,0,1,0,0,201.1999969482422,180.11000061035156,0.102163755599591,0.013366214191267057
2024-07-23,184.10000610351562,189.38999938964844,183.55999755859375,186.41000366210938,47537700,AMZN,0.021144894800451786,3.8600006103515625,0.01888991411087236,0.014475739071891458,0.017476151442842647,184.75400085449218,0.00896328523311074,189.88400115966797,-0.018295367046944677,193.16549987792968,-0.03497258164677142,187.4970004272461,-0.005797408826060169,25.49586917835883,45934220.0,1.034908179566345,0.031275155391457796,-0.034245158346495,-0.06486401581880386,-0.020975288800469838,-0.012552954733760724,0,0,1,0,201.1999969482422,180.11000061035156,0.07934119948273516,0.033796485853716994
2024-07-24,183.1999969482422,185.4499969482422,180.41000366210938,180.8300018310547,41532400,AMZN,-0.029934025650088625,-5.5800018310546875,0.01985538857148044,0.015807925944546827,0.018706736889208427,183.33400268554686,-0.013658136613026506,187.98800201416014,-0.03807689909149781,192.8900001525879,-0.06252267256982225,187.36400054931642,-0.03487328781999344,22.880275823517593,44625480.0,0.9306880284536996,0.027871444091680995,-0.03777997723320059,-0.09489960504640604,0.01310620523800976,-0.07150366534116681,1,0,0,0,201.1999969482422,180.11000061035156,0.11264720959422828,0.00398164692480513
2024-07-25,182.91000366210938,183.89999389648438,176.8000030517578,179.85000610351562,44464200,AMZN,-0.005419431054668911,-0.9799957275390625,0.018081946095716006,0.015059502293086571,0.016122676024654763,182.55400390625,-0.014812043257747431,186.46800231933594,-0.03549132362391405,192.2020004272461,-0.0642656907642648,187.22960052490234,-0.03941467802472398,15.812702643648521,43309600.0,1.0266592164323844,0.03947728998485575,-0.02122445657950678,-0.07792871935617851,0.010341954669053521,-0.10469836637212437,1,0,0,0,201.1999969482422,176.8000030517578,0.1187099812075526,0.01695859298443578
2024-07-26,180.38999938964844,183.19000244140625,180.24000549316406,182.5,29506000,AMZN,0.014734466536293178,2.649993896484375,0.01998913989935294,0.01666622960737125,0.015598348809708595,182.4280029296875,0.0003946601900819413,185.26900177001954,-0.01494584492583817,191.43450012207032,-0.046671316384314876,187.13820037841796,-0.02478489356549818,23.27284386332667,40594440.0,0.7268483073051384,0.016164366839683218,-0.0034402056791056346,-0.061648440302941365,0.02454792179473464,-0.11271236889982872,1,0,1,0,201.1999969482422,176.8000030517578,0.10246573670269692,0.03123285999036815
2024-07-29,183.83999633789062,184.75,182.3800048828125,183.1999969482422,33270100,AMZN,0.003835599716395466,0.6999969482421875,0.02000334025829191,0.016917703476102212,0.014995333454484895,182.55800170898436,0.0035166644751141174,184.31700134277344,-0.006060235281573179,190.93199996948243,-0.040496108679928366,187.08240020751953,-0.02075237037247124,24.828433717278187,39262080.0,0.8473850595791155,0.012936654785300422,0.003560634815766628,-0.049398112350355516,0.0047489650134784345,-0.11151742912721307,1,0,1,0,201.1999969482422,176.8000030517578,0.09825327674587994,0.03493446508240121
2024-07-30,184.72000122070312,185.86000061035156,179.3800048828125,181.7100067138672,39508600,AMZN,-0.008133134602594794,-1.489990234375,0.016577195843794083,0.016782254260968087,0.014018071565407936,181.61800231933594,0.0005065819101428559,183.18600158691407,-0.008057356240436242,190.15750045776366,-0.044423668398884786,187.04400024414062,-0.02851731957887549,22.688821891538055,37656260.0,1.0491907587211262,0.03566119359481892,-0.02521322276652871,-0.05859495030695838,-0.0760002878604753,-0.08755711339091155,0,0,1,0,201.1999969482422,176.8000030517578,0.10725876129136493,0.02702109669634759
2024-07-31,185.0500030517578,187.94000244140625,184.4600067138672,186.97999572753906,41667300,AMZN,0.029002194810164417,5.269989013671875,0.015305177305594183,0.01833783800681379,0.015355881353577547,182.8480010986328,0.02259797538982866,183.09100189208985,0.021240769864492304,189.50650024414062,-0.013332020344139495,187.08960021972655,-0.000585839576645375,38.00176408614621,37683240.0,1.105724985431189,0.018611593791081238,0.034009809402259394,-0.005055057655864115,-0.13883833590897154,-0.10717720474940229,0,0,1,0,201.1999969482422,176.8000030517578,0.07605092280258703,0.054444287669228486
2024-08-01,189.2899932861328,190.60000610351562,181.8699951171875,184.07000732421875,70435600,AMZN,-0.015563100170141508,-2.9099884033203125,0.017799499095401506,0.017557089735642566,0.01548144645495612,183.69200134277344,0.002057824938931141,183.1230026245117,0.005171413127431412,188.83050079345702,-0.025210405359488486,187.10020050048828,-0.016195563490385645,35.519721728273694,42877520.0,1.6427162765010663,0.047427666860202736,0.02346400376697355,0.0017415364583333037,-0.12028040293082809,-0.09382302159656986,0,0,1,0,201.1999969482422,176.8000030517578,0.0930623618319897,0.03949586561191165
2024-08-02,166.75,168.77000427246094,160.5500030517578,167.89999389648438,141448400,AMZN,-0.0878470841762542,-16.170013427734375,0.04371039744073728,0.03303068531644664,0.023992013758649622,180.77200012207032,-0.07120575209044455,181.6000015258789,-0.07544057001256244,187.22550048828126,-0.10322048300790354,186.79520050048828,-0.10115466860699407,25.36718940716031,65266000.0,2.1672601354457144,0.04895772197449283,-0.08000003344392126,-0.08316502255364444,-0.03055384044377174,0.013877319331477844,0,1,0,0,201.1999969482422,160.5500030517578,0.1983323660648154,0.04377600424010773
2024-08-05,154.2100067138672,162.9600067138672,151.61000061035156,161.02000427246094,83149400,AMZN,-0.04097671157906757,-6.8799896240234375,0.04328497202030393,0.034528896527608474,0.025028900694300114,176.33600158691405,-0.08685689352496762,179.4470016479492,-0.10268768609263002,185.31200103759767,-0.1310870134104707,186.35300048828125,-0.1359409086488702,21.910093095821836,75241860.0,1.1050949564511032,0.0704881741545004,-0.12106983103306257,-0.11794028167281123,0.029685744953829918,0.056390520370937613,1,1,0,0,200.57000732421875,151.61000061035156,0.24562167434075768,0.05843996654096945
2024-08-06,161.7100067138672,165.0800018310547,158.5399932861328,161.92999267578125,59950800,AMZN,0.005651399696776416,0.9099884033203125,0.04500888054403161,0.03320274345217297,0.02517737856030216,172.37999877929687,-0.06062191772547265,176.9990005493164,-0.0851361184343894,183.44150085449218,-0.11726631148626554,185.97060028076172,-0.1292710114861495,25.369429075457376,79330300.0,0.7557112477830035,0.04038787649435878,-0.10885484182075278,-0.13132348321123954,0.0309393564640994,0.09670848125994835,1,1,0,0,200.27000427246094,151.61000061035156,0.2367690565727663,0.06373119577725503
2024-08-07,166.5500030517578,167.5800018310547,161.42999267578125,162.77000427246094,48408200,AMZN,0.0051874985158653075,0.8400115966796875,0.03914794406406902,0.03312456806410079,0.025261008257080154,167.53800048828126,-0.028459192552878876,175.19300079345703,-0.07091034724407819,181.5905014038086,-0.10364251976757255,185.61100036621093,-0.12305841813623464,28.78234818278588,80678480.0,0.6000137831054824,0.037783430569793,-0.12947904593150228,-0.09987279420295969,0.024758854048753776,0.08779254722026542,1,1,0,0,200.27000427246094,151.61000061035156,0.23038642879942853,0.06856302370938462
2024-08-08,165.1699981689453,166.69000244140625,162.5500030517578,165.8000030517578,44616200,AMZN,0.018615215947435537,3.029998779296875,0.04423434494312765,0.03433972143418302,0.02580795809405288,163.88399963378907,0.011691217094104367,173.78800048828126,-0.045964033270882165,180.12800140380858,-0.0795434260103206,185.2840005493164,-0.1051574741466822,33.28831717352273,75514600.0,0.5908287933724075,0.02496983904370649,-0.09925573719503566,-0.0781206704195,0.026718893813278966,0.07490951713111937,1,1,1,0,196.6199951171875,151.61000061035156,0.18588655909619378,0.08558505536924843
2024-08-09,166.39999389648438,168.5500030517578,165.85000610351562,166.94000244140625,36401000,AMZN,0.00687575011257735,1.1399993896484375,0.023061997515508924,0.033859656526688174,0.02599654441320742,163.69200134277344,0.01984214910923754,172.23200073242188,-0.030725987438520397,178.7505012512207,-0.06607253533356894,184.9824005126953,-0.09753575486793842,35.10779130524911,54505120.0,0.667845516164353,0.01617345698308499,-0.005717638415579596,-0.08526026059503422,0.01892897817117567,0.07152271634593421,1,1,1,0,196.6199951171875,151.61000061035156,0.17778838050633514,0.09182940940973879
2024-08-12,168.13999938964844,168.5500030517578,166.11000061035156,166.8000030517578,30072800,AMZN,-0.000838620987187122,-0.1399993896484375,0.0070962715374976145,0.03370488294772616,0.0260316475677633,164.8480010986328,0.01184122306679991,170.59200134277344,-0.022228464764864952,177.45450134277343,-0.060040732753435466,184.7320004272461,-0.09707033613026095,29.862376192632595,43889800.0,0.68518881380184,0.014628311731200152,0.035896153433933486,-0.08951961883011228,0.06468820796594765,0.07979614697287318,1,1,1,0,196.6199951171875,151.61000061035156,0.1787769275770132,0.09106715925354518
2024-08-13,167.80999755859375,171.0399932861328,167.10000610351562,170.22999572753906,39237900,AMZN,0.020563504874259175,3.42999267578125,0.009167522236824434,0.03496624694804414,0.026693731305491453,166.50800170898438,0.022353244170570497,169.44400024414062,0.004638674029566969,176.31500091552735,-0.03451212407561177,184.60780029296876,-0.07788297429801139,38.61192731116489,39747220.0,0.9871860220664489,0.02314508183929769,0.05125673702941613,-0.06317764879292154,0.040122199391853464,0.034659045428848456,1,1,1,0,191.5800018310547,151.61000061035156,0.12541859037397435,0.1093813991923589
2024-08-14,172.11000061035156,172.27999877929688,168.86000061035156,170.10000610351562,28843800,AMZN,-0.0007636117446156998,-0.1299896240234375,0.010280394312826683,0.032865720955414644,0.026271623078448613,167.9740020751953,0.012656744508406703,167.7560012817383,0.01397270323486488,175.42350158691406,-0.030346535300236788,184.44300048828126,-0.07776383135600162,39.33025552242634,35834340.0,0.8049206431596061,0.020105808619807146,0.04503287853199889,-0.09027698154737573,0.04773659509598138,0.040799452872410935,1,1,1,0,190.60000610351562,151.61000061035156,0.12051733841517073,0.10870079264965947
2024-08-15,174.86000061035156,177.91000366210938,173.99000549316406,177.58999633789062,51698500,AMZN,0.04403286281963403,7.489990234375,0.0189337852818989,0.036704321700216105,0.028052910917573965,170.33200073242188,0.04261087508078121,167.10800018310547,0.06272587873291346,175.1155014038086,0.014130644713034046,184.40800048828126,-0.036972388032719405,45.141490489290454,37250800.0,1.3878493884695093,0.02207330508350791,0.07110972900556778,-0.03520405676365468,0.007263970783959239,-0.011768660290493504,1,0,1,1,190.60000610351562,151.61000061035156,0.07325868592773423,0.14629199990583008
2024-08-16,177.0399932861328,178.33999633789062,176.25999450683594,177.05999755859375,31489200,AMZN,-0.002984395462729106,-0.529998779296875,0.020320617474530463,0.021595216336400377,0.028051543325521018,172.3559997558594,0.027292335685427327,168.0240005493164,0.053778013734562924,174.81200103759767,0.012859509116382561,184.3236004638672,-0.03940679808225278,43.903885269281886,36268440.0,0.8682259286586355,0.011747440753049603,0.06062055210966877,0.05455630729657335,0.01722581663737177,-0.022252357933656874,1,0,1,1,190.60000610351562,151.61000061035156,0.07647130199717266,0.1437365712140605
2024-08-19,177.63999938964844,178.3000030517578,176.16000366210938,178.22000122070312,31129800,AMZN,0.006551472258579993,1.160003662109375,0.019401125984859408,0.014176893739805678,0.02810161417013147,174.63999938964844,0.020499323428575744,169.74400024414064,0.04993402396768998,174.59550094604492,0.02075941393116576,184.18800048828126,-0.03240167248548764,46.51208397801244,36479840.0,0.8533425585199935,0.012007627510889289,0.06846521558756624,0.10681900690511825,-0.011727058262683054,-0.04163392502593788,0,0,1,1,190.60000610351562,151.61000061035156,0.06946473346435127,0.14930984417062376
2024-08-20,177.9199981689453,179.00999450683594,177.42999267578125,178.8800048828125,26255200,AMZN,0.003703308593809629,0.660003662109375,0.0193272349274717,0.014260838969629626,0.027651346162151702,176.37000122070313,0.01423146592241853,171.43900146484376,0.04340321253851109,174.21900100708007,0.02675370567383184,184.07960052490233,-0.028246452226445506,41.08322697750452,33883300.0,0.774871396823804,0.008832747025525715,0.05081366017959721,0.10467493962634111,-0.010286289951105032,-0.03779075123602327,0,0,1,1,190.60000610351562,151.61000061035156,0.06551878857774578,0.15244858859617097
2024-08-21,179.9199981689453,182.38999938964844,178.88999938964844,180.11000061035156,35599100,AMZN,0.006876093995775934,1.2299957275390625,0.018538806625713528,0.014206175385534241,0.026886606688894425,178.37200012207032,0.00974368447453533,173.17300109863282,0.04005820461451548,174.18300094604493,0.03402742880829446,183.9406005859375,-0.020825200980010172,45.47324076422366,35234360.0,1.0103518270233942,0.01943256891976737,0.05884770222021207,0.10653066217818097,-0.025595472737378944,-0.008938985091864082,0,0,1,1,190.60000610351562,151.61000061035156,0.05824221563275685,0.15823663263239146
2024-08-22,181.3800048828125,181.47000122070312,175.67999267578125,176.1300048828125,32047500,AMZN,-0.022097583221652117,-3.9799957275390625,0.012129331618102588,0.017088157933098366,0.027323696456947176,178.0800018310547,-0.010950117521293379,174.20600128173828,0.011044416305512783,173.99700088500975,0.012258854962749588,183.71860076904298,-0.04130553931101555,63.04282429686147,31304160.0,1.023745725807688,0.03287349335381122,-0.008221135678725289,0.06230399059661029,-0.01708970466234705,0.000681287196167002,0,1,0,1,190.60000610351562,151.61000061035156,0.0821552309064585,0.13921537269459136
2024-08-23,177.33999633789062,178.97000122070312,175.24000549316406,177.0399932861328,29150100,AMZN,0.005166572293719973,0.9099884033203125,0.01243890686838502,0.017089105418967576,0.0271226520328042,178.0760009765625,-0.0058177838942264914,175.21600036621095,0.010409967788955532,173.7240005493164,0.01908770651338454,183.52160064697264,-0.03531795351604439,81.31355851320204,30836340.0,0.9453164675185187,0.021068661709168882,-0.00011298019166816609,0.0605007229964043,-0.03524621820500129,-0.02095566875153465,0,0,0,1,190.60000610351562,151.61000061035156,0.07659293567339365,0.14363981947672796
2024-08-26,176.6999969482422,177.47000122070312,174.3000030517578,175.5,22366200,AMZN,-0.00869856159361615,-1.5399932861328125,0.012312141035229674,0.01761240194216797,0.027146015683289313,177.53200073242186,-0.011445827929830621,176.08600006103515,-0.003327919657622025,173.3390007019043,0.012466896020774998,183.35500061035157,-0.04284039477627477,75.88711855881367,29083620.0,0.7690308152836545,0.01806266762931802,-0.015262042431111511,0.05215825413110209,-0.019259287081552667,0.01361823014044683,0,1,0,1,190.60000610351562,151.61000061035156,0.08603992081775284,0.13612535264756945
2024-08-27,174.14999389648438,174.88999938964844,172.25,173.1199951171875,29842000,AMZN,-0.013561281383547064,-2.3800048828125,0.012379437659937353,0.01761834601494767,0.02723981070383038,176.37999877929687,-0.018482842072068406,176.375,-0.018455024140680343,172.9095001220703,0.0012173709077210049,183.14420043945313,-0.054733948976886104,68.64866291547277,29800980.0,1.001376464800822,0.015249534797302776,-0.032200411495954984,0.01697702791624356,0.031076738877971355,-0.009993043994531048,1,0,0,1,190.60000610351562,151.61000061035156,0.10097049144725105,0.1242490475596161
2024-08-28,173.69000244140625,173.69000244140625,168.9199981689453,170.8000030517578,29045000,AMZN,-0.013401063602498708,-2.3199920654296875,0.010012199163006674,0.018265794171907213,0.026330289666419524,174.51799926757812,-0.021304371075900996,176.44499969482422,-0.03199295334427088,172.10050048828126,-0.007556616237801128,182.8790005493164,-0.06604912243219141,59.24558007776128,28490160.0,1.0194747941043505,0.027927424983800936,-0.051690619771496915,0.004115208248823832,0.031908646667826224,0.026932030225623738,1,1,0,0,190.60000610351562,151.61000061035156,0.11592507434416019,0.11235364226305705
2024-08-29,173.22000122070312,174.2899932861328,170.80999755859375,172.1199951171875,26407800,AMZN,0.007728290643119529,1.3199920654296875,0.010270384962858878,0.01071008981856846,0.026315188125691953,173.71599731445312,-0.009187422125416567,175.89799957275392,-0.021478382157517295,171.50299987792968,0.003597576950239878,182.66520050048828,-0.05772968991580085,59.51506990917581,27362220.0,0.9651190583220222,0.02021842799361989,-0.022767328986864288,-0.03080129136494636,0.007030018290689277,0.04316760484167803,1,1,0,1,182.38999938964844,151.61000061035156,0.05966770023127545,0.11916102189563597
2024-08-30,172.77999877929688,178.89999389648438,172.60000610351562,178.5,43429400,AMZN,0.037067191865004956,6.3800048828125,0.02154168590073056,0.01661012224843424,0.018898867536073657,174.00799865722655,0.025814912977776938,176.04199981689453,0.013962578166926587,172.03300018310546,0.037591623758298276,182.51320037841796,-0.021988548609618963,67.4835862864033,30218080.0,1.437199186712061,0.035294049260329134,0.008246762139826336,0.008132850227390964,-0.0034173703661152244,0.033725514131433876,0,1,1,1,182.38999938964844,151.61000061035156,0.02179271366749825,0.15064425428374476
2024-09-03,177.5500030517578,178.25999450683594,175.25999450683594,176.25,37817500,AMZN,-0.012605042016806678,-2.25,0.022082914975080758,0.016990509140191692,0.016290404290279604,174.15799865722656,0.012012088786635955,175.84499969482422,0.0023031664584074463,172.79449996948242,0.019997743163861603,182.25660034179688,-0.03295683300649932,59.32467942551615,33308340.0,1.135376305153604,0.01702127659574468,0.004273504273504258,-0.011053760561159032,-0.027574471548094004,0.06099290780141842,0,1,1,1,182.38999938964844,158.5399932861328,0.03483687596963653,0.10048230759640958
2024-09-04,174.47999572753906,175.97999572753906,172.5399932861328,173.3300018310547,30309200,AMZN,-0.016567365497562103,-2.9199981689453125,0.022614535765468017,0.01756875280415796,0.016962515331233566,174.2,-0.0049942489606503715,175.28999938964844,-0.0111814568168086,173.3645004272461,-0.00019899458139582826,182.0118002319336,-0.047699096376256245,54.60507452101403,33401780.0,0.9074127187233735,0.019846549385946648,0.0012130702390849013,-0.031026402617742144,0.011942491453079906,0.07592455733622194,1,1,0,0,182.38999938964844,161.42999267578125,0.05227022132858776,0.06865521854013719
2024-09-05,175.0,179.8800048828125,175.0,177.88999938964844,40170500,AMZN,0.026308183871355473,4.55999755859375,0.0234922450896213,0.019725848616812848,0.0177112472087359,175.6179992675781,0.012937171198543318,175.06799926757813,0.016119451492428993,174.12050018310546,0.02164879610717274,181.84280029296875,-0.021737461680923942,50.466713351453365,35626880.0,1.1275334803384411,0.027432710661398043,0.04151051645907833,-0.012325807635223174,0.009331630039940197,0.039350160346379504,1,1,1,1,182.38999938964844,162.5500030517578,0.025296531651243903,0.08623304508698128
2024-09-06,177.24000549316406,178.3800048828125,171.16000366210938,171.38999938964844,41466500,AMZN,-0.03653943460735232,-6.5,0.030957633959705317,0.021850909956555694,0.019606446206299456,175.4720001220703,-0.023262974888199617,174.59399871826173,-0.018351142376797913,174.4,-0.017259177811648874,181.3984002685547,-0.055173589536010925,42.56100417404883,38638620.0,1.073187914061113,0.04212615232169256,-0.004241202348640782,-0.02691197048633376,0.07660893243229405,0.09037870090627709,1,1,0,0,182.38999938964844,165.85000610351562,0.06418110764439605,0.032323900495138315
2024-09-09,174.52999877929688,175.85000610351562,173.50999450683594,175.39999389648438,29037400,AMZN,0.023396899008788496,4.0099945068359375,0.027188173526154616,0.023276532573840103,0.02016968639958863,174.85199890136718,0.0031340505030561516,174.42999877929688,0.00556094206257951,174.8229995727539,0.003300448597384653,180.94940002441408,-0.03066827592233501,46.55760496387955,35760220.0,0.8120028344344637,0.013341001585557007,-0.01736698097207634,-0.00926344019341363,0.06613458669993788,0.06288482989233413,1,1,1,1,182.38999938964844,166.11000061035156,0.03985180009350141,0.05296461578907168
2024-09-10,177.49000549316406,180.5,176.7899932861328,179.5500030517578,36233800,AMZN,0.023660258265018275,4.1500091552734375,0.028839510341468894,0.024267219296425713,0.0206829866773235,175.51199951171876,0.023006994115917667,174.83499908447266,0.026968307215233578,175.46049957275392,0.02330725997567451,180.6754000854492,-0.00622883377127792,50.753654302518335,35443480.0,1.0222980361973486,0.02066280507273356,0.018723421570257193,0.0230769404658564,0.03865219896100869,0.05747698072973462,1,1,1,1,182.38999938964844,167.10000610351562,0.015817300415594846,0.06933999853318466
2024-09-11,180.10000610351562,184.99000549316406,175.72999572753906,184.52000427246094,42564700,AMZN,0.02768031821904482,4.970001220703125,0.027696854219658448,0.024725300064840736,0.021042998599332525,177.75,0.038087225161524296,175.975,0.04855805809041591,176.175,0.047367698438830264,180.4218002319336,0.02271457238127028,54.575644564682555,37894580.0,1.1232397878535665,0.050184313631121184,0.06455894722895805,0.06585033200559298,0.0020051761793868916,0.03836983344418532,1,1,1,1,184.99000549316406,168.86000061035156,0.0025471559170848735,0.08486886678685485
2024-09-12,184.8000030517578,187.41000366210938,183.5399932861328,187.0,33544200,AMZN,0.013440254011034547,2.4799957275390625,0.02672026726309181,0.02374132754572151,0.02110456621208662,179.5720001220703,0.04136502279241894,177.59499969482422,0.05295757381309807,177.0199996948242,0.05637781223805738,180.1618002319336,0.03795588054328469,61.64061003819111,36569320.0,0.9172771055081145,0.020695242652281082,0.05121142639613541,0.09484775561352343,-0.0006416851186497041,0.03679146996156413,0,1,1,1,187.41000366210938,168.9199981689453,0.0021925329524565508,0.09668450177034592
2024-09-13,187.0,188.5,185.91000366210938,186.49000549316406,26495400,AMZN,-0.0027272433520638684,-0.5099945068359375,0.012259117918597861,0.02404925315005142,0.019036709883796937,182.59200134277344,0.021348164879758436,179.03200073242186,0.041657383765089095,177.4650001525879,0.050855128238336045,179.93980041503906,0.036402202642309645,60.20740623537245,33575100.0,0.7891383793346856,0.01388812409030447,0.08810319246916132,0.08348832665369743,-0.0003218017889168312,0.040055772431069725,0,1,1,1,188.5,168.9199981689453,0.010778028031693181,0.0942142034783885
2024-09-16,185.2899932861328,185.80999755859375,183.36000061035156,184.88999938964844,26065500,AMZN,-0.008579580976924128,-1.600006103515625,0.01593582022290056,0.022249460067414916,0.019164089843813126,184.49000244140626,0.0021681226242555862,179.6710006713867,0.029047529644514736,177.85650024414062,0.03954592121093725,179.63760040283202,0.029238861881020872,60.12945118058936,32980720.0,0.7903253779784067,0.013251105826870143,0.05410493627932955,0.03579831590839455,0.02693491126604375,0.041321863891337074,1,1,1,1,188.5,168.9199981689453,0.019525126411751602,0.08637568972590547
2024-09-17,186.85000610351562,189.4499969482422,186.13999938964844,186.8800048828125,26091700,AMZN,0.010763186217390919,1.9900054931640625,0.014269164058283075,0.021557647027755686,0.019235808687824308,185.95600280761718,0.004968928462886213,180.73400115966797,0.034005796826878765,178.28950042724608,0.04818289599208292,179.38940063476562,0.041756113914989124,64.96955213652967,30952300.0,0.842964820061837,0.017711887158122462,0.04082429243368879,0.06031208444148928,0.02525685518717169,0.02290239012986306,1,1,1,1,189.4499969482422,168.9199981689453,0.013752097593540099,0.09610448546985768
2024-09-18,186.4499969482422,188.8000030517578,185.05999755859375,186.42999267578125,34448100,AMZN,-0.0024080275860086653,-0.45001220703125,0.009504343367187383,0.02033492783562058,0.019265052988836316,186.33800048828124,0.0004936845262852874,182.04400024414062,0.024093034792459722,178.66699981689453,0.043449505878772055,179.13120056152343,0.04074550994677795,67.72509130526119,29328980.0,1.1745413580697317,0.020061179209872486,0.010351118356251687,0.07557832288893174,0.039961446654066535,0.008260519258830312,1,1,1,1,189.4499969482422,168.9199981689453,0.016199133139016962,0.09392262615858926
2024-09-19,190.0399932861328,190.99000549316406,188.47000122070312,189.8699951171875,39543200,AMZN,0.01845197970580159,3.44000244140625,0.011125594912621115,0.019668365873915367,0.01958277946480512,186.91199951171876,0.015825605703197576,183.24199981689452,0.03617072126977461,179.15499954223634,0.05980852112600443,178.93280059814452,0.06112459248657398,69.20579047820316,30528780.0,1.2952761296062274,0.013272261743650409,0.015347567471590828,0.06734496468965756,0.021541116036556174,-0.018644300717171935,1,0,1,1,190.99000549316406,168.9199981689453,0.005898827644069268,0.11033863952707156
2024-09-20,190.22999572753906,191.83999633789062,187.41000366210938,191.60000610351562,100378600,AMZN,0.009111555436973395,1.730010986328125,0.010831257590663166,0.01250822673223596,0.018716687886173523,187.93399963378906,0.019506882612354337,185.26300048828125,0.03420545709900247,179.9284996032715,0.06486746972257817,178.86380065917967,0.07120616579429884,65.76034318300475,45305420.0,2.2155980454435693,0.02312104663184541,0.02740093549162803,0.11791823785424338,0.004853823831711068,-0.03376827251877845,1,0,1,1,191.83999633789062,168.9199981689453,0.00125255859462416,0.11837164515703093
2024-09-23,191.63999938964844,194.4499969482422,190.57000732421875,193.8800048828125,36993100,AMZN,0.011899784481557152,2.279998779296875,0.007573378871392628,0.01177768244708605,0.01879190295912663,189.73200073242188,0.021862438251734506,187.11100158691406,0.03617640458599225,180.77050018310547,0.07252015503872689,178.85160064697266,0.08402722805653706,71.19499098194775,47490940.0,0.7789506798559894,0.020012324769481164,0.04862353573931255,0.10535924532149332,-0.014029302414899303,-0.04703945815087529,0,0,1,1,194.4499969482422,168.9199981689453,0.002939921864424388,0.1287394578360664
2024-09-24,194.27000427246094,195.3699951171875,190.1300048828125,193.9600067138672,43478900,AMZN,0.0004126358007008335,0.0800018310546875,0.008519105148147759,0.011084039445146963,0.018558446960522997,191.14800109863282,0.014711143193087084,188.552001953125,0.028681767919317203,181.69350051879883,0.0675120802892959,178.87640075683595,0.0843241807930597,76.61934017504082,50968380.0,0.8530563459148593,0.027015828278997303,0.03788528278075742,0.08025621507762093,-0.030882683469900085,-0.06186842433812956,0,0,1,1,195.3699951171875,168.9199981689453,0.007269480070705242,0.12909882284063479
2024-09-25,193.75,193.9499969482422,192.16000366210938,192.52999877929688,26391100,AMZN,-0.007372694808574054,-1.4300079345703125,0.010103654971790697,0.009534324693108411,0.01827907215737934,192.36800231933594,0.0008421174935944187,189.3530014038086,0.016778172788046275,182.66400070190429,0.05401172666470422,178.86660064697264,0.07638876169672137,70.55022821758956,49356980.0,0.5346984357632902,0.009297217563402873,0.03272008980939067,0.04340989768788672,-0.032202757947084604,-0.031267876749751844,0,0,1,1,195.3699951171875,168.9199981689453,0.014750928976767932,0.1226302433908829
2024-09-26,194.30999755859375,194.52999877929688,189.5399932861328,191.16000366210938,36334900,AMZN,-0.007115748848874004,-1.3699951171875,0.00894658832903898,0.009560432164424839,0.017988991794299893,192.62600402832032,-0.0076106046720224585,189.76900177001954,0.007329974227169078,183.68200073242187,0.040711680512349524,178.9312008666992,0.06834360210056611,82.42043444208397,48715320.0,0.7458618767155795,0.026103815639093086,0.006794167472989443,0.02224600888828543,-0.03154424913045817,-0.05419544053087433,0,0,0,1,195.3699951171875,170.80999755859375,0.02202339074296955,0.10645535527131444
2024-09-27,190.67999267578125,190.89999389648438,187.33999633789062,187.97000122070312,36002300,AMZN,-0.016687603998192135,-3.19000244140625,0.010654511827111865,0.011238862996094359,0.018666960831658492,191.9000030517578,-0.0204794255787204,189.91700134277343,-0.010251847429689764,184.47450103759766,0.018948419231084035,179.01560089111328,0.050020223293479216,71.18299411249214,35840060.0,1.0045267781359741,0.01893917931305333,-0.018945745131403124,0.007936059220038594,-0.017077228775979947,-0.027929988646623216,0,0,0,1,195.3699951171875,171.16000366210938,0.03936795152645525,0.08942915065929301
2024-09-30,187.13999938964844,188.49000549316406,184.64999389648438,186.3300018310547,41583900,AMZN,-0.008724793206352333,-1.6399993896484375,0.006080609645138551,0.01125248229368102,0.01722507297587063,190.39000244140624,-0.02132465233620151,190.06100158691407,-0.01963053822039984,184.8660011291504,0.007919253367099754,179.07960083007814,0.04048702904947943,62.48157261960943,36758220.0,1.1312816561846575,0.020608659684130868,-0.03894162812880719,0.007788427963437261,-0.02345298703506571,-0.006225533465948008,0,0,0,1,195.3699951171875,171.16000366210938,0.04851603712390541,0.08141468373246699
2024-10-01,184.89999389648438,186.19000244140625,183.4499969482422,185.1300048828125,36044900,AMZN,-0.006440170323887107,-1.1999969482421875,0.004229851781369657,0.010874337887983155,0.016998164738899074,188.6240020751953,-0.018523608628502775,189.88600158691406,-0.025046589344947856,185.31000137329102,-0.0009713263674092643,179.13120086669923,0.033488325803036956,51.3039756955657,35271420.0,1.0219293694441562,0.014800439803901529,-0.04552485834917941,-0.009364297700534485,0.007454165114385347,0.008210387152714826,1,1,0,0,195.3699951171875,171.16000366210938,0.055312428911007294,0.07546049182868088
2024-10-02,184.44000244140625,186.60000610351562,184.0399932861328,184.75999450683594,23704100,AMZN,-0.0019986515757441925,-0.3700103759765625,0.005362926781222104,0.01086874600967051,0.01643650718522458,187.07000122070312,-0.012348354620160928,189.71900177001953,-0.02613869573905403,185.8815010070801,-0.006033448698057553,179.09820068359375,0.03161279008740392,44.73684021829774,34734020.0,0.6824462011595548,0.013855882731627243,-0.04035736935399836,-0.008957776294341135,-0.021433165040127822,0.021974523371359966,0,1,0,0,195.3699951171875,171.16000366210938,0.05742585476185973,0.07360895891466038
2024-10-03,183.0500030517578,183.44000244140625,180.8800048828125,181.9600067138672,30204300,AMZN,-0.015154729791167831,-2.79998779296875,0.006111828188698755,0.00932457014390564,0.01599417753566434,185.2300018310547,-0.017653701262552612,188.9280029296875,-0.03688175446608388,186.08500137329102,-0.022167260278806666,179.12080078125,0.01585078851944477,40.39034470436062,33507900.0,0.9014083246040486,0.014069012223215379,-0.04812720638206269,-0.041660023209240005,0.004176711798164812,0.030666005530765705,1,1,0,0,195.3699951171875,171.16000366210938,0.07369744948629053,0.0593537186923765
2024-10-04,185.75,187.60000610351562,183.60000610351562,186.50999450683594,40890300,AMZN,0.02500542770436165,4.54998779296875,0.015538934298747418,0.012619430768228626,0.0141550276957229,184.93800048828126,0.008500113629455353,188.41900177001952,-0.010131713071666049,186.84100112915038,-0.0017715952083003916,179.2540005493164,0.04047883972064126,53.05428718722958,34485500.0,1.185724434907425,0.021446571861077356,-0.007767232560438875,-0.026565821683375623,-0.007184581938537993,0.006326781241350998,0,1,1,0,195.3699951171875,173.50999450683594,0.04750415994477351,0.06970135854850142
2024-10-07,182.9499969482422,183.60000610351562,180.25,180.8000030517578,42364200,AMZN,-0.03061493551686767,-5.709991455078125,0.02041517934941127,0.01424231515206097,0.015421686453632915,183.83200073242188,-0.016493307305496363,187.11100158691406,-0.033728634241876776,187.11100158691406,-0.033728634241876776,179.22000061035158,0.008815993951709622,39.947088745686386,34641560.0,1.2229299142417374,0.018528794507578713,-0.029678520501013717,-0.06746441872105724,0.03235614350654559,0.03368360749500221,1,1,0,0,195.3699951171875,175.72999572753906,0.08058623793971242,0.028042075434961986
2024-10-08,181.9199981689453,183.08999633789062,180.9199981689453,182.72000122070312,26372100,AMZN,0.010619458719785868,1.9199981689453125,0.02167652219211032,0.015158424480218773,0.014700011466900061,183.35,-0.0034360446102911224,185.98700103759765,-0.017565742759807712,187.26950149536134,-0.024293866531016062,179.2104006958008,0.019583687728368382,44.15012227244862,32707000.0,0.8063136331672119,0.011876084470491129,-0.013017898765977476,-0.057950119117831767,0.0333844464906039,0.026324417285789492,1,1,0,0,195.3699951171875,175.72999572753906,0.06923157734223497,0.03825528374817053
2024-10-09,182.82000732421875,185.85000610351562,182.0500030517578,185.1699981689453,26343100,AMZN,0.013408477078997505,2.4499969482421875,0.022817982723724803,0.01630719152792144,0.013644038017312458,183.43200073242187,0.009474886767760315,185.2510009765625,-0.000437259756709385,187.30200119018554,-0.011382702841895465,179.27960052490235,0.032855927985095956,42.35026188802765,33234800.0,0.7926360321109199,0.020521699461760363,0.0022191149290935464,-0.03822781206573711,0.01279902327927429,0.02062973139273594,1,1,1,0,195.3699951171875,180.25,0.0550845009942481,0.026570169128890993
2024-10-10,187.1300048828125,188.1300048828125,185.8300018310547,186.64999389648438,27785000,AMZN,0.007992632403596822,1.4799957275390625,0.021091936865866343,0.01665889654609056,0.013419692185181612,184.3699981689453,0.012366414005438253,184.8,0.010010789483140492,187.28450088500978,-0.003387931118309595,179.27300048828124,0.04114949483809949,41.87722847642323,32750940.0,0.8483725963285329,0.012322545550327682,0.025774824189758405,-0.0235928524755461,0.00557197202748716,0.012965515707846764,1,1,1,0,195.3699951171875,180.25,0.04671846507286368,0.03428874420448037
2024-10-11,186.6300048828125,189.92999267578125,186.3000030517578,188.82000732421875,25751600,AMZN,0.011626110360002828,2.170013427734375,0.018674299098375306,0.01633721798650315,0.01364846348678324,184.83200073242188,0.021576385993734126,184.88500061035157,0.021283536797883862,187.4010009765625,0.007572031847544514,179.36800048828124,0.05269617105730662,41.66666666666667,29723200.0,0.8663804704742424,0.019224602707436936,0.012385463972002464,0.00452203063252421,-0.010221416479750167,0.004660468117197114,0,1,1,1,195.3699951171875,180.25,0.03468905592044548,0.045387178221550306
2024-10-14,189.77999877929688,189.8300018310547,187.36000061035156,187.5399932861328,22614400,AMZN,-0.006779016992029097,-1.2800140380859375,0.008150444057936568,0.016225395606065837,0.013589776612139046,186.17999877929688,0.00730472937884219,185.00599975585936,0.013696818122749477,187.53350067138672,3.462109288654425e-05,179.76080047607422,0.04327524571239305,39.82887527824568,25773240.0,0.8774372178274831,0.013170530602155905,0.03727870641929987,0.006493809065569733,-5.329266926379361e-05,-0.015090043049899582,0,0,1,1,195.3699951171875,180.25,0.041751104358355856,0.038871672961032645
2024-10-15,187.6300048828125,188.41000366210938,184.5800018310547,187.69000244140625,32178900,AMZN,0.0007998782160802964,0.1500091552734375,0.008353307893900054,0.01602842934716259,0.013386412943039872,187.1739990234375,0.0027568114196467874,185.26199951171876,0.013105779577500032,187.5740005493164,0.0006184326812359586,180.29420043945314,0.04102074267461964,42.00793174866334,26934600.0,1.1947049519948318,0.02040599808852553,0.027200094064688596,0.01382810722775174,0.006926330837273342,-0.0069795809129615805,1,0,1,1,195.3699951171875,180.25,0.0409184963284276,0.039639844129305164
2024-10-16,187.0500030517578,187.77999877929688,185.61000061035156,186.88999938964844,23456800,AMZN,-0.004262363692000948,-0.8000030517578125,0.007845774475970844,0.016099011669228214,0.013412564126913863,187.51799926757812,-0.0033490111902994,185.475,0.007629057229537439,187.59700088500978,-0.0037687249371044507,180.79340057373048,0.03372135706597135,42.81386181836858,26357340.0,0.8899532350381336,0.011611098378897558,0.009288768362647026,0.011528496136287147,0.011664658043179621,0.005029709692739859,1,1,0,0,195.3699951171875,180.25,0.045374261625733395,0.03552891760572298
2024-10-17,188.22000122070312,188.94000244140625,186.0,187.52999877929688,25039400,AMZN,0.0034244710350397334,0.6399993896484375,0.007194279267742059,0.015030244989707573,0.012740895895988431,187.69400024414062,-0.0008737704169042848,186.03199920654296,0.008052375823208502,187.48000106811523,0.00026668290429276986,181.2886004638672,0.03442796899231215,49.18998088718947,25808220.0,0.970210266341499,0.015677504722144877,0.00471473298467151,0.030611078588211438,0.011571472207490219,0.004585936201939145,1,1,0,1,195.3699951171875,180.25,0.0418066250142596,0.03882044913712536
2024-10-18,187.14999389648438,190.74000549316406,186.27999877929688,188.99000549316406,37417700,AMZN,0.007785456851548744,1.4600067138671875,0.005850542527845677,0.013108036305003252,0.012691365178284002,187.72799987792968,0.006722522032168943,186.28000030517578,0.01454802009635281,187.34950103759766,0.008756385506664355,181.75240051269532,0.03982123460296849,54.92958224416089,28141440.0,1.3296298981146666,0.023599167068273936,0.0009003186227687365,0.013296933458636806,-0.022646693766309678,0.009735945205616492,0,1,1,1,195.3699951171875,180.25,0.03375834403187108,0.04624586083458364
2024-10-21,188.0500030517578,189.4600067138672,186.39999389648438,189.07000732421875,24639400,AMZN,0.0004233124965837831,0.0800018310546875,0.0044151680596407165,0.006880286125742747,0.012350919249961807,188.03400268554688,0.005509666463912932,187.10700073242188,0.01049135833567294,187.10900115966797,0.01048055492999711,182.19500061035157,0.03773433239570778,57.61794281438928,28546440.0,0.8631338969062342,0.016184549102679614,0.00815833471717986,0.04574117330127181,-0.014227547137042218,0.019357847683604934,0,1,1,1,195.3699951171875,180.25,0.03332092637075684,0.04664942604616359
2024-10-22,188.35000610351562,191.52000427246094,186.97999572753906,189.6999969482422,29650600,AMZN,0.003332044214411578,0.6299896240234375,0.0044407007733679475,0.006537980749985553,0.012387961591595956,188.43600158691407,0.006707823084141973,187.80500030517578,0.010090235297181227,186.89600067138673,0.015002976343970298,182.65300048828124,0.03858133423005605,59.456361724500525,28040780.0,1.057409957925564,0.023932570468941927,0.010709118656777816,0.038200501756280536,-0.009857644424199452,-0.017395904611733792,0,0,1,1,194.52999877929688,180.25,0.025461264674519247,0.04981548286909318
2024-10-23,188.85000610351562,189.16000366210938,183.69000244140625,184.7100067138672,31937100,AMZN,-0.026304640562205495,-4.989990234375,0.013691602980860694,0.010744416706748765,0.013564998259548903,188.0000030517578,-0.017499980236621915,187.75900115966797,-0.016238872314877528,186.50500106811523,-0.009624376525927514,182.9426007080078,0.009660986555451334,54.85694142909809,29736840.0,1.073991049486092,0.029613995029390373,-0.011664576397349968,-0.002484157582906321,0.019923082356235744,0.07157157425906568,1,1,0,0,194.52999877929688,180.25,0.05316437501213326,0.024145994000076828
2024-10-24,185.25,187.11000061035156,183.86000061035156,186.3800048828125,21647400,AMZN,0.009041189476714617,1.6699981689453125,0.014482943042772378,0.010837921482708674,0.013723430576784828,187.77000427246094,-0.00740267006455142,187.73200225830078,-0.007201741627557268,186.2660011291504,0.0006120481084632701,183.26820068359376,0.0169795097437071,49.74441686302676,29058440.0,0.744960844422481,0.017437492836441637,-0.006132319650029916,-0.0014464989150849705,0.02387593535604937,0.05043456191770512,1,1,0,1,191.52000427246094,180.25,0.02757806231886431,0.032889820378890836
2024-10-25,187.85000610351562,190.4499969482422,187.52999877929688,187.8300018310547,29362100,AMZN,0.007779788122410869,1.4499969482421875,0.014482069423111692,0.010436694624101853,0.01335340236680926,187.53800354003906,0.001557008635603152,187.63300170898438,0.0010499225630673514,186.25900115966797,0.008434495308175638,183.47300079345703,0.023747368924883494,66.60367104464618,27447320.0,1.069762002264702,0.015545962521853831,-0.006137910092559595,-0.0052431175445520894,0.026087386725852868,0.062130639701755364,1,1,1,1,191.52000427246094,180.25,0.019645436860109573,0.040355650094028035
2024-10-28,189.57000732421875,190.2100067138672,188.2100067138672,188.38999938964844,27930800,AMZN,0.002981406341556969,0.55999755859375,0.014596091759177459,0.010236211150786406,0.013204357718372672,187.402001953125,0.005272075144483024,187.71800231933594,0.003579822190784565,186.36200103759765,0.01088203786587183,183.6996008300781,0.02553298177228447,64.31094018265861,28105600.0,0.9937805988842081,0.010616274783585435,-0.0035965933687421847,0.004532399135893872,-0.01056322256813702,0.09926215302737407,0,1,1,1,191.52000427246094,180.25,0.016614495954950813,0.04320823512936277
2024-10-29,188.5800018310547,191.4600067138672,187.82000732421875,190.8300018310547,35690200,AMZN,0.012951868195294036,2.44000244140625,0.015831317863032792,0.010970722950872001,0.013368577520009457,187.6280029296875,0.017065677038448746,188.0320022583008,0.014880443430636214,186.64700088500976,0.02241129472325154,183.95180084228517,0.03739132184232696,64.29292532293887,29313520.0,1.2175337523436285,0.01907456560667539,0.005956799688936254,0.016729710420397614,0.03720584172614694,0.10071792190055606,1,1,1,1,191.52000427246094,180.25,0.003615796440735361,0.055442025517671786
2024-10-30,194.6999969482422,195.61000061035156,192.4199981689453,192.72999572753906,37707600,AMZN,0.009956473710913016,1.899993896484375,0.0036468490573258387,0.011031163609987661,0.013465988694430261,189.23200073242188,0.01848521910447598,188.61600189208986,0.021811478316685395,187.0455009460449,0.03039097306667582,184.22880065917968,0.04614476693080394,65.0346114634012,30467620.0,1.2376286693873693,0.016551665605368103,0.043419353159872776,0.031248308400465996,0.01582526394111272,0.0801639458866783,1,1,1,1,195.61000061035156,180.25,0.014943210432505488,0.06475377992111793
2024-10-31,190.50999450683594,190.60000610351562,185.22999572753906,186.39999389648438,75146800,AMZN,-0.03284388507953562,-6.3300018310546875,0.018807449272924045,0.015840142949599866,0.015142460128162071,189.23599853515626,-0.014986602235435686,188.50300140380858,-0.011156360862494608,187.2675003051758,-0.00463244507070204,184.35460052490234,0.011094886516302305,45.03688896009934,41167500.0,1.8253913888382827,0.028809069483976223,0.00010724870237255324,-0.006025728630982385,0.07027900500249262,0.10965666904880611,1,1,0,0,195.61000061035156,180.25,0.04940990888112306,0.032993530567923306
2024-11-01,199.0,200.5,197.02000427246094,197.92999267578125,99687800,AMZN,0.06185621865256041,11.529998779296875,0.03382985330199361,0.025351663615426533,0.01972522604289729,191.25599670410156,0.034895616799954565,189.39700012207032,0.04505347259043835,187.83850021362304,0.05372430279565399,184.7906002807617,0.07110422486347345,65.00144744837104,55232640.0,1.8048711776225073,0.01758195248983544,0.053771978631034,0.04730402096813813,0.04627900773539606,0.055474215089341694,1,1,1,1,200.5,180.25,0.012984425904711392,0.08932447496596395
2024-11-04,196.4499969482422,197.3300018310547,194.30999755859375,195.77999877929688,38492100,AMZN,-0.01086239567545566,-2.149993896484375,0.03518746226760533,0.025820813168688325,0.0183948375815472,192.73399658203124,0.015804177007086473,190.06799926757813,0.030052399844949118,188.5875,0.03813878851618946,185.165400390625,0.05732495577618346,61.042863772201905,57344900.0,0.6712384187608663,0.015425499495816185,0.0392271320855182,0.03548945467364262,0.07288795771496326,0.09357445826154542,1,1,1,1,200.5,180.9199981689453,0.024108699816797887,0.07590152570745118
2024-11-05,196.0399932861328,199.82000732421875,195.99000549316406,199.5,30564800,AMZN,0.0190009257528736,3.720001220703125,0.03549383930518175,0.02626167059556917,0.018643859170735237,194.4679962158203,0.025875742446562766,191.0479995727539,0.044240193282041984,189.42649993896484,0.05317893781641403,185.645400390625,0.07462937180357221,65.94185760742792,56319820.0,0.5427005981198093,0.019198004165687656,0.04543309797073225,0.05166053352352784,0.043508735216948535,0.06005010389743881,1,1,1,1,200.5,182.0500030517578,0.005012531328320802,0.08746865638216636
2024-11-06,200.00999450683594,207.5500030517578,199.13999938964844,207.08999633789062,72292200,AMZN,0.038045094425516846,7.589996337890625,0.03775076880025648,0.025515157245856436,0.020021853997728233,197.33999633789062,0.04940711554137156,193.28599853515624,0.07141747414375499,190.52249984741212,0.08695821492866873,186.32480041503905,0.11144622657100411,71.03226924265822,63236740.0,1.1431993489860484,0.04061038104606225,0.07450838441698604,0.12116284343323147,-0.0012072046183828622,-0.021633086130483314,0,0,1,1,207.5500030517578,183.69000244140625,0.002221288917870445,0.11299432280787071
2024-11-07,207.44000244140625,212.25,207.19000244140625,210.0500030517578,52878400,AMZN,0.01429333510169939,2.9600067138671875,0.027220699582047796,0.025506326985261396,0.020107601600133026,202.06999816894532,0.03949128992489337,195.6529983520508,0.07358438061757466,191.69250030517577,0.09576536754101883,187.10980041503908,0.12260289191605,71.93751140436262,58783060.0,0.899551673560376,0.02408949052643875,0.126877735674215,0.12699859184909856,-0.005427276234638012,-0.03975246837515223,0,0,1,1,212.25,183.69000244140625,0.010473682057981654,0.1254939310991406
2024-11-08,209.72000122070312,209.9600067138672,207.44000244140625,208.17999267578125,36075800,AMZN,-0.008902691496347037,-1.8700103759765625,0.020481896562271562,0.026367015756851558,0.020334016072506334,204.1199981689453,0.019890233897981835,197.68799743652343,0.05307350661299881,192.6604995727539,0.08055358071552576,187.83100036621093,0.10833670837027021,69.19059428090894,46060660.0,0.7832236880669968,0.012104930161975665,0.051785986860465316,0.10834260047034738,0.028436995081242866,-0.017148583874674217,1,0,1,1,212.25,183.69000244140625,0.019550424956337492,0.11763853922559994
2024-11-11,208.5,209.64999389648438,205.58999633789062,206.83999633789062,35456000,AMZN,-0.006436720074140534,-1.339996337890625,0.019405246453848665,0.026835320206156376,0.020323645413902296,206.33199768066407,0.002462044970905408,199.53299713134766,0.036620505438170525,193.6254997253418,0.06824770823726012,188.39780029296875,0.09788965697180796,66.97030155304304,45453440.0,0.7800509708396108,0.019628687055096447,0.05649196867684991,0.09793511867942595,0.022432795744535827,-0.019145192057580362,1,0,1,1,212.25,183.69000244140625,0.02615550066666834,0.11192223122392103
2024-11-12,208.3699951171875,209.5399932861328,206.00999450683594,208.91000366210938,38942900,AMZN,0.010007771034946433,2.07000732421875,0.01891193907426122,0.02681189057049961,0.020325330953273615,208.21399841308593,0.0033427399422136794,201.34099731445312,0.03759297137003359,194.68649978637694,0.0730585011869822,189.05100036621093,0.10504574563175839,75.43084911405704,47129060.0,0.8263033465976194,0.016897222332188017,0.04716793815593667,0.09474402168198504,-0.030156540813370603,-0.05040447367148615,0,0,1,1,212.25,183.69000244140625,0.015987728109433805,0.1207218456685009
2024-11-13,209.39999389648438,215.08999633789062,209.13999938964844,214.10000610351562,46212900,AMZN,0.024843245179395845,5.19000244140625,0.014263381711684118,0.027255132139138914,0.02062455915575262,209.61600036621093,0.021391524165478293,203.47799835205078,0.05220224219567471,196.0470001220703,0.0920850916882403,189.86640045166016,0.12763504018724636,77.12328562598353,41913200.0,1.1025858202189287,0.027790736938911677,0.033850064655887024,0.11088056270279378,-0.057916902390362957,-0.07930878328942426,0,0,1,1,215.08999633789062,183.69000244140625,0.004623961728877054,0.14203644462955495
2024-11-14,214.16000366210938,215.89999389648438,210.8800048828125,211.47999572753906,42620300,AMZN,-0.012237320417028852,-2.6200103759765625,0.015630103663363513,0.02418659273831849,0.021060920293784213,209.9019989013672,0.007517778936985575,205.98599853515626,0.026671702113020723,197.24449996948243,0.0721718261358828,190.53820037841797,0.10990864460527972,72.62290516492448,39861580.0,1.0692074925278927,0.02373741779406594,0.006807867912427046,0.13454937045213988,-0.032485318970965404,-0.047427647919092375,0,0,1,1,215.89999389648438,183.69000244140625,0.0209003133073628,0.13140719617725044
2024-11-15,206.75999450683594,207.33999633789062,199.61000061035156,202.61000061035156,86591100,AMZN,-0.041942478231440816,-8.8699951171875,0.02517401907089694,0.0231207009307918,0.02364513872475977,208.78800048828126,-0.029589822516052355,206.4539993286133,-0.018619153568167124,197.9254997253418,0.023668000795806332,191.16260040283203,0.05988305339745703,61.736544411677876,49964640.0,1.7330476112706907,0.03815209369849895,-0.026755655016783342,0.023644763844539618,0.0013326305298235752,0.02591185027483678,1,1,0,1,215.89999389648438,183.69000244140625,0.06559396498740158,0.09338136376264672
2024-11-18,204.14999389648438,204.6699981689453,200.9499969482422,201.6999969482422,36409900,AMZN,-0.004491405455644082,-0.910003662109375,0.02516425170783738,0.02279458502133581,0.023706979576240985,207.76000061035157,-0.02916828862296139,207.0459991455078,-0.025820359820179606,198.55699920654297,0.015829196423490455,191.68860046386717,0.05222739620482608,59.20405736372653,50155420.0,0.7259414834927113,0.0184432388546724,-0.024850123190158113,0.03023801310581753,-0.01646005015201668,0.020029789816796928,0,1,0,1,215.89999389648438,183.69000244140625,0.07040157244963181,0.0892910003933091
2024-11-19,199.3300018310547,205.3000030517578,198.77999877929688,204.61000061035156,31197900,AMZN,0.014427385751800914,2.910003662109375,0.02588028234456786,0.022486528288185807,0.023832248938420328,206.9,-0.011068145914202243,207.55699920654297,-0.014198502615943132,199.30249938964843,0.026630379633757917,192.18980041503906,0.06462465837672315,59.89010933173852,48606420.0,0.6418473115279834,0.03186552100587345,-0.020583040430714017,0.025614038147125706,-0.03660625321744482,0.016030491029336957,0,1,0,1,215.89999389648438,183.69000244140625,0.055178110808146066,0.10224328286271915
2024-11-20,202.97999572753906,203.1300048828125,199.4499969482422,202.8800048828125,32769000,AMZN,-0.00845508881471324,-1.7299957275390625,0.020330391273454946,0.018901402128494303,0.022953382018602253,204.65599975585937,-0.008677951661155814,207.13600006103516,-0.020546863784994263,200.21099929809571,0.013330963803556584,192.5570004272461,0.053610122886530664,64.85755901291687,45917640.0,0.7136473041732981,0.018138839934945573,-0.05240542223655209,-0.02032928451169147,-0.007048540517318624,0.038594250998650326,0,1,0,1,215.89999389648438,183.86000061035156,0.06417581181148176,0.09375001880272661
2024-11-21,203.49000549316406,203.49000549316406,195.75,198.3800048828125,58800000,AMZN,-0.022180598835253806,-4.5,0.0210128084234883,0.01895076752645938,0.023709789714147285,202.03600158691407,-0.018095768454063355,205.96900024414063,-0.03684532794902484,200.8109992980957,-0.012105882764292697,192.78460052490234,0.029024125073658924,50.46460044550728,49153580.0,1.1962506088061133,0.03901605657150909,-0.061944349864674564,-0.055558190904047455,0.0477870525970554,0.07591489660205442,1,1,0,0,215.89999389648438,185.22999572753906,0.08831529681643734,0.06628696860372316
2024-11-22,198.25,199.25999450683594,196.75,197.1199951171875,31530800,AMZN,-0.006351495788949668,-1.260009765625,0.013093678385162408,0.018917563567448167,0.023782520625845745,200.93800048828126,-0.01900091252931735,204.86300048828124,-0.037796016619099926,201.27549896240234,-0.02064585042211753,192.9972003173828,0.021361940966111437,51.409334493950404,38141520.0,0.8266791674794293,0.012733332837918093,-0.02709641911369487,-0.053127091688482064,0.04372976151329544,0.10673705897980379,1,1,0,0,215.89999389648438,185.22999572753906,0.09527191175168302,0.060318586060129784
2024-11-25,199.27999877929688,201.9499969482422,199.0,201.4499969482422,40685700,AMZN,0.021966324768223133,4.3300018310546875,0.017988937098571314,0.020766730113977103,0.024170767844629723,200.88800048828125,0.0027975611215949048,204.3240005493164,-0.014065912929208335,201.92849884033203,-0.0023696600273752644,193.32840026855467,0.042009330591913585,52.02491728095258,38996680.0,1.043311892191848,0.014643817289310357,-0.0012394645700671836,-0.026058786912969256,0.03196824293355971,0.09481264032197001,1,1,1,0,215.89999389648438,185.22999572753906,0.07172994374358205,0.08051626441508694
2024-11-26,201.89999389648438,208.0,201.7899932861328,207.86000061035156,41673700,AMZN,0.03181932866326265,6.410003662109375,0.022596240682344292,0.02322009068181551,0.02491052645589101,201.53800048828126,0.031368774656657994,204.21900024414063,0.017828901139747888,202.77999877929688,0.02505178943503039,193.74800018310546,0.07283688303316294,50.81967585907352,41091840.0,1.0141599889418433,0.02987591020702578,0.015883876595988777,-0.005026102308896996,0.013711181060074074,0.09222552733885947,1,1,1,1,215.89999389648438,185.22999572753906,0.03867984827539934,0.1088713788913821
2024-11-27,206.97999572753906,207.63999938964844,205.0500030517578,205.74000549316406,28061600,AMZN,-0.010199148999145757,-2.1199951171875,0.022836402700643316,0.02159823960589945,0.02508845324084443,202.11000061035156,0.017960540655337365,203.38300018310548,0.011588998627892089,203.4304992675781,0.011352802229267489,194.13420043945314,0.059782382637574294,45.32842591471624,40150360.0,0.6989127868342899,0.012588686053946278,0.014097005823730857,-0.03904717595528495,0.03742586148855742,0.09891120006508758,1,1,1,1,215.89999389648438,185.22999572753906,0.04938265836518552,0.09968897257712218
2024-11-29,205.8300018310547,208.1999969482422,204.58999633789062,207.88999938964844,24892400,AMZN,0.010450052683389277,2.149993896484375,0.017984603316486186,0.021799965439047993,0.02360532259325165,204.01199951171876,0.01900868521072918,203.0240005493164,0.023967603963896966,204.50499954223633,0.016552161829730627,194.49460052490235,0.06887285728546999,49.687574695210664,33368840.0,0.7459773848896156,0.017364955606091154,0.04793827136184259,-0.016975583555977614,0.04940114629185155,0.08249552141438099,1,1,1,1,215.89999389648438,194.30999755859375,0.03852996551230344,0.06532301635925102
2024-12-02,209.9600067138672,212.99000549316406,209.50999450683594,210.7100067138672,39523200,AMZN,0.01356490130596999,2.82000732421875,0.01563833793189612,0.016865219772684792,0.019710920859561904,206.7300018310547,0.019252188107970136,203.83400115966796,0.03373335908180053,205.1440002441406,0.027132192328815474,194.87680053710938,0.08124726049031561,54.04051781077775,34967320.0,1.1302896533105768,0.016515641760924016,0.068942836512351,0.039978313405630406,0.046699236032263114,0.09278148721012847,1,1,1,1,215.89999389648438,194.30999755859375,0.024630947829947677,0.07783213246983454
2024-12-03,210.30999755859375,214.02000427246094,209.64999389648438,213.44000244140625,32214800,AMZN,0.012956175029913197,2.7299957275390625,0.01492461595965807,0.016785138649179257,0.019527759639879384,209.1280029296875,0.020618948449330876,205.00800170898438,0.041130105469694644,206.0270004272461,0.03598073067504526,195.26800048828125,0.0930618529799283,54.66529049517659,33273140.0,0.9681923617668786,0.020474186309926704,0.05951851911045014,0.058205283444682676,0.0636712714694676,0.07276048820117587,1,1,1,1,215.89999389648438,195.75,0.011525447090235319,0.08288044527296388
2024-12-04,215.9600067138672,220.0,215.75,218.16000366210938,48745700,AMZN,0.02211394849472459,4.720001220703125,0.012001616317337621,0.01738925609633079,0.019661301876630597,211.18800354003906,0.03301323941323453,206.36300201416014,0.05716626300648486,206.96000061035156,0.05411675211986644,195.7520004272461,0.11447138821547598,54.222125744056115,34687540.0,1.4052798209385848,0.01948111445112774,0.04955259800593326,0.06622356195365886,0.03634943409729385,0.042629276199324995,1,1,1,1,220.0,195.75,0.0084341598230831,0.10272278733923401
2024-12-05,218.02999877929688,222.14999389648438,217.3000030517578,220.5500030517578,41140200,AMZN,0.010955259211262725,2.3899993896484375,0.004716653703310091,0.01659095355154305,0.018112785991424782,214.1500030517578,0.02988559378377964,208.1300018310547,0.059674247400357094,207.63300094604492,0.06221073743989991,196.31240051269532,0.12346444990618455,59.47754040469428,37303260.0,1.1028580343916323,0.02199043653419667,0.07198404375995726,0.0870958090677878,0.020358150860334767,0.05613234845940207,1,1,1,1,222.14999389648438,195.75,0.0072545491842549775,0.11244616961505026
2024-12-06,220.75,227.14999389648438,220.60000610351562,227.02999877929688,44178100,AMZN,0.029381072944344444,6.4799957275390625,0.00776177195985118,0.013764770097608839,0.018891757236815944,217.9780029296875,0.04152710699220985,210.99500122070313,0.07599704953114483,208.48200073242188,0.0889669035298668,197.02980041503906,0.1522622380018812,76.85877096614705,41160400.0,1.0733156140367925,0.028850759054693045,0.09206791786926849,0.14441976606164797,0.014227175901450062,0.018147359993569312,1,1,1,1,227.14999389648438,195.75,0.000528543002390407,0.13777914349418274
2024-12-09,227.2100067138672,230.0800018310547,225.6699981689453,226.08999633789062,46819400,AMZN,-0.004140432746599476,-0.94000244140625,0.012664204668604915,0.013420968982852579,0.018749190797021052,221.0540008544922,0.022781743211756522,213.89200134277343,0.057028757122942864,209.37750091552735,0.0798199202363481,197.79220031738282,0.14306831096019135,76.80808578195666,42619640.0,1.098540485090911,0.019505523170156726,0.07299126350894491,0.14696632476822313,0.012738311864574303,-0.024636172124596567,1,0,1,1,230.0800018310547,195.75,0.017647863938221375,0.13419433335983436
2024-12-10,226.08999633789062,229.05999755859375,224.1999969482422,225.0399932861328,31199900,AMZN,-0.004644181824783544,-1.0500030517578125,0.015288907210666598,0.014253286468839764,0.018699370133601647,223.3739990234375,0.007458317753985755,216.2510009765625,0.04064255087782409,210.28750076293946,0.07015392008402865,198.56640014648437,0.13332362937595987,73.41277835133751,42416660.0,0.7355576794589673,0.021596164039039013,0.05434778257140915,0.11710100121744604,0.010753703785697288,-0.007776395539502712,1,0,1,1,230.0800018310547,195.75,0.02239605712444911,0.13015461322419836
2024-12-11,226.41000366210938,231.1999969482422,226.25999450683594,230.25999450683594,35385800,AMZN,0.02319588240507109,5.220001220703125,0.015496497826363195,0.01308161082372971,0.019135267590041662,225.79399719238282,0.019779079027720803,218.49100036621093,0.05386489201339684,211.3550003051758,0.08944663799940011,199.46899993896486,0.15436481146089243,79.05346306755348,39744680.0,0.8903279633903204,0.021454019626755406,0.05546383682440381,0.10776481204036359,0.011595579921140242,-0.023191159842280373,1,0,1,1,231.1999969482422,195.75,0.004082352400900206,0.1498740351347112
2024-12-12,229.8300018310547,231.08999633789062,227.6300048828125,228.97000122070312,28204100,AMZN,-0.0056023335225716675,-1.2899932861328125,0.01717337201982502,0.012338424460406961,0.018683597530488035,227.47799682617188,0.006558895433176115,220.81399993896486,0.03693606965134766,212.09850006103517,0.07954559393306826,200.3532000732422,0.1428317647883819,84.83260508616993,37157460.0,0.7590427332761712,0.015111112532785704,0.03817727523209036,0.11290947364299009,0.009520865895790376,-0.01707648880317969,1,0,1,1,231.1999969482422,195.75,0.009739248441500334,0.14508451344542084
2024-12-13,228.39999389648438,230.1999969482422,225.86000061035156,227.4600067138672,28768100,AMZN,-0.006594726378065796,-1.5099945068359375,0.012753985477549521,0.013516727452622944,0.018474416522149678,227.56399841308593,-0.00045697781698306184,222.77100067138673,0.021048547738927947,212.89750061035156,0.06840148926956258,201.2632000732422,0.1301619304030328,84.35237722390171,34075460.0,0.844246856828932,0.019080261187849668,0.00189405777598739,0.09413635760101502,-0.030510868884904285,0.006990223735862111,0,1,0,1,231.1999969482422,195.75,0.016442408001331472,0.13940915228124792
2024-12-16,230.22999572753906,233.0,228.00999450683594,232.92999267578125,37552100,AMZN,0.024048121869595374,5.4699859619140625,0.016030755702718533,0.014284604914532487,0.015531197663890203,228.93199768066407,0.01746367932670534,224.9929992675781,0.035276623868478074,214.41350021362305,0.08635879943991376,202.19160003662108,0.15202606158511434,84.74615321652436,32222000.0,1.165418037365775,0.021422769287206933,0.03025342318847346,0.105452922281416,-0.041385822748324586,-0.025243591675237265,0,0,1,1,233.0,195.75,0.00030055092268085133,0.15961874316259753
2024-12-17,232.38999938964844,232.72999572753906,227.85000610351562,231.14999389648438,35948100,AMZN,-0.00764177579215608,-1.779998779296875,0.01657879494385742,0.01528757620068876,0.015670414554654462,230.15399780273438,0.004327520283196051,226.76399841308594,0.019341674666578434,215.88600006103516,0.0707039540828669,203.19859985351562,0.13755702088064936,78.63291346305003,33171640.0,1.0836998110434093,0.02111178781258734,0.027150732281540968,0.0829740969476418,-0.02695217777219161,-0.03201381826468186,0,0,1,1,233.0,195.75,0.008003487572420663,0.15314728458239765
2024-12-18,230.77000427246094,231.39999389648438,220.11000061035156,220.52000427246094,43281400,AMZN,-0.045987410359975445,-10.629989624023438,0.024886467402867863,0.0220343982632406,0.019507153294479437,228.20599975585938,-0.03368007629782355,226.9999984741211,-0.028546230155146457,216.68150024414064,0.01771495962505032,203.95459991455078,0.08122103823522697,65.0264438306726,34750760.0,1.2454806743794955,0.05119713888715326,-0.04229996728366048,0.01081775105764482,0.020587670951264236,0.003537088537025168,1,1,0,1,233.0,195.75,0.05659348578698352,0.11232542985921878
2024-12-19,224.91000366210938,226.08999633789062,222.9199981689453,223.2899932861328,39918700,AMZN,0.012561168873593154,2.769989013671875,0.026651895436221113,0.022118303543058916,0.019370298528527945,227.06999816894532,-0.016646870627092247,227.27399749755858,-0.0175295205579713,217.70199966430664,0.02566808587170888,204.71699981689454,0.09072521327418115,65.46185452662476,37093680.0,1.076159065371783,0.014196776677238504,-0.024806777762539256,0.01242344228728931,0.025796094490647015,-0.017466048697877712,1,0,0,1,233.0,195.75,0.043486080907460964,0.12333733760671466
2024-12-20,219.83999633789062,226.2100067138672,218.72999572753906,224.9199981689453,88279200,AMZN,0.00729994595290151,1.6300048828125,0.02712806436713591,0.020023948158628093,0.01828571915849527,226.56199645996094,-0.007247456840387634,227.06299743652343,-0.009437906183622946,219.02899932861328,0.026895976598485305,205.48239990234376,0.09459495448680433,64.61633887915443,48995900.0,1.8017670866337796,0.03325631801183648,-0.011166835795081487,-0.009293928651264993,0.009470055575994563,-0.020896305293012896,1,0,0,1,233.0,196.75,0.03592389248103014,0.12524452426762797
2024-12-23,225.00999450683594,226.8800048828125,223.89999389648438,225.05999755859375,28070000,AMZN,0.0006224408269079884,0.1399993896484375,0.023264628148822374,0.019990975828305023,0.018094093625692007,224.98799743652344,0.0003200176137867494,226.95999755859376,-0.008371519300485963,220.4259994506836,0.021022919798292294,206.20719970703124,0.09142647724399344,62.62495175671858,47099480.0,0.5959726094640535,0.013240962492911639,-0.03378695472738824,-0.004555702578532217,-0.0058206592588836426,-0.003865614176775223,0,0,1,1,233.0,199.0,0.035279492257788245,0.1157913349386272
2024-12-24,226.94000244140625,229.13999938964844,226.1300048828125,229.0500030517578,15007500,AMZN,0.017728630305015702,3.9900054931640625,0.025634522758279467,0.020687373498472585,0.017931302703982535,224.56799926757813,0.019958336890374406,227.36099853515626,0.007428734600408493,221.80599975585938,0.03265918552190605,207.03739990234374,0.10632186822186274,62.02253073743912,42911360.0,0.3497325649897836,0.013141211380624943,-0.009084970366328493,0.017819098317010562,-0.03383540666554263,-0.006286847510239335,0,0,1,1,233.0,201.7899932861328,0.01724512942857118,0.1190133569195593
2024-12-26,228.5,228.5,226.6699981689453,227.0500030517578,16146700,AMZN,-0.00873171784917226,-2.0,0.01034634278465859,0.01947451603391351,0.01720689859570076,225.8739990234375,0.005206460386785183,227.03999938964844,4.406123210132229e-05,222.7654998779297,0.01923324381996272,207.8245999145508,0.09250783182121736,57.238313253339605,37484420.0,0.43075763210421825,0.008059906656938138,0.029611820482412066,-0.013940725838863965,-0.033737077996705445,-0.02175733263601909,0,0,1,1,233.0,204.58999633789062,0.026205667774802186,0.09892097076407991
2024-12-27,225.60000610351562,226.02999877929688,220.89999389648438,223.75,27367100,AMZN,-0.014534256804240364,-3.3000030517578125,0.012789945347414863,0.019897579929003012,0.01742857187475773,225.96600036621095,-0.009806786696315406,226.51799926757812,-0.012219776249693837,223.66599960327147,0.00037556176118647144,208.5617999267578,0.07282349921498543,46.06903034204289,34974100.0,0.7824961900377708,0.022927396124301676,0.0020601313435382185,-0.022797751639401787,-0.015776530857192772,-0.007240201641061428,0,0,0,1,233.0,204.58999633789062,0.041340782122905026,0.0856313012831704
2024-12-30,220.05999755859375,223.0,218.42999267578125,221.3000030517578,28321200,AMZN,-0.010949707031249978,-2.4499969482421875,0.01295895629474333,0.020053377061747223,0.017689309553732196,225.24200134277345,-0.017501168820715174,225.9019989013672,-0.020371647316050012,224.33649978637695,-0.01353545561025793,209.23720001220704,0.05765133082858598,44.459869140689115,22982500.0,1.2322941368432503,0.02065073321824543,-0.016094589839309892,-0.027081699992466568,0.013059192723881452,-0.010664259276126686,1,0,0,0,233.0,209.50999450683594,0.0528693935241645,0.05327613367526443
2024-12-31,222.97000122070312,223.22999572753906,218.94000244140625,219.38999938964844,24819700,AMZN,-0.008630834323407832,-1.910003662109375,0.012942155912859481,0.017768304361522914,0.017706347736482993,224.10800170898438,-0.02105235994858634,224.5479995727539,-0.02297059066622531,224.770499420166,-0.023937750035691874,209.8451998901367,0.04548495512172246,43.59265334939159,22332440.0,1.1113743057184975,0.019554187966943533,-0.025193273928962645,-0.058129024650678374,0.03746752925644503,-0.0042389930186814695,1,0,0,0,233.0,209.64999389648438,0.06203564724105527,0.04439584994877223
2025-01-02,222.02999877929688,225.14999389648438,218.19000244140625,220.22000122070312,33956600,AMZN,0.003783225458606987,0.8300018310546875,0.006910129589916702,0.01800434793260398,0.01753018278500398,222.34200134277344,-0.009543856353073532,223.4550003051758,-0.014477183683759942,225.10949935913087,-0.021720532240299795,210.4681997680664,0.04633384740964708,37.355161491549815,26122260.0,1.2999104977900076,0.031604719900545565,-0.03855054229822208,-0.04728528213016525,0.008582323945018455,-0.0111706779594547,1,0,0,0,233.0,215.75,0.0580328703499045,0.02029788936484165
2025-01-03,222.50999450683594,225.36000061035156,221.6199951171875,224.19000244140625,27515600,AMZN,0.018027432561515733,3.970001220703125,0.01336651368868907,0.01209883987769237,0.01730219727320763,221.77000122070314,0.010912211784202208,223.8220001220703,0.001644174027286116,225.4109992980957,-0.005416758101829511,211.15799987792968,0.061716830861299865,44.360545457033055,28396040.0,0.9689942682148638,0.016682302745152703,-0.012596346936404101,0.016642472781793094,-0.009188623650299266,-0.0037468055164956438,0,0,1,0,233.0,217.3000030517578,0.039297013527158996,0.030732857462942357
2025-01-06,226.77999877929688,228.83999633789062,224.83999633789062,227.61000061035156,31849800,AMZN,0.015254909370185477,3.4199981689453125,0.013278323855235507,0.012393489760812774,0.01745183317783271,222.54200134277343,0.022773225894432647,224.25400085449218,0.014965172273724292,225.76399917602538,0.00817668645604952,212.01599975585938,0.0735510568657507,50.169331644725325,29292580.0,1.0872992409681905,0.017573920255145776,0.017251399375872944,0.01934707086798526,-0.0380914641083262,-0.030534673035478632,0,0,1,1,233.0,218.19000244140625,0.023680854862241512,0.04138657415616604
2025-01-07,227.89999389648438,228.3800048828125,221.4600067138672,222.11000061035156,28084200,AMZN,-0.02416414035082548,-5.5,0.01751258666721173,0.014678190931409985,0.017088786412618805,222.7040008544922,-0.002667218558541906,223.9730010986328,-0.00831796903708415,225.51799926757812,-0.015111869865353622,212.73059967041016,0.04409051144721632,37.793328065745,29245180.0,0.9603018343535584,0.031155725315966713,0.0036601787050327683,-0.012493320209273073,-0.016433271291046325,0.017243716269100817,0,1,0,0,233.0,218.19000244140625,0.049029757146112504,0.017648904408506038
2025-01-08,223.19000244140625,223.52000427246094,220.1999969482422,222.1300048828125,25033300,AMZN,9.006470850470016e-05,0.0200042724609375,0.016749413411383435,0.014671974275102372,0.017073457426335818,223.252001953125,-0.005025697689143516,223.68000183105468,-0.006929528503012539,225.31999969482422,-0.01415761945824734,213.4165997314453,0.040828150960758425,39.40320778771926,29287900.0,0.8547318175765418,0.01494623531823295,0.012489199602474521,-0.01301871815322686,-0.019673210642038308,0.03862603719646596,0,1,0,0,233.0,218.19000244140625,0.04893528509542015,0.017737371605807364
2025-01-10,221.4600067138672,221.7100067138672,216.5,218.94000244140625,36811500,AMZN,-0.014360970473526025,-3.19000244140625,0.018320356001305636,0.013534048119958016,0.01732666962076826,222.99600219726562,-0.01818866578725198,222.66900177001952,-0.016746827348984583,225.0150001525879,-0.026998189929836047,214.02759979248046,0.022952192398030924,47.75056753380763,29858880.0,1.23284932321641,0.023796504319769127,-0.0058123638734071115,-0.04413883639227467,0.020142521297767946,0.07339906771824589,1,1,0,0,233.0,216.5,0.06421849548648174,0.011144616854835629
2025-01-13,218.05999755859375,219.39999389648438,216.47000122070312,218.4600067138672,27262700,AMZN,-0.0021923619356289947,-0.4799957275390625,0.01499097425428502,0.013460436630815423,0.01634523236409287,221.85000305175782,-0.015280578279278867,221.81000213623048,-0.01510299531175241,224.42500076293945,-0.02657900870577734,214.58019989013673,0.0180809171848888,42.64394752057589,29808300.0,0.914600966844805,0.013412032343379319,-0.025558658571479542,-0.037833059777288236,0.010070479175273928,0.07763430803740579,1,1,0,0,233.0,216.47000122070312,0.0665567739598987,0.009109243943998025
2025-01-14,220.44000244140625,221.82000732421875,216.1999969482422,217.75999450683594,24711700,AMZN,-0.003204303696411115,-0.70001220703125,0.010258916677374524,0.012919456715584863,0.016330055723284,219.8800018310547,-0.0096416559330742,221.21100158691405,-0.015600521923961441,223.8645004272461,-0.027268753682516356,215.08079986572267,0.012456689034009205,38.77743231608151,28380680.0,0.8707226183445922,0.02580827754291727,-0.043275805443970694,-0.026770974271124293,0.03756432834734258,0.07848095163385582,1,1,0,0,233.0,216.1999969482422,0.06998533191405663,0.0071638390794723245
2025-01-15,222.8300018310547,223.57000732421875,220.75,223.35000610351562,31291300,AMZN,0.025670516796895804,5.5900115966796875,0.014774030928912576,0.015275800874594559,0.017447187038427896,220.1280029296875,0.014636952731803321,221.41600189208984,0.008734708399117164,223.65900039672852,-0.0013815419574655374,215.81980010986328,0.034891173051865954,47.71085705694812,29022100.0,1.0781886906874416,0.012625955886080282,0.005582844040144863,0.009263456952046889,0.03295276655125967,0.05404070622606394,1,1,1,0,233.0,216.1999969482422,0.04320570240778014,0.0320125764937729
2025-01-16,224.4199981689453,224.64999389648438,220.30999755859375,220.66000366210938,24757300,AMZN,-0.012043887924316987,-2.69000244140625,0.01595167941779283,0.01555121538737806,0.016591109275187452,219.83400268554686,0.0037573849653460556,221.54300231933593,-0.003985676135027649,223.0455009460449,-0.01069511500486442,216.27440032958984,0.020277958583337252,38.36339587103054,28966900.0,0.854675508942966,0.019668251000921504,-0.006617751714716125,0.005788797465673623,0.06503213362898475,0.07926216778803719,1,1,1,0,232.72999572753906,216.1999969482422,0.05469950088422973,0.020212121090583655
2025-01-17,225.83999633789062,226.50999450683594,223.0800018310547,225.94000244140625,42370100,AMZN,0.023928209424767255,5.279998779296875,0.0172107108687442,0.017212999621138564,0.01755688768482973,221.23400268554687,0.021271593420240542,222.11500244140626,0.01722080885107724,222.785001373291,0.014161640364778627,216.87760040283203,0.04178579079509159,48.58886384771796,30078620.0,1.4086450774669848,0.015180988929442722,0.031972229478134606,0.02597403137315668,0.04195802259494763,0.04926088679537344,1,1,1,1,231.39999389648438,216.1999969482422,0.024165669629458743,0.043108813790908806
2025-01-21,228.89999389648438,231.77999877929688,226.94000244140625,230.7100067138672,39951500,AMZN,0.021111818274402117,4.7700042724609375,0.017445284398407406,0.017542634889998153,0.014681659961728677,223.6840026855469,0.03141040013575491,222.76700286865236,0.035656105899571466,223.29450149536132,0.033209528980094216,217.50180053710938,0.06072688200346321,58.529412974672304,32616380.0,1.224890683760736,0.020978701387206495,0.056074336828363824,0.029082493427265987,0.017944602614410998,0.017034339913375884,1,1,1,1,231.77999877929688,216.1999969482422,0.004637822523046088,0.06289284965268416
2025-01-22,232.02000427246094,235.44000244140625,231.19000244140625,235.00999450683594,41448200,AMZN,0.018638063663626525,4.29998779296875,0.015608268714655711,0.01783522485299621,0.014963985721751182,227.13400268554688,0.03467552954716724,223.5070022583008,0.05146591441122483,223.8805015563965,0.0497117563747993,218.0602005004883,0.07772988361674771,66.0726654244982,35963680.0,1.1525016349828494,0.018084337259436752,0.07921565225543992,0.032511725656345414,0.0017446222360446573,0.0113612111457142,1,1,1,1,235.44000244140625,216.1999969482422,0.0018297431795301986,0.08003913875265678
2025-01-23,234.10000610351562,235.52000427246094,231.50999450683594,235.4199981689453,26404400,AMZN,0.0017446222360446573,0.410003662109375,0.015361352733874609,0.015060692008566579,0.014924973288770122,229.54800109863282,0.025580693546485733,224.83800201416017,0.047064980385827626,224.40550155639647,0.049083006148049835,218.56760040283203,0.07710382387441417,69.47750822453804,34986300.0,0.7547068423925937,0.017033428752077733,0.05404070622606394,0.05992525110088831,0.011596277923593856,0.008495454997687668,1,1,1,1,235.52000427246094,216.1999969482422,0.00042479867595554587,0.0816413277129932
2025-01-24,234.5,236.39999389648438,232.92999267578125,234.85000610351562,25890700,AMZN,-0.002421170970448472,-0.5699920654296875,0.01204898745911369,0.015189424848979933,0.014959415131295744,232.38600158691406,0.010603067739775263,226.11000213623046,0.03865376977892088,224.89500198364257,0.04426511942047129,219.1010006713867,0.07188011640234215,67.8894590875031,35212980.0,0.7352601228297065,0.014775393359681843,0.06430708876056679,0.05726376869893701,0.009452847191856684,0.030700409911422977,1,1,1,1,236.39999389648438,216.1999969482422,0.006599905270113371,0.07941242780744494
2025-01-27,226.2100067138672,235.61000061035156,225.86000061035156,235.4199981689453,49428300,AMZN,0.0024270472668348475,0.5699920654296875,0.01076366928830829,0.013568706911656049,0.014509965438821906,234.28200073242186,0.004857383123610948,227.75800170898438,0.03364095400587064,225.21350173950196,0.04531920311442472,219.67260070800782,0.07168576058271903,64.97731939461404,36624620.0,1.3495921595910074,0.041415343113727625,0.04195802259494763,0.07527174359993682,-0.0033132222638839748,0.0031857956241327923,0,1,1,1,236.39999389648438,216.1999969482422,0.00416275480061717,0.0816413277129932
2025-01-28,234.2899932861328,241.77000427246094,233.97999572753906,238.14999389648438,41587200,AMZN,0.011596277923593856,2.7299957275390625,0.008544609607301917,0.013184639905121094,0.014469498623480664,235.7699981689453,0.010094565661546318,229.72700042724608,0.0366652307024129,225.76850128173828,0.05484154142164921,220.2574005126953,0.08123492487489781,64.32064186422582,36951760.0,1.1254457162527576,0.032710513309137115,0.032248220563074526,0.09013085497340745,-0.0019735512607547134,0.0028553766617600562,0,1,1,1,241.77000427246094,216.1999969482422,0.015200547842760209,0.09216879072347614
2025-01-29,239.02000427246094,240.38999938964844,236.14999389648438,237.07000732421875,26091700,AMZN,-0.004534900692607424,-1.079986572265625,0.006210988027865457,0.013324599942256923,0.014015997280709513,236.18200073242187,0.003759840246263968,231.6580017089844,0.023362049121157025,226.43450164794922,0.04696945738774905,220.71680053710938,0.07409135483712248,73.10069720153342,33880460.0,0.7701105593017332,0.01788503548390834,0.008765639187838348,0.0886756672689788,0.0014763185300277204,-0.033407909828521265,1,0,1,1,241.77000427246094,216.1999969482422,0.019825354549445118,0.08803311144895093
2025-01-30,237.13999938964844,237.9499969482422,232.22000122070312,234.63999938964844,32020700,AMZN,-0.010250170242948609,-2.4300079345703125,0.008213272970052836,0.013053901558116124,0.013980211068600343,236.0260009765625,-0.00587224111402751,232.78700103759766,0.007960059383863571,227.10150146484375,0.033194399315636725,221.18000061035156,0.060855406194745054,67.97929997276313,35003720.0,0.9147799148204819,0.024420370535475938,-0.0033132222638839748,0.05054843509115581,0.03162290397309242,-0.006392771922527407,1,0,0,1,241.77000427246094,216.1999969482422,0.03038699668155153,0.07858848657250621
2025-01-31,236.5,240.2899932861328,236.41000366210938,237.67999267578125,36110200,AMZN,0.012955989149507907,3.0399932861328125,0.010051284430596783,0.011751897413809786,0.01386592226955262,236.5919982910156,0.004598610234600509,234.48899993896484,0.01360828327830732,228.0160011291504,0.042382953383859556,221.88140045166017,0.07120286870355774,77.04965187567782,37047620.0,0.9746968901106198,0.016324426723271244,0.012050187348167318,0.07713218857611426,-0.006353056855297523,-0.020700093910120065,0,0,1,1,241.77000427246094,216.1999969482422,0.017208060092204998,0.09037359638781156
2025-02-03,234.05999755859375,239.25,232.89999389648438,237.4199981689453,37285900,AMZN,-0.0010938846972727845,-0.2599945068359375,0.010174894941565343,0.010463172986937089,0.01391463907857116,236.99199829101562,0.0018059676318866735,235.63699951171876,0.0075667177095330995,228.8760009765625,0.03733024500571269,222.59580047607423,0.06659693337055783,77.54212793273007,34619140.0,1.0770313762849106,0.02674587714804477,0.008495454997687668,0.050809930085382815,0.005938858027898952,-0.03575943710993823,1,0,1,1,241.77000427246094,216.1999969482422,0.018321986930604772,0.0893774803485729
2025-02-04,239.00999450683594,242.52000427246094,238.02999877929688,242.05999755859375,29713800,AMZN,0.019543422733693472,4.6399993896484375,0.012463777635894234,0.010203653236633343,0.013999752411840288,237.7739990234375,0.018025513945003624,236.7719985961914,0.022333717642941897,229.76950073242188,0.05349054938533726,223.34480041503906,0.08379508772434585,81.67364702447415,32244460.0,0.9215164403435505,0.01854914293336386,0.01641823960662747,0.04919591918179411,-0.05333389982780756,-0.04829382202475041,0,0,1,1,242.52000427246094,216.1999969482422,0.0019003830393571615,0.10683302020645445
2025-02-05,237.02000427246094,238.32000732421875,235.1999969482422,236.1699981689453,38727300,AMZN,-0.024332807771026643,-5.8899993896484375,0.01765029671138116,0.012537994613440713,0.015072488578553372,237.5939971923828,-0.005993413302796791,236.88799896240235,-0.00303097158404797,230.19750061035157,0.025945101674684112,224.0106002807617,0.054280457589702236,66.58045270421479,34771580.0,1.1137630214100136,0.013210866749233103,-0.003796385571636529,0.004935975870062892,-0.012829736218778143,-0.031714466491235105,0,0,0,1,242.52000427246094,216.1999969482422,0.02688743766248039,0.08455773966013029
2025-02-06,238.00999450683594,239.66000366210938,236.00999450683594,238.8300018310547,60897100,AMZN,0.011263088803542765,2.660003662109375,0.017339996695028854,0.012990761269864336,0.01387551533179565,238.43199768066407,0.0016692564515761177,237.22899932861327,0.006748763882039821,231.03350067138672,0.033746193244751144,224.81960021972657,0.06231841706699548,73.51801372462971,40546860.0,1.5018943513751744,0.015282875381190206,0.017857153308495466,0.01448476632670026,-0.025415598030739006,-0.050998651095712444,0,0,1,1,242.52000427246094,216.1999969482422,0.01545033041542457,0.09475361013822994
2025-02-07,232.5,234.80999755859375,228.05999755859375,229.14999389648438,77539300,AMZN,-0.04053095448794508,-9.680007934570312,0.024988609738997983,0.018636863801389385,0.017046504171166453,236.7259979248047,-0.03200326155442723,236.65899810791015,-0.03172921491031522,231.3845001220703,-0.009657112833431292,225.4602001953125,0.016365609974511974,53.7299486668851,48832680.0,1.587856738561144,0.0294566885437022,-0.03588858567045072,-0.02427086250327304,-0.0009600751759238912,-0.010997115779153188,0,0,0,0,242.52000427246094,216.1999969482422,0.05834610836610494,0.05651318914759468
2025-02-10,230.5500030517578,233.9199981689453,229.1999969482422,233.13999938964844,35419900,AMZN,0.017412199866636335,3.9900054931640625,0.027346935421870704,0.01963453704032605,0.016951632278921932,235.8699981689453,-0.011574167128035717,236.43099822998047,-0.013919489681851416,232.09449996948243,0.0045046281592346915,226.09400024414063,0.031164025307612864,52.875733054425346,48459480.0,0.730917872003579,0.020245351432872552,-0.018027119923787027,-0.009684813512149781,-0.011881291411652617,-0.04400786880713825,0,0,0,1,242.52000427246094,216.1999969482422,0.040233357241867516,0.0726602148312367
2025-02-11,231.9199981689453,233.44000244140625,230.1300048828125,232.75999450683594,23713700,AMZN,-0.0016299428832775575,-0.3800048828125,0.024400286208513745,0.01914633114372527,0.01694253289506978,234.00999755859374,-0.005341665163022813,235.89199829101562,-0.013277278614240218,232.80949935913085,-0.00021264103239426735,226.59200012207032,0.027220706739173428,47.06496114242311,47259460.0,0.5017767871236786,0.014220646316850376,-0.03842023938509964,-0.02263279247444061,-0.017528793294995793,-0.0695136323149641,0,0,0,0,242.52000427246094,216.1999969482422,0.04193164631363814,0.07114623624940582
2025-02-12,230.4600067138672,231.17999267578125,228.16000366210938,228.92999267578125,32285200,AMZN,-0.01645472556041927,-3.8300018310546875,0.023275148384220293,0.01967707978050756,0.017461888986352654,232.56199645996094,-0.015617357261572096,235.07799682617187,-0.026153039558767133,233.3679992675781,-0.019017202897250174,227.05579986572266,0.008254326959130642,42.22753549085989,45971040.0,0.7022943139855005,0.013191757787494844,-0.030655906970812108,-0.034335910899539246,-0.009959371214963042,-0.07085129288797642,0,0,0,0,242.52000427246094,220.30999755859375,0.059363176654298605,0.03765341105564723
2025-02-13,228.85000610351562,230.4199981689453,227.52000427246094,230.3699951171875,31346500,AMZN,0.006290143220533118,1.44000244140625,0.02244513400943595,0.019724166345695054,0.01663534280258689,230.8699951171875,-0.002165721014314559,234.65099639892577,-0.018244121471618246,233.71899871826173,-0.01432918855309362,227.50539978027345,0.012591328995622542,44.74423803427249,40060920.0,0.7824707969762053,0.01258841844837115,-0.035422713432174624,-0.018198108948040304,-0.016234710742049963,-0.07626857853815538,0,0,0,0,242.52000427246094,220.30999755859375,0.05274128320874782,0.043668870824415756
2025-02-14,229.1999969482422,229.88999938964844,227.22999572753906,228.67999267578125,27031100,AMZN,-0.007336035409240549,-1.69000244140625,0.012936307198958793,0.019087196653011385,0.016463332293605616,230.77599487304687,-0.009082409972573924,233.7509963989258,-0.02169404110042905,234.1199981689453,-0.023235971022169788,227.86479949951172,0.003577530088280545,42.295376489816135,29959280.0,0.9022613360534699,0.011631991198638373,-0.002051063640505446,-0.03786603953777834,-0.025362900029439306,-0.06266392789588049,0,0,0,0,242.52000427246094,223.0800018310547,0.0605213050548844,0.024488328774201675
2025-02-18,228.82000732421875,229.3000030517578,223.72000122070312,226.64999389648438,42975100,AMZN,-0.008877028355405714,-2.029998779296875,0.008495802619125603,0.019128352672657813,0.015774643951290745,229.47799377441407,-0.012323621238861548,232.6739959716797,-0.025890310818955986,234.1554977416992,-0.03205350255535866,228.12899932861328,-0.006483197824395992,36.64033722484374,31470320.0,1.3655755645319145,0.024619466054798072,-0.027837374582459717,-0.04536266681628531,-0.044429703669124576,-0.07902046717680555,0,0,0,0,242.52000427246094,223.72000122070312,0.07001990206637604,0.012927389166925972
2025-02-19,225.52000427246094,226.8300018310547,223.7100067138672,226.6300048828125,28566700,AMZN,-8.819331220011328e-05,-0.019989013671875,0.008701473866617364,0.017311674155561414,0.014993823225504743,228.2519958496094,-0.007106141441433844,231.13099670410156,-0.019473769790606332,233.95149765014648,-0.031294917283592794,228.29839935302735,-0.00730795518033811,37.56550773080275,32440920.0,0.880576136558396,0.013766911044284758,-0.026336096273809617,-0.06374449653560055,-0.061421691166371195,-0.06331909188695395,0,0,0,0,242.52000427246094,223.7100067138672,0.07011427898907276,0.012884428831280334
2025-02-20,224.77999877929688,225.1300048828125,221.80999755859375,222.8800048828125,30001700,AMZN,-0.016546793977871843,-3.75,0.008731045541396532,0.016576418441292033,0.014655399635461534,227.04199829101563,-0.01833138115208277,229.80199737548827,-0.03012155060325905,233.34499816894532,-0.04484772919176094,228.34499938964845,-0.02393305971859916,36.42033062586756,31984220.0,0.9380156839841647,0.014895940647364792,-0.02642723970876526,-0.05627299567757016,-0.045226137877889205,-0.08013280787454269,0,0,0,0,242.52000427246094,221.80999755859375,0.08811916259592197,0.004800822419136909
2025-02-21,223.27999877929688,223.30999755859375,214.74000549316406,216.5800018310547,55323900,AMZN,-0.028266344731418536,-6.3000030517578125,0.010705320954661217,0.016806749958256706,0.015692935769379933,224.28399963378905,-0.03434929738774706,227.57699737548828,-0.04832208734298926,232.4029983520508,-0.06808430456231451,228.13599945068358,-0.050653985550084046,27.341081361505715,36779700.0,1.5041966084552076,0.039569637053169814,-0.05986019698059175,-0.09316249980912938,-0.010296406448821571,-0.059008212536936,0,0,0,0,242.52000427246094,214.74000549316406,0.11977099557714935,0.008495688994064797
2025-02-24,217.4499969482422,217.72000122070312,212.4199981689453,212.7100067138672,42387600,AMZN,-0.017868663239768212,-3.8699951171875,0.010538287019902557,0.013344228622850694,0.01598627861332427,221.09000244140626,-0.037903096634864575,225.93299865722656,-0.0585261649336164,231.29599838256837,-0.08035587212347517,227.86839965820312,-0.06652257604421297,25.373744427365196,39851000.0,1.0636521040877267,0.02491656661403457,-0.06983551894964435,-0.07174334549641637,-0.01866391375767984,-0.020450406498116247,0,0,0,0,242.52000427246094,212.4199981689453,0.14014384193355559,0.0013633986919665143
2025-02-25,211.6300048828125,213.33999633789062,204.16000366210938,212.8000030517578,58958000,AMZN,0.000423094048469963,0.089996337890625,0.012397896291957023,0.010653454394626736,0.015944717157281556,218.32000427246095,-0.02528399190490227,223.8989990234375,-0.04957144078396647,230.16499862670898,-0.07544585700936413,227.62359985351563,-0.06512328603579487,17.93074544954048,43047580.0,1.3696007998591326,0.043139062707383824,-0.06110739562186851,-0.08724370074264376,-0.0024436290648663928,-0.05686093012213267,0,0,0,0,242.52000427246094,204.16000366210938,0.13966165786884197,0.04060150030894028
2025-02-26,214.94000244140625,218.16000366210938,213.08999633789062,214.35000610351562,39120600,AMZN,0.007283848822975836,1.5500030517578125,0.014498777513353557,0.01166665336920703,0.01573747547074055,215.86400451660157,-0.007013667778823729,222.05800018310546,-0.03471162522059079,228.97499923706056,-0.06387157192826765,227.3054000854492,-0.056995539820274166,23.57075503257093,45158360.0,0.866298067511752,0.023652937624691745,-0.05418522929321168,-0.07909429815173685,-0.04352694922037448,-0.070445559475391,0,0,0,0,242.52000427246094,204.16000366210938,0.1314205615433537,0.04753908164800897
2025-02-27,218.35000610351562,219.97000122070312,208.3699951171875,208.74000549316406,40548600,AMZN,-0.02617215045770671,-5.6100006103515625,0.015983215589083954,0.012786707789921104,0.016423058768007016,213.03600463867187,-0.02016560136299128,220.03900146484375,-0.051349969307531884,227.55849914550782,-0.08269738868470322,226.90080017089844,-0.08003847789014373,15.98463840853249,47267740.0,0.8578493492601931,0.055571552161789654,-0.06344220692692049,-0.08819284422557494,-0.023665815423043246,-0.06802726757375832,0,0,0,0,242.52000427246094,204.16000366210938,0.16182810141970186,0.021941179029070574
2025-02-28,208.64999389648438,212.6199951171875,206.99000549316406,212.27999877929688,51771700,AMZN,0.016958863624485065,3.5399932861328125,0.017818732575781027,0.014539838625650454,0.017180594248886058,212.1760040283203,0.0004901343648771039,218.2300018310547,-0.027264826109308693,226.44049911499025,-0.06253519309062483,226.59720001220703,-0.06318348696338205,27.85508435399113,46557300.0,1.1119996219712054,0.026521526551716353,-0.019854109407165255,-0.07852583548776992,-0.018466168228222224,-0.07391182651041384,0,0,1,0,242.52000427246094,204.16000366210938,0.1424533901783369,0.03825134333842583
2025-03-03,213.35000610351562,214.00999450683594,202.5500030517578,205.02000427246094,42948400,AMZN,-0.034200087377916355,-7.2599945068359375,0.022025406387388268,0.016712831719290066,0.017831311613855604,210.63800354003905,-0.026671346922969796,215.86400299072267,-0.05023532672433473,224.80749969482423,-0.0880197299877663,226.03900024414062,-0.09298836018995593,16.005796571050794,46669460.0,0.9202677725433291,0.05589694281660628,-0.03615251844616163,-0.10346330750878174,-0.02107115029847373,-0.029899545191044097,0,0,0,0,242.52000427246094,202.5500030517578,0.182908980677634,0.012047610814701876
2025-03-04,200.11000061035156,206.8000030517578,197.42999267578125,203.8000030517578,60853100,AMZN,-0.005950644792114046,-1.220001220703125,0.021659564713478824,0.016774492351478945,0.017776605501453466,208.83800354003907,-0.024123964043332502,213.57900390625,-0.04578633983509284,223.12649993896486,-0.08661677072196139,225.4920004272461,-0.09619852293823217,15.687199027486798,47048480.0,1.2934126671042294,0.045976497721626236,-0.042293232476180886,-0.10081619880899984,-0.022325824257236504,-0.0486261212645448,0,0,0,0,242.52000427246094,197.42999267578125,0.18999018960205633,0.03125618390868626
2025-03-05,204.8000030517578,209.97999572753906,203.25999450683594,208.36000061035156,38610100,AMZN,0.022374865016246748,4.55999755859375,0.025162434118255278,0.019583923479025447,0.01801263559252912,207.64000244140624,0.0034675311138492315,211.75200347900392,-0.01601875218615667,221.44150009155274,-0.059074290391786355,225.24880035400392,-0.07497842260251641,26.04239123441998,46946380.0,0.822429759227442,0.03225187752456393,-0.027944974679736334,-0.08061599911233341,-0.06632754503616645,-0.04996162234409307,0,0,1,0,239.66000366210938,197.42999267578125,0.15022078594773622,0.052457323394859395
2025-03-06,204.39999389648438,205.77000427246094,198.3000030517578,200.6999969482422,49863800,AMZN,-0.03676331176651382,-7.660003662109375,0.027669382277724988,0.021492218451768796,0.018826886564000205,206.03200073242186,-0.025879493307956913,209.53400268554688,-0.04216024904827553,219.6680000305176,-0.08634850355828005,224.7970004272461,-0.10719450630215477,19.816875824448417,48809420.0,1.0216019776510354,0.037219737589879176,-0.0385168550988908,-0.0995154677344533,-0.02047832921199033,-0.024713460540595977,0,0,0,0,239.66000366210938,197.42999267578125,0.19412061438104777,0.0162929961244804
2025-03-07,199.49000549316406,202.27000427246094,192.52999877929688,199.25,59802800,AMZN,-0.007224698407026442,-1.4499969482421875,0.02422020223495112,0.020537725013822637,0.018280660965172963,203.4260009765625,-0.020528354077233413,207.8010025024414,-0.04114995788983711,217.68899993896486,-0.08470340689761424,224.28360046386717,-0.11161583108213102,19.914118958096495,50415640.0,1.1861953949211,0.04888333999078576,-0.06138118925110747,-0.08001662981133928,-0.001806778471024173,-0.03227097955222713,0,0,0,0,234.80999755859375,192.52999877929688,0.17846924747098494,0.0337264804050345
2025-03-10,195.60000610351562,196.72999572753906,190.85000610351562,194.5399932861328,62350900,AMZN,-0.02363867861413893,-4.7100067138671875,0.022216157893940113,0.02091973419566811,0.017091864466433827,201.3299987792969,-0.03372575142469181,205.98400115966797,-0.05555775113167338,215.95849990844727,-0.09917880811079227,223.67320037841796,-0.13024898397750195,18.879615829749824,54296140.0,1.148348667142821,0.03022509420659353,-0.05111701671999158,-0.08542152627627098,-0.003341183915475665,0.005140331214719351,0,1,0,0,233.9199981689453,190.85000610351562,0.20242626833492125,0.018967756296721414
2025-03-11,193.89999389648438,200.17999267578125,193.39999389648438,196.58999633789062,54002900,AMZN,0.010537694677220655,2.0500030517578125,0.02415154201903366,0.021641423135650137,0.01661612962688176,199.88799743652345,-0.016499245281999197,204.36300048828124,-0.03803528100399145,214.13099975585936,-0.08191716023353945,223.02400024414064,-0.1185253778845019,21.988053636270507,52926100.0,1.0203453494589625,0.03448801518691571,-0.035377853807176396,-0.07617484248778206,0.006917954299231255,-0.008342232159309293,1,0,0,0,233.44000244140625,190.85000610351562,0.187445988046001,0.029197773748921314
2025-03-12,200.72000122070312,201.52000427246094,195.2899932861328,198.88999938964844,43679300,AMZN,0.011699491808345508,2.3000030517578125,0.021203798124239975,0.022022346893825786,0.01715863615974782,197.9939971923828,0.00452540082008146,202.81699981689454,-0.019362284378486194,212.4375,-0.06377170043119296,222.46080017089844,-0.1059548503068517,27.007852851100594,53939940.0,0.809776577430379,0.031323902687147256,-0.045450188102143074,-0.07212505842617567,-0.015837869707632568,-0.013474748272942705,0,0,1,0,231.17999267578125,190.85000610351562,0.16235101505970137,0.040424321538568356
2025-03-13,198.1699981689453,198.8800048828125,191.82000732421875,193.88999938964844,41270800,AMZN,-0.025139524437347016,-5.0,0.017768479808272997,0.021925909277670876,0.01749862324736736,196.63199768066406,-0.01394482242645323,201.33199920654297,-0.03696382018866218,210.68550033569335,-0.0797183523274454,221.8636001586914,-0.12608467882534324,27.698049322458104,52221340.0,0.7903052660081109,0.036412386305730605,-0.033931229009186104,-0.07114115987700276,-0.005518552110980179,0.04832634559122995,0,1,0,0,230.4199981689453,190.85000610351562,0.188405791398683,0.015678958665751145
2025-03-14,197.41000366210938,198.64999389648438,195.32000732421875,197.9499969482422,38096700,AMZN,0.02093969555611075,4.05999755859375,0.02162694976073833,0.02244201387832291,0.01841634040587842,196.3719970703125,0.008035768345140859,199.8989990234375,-0.009749934140324545,209.0645004272461,-0.05316303560044966,221.3966000366211,-0.10590317594985932,35.54640572721611,47880120.0,0.795668431908692,0.016822362331919177,-0.0065244820665385506,-0.0675051908491543,-0.012174810301914363,0.039201868579235244,0,1,1,0,229.88999938964844,190.85000610351562,0.16135389206273934,0.03586759764680871
2025-03-17,198.77000427246094,199.0,194.32000732421875,195.74000549316406,47341800,AMZN,-0.01116439246854839,-2.209991455078125,0.01893134824730321,0.02039904701492235,0.01843560584141857,196.61199951171875,-0.004435100709622275,198.97099914550782,-0.016238515493310235,207.41750106811523,-0.05629947094539678,220.9236001586914,-0.11399232425796857,33.96013547557044,44878300.0,1.0548928992408357,0.023909229306446976,0.006168460205846937,-0.045263869797623424,-0.004036009618633929,0.027536524156461573,0,1,0,0,229.3000030517578,190.85000610351562,0.1714519087400648,0.02498211531836916
2025-03-18,192.52000427246094,194.0,189.3800048828125,192.82000732421875,40414900,AMZN,-0.014917738259935254,-2.9199981689453125,0.019270869204306814,0.02066848534135779,0.018507246362777927,195.85800170898438,-0.015511208928188802,197.8729995727539,-0.02553654242592751,205.72600173950195,-0.06273389997451684,220.37560028076172,-0.12503921904891802,30.265807885229265,42160700.0,0.958591769111993,0.023960143873551318,-0.01917691176509395,-0.05387632759137173,0.017581159946479463,0.044289974907910645,1,1,0,0,226.8300018310547,189.3800048828125,0.17638208284915974,0.017840484963897084
2025-03-19,193.3800048828125,195.97000122070312,191.9600067138672,195.5399932861328,39442900,AMZN,0.014106347155876442,2.7199859619140625,0.01977566721588047,0.019573387292482928,0.019085174313580144,195.18800048828126,0.0018033526496046282,196.59099884033202,-0.005346152979531005,204.17150115966797,-0.04227577220380563,219.80260009765624,-0.11038362057930062,37.22413949954927,41313420.0,0.9547236709040307,0.020507285693562086,-0.016843512060918497,-0.06152815937159217,0.039480420812976424,-0.014421561635747815,1,0,1,0,225.1300048828125,189.3800048828125,0.15132460168074546,0.03150244765686592
2025-03-20,193.07000732421875,199.32000732421875,192.3000030517578,194.9499969482422,38921100,AMZN,-0.003017266841301769,-0.589996337890625,0.0157056823757405,0.016354600062809855,0.018975020864016326,195.4,-0.0023029838882181464,196.01599884033203,-0.005438341249676126,202.77500076293944,-0.03858958838740345,219.14940002441406,-0.11042422691312859,32.21103438726894,40843480.0,0.9529330017912284,0.03600925561606804,0.005467004806491094,-0.028649726394778363,0.05519369035169408,-0.024057463528206258,1,0,0,0,223.30999755859375,189.3800048828125,0.14547320366401922,0.028571388318146422
2025-03-21,192.89999389648438,196.99000549316406,192.52000427246094,196.2100067138672,60056900,AMZN,0.006463245885351521,1.260009765625,0.012067492879352226,0.01651347921803021,0.018460398994798292,195.052001953125,0.005936902719001491,195.71199951171874,0.00254459207095592,201.7565010070801,-0.02749103134484998,218.63140014648437,-0.10255340000381785,39.68625694076759,45235520.0,1.3276491571225444,0.02278171891213338,-0.008790049311442782,-0.015257180858884833,0.02507516436773849,-0.02059022683187317,1,0,1,0,219.97000122070312,189.3800048828125,0.12109471328587797,0.03480965087073704
2025-03-24,200.0,203.63999938964844,199.9499969482422,203.25999450683594,41625400,AMZN,0.03593082692897376,7.04998779296875,0.019144003437349254,0.018257407608629234,0.020280278244221007,196.55599975585938,0.03410730152884445,196.58399963378906,0.03396001142251359,201.28400039672852,0.009816945739416827,218.25399993896485,-0.06869979673372317,49.44374867184975,44092240.0,0.9440527403461471,0.01815410086160437,0.038418252797762786,0.04482369446717116,-0.009347603797266069,-0.0356686027547648,0,0,1,1,219.97000122070312,189.3800048828125,0.08221001262156978,0.06828687395028259
2025-03-25,203.60000610351562,206.2100067138672,203.22000122070312,205.7100067138672,31171200,AMZN,0.012053587883713357,2.45001220703125,0.01438025466401437,0.018318893178339665,0.020520955711756803,199.13399963378907,0.03302302515979938,197.49600067138672,0.04159074621540171,200.92950057983398,0.023791957478806358,217.98940002441407,-0.05633023123680159,47.14624777674511,42243500.0,0.7378934037189153,0.014535051264292735,0.0668499061301997,0.046391019613742035,-0.06314717354140453,-0.13271110865175761,0,0,1,1,219.97000122070312,189.3800048828125,0.06932085966372512,0.079383604579669
2025-03-26,205.83999633789062,206.00999450683594,199.92999267578125,201.1300048828125,32855300,AMZN,-0.022264360904062586,-4.5800018310546875,0.021288265676561398,0.01995176282440979,0.020915750028957417,200.252001953125,0.0043844901480336596,197.72000122070312,0.017246629784828826,200.26850051879882,0.004301746713946342,217.64279998779296,-0.07587108374780427,50.49597234761887,40925980.0,0.8027981248097175,0.03022921336176158,0.02858756156598541,0.011262534567037852,-0.05404469801663814,-0.1498036302458582,0,0,1,1,219.97000122070312,189.3800048828125,0.09367073972313412,0.05841992599187817
2025-03-27,200.88999938964844,203.7899932861328,199.27999877929688,201.36000061035156,27317700,AMZN,0.0011435177345771042,0.2299957275390625,0.020934187935074785,0.017684274613796028,0.020200501827181083,201.53400268554688,-0.0008633881770651053,198.46700134277344,0.014576726851339927,199.8995002746582,0.007306173020376061,217.31480010986328,-0.07341791489325988,52.50415515073898,38605300.0,0.7076152756227772,0.022397668321242976,0.032880244998471087,0.03852700626240724,-0.045639662363677,-0.12961862348233366,0,0,0,1,214.00999450683594,189.3800048828125,0.0628227744246146,0.05949540967037121
2025-03-28,198.4199981689453,199.25999450683594,191.8800048828125,192.72000122070312,52548200,AMZN,-0.04290822091507418,-8.639999389648438,0.03050799883633485,0.02188631434053845,0.021686091919221467,200.83600158691405,-0.040411083182706364,197.94400177001953,-0.026391305129750187,198.9215003967285,-0.03117561029681115,216.70220001220704,-0.11066892163601927,48.024323963496826,37103560.0,1.4162576313431918,0.038293843800736936,-0.017787092267182558,-0.026420792160489648,0.017071363975164733,-0.11446657025147389,1,0,0,0,214.00999450683594,189.3800048828125,0.11047111431756111,0.0173308235613057
2025-03-31,188.19000244140625,191.3300018310547,184.39999389648438,190.25999450683594,63547600,AMZN,-0.012764667384211892,-2.4600067138671875,0.02126084016090157,0.0219627680115851,0.020651033455560658,198.23600158691406,-0.04023490696053578,197.39600067138673,-0.036150712984456046,198.18349990844726,-0.03998065129171535,216.09419982910157,-0.11955066513907664,43.18915026546098,41488000.0,1.5317103740840725,0.03642388381505667,-0.06395749459475064,-0.02799637699264046,-0.062283145100694326,0.00441507211674752,0,1,0,0,209.97999572753906,184.39999389648438,0.10364764947995726,0.030799962049515437
2025-04-01,187.86000061035156,193.92999267578125,187.1999969482422,192.1699981689453,41267300,AMZN,0.010038913682617334,1.910003662109375,0.020679701419486936,0.021827283520465195,0.02086063775404383,195.5279998779297,-0.017174019634429882,197.33099975585938,-0.02615403354414325,197.60199966430665,-0.027489607921931003,215.41879974365236,-0.10792373554384782,42.708329883989464,43507220.0,0.948516131345556,0.03502105319074011,-0.06582085510188806,-0.003371066956659119,-0.11016286814101861,-0.056980782913967465,0,0,0,0,209.97999572753906,184.39999389648438,0.09267834588277499,0.04043297261016767
2025-04-02,187.66000366210938,198.33999633789062,187.66000366210938,196.00999450683594,53679200,AMZN,0.01998228846583383,3.839996337890625,0.02441977356964313,0.02232625354473293,0.020715473413705658,194.50399780273438,0.00774275449921058,197.37799987792968,-0.006930890838592996,196.98449935913087,-0.004947114394611707,214.72479949951173,-0.08715716599245604,52.35974613061148,47672000.0,1.1260110756838395,0.0544869801290096,-0.025456223595080818,0.002403606611642628,-0.10586194878586319,-0.056833833487301755,0,0,1,0,206.2100067138672,184.39999389648438,0.052038225054261304,0.05923167662731942
2025-04-03,183.0,184.1300048828125,176.9199981689453,178.41000366210938,95553600,AMZN,-0.08979129298487254,-17.599990844726562,0.04444430167449745,0.036312516885888796,0.027550962482939586,189.91399841308595,-0.06057475934951351,195.7240005493164,-0.0884612864984049,195.86999969482423,-0.08914073650849264,213.5927996826172,-0.16471901708665648,33.28771703522078,61319180.0,1.5582987248035607,0.040412569731920506,-0.11397495470141739,-0.08484223413721859,-0.043439268207615345,0.020794750176141852,0,1,0,0,206.2100067138672,176.9199981689453,0.15582087596617186,0.008351580419145011
2025-04-04,167.14999389648438,178.13999938964844,166.0,171.0,123159400,AMZN,-0.041533565999713695,-7.410003662109375,0.04429504841443496,0.037315503648960434,0.028708027236919544,185.56999816894532,-0.07851483705723061,193.2029998779297,-0.11492057520824261,194.4574996948242,-0.1206304705739697,212.3043997192383,-0.1945527260568375,30.568638077325105,75441420.0,1.6325169913291664,0.07099414847747625,-0.1127023717472343,-0.12848481652941846,0.11754389534219656,0.050233896712810644,1,1,0,0,206.2100067138672,166.0,0.20590647201091922,0.029239766081871343
2025-04-07,162.0,183.41000366210938,161.3800048828125,175.25999450683594,109327100,AMZN,0.024912248577988017,4.2599945068359375,0.049348444045596594,0.03584340046666484,0.029292676990296904,182.56999816894532,-0.04003945738852943,190.4029998779297,-0.07953133816590163,193.49349975585938,-0.0942331668610552,211.1125994873047,-0.169826931540506,36.49229466184051,84597320.0,1.2923234447616072,0.12569895851752755,-0.078839485089237,-0.13775460374253978,0.03400665811178438,-0.005306360292878898,1,0,0,0,206.2100067138672,161.3800048828125,0.176594848665387,0.07919656544027824
2025-04-08,185.22999572753906,185.89999389648438,168.57000732421875,170.66000366210938,87710400,AMZN,-0.026246667744515673,-4.5999908447265625,0.0473209576954934,0.034766805591388346,0.02943444673840354,178.26799926757812,-0.04267729282163102,186.89799957275392,-0.08688159288897879,192.1970001220703,-0.11205688146163628,209.81739959716796,-0.1866260663330951,31.39952640252318,93885940.0,0.9342229518072674,0.10154685456691631,-0.11193211589628849,-0.17038550341651926,0.0832649194313424,0.011426209459733716,1,1,0,0,206.2100067138672,161.3800048828125,0.20830893172921436,0.054377115786721726
2025-04-09,172.1199951171875,192.64999389648438,169.92999267578125,191.10000610351562,116804300,AMZN,0.11977031526306248,20.44000244140625,0.07970057158326677,0.055585296218493466,0.04072832147182116,177.28600158691407,0.07791931902660276,185.8949996948242,0.027999711757907608,191.80750045776367,-0.003688564589807708,208.8763998413086,-0.08510484550336173,47.78047328814517,106510960.0,1.0966411343959344,0.11889063576688787,-0.025049683898384467,-0.049868237139161886,-0.04699116012306037,-0.12443745693244856,0,0,1,0,206.2100067138672,161.3800048828125,0.07906855116564848,0.15552067122700303
2025-04-10,185.44000244140625,186.8699951171875,175.85000610351562,181.22000122070312,68302000,AMZN,-0.05170070417193329,-9.8800048828125,0.070578700118716,0.05754677898157736,0.0419636386677912,177.8480010986328,0.01896001136498704,183.88099975585936,-0.014471307740817507,191.17400054931642,-0.052067746137087756,207.75939971923827,-0.12774102415775146,42.139482468553844,101060640.0,0.6758516470903014,0.060810004080349374,0.01575022420780625,-0.10001986158423304,-0.008994619091892364,-0.04436601087498149,0,0,1,0,206.2100067138672,161.3800048828125,0.13789871606241402,0.10948016887897495
2025-04-11,179.92999267578125,185.86000061035156,178.0,184.8699951171875,50594300,AMZN,0.020141230945248445,3.649993896484375,0.06561929125807293,0.05687183440304868,0.04194048997380236,180.62200012207032,0.02351870199779782,183.09599914550782,0.00968888441013882,190.52000045776367,-0.029655707154109145,206.76399963378907,-0.10588886148158883,39.99999999999999,86547620.0,0.5845833773360839,0.04251636727403588,0.08111108255665211,-0.04073270056970257,-0.05701300137673293,-0.023097252807115387,0,0,1,0,206.2100067138672,161.3800048828125,0.1154325318348845,0.12706221049816602
2025-04-14,186.83999633789062,187.44000244140625,179.22999572753906,182.1199951171875,48002500,AMZN,-0.014875318183769082,-2.75,0.06687722145641706,0.05691715645138583,0.04198860876798788,181.99400024414064,0.0006923023444611598,182.28199920654296,-0.0008887552806127186,189.83899993896483,-0.040660795854693066,205.6527996826172,-0.11442977971487744,37.21408374057904,74282700.0,0.6462137213644631,0.04508020499662517,0.0391418511090047,-0.04278355736710571,-0.052218288830485626,0.02426970287420227,0,1,1,0,206.2100067138672,161.3800048828125,0.13227549002062433,0.11388090704169843
2025-04-15,181.41000366210938,182.35000610351562,177.92999267578125,179.58999633789062,43642000,AMZN,-0.013891933050343641,-2.529998779296875,0.06544293928974909,0.05681427322927734,0.041973617793481056,183.77999877929688,-0.022799012238747807,181.0239990234375,-0.007921616433637757,189.17749938964843,-0.05067993330438547,204.4961996459961,-0.12179298857983989,38.05985980181163,65469020.0,0.6666053654079441,0.0246116906167664,0.05232621870477505,-0.06546288156799085,-0.06832222987847514,0.05234149644720598,0,1,0,0,206.2100067138672,161.3800048828125,0.14822657675148115,0.10139758241776915
2025-04-16,176.2899932861328,179.10000610351562,171.41000366210938,174.3300018310547,51875300,AMZN,-0.029288905919567454,-5.2599945068359375,0.02619418188777051,0.05651151628190857,0.042179009026413826,180.42599792480468,-0.03378668353709535,178.8559997558594,-0.02530526194806293,188.11699981689452,-0.07328948473162733,203.14159973144533,-0.14183012213391932,35.808041413929075,52483220.0,0.9884168692393492,0.044111755639506756,-0.08775512159521814,-0.110606567437178,-0.006596736896658406,0.07669359821463506,0,1,0,0,206.2100067138672,161.3800048828125,0.18287159151015095,0.07428438485758858
2025-04-17,176.0,176.2100067138672,172.0,172.61000061035156,44726500,AMZN,-0.009866352335440198,-1.720001220703125,0.01815561126379618,0.049189618323956366,0.042190786407588964,178.70399780273436,-0.034101068064015916,178.2759994506836,-0.031782174032345956,187.0,-0.07695186839384194,201.87039978027343,-0.14494645674536955,38.61397087473086,47768120.0,0.9363253148752767,0.02439028271236047,-0.04751131526517138,-0.03250940492519938,0.04628935441116555,0.08562654960335192,1,1,0,0,206.2100067138672,161.3800048828125,0.19465851332313017,0.06505993678135466
2025-04-21,169.60000610351562,169.60000610351562,165.2899932861328,167.32000732421875,48126100,AMZN,-0.030647084568839134,-5.2899932861328125,0.009558983096220329,0.048336878825846946,0.042464392813700506,175.19400024414062,-0.044944421092897646,177.90800018310546,-0.059513865863195514,185.55550003051758,-0.09827513980075886,200.4401998901367,-0.1652372756765932,37.41496871980659,47274480.0,1.0180143705441076,0.02575910009991351,-0.09493151001515399,-0.021520425004568744,0.11486962180602345,0.10219931924573511,1,1,0,0,206.2100067138672,161.3800048828125,0.23242886497303722,0.03550084975729297
2025-04-22,169.85000610351562,176.77999877929688,169.35000610351562,173.17999267578125,56607200,AMZN,0.03502262189247651,5.8599853515625,0.02664682241270691,0.049043598638769004,0.04241642436158088,173.40599975585937,-0.001303340601803371,177.7,-0.025436169522896623,184.05149993896484,-0.05906774607535825,199.32079986572265,-0.13114941946626646,40.01471481422346,48995420.0,1.1553569701004707,0.04290329708981628,-0.049088527789898584,-0.011868092526806318,0.09129237490488595,0.09827927585333085,1,1,0,0,206.2100067138672,161.3800048828125,0.1907265009528153,0.06813713068495207
2025-04-23,183.4499969482422,187.3800048828125,180.19000244140625,180.60000610351562,63470100,AMZN,0.042845673527805994,7.420013427734375,0.03515591193867331,0.04982060256476575,0.043689340164988794,173.60800170898438,0.04027466663807244,178.69400024414062,0.01066631144174357,182.79599990844727,-0.012013358093347248,198.27,-0.08912086496436367,42.19114550753236,52961040.0,1.1984300157247667,0.039811750821786306,0.005623975645752122,0.05824447573015701,0.03931334775623996,0.0519379252880372,1,1,1,0,206.00999450683594,161.3800048828125,0.14069760545166268,0.10642303749251635
2025-04-24,180.9199981689453,186.74000549316406,180.17999267578125,186.5399932861328,43763200,AMZN,0.03289029336584037,5.9399871826171875,0.0323798533441773,0.032478894411924884,0.044318038178504736,176.05,0.059585306936283944,178.23799896240234,0.046578139185021294,182.06649932861328,0.024570659478904355,197.34559997558594,-0.05475473834121414,54.671872766794365,51338620.0,0.8524420796663409,0.03516679025135613,0.07003953035525678,-0.023861918742758892,0.004556696333808619,-0.0010184796261130113,1,0,1,1,203.7899932861328,161.3800048828125,0.0924734674646434,0.13487718081305775
2025-04-25,187.6199951171875,189.94000244140625,185.49000549316406,188.99000549316406,36414300,AMZN,0.013133978209558528,2.45001220703125,0.029651763689288256,0.027536375885118917,0.04445562768452466,179.3260009765625,0.05389070443758248,179.01499938964844,0.055721621861438475,181.4479995727539,0.041565660344390354,196.5468002319336,-0.03844781359885885,60.96283456138266,49676180.0,0.7330334176259125,0.023546202544573964,0.09489603629507304,0.04287608553207134,-0.0241812116587512,-0.02105937282737469,0,0,1,1,199.25999450683594,161.3800048828125,0.05434143983896201,0.14609238482375853
2025-04-28,190.11000061035156,190.22000122070312,184.88999938964844,187.6999969482422,33224700,AMZN,-0.006825802991833552,-1.290008544921875,0.020138735717465665,0.027157309694001232,0.04343882554233412,183.4019989013672,0.02343484843470245,179.2979995727539,0.04686051933378654,181.19699935913087,0.03588910198354012,195.69340026855468,-0.040846565644743094,57.86545558530047,46695900.0,0.7115121456059311,0.028396387414563583,0.12180246672194306,0.015308064617304495,0.013319126481868615,0.005380979126512697,1,1,1,1,198.33999633789062,161.3800048828125,0.05668619905509317,0.14022372132849506
2025-04-29,183.99000549316406,188.02000427246094,183.67999267578125,187.38999938964844,41667300,AMZN,-0.0016515586767922308,-0.30999755859375,0.021486916133083116,0.026567985279703544,0.043343777631709025,186.24400024414064,0.0061532137626207906,179.825,0.042068674487131696,181.0534996032715,0.034997941493876805,194.86760040283204,-0.03837272588016605,61.18464850206174,43707920.0,0.9533123516287209,0.02316031597638947,0.08205339712925408,0.02893698887412044,0.013821422414891593,0.02502802954630523,1,1,1,1,198.33999633789062,161.3800048828125,0.05843426534984595,0.1388014013103879
2025-04-30,182.1699981689453,185.0500030517578,178.85000610351562,184.4199981689453,55176500,AMZN,-0.015849304820837684,-2.970001220703125,0.019109129126265754,0.026714478046714833,0.04341849567012118,187.00799865722655,-0.013838982860967741,180.30800018310546,0.02280541063992758,180.66599960327147,0.020778666566577675,194.02300048828124,-0.04949414396833807,44.173055775247484,42049200.0,1.3121890547263682,0.033618897135886706,0.0211516718512188,0.02689460398432919,0.010465285509884126,0.04684957963036851,1,1,0,1,198.33999633789062,161.3800048828125,0.07547987369674161,0.1249321847678694
2025-05-01,190.6300048828125,191.80999755859375,187.5,190.1999969482422,74266000,AMZN,0.031341496782804956,5.779998779296875,0.01853453265683045,0.025427237311338897,0.0437825700887694,187.73999938964843,0.013103214906739824,181.8949996948242,0.04565819438330765,180.3754997253418,0.05446691617132138,193.29440032958985,-0.0160087585365708,58.43667615204318,48149760.0,1.5423960576335167,0.02266034504599177,0.019620477076437437,0.09103421643147414,-0.02728707951987286,0.09695059273015771,0,1,1,1,192.64999389648438,161.3800048828125,0.012881161869360535,0.15152467154493315
2025-05-02,191.44000244140625,192.8800048828125,186.39999389648438,189.97999572753906,77903500,AMZN,-0.0011566836184702112,-0.220001220703125,0.01786955131597449,0.024850321843346984,0.03843980562391693,187.93799743652343,0.01086527641492685,183.63199920654296,0.03456911948040209,180.9539993286133,0.049880060304909435,192.63640014648436,-0.013789732454122516,55.13155382546995,56447600.0,1.380102962747752,0.03410891215947531,0.005238320575692068,0.10063145273024121,-0.0066848565229638,0.11259079835081698,0,1,1,1,192.8800048828125,161.3800048828125,0.015264813246087777,0.15054211752769703
2025-05-05,186.50999450683594,188.17999267578125,185.52999877929688,186.35000610351562,35217500,AMZN,-0.01910722026349243,-3.6299896240234375,0.01996490440818728,0.02295319682859636,0.03735888597791456,187.66799926757812,-0.007023004290589219,185.53499908447264,0.004392740038616116,181.72149963378905,0.02547032948249983,192.0318002319336,-0.029587777240829838,54.17407974444004,56846160.0,0.6195229369934574,0.014220519504637574,-0.007192279524111167,0.11373414981044161,0.030748567426158946,0.12825324987222242,1,1,0,1,192.8800048828125,161.3800048828125,0.03504158071059855,0.13399517254017437
2025-05-06,184.57000732421875,187.92999267578125,183.85000610351562,185.00999450683594,29314100,AMZN,-0.007190832051464091,-1.3400115966796875,0.0201432447797009,0.021915743849973773,0.03714499288566217,187.19199829101564,-0.011656501368116579,186.71799926757814,-0.00914750997462499,182.20899963378906,0.015372428797021165,191.47779998779296,-0.033778356975949,55.47695901065802,54375520.0,0.5391047294812077,0.022052790083807464,-0.012700810558538111,0.06831044191809288,0.043511179345829154,0.10896710588986314,1,1,0,1,192.8800048828125,165.2899932861328,0.04253829852249292,0.10658884279883858
2025-05-07,185.55999755859375,190.99000549316406,185.00999450683594,188.7100067138672,43948600,AMZN,0.019998985551532122,3.70001220703125,0.020532138930433267,0.01870053171060207,0.03664212332258853,188.05,0.003509740568291342,187.52899932861328,0.006297732028017533,183.11149978637695,0.0305743054588139,190.99600006103515,-0.011968802207572127,65.00417451311677,52129940.0,0.843058710598938,0.031688891810572384,0.02326216564101591,0.04490587118642231,0.10561174270954399,0.08944936157846595,1,1,1,1,192.8800048828125,165.2899932861328,0.022097387634923357,0.1241058374993602
2025-05-08,191.42999267578125,194.3300018310547,188.82000732421875,192.0800018310547,41043600,AMZN,0.01785806262143419,3.3699951171875,0.01669850331975062,0.016663249898599356,0.02525396333478222,188.4260009765625,0.019392232683145938,188.08300018310547,0.021251264835514094,183.1604995727539,0.048697739300267884,190.55059997558592,0.008026224297717821,69.63889282218295,45485460.0,0.9023454967807295,0.02868593530982102,0.009884358112393077,0.02969877101059004,0.10042686954521929,0.07330279933794914,1,1,1,1,194.3300018310547,165.2899932861328,0.011713869109492217,0.1394731793499524
2025-05-09,193.3800048828125,194.69000244140625,191.16000366210938,193.05999755859375,29663100,AMZN,0.0051020185245573835,0.9799957275390625,0.01662961566336646,0.016313355538920788,0.022059395709079593,189.04200134277343,0.02125451586039251,188.48999938964843,0.024245308418183953,183.75249938964845,0.050652362280029006,190.23699981689452,0.014839372700454767,78.43568789276371,35837380.0,0.8277139679295752,0.01828446505716711,0.016212242869359184,0.02153548837045194,0.08903969055624317,0.05702895423627807,1,1,1,1,194.69000244140625,165.2899932861328,0.008442996495521,0.1438413168115406
2025-05-12,210.7100067138672,211.66000366210938,205.75,208.63999938964844,75205000,AMZN,0.08070031092964336,15.580001831054688,0.03389750818546968,0.029251388808559174,0.02786954735923616,193.5,0.07824289090257586,190.58399963378906,0.09474037584768058,184.94099960327148,0.1281435692313504,190.16419982910156,0.09715708622943153,82.24808092649502,43834880.0,1.715642885300473,0.02832632131613492,0.11961359031966401,0.11156101641909144,-0.01663152430432424,-0.036042965368384916,0,0,1,1,211.66000366210938,165.2899932861328,0.01447471377154717,0.2077741863033499
2025-05-13,211.0800018310547,214.83999633789062,210.10000610351562,211.3699951171875,56193700,AMZN,0.01308471882441209,2.7299957275390625,0.03036799666050455,0.02891218239254897,0.027442728085399277,198.77200012207032,0.06337912275059088,192.98199920654298,0.09528347714423036,186.40349960327148,0.13393791193326843,190.2911996459961,0.11077125747488514,80.59254701277928,49210800.0,1.1418977135100425,0.022425085602840934,0.14247879245992623,0.12796838574974534,-0.027345408112879666,-0.03912565266932444,0,0,1,1,214.83999633789062,165.2899932861328,0.01641671618897134,0.21800635329298781
2025-05-14,211.4499969482422,211.92999267578125,208.85000610351562,210.25,38492100,AMZN,-0.005298742220089303,-1.1199951171875,0.03381090465809874,0.027939757154794576,0.027150531951903863,203.0799987792969,0.035306289461303875,195.56499938964845,0.075090126843673,187.93649978637694,0.11872893365038872,190.42019958496093,0.10413706349567975,76.07213340747396,48119500.0,0.7999272644146344,0.014649163245020809,0.1141433549880213,0.14006074225958987,-0.019453014686756864,-0.044042780056294584,0,0,1,1,214.83999633789062,165.2899932861328,0.02183113597094233,0.21384069780674048
2025-05-15,206.4499969482422,206.8800048828125,202.6699981689453,205.1699981689453,64347300,AMZN,-0.024161720956264898,-5.0800018310546875,0.03986739246794019,0.029479526718549913,0.026799315646590917,205.697998046875,-0.0025668693081269955,197.06199951171874,0.04114440469150127,189.47849960327147,0.08281413774401081,190.3563995361328,0.07782033421997259,66.81911707137877,52780240.0,1.2191551232051996,0.020519602044352006,0.06814866833145916,0.07870663228652308,-0.005361363038180578,0.004142935668477676,0,1,0,1,214.83999633789062,165.2899932861328,0.04713163842299518,0.19437542154664195
2025-05-16,206.85000610351562,206.85000610351562,204.3699951171875,205.58999633789062,43318500,AMZN,0.002047074000553817,0.4199981689453125,0.04005860412224923,0.02938642574200663,0.026500067957179425,208.20399780273436,-0.012555001308478309,198.6229995727539,0.03507648550330522,191.12749938964845,0.075669367278006,190.45419952392578,0.07947210852687658,68.93923460511459,55511320.0,0.7803543493471241,0.012062897176437442,0.06490209747098974,0.08216654890727937,-0.02174230896602869,-0.004231699657981647,0,0,0,1,214.83999633789062,165.2899932861328,0.04499246152423423,0.19602122559272814
2025-05-19,201.64999389648438,206.6199951171875,201.25999450683594,206.16000366210938,34314800,AMZN,0.0027725440652370814,0.57000732421875,0.013858607406648182,0.027895519158850027,0.024864607445199454,207.70799865722657,-0.0074527461875543155,200.60399932861327,0.027696378696791202,193.06949920654296,0.0678020324772397,190.59239959716797,0.08168008849169617,69.76205738190826,47333280.0,0.7249613802381749,0.025999226402500734,-0.011886482624587802,0.10630532283207694,-0.014842828406275155,-0.002231309204966503,0,0,0,1,214.83999633789062,169.35000610351562,0.04210318452461575,0.1785506252654338
2025-05-20,204.6300048828125,205.58999633789062,202.64999389648438,204.07000732421875,29470400,AMZN,-0.010137739138364021,-2.089996337890625,0.011006892290814384,0.028117749624994356,0.02459610629094838,206.2480010986328,-0.010560072159790268,202.51000061035157,0.007703356422722019,194.61399993896484,0.048588525944790906,190.78299987792968,0.0696446090835694,71.0791771057276,41988620.0,0.7018663628383119,0.014406832635308748,-0.03453653764301545,0.10302153063778707,-0.015092868724022268,0.0046061995828901026,0,1,0,1,214.83999633789062,178.85000610351562,0.05277595250222597,0.1235850458937581
2025-05-21,201.61000061035156,203.4600067138672,200.05999755859375,201.1199951171875,42460900,AMZN,-0.014455883280997672,-2.95001220703125,0.01141646833194166,0.028883697064758025,0.023708582598711076,204.4220001220703,-0.016152884733106054,203.7509994506836,-0.01291284136318016,195.63999938964844,0.02801061002164884,190.87359985351563,0.05368157393969297,62.47144205966401,42782380.0,0.9924856915393674,0.01690537608303112,-0.04342451787306778,0.06576221695618423,0.02436361015431765,0.027496016873283402,1,1,0,1,214.83999633789062,178.85000610351562,0.06821798704156108,0.11072986055263039
2025-05-22,201.3800048828125,205.75999450683594,200.16000366210938,203.10000610351562,38938900,AMZN,0.00984492359983613,1.980010986328125,0.010010357393626594,0.02865154081508913,0.02286006268185738,204.00800170898438,-0.004450784272491459,204.85299987792968,-0.008557325377019809,196.46800003051757,0.03375616421996397,190.95779998779298,0.06358580857393004,64.40492261546365,37700700.0,1.0328428915112982,0.027572578416725255,-0.01008915574354674,0.05737195005940099,0.007976342040885154,0.012850815026668627,1,1,0,1,214.83999633789062,178.85000610351562,0.05780398760003672,0.11939930709623074
2025-05-23,198.89999389648438,202.3699951171875,197.85000610351562,200.99000549316406,33393500,AMZN,-0.010388973643241206,-2.1100006103515625,0.010298626331506478,0.02911745427475594,0.022997311884504677,203.08800354003907,-0.010330487327191551,205.64600067138673,-0.02264082531642686,197.06800003051757,0.019901787515168134,191.09980010986328,0.05175413777311588,66.62879125320592,35715700.0,0.9349809747533998,0.02248862575321242,-0.022374584983047563,0.04107535499249937,0.02343395853699959,0.031046271276345738,1,1,0,1,214.83999633789062,178.85000610351562,0.06890885350613923,0.11015472801905789
2025-05-27,203.08999633789062,206.69000244140625,202.19000244140625,206.02000427246094,34892000,AMZN,0.025026113945093353,5.029998779296875,0.01690342791011733,0.014622073536636693,0.023357339953784546,203.06000366210938,0.014576975066330489,205.38400115966797,0.003096653630282109,197.9840003967285,0.040589158010897686,191.26120025634765,0.0771656979896187,72.01844486433724,35831140.0,0.973789837554708,0.021842539106293586,-0.0006790812338065555,-0.012557491971108004,-0.004902483956311654,0.009173863462059284,0,1,1,1,214.83999633789062,178.85000610351562,0.0428113381347438,0.1318803883384696
2025-05-28,205.9199981689453,207.66000366210938,204.41000366210938,204.72000122070312,28549800,AMZN,-0.006310081665849121,-1.3000030517578125,0.01641026726636742,0.01378396113893354,0.02344935762099075,203.19000244140625,0.007529892026740148,204.71900177001953,4.882061142019722e-06,198.85050048828126,0.029517153429381437,191.44080017089843,0.0693645295984473,67.66717057812642,35647020.0,0.8009028524684532,0.01587534183578019,0.0031851515320999724,-0.03146139021670269,0.009427474913409117,0.043229806812938865,1,1,1,1,214.83999633789062,178.85000610351562,0.04943334826516245,0.12636769716163568
2025-05-29,208.02999877929688,208.80999755859375,204.22999572753906,205.6999969482422,34650000,AMZN,0.004787005283780621,0.9799957275390625,0.014039846881917726,0.013973397181077256,0.022946844298732286,204.1060028076172,0.00780963871076068,204.26400146484374,0.007030095724652741,199.91450042724608,0.02893985433088475,191.6983999633789,0.07303971753305238,65.86671814551022,34084840.0,1.016580978523003,0.022265444331567484,0.022772483801951404,-0.021640918200988457,4.8661962924079205e-05,0.05483713634733367,1,1,1,1,214.83999633789062,183.85000610351562,0.04443363891710813,0.10622261141901919
2025-05-30,204.83999633789062,205.99000549316406,201.6999969482422,205.00999450683594,51679400,AMZN,-0.0033544115296213484,-0.69000244140625,0.014046099249650031,0.011684582712074516,0.02220731781255448,204.48800048828124,0.0025526877729169506,204.2480010986328,0.00373072639195704,200.65500030517578,0.021703890733032694,191.88779998779296,0.06838472544829721,64.01594100653554,36632940.0,1.4107358022588414,0.020925850738359134,0.0094041769863209,-0.0007798589634807618,0.010828746305971526,0.06146044798364936,1,1,1,1,214.83999633789062,183.85000610351562,0.047948890758723044,0.10321442354174955
2025-06-02,204.97999572753906,207.0,202.67999267578125,206.64999389648438,29113300,AMZN,0.007999607012299847,1.6399993896484375,0.012306706644668064,0.01195002045300507,0.02219015869068122,205.6199981689453,0.005009219612446492,204.3540008544922,0.011235371132405803,201.48850021362304,0.02561681523952486,192.1217999267578,0.07561970570370002,46.531885211854515,35776900.0,0.8137457409669367,0.02090494774649129,0.02816054653778699,0.005155881013060748,0.006097313345463595,0.031696120228480895,1,1,1,1,214.83999633789062,183.85000610351562,0.03963224139028432,0.11033142253267995
2025-06-03,207.11000061035156,208.9499969482422,205.02999877929688,205.7100067138672,33139100,AMZN,-0.004548692041520419,-0.9399871826171875,0.006290109627330842,0.012024689153934958,0.021608190738996003,205.55799865722656,0.0007394898648245274,204.30900115966796,0.006857287472637363,202.4565002441406,0.016070150703006325,192.3117999267578,0.06966918718566473,39.479579039082346,35426320.0,0.9354372681102637,0.01905594303148239,-0.0015046963992088047,-0.002182755821928062,0.038209131076858416,0.03660492214056821,1,1,1,1,214.83999633789062,183.85000610351562,0.04438281719917893,0.10626610226481487
2025-06-04,206.5500030517578,208.17999267578125,205.17999267578125,207.22999572753906,29915600,AMZN,0.007388989179248462,1.519989013671875,0.005985944538379437,0.011680157967818364,0.02141434210221561,206.05999755859375,0.005677949057592446,204.625,0.012730583885346647,203.56750030517577,0.01799155276197184,192.39119995117187,0.07712824588719869,44.46885726214876,35699480.0,0.8379841947277663,0.014476668734502735,0.012260621785215697,0.01548482525557926,0.04704917338713388,0.02350050898220135,1,1,1,1,214.83999633789062,185.00999450683594,0.0367224859684744,0.10722386565078851
2025-06-05,209.5500030517578,212.80999755859375,207.55999755859375,207.91000366210938,51864200,AMZN,0.0032814165352026414,0.6800079345703125,0.0058761377061255895,0.010227684959731292,0.021159708381907436,206.5019989013672,0.006818358990387852,205.3040008544922,0.012693385402967161,204.5275001525879,0.016538135492772277,192.43519989013672,0.08041566086042162,55.98254235311756,39142320.0,1.3250159929201948,0.025251310218493292,0.010743834451408585,0.03376098204937561,0.04665478705876214,0.03939205568346038,1,1,1,1,214.83999633789062,188.82000732421875,0.03333169426057881,0.09181855611390038
2025-06-06,212.39999389648438,213.8699951171875,210.5,213.57000732421875,39832500,AMZN,0.027223334916139486,5.660003662109375,0.011718393893847993,0.012641272268577659,0.021557676967025232,208.21400146484376,0.025723562400674194,206.3510009765625,0.034984111118880445,205.60200042724608,0.03875452028878579,192.68399993896483,0.1083951308456843,64.1791166174308,36772940.0,1.0832013975493937,0.01577934635770996,0.0417541244170776,0.05155096457932551,-0.0017325015839646518,0.005852881758356521,0,1,1,1,214.83999633789062,191.16000366210938,0.005946476425146701,0.1049304813109312
2025-06-09,214.75,217.85000610351562,212.8800048828125,216.97999572753906,38102500,AMZN,0.015966607137600786,3.4099884033203125,0.012204200959083502,0.011768032233828309,0.021682846670703408,210.28000183105468,0.03186224956316752,207.95,0.04342387943033943,206.79800033569336,0.049236430600476666,192.9963998413086,0.12426965428345293,67.46286887930631,38570780.0,0.9878592032621586,0.022905342974307807,0.0499879125872571,0.07955614606378436,-0.017236567001647884,-0.02055485087518627,0,0,1,1,217.85000610351562,197.85000610351562,0.004009634035890715,0.08816476173243588
2025-06-10,216.77999877929688,217.69000244140625,214.14999389648438,217.61000061035156,31303300,AMZN,0.0029035159702168745,0.6300048828125,0.010312741181399352,0.01012304922928354,0.012713469400290753,212.66000061035157,0.02327659167588214,209.10899963378907,0.04065344385679359,207.24650039672852,0.05000567051209237,193.49419982910158,0.12463319728730693,72.93358964511432,38203620.0,0.8193804670866268,0.016267673980942397,0.057848395839278144,0.05625665516715017,-0.025320502235106512,-0.03639537772497281,0,0,1,1,217.85000610351562,197.85000610351562,0.0011029157322314975,0.09080462502372681
2025-06-11,217.41000366210938,218.39999389648438,212.88999938964844,213.1999969482422,39326000,AMZN,-0.020265629565462184,-4.410003662109375,0.017723337155947084,0.012596915200403243,0.013378157817342105,213.8540008544922,-0.003058179429128338,209.95699920654297,0.01544600920166972,207.33800048828124,0.02827265839429316,193.9529998779297,0.09923536672506317,69.49645496612578,40085700.0,0.9810481044362453,0.02584425227817231,0.028808576672232133,0.04142240952019627,0.013602294544016624,-0.02218572136606245,1,0,0,1,218.39999389648438,197.85000610351562,0.02439022993750123,0.07199808191579396
2025-06-12,211.77999877929688,213.5800018310547,211.3300018310547,213.24000549316406,27640000,AMZN,0.00018765734284498237,0.040008544921875,0.01788744510193531,0.01265442678554512,0.013308720894770172,214.9200012207031,-0.007816842164512394,210.71100006103515,0.012002246828102692,207.48750076293945,0.027724584416277676,194.37440002441406,0.09705807691949353,67.45868067140789,35240860.0,0.7843168413029648,0.010551491005622438,0.025636100895447544,0.03665536537085656,0.007409500048551232,-0.0022040949568358226,1,0,0,1,218.39999389648438,197.85000610351562,0.024198031656333496,0.07217219561618236
2025-06-13,209.9600067138672,214.0500030517578,209.6199951171875,212.10000610351562,29337800,AMZN,-0.0053460859139069505,-1.1399993896484375,0.013172734408290244,0.01279233384755494,0.012058345235356099,214.6260009765625,-0.011769286393789269,211.4200012207031,0.0032163696853952928,207.83400115966796,0.020526020381863797,194.69620025634765,0.08938955061399856,69.78981786751976,33141920.0,0.8852172716607849,0.02088641116025354,-0.006882994663532149,0.03458373633800216,0.001980189329840565,-0.0005186261536356263,1,0,0,1,218.39999389648438,197.85000610351562,0.029702911889092708,0.06718528802420341
2025-06-16,212.30999755859375,217.05999755859375,211.60000610351562,216.10000610351562,33284200,AMZN,0.018859028217320217,4.0,0.014148530002910078,0.013650841893941085,0.01265286589470797,214.45000305175782,0.007694115310222571,212.36500244140626,0.017587660957176343,208.35950164794923,0.03714975508361973,195.4500003051758,0.10565364935327137,68.63906126822914,32178260.0,1.0343691672576454,0.02526604026314879,-0.004055625593837875,0.04572955473574791,-0.02966220953755494,0.004719986047493574,0,1,1,1,218.39999389648438,197.85000610351562,0.010643163942656329,0.08445164037273528
2025-06-17,215.1999969482422,217.41000366210938,214.55999755859375,214.82000732421875,32086300,AMZN,-0.005923177895162723,-1.279998779296875,0.01413212215449426,0.0137592916907949,0.012794214295711643,213.89200439453126,0.004338651799137727,213.2760025024414,0.007239468124219384,208.7925018310547,0.028868400159509644,196.32640045166016,0.09419826793550423,68.68987825717677,32334860.0,0.9923129402756035,0.013266949103182142,-0.012821071082705027,0.044285646361497344,-0.02955965872364874,0.039474887991883145,0,1,1,1,218.39999389648438,197.85000610351562,0.016665051904883807,0.07899637204225125
2025-06-18,215.08999633789062,217.9600067138672,212.33999633789062,212.52000427246094,44360500,AMZN,-0.010706651956707725,-2.3000030517578125,0.011535587867109287,0.014496713262906623,0.012823539868028333,213.756005859375,-0.005782301095797915,213.80500335693358,-0.006010145058801153,209.2150016784668,0.015797158748078077,197.07160064697266,0.07838980134515694,62.03247742678849,33341760.0,1.330478654996017,0.026444618214723152,-0.003189459125303551,0.025527233769174318,0.0011763598483627291,0.03232634565722958,1,1,0,1,218.39999389648438,197.85000610351562,0.02766793480996267,0.06902878728600845
2025-06-20,214.67999267578125,214.88999938964844,208.27000427246094,209.69000244140625,75350700,AMZN,-0.013316402099383007,-2.8300018310546875,0.012818697043214417,0.01533807389890837,0.012748383527703714,213.04600524902344,-0.015752479393802532,213.98300323486328,-0.020062344805699905,209.64350204467775,0.0002218070022441676,197.8522006225586,0.05983153981405831,57.677179446488346,42883900.0,1.7570859926452584,0.0315703898140653,-0.016647922342468813,0.00856139073610751,0.010968587080828929,0.051361553469724486,1,1,0,1,218.39999389648438,197.85000610351562,0.04153746651565785,0.05646428632761869
2025-06-23,209.7899932861328,210.38999938964844,207.30999755859375,208.47000122070312,37311700,AMZN,-0.005818118205440093,-1.220001220703125,0.012839377517539996,0.01231168058035636,0.01273288211162779,212.32000427246095,-0.01813302079071777,213.4730026245117,-0.0234362253882221,209.9120018005371,-0.006869548036630091,198.19960052490234,0.05181847323910427,53.027291204317535,44478680.0,0.8388670706954433,0.014774316750705774,-0.017114591128492784,-0.023879786152618987,0.041492751215206125,0.054923954915317985,1,1,0,0,218.39999389648438,197.85000610351562,0.047632717501970755,0.05094255794599588
2025-06-24,212.13999938964844,214.33999633789062,211.0500030517578,212.77000427246094,38378800,AMZN,0.02062648355436747,4.3000030517578125,0.013606196378758513,0.013141996261285396,0.013107009338174836,211.65400390625,0.005272758112836007,213.0520034790039,-0.0013236167787117337,210.50100173950196,0.010779058124231078,198.8306005859375,0.07010693346720842,60.56252950624916,45497600.0,0.8435346040230693,0.015462674343512433,-0.015409540661741383,-0.019402670928082233,0.049490052957900765,0.05000704599330397,1,1,1,1,218.39999389648438,201.6999969482422,0.026460447953058266,0.052028044846223434
2025-06-25,214.6199951171875,216.02999877929688,211.11000061035156,211.99000549316406,31755700,AMZN,-0.0036659245365152637,-0.779998779296875,0.013523297004303015,0.013040113973712342,0.01209253816867225,211.08800354003907,0.004273108551874127,212.49000396728516,-0.0023530446834482133,210.79950180053712,0.005647564071348921,199.37300079345704,0.06328341675901128,57.28275151070309,45431480.0,0.6989800904571015,0.02320863267822296,-0.013173828016789346,-0.025825996514059812,0.034907277252384405,0.05415347624918687,1,1,1,1,218.39999389648438,201.6999969482422,0.030237219855758776,0.04854006452324797
2025-06-26,213.1199951171875,218.0399932861328,212.00999450683594,217.1199951171875,50480800,AMZN,0.024199205109171285,5.1299896240234375,0.016871923020814812,0.013877235046574574,0.012949643385490534,212.00800170898438,0.024112266362569468,212.8820037841797,0.019907701250803322,211.41950149536132,0.026962950822922327,200.07300079345703,0.08520387186739264,62.402356913426416,46655540.0,1.0819894057597448,0.027772655282357884,0.021644978130290093,0.018386483231971784,0.015383251988730695,0.010316900992720868,1,1,1,1,218.39999389648438,201.6999969482422,0.005895351916372389,0.07102062691472788
2025-06-27,219.9199981689453,223.3000030517578,216.74000549316406,223.3000030517578,119217100,AMZN,0.028463559660798277,6.1800079345703125,0.016234964048128134,0.016177466556911685,0.01414624996051713,214.7300018310547,0.03991059073079972,213.88800354003905,0.044004335708135445,212.29950180053712,0.05181595414932283,200.94720092773437,0.11123719076864402,62.92163793030078,55428820.0,2.1508143236677237,0.029377507697898392,0.06490533860408831,0.04717687722492703,-0.015136609210117502,-0.003403536745357094,0,0,1,1,223.3000030517578,201.6999969482422,0.0,0.09673088136281416
2025-06-30,223.52000427246094,223.82000732421875,219.1199951171875,219.38999938964844,58887800,AMZN,-0.017510092291414314,-3.910003662109375,0.01998819736531907,0.017428796948499515,0.01487963924539052,216.91400146484375,0.01141465238796946,214.61700286865235,0.022239601043712254,213.01850204467775,0.029910534924493914,201.84840087890626,0.08690481784527893,53.158587313014955,59744040.0,0.9856681938482902,0.021423092301868216,0.05238162855568129,0.034370547271813434,0.01832355295886212,0.013081704385669024,1,1,1,1,223.82000732421875,202.67999267578125,0.02019238774280855,0.07616576307194986
2025-07-01,219.5,221.8800048828125,217.92999267578125,220.4600067138672,39256800,AMZN,0.00487719279454657,1.07000732421875,0.019203761764412283,0.01660286387318648,0.014846285930825914,218.452001953125,0.009191972345362398,215.0530029296875,0.025142656510346528,213.70900268554686,0.03158970349159218,202.80540100097656,0.08705195042022384,53.69267183227127,59919640.0,0.6551574742438373,0.017917137289022816,0.036142324044694085,0.02017584677097628,0.013653245101922673,0.020684012608745528,1,1,1,1,223.82000732421875,205.02999877929688,0.015240862324351071,0.0699900547249677
2025-07-02,219.72999572753906,221.60000610351562,219.05999755859375,219.9199981689453,30894200,AMZN,-0.002449462616694653,-0.540008544921875,0.019037519746776557,0.016451471708799542,0.014794881743793243,220.03800048828126,-0.0005362815471604554,215.56300201416016,0.020212170521261008,214.41950225830078,0.025652964645064502,203.85740081787108,0.07879330005499652,59.6774122664379,59747340.0,0.5170807604154427,0.011549693370634754,0.03740738935938648,0.023740762828619477,-0.0025463694218638144,0.026236833032475593,0,1,0,1,223.82000732421875,205.17999267578125,0.017733763130888175,0.06702439803514643
2025-07-03,221.82000732421875,224.00999450683594,221.36000061035156,223.41000366210938,29632400,AMZN,0.015869432167251007,3.4900054931640625,0.017516302740986773,0.01623148932944189,0.01503335515624986,221.29600219726564,0.00955282266219748,216.652001953125,0.03119288835579992,215.2285026550293,0.03801309262553154,204.86200103759765,0.09053900933588777,63.321968202418454,55577660.0,0.5331710618978921,0.011861572235110336,0.028970194760399304,0.0512422321227084,-0.0038942319579046147,0.0131596723209082,0,1,1,1,224.00999450683594,207.30999755859375,0.0026856042025495104,0.07206483970997851
2025-07-07,223.0,224.2899932861328,222.3699951171875,223.47000122070312,36604100,AMZN,0.0002685535903059755,0.05999755859375,0.01212516328555927,0.015041149382522481,0.015054673229339866,221.3300018310547,0.009668817475915192,218.03000183105468,0.02495069184957277,216.006502532959,0.03455219449518809,205.7194009399414,0.08628549470617952,65.32756387787711,39055060.0,0.9372434711404873,0.008591749042186144,0.0007612994474788248,0.06571605044998474,-0.00541462705176321,-0.0012529591344134783,0,0,1,1,224.2899932861328,207.30999755859375,0.0036693608133104546,0.07231397312317306
2025-07-08,223.9199981689453,224.0,218.42999267578125,219.36000061035156,45692000,AMZN,-0.018391733064396676,-4.1100006103515625,0.012449374142017581,0.016626045018279204,0.014759300477205091,221.32400207519532,-0.008873874710509155,219.11900177001954,0.0010998536794402103,216.29600219726564,0.01416576534915115,206.37580108642578,0.06291531979802367,54.38170981168125,36415900.0,1.2547266441307232,0.025392082917216688,-0.00013673722312013137,0.052237728814130024,0.025802350685452557,0.020605416939662557,1,1,0,1,224.2899932861328,207.30999755859375,0.022474437737344737,0.054932544758523195
2025-07-09,221.07000732421875,224.2899932861328,220.47000122070312,222.5399932861328,38155100,AMZN,0.014496684294917905,3.17999267578125,0.014027991107588948,0.01609994813643148,0.014686644177373651,221.73999938964843,0.0036078014732858765,220.09600067138672,0.011104211831613808,216.57400207519532,0.027547125480306134,207.04680084228517,0.07482942204767196,59.87209941700531,36195560.0,1.0541375793053072,0.017165418264923276,0.009434756912464426,0.045918074998771985,0.014154800262006217,0.016131983935417038,1,1,1,1,224.2899932861328,207.30999755859375,0.007863755067835926,0.06843711776317418
2025-07-10,221.5500030517578,222.7899932861328,219.6999969482422,222.25999450683594,30370600,AMZN,-0.0012581953255335065,-0.279998779296875,0.013944271624927281,0.01597989151473642,0.014693222765059714,222.20799865722657,0.0002339963004192036,221.1229995727539,0.005141911679376943,216.80650177001954,0.025153732440188925,207.73800079345702,0.06990533103193464,63.133745611248365,36090840.0,0.8415043817212345,0.013902620418698821,0.010640216248515078,0.048445628319977674,0.018401924312807072,0.03167465454384932,1,1,1,1,224.2899932861328,207.30999755859375,0.009133442047459599,0.06726355312576227
2025-07-11,223.5800018310547,226.67999267578125,222.3699951171875,225.02000427246094,50518300,AMZN,0.012417933203629827,2.760009765625,0.01316168675649356,0.014785007157546205,0.013985349138746161,222.52999877929688,0.011189527285413892,221.91300048828126,0.014000999388694035,217.39750213623046,0.03506251020057216,208.49060089111327,0.07928128803264545,70.71060722188392,40268020.0,1.2545513784884381,0.019153841777440714,0.007206483970997768,0.036385451975574634,-0.00813261841751134,0.010887907304790723,0,1,1,1,226.67999267578125,207.30999755859375,0.007377070357310761,0.07870414353216074
2025-07-14,225.07000732421875,226.66000366210938,224.24000549316406,225.69000244140625,35702600,AMZN,0.0029775049161142597,0.6699981689453125,0.013153733776222786,0.011965693996518735,0.01397189159752999,222.9739990234375,0.012180807761730472,222.1520004272461,0.01592604166226641,218.02000198364257,0.0351802604714182,209.3160009765625,0.0782262291867366,73.61490790326118,40087720.0,0.8906118881293323,0.010722664463498306,0.00993422476652972,0.010703087133834277,-0.00801983933277528,0.011520186169529545,0,1,1,1,226.67999267578125,207.30999755859375,0.004386504602178919,0.08143916294025619
2025-07-15,226.1999969482422,227.27000427246094,225.4600067138672,226.35000610351562,34907300,AMZN,0.0029243814744550622,0.660003662109375,0.006785538864531536,0.010014541686732775,0.01383567104201205,224.37200012207032,0.008815743409913646,222.8480010986328,0.0157147696529385,218.73250198364258,0.03482566171369772,210.03900115966798,0.07765702966492549,70.68859306343924,37930780.0,0.9202895379425364,0.007996454648938653,0.03186545164895582,0.031724357232463696,-0.0009719514679513708,0.025977421981311366,0,1,1,1,227.27000427246094,207.30999755859375,0.004064493678540366,0.0841175526022049
2025-07-16,225.8800048828125,226.10000610351562,222.17999267578125,223.19000244140625,39535900,AMZN,-0.013960696164789232,-3.160003662109375,0.009567961505005914,0.011342156884129094,0.01384532477012305,224.502001953125,-0.005844043706980773,223.12100067138672,0.00030925717351526494,219.0870018005371,0.018727722809428027,210.7032012939453,0.059262512723007976,65.9090741606914,38206940.0,1.0347832095425595,0.01756357088066026,0.0029208644508120774,0.01238317900934427,0.027375780919916437,0.03696402128122145,1,1,0,1,227.27000427246094,207.30999755859375,0.01828039691036701,0.0711501622344462
2025-07-17,223.32000732421875,224.5,222.50999450683594,223.8800048828125,31855800,AMZN,0.0030915472640284936,0.69000244140625,0.009552209308823506,0.01127434955541312,0.013730141706906859,224.8260040283203,-0.004207694521798477,223.51700134277343,0.0016240533733824503,219.5400016784668,0.01976862153213399,211.45380126953125,0.058765572142361666,60.98829797260763,38503980.0,0.8273378492301315,0.00888871471217677,0.0072888077747466085,0.018006578514178972,0.01603535938714029,0.039798053461648664,1,1,0,1,227.27000427246094,207.30999755859375,0.015142037322282956,0.07401289513501724
2025-07-18,225.13999938964844,226.39999389648438,222.97999572753906,226.1300048828125,37833800,AMZN,0.010050026580880944,2.25,0.008912244113881376,0.010599962569308386,0.013489007875469536,225.04800415039062,0.0048078663772499475,223.78900146484375,0.0104607617114576,220.2205017089844,0.026834482384557212,212.2762014770508,0.06526310207816421,55.27394412776192,35967080.0,1.0519007937258182,0.015124035267755203,0.004932897472562203,0.012174930290126618,0.009551976105248272,0.02158046043713835,1,1,1,1,227.27000427246094,207.30999755859375,0.0050413450892517345,0.0832264932465369
2025-07-21,225.83999633789062,229.69000244140625,225.64999389648438,229.3000030517578,40297600,AMZN,0.014018476542235536,3.1699981689453125,0.010706732194942966,0.011323910589956455,0.013107444643497163,225.77000427246094,0.01563537543737148,224.37200164794922,0.02196353095579573,221.20100173950195,0.03661376417179918,213.0880014038086,0.07608125066238225,68.99193840812804,36886080.0,1.0924880063156617,0.01761887697842708,0.015995394440605715,0.02608852105073778,0.012777987949349923,0.0038813753938220508,1,1,1,1,229.69000244140625,207.30999755859375,0.0017008259243695102,0.09590058962275921
2025-07-22,229.67999267578125,230.0,226.35000610351562,227.47000122070312,37483700,AMZN,-0.007980819043607368,-1.8300018310546875,0.01183454975334231,0.009508936080118874,0.013206130404150354,225.99400329589844,0.0065311375668324345,225.18300170898436,0.010156181835937916,222.15100173950196,0.023943171264374064,213.79580139160157,0.06395915981556177,63.05398310907383,37401360.0,1.0022015242226485,0.01604604509120727,0.004948067536942213,0.036971191592752195,0.017452856198172828,0.029190659665078167,1,1,1,1,230.0,211.0500030517578,0.011122340377719257,0.07218533468513848
2025-07-23,228.47000122070312,228.7899932861328,227.08999633789062,228.2899932861328,28294900,AMZN,0.003604836070819184,0.8199920654296875,0.008365762867832688,0.008723340976941834,0.012645560111136753,227.01400146484374,0.005620762653649303,225.75800170898438,0.01121551199949189,222.92700119018554,0.024057166997783153,214.50040130615236,0.06428702182379054,65.42571620119776,35153160.0,0.8049034567589372,0.007446655561952096,0.022850444862849262,0.025838052365746655,0.019711770696667408,-0.05931049842014813,1,0,1,1,230.0,211.11000061035156,0.0074905022741137365,0.07525512804342803
2025-07-24,229.1699981689453,236.0,228.63999938964844,232.22999572753906,42902300,AMZN,0.01725876103762447,3.94000244140625,0.009987422475462528,0.009723978629522661,0.012876091363974631,228.68399963378906,0.01550609618262988,226.7550018310547,0.024144975203517438,223.9390007019043,0.037023452813703006,214.97220123291015,0.08027919142871442,65.98983226951512,37362460.0,1.1482728920954348,0.03169272163698694,0.03729672441760612,0.04485738084726032,-0.005253417918219649,-0.08861905098254363,0,0,1,1,236.0,212.00999450683594,0.016233924737629708,0.08706886101150339
2025-07-25,232.22000122070312,232.47999572753906,231.17999267578125,231.44000244140625,28712100,AMZN,-0.00340177109187767,-0.7899932861328125,0.01086505561753679,0.009567466112822751,0.012127738828402514,229.74599914550782,0.007373374518811815,227.39700164794922,0.017779481541785325,224.65500106811524,0.030201871051309448,215.37360137939453,0.07459781959865053,64.0763014977438,35538120.0,0.8079239982306323,0.005617019694280961,0.023482056533566054,0.02853078858345315,-0.0054009677964658165,-0.07643450680434916,0,0,1,1,236.0,216.74000549316406,0.01970271997274199,0.06351536810048121
2025-07-28,233.35000610351562,234.2899932861328,232.25,232.7899932861328,26300100,AMZN,0.005833005662313484,1.3499908447265625,0.009659779413599018,0.009613921477605846,0.010614609374569524,230.44399719238282,0.010180330676140326,228.10700073242188,0.02052980635699231,225.12950057983397,0.03402704970503101,215.8244012451172,0.07860831279104241,76.28179861494323,32738620.0,0.8033356323510277,0.008763234438627109,0.01522019270792252,0.03145904013435352,0.005670378290686617,-0.04501909888651279,1,0,1,1,236.0,217.92999267578125,0.013789281354210195,0.06383436160886201
2025-07-29,234.14999389648438,234.72000122070312,230.30999755859375,231.00999450683594,33716200,AMZN,-0.007646371539299812,-1.779998779296875,0.009564881259566501,0.010203770648172952,0.009855734528174351,231.15199584960936,-0.0006143202106106971,228.5729995727539,0.010661779556803586,225.71050033569335,0.02347916540551176,216.341201171875,0.0678039747191157,67.53623884338981,31985120.0,1.0541214164586532,0.019090098986946108,0.015562462158243529,0.020587533808986036,-0.0703865412470489,-0.034111033337954844,0,0,0,1,236.0,217.92999267578125,0.021600820794861326,0.05662093477374474
2025-07-30,231.63999938964844,231.8000030517578,229.2899932861328,230.19000244140625,32993300,AMZN,-0.003549595623255297,-0.8199920654296875,0.010001221889486456,0.008822082343927628,0.009934419025547566,231.53199768066406,-0.005796154538901921,229.27299957275392,0.003999611251046309,226.1970001220703,0.01765276425938933,216.8332012939453,0.06159942789090711,66.05915765754908,32924800.0,1.002080498590728,0.0109040781050598,0.008322787731182002,0.03136341199618786,-0.08054219709060195,-0.03258177992290989,0,0,0,1,236.0,218.42999267578125,0.025240008240899413,0.051088273343315393
2025-07-31,235.77000427246094,236.52999877929688,231.39999389648438,234.11000061035156,104357300,AMZN,0.017029402351838252,3.9199981689453125,0.00991214179223024,0.009856125100520965,0.010397740901945712,231.90799865722656,0.00949515310327742,230.2959991455078,0.016561301451155197,226.90650024414063,0.03174655798075543,217.39220123291017,0.07690155986566527,67.58221455117277,45215800.0,2.3079830501727274,0.021912796845235102,0.008095443816044323,0.04569410177069555,-0.0869676671533498,-0.05471785709793098,0,0,1,1,236.52999877929688,218.42999267578125,0.010337013210183675,0.06697709578271213
2025-08-01,217.2100067138672,220.44000244140625,212.8000030517578,214.75,122258800,AMZN,-0.08269617085933034,-19.360000610351562,0.03944839442906474,0.029041116919405613,0.021499803786925554,228.56999816894532,-0.060462870366435384,229.15799865722656,-0.06287364500323622,226.47350006103517,-0.051765438596019675,217.60580108642577,-0.013123736004131303,37.71889555638081,63925140.0,1.9125308133857821,0.03557624861303114,-0.07211373256717657,-0.0503250547785995,0.03520371389333521,0.03129220591712745,1,1,0,0,236.52999877929688,212.8000030517578,0.10142025042745925,0.009080311749672585
2025-08-04,217.39999389648438,217.44000244140625,211.4199981689453,211.64999389648438,77890100,AMZN,-0.01443541840985152,-3.100006103515625,0.037884807519143096,0.028384063066559825,0.021677966910798648,224.3419982910156,-0.056574357415089205,227.39299774169922,-0.06923257972568564,225.88249969482422,-0.06300844827540197,217.81640106201172,-0.028310114093620498,34.35502520397027,74243140.0,1.0491218447926636,0.02844320550939989,-0.09081146097059378,-0.07697343619873154,0.05424054484945029,0.06099694795372179,1,1,0,0,236.52999877929688,211.4199981689453,0.11755258965412978,0.0010866795850301362
2025-08-05,213.0500030517578,216.3000030517578,212.8699951171875,213.75,51505100,AMZN,0.009922070229506863,2.100006103515625,0.039877536079716745,0.028916863823068694,0.02150807293560057,220.88999938964844,-0.03232377839366796,226.0209976196289,-0.05429140543959454,225.60199966430665,-0.052534993847316525,218.0294009399414,-0.01962763242706067,39.721247871677264,77800920.0,0.6620114517926009,0.016046820746527777,-0.07471535828431519,-0.06031565106201087,0.041824572825292394,0.08060816714638164,1,1,0,0,236.52999877929688,211.4199981689453,0.10657309370431287,0.010900593361659357
2025-08-06,214.6999969482422,222.64999389648438,213.74000549316406,222.30999755859375,54823000,AMZN,0.04004677220394748,8.55999755859375,0.04705748154002986,0.032329778888192315,0.023175224448218845,219.31399841308593,0.013660774812306986,225.422998046875,-0.013809595805455155,225.5904998779297,-0.014541846048974016,218.45580078125,0.017642913411135108,48.54061352895455,82166860.0,0.667215468620804,0.040079117004047135,-0.034232611317767,-0.02619473434406694,-0.00454318077426874,0.03922451224176182,0,1,1,0,236.52999877929688,211.4199981689453,0.06396474012355288,0.0489856484604485
2025-08-07,221.0,226.22000122070312,220.82000732421875,223.1300048828125,40603500,AMZN,0.0036885760119835798,0.82000732421875,0.04578437044530296,0.03170265900243167,0.023185099917961003,217.1179992675781,0.027690037838940862,224.51299896240235,-0.006159973302131361,225.6340003967285,-0.011097598365110262,218.79800079345702,0.01979910270498708,47.13521692199015,69416100.0,0.5849291446796925,0.02420111046616273,-0.04690101105853217,-0.03918525174242782,-0.007439625446076681,0.03746694943489204,0,1,1,0,236.52999877929688,211.4199981689453,0.06005464797763093,0.052480645621897706
2025-08-08,223.13999938964844,223.8000030517578,221.8800048828125,222.69000244140625,32970500,AMZN,-0.001971955504762035,-0.44000244140625,0.020313504032175647,0.03170648029416287,0.023017140339714057,218.70599975585938,0.018216247793815477,223.63799896240235,-0.004238977836478863,225.5175003051758,-0.012537820168915026,219.1574008178711,0.016119015877866127,43.340719330765296,51558440.0,0.6394782309162186,0.00862184268667606,0.03697323604845759,-0.037806774575260604,0.008397301615188368,0.023889676263439297,1,1,1,0,236.52999877929688,211.4199981689453,0.062149158858319994,0.05060848780324693
2025-08-11,221.77999877929688,223.0500030517578,220.39999389648438,221.3000030517578,31646200,AMZN,-0.006241858073597895,-1.3899993896484375,0.018341361663266588,0.031546240518558,0.023041198749287305,220.63600158691406,0.0030094882977753645,222.48899993896484,-0.005344070437339421,225.29800033569336,-0.017745374028968475,219.4694009399414,0.008341035716032952,43.728400308339914,42309660.0,0.7479663036762763,0.011974736189468788,0.04559418584246755,-0.049357749756245406,0.043741493638919104,0.011342044610134439,1,1,1,0,236.52999877929688,211.4199981689453,0.06882058525763807,0.04464529935185657
2025-08-12,222.22999572753906,223.5,219.0500030517578,221.47000122070312,37185800,AMZN,0.0007681796954406295,0.1699981689453125,0.018690909451153686,0.03156773905871327,0.023028285851419545,222.18000183105468,-0.0031956098861293247,221.53500061035157,-0.0002934046063572948,225.05400009155272,-0.015925061849118904,219.79860107421874,0.007604234687189848,42.97487329136275,39445800.0,0.9427061943223359,0.020093000964982156,0.03611696477521931,-0.04129688547241839,0.043166106045517516,0.002167317130507218,1,1,0,0,236.52999877929688,211.4199981689453,0.06800016921292153,0.04537862011271951
2025-08-13,222.0,224.9199981689453,222.0,224.55999755859375,36508300,AMZN,0.01395221168040428,3.089996337890625,0.007598043700509836,0.03206102882753485,0.023036359998450072,222.6300018310547,0.008669072953624957,220.9720001220703,0.016237339728750078,225.12249984741212,-0.0024986497982193434,220.15680114746092,0.020000274296243736,41.95848162049727,35782860.0,1.0202733934626802,0.013003198257443008,0.010121002315278016,-0.024458077340894002,0.030860384796548956,0.019059488893074628,1,1,1,0,236.52999877929688,211.4199981689453,0.0533042454169952,0.058514426133353774
2025-08-14,227.39999389648438,233.11000061035156,227.02000427246094,230.97999572753906,61545800,AMZN,0.02858923333961183,6.4199981689453125,0.014222383613652918,0.03301727375756723,0.023873757473351468,224.2,0.030240837321762193,220.65899963378905,0.046773510760399484,225.47749938964844,0.02440374916692578,220.66220092773438,0.04675832451786199,49.56863580052421,39971320.0,1.5397490000330236,0.026365903760229972,0.035181242652010614,-0.01336980425719625,-0.012858261648798774,-0.01316128384433235,0,0,1,1,236.52999877929688,211.4199981689453,0.024028068033668692,0.08468264750366722
2025-08-15,232.5800018310547,234.0800018310547,229.80999755859375,231.02999877929688,39649200,AMZN,0.00021648217457226338,0.0500030517578125,0.013906681744289356,0.016411842234604734,0.023796951299048373,225.8679992675781,0.022854054263807155,222.28699951171876,0.03933203150334119,225.72249908447264,0.02351338354107968,221.13820098876954,0.044731293581562914,48.3083483638162,41307060.0,0.9598649722347705,0.018482466757661527,0.03745114844158759,0.07580907464166176,-0.031251358087052594,-0.01004195159800858,0,0,1,1,236.52999877929688,211.4199981689453,0.023806432190886836,0.08488075450792436
2025-08-18,230.22999572753906,231.91000366210938,228.3300018310547,231.49000549316406,25248900,AMZN,0.0019911124801876845,0.4600067138671875,0.012270355693371798,0.014711557240361715,0.023611210151728717,227.90599975585937,0.01572580687276326,224.27100067138673,0.03218875735233806,225.83199920654297,0.02505405038480113,221.60980102539062,0.04458378836160515,50.47338350173174,40027600.0,0.630787256792813,0.015465038429749424,0.04604610167593637,0.0937397220355376,-0.04121131935954614,-0.010238067820368846,0,0,1,1,236.52999877929688,211.4199981689453,0.02177196927096554,0.08669923905121434
2025-08-19,230.08999633789062,230.52999877929688,227.1199951171875,228.00999450683594,29891000,AMZN,-0.01503309388634011,-3.480010986328125,0.0163202810341727,0.01655673115842146,0.023800344237058638,229.21399841308593,-0.0052527503319416136,225.6970001220703,0.010248228303941342,225.8589988708496,0.009523621581340347,221.89860076904296,0.027541380236794977,47.95726512101935,38568640.0,0.7750078820513246,0.014955500830061816,0.02952992843313096,0.06671342459338447,0.0036401993379715503,0.015744974707992743,1,1,0,1,236.52999877929688,211.4199981689453,0.037366801796951496,0.07275995235986571
2025-08-20,227.1199951171875,227.27000427246094,220.9199981689453,223.80999755859375,36604300,AMZN,-0.01842023178556884,-4.1999969482421875,0.018609427121991682,0.013468814507465718,0.024151037689117052,229.06399841308593,-0.022936825039687414,225.8470001220703,-0.009019391722606684,225.63499908447267,-0.008088290971187795,222.03520080566406,0.007993312531030083,40.398958511421185,38587840.0,0.9485967600155905,0.028372307639443966,-0.003339864660464764,0.006747334876852085,0.01845317424540549,0.023189323524511085,1,1,0,0,236.52999877929688,211.4199981689453,0.05683392770411434,0.05535945455879253
2025-08-21,222.64999389648438,222.77999877929688,220.5,221.9499969482422,32140500,AMZN,-0.008310623433453235,-1.8600006103515625,0.009019917829983027,0.013710640782284298,0.0238246193392077,227.25799865722655,-0.023356721173059425,225.72899932861327,-0.01674132429422448,225.12099914550782,-0.014085768139364241,222.12200073242187,-0.000774366265442028,59.961249294376586,32706780.0,0.9826861586496745,0.010272578556640221,-0.03909428931650227,-0.005288432343243388,0.030457354622993815,0.015273707755170562,1,1,0,0,236.52999877929688,211.4199981689453,0.06569047997984286,0.04744311297175835
2025-08-22,222.7899932861328,229.13999938964844,220.82000732421875,228.83999633789062,37315300,AMZN,0.031043025385826706,6.8899993896484375,0.019917061441394695,0.01690519284674475,0.02493576493535405,226.81999816894532,0.008905732233719155,226.34399871826173,0.011027452169101837,224.99099884033203,0.017107339926474507,222.43480072021484,0.028795834091323025,71.52515960003882,32240000.0,1.1574224565756823,0.03635724610458792,-0.009479299021675325,0.02761683878512944,0.0012235569995528994,-0.012454076605203479,1,0,1,1,236.52999877929688,211.4199981689453,0.033604276195021786,0.07612304862662228
2025-08-25,227.35000610351562,229.60000610351562,227.30999755859375,227.94000244140625,22633700,AMZN,-0.003932852258726194,-0.899993896484375,0.019815116922390887,0.01678245386004949,0.024905745432308245,226.10999755859376,0.00809342754664466,227.00799865722655,0.004105598876218419,224.7484992980957,0.014200331273747313,222.72880065917968,0.02339707198531893,68.31913041080131,31716960.0,0.7136150501182963,0.010046540845811124,-0.01533544847517243,0.03000451558103001,0.0160568729617796,0.03395626108394301,1,1,1,1,236.52999877929688,211.4199981689453,0.037685339325635704,0.07247523074282468
2025-08-26,227.11000061035156,229.0,226.02000427246094,228.7100067138672,26105400,AMZN,0.0033781006590050122,0.7700042724609375,0.01868218454895936,0.01676267972402848,0.02486703744566406,226.25,0.010872957851346676,227.73199920654298,0.004294554611261381,224.63349990844728,0.0181473680776969,223.06100067138672,0.025324938135656394,60.34260745628636,30959840.0,0.8432020320518452,0.01302958174133261,0.0030700943989114826,0.03269068249992535,0.0012679518937517287,0.015827882519003023,1,1,1,1,236.52999877929688,211.4199981689453,0.03419173554226276,0.07559795390392747
2025-08-27,228.57000732421875,229.8699951171875,227.80999755859375,229.1199951171875,21254500,AMZN,0.0017926124405795996,0.4099884033203125,0.0153941022602479,0.01634372147933792,0.0248578351560833,227.31199951171874,0.007953806263428564,228.18799896240233,0.004084334667129985,224.57999954223632,0.020215493740338042,223.32140045166017,0.025965244055428105,59.8100073270179,27889880.0,0.76208646290339,0.008990911323737274,0.02372547078556475,0.02030636626367044,-0.016497900051732795,0.02932961489138508,0,1,1,1,236.52999877929688,211.4199981689453,0.032341147957511945,0.07725208329892469
2025-08-28,229.00999450683594,232.7100067138672,228.02000427246094,231.60000610351562,33679600,AMZN,0.0108240705271474,2.480010986328125,0.013595172110396788,0.013936521670646056,0.024673036257423026,229.24200134277345,0.010286093939724239,228.25,0.01467691611616928,224.45449981689453,0.03183498790378558,223.6570004272461,0.03551422786273717,63.678234047377664,28197700.0,1.1944094731130552,0.020250441786732996,0.04347830271664188,0.002684260054744758,-0.024222799924470295,0.028670117507167303,0,1,1,1,234.0800018310547,211.4199981689453,0.010708098714084692,0.08713301987371573
2025-08-29,231.32000732421875,231.80999755859375,228.16000366210938,229.0,26199200,AMZN,-0.011226278216735164,-2.600006103515625,0.008263511851080792,0.014410835696307802,0.015615291492125944,229.2740020751953,-0.0011950856735403192,228.0470001220703,0.004178962570959399,225.16699981689453,0.017022921592517726,223.98660034179687,0.02238258739832122,61.3972672414533,25974480.0,1.008651568770578,0.0159388379759143,0.0006991944794174643,-0.008786732415802523,0.029170273693367887,0.005807868257880822,1,1,0,1,234.0800018310547,211.4199981689453,0.022183414109409116,0.07676856694783707
2025-09-02,223.52000427246094,226.1699981689453,221.8300018310547,225.33999633789062,38843900,AMZN,-0.015982548742835667,-3.660003662109375,0.011046557829745528,0.015128502790733023,0.015711477895908484,228.75400085449218,-0.014924348880670069,227.43199920654297,-0.009198366438983308,225.85149993896485,-0.002264778410647983,224.29960021972656,0.004638421634032719,55.19183403424648,29216520.0,1.3295183683751521,0.019259769274971184,-0.011406537139894812,-0.02656706125247832,0.031019817195180766,0.02045797765718871,1,1,0,0,234.0800018310547,212.8699951171875,0.03878585974617078,0.05533860576621617
2025-09-03,225.2100067138672,227.1699981689453,224.36000061035156,225.99000549316406,29223100,AMZN,0.0028845707190781056,0.6500091552734375,0.010985814067484521,0.01454023199512131,0.01563290451083862,228.21000061035156,-0.009727860791595822,227.2300003051758,-0.0054570030821035065,226.46350021362304,-0.0020908213465407055,224.65000030517578,0.0059648572720585324,52.052837505656875,29840060.0,0.9793244383556869,0.012434167398074377,-0.011892794984287858,-0.008859212588645193,0.043585957809202824,0.009557893494478664,1,1,0,0,234.0800018310547,213.74000549316406,0.03579802708635864,0.054205936998264946
2025-09-04,231.19000244140625,235.77000427246094,230.77999877929688,235.67999267578125,59391800,AMZN,0.042877945692648245,9.689987182617188,0.023306973787195463,0.01863001684452539,0.015995564073196605,229.52200012207032,0.026829639644285974,228.41699981689453,0.03179707668303555,227.13199996948242,0.03763447117732133,225.1082000732422,0.0469631608226595,56.167971539370654,37467520.0,1.585154288300907,0.02117280061200902,0.02863127487078776,0.053036036131852926,0.010862240737187001,-0.01803292656176636,1,0,1,1,235.77000427246094,219.0500030517578,0.0003819229441487385,0.07056173685010622
2025-09-05,235.19000244140625,236.0,231.92999267578125,232.3300018310547,36721800,AMZN,-0.014214150326010255,-3.3499908447265625,0.024630194434355664,0.019195417539746358,0.016452032639349492,229.66799926757812,0.011590655084582124,229.4550003051758,0.012529696550762193,227.59199981689454,0.02081796380352574,225.515,0.030219727428573373,51.57005164767243,38075960.0,0.9644353024848225,0.01751821672681934,0.003151967652422094,0.046767312572809194,-0.00860844481658618,0.007403267796441959,0,1,1,1,236.0,219.0500030517578,0.01579648835716902,0.05716006832795448
2025-09-08,234.94000244140625,237.60000610351562,233.75,235.83999633789062,33947100,AMZN,0.015107797009308976,3.5099945068359375,0.024209472917908103,0.017341559654215025,0.01666871270063774,231.03599853515624,0.020793286904176478,230.15500030517578,0.02470072787980615,228.24949951171874,0.03325526164311343,225.88940002441407,0.04405074479989368,54.89312839525244,39625540.0,0.8566974733972079,0.016324652999059913,0.02986897964144375,0.03058905834653247,-0.024974556822879856,-0.01789349256373407,0,0,1,1,237.60000610351562,219.0500030517578,0.007462728090885034,0.0711923064231972
2025-09-09,236.36000061035156,238.85000610351562,235.0800018310547,238.24000549316406,27033800,AMZN,0.010176429751274751,2.4000091552734375,0.020824850393075616,0.017275023089385437,0.016593562925303684,233.61600036621093,0.019793186766765336,231.18500061035155,0.030516706811370087,229.09649963378905,0.03991115479280971,226.1882000732422,0.05328220223698388,61.79388072178267,37263520.0,0.7254762835073015,0.015824396346268185,0.05724686857600836,0.045187342903558525,-0.04235229753203307,-0.02942415045329627,0,0,1,1,238.85000610351562,219.0500030517578,0.00256044575338572,0.08054903458251002
2025-09-10,237.52000427246094,237.67999267578125,229.10000610351562,230.3300018310547,60907700,AMZN,-0.03320182790348514,-7.910003662109375,0.02910603893716931,0.021020421699494328,0.018546474872680827,234.48399963378907,-0.017715485104407902,231.3470001220703,-0.00439598650719053,229.53949966430665,0.0034438611563767374,226.40700012207031,0.0173272103197748,56.9243882953295,43600440.0,1.3969514986546008,0.03725084228740197,0.019204372903216305,0.007083184249188745,0.004775716736777458,0.0049928098265197285,1,1,0,1,238.85000610351562,220.5,0.036990423326225194,0.04267790454091569
2025-09-11,231.49000549316406,231.52999877929688,229.33999633789062,229.9499969482422,37485600,AMZN,-0.0016498279850283293,-0.3800048828125,0.019530859726952253,0.0210324341383638,0.018349927264271083,233.33800048828124,-0.014519724746716478,231.43000030517578,-0.006395036749695326,229.80899963378906,0.0006135413089904951,226.59679992675783,0.014798077565827183,58.77192865044729,39219200.0,0.9557971605744126,0.009523820267321778,-0.024312609918575756,0.003622563934807088,0.017829989814865943,-0.010089115443440821,1,0,0,1,238.85000610351562,220.5,0.03870410642917589,0.04109587768496131
2025-09-12,230.35000610351562,230.7899932861328,226.2899932861328,228.14999389648438,38496200,AMZN,-0.007827802024989672,-1.8000030517578125,0.01895813962813644,0.02084724913386447,0.017279886427566074,232.5019989013672,-0.01871814016845952,231.08499908447266,-0.012700976695226296,229.66749954223633,-0.0066074026528637475,226.7613998413086,0.0061235909469052885,49.1483556219829,39574080.0,0.9727629802133113,0.019723866405368953,-0.017991683818820436,-0.014896425371807798,0.015209297889692275,-0.03261006961057755,1,0,0,0,238.85000610351562,220.5,0.046899024734955864,0.03353054613692127
2025-09-15,230.6300048828125,233.72999572753906,230.32000732421875,231.42999267578125,33243300,AMZN,0.014376501718361023,3.279998779296875,0.018780888723725752,0.021064522082389025,0.01759690270462265,231.6199981689453,-0.0008203328497803364,231.32799835205077,0.0004409078211762285,229.68749923706054,0.00758636601690843,226.92179962158204,0.0198667252847331,54.068534672909166,39433320.0,0.8430256443028383,0.014734427305182912,-0.018699133864432005,0.01061132172830237,-0.0008641790371672897,-0.048481123091217326,0,0,0,1,238.85000610351562,220.5,0.03206158951977043,0.047228073377219855
2025-09-16,232.94000244140625,235.89999389648438,232.22999572753906,234.0500030517578,38203900,AMZN,0.011320962964584513,2.6200103759765625,0.01899689565654244,0.020339029436277783,0.017768800221919304,230.78199768066406,0.01416057319867603,232.1989990234375,0.007971627940280168,229.81549911499025,0.018425667342169882,227.13339965820313,0.03045172310176736,55.96780717592482,41667340.0,0.9168787832388628,0.015680402140963567,-0.017587316759554383,0.03865273300531524,-0.010980590859682282,-0.06793424032452289,0,0,1,1,238.85000610351562,220.5,0.020508451139376143,0.05789362476001064
2025-09-17,233.77000427246094,234.3000030517578,228.7100067138672,231.6199951171875,42815200,AMZN,-0.010382430689534927,-2.4300079345703125,0.011178374557556133,0.0208451898104074,0.017581526738756976,231.0399963378906,0.0025103825679111402,232.76199798583986,-0.004906311505032845,229.99599914550782,0.007060974876577086,227.37859954833985,0.018653451016378275,52.67322267566356,38048840.0,1.1252695220143374,0.024134342698100747,0.0056006307292917334,0.024912560233526504,-0.017226449868269267,-0.051118196129398163,0,0,1,1,238.85000610351562,220.5,0.031214969081879658,0.04800965094382879
2025-09-18,232.5,233.47999572753906,228.7899932861328,231.22999572753906,37931700,AMZN,-0.0016837898189709932,-0.3899993896484375,0.011180524536744955,0.015323771629907017,0.017000666545605055,231.29599609375,-0.0002853502322807122,232.31699829101564,-0.004678962673729581,230.36699905395508,0.0037461818625412757,227.55239959716798,0.01616153526344477,49.58584045404006,38138060.0,0.9945891322211985,0.020282846205353623,0.005566422249551062,-0.018881521921820243,-0.04549577999416521,-0.03918175723736661,0,0,0,1,238.85000610351562,220.5,0.032954246926317064,0.04640399570037764
2025-09-19,232.3699951171875,234.16000366210938,229.6999969482422,231.47999572753906,97943200,AMZN,0.0010811746080494622,0.25,0.010041861188641995,0.014697279625854343,0.016836526860798437,231.96199645996094,-0.0020779297461559487,232.23199768066405,-0.0032381496117475095,230.84349899291993,0.00275726514888186,227.73679962158204,0.016436500873714177,52.930050099423646,50027460.0,1.9577887824007056,0.019267352670581474,0.014595669165634817,-0.0036586153179378744,-0.04868666503232999,-0.05145148014145828,0,0,0,1,238.85000610351562,220.82000732421875,0.03183864917922044,0.0460514454815678
2025-09-22,230.55999755859375,230.57000732421875,227.50999450683594,227.6300048828125,45914500,AMZN,-0.016632067201427403,-3.8499908447265625,0.010764245371708175,0.014432594540151208,0.015892097258417164,231.20199890136718,-0.01544966754408783,231.41099853515624,-0.016338867539907875,230.78299942016602,-0.013662161187242172,227.78899963378908,-0.0006979913482748623,52.69349331786516,52561700.0,0.8735352928082615,0.013442923831408583,-0.016419599504081117,-0.034811701079385915,-0.04164657902286906,-0.03075165773336297,0,0,0,0,238.85000610351562,221.8300018310547,0.04929051961528252,0.025479958385731024
2025-09-23,227.8300018310547,227.86000061035156,220.07000732421875,220.7100067138672,70956200,AMZN,-0.030400202172415014,-6.9199981689453125,0.012643131840050312,0.015816001302356192,0.017266615587465364,228.53399963378905,-0.034235575154941134,229.65799865722656,-0.03896224819373517,230.42149963378907,-0.04214664402131074,227.68939971923828,-0.030653131037181924,44.587946995257205,59112160.0,1.2003655423858643,0.03529515223218634,-0.05699635190750507,-0.0735812557719231,-0.004213709873952309,0.007702400872317883,0,1,0,0,238.85000610351562,220.07000732421875,0.08218929290852449,0.002899729827284838
2025-09-24,224.14999389648438,224.55999755859375,219.4499969482422,220.2100067138672,49509000,AMZN,-0.0022654160880354324,-0.5,0.013340972104843331,0.013006065037508082,0.017229306832202963,226.252001953125,-0.02670471503942573,228.6459991455078,-0.03689542989235528,229.99649963378906,-0.04255061679418759,227.5665997314453,-0.03232720894129337,30.46226139118953,60450920.0,0.8189949797290099,0.023205124447370416,-0.049261672756479635,-0.04393693846540425,0.008900555811820476,-0.003178839224780683,1,0,0,0,238.85000610351562,219.4499969482422,0.08464646846802275,0.0034512953201646683
2025-09-25,220.05999755859375,220.6699981689453,216.47000122070312,218.14999389648438,52226300,AMZN,-0.00935476479077324,-2.0600128173828125,0.01256702300191724,0.013052765861590314,0.01728883629310553,223.63600158691406,-0.024530968410726106,227.46599884033202,-0.040955593325343265,229.4479995727539,-0.04923993975675145,227.46579956054688,-0.04095475311919505,31.488256519540997,63309840.0,0.8249317957524455,0.019252794250524494,-0.05656706341190698,-0.05131551732272377,0.006509344338593959,0.012606005395099373,1,1,0,0,238.85000610351562,216.47000122070312,0.09488889656744036,0.007701089721682198
2025-09-26,219.0800018310547,221.0500030517578,218.02000427246094,219.77999877929688,41650100,AMZN,0.007471945580644679,1.6300048828125,0.014364738467189187,0.013592998547409188,0.017170666024774763,221.29600219726564,-0.0068505684825583835,226.62899932861328,-0.03022120103608328,228.85699920654298,-0.03966232389097324,227.38379943847656,-0.03344038000049798,27.951704859679637,52051220.0,0.8001752888789158,0.013786508308882103,-0.050544311232896044,-0.036686370112221534,0.0038675316600087495,0.009100009150552424,1,1,0,0,238.85000610351562,216.47000122070312,0.0867686205757461,0.015060504035754638
2025-09-29,220.0800018310547,222.60000610351562,219.3000030517578,222.1699981689453,44259200,AMZN,0.01087450815780766,2.3899993896484375,0.01642262112970584,0.013113729087931843,0.017288661440571822,220.2040008544922,0.008928072636392503,225.7029998779297,-0.01565332189157964,228.51549911499023,-0.027768361317373147,227.30459930419923,-0.022589077172091576,27.931897502606688,51720160.0,0.8557436790605443,0.014853504428840038,-0.023986322526672543,-0.040012076221289994,0.0010802785936090409,0.01372823998242323,1,1,1,0,238.85000610351562,216.47000122070312,0.07507767957888846,0.025656015642164808
2025-09-30,222.02999877929688,222.24000549316406,217.88999938964844,219.57000732421875,48396400,AMZN,-0.011702709034319914,-2.5999908447265625,0.00998410046171892,0.012108113278956828,0.017123991722247715,219.9760009765625,-0.0018456270254090246,224.25500030517577,-0.020891364627684927,228.22699966430665,-0.037931499572010585,227.10999938964844,-0.033199736188160744,32.700985344213024,47208200.0,1.0251693561711737,0.01981147678832279,-0.005165145915320246,-0.06186710334858214,-0.0002733197403149701,0.03720908091459618,0,1,0,0,238.85000610351562,216.47000122070312,0.08780797985231144,0.014118531676041402
2025-10-01,217.36000061035156,222.14999389648438,216.61000061035156,220.6300048828125,43933800,AMZN,0.004827606336181178,1.05999755859375,0.010258651433470283,0.012487600589081087,0.017153615269907795,220.06000061035155,0.0025902220797964226,223.15600128173827,-0.011319419529016606,227.95899963378906,-0.03215049532043235,226.97319946289062,-0.02794688798099798,35.33670870273943,46093160.0,0.9531522681456425,0.02510988153708004,0.0019072619596758322,-0.04744836571132227,0.0012237184775265586,-0.019308388121949682,1,0,1,0,238.85000610351562,216.47000122070312,0.08258170157037648,0.018855112949478284
2025-10-02,221.00999450683594,222.80999755859375,218.9499969482422,222.41000366210938,41258600,AMZN,0.008067800117406154,1.779998779296875,0.008987182445780775,0.013120805589857417,0.013922472872315688,220.91200256347656,0.0067809855564655575,222.2740020751953,0.0006118645709545234,227.29550018310547,-0.02149403097316238,226.85559967041016,-0.01959658926100838,40.96349422318566,43899620.0,0.9398395703653015,0.017355337200640347,0.019527893123143736,-0.0381438058573611,-0.0028326283550159648,-0.010521093023520667,0,0,1,0,238.85000610351562,216.47000122070312,0.07391754943892855,0.026707442757073305
2025-10-03,223.44000244140625,224.1999969482422,219.33999633789062,219.50999450683594,43639000,AMZN,-0.013039023009411066,-2.9000091552734375,0.011329505100657765,0.013295382722582147,0.013874165107038774,220.85800170898438,-0.006103501760034269,221.077001953125,-0.007088061772347221,226.65449981689454,-0.03152156835990627,226.6011996459961,-0.03129376698022024,31.00702594332857,44297400.0,0.9851368251861283,0.02214022473678397,-0.0012285206750414224,-0.051710737176582144,0.026012513583700825,-0.014213453579628887,1,0,0,0,238.85000610351562,216.47000122070312,0.08810538053235387,0.013848997140028362
2025-10-06,221.0,221.72999572753906,216.02999877929688,220.89999389648438,43690900,AMZN,0.00633228292302257,1.3899993896484375,0.010360762220557075,0.013085911264245813,0.013410988886962068,220.6040008544922,0.0013417392288701535,220.40400085449218,0.0022503813001091277,225.90749969482422,-0.02216617777233798,226.39039947509767,-0.024251936439633415,28.192362915131298,44183740.0,0.9888456703755726,0.02580351790735338,-0.005716362618390924,-0.02956557062761933,0.03096429056437633,-0.024128504841712695,1,0,1,0,238.85000610351562,216.02999877929688,0.0812585455092533,0.02204615324466519
2025-10-07,220.8800048828125,222.88999938964844,220.1699981689453,221.77999877929688,31194700,AMZN,0.003983725247293846,0.8800048828125,0.008568600620038714,0.008915413698884413,0.013155424147522764,221.0459991455078,0.0033205741638684394,220.51100006103516,0.005754809138367012,225.08449935913086,-0.014681155695939418,226.17019958496093,-0.019411048907948092,32.797212870732466,40743400.0,0.7656381156211803,0.012264411739896883,0.01006508804189643,0.00484795447818942,-0.02439355979748703,-0.032960580750423074,0,0,1,0,237.67999267578125,216.02999877929688,0.07169264128415459,0.025926594064607605
2025-10-08,222.9199981689453,226.72999572753906,221.19000244140625,225.22000122070312,46686000,AMZN,0.015510877718191152,3.44000244140625,0.010543587926097974,0.010004132491059635,0.011805103917276918,221.96399841308593,0.01466905818464137,221.01199951171876,0.019039697927176302,224.8289993286133,0.0017391079142701216,226.0543997192383,-0.0036911402723038833,40.505540650318316,41293840.0,1.1305802511948513,0.024598140733974715,0.02080404403892655,0.02275098476040527,-0.02286650327933204,-0.05408048960373901,0,0,1,1,235.89999389648438,216.02999877929688,0.047420267373657676,0.04080455728441523
2025-10-09,225.0,228.2100067138672,221.75,227.74000549316406,46412100,AMZN,0.01118907849570383,2.5200042724609375,0.010917738508233457,0.009438898523266806,0.01211601559852987,223.02999877929688,0.021118265433557548,221.97100067138672,0.02598990320504968,224.71849975585937,0.013445736512958772,226.00539978027345,0.0076750631382127565,44.48704487935575,42324540.0,1.0965765959889937,0.028365708957801414,0.023964757624626243,0.04396063197338562,-0.04983755962830305,-0.04944238822354374,0,0,1,1,235.89999389648438,216.02999877929688,0.035830281050753934,0.05141831224825662
2025-10-10,226.2100067138672,228.25,216.0,216.3699951171875,72367500,AMZN,-0.049925397829666096,-11.370010375976562,0.02683731233333886,0.019461205695262145,0.016378871957495933,222.4019989013672,-0.02712207540389433,221.63000030517577,-0.023733272484525836,224.12949981689454,-0.034620630956863185,225.65059967041014,-0.04112820691271413,36.41409168669136,48070240.0,1.5054532700481629,0.05661598316053626,-0.01430458506776855,-0.015515532264306242,-0.003697313911457445,0.026158912001841506,0,1,0,0,235.89999389648438,216.0,0.09026204751134413,0.0017100112101361747
2025-10-13,217.6999969482422,220.67999267578125,217.0399932861328,220.07000732421875,37809700,AMZN,0.017100394188331425,3.70001220703125,0.028132297496509827,0.019989507662328387,0.016537302019435714,222.23600158691406,-0.009746369837599023,221.4200012207031,-0.006096982607902479,223.5615005493164,-0.015617596126876299,225.75699981689453,-0.025190769266460578,49.16274384788499,46894000.0,0.8062801211242376,0.016540188433246145,-0.0037572955871360003,-0.0094521801414863,-0.025446475744717922,-0.00963334532385074,0,0,0,0,235.89999389648438,216.0,0.07193159469906343,0.018494148174506127
2025-10-14,215.55999755859375,219.32000732421875,212.60000610351562,216.38999938964844,45665600,AMZN,-0.016721987604375044,-3.6800079345703125,0.028835651121963245,0.020354336208664992,0.016503188398000145,221.1580017089844,-0.021559257555645805,221.10200042724608,-0.02131143557494919,222.67850036621093,-0.02824027001358731,225.85179992675782,-0.04189384605381841,45.386470705743854,49788180.0,0.9171976159803391,0.0310550452408042,-0.024303361075460495,-0.014482888502502456,-0.015481335149335362,0.02172002847404708,0,1,0,0,234.3000030517578,212.60000610351562,0.0827672429993368,0.01751464160461621
2025-10-15,216.6199951171875,217.7100067138672,212.66000366210938,215.57000732421875,45909500,AMZN,-0.003789417568938358,-0.8199920654296875,0.026687400453114456,0.020249762889892078,0.01643012159692167,219.2280029296875,-0.01668580453493429,220.59600067138672,-0.022783701118203825,221.8760009765625,-0.02842125162067377,225.8882000732422,-0.04567831673225009,46.787868057180894,49632880.0,0.9249815847881485,0.023426278611024833,-0.04284696671779131,-0.022934312861396022,0.004221312670605881,0.04007978427469183,1,1,0,0,234.16000366210938,212.60000610351562,0.08623646938941346,0.013777432480373872
2025-10-16,215.6699981689453,218.58999633789062,212.80999755859375,214.47000122070312,42414600,AMZN,-0.00510277898660183,-1.100006103515625,0.024606726742963728,0.01993877822899264,0.016428522935166227,216.57400207519532,-0.00971492808154173,219.8020004272461,-0.024258192355750885,221.0380012512207,-0.02971434772907089,225.73140014648436,-0.04988849100512094,43.300538966284385,48833380.0,0.8685575317538946,0.026950150353889785,-0.05826821793441672,-0.03569984402980764,0.035249673686596594,0.058283209441196915,1,1,0,0,234.16000366210938,212.60000610351562,0.09180772289521273,0.008719145365524372
2025-10-17,214.55999755859375,214.8000030517578,211.02999877929688,213.0399932861328,45986900,AMZN,-0.006667636156250767,-1.4300079345703125,0.0123572713593276,0.019698533927330897,0.016403052772020237,215.9080017089844,-0.01328347444351452,219.15500030517578,-0.027902657984201773,220.1160011291504,-0.03214672175906841,225.52959991455077,-0.05537901292402436,38.194990293101,43557260.0,1.0557803681866123,0.017696227897442084,-0.015390312456452837,-0.029474745490468468,0.023047332974305723,0.07608903128388489,1,1,0,0,230.57000732421875,211.02999877929688,0.08228508538554766,0.009434822428558403
2025-10-20,213.8800048828125,216.69000244140625,213.58999633789062,216.47999572753906,38882800,AMZN,0.016147214372026486,3.44000244140625,0.011970251777140482,0.02043535487338618,0.01671047080631879,215.18999938964845,0.0059946853550325585,218.71300048828124,-0.010209748646660022,219.55850067138672,-0.014021342532554715,225.40539978027343,-0.0395971172892704,46.08958839175062,43771880.0,0.8883054600350727,0.014320058040916083,-0.01631304347343754,-0.020009046134317976,0.021295273010600413,0.063839650762062,1,1,1,0,228.25,211.02999877929688,0.054369939508288896,0.025175522245951695
2025-10-21,218.42999267578125,223.32000732421875,217.99000549316406,222.02999877929688,50494600,AMZN,0.025637486886977978,5.5500030517578125,0.014708160410146835,0.02219135017974277,0.01645988887915203,216.31799926757813,0.026405567410288322,218.73800048828124,0.015049960608888302,219.6245002746582,0.010952778499804916,225.4199996948242,-0.015038598705158113,51.590899948258915,44737680.0,1.128681683985401,0.024005773365574967,0.026064048271901008,0.0011272432202003024,0.009818528786901926,0.003738241839472023,1,1,1,1,228.25,211.02999877929688,0.028014237962888766,0.049542854841585
2025-10-22,219.3000030517578,220.00999450683594,216.52000427246094,217.9499969482422,44308500,AMZN,-0.018375903497213075,-4.0800018310546875,0.01802146241635452,0.022204234065449826,0.016984525491608237,216.79399719238282,0.005332249835467318,218.01100006103516,-0.0002798166733600782,219.51149978637696,-0.007113535462398901,225.349599609375,-0.03283610298824313,45.183584729499614,44417480.0,0.9975464614381545,0.016012802400744184,0.011040448778405043,-0.032279567680744026,0.04138565909043335,0.12053225345398566,1,1,1,0,228.25,211.02999877929688,0.04725856020178707,0.031750393511538536
2025-10-23,219.0,221.3000030517578,218.17999267578125,221.08999633789062,31540000,AMZN,0.014406971477930908,3.1399993896484375,0.018122251897570267,0.022455429597557433,0.017153693355225038,218.1179962158203,0.013625652965973511,217.34599914550782,0.01722597704628681,219.65849990844725,0.006516917988787174,225.28019958496094,-0.018599962423639704,51.69746453253702,42242560.0,0.7466403551299922,0.014111947295924994,0.030866764953179304,-0.02920000436845971,0.03690806367212773,0.14885342714381888,1,1,1,1,228.25,211.02999877929688,0.03238501868337263,0.04550182154428693
2025-10-24,221.97000122070312,225.39999389648438,221.89999389648438,224.2100067138672,38685100,AMZN,0.01411194729592502,3.1200103759765625,0.016756322910491155,0.015578723933684582,0.01735249700743627,220.35199890136718,0.017508385817851968,218.13000030517577,0.02787331591337816,219.88000030517577,0.019692588696933466,225.1447998046875,-0.004151963943343273,53.42863925736235,40782200.0,0.9485780561127158,0.015610364815102288,0.05243153295039771,0.03623428281926744,0.027162018444888414,0.11199322001000822,1,1,1,1,228.25,211.02999877929688,0.018018791156313465,0.058784209178452965
2025-10-27,227.66000366210938,228.39999389648438,225.5399932861328,226.97000122070312,38267000,AMZN,0.012309863182682124,2.7599945068359375,0.016512559845583495,0.015188778514176111,0.01739777169977149,222.45,0.020319178335370447,218.81999969482422,0.03724523141049829,220.12000045776367,0.031119392825250447,225.06359985351563,0.008470500642610679,55.174473336550406,40659040.0,0.9411683109094559,0.012600786865972343,0.04845715862987521,0.03135363142110936,-0.018108122607599753,0.10234830859850264,0,1,1,1,228.39999389648438,211.02999877929688,0.00630035981887642,0.07022955613374812
2025-10-28,228.22000122070312,231.49000549316406,226.2100067138672,229.25,47100000,AMZN,0.010045375014470892,2.279998779296875,0.01401424906992929,0.013559958105565506,0.017226700882121915,223.8940002441406,0.023922033417684396,220.1059997558594,0.041543621047509305,220.60400009155273,0.03919239861860668,225.01879974365235,0.01880376333518785,54.11307875258674,39980120.0,1.1780855084977233,0.023031619538917667,0.0325181338575784,0.05942973634005533,0.06529989627351407,0.060152642469499806,1,1,1,1,231.49000549316406,211.02999877929688,0.00977101632786941,0.07947655930513904
2025-10-29,231.6699981689453,232.82000732421875,227.75999450683594,230.3000030517578,52036200,AMZN,0.0045801659836763875,1.0500030517578125,0.004033971615297515,0.013149430918057958,0.01722488063315479,226.36400146484374,0.017387930772753135,221.5789993286133,0.03935843987728638,221.0875,0.041669036249257996,225.06459991455077,0.023261779681010397,52.693597287843005,41525660.0,1.2531095231237745,0.021971397092190315,0.05666440136013606,0.06833045055931675,0.10290923419100362,0.061267913258257645,1,1,1,1,232.82000732421875,211.02999877929688,0.010942267646842321,0.08367348683069788
2025-10-30,227.05999755859375,228.44000244140625,222.75,222.86000061035156,102252900,AMZN,-0.03230569840563213,-7.44000244140625,0.019370997118573853,0.017841310388725322,0.01880539723801698,226.71800231933594,-0.017016741809282143,222.41799926757812,0.0019872552771311724,221.1099998474121,0.007914616092203675,225.04559997558593,-0.009711806698160186,57.44436708291371,55668240.0,1.836826528016693,0.025531734837220297,0.008005808954629767,0.03911968733107152,0.11872927686170964,0.11460106441795692,1,1,0,1,232.82000732421875,211.02999877929688,0.04469176472489231,0.05308266085728979
2025-10-31,250.10000610351562,250.5,243.97999572753906,244.22000122070312,166340800,AMZN,0.09584492754129248,21.360000610351562,0.047080241719102155,0.03356234753835827,0.028175733702261976,230.72000122070312,0.058512482353387796,225.53600006103517,0.08284265551668746,222.34550018310546,0.09838067790705729,225.49100006103515,0.08305875247614525,69.71427090926393,81199380.0,2.0485476613245077,0.02669725755413771,0.08924666119997204,0.1463575334077889,0.024486101456264064,0.019982003351160404,1,1,1,1,250.5,211.02999877929688,0.025714514568450933,0.1359020648411685
2025-11-03,255.36000061035156,258.6000061035156,252.89999389648438,254.0,95997800,AMZN,0.04004585509136338,9.779998779296875,0.04785581440970354,0.034549577110175846,0.02920429403484499,236.1260009765625,0.07569686925418972,229.28800048828126,0.10777711637370113,224.00050048828126,0.13392603787190271,225.99420013427735,0.12392264867453529,77.92129820422122,92745540.0,1.035066484059503,0.022440992941067914,0.11909062269869408,0.17331857452401045,-0.043149632731760534,-0.038582689180148844,0,0,1,1,258.6000061035156,211.02999877929688,0.018110260250061516,0.1691732331523745
2025-11-04,250.3800048828125,257.010009765625,248.66000366210938,249.32000732421875,51546300,AMZN,-0.018425168014886806,-4.67999267578125,0.05143779510530731,0.03605034514352033,0.0297667614158015,240.14000244140624,0.03822772045258227,232.01700134277343,0.07457645724798634,225.37750091552735,0.10623290395639429,226.4218002319336,0.10113075273153704,73.69750708191016,93634800.0,0.5505036588960515,0.03349111927731165,0.08754637873159754,0.12291135745151616,-0.019693580610738337,-0.04708810022573606,0,0,1,1,258.6000061035156,211.02999877929688,0.037221235788065146,0.15357776119077796
2025-11-05,249.02999877929688,251.0,246.16000366210938,250.1999969482422,40610700,AMZN,0.0035295587926045258,0.8799896240234375,0.05150815178492058,0.03462161823412396,0.029691695821668522,244.12000122070313,0.024905766414617947,235.24200134277345,0.06358556516305658,226.6265007019043,0.10401915121720728,226.8516000366211,0.10292365981924712,75.1655113134057,91349700.0,0.4445630363318106,0.019344509979717765,0.08640900405030405,0.1479697198970762,-0.007194256889340278,-0.06199038647488242,0,0,1,1,258.6000061035156,211.02999877929688,0.033573178488132085,0.156554750786221
2025-11-06,249.16000366210938,250.3800048828125,242.1699981689453,243.0399932861328,46004200,AMZN,-0.028617121300727022,-7.160003662109375,0.050631176107876825,0.03719992655033322,0.030622655739909736,248.15599975585937,-0.02061609018020838,237.43700103759767,0.023597805835021912,227.39150009155273,0.06881740605202769,227.13,0.0700479605782276,69.55161595585612,80099960.0,0.5743348685817071,0.033780476220641946,0.0905500880396386,0.09928082369993851,0.024934220641819715,-0.041844957413951556,1,0,0,1,258.6000061035156,211.02999877929688,0.06402243765314745,0.13170669598048554
2025-11-07,242.89999389648438,244.89999389648438,238.49000549316406,244.41000366210938,46374300,AMZN,0.005636975040415049,1.3700103759765625,0.026482958503205988,0.03719521186774848,0.027901948263792477,248.19400024414062,-0.015246124315289822,239.45700073242188,0.02068431039617913,228.79350051879882,0.0682558862375875,227.38619995117188,0.0748673565704212,68.707303756973,56106660.0,0.8265382398453232,0.0262263749735136,0.0007779970537078462,0.09009409189314677,-0.0008592394366865319,-0.08943987677596232,0,0,0,1,258.6000061035156,211.02999877929688,0.05805819004455958,0.13657380787473622
2025-11-10,248.33999633789062,251.75,245.58999633789062,248.39999389648438,36476500,AMZN,0.01632498741700883,3.989990234375,0.018549109238156204,0.03725336436833223,0.027886933706007512,247.0739990234375,0.005366792452009772,241.6,0.028145670101342724,230.20999984741212,0.07901478676481877,227.77419982910158,0.09055368906073769,68.03940103874176,44202400.0,0.8252153729209274,0.024798727107362292,-0.022047268124077313,0.0944177316849153,-0.04355874529505299,-0.10350238360228081,0,0,1,1,258.6000061035156,211.02999877929688,0.041062852083973464,0.15044281817800964
