symbol,date,type,severite,valeur,description,prix_ce_jour,ratio_volume,ouverture,cloture_precedente,periode,prix,MA_20,MA_50,niveau
AAPL,2024-05-02,MOUVEMENT_EXTREME,HAUTE,5.981620277279243,Mouvement de prix extrême: 5.98%,171.6299285888672,,,,,,,,
AAPL,2024-06-10,MOUVEMENT_EXTREME,HAUTE,7.264911405527563,Mouvement de prix extrême: 7.26%,191.8171844482422,,,,,,,,
AAPL,2025-03-07,MOUVEMENT_EXTREME,HAUTE,-4.847960193409895,Mouvement de prix extrême: -4.85%,238.2552947998047,,,,,,,,
AAPL,2025-04-02,MOUVEMENT_EXTREME,HAUTE,-9.245617749533396,Mouvement de prix extrême: -9.25%,223.12701416015625,,,,,,,,
AAPL,2025-04-03,MOUVEMENT_EXTREME,HAUTE,-7.288733474248388,Mouvement de prix extrême: -7.29%,202.49754333496094,,,,,,,,
AAPL,2025-04-07,MOUVEMENT_EXTREME,HAUTE,-4.981818543870231,Mouvement de prix extrême: -4.98%,180.84161376953125,,,,,,,,
AAPL,2025-04-08,MOUVEMENT_EXTREME,HAUTE,15.328860338175065,Mouvement de prix extrême: 15.33%,171.83241271972656,,,,,,,,
AAPL,2025-05-09,MOUVEMENT_EXTREME,HAUTE,6.31462266329994,Mouvement de prix extrême: 6.31%,197.8534393310547,,,,,,,,
AAPL,2025-08-05,MOUVEMENT_EXTREME,HAUTE,5.090679602505532,Mouvement de prix extrême: 5.09%,202.49366760253906,,,,,,,,
AAPL,2023-06-05,VOLUME_ANORMAL,MOYENNE,121946500.0,"Volume anormal: 121,946,500 vs moyenne 56,498,286",,2.158410612140347,,,,,,,
AAPL,2023-12-15,VOLUME_ANORMAL,MOYENNE,128538400.0,"Volume anormal: 128,538,400 vs moyenne 56,498,286",,2.275084948133327,,,,,,,
AAPL,2024-02-29,VOLUME_ANORMAL,MOYENNE,136682600.0,"Volume anormal: 136,682,600 vs moyenne 56,498,286",,2.419234453919827,,,,,,,
AAPL,2024-03-15,VOLUME_ANORMAL,MOYENNE,121752700.0,"Volume anormal: 121,752,700 vs moyenne 56,498,286",,2.154980419583506,,,,,,,
AAPL,2024-05-03,VOLUME_ANORMAL,MOYENNE,163224100.0,"Volume anormal: 163,224,100 vs moyenne 56,498,286",,2.889009767373866,,,,,,,
AAPL,2024-06-11,VOLUME_ANORMAL,MOYENNE,172373300.0,"Volume anormal: 172,373,300 vs moyenne 56,498,286",,3.0509474234164298,,,,,,,
AAPL,2024-06-12,VOLUME_ANORMAL,MOYENNE,198134300.0,"Volume anormal: 198,134,300 vs moyenne 56,498,286",,3.506908158487526,,,,,,,
AAPL,2024-06-21,VOLUME_ANORMAL,MOYENNE,241805100.0,"Volume anormal: 241,805,100 vs moyenne 56,498,286",,4.279866120878071,,,,,,,
AAPL,2024-08-05,VOLUME_ANORMAL,MOYENNE,119548600.0,"Volume anormal: 119,548,600 vs moyenne 56,498,286",,2.115968616618939,,,,,,,
AAPL,2024-09-20,VOLUME_ANORMAL,MOYENNE,318679900.0,"Volume anormal: 318,679,900 vs moyenne 56,498,286",,5.64052332814656,,,,,,,
AAPL,2024-12-20,VOLUME_ANORMAL,MOYENNE,147495300.0,"Volume anormal: 147,495,300 vs moyenne 56,498,286",,2.6106154810578746,,,,,,,
AAPL,2025-04-04,VOLUME_ANORMAL,MOYENNE,125910900.0,"Volume anormal: 125,910,900 vs moyenne 56,498,286",,2.2285791125136187,,,,,,,
AAPL,2025-04-07,VOLUME_ANORMAL,MOYENNE,160466300.0,"Volume anormal: 160,466,300 vs moyenne 56,498,286",,2.8401976670990683,,,,,,,
AAPL,2025-04-08,VOLUME_ANORMAL,MOYENNE,120859500.0,"Volume anormal: 120,859,500 vs moyenne 56,498,286",,2.1391710904206045,,,,,,,
AAPL,2025-04-09,VOLUME_ANORMAL,MOYENNE,184395900.0,"Volume anormal: 184,395,900 vs moyenne 56,498,286",,3.263743259504538,,,,,,,
AAPL,2025-04-10,VOLUME_ANORMAL,MOYENNE,121880000.0,"Volume anormal: 121,880,000 vs moyenne 56,498,286",,2.157233585282607,,,,,,,
AAPL,2025-09-19,VOLUME_ANORMAL,MOYENNE,163741300.0,"Volume anormal: 163,741,300 vs moyenne 56,498,286",,2.8981640273862403,,,,,,,
AAPL,2023-05-04,GAP_OUVERTURE,MOYENNE,-1.5288241609775575,Gap d'ouverture: -1.53%,,,162.68740659727376,165.21322631835938,,,,,
AAPL,2023-08-03,GAP_OUVERTURE,MOYENNE,-0.5244404990594623,Gap d'ouverture: -0.52%,,,189.27247006657564,190.27032470703125,,,,,
AAPL,2023-09-06,GAP_OUVERTURE,MOYENNE,-0.6852951619004387,Gap d'ouverture: -0.69%,,,186.3918455631262,187.67799377441406,,,,,
AAPL,2024-02-01,GAP_OUVERTURE,MOYENNE,-0.22233397052043932,Gap d'ouverture: -0.22%,,,182.26867176596141,182.67481994628906,,,,,
AAPL,2024-05-02,GAP_OUVERTURE,MOYENNE,1.8960370410943783,Gap d'ouverture: 1.90%,,,171.11413192483198,167.93011474609375,,,,,
AAPL,2024-08-02,GAP_OUVERTURE,MOYENNE,0.3617789834222863,Gap d'ouverture: 0.36%,,,217.6715683981697,216.8869171142578,,,,,
AAPL,2025-01-30,GAP_OUVERTURE,MOYENNE,-0.288271507982578,Gap d'ouverture: -0.29%,,,237.59540286874542,238.2823028564453,,,,,
AAPL,2025-04-02,GAP_OUVERTURE,MOYENNE,-0.8378466792673708,Gap d'ouverture: -0.84%,,,220.56578026164416,222.4293975830078,,,,,
AAPL,2025-04-03,GAP_OUVERTURE,MOYENNE,-8.195999338957746,Gap d'ouverture: -8.20%,,,204.8395255545537,223.12701416015625,,,,,
AAPL,2025-04-04,GAP_OUVERTURE,MOYENNE,-4.576988299401008,Gap d'ouverture: -4.58%,,,193.2292544699453,202.49754333496094,,,,,
AAPL,2025-04-07,GAP_OUVERTURE,MOYENNE,-5.934820507355545,Gap d'ouverture: -5.93%,,,176.59612158290105,187.738037109375,,,,,
AAPL,2025-04-09,GAP_OUVERTURE,MOYENNE,-0.2725844882795503,Gap d'ouverture: -0.27%,,,171.3640242168161,171.83241271972656,,,,,
AAPL,2025-04-11,GAP_OUVERTURE,MOYENNE,-2.268662084824685,Gap d'ouverture: -2.27%,,,185.46580802047046,189.7710723876953,,,,,
AAPL,2025-04-22,GAP_OUVERTURE,MOYENNE,1.532408314618795,Gap d'ouverture: 1.53%,,,195.45165216386687,192.50173950195312,,,,,
AAPL,2025-05-01,GAP_OUVERTURE,MOYENNE,-1.6094099317209936,Gap d'ouverture: -1.61%,,,208.3674918385056,211.7758331298828,,,,,
AAPL,2025-05-09,GAP_OUVERTURE,MOYENNE,0.7645949704045962,Gap d'ouverture: 0.76%,,,198.32183886048443,196.81698608398438,,,,,
AAPL,2025-05-22,GAP_OUVERTURE,MOYENNE,-0.682862824596315,Gap d'ouverture: -0.68%,,,200.2883071907537,201.6654052734375,,,,,
AAPL,2025-09-02,GAP_OUVERTURE,MOYENNE,-1.2449355004346614,Gap d'ouverture: -1.24%,,,229.02798202980685,231.91517639160156,,,,,
AAPL,2025-04-04,VOLATILITE_EXTREME,HAUTE,3.8821737239747174,Volatilité extrême: 3.88%,,,,,10 jours,,,,
AAPL,2025-04-07,VOLATILITE_EXTREME,HAUTE,3.8326956749086607,Volatilité extrême: 3.83%,,,,,10 jours,,,,
AAPL,2025-04-08,VOLATILITE_EXTREME,HAUTE,3.761766748862607,Volatilité extrême: 3.76%,,,,,10 jours,,,,
AAPL,2025-04-09,VOLATILITE_EXTREME,HAUTE,6.8028787946853155,Volatilité extrême: 6.80%,,,,,10 jours,,,,
AAPL,2025-04-10,VOLATILITE_EXTREME,HAUTE,6.842292584905789,Volatilité extrême: 6.84%,,,,,10 jours,,,,
AAPL,2025-04-11,VOLATILITE_EXTREME,HAUTE,7.032450070671592,Volatilité extrême: 7.03%,,,,,10 jours,,,,
AAPL,2025-04-14,VOLATILITE_EXTREME,HAUTE,7.044088399422469,Volatilité extrême: 7.04%,,,,,10 jours,,,,
AAPL,2025-04-15,VOLATILITE_EXTREME,HAUTE,7.034827974024077,Volatilité extrême: 7.03%,,,,,10 jours,,,,
AAPL,2025-04-16,VOLATILITE_EXTREME,HAUTE,7.088351463242408,Volatilité extrême: 7.09%,,,,,10 jours,,,,
AAPL,2025-04-17,VOLATILITE_EXTREME,HAUTE,6.520940499425707,Volatilité extrême: 6.52%,,,,,10 jours,,,,
AAPL,2025-04-21,VOLATILITE_EXTREME,HAUTE,6.072179918711353,Volatilité extrême: 6.07%,,,,,10 jours,,,,
AAPL,2025-04-22,VOLATILITE_EXTREME,HAUTE,5.955124413104606,Volatilité extrême: 5.96%,,,,,10 jours,,,,
AAPL,2025-04-23,VOLATILITE_EXTREME,HAUTE,5.560117932980339,Volatilité extrême: 5.56%,,,,,10 jours,,,,
AAPL,2023-04-12,CASSURE_TENDANCE,MOYENNE,20.0,Cassure BAISSE de la MM20,,,,,,157.96139526367188,158.09163436889648,,
AAPL,2023-04-13,CASSURE_TENDANCE,MOYENNE,20.0,Cassure HAUSSE de la MM20,,,,,,163.34844970703125,158.71173706054688,,
AAPL,2023-04-25,CASSURE_TENDANCE,MOYENNE,20.0,Cassure BAISSE de la MM20,,,,,,161.58238220214844,161.79450607299805,,
AAPL,2023-04-27,CASSURE_TENDANCE,MOYENNE,20.0,Cassure HAUSSE de la MM20,,,,,,166.16041564941406,162.47282485961915,,
AAPL,2023-08-02,CASSURE_TENDANCE,MOYENNE,20.0,Cassure BAISSE de la MM20,,,,,,190.27032470703125,190.32123565673828,,
AAPL,2023-08-28,CASSURE_TENDANCE,MOYENNE,20.0,Cassure HAUSSE de la MM20,,,,,,178.2693634033203,178.24458999633788,,
AAPL,2023-09-07,CASSURE_TENDANCE,MOYENNE,20.0,Cassure BAISSE de la MM20,,,,,,175.66738891601562,178.3846176147461,,
AAPL,2023-10-05,CASSURE_TENDANCE,MOYENNE,20.0,Cassure HAUSSE de la MM20,,,,,,173.04563903808594,172.89426651000977,,
AAPL,2023-10-19,CASSURE_TENDANCE,MOYENNE,20.0,Cassure BAISSE de la MM20,,,,,,173.58978271484375,173.69266510009766,,
AAPL,2023-11-02,CASSURE_TENDANCE,MOYENNE,20.0,Cassure HAUSSE de la MM20,,,,,,175.6772918701172,173.11142959594727,,
AAPL,2023-12-22,CASSURE_TENDANCE,MOYENNE,20.0,Cassure BAISSE de la MM20,,,,,,191.7887725830078,191.85662231445312,,
AAPL,2024-01-18,CASSURE_TENDANCE,MOYENNE,20.0,Cassure HAUSSE de la MM20,,,,,,186.8652801513672,186.67108840942382,,
AAPL,2024-01-31,CASSURE_TENDANCE,MOYENNE,20.0,Cassure BAISSE de la MM20,,,,,,182.67481994628906,186.0712516784668,,
AAPL,2024-02-06,CASSURE_TENDANCE,MOYENNE,20.0,Cassure HAUSSE de la MM20,,,,,,187.52899169921875,186.90289840698242,,
AAPL,2024-02-08,CASSURE_TENDANCE,MOYENNE,20.0,Cassure BAISSE de la MM20,,,,,,186.5581512451172,187.21990509033202,,
AAPL,2024-03-19,CASSURE_TENDANCE,MOYENNE,20.0,Cassure HAUSSE de la MM20,,,,,,174.6552276611328,174.64682083129884,,
AAPL,2024-03-21,CASSURE_TENDANCE,MOYENNE,20.0,Cassure BAISSE de la MM20,,,,,,169.98333740234375,173.821053314209,,
AAPL,2024-03-27,CASSURE_TENDANCE,MOYENNE,20.0,Cassure HAUSSE de la MM20,,,,,,171.90765380859375,171.75887603759764,,
AAPL,2024-03-28,CASSURE_TENDANCE,MOYENNE,20.0,Cassure BAISSE de la MM20,,,,,,170.0924530029297,171.29912490844725,,
AAPL,2024-04-11,CASSURE_TENDANCE,MOYENNE,20.0,Cassure HAUSSE de la MM20,,,,,,173.6236572265625,170.15942153930663,,
AAPL,2024-04-16,CASSURE_TENDANCE,MOYENNE,20.0,Cassure BAISSE de la MM20,,,,,,168.00946044921875,170.12371368408202,,
AAPL,2024-04-25,CASSURE_TENDANCE,MOYENNE,20.0,Cassure HAUSSE de la MM20,,,,,,168.51535034179688,168.1111312866211,,
AAPL,2024-04-26,CASSURE_TENDANCE,MOYENNE,20.0,Cassure BAISSE de la MM20,,,,,,167.93011474609375,168.0030143737793,,
AAPL,2024-04-29,CASSURE_TENDANCE,MOYENNE,20.0,Cassure HAUSSE de la MM20,,,,,,172.09609985351562,168.17510833740235,,
AAPL,2024-05-01,CASSURE_TENDANCE,MOYENNE,20.0,Cassure BAISSE de la MM20,,,,,,167.93011474609375,168.23164901733398,,
AAPL,2024-05-02,CASSURE_TENDANCE,MOYENNE,20.0,Cassure HAUSSE de la MM20,,,,,,171.6299285888672,168.44044570922853,,
AAPL,2024-07-24,CASSURE_TENDANCE,MOYENNE,20.0,Cassure BAISSE de la MM20,,,,,,217.06568908691406,222.71582717895507,,
AAPL,2024-08-13,CASSURE_TENDANCE,MOYENNE,20.0,Cassure HAUSSE de la MM20,,,,,,220.0316925048828,217.16740951538085,,
AAPL,2024-09-04,CASSURE_TENDANCE,MOYENNE,20.0,Cassure BAISSE de la MM20,,,,,,219.614013671875,221.96085739135742,,
AAPL,2024-09-19,CASSURE_TENDANCE,MOYENNE,20.0,Cassure HAUSSE de la MM20,,,,,,227.58912658691406,222.264111328125,,
AAPL,2024-10-07,CASSURE_TENDANCE,MOYENNE,20.0,Cassure BAISSE de la MM20,,,,,,220.4493408203125,223.47131881713867,,
AAPL,2024-10-08,CASSURE_TENDANCE,MOYENNE,20.0,Cassure HAUSSE de la MM20,,,,,,224.50650024414062,223.75273590087892,,
AAPL,2024-10-30,CASSURE_TENDANCE,MOYENNE,20.0,Cassure BAISSE de la MM20,,,,,,228.812255859375,229.32885208129883,,
AAPL,2024-11-18,CASSURE_TENDANCE,MOYENNE,20.0,Cassure HAUSSE de la MM20,,,,,,226.99337768554688,226.41426696777344,,
AAPL,2025-01-02,CASSURE_TENDANCE,MOYENNE,20.0,Cassure BAISSE de la MM20,,,,,,242.75210571289062,248.7444869995117,,
AAPL,2025-01-28,CASSURE_TENDANCE,MOYENNE,20.0,Cassure HAUSSE de la MM20,,,,,,237.187255859375,235.7836067199707,,
AAPL,2025-02-03,CASSURE_TENDANCE,MOYENNE,20.0,Cassure BAISSE de la MM20,,,,,,226.9833984375,232.74236068725585,,
AAPL,2025-02-06,CASSURE_TENDANCE,MOYENNE,20.0,Cassure HAUSSE de la MM20,,,,,,232.16995239257812,231.14558181762695,,
AAPL,2025-02-07,CASSURE_TENDANCE,MOYENNE,20.0,Cassure BAISSE de la MM20,,,,,,226.60513305664062,230.39547576904297,,
AAPL,2025-02-11,CASSURE_TENDANCE,MOYENNE,20.0,Cassure HAUSSE de la MM20,,,,,,231.8272705078125,229.8741355895996,,
AAPL,2025-02-27,CASSURE_TENDANCE,MOYENNE,20.0,Cassure BAISSE de la MM20,,,,,,236.49131774902344,237.27475128173828,,
AAPL,2025-02-28,CASSURE_TENDANCE,MOYENNE,20.0,Cassure HAUSSE de la MM20,,,,,,241.01583862304688,237.49953002929686,,
AAPL,2025-03-03,CASSURE_TENDANCE,MOYENNE,20.0,Cassure BAISSE de la MM20,,,,,,237.2188262939453,237.61359939575195,,
AAPL,2025-03-31,CASSURE_TENDANCE,MOYENNE,20.0,Cassure HAUSSE de la MM20,,,,,,221.37301635742188,221.18017120361327,,
AAPL,2025-04-03,CASSURE_TENDANCE,MOYENNE,20.0,Cassure BAISSE de la MM20,,,,,,202.49754333496094,218.35333633422852,,
AAPL,2025-04-23,CASSURE_TENDANCE,MOYENNE,20.0,Cassure HAUSSE de la MM20,,,,,,203.9027557373047,202.24691619873047,,
AAPL,2025-05-05,CASSURE_TENDANCE,MOYENNE,20.0,Cassure BAISSE de la MM20,,,,,,198.21221923828125,199.50628890991212,,
AAPL,2025-05-12,CASSURE_TENDANCE,MOYENNE,20.0,Cassure HAUSSE de la MM20,,,,,,210.34713745117188,202.5232925415039,,
AAPL,2025-05-21,CASSURE_TENDANCE,MOYENNE,20.0,Cassure BAISSE de la MM20,,,,,,201.6654052734375,206.22124862670898,,
AAPL,2025-06-20,CASSURE_TENDANCE,MOYENNE,20.0,Cassure HAUSSE de la MM20,,,,,,200.57769775390625,199.6092414855957,,
AAPL,2025-07-29,CASSURE_TENDANCE,MOYENNE,20.0,Cassure BAISSE de la MM20,,,,,,210.8261260986328,211.13347930908202,,
AAPL,2025-08-06,CASSURE_TENDANCE,MOYENNE,20.0,Cassure HAUSSE de la MM20,,,,,,212.80197143554688,209.81675338745117,,
AAPL,2025-09-10,CASSURE_TENDANCE,MOYENNE,20.0,Cassure BAISSE de la MM20,,,,,,226.5703582763672,231.58350296020507,,
AAPL,2025-09-12,CASSURE_TENDANCE,MOYENNE,20.0,Cassure HAUSSE de la MM20,,,,,,233.84332275390625,231.48310012817382,,
AAPL,2025-10-10,CASSURE_TENDANCE,MOYENNE,20.0,Cassure BAISSE de la MM20,,,,,,245.032470703125,250.88529205322266,,
AAPL,2025-10-20,CASSURE_TENDANCE,MOYENNE,20.0,Cassure HAUSSE de la MM20,,,,,,261.98602294921875,253.55520324707032,,
AAPL,2025-11-17,CASSURE_TENDANCE,MOYENNE,20.0,Cassure BAISSE de la MM20,,,,,,267.4599914550781,268.38587646484376,,
AAPL,2025-11-21,CASSURE_TENDANCE,MOYENNE,20.0,Cassure HAUSSE de la MM20,,,,,,271.489990234375,269.9424118041992,,
AAPL,2023-08-04,CASSURE_TENDANCE,MOYENNE,50.0,Cassure BAISSE de la MM50,,,,,,179.80735778808594,,184.84303283691406,
AAPL,2023-08-30,CASSURE_TENDANCE,MOYENNE,50.0,Cassure HAUSSE de la MM50,,,,,,185.64984130859375,,184.41043029785158,
AAPL,2023-09-06,CASSURE_TENDANCE,MOYENNE,50.0,Cassure BAISSE de la MM50,,,,,,180.9603729248047,,184.56935668945312,
AAPL,2023-10-11,CASSURE_TENDANCE,MOYENNE,50.0,Cassure HAUSSE de la MM50,,,,,,177.88351440429688,,176.43973083496093,
AAPL,2023-10-17,CASSURE_TENDANCE,MOYENNE,50.0,Cassure BAISSE de la MM50,,,,,,175.26174926757812,,175.88261657714844,
AAPL,2023-11-02,CASSURE_TENDANCE,MOYENNE,50.0,Cassure HAUSSE de la MM50,,,,,,175.6772918701172,,174.70021087646484,
AAPL,2024-01-02,CASSURE_TENDANCE,MOYENNE,50.0,Cassure BAISSE de la MM50,,,,,,183.90321350097656,,185.02110046386719,
AAPL,2024-01-19,CASSURE_TENDANCE,MOYENNE,50.0,Cassure HAUSSE de la MM50,,,,,,189.767822265625,,188.01203002929688,
AAPL,2024-01-30,CASSURE_TENDANCE,MOYENNE,50.0,Cassure BAISSE de la MM50,,,,,,186.28077697753906,,189.13898315429688,
AAPL,2024-04-29,CASSURE_TENDANCE,MOYENNE,50.0,Cassure HAUSSE de la MM50,,,,,,172.09609985351562,,171.67833374023436,
AAPL,2024-04-30,CASSURE_TENDANCE,MOYENNE,50.0,Cassure BAISSE de la MM50,,,,,,168.9517822265625,,171.44067260742187,
AAPL,2024-05-02,CASSURE_TENDANCE,MOYENNE,50.0,Cassure HAUSSE de la MM50,,,,,,171.6299285888672,,171.01315948486328,
AAPL,2024-08-05,CASSURE_TENDANCE,MOYENNE,50.0,Cassure BAISSE de la MM50,,,,,,207.85826110839844,,211.5300991821289,
AAPL,2024-08-09,CASSURE_TENDANCE,MOYENNE,50.0,Cassure HAUSSE de la MM50,,,,,,214.78121948242188,,213.3072296142578,
AAPL,2024-09-04,CASSURE_TENDANCE,MOYENNE,50.0,Cassure BAISSE de la MM50,,,,,,219.614013671875,,220.74666290283204,
AAPL,2024-09-05,CASSURE_TENDANCE,MOYENNE,50.0,Cassure HAUSSE de la MM50,,,,,,221.13548278808594,,221.01618072509766,
AAPL,2024-09-06,CASSURE_TENDANCE,MOYENNE,50.0,Cassure BAISSE de la MM50,,,,,,219.58419799804688,,221.17163696289063,
AAPL,2024-09-19,CASSURE_TENDANCE,MOYENNE,50.0,Cassure HAUSSE de la MM50,,,,,,227.58912658691406,,221.06864196777343,
AAPL,2024-10-07,CASSURE_TENDANCE,MOYENNE,50.0,Cassure BAISSE de la MM50,,,,,,220.4493408203125,,221.45328674316406,
AAPL,2024-10-08,CASSURE_TENDANCE,MOYENNE,50.0,Cassure HAUSSE de la MM50,,,,,,224.50650024414062,,221.60806243896485,
AAPL,2024-10-31,CASSURE_TENDANCE,MOYENNE,50.0,Cassure BAISSE de la MM50,,,,,,224.6457061767578,,225.89487854003906,
AAPL,2024-11-07,CASSURE_TENDANCE,MOYENNE,50.0,Cassure HAUSSE de la MM50,,,,,,226.2069091796875,,225.60650177001952,
AAPL,2024-11-11,CASSURE_TENDANCE,MOYENNE,50.0,Cassure BAISSE de la MM50,,,,,,223.2204132080078,,225.4652249145508,
AAPL,2024-11-14,CASSURE_TENDANCE,MOYENNE,50.0,Cassure HAUSSE de la MM50,,,,,,227.1924591064453,,225.71015472412108,
AAPL,2024-11-15,CASSURE_TENDANCE,MOYENNE,50.0,Cassure BAISSE de la MM50,,,,,,223.98695373535156,,225.7982098388672,
AAPL,2024-11-18,CASSURE_TENDANCE,MOYENNE,50.0,Cassure HAUSSE de la MM50,,,,,,226.99337768554688,,225.94460357666014,
AAPL,2025-01-10,CASSURE_TENDANCE,MOYENNE,50.0,Cassure BAISSE de la MM50,,,,,,235.78363037109375,,237.59845336914063,
AAPL,2025-02-13,CASSURE_TENDANCE,MOYENNE,50.0,Cassure HAUSSE de la MM50,,,,,,240.70689392089844,,239.34454193115235,
AAPL,2025-02-27,CASSURE_TENDANCE,MOYENNE,50.0,Cassure BAISSE de la MM50,,,,,,236.49131774902344,,239.33330688476562,
AAPL,2025-02-28,CASSURE_TENDANCE,MOYENNE,50.0,Cassure HAUSSE de la MM50,,,,,,241.01583862304688,,239.21336669921874,
AAPL,2025-03-03,CASSURE_TENDANCE,MOYENNE,50.0,Cassure BAISSE de la MM50,,,,,,237.2188262939453,,238.9595492553711,
AAPL,2025-03-07,CASSURE_TENDANCE,MOYENNE,50.0,Cassure HAUSSE de la MM50,,,,,,238.2552947998047,,237.79083953857423,
AAPL,2025-03-10,CASSURE_TENDANCE,MOYENNE,50.0,Cassure BAISSE de la MM50,,,,,,226.70477294921875,,237.24252166748047,
AAPL,2025-05-12,CASSURE_TENDANCE,MOYENNE,50.0,Cassure HAUSSE de la MM50,,,,,,210.34713745117188,,209.7034457397461,
AAPL,2025-05-20,CASSURE_TENDANCE,MOYENNE,50.0,Cassure BAISSE de la MM50,,,,,,206.42539978027344,,206.7871585083008,
AAPL,2025-06-06,CASSURE_TENDANCE,MOYENNE,50.0,Cassure HAUSSE de la MM50,,,,,,203.49156188964844,,203.08688507080078,
AAPL,2025-06-09,CASSURE_TENDANCE,MOYENNE,50.0,Cassure BAISSE de la MM50,,,,,,201.02676391601562,,202.6456768798828,
AAPL,2025-06-30,CASSURE_TENDANCE,MOYENNE,50.0,Cassure HAUSSE de la MM50,,,,,,204.7389373779297,,202.32897766113283,
AAPL,2025-08-01,CASSURE_TENDANCE,MOYENNE,50.0,Cassure BAISSE de la MM50,,,,,,201.95481872558594,,204.8457177734375,
AAPL,2025-08-06,CASSURE_TENDANCE,MOYENNE,50.0,Cassure HAUSSE de la MM50,,,,,,212.80197143554688,,205.26084411621093,
AAPL,2023-06-13,RSI_EXTREME,MOYENNE,80.80777404160754,RSI en SURACHAT: 80.8,,,,,,,,,SURACHAT
AAPL,2023-06-14,RSI_EXTREME,MOYENNE,81.1633554171618,RSI en SURACHAT: 81.2,,,,,,,,,SURACHAT
AAPL,2023-06-15,RSI_EXTREME,MOYENNE,82.00609412098797,RSI en SURACHAT: 82.0,,,,,,,,,SURACHAT
AAPL,2023-08-17,RSI_EXTREME,MOYENNE,11.710657827359682,RSI en SURVENDE: 11.7,,,,,,,,,SURVENDE
AAPL,2023-08-18,RSI_EXTREME,MOYENNE,11.303787112275302,RSI en SURVENDE: 11.3,,,,,,,,,SURVENDE
AAPL,2023-08-21,RSI_EXTREME,MOYENNE,15.830991425401976,RSI en SURVENDE: 15.8,,,,,,,,,SURVENDE
AAPL,2023-11-15,RSI_EXTREME,MOYENNE,89.03217917878831,RSI en SURACHAT: 89.0,,,,,,,,,SURACHAT
AAPL,2023-11-16,RSI_EXTREME,MOYENNE,89.17935111017718,RSI en SURACHAT: 89.2,,,,,,,,,SURACHAT
AAPL,2023-11-17,RSI_EXTREME,MOYENNE,88.23823892922978,RSI en SURACHAT: 88.2,,,,,,,,,SURACHAT
AAPL,2023-11-20,RSI_EXTREME,MOYENNE,88.79731699103701,RSI en SURACHAT: 88.8,,,,,,,,,SURACHAT
AAPL,2023-11-21,RSI_EXTREME,MOYENNE,84.41017270872237,RSI en SURACHAT: 84.4,,,,,,,,,SURACHAT
AAPL,2023-11-22,RSI_EXTREME,MOYENNE,82.30175272686358,RSI en SURACHAT: 82.3,,,,,,,,,SURACHAT
AAPL,2023-11-24,RSI_EXTREME,MOYENNE,80.7298346199948,RSI en SURACHAT: 80.7,,,,,,,,,SURACHAT
AAPL,2024-01-04,RSI_EXTREME,MOYENNE,8.867406150080924,RSI en SURVENDE: 8.9,,,,,,,,,SURVENDE
AAPL,2024-01-05,RSI_EXTREME,MOYENNE,7.86472489180062,RSI en SURVENDE: 7.9,,,,,,,,,SURVENDE
AAPL,2024-03-05,RSI_EXTREME,MOYENNE,18.228322803780813,RSI en SURVENDE: 18.2,,,,,,,,,SURVENDE
AAPL,2024-03-06,RSI_EXTREME,MOYENNE,18.143331970428207,RSI en SURVENDE: 18.1,,,,,,,,,SURVENDE
AAPL,2024-03-07,RSI_EXTREME,MOYENNE,18.275053926733207,RSI en SURVENDE: 18.3,,,,,,,,,SURVENDE
AAPL,2024-05-09,RSI_EXTREME,MOYENNE,80.11701527249588,RSI en SURACHAT: 80.1,,,,,,,,,SURACHAT
AAPL,2024-05-20,RSI_EXTREME,MOYENNE,86.26300160842446,RSI en SURACHAT: 86.3,,,,,,,,,SURACHAT
AAPL,2024-05-21,RSI_EXTREME,MOYENNE,89.92369050868427,RSI en SURACHAT: 89.9,,,,,,,,,SURACHAT
AAPL,2024-05-22,RSI_EXTREME,MOYENNE,83.6764273038752,RSI en SURACHAT: 83.7,,,,,,,,,SURACHAT
AAPL,2024-06-13,RSI_EXTREME,MOYENNE,86.30574183279407,RSI en SURACHAT: 86.3,,,,,,,,,SURACHAT
AAPL,2024-06-14,RSI_EXTREME,MOYENNE,80.97996540174277,RSI en SURACHAT: 81.0,,,,,,,,,SURACHAT
AAPL,2024-06-17,RSI_EXTREME,MOYENNE,82.93832264916739,RSI en SURACHAT: 82.9,,,,,,,,,SURACHAT
AAPL,2024-08-05,RSI_EXTREME,MOYENNE,18.134141219677446,RSI en SURVENDE: 18.1,,,,,,,,,SURVENDE
AAPL,2024-08-23,RSI_EXTREME,MOYENNE,84.03472466151138,RSI en SURACHAT: 84.0,,,,,,,,,SURACHAT
AAPL,2024-08-26,RSI_EXTREME,MOYENNE,91.25445861949602,RSI en SURACHAT: 91.3,,,,,,,,,SURACHAT
AAPL,2024-08-27,RSI_EXTREME,MOYENNE,90.58621027158927,RSI en SURACHAT: 90.6,,,,,,,,,SURACHAT
AAPL,2024-08-28,RSI_EXTREME,MOYENNE,82.29633424525669,RSI en SURACHAT: 82.3,,,,,,,,,SURACHAT
AAPL,2024-08-29,RSI_EXTREME,MOYENNE,82.60872718148717,RSI en SURACHAT: 82.6,,,,,,,,,SURACHAT
AAPL,2024-12-02,RSI_EXTREME,MOYENNE,83.36233099953724,RSI en SURACHAT: 83.4,,,,,,,,,SURACHAT
AAPL,2024-12-03,RSI_EXTREME,MOYENNE,85.31445803454986,RSI en SURACHAT: 85.3,,,,,,,,,SURACHAT
AAPL,2024-12-04,RSI_EXTREME,MOYENNE,85.00982359522588,RSI en SURACHAT: 85.0,,,,,,,,,SURACHAT
AAPL,2024-12-05,RSI_EXTREME,MOYENNE,82.96267254869205,RSI en SURACHAT: 83.0,,,,,,,,,SURACHAT
AAPL,2024-12-06,RSI_EXTREME,MOYENNE,95.83770155176447,RSI en SURACHAT: 95.8,,,,,,,,,SURACHAT
AAPL,2024-12-09,RSI_EXTREME,MOYENNE,96.01973411667231,RSI en SURACHAT: 96.0,,,,,,,,,SURACHAT
AAPL,2024-12-10,RSI_EXTREME,MOYENNE,96.16303123727067,RSI en SURACHAT: 96.2,,,,,,,,,SURACHAT
AAPL,2024-12-11,RSI_EXTREME,MOYENNE,90.35548290489169,RSI en SURACHAT: 90.4,,,,,,,,,SURACHAT
AAPL,2024-12-12,RSI_EXTREME,MOYENNE,92.89507594589932,RSI en SURACHAT: 92.9,,,,,,,,,SURACHAT
AAPL,2024-12-13,RSI_EXTREME,MOYENNE,92.50477924150101,RSI en SURACHAT: 92.5,,,,,,,,,SURACHAT
AAPL,2024-12-16,RSI_EXTREME,MOYENNE,92.47323000589753,RSI en SURACHAT: 92.5,,,,,,,,,SURACHAT
AAPL,2024-12-17,RSI_EXTREME,MOYENNE,92.56018869394607,RSI en SURACHAT: 92.6,,,,,,,,,SURACHAT
AAPL,2025-01-14,RSI_EXTREME,MOYENNE,19.287479103429476,RSI en SURVENDE: 19.3,,,,,,,,,SURVENDE
AAPL,2025-01-16,RSI_EXTREME,MOYENNE,16.748010051965565,RSI en SURVENDE: 16.7,,,,,,,,,SURVENDE
AAPL,2025-01-17,RSI_EXTREME,MOYENNE,18.379727990840678,RSI en SURVENDE: 18.4,,,,,,,,,SURVENDE
AAPL,2025-01-21,RSI_EXTREME,MOYENNE,16.937520993876248,RSI en SURVENDE: 16.9,,,,,,,,,SURVENDE
AAPL,2025-02-24,RSI_EXTREME,MOYENNE,80.23128636286398,RSI en SURACHAT: 80.2,,,,,,,,,SURACHAT
AAPL,2025-03-13,RSI_EXTREME,MOYENNE,17.702130686674693,RSI en SURVENDE: 17.7,,,,,,,,,SURVENDE
AAPL,2025-09-30,RSI_EXTREME,MOYENNE,82.7683879893804,RSI en SURACHAT: 82.8,,,,,,,,,SURACHAT
AAPL,2025-10-01,RSI_EXTREME,MOYENNE,81.72743313705665,RSI en SURACHAT: 81.7,,,,,,,,,SURACHAT
AAPL,2025-10-02,RSI_EXTREME,MOYENNE,80.58357290326344,RSI en SURACHAT: 80.6,,,,,,,,,SURACHAT
AAPL,2025-10-30,RSI_EXTREME,MOYENNE,83.89108076904486,RSI en SURACHAT: 83.9,,,,,,,,,SURACHAT
AAPL,2025-10-31,RSI_EXTREME,MOYENNE,80.53245303026507,RSI en SURACHAT: 80.5,,,,,,,,,SURACHAT
AAPL,2025-11-05,RSI_EXTREME,MOYENNE,81.48769887900323,RSI en SURACHAT: 81.5,,,,,,,,,SURACHAT
AAPL,2025-11-11,RSI_EXTREME,MOYENNE,83.98839767174755,RSI en SURACHAT: 84.0,,,,,,,,,SURACHAT
TSLA,2024-01-24,MOUVEMENT_EXTREME,HAUTE,-12.125293136804816,Mouvement de prix extrême: -12.13%,207.8300018310547,,,,,,,,
TSLA,2024-04-23,MOUVEMENT_EXTREME,HAUTE,12.061109407252758,Mouvement de prix extrême: 12.06%,144.67999267578125,,,,,,,,
TSLA,2024-04-26,MOUVEMENT_EXTREME,HAUTE,15.306917103399531,Mouvement de prix extrême: 15.31%,168.2899932861328,,,,,,,,
TSLA,2024-07-23,MOUVEMENT_EXTREME,HAUTE,-12.334604589403696,Mouvement de prix extrême: -12.33%,246.3800048828125,,,,,,,,
TSLA,2024-10-23,MOUVEMENT_EXTREME,HAUTE,21.919035070290427,Mouvement de prix extrême: 21.92%,213.64999389648438,,,,,,,,
TSLA,2024-11-05,MOUVEMENT_EXTREME,HAUTE,14.751032444224466,Mouvement de prix extrême: 14.75%,251.44000244140625,,,,,,,,
TSLA,2025-03-07,MOUVEMENT_EXTREME,HAUTE,-15.426206822195121,Mouvement de prix extrême: -15.43%,262.6700134277344,,,,,,,,
TSLA,2025-03-21,MOUVEMENT_EXTREME,HAUTE,11.933580126800525,Mouvement de prix extrême: 11.93%,248.7100067138672,,,,,,,,
TSLA,2025-04-08,MOUVEMENT_EXTREME,HAUTE,22.689989839624538,Mouvement de prix extrême: 22.69%,221.86000061035156,,,,,,,,
TSLA,2025-06-04,MOUVEMENT_EXTREME,HAUTE,-14.259893789082124,Mouvement de prix extrême: -14.26%,332.04998779296875,,,,,,,,
TSLA,2023-04-20,VOLUME_ANORMAL,MOYENNE,210970800.0,"Volume anormal: 210,970,800 vs moyenne 105,821,534",,1.9936471452923665,,,,,,,
TSLA,2023-06-09,VOLUME_ANORMAL,MOYENNE,200242400.0,"Volume anormal: 200,242,400 vs moyenne 105,821,534",,1.8922651339734795,,,,,,,
TSLA,2023-06-21,VOLUME_ANORMAL,MOYENNE,211797100.0,"Volume anormal: 211,797,100 vs moyenne 105,821,534",,2.0014555748767218,,,,,,,
TSLA,2024-01-25,VOLUME_ANORMAL,MOYENNE,198076800.0,"Volume anormal: 198,076,800 vs moyenne 105,821,534",,1.8718004902510064,,,,,,,
TSLA,2024-04-29,VOLUME_ANORMAL,MOYENNE,243869700.0,"Volume anormal: 243,869,700 vs moyenne 105,821,534",,2.3045375531983847,,,,,,,
TSLA,2024-07-02,VOLUME_ANORMAL,MOYENNE,205047900.0,"Volume anormal: 205,047,900 vs moyenne 105,821,534",,1.937676495909361,,,,,,,
TSLA,2024-07-11,VOLUME_ANORMAL,MOYENNE,221707300.0,"Volume anormal: 221,707,300 vs moyenne 105,821,534",,2.0951057005778915,,,,,,,
TSLA,2024-10-24,VOLUME_ANORMAL,MOYENNE,204491900.0,"Volume anormal: 204,491,900 vs moyenne 105,821,534",,1.9324223668413452,,,,,,,
TSLA,2024-11-08,VOLUME_ANORMAL,MOYENNE,204782800.0,"Volume anormal: 204,782,800 vs moyenne 105,821,534",,1.935171334729629,,,,,,,
TSLA,2024-11-11,VOLUME_ANORMAL,MOYENNE,210521600.0,"Volume anormal: 210,521,600 vs moyenne 105,821,534",,1.989402262599286,,,,,,,
TSLA,2025-04-02,VOLUME_ANORMAL,MOYENNE,212787800.0,"Volume anormal: 212,787,800 vs moyenne 105,821,534",,2.0108175634876626,,,,,,,
TSLA,2025-04-09,VOLUME_ANORMAL,MOYENNE,219433400.0,"Volume anormal: 219,433,400 vs moyenne 105,821,534",,2.0736176356718463,,,,,,,
TSLA,2025-06-05,VOLUME_ANORMAL,MOYENNE,287499800.0,"Volume anormal: 287,499,800 vs moyenne 105,821,534",,2.7168364320660787,,,,,,,
TSLA,2023-04-19,GAP_OUVERTURE,MOYENNE,-2.8267546655584015,Gap d'ouverture: -2.83%,,,179.10000610351562,184.30999755859375,,,,,
TSLA,2023-06-08,GAP_OUVERTURE,MOYENNE,-0.15585612152129927,Gap d'ouverture: -0.16%,,,224.22000122070312,224.57000732421875,,,,,
TSLA,2023-09-08,GAP_OUVERTURE,MOYENNE,-0.10736183011784803,Gap d'ouverture: -0.11%,,,251.22000122070312,251.49000549316406,,,,,
TSLA,2023-10-18,GAP_OUVERTURE,MOYENNE,-0.8436370821196455,Gap d'ouverture: -0.84%,,,252.6999969482422,254.85000610351562,,,,,
TSLA,2024-01-24,GAP_OUVERTURE,MOYENNE,1.310129817902104,Gap d'ouverture: 1.31%,,,211.8800048828125,209.13999938964844,,,,,
TSLA,2024-04-01,GAP_OUVERTURE,MOYENNE,0.21616980335960723,Gap d'ouverture: 0.22%,,,176.1699981689453,175.7899932861328,,,,,
TSLA,2024-04-23,GAP_OUVERTURE,MOYENNE,0.9010902863764744,Gap d'ouverture: 0.90%,,,143.3300018310547,142.0500030517578,,,,,
TSLA,2024-04-26,GAP_OUVERTURE,MOYENNE,-0.7815175869700803,Gap d'ouverture: -0.78%,,,168.85000610351562,170.17999267578125,,,,,
TSLA,2024-06-12,GAP_OUVERTURE,MOYENNE,0.26953676620613726,Gap d'ouverture: 0.27%,,,171.1199951171875,170.66000366210938,,,,,
TSLA,2024-07-23,GAP_OUVERTURE,MOYENNE,0.8309855044837521,Gap d'ouverture: 0.83%,,,253.60000610351562,251.50999450683594,,,,,
TSLA,2024-08-02,GAP_OUVERTURE,MOYENNE,-0.9130294761442279,Gap d'ouverture: -0.91%,,,214.8800048828125,216.86000061035156,,,,,
TSLA,2024-10-10,GAP_OUVERTURE,MOYENNE,0.31528500195569503,Gap d'ouverture: 0.32%,,,241.80999755859375,241.0500030517578,,,,,
TSLA,2024-10-23,GAP_OUVERTURE,MOYENNE,-0.38537245179904184,Gap d'ouverture: -0.39%,,,217.1300048828125,217.97000122070312,,,,,
TSLA,2024-11-05,GAP_OUVERTURE,MOYENNE,1.8530720094965918,Gap d'ouverture: 1.85%,,,247.33999633789062,242.83999633789062,,,,,
TSLA,2024-11-08,GAP_OUVERTURE,MOYENNE,0.751073038571624,Gap d'ouverture: 0.75%,,,299.1400146484375,296.9100036621094,,,,,
TSLA,2024-11-15,GAP_OUVERTURE,MOYENNE,-0.19602331959627123,Gap d'ouverture: -0.20%,,,310.57000732421875,311.17999267578125,,,,,
TSLA,2025-03-11,GAP_OUVERTURE,MOYENNE,1.4224639878143988,Gap d'ouverture: 1.42%,,,225.30999755859375,222.14999389648438,,,,,
TSLA,2025-04-02,GAP_OUVERTURE,MOYENNE,-5.162775010324664,Gap d'ouverture: -5.16%,,,254.60000610351562,268.4599914550781,,,,,
TSLA,2025-04-04,GAP_OUVERTURE,MOYENNE,-4.452257539222247,Gap d'ouverture: -4.45%,,,255.3800048828125,267.2799987792969,,,,,
TSLA,2025-04-22,GAP_OUVERTURE,MOYENNE,1.520882072029533,Gap d'ouverture: 1.52%,,,230.9600067138672,227.5,,,,,
TSLA,2025-05-09,GAP_OUVERTURE,MOYENNE,1.892417664579231,Gap d'ouverture: 1.89%,,,290.2099914550781,284.82000732421875,,,,,
TSLA,2025-06-30,GAP_OUVERTURE,MOYENNE,-1.1525541297318134,Gap d'ouverture: -1.15%,,,319.8999938964844,323.6300048828125,,,,,
TSLA,2025-07-03,GAP_OUVERTURE,MOYENNE,0.7413262737644828,Gap d'ouverture: 0.74%,,,317.989990234375,315.6499938964844,,,,,
TSLA,2025-07-23,GAP_OUVERTURE,MOYENNE,-0.3643345603707944,Gap d'ouverture: -0.36%,,,330.8999938964844,332.1099853515625,,,,,
TSLA,2025-09-12,GAP_OUVERTURE,MOYENNE,0.5775344749091572,Gap d'ouverture: 0.58%,,,370.94000244140625,368.80999755859375,,,,,
TSLA,2024-10-24,VOLATILITE_EXTREME,HAUTE,7.823354573822453,Volatilité extrême: 7.82%,,,,,10 jours,,,,
TSLA,2024-10-28,VOLATILITE_EXTREME,HAUTE,7.166600385756569,Volatilité extrême: 7.17%,,,,,10 jours,,,,
TSLA,2024-10-29,VOLATILITE_EXTREME,HAUTE,7.216509163437852,Volatilité extrême: 7.22%,,,,,10 jours,,,,
TSLA,2024-10-30,VOLATILITE_EXTREME,HAUTE,7.25949930934978,Volatilité extrême: 7.26%,,,,,10 jours,,,,
TSLA,2024-10-31,VOLATILITE_EXTREME,HAUTE,7.394606894663432,Volatilité extrême: 7.39%,,,,,10 jours,,,,
TSLA,2024-11-01,VOLATILITE_EXTREME,HAUTE,7.401153952297262,Volatilité extrême: 7.40%,,,,,10 jours,,,,
TSLA,2024-11-04,VOLATILITE_EXTREME,HAUTE,7.47418247346994,Volatilité extrême: 7.47%,,,,,10 jours,,,,
TSLA,2024-11-05,VOLATILITE_EXTREME,HAUTE,7.480216202904384,Volatilité extrême: 7.48%,,,,,10 jours,,,,
TSLA,2024-11-06,VOLATILITE_EXTREME,HAUTE,8.390241006788147,Volatilité extrême: 8.39%,,,,,10 jours,,,,
TSLA,2025-04-09,VOLATILITE_EXTREME,HAUTE,9.06299501983688,Volatilité extrême: 9.06%,,,,,10 jours,,,,
TSLA,2025-04-10,VOLATILITE_EXTREME,HAUTE,9.377490673826562,Volatilité extrême: 9.38%,,,,,10 jours,,,,
TSLA,2025-04-11,VOLATILITE_EXTREME,HAUTE,9.314540547166713,Volatilité extrême: 9.31%,,,,,10 jours,,,,
TSLA,2025-04-14,VOLATILITE_EXTREME,HAUTE,9.297753009846979,Volatilité extrême: 9.30%,,,,,10 jours,,,,
TSLA,2025-04-15,VOLATILITE_EXTREME,HAUTE,9.221702216062843,Volatilité extrême: 9.22%,,,,,10 jours,,,,
TSLA,2025-04-16,VOLATILITE_EXTREME,HAUTE,9.109754161301845,Volatilité extrême: 9.11%,,,,,10 jours,,,,
TSLA,2025-04-17,VOLATILITE_EXTREME,HAUTE,8.98882622084678,Volatilité extrême: 8.99%,,,,,10 jours,,,,
TSLA,2025-04-21,VOLATILITE_EXTREME,HAUTE,8.53631699433999,Volatilité extrême: 8.54%,,,,,10 jours,,,,
TSLA,2025-04-22,VOLATILITE_EXTREME,HAUTE,8.617456102926822,Volatilité extrême: 8.62%,,,,,10 jours,,,,
TSLA,2025-04-23,VOLATILITE_EXTREME,HAUTE,8.513161082459469,Volatilité extrême: 8.51%,,,,,10 jours,,,,
TSLA,2023-03-21,CASSURE_TENDANCE,MOYENNE,20.0,Cassure HAUSSE de la MM20,,,,,,197.5800018310547,189.8885009765625,,
TSLA,2023-04-05,CASSURE_TENDANCE,MOYENNE,20.0,Cassure BAISSE de la MM20,,,,,,185.52000427246094,187.69550094604492,,
TSLA,2023-05-08,CASSURE_TENDANCE,MOYENNE,20.0,Cassure HAUSSE de la MM20,,,,,,171.7899932861328,170.2754981994629,,
TSLA,2023-05-09,CASSURE_TENDANCE,MOYENNE,20.0,Cassure BAISSE de la MM20,,,,,,169.14999389648438,169.39349822998048,,
TSLA,2023-05-11,CASSURE_TENDANCE,MOYENNE,20.0,Cassure HAUSSE de la MM20,,,,,,172.0800018310547,168.10249862670898,,
TSLA,2023-07-20,CASSURE_TENDANCE,MOYENNE,20.0,Cassure BAISSE de la MM20,,,,,,262.8999938964844,270.48999938964846,,
TSLA,2023-08-29,CASSURE_TENDANCE,MOYENNE,20.0,Cassure HAUSSE de la MM20,,,,,,257.17999267578125,239.88050003051757,,
TSLA,2023-09-21,CASSURE_TENDANCE,MOYENNE,20.0,Cassure BAISSE de la MM20,,,,,,255.6999969482422,257.29399795532225,,
TSLA,2023-10-04,CASSURE_TENDANCE,MOYENNE,20.0,Cassure HAUSSE de la MM20,,,,,,261.1600036621094,257.26150131225586,,
TSLA,2023-10-13,CASSURE_TENDANCE,MOYENNE,20.0,Cassure BAISSE de la MM20,,,,,,251.1199951171875,254.96499938964843,,
TSLA,2023-10-17,CASSURE_TENDANCE,MOYENNE,20.0,Cassure HAUSSE de la MM20,,,,,,254.85000610351562,253.81449966430665,,
TSLA,2023-10-18,CASSURE_TENDANCE,MOYENNE,20.0,Cassure BAISSE de la MM20,,,,,,242.67999267578125,252.81899948120116,,
TSLA,2023-11-13,CASSURE_TENDANCE,MOYENNE,20.0,Cassure HAUSSE de la MM20,,,,,,223.7100067138672,216.89700012207032,,
TSLA,2023-12-12,CASSURE_TENDANCE,MOYENNE,20.0,Cassure BAISSE de la MM20,,,,,,237.00999450683594,238.86750030517578,,
TSLA,2023-12-13,CASSURE_TENDANCE,MOYENNE,20.0,Cassure HAUSSE de la MM20,,,,,,239.2899932861328,238.96149978637695,,
TSLA,2024-01-03,CASSURE_TENDANCE,MOYENNE,20.0,Cassure BAISSE de la MM20,,,,,,238.4499969482422,247.7609977722168,,
TSLA,2024-02-15,CASSURE_TENDANCE,MOYENNE,20.0,Cassure HAUSSE de la MM20,,,,,,200.4499969482422,192.43000106811525,,
TSLA,2024-03-04,CASSURE_TENDANCE,MOYENNE,20.0,Cassure BAISSE de la MM20,,,,,,188.13999938964844,193.49350051879884,,
TSLA,2024-03-27,CASSURE_TENDANCE,MOYENNE,20.0,Cassure HAUSSE de la MM20,,,,,,179.8300018310547,177.46750106811524,,
TSLA,2024-03-28,CASSURE_TENDANCE,MOYENNE,20.0,Cassure BAISSE de la MM20,,,,,,175.7899932861328,176.16300048828126,,
TSLA,2024-04-01,CASSURE_TENDANCE,MOYENNE,20.0,Cassure HAUSSE de la MM20,,,,,,175.22000122070312,174.792000579834,,
TSLA,2024-04-02,CASSURE_TENDANCE,MOYENNE,20.0,Cassure BAISSE de la MM20,,,,,,166.6300048828125,173.71650085449218,,
TSLA,2024-04-08,CASSURE_TENDANCE,MOYENNE,20.0,Cassure HAUSSE de la MM20,,,,,,172.97999572753906,172.02150115966796,,
TSLA,2024-04-12,CASSURE_TENDANCE,MOYENNE,20.0,Cassure BAISSE de la MM20,,,,,,171.0500030517578,172.37150192260742,,
TSLA,2024-04-25,CASSURE_TENDANCE,MOYENNE,20.0,Cassure HAUSSE de la MM20,,,,,,170.17999267578125,163.96799926757814,,
TSLA,2024-05-23,CASSURE_TENDANCE,MOYENNE,20.0,Cassure BAISSE de la MM20,,,,,,173.74000549316406,177.78350067138672,,
TSLA,2024-05-24,CASSURE_TENDANCE,MOYENNE,20.0,Cassure HAUSSE de la MM20,,,,,,179.24000549316406,178.33100128173828,,
TSLA,2024-05-28,CASSURE_TENDANCE,MOYENNE,20.0,Cassure BAISSE de la MM20,,,,,,176.75,177.46600112915038,,
TSLA,2024-05-30,CASSURE_TENDANCE,MOYENNE,20.0,Cassure HAUSSE de la MM20,,,,,,178.7899932861328,177.0515007019043,,
TSLA,2024-06-03,CASSURE_TENDANCE,MOYENNE,20.0,Cassure BAISSE de la MM20,,,,,,176.2899932861328,176.71000061035156,,
TSLA,2024-06-06,CASSURE_TENDANCE,MOYENNE,20.0,Cassure HAUSSE de la MM20,,,,,,177.94000244140625,176.2310012817383,,
TSLA,2024-06-10,CASSURE_TENDANCE,MOYENNE,20.0,Cassure BAISSE de la MM20,,,,,,173.7899932861328,176.77250061035156,,
TSLA,2024-06-12,CASSURE_TENDANCE,MOYENNE,20.0,Cassure HAUSSE de la MM20,,,,,,177.2899932861328,176.69800033569337,,
TSLA,2024-07-24,CASSURE_TENDANCE,MOYENNE,20.0,Cassure BAISSE de la MM20,,,,,,215.99000549316406,237.92499923706055,,
TSLA,2024-08-16,CASSURE_TENDANCE,MOYENNE,20.0,Cassure HAUSSE de la MM20,,,,,,216.1199951171875,214.6165008544922,,
TSLA,2024-08-22,CASSURE_TENDANCE,MOYENNE,20.0,Cassure BAISSE de la MM20,,,,,,210.66000366210938,211.79750137329103,,
TSLA,2024-08-23,CASSURE_TENDANCE,MOYENNE,20.0,Cassure HAUSSE de la MM20,,,,,,220.32000732421875,211.82350158691406,,
TSLA,2024-08-27,CASSURE_TENDANCE,MOYENNE,20.0,Cassure BAISSE de la MM20,,,,,,209.2100067138672,210.20850219726563,,
TSLA,2024-08-30,CASSURE_TENDANCE,MOYENNE,20.0,Cassure HAUSSE de la MM20,,,,,,214.11000061035156,208.68550186157228,,
TSLA,2024-09-06,CASSURE_TENDANCE,MOYENNE,20.0,Cassure BAISSE de la MM20,,,,,,210.72999572753906,212.72500228881836,,
TSLA,2024-09-09,CASSURE_TENDANCE,MOYENNE,20.0,Cassure HAUSSE de la MM20,,,,,,216.27000427246094,213.53850250244142,,
TSLA,2024-10-07,CASSURE_TENDANCE,MOYENNE,20.0,Cassure BAISSE de la MM20,,,,,,240.8300018310547,242.73149871826172,,
TSLA,2024-10-08,CASSURE_TENDANCE,MOYENNE,20.0,Cassure HAUSSE de la MM20,,,,,,244.5,243.64799880981445,,
TSLA,2024-10-09,CASSURE_TENDANCE,MOYENNE,20.0,Cassure BAISSE de la MM20,,,,,,241.0500030517578,244.29399871826172,,
TSLA,2024-10-24,CASSURE_TENDANCE,MOYENNE,20.0,Cassure HAUSSE de la MM20,,,,,,260.4800109863281,235.77100143432617,,
TSLA,2024-12-31,CASSURE_TENDANCE,MOYENNE,20.0,Cassure BAISSE de la MM20,,,,,,403.8399963378906,418.9050003051758,,
TSLA,2025-01-15,CASSURE_TENDANCE,MOYENNE,20.0,Cassure HAUSSE de la MM20,,,,,,428.2200012207031,422.6429977416992,,
TSLA,2025-01-16,CASSURE_TENDANCE,MOYENNE,20.0,Cassure BAISSE de la MM20,,,,,,413.82000732421875,420.18299865722656,,
TSLA,2025-01-17,CASSURE_TENDANCE,MOYENNE,20.0,Cassure HAUSSE de la MM20,,,,,,426.5,417.51499938964844,,
TSLA,2025-01-22,CASSURE_TENDANCE,MOYENNE,20.0,Cassure BAISSE de la MM20,,,,,,415.1099853515625,415.6589981079102,,
TSLA,2025-03-24,CASSURE_TENDANCE,MOYENNE,20.0,Cassure HAUSSE de la MM20,,,,,,278.3900146484375,259.22300109863284,,
TSLA,2025-04-04,CASSURE_TENDANCE,MOYENNE,20.0,Cassure BAISSE de la MM20,,,,,,239.42999267578125,253.39949951171874,,
TSLA,2025-04-09,CASSURE_TENDANCE,MOYENNE,20.0,Cassure HAUSSE de la MM20,,,,,,272.20001220703125,254.72600021362305,,
TSLA,2025-04-10,CASSURE_TENDANCE,MOYENNE,20.0,Cassure BAISSE de la MM20,,,,,,252.39999389648438,255.3120002746582,,
TSLA,2025-04-24,CASSURE_TENDANCE,MOYENNE,20.0,Cassure HAUSSE de la MM20,,,,,,259.510009765625,252.5465003967285,,
TSLA,2025-06-04,CASSURE_TENDANCE,MOYENNE,20.0,Cassure BAISSE de la MM20,,,,,,332.04998779296875,334.8415008544922,,
TSLA,2025-06-23,CASSURE_TENDANCE,MOYENNE,20.0,Cassure HAUSSE de la MM20,,,,,,348.67999267578125,330.33799743652344,,
TSLA,2025-06-25,CASSURE_TENDANCE,MOYENNE,20.0,Cassure BAISSE de la MM20,,,,,,327.54998779296875,328.62749633789065,,
TSLA,2025-07-16,CASSURE_TENDANCE,MOYENNE,20.0,Cassure HAUSSE de la MM20,,,,,,321.6700134277344,316.8199996948242,,
TSLA,2025-07-24,CASSURE_TENDANCE,MOYENNE,20.0,Cassure BAISSE de la MM20,,,,,,305.29998779296875,315.33299865722654,,
TSLA,2025-07-25,CASSURE_TENDANCE,MOYENNE,20.0,Cassure HAUSSE de la MM20,,,,,,316.05999755859375,314.8469985961914,,
TSLA,2025-07-31,CASSURE_TENDANCE,MOYENNE,20.0,Cassure BAISSE de la MM20,,,,,,308.2699890136719,315.669499206543,,
TSLA,2025-08-06,CASSURE_TENDANCE,MOYENNE,20.0,Cassure HAUSSE de la MM20,,,,,,319.9100036621094,317.54649963378904,,
TSLA,2025-08-21,CASSURE_TENDANCE,MOYENNE,20.0,Cassure BAISSE de la MM20,,,,,,320.1099853515625,323.82349853515626,,
TSLA,2025-08-22,CASSURE_TENDANCE,MOYENNE,20.0,Cassure HAUSSE de la MM20,,,,,,340.010009765625,325.0209991455078,,
TSLA,2025-09-02,CASSURE_TENDANCE,MOYENNE,20.0,Cassure BAISSE de la MM20,,,,,,329.3599853515625,333.5754989624023,,
TSLA,2025-09-04,CASSURE_TENDANCE,MOYENNE,20.0,Cassure HAUSSE de la MM20,,,,,,338.5299987792969,335.7749984741211,,
TSLA,2025-10-10,CASSURE_TENDANCE,MOYENNE,20.0,Cassure BAISSE de la MM20,,,,,,413.489990234375,432.71799926757814,,
TSLA,2025-10-13,CASSURE_TENDANCE,MOYENNE,20.0,Cassure HAUSSE de la MM20,,,,,,435.8999938964844,434.01099853515626,,
TSLA,2025-10-14,CASSURE_TENDANCE,MOYENNE,20.0,Cassure BAISSE de la MM20,,,,,,429.239990234375,434.3919982910156,,
TSLA,2025-10-15,CASSURE_TENDANCE,MOYENNE,20.0,Cassure HAUSSE de la MM20,,,,,,435.1499938964844,434.8564987182617,,
TSLA,2025-10-16,CASSURE_TENDANCE,MOYENNE,20.0,Cassure BAISSE de la MM20,,,,,,428.75,435.4514984130859,,
TSLA,2025-10-17,CASSURE_TENDANCE,MOYENNE,20.0,Cassure HAUSSE de la MM20,,,,,,439.30999755859375,436.1134979248047,,
TSLA,2025-10-24,CASSURE_TENDANCE,MOYENNE,20.0,Cassure BAISSE de la MM20,,,,,,433.7200012207031,438.3664978027344,,
TSLA,2025-10-27,CASSURE_TENDANCE,MOYENNE,20.0,Cassure HAUSSE de la MM20,,,,,,452.4200134277344,438.8269989013672,,
TSLA,2025-11-07,CASSURE_TENDANCE,MOYENNE,20.0,Cassure BAISSE de la MM20,,,,,,429.5199890136719,445.0660003662109,,
TSLA,2023-04-05,CASSURE_TENDANCE,MOYENNE,50.0,Cassure BAISSE de la MM50,,,,,,185.52000427246094,,190.54200042724608,
TSLA,2023-05-19,CASSURE_TENDANCE,MOYENNE,50.0,Cassure HAUSSE de la MM50,,,,,,180.13999938964844,,177.95159942626952,
TSLA,2023-08-07,CASSURE_TENDANCE,MOYENNE,50.0,Cassure BAISSE de la MM50,,,,,,251.4499969482422,,254.01100006103516,
TSLA,2023-08-29,CASSURE_TENDANCE,MOYENNE,50.0,Cassure HAUSSE de la MM50,,,,,,257.17999267578125,,257.01359985351564,
TSLA,2023-09-01,CASSURE_TENDANCE,MOYENNE,50.0,Cassure BAISSE de la MM50,,,,,,245.00999450683594,,256.2429995727539,
TSLA,2023-09-05,CASSURE_TENDANCE,MOYENNE,50.0,Cassure HAUSSE de la MM50,,,,,,256.489990234375,,256.2407992553711,
TSLA,2023-09-06,CASSURE_TENDANCE,MOYENNE,50.0,Cassure BAISSE de la MM50,,,,,,251.9199981689453,,256.45819915771483,
TSLA,2023-09-11,CASSURE_TENDANCE,MOYENNE,50.0,Cassure HAUSSE de la MM50,,,,,,273.5799865722656,,256.6505990600586,
TSLA,2023-09-21,CASSURE_TENDANCE,MOYENNE,50.0,Cassure BAISSE de la MM50,,,,,,255.6999969482422,,255.7075994873047,
TSLA,2023-10-02,CASSURE_TENDANCE,MOYENNE,50.0,Cassure HAUSSE de la MM50,,,,,,251.60000610351562,,251.05779998779298,
TSLA,2023-10-03,CASSURE_TENDANCE,MOYENNE,50.0,Cassure BAISSE de la MM50,,,,,,246.52999877929688,,250.60720001220704,
TSLA,2023-10-04,CASSURE_TENDANCE,MOYENNE,50.0,Cassure HAUSSE de la MM50,,,,,,261.1600036621094,,250.5248001098633,
TSLA,2023-10-18,CASSURE_TENDANCE,MOYENNE,50.0,Cassure BAISSE de la MM50,,,,,,242.67999267578125,,250.22199920654296,
TSLA,2023-11-15,CASSURE_TENDANCE,MOYENNE,50.0,Cassure HAUSSE de la MM50,,,,,,242.83999633789062,,240.68380004882812,
TSLA,2023-11-16,CASSURE_TENDANCE,MOYENNE,50.0,Cassure BAISSE de la MM50,,,,,,233.58999633789062,,240.32579986572264,
TSLA,2023-11-21,CASSURE_TENDANCE,MOYENNE,50.0,Cassure HAUSSE de la MM50,,,,,,241.1999969482422,,238.75660003662108,
TSLA,2023-11-22,CASSURE_TENDANCE,MOYENNE,50.0,Cassure BAISSE de la MM50,,,,,,234.2100067138672,,238.01480041503908,
TSLA,2023-11-28,CASSURE_TENDANCE,MOYENNE,50.0,Cassure HAUSSE de la MM50,,,,,,246.72000122070312,,236.06559997558594,
TSLA,2024-01-09,CASSURE_TENDANCE,MOYENNE,50.0,Cassure BAISSE de la MM50,,,,,,234.9600067138672,,236.07219940185547,
TSLA,2024-04-29,CASSURE_TENDANCE,MOYENNE,50.0,Cassure HAUSSE de la MM50,,,,,,194.0500030517578,,175.40159973144532,
TSLA,2024-05-09,CASSURE_TENDANCE,MOYENNE,50.0,Cassure BAISSE de la MM50,,,,,,171.97000122070312,,172.49559997558595,
TSLA,2024-05-13,CASSURE_TENDANCE,MOYENNE,50.0,Cassure HAUSSE de la MM50,,,,,,171.88999938964844,,171.21239990234375,
TSLA,2024-06-11,CASSURE_TENDANCE,MOYENNE,50.0,Cassure BAISSE de la MM50,,,,,,170.66000366210938,,171.98,
TSLA,2024-06-12,CASSURE_TENDANCE,MOYENNE,50.0,Cassure HAUSSE de la MM50,,,,,,177.2899932861328,,172.1931997680664,
TSLA,2024-08-02,CASSURE_TENDANCE,MOYENNE,50.0,Cassure BAISSE de la MM50,,,,,,207.6699981689453,,208.46559997558595,
TSLA,2024-08-15,CASSURE_TENDANCE,MOYENNE,50.0,Cassure HAUSSE de la MM50,,,,,,214.13999938964844,,212.80559997558595,
TSLA,2024-08-22,CASSURE_TENDANCE,MOYENNE,50.0,Cassure BAISSE de la MM50,,,,,,210.66000366210938,,217.18560028076172,
TSLA,2024-08-23,CASSURE_TENDANCE,MOYENNE,50.0,Cassure HAUSSE de la MM50,,,,,,220.32000732421875,,218.04620056152345,
TSLA,2024-08-26,CASSURE_TENDANCE,MOYENNE,50.0,Cassure BAISSE de la MM50,,,,,,213.2100067138672,,218.66100067138672,
TSLA,2024-09-05,CASSURE_TENDANCE,MOYENNE,50.0,Cassure HAUSSE de la MM50,,,,,,230.1699981689453,,222.87520080566406,
TSLA,2024-09-06,CASSURE_TENDANCE,MOYENNE,50.0,Cassure BAISSE de la MM50,,,,,,210.72999572753906,,223.1624008178711,
TSLA,2024-09-10,CASSURE_TENDANCE,MOYENNE,50.0,Cassure HAUSSE de la MM50,,,,,,226.1699981689453,,224.10520080566405,
TSLA,2024-10-11,CASSURE_TENDANCE,MOYENNE,50.0,Cassure BAISSE de la MM50,,,,,,217.8000030517578,,225.30620056152344,
TSLA,2024-10-24,CASSURE_TENDANCE,MOYENNE,50.0,Cassure HAUSSE de la MM50,,,,,,260.4800109863281,,229.46840087890624,
TSLA,2025-01-29,CASSURE_TENDANCE,MOYENNE,50.0,Cassure BAISSE de la MM50,,,,,,389.1000061035156,,394.72859924316407,
TSLA,2025-01-30,CASSURE_TENDANCE,MOYENNE,50.0,Cassure HAUSSE de la MM50,,,,,,400.2799987792969,,396.5105993652344,
TSLA,2025-02-03,CASSURE_TENDANCE,MOYENNE,50.0,Cassure BAISSE de la MM50,,,,,,383.67999267578125,,399.0869995117188,
TSLA,2025-04-25,CASSURE_TENDANCE,MOYENNE,50.0,Cassure HAUSSE de la MM50,,,,,,284.95001220703125,,270.59440032958986,
TSLA,2025-06-05,CASSURE_TENDANCE,MOYENNE,50.0,Cassure BAISSE de la MM50,,,,,,284.70001220703125,,291.4576010131836,
TSLA,2025-06-06,CASSURE_TENDANCE,MOYENNE,50.0,Cassure HAUSSE de la MM50,,,,,,295.1400146484375,,291.9192013549805,
TSLA,2025-07-01,CASSURE_TENDANCE,MOYENNE,50.0,Cassure BAISSE de la MM50,,,,,,300.7099914550781,,314.0088003540039,
TSLA,2025-07-18,CASSURE_TENDANCE,MOYENNE,50.0,Cassure HAUSSE de la MM50,,,,,,329.6499938964844,,323.93559997558594,
TSLA,2025-07-24,CASSURE_TENDANCE,MOYENNE,50.0,Cassure BAISSE de la MM50,,,,,,305.29998779296875,,326.35119873046875,
TSLA,2025-07-28,CASSURE_TENDANCE,MOYENNE,50.0,Cassure HAUSSE de la MM50,,,,,,325.5899963378906,,325.54919860839846,
TSLA,2025-07-29,CASSURE_TENDANCE,MOYENNE,50.0,Cassure BAISSE de la MM50,,,,,,321.20001220703125,,325.1167987060547,
TSLA,2025-08-07,CASSURE_TENDANCE,MOYENNE,50.0,Cassure HAUSSE de la MM50,,,,,,322.2699890136719,,320.6431982421875,
TSLA,2025-08-21,CASSURE_TENDANCE,MOYENNE,50.0,Cassure BAISSE de la MM50,,,,,,320.1099853515625,,321.20739807128905,
TSLA,2025-08-22,CASSURE_TENDANCE,MOYENNE,50.0,Cassure HAUSSE de la MM50,,,,,,340.010009765625,,321.47899841308595,
TSLA,2025-11-13,CASSURE_TENDANCE,MOYENNE,50.0,Cassure BAISSE de la MM50,,,,,,401.989990234375,,428.59739990234374,
TSLA,2023-04-21,RSI_EXTREME,MOYENNE,17.854963690924265,RSI en SURVENDE: 17.9,,,,,,,,,SURVENDE
TSLA,2023-05-22,RSI_EXTREME,MOYENNE,80.69647925991575,RSI en SURACHAT: 80.7,,,,,,,,,SURACHAT
TSLA,2023-05-31,RSI_EXTREME,MOYENNE,80.09865915225075,RSI en SURACHAT: 80.1,,,,,,,,,SURACHAT
TSLA,2023-06-01,RSI_EXTREME,MOYENNE,80.11557159002089,RSI en SURACHAT: 80.1,,,,,,,,,SURACHAT
TSLA,2023-06-02,RSI_EXTREME,MOYENNE,87.57968224107495,RSI en SURACHAT: 87.6,,,,,,,,,SURACHAT
TSLA,2023-06-05,RSI_EXTREME,MOYENNE,90.55379508073034,RSI en SURACHAT: 90.6,,,,,,,,,SURACHAT
TSLA,2023-06-06,RSI_EXTREME,MOYENNE,91.05349677365655,RSI en SURACHAT: 91.1,,,,,,,,,SURACHAT
TSLA,2023-06-07,RSI_EXTREME,MOYENNE,90.47086935628866,RSI en SURACHAT: 90.5,,,,,,,,,SURACHAT
TSLA,2023-06-08,RSI_EXTREME,MOYENNE,91.46044785012819,RSI en SURACHAT: 91.5,,,,,,,,,SURACHAT
TSLA,2023-06-09,RSI_EXTREME,MOYENNE,92.16535241496379,RSI en SURACHAT: 92.2,,,,,,,,,SURACHAT
TSLA,2023-06-12,RSI_EXTREME,MOYENNE,91.81069894245512,RSI en SURACHAT: 91.8,,,,,,,,,SURACHAT
TSLA,2023-06-13,RSI_EXTREME,MOYENNE,96.3523003475505,RSI en SURACHAT: 96.4,,,,,,,,,SURACHAT
TSLA,2023-06-14,RSI_EXTREME,MOYENNE,97.52993259669202,RSI en SURACHAT: 97.5,,,,,,,,,SURACHAT
TSLA,2023-06-15,RSI_EXTREME,MOYENNE,96.35302011189913,RSI en SURACHAT: 96.4,,,,,,,,,SURACHAT
TSLA,2023-06-16,RSI_EXTREME,MOYENNE,96.15016119041542,RSI en SURACHAT: 96.2,,,,,,,,,SURACHAT
TSLA,2023-06-20,RSI_EXTREME,MOYENNE,96.43898437690348,RSI en SURACHAT: 96.4,,,,,,,,,SURACHAT
TSLA,2023-06-21,RSI_EXTREME,MOYENNE,80.46745155717281,RSI en SURACHAT: 80.5,,,,,,,,,SURACHAT
TSLA,2023-06-22,RSI_EXTREME,MOYENNE,80.79618630765526,RSI en SURACHAT: 80.8,,,,,,,,,SURACHAT
TSLA,2023-07-17,RSI_EXTREME,MOYENNE,82.85597904463827,RSI en SURACHAT: 82.9,,,,,,,,,SURACHAT
TSLA,2023-07-18,RSI_EXTREME,MOYENNE,81.3125918501232,RSI en SURACHAT: 81.3,,,,,,,,,SURACHAT
TSLA,2023-08-17,RSI_EXTREME,MOYENNE,14.183849012020943,RSI en SURVENDE: 14.2,,,,,,,,,SURVENDE
TSLA,2023-08-18,RSI_EXTREME,MOYENNE,12.17594235705883,RSI en SURVENDE: 12.2,,,,,,,,,SURVENDE
TSLA,2023-10-24,RSI_EXTREME,MOYENNE,18.123395697074045,RSI en SURVENDE: 18.1,,,,,,,,,SURVENDE
TSLA,2023-10-25,RSI_EXTREME,MOYENNE,17.381185311852178,RSI en SURVENDE: 17.4,,,,,,,,,SURVENDE
TSLA,2023-10-26,RSI_EXTREME,MOYENNE,15.418605166485392,RSI en SURVENDE: 15.4,,,,,,,,,SURVENDE
TSLA,2023-10-27,RSI_EXTREME,MOYENNE,17.215472910637985,RSI en SURVENDE: 17.2,,,,,,,,,SURVENDE
TSLA,2023-10-30,RSI_EXTREME,MOYENNE,11.413946840928858,RSI en SURVENDE: 11.4,,,,,,,,,SURVENDE
TSLA,2023-10-31,RSI_EXTREME,MOYENNE,14.97013949808212,RSI en SURVENDE: 15.0,,,,,,,,,SURVENDE
TSLA,2024-01-12,RSI_EXTREME,MOYENNE,19.989887484115613,RSI en SURVENDE: 20.0,,,,,,,,,SURVENDE
TSLA,2024-01-17,RSI_EXTREME,MOYENNE,15.013653077903811,RSI en SURVENDE: 15.0,,,,,,,,,SURVENDE
TSLA,2024-01-18,RSI_EXTREME,MOYENNE,6.919326299928642,RSI en SURVENDE: 6.9,,,,,,,,,SURVENDE
TSLA,2024-01-19,RSI_EXTREME,MOYENNE,8.654418586611285,RSI en SURVENDE: 8.7,,,,,,,,,SURVENDE
TSLA,2024-01-22,RSI_EXTREME,MOYENNE,8.889339268222813,RSI en SURVENDE: 8.9,,,,,,,,,SURVENDE
TSLA,2024-01-23,RSI_EXTREME,MOYENNE,9.538507869565265,RSI en SURVENDE: 9.5,,,,,,,,,SURVENDE
TSLA,2024-01-24,RSI_EXTREME,MOYENNE,11.609810933227834,RSI en SURVENDE: 11.6,,,,,,,,,SURVENDE
TSLA,2024-01-25,RSI_EXTREME,MOYENNE,7.171610885553818,RSI en SURVENDE: 7.2,,,,,,,,,SURVENDE
TSLA,2024-01-26,RSI_EXTREME,MOYENNE,8.109340084222694,RSI en SURVENDE: 8.1,,,,,,,,,SURVENDE
TSLA,2024-01-29,RSI_EXTREME,MOYENNE,14.353569505609357,RSI en SURVENDE: 14.4,,,,,,,,,SURVENDE
TSLA,2024-01-30,RSI_EXTREME,MOYENNE,16.447456801187826,RSI en SURVENDE: 16.4,,,,,,,,,SURVENDE
TSLA,2024-01-31,RSI_EXTREME,MOYENNE,15.653057634013251,RSI en SURVENDE: 15.7,,,,,,,,,SURVENDE
TSLA,2024-02-01,RSI_EXTREME,MOYENNE,19.439130044718766,RSI en SURVENDE: 19.4,,,,,,,,,SURVENDE
TSLA,2024-02-05,RSI_EXTREME,MOYENNE,18.26497996489057,RSI en SURVENDE: 18.3,,,,,,,,,SURVENDE
TSLA,2024-03-15,RSI_EXTREME,MOYENNE,16.731678262589412,RSI en SURVENDE: 16.7,,,,,,,,,SURVENDE
TSLA,2024-07-02,RSI_EXTREME,MOYENNE,86.89722705072545,RSI en SURACHAT: 86.9,,,,,,,,,SURACHAT
TSLA,2024-07-03,RSI_EXTREME,MOYENNE,88.12624686977594,RSI en SURACHAT: 88.1,,,,,,,,,SURACHAT
TSLA,2024-07-05,RSI_EXTREME,MOYENNE,88.11969145468989,RSI en SURACHAT: 88.1,,,,,,,,,SURACHAT
TSLA,2024-07-08,RSI_EXTREME,MOYENNE,92.80248031636759,RSI en SURACHAT: 92.8,,,,,,,,,SURACHAT
TSLA,2024-07-09,RSI_EXTREME,MOYENNE,92.79918768580798,RSI en SURACHAT: 92.8,,,,,,,,,SURACHAT
TSLA,2024-07-10,RSI_EXTREME,MOYENNE,95.66637140974426,RSI en SURACHAT: 95.7,,,,,,,,,SURACHAT
TSLA,2024-07-15,RSI_EXTREME,MOYENNE,80.58853720308522,RSI en SURACHAT: 80.6,,,,,,,,,SURACHAT
TSLA,2024-07-16,RSI_EXTREME,MOYENNE,80.44338140202575,RSI en SURACHAT: 80.4,,,,,,,,,SURACHAT
TSLA,2024-09-26,RSI_EXTREME,MOYENNE,81.61072033102208,RSI en SURACHAT: 81.6,,,,,,,,,SURACHAT
TSLA,2024-09-27,RSI_EXTREME,MOYENNE,81.79595805355754,RSI en SURACHAT: 81.8,,,,,,,,,SURACHAT
TSLA,2024-11-08,RSI_EXTREME,MOYENNE,80.93309224690998,RSI en SURACHAT: 80.9,,,,,,,,,SURACHAT
TSLA,2024-11-11,RSI_EXTREME,MOYENNE,84.1392101350478,RSI en SURACHAT: 84.1,,,,,,,,,SURACHAT
TSLA,2024-12-16,RSI_EXTREME,MOYENNE,88.76084970914071,RSI en SURACHAT: 88.8,,,,,,,,,SURACHAT
TSLA,2024-12-17,RSI_EXTREME,MOYENNE,90.01075073216194,RSI en SURACHAT: 90.0,,,,,,,,,SURACHAT
TSLA,2025-02-11,RSI_EXTREME,MOYENNE,18.286344527955265,RSI en SURVENDE: 18.3,,,,,,,,,SURVENDE
TSLA,2025-03-06,RSI_EXTREME,MOYENNE,17.334186109577004,RSI en SURVENDE: 17.3,,,,,,,,,SURVENDE
TSLA,2025-03-07,RSI_EXTREME,MOYENNE,17.25132410890818,RSI en SURVENDE: 17.3,,,,,,,,,SURVENDE
TSLA,2025-03-10,RSI_EXTREME,MOYENNE,13.555019546319073,RSI en SURVENDE: 13.6,,,,,,,,,SURVENDE
TSLA,2025-03-11,RSI_EXTREME,MOYENNE,14.490221644285796,RSI en SURVENDE: 14.5,,,,,,,,,SURVENDE
TSLA,2025-05-09,RSI_EXTREME,MOYENNE,80.11064245345744,RSI en SURACHAT: 80.1,,,,,,,,,SURACHAT
TSLA,2025-05-12,RSI_EXTREME,MOYENNE,81.62013665827344,RSI en SURACHAT: 81.6,,,,,,,,,SURACHAT
TSLA,2025-05-13,RSI_EXTREME,MOYENNE,82.0327542532396,RSI en SURACHAT: 82.0,,,,,,,,,SURACHAT
TSLA,2025-05-14,RSI_EXTREME,MOYENNE,82.67734062021431,RSI en SURACHAT: 82.7,,,,,,,,,SURACHAT
TSLA,2025-05-27,RSI_EXTREME,MOYENNE,82.4606835128877,RSI en SURACHAT: 82.5,,,,,,,,,SURACHAT
TSLA,2025-09-17,RSI_EXTREME,MOYENNE,80.35343244944448,RSI en SURACHAT: 80.4,,,,,,,,,SURACHAT
TSLA,2025-09-19,RSI_EXTREME,MOYENNE,85.98189811149254,RSI en SURACHAT: 86.0,,,,,,,,,SURACHAT
TSLA,2025-09-22,RSI_EXTREME,MOYENNE,89.7912828805265,RSI en SURACHAT: 89.8,,,,,,,,,SURACHAT
TSLA,2025-09-23,RSI_EXTREME,MOYENNE,83.88980936086183,RSI en SURACHAT: 83.9,,,,,,,,,SURACHAT
TSLA,2025-09-24,RSI_EXTREME,MOYENNE,85.25157200256722,RSI en SURACHAT: 85.3,,,,,,,,,SURACHAT
MSFT,2023-04-25,MOUVEMENT_EXTREME,HAUTE,7.243471307341021,Mouvement de prix extrême: 7.24%,269.66253662109375,,,,,,,,
MSFT,2024-10-30,MOUVEMENT_EXTREME,HAUTE,-6.052751713700699,Mouvement de prix extrême: -6.05%,428.50494384765625,,,,,,,,
MSFT,2025-01-29,MOUVEMENT_EXTREME,HAUTE,-6.180907026770887,Mouvement de prix extrême: -6.18%,439.0909118652344,,,,,,,,
MSFT,2025-04-08,MOUVEMENT_EXTREME,HAUTE,10.133694534109573,Mouvement de prix extrême: 10.13%,352.6693420410156,,,,,,,,
MSFT,2025-04-30,MOUVEMENT_EXTREME,HAUTE,7.625359238228668,Mouvement de prix extrême: 7.63%,393.15234375,,,,,,,,
MSFT,2023-03-15,VOLUME_ANORMAL,MOYENNE,46028000.0,"Volume anormal: 46,028,000 vs moyenne 22,905,016",,2.0095162118840855,,,,,,,
MSFT,2023-03-16,VOLUME_ANORMAL,MOYENNE,54768800.0,"Volume anormal: 54,768,800 vs moyenne 22,905,016",,2.3911269554496637,,,,,,,
MSFT,2023-03-17,VOLUME_ANORMAL,MOYENNE,69527400.0,"Volume anormal: 69,527,400 vs moyenne 22,905,016",,3.03546618297883,,,,,,,
MSFT,2023-04-25,VOLUME_ANORMAL,MOYENNE,45772200.0,"Volume anormal: 45,772,200 vs moyenne 22,905,016",,1.9983483521682617,,,,,,,
MSFT,2023-04-26,VOLUME_ANORMAL,MOYENNE,64599200.0,"Volume anormal: 64,599,200 vs moyenne 22,905,016",,2.820308066280143,,,,,,,
MSFT,2023-04-27,VOLUME_ANORMAL,MOYENNE,46462600.0,"Volume anormal: 46,462,600 vs moyenne 22,905,016",,2.028490222175318,,,,,,,
MSFT,2023-05-31,VOLUME_ANORMAL,MOYENNE,45950600.0,"Volume anormal: 45,950,600 vs moyenne 22,905,016",,2.0061370393195634,,,,,,,
MSFT,2023-06-16,VOLUME_ANORMAL,MOYENNE,46552000.0,"Volume anormal: 46,552,000 vs moyenne 22,905,016",,2.0323932974630217,,,,,,,
MSFT,2023-07-18,VOLUME_ANORMAL,MOYENNE,64738600.0,"Volume anormal: 64,738,600 vs moyenne 22,905,016",,2.8263940695811045,,,,,,,
MSFT,2023-07-21,VOLUME_ANORMAL,MOYENNE,69405400.0,"Volume anormal: 69,405,400 vs moyenne 22,905,016",,3.030139838626482,,,,,,,
MSFT,2023-07-26,VOLUME_ANORMAL,MOYENNE,58383700.0,"Volume anormal: 58,383,700 vs moyenne 22,905,016",,2.5489482849521354,,,,,,,
MSFT,2023-10-25,VOLUME_ANORMAL,MOYENNE,55053800.0,"Volume anormal: 55,053,800 vs moyenne 22,905,016",,2.4035696451252297,,,,,,,
MSFT,2023-11-20,VOLUME_ANORMAL,MOYENNE,52465100.0,"Volume anormal: 52,465,100 vs moyenne 22,905,016",,2.2905507301668493,,,,,,,
MSFT,2023-12-15,VOLUME_ANORMAL,MOYENNE,78502300.0,"Volume anormal: 78,502,300 vs moyenne 22,905,016",,3.427297395502478,,,,,,,
MSFT,2024-01-31,VOLUME_ANORMAL,MOYENNE,47871100.0,"Volume anormal: 47,871,100 vs moyenne 22,905,016",,2.089983304308774,,,,,,,
MSFT,2024-05-31,VOLUME_ANORMAL,MOYENNE,47995300.0,"Volume anormal: 47,995,300 vs moyenne 22,905,016",,2.095405697493705,,,,,,,
MSFT,2024-09-20,VOLUME_ANORMAL,MOYENNE,55167100.0,"Volume anormal: 55,167,100 vs moyenne 22,905,016",,2.4085161600032707,,,,,,,
MSFT,2024-10-31,VOLUME_ANORMAL,MOYENNE,53971000.0,"Volume anormal: 53,971,000 vs moyenne 22,905,016",,2.356296156070131,,,,,,,
MSFT,2024-12-20,VOLUME_ANORMAL,MOYENNE,64263700.0,"Volume anormal: 64,263,700 vs moyenne 22,905,016",,2.805660619311187,,,,,,,
MSFT,2025-01-30,VOLUME_ANORMAL,MOYENNE,54586300.0,"Volume anormal: 54,586,300 vs moyenne 22,905,016",,2.3831592682012745,,,,,,,
MSFT,2025-04-04,VOLUME_ANORMAL,MOYENNE,49209900.0,"Volume anormal: 49,209,900 vs moyenne 22,905,016",,2.14843338479175,,,,,,,
MSFT,2025-04-07,VOLUME_ANORMAL,MOYENNE,50425000.0,"Volume anormal: 50,425,000 vs moyenne 22,905,016",,2.2014829013699275,,,,,,,
MSFT,2025-04-09,VOLUME_ANORMAL,MOYENNE,50199700.0,"Volume anormal: 50,199,700 vs moyenne 22,905,016",,2.19164662774219,,,,,,,
MSFT,2025-05-01,VOLUME_ANORMAL,MOYENNE,58938100.0,"Volume anormal: 58,938,100 vs moyenne 22,905,016",,2.5731525907631316,,,,,,,
MSFT,2025-07-31,VOLUME_ANORMAL,MOYENNE,51617300.0,"Volume anormal: 51,617,300 vs moyenne 22,905,016",,2.2535370027740598,,,,,,,
MSFT,2025-09-19,VOLUME_ANORMAL,MOYENNE,52474100.0,"Volume anormal: 52,474,100 vs moyenne 22,905,016",,2.290943657209236,,,,,,,
MSFT,2023-04-25,GAP_OUVERTURE,MOYENNE,-0.8020399732236172,Gap d'ouverture: -0.80%,,,273.6670342373716,275.87969970703125,,,,,
MSFT,2023-05-24,GAP_OUVERTURE,MOYENNE,-0.16812427053258533,Gap d'ouverture: -0.17%,,,308.82436880109975,309.3444519042969,,,,,
MSFT,2023-07-25,GAP_OUVERTURE,MOYENNE,0.5795096931191668,Gap d'ouverture: 0.58%,,,340.59675719404197,338.63433837890625,,,,,
MSFT,2023-10-24,GAP_OUVERTURE,MOYENNE,0.6012292692589697,Gap d'ouverture: 0.60%,,,325.77169735313146,323.82476806640625,,,,,
MSFT,2024-02-12,GAP_OUVERTURE,MOYENNE,0.0023760727545122044,Gap d'ouverture: 0.00%,,,414.3815803930293,414.3717346191406,,,,,
MSFT,2024-04-24,GAP_OUVERTURE,MOYENNE,0.48825957643194523,Gap d'ouverture: 0.49%,,,404.28949460726244,402.3251037597656,,,,,
MSFT,2024-04-25,GAP_OUVERTURE,MOYENNE,-3.6742791503998977,Gap d'ouverture: -3.67%,,,388.9593393273181,403.7959289550781,,,,,
MSFT,2024-08-02,GAP_OUVERTURE,MOYENNE,-1.1076130003135185,Gap d'ouverture: -1.11%,,,407.91618767034436,412.48492431640625,,,,,
MSFT,2024-10-30,GAP_OUVERTURE,MOYENNE,1.2709698895015258,Gap d'ouverture: 1.27%,,,433.3692558016521,427.9303894042969,,,,,
MSFT,2025-01-24,GAP_OUVERTURE,MOYENNE,-0.3469776511365078,Gap d'ouverture: -0.35%,,,441.9002090925553,443.4388427734375,,,,,
MSFT,2025-01-29,GAP_OUVERTURE,MOYENNE,-0.1140490474812122,Gap d'ouverture: -0.11%,,,443.41900040059096,443.92529296875,,,,,
MSFT,2025-04-04,GAP_OUVERTURE,MOYENNE,-2.406789142540668,Gap d'ouverture: -2.41%,,,362.1883363320907,371.12042236328125,,,,,
MSFT,2025-04-07,GAP_OUVERTURE,MOYENNE,-2.4899845782733325,Gap d'ouverture: -2.49%,,,349.00902084094025,357.92120361328125,,,,,
MSFT,2025-04-30,GAP_OUVERTURE,MOYENNE,-0.9491461423569263,Gap d'ouverture: -0.95%,,,388.21877036685504,391.9388427734375,,,,,
MSFT,2025-07-30,GAP_OUVERTURE,MOYENNE,0.507242880678441,Gap d'ouverture: 0.51%,,,513.3636552782116,510.7727966308594,,,,,
MSFT,2025-10-27,GAP_OUVERTURE,MOYENNE,1.5603312233755244,Gap d'ouverture: 1.56%,,,530.7866236569336,522.6318359375,,,,,
MSFT,2023-04-27,VOLATILITE_EXTREME,HAUTE,2.789528912671483,Volatilité extrême: 2.79%,,,,,10 jours,,,,
MSFT,2023-05-01,VOLATILITE_EXTREME,HAUTE,2.7448669537886876,Volatilité extrême: 2.74%,,,,,10 jours,,,,
MSFT,2023-05-02,VOLATILITE_EXTREME,HAUTE,2.742027058119784,Volatilité extrême: 2.74%,,,,,10 jours,,,,
MSFT,2023-05-03,VOLATILITE_EXTREME,HAUTE,2.7527850679034334,Volatilité extrême: 2.75%,,,,,10 jours,,,,
MSFT,2025-01-30,VOLATILITE_EXTREME,HAUTE,2.8005947579445705,Volatilité extrême: 2.80%,,,,,10 jours,,,,
MSFT,2025-01-31,VOLATILITE_EXTREME,HAUTE,2.8008865789173143,Volatilité extrême: 2.80%,,,,,10 jours,,,,
MSFT,2025-02-03,VOLATILITE_EXTREME,HAUTE,2.774933964552906,Volatilité extrême: 2.77%,,,,,10 jours,,,,
MSFT,2025-02-04,VOLATILITE_EXTREME,HAUTE,2.784191734383739,Volatilité extrême: 2.78%,,,,,10 jours,,,,
MSFT,2025-04-09,VOLATILITE_EXTREME,HAUTE,3.8762809741701076,Volatilité extrême: 3.88%,,,,,10 jours,,,,
MSFT,2025-04-10,VOLATILITE_EXTREME,HAUTE,3.9503910691294024,Volatilité extrême: 3.95%,,,,,10 jours,,,,
MSFT,2025-04-11,VOLATILITE_EXTREME,HAUTE,3.8602787240131504,Volatilité extrême: 3.86%,,,,,10 jours,,,,
MSFT,2025-04-14,VOLATILITE_EXTREME,HAUTE,3.8414914678420926,Volatilité extrême: 3.84%,,,,,10 jours,,,,
MSFT,2025-04-15,VOLATILITE_EXTREME,HAUTE,3.8166046127832516,Volatilité extrême: 3.82%,,,,,10 jours,,,,
MSFT,2025-04-16,VOLATILITE_EXTREME,HAUTE,4.004128059823155,Volatilité extrême: 4.00%,,,,,10 jours,,,,
MSFT,2025-04-17,VOLATILITE_EXTREME,HAUTE,3.9462711755047084,Volatilité extrême: 3.95%,,,,,10 jours,,,,
MSFT,2025-04-21,VOLATILITE_EXTREME,HAUTE,3.8455224114426043,Volatilité extrême: 3.85%,,,,,10 jours,,,,
MSFT,2025-04-22,VOLATILITE_EXTREME,HAUTE,3.8933888948344126,Volatilité extrême: 3.89%,,,,,10 jours,,,,
MSFT,2025-04-23,VOLATILITE_EXTREME,HAUTE,3.9026223236525492,Volatilité extrême: 3.90%,,,,,10 jours,,,,
MSFT,2025-05-01,VOLATILITE_EXTREME,HAUTE,2.75104102924451,Volatilité extrême: 2.75%,,,,,10 jours,,,,
MSFT,2023-04-24,CASSURE_TENDANCE,MOYENNE,20.0,Cassure BAISSE de la MM20,,,,,,275.87969970703125,279.324690246582,,
MSFT,2023-04-26,CASSURE_TENDANCE,MOYENNE,20.0,Cassure HAUSSE de la MM20,,,,,,289.1954650878906,280.2636444091797,,
MSFT,2023-06-26,CASSURE_TENDANCE,MOYENNE,20.0,Cassure BAISSE de la MM20,,,,,,322.4341125488281,327.4565673828125,,
MSFT,2023-06-27,CASSURE_TENDANCE,MOYENNE,20.0,Cassure HAUSSE de la MM20,,,,,,328.2921447753906,327.5389907836914,,
MSFT,2023-07-10,CASSURE_TENDANCE,MOYENNE,20.0,Cassure BAISSE de la MM20,,,,,,325.603515625,330.09315338134763,,
MSFT,2023-07-12,CASSURE_TENDANCE,MOYENNE,20.0,Cassure HAUSSE de la MM20,,,,,,330.8727722167969,330.6343048095703,,
MSFT,2023-07-26,CASSURE_TENDANCE,MOYENNE,20.0,Cassure BAISSE de la MM20,,,,,,331.43206787109375,335.5959243774414,,
MSFT,2023-08-23,CASSURE_TENDANCE,MOYENNE,20.0,Cassure HAUSSE de la MM20,,,,,,321.54351806640625,319.91703643798826,,
MSFT,2023-08-24,CASSURE_TENDANCE,MOYENNE,20.0,Cassure BAISSE de la MM20,,,,,,314.6308288574219,319.42286376953126,,
MSFT,2023-08-28,CASSURE_TENDANCE,MOYENNE,20.0,Cassure HAUSSE de la MM20,,,,,,318.2985534667969,318.13544311523435,,
MSFT,2023-09-18,CASSURE_TENDANCE,MOYENNE,20.0,Cassure BAISSE de la MM20,,,,,,323.56915283203125,323.8036254882812,,
MSFT,2023-10-06,CASSURE_TENDANCE,MOYENNE,20.0,Cassure HAUSSE de la MM20,,,,,,321.7991638183594,317.72527770996095,,
MSFT,2023-12-04,CASSURE_TENDANCE,MOYENNE,20.0,Cassure BAISSE de la MM20,,,,,,363.717041015625,365.87535095214844,,
MSFT,2023-12-05,CASSURE_TENDANCE,MOYENNE,20.0,Cassure HAUSSE de la MM20,,,,,,367.04736328125,366.6986831665039,,
MSFT,2023-12-06,CASSURE_TENDANCE,MOYENNE,20.0,Cassure BAISSE de la MM20,,,,,,363.3819885253906,367.1420837402344,,
MSFT,2023-12-08,CASSURE_TENDANCE,MOYENNE,20.0,Cassure HAUSSE de la MM20,,,,,,368.73223876953125,368.2631805419922,,
MSFT,2023-12-11,CASSURE_TENDANCE,MOYENNE,20.0,Cassure BAISSE de la MM20,,,,,,365.84527587890625,368.38036956787107,,
MSFT,2023-12-12,CASSURE_TENDANCE,MOYENNE,20.0,Cassure HAUSSE de la MM20,,,,,,368.8800354003906,368.79630584716796,,
MSFT,2023-12-13,CASSURE_TENDANCE,MOYENNE,20.0,Cassure BAISSE de la MM20,,,,,,368.87017822265625,369.03524322509764,,
MSFT,2023-12-22,CASSURE_TENDANCE,MOYENNE,20.0,Cassure HAUSSE de la MM20,,,,,,369.0771179199219,368.0415542602539,,
MSFT,2024-01-02,CASSURE_TENDANCE,MOYENNE,20.0,Cassure BAISSE de la MM20,,,,,,365.421630859375,366.9251983642578,,
MSFT,2024-01-08,CASSURE_TENDANCE,MOYENNE,20.0,Cassure HAUSSE de la MM20,,,,,,369.1855163574219,366.90401153564454,,
MSFT,2024-02-16,CASSURE_TENDANCE,MOYENNE,20.0,Cassure BAISSE de la MM20,,,,,,398.86029052734375,401.092578125,,
MSFT,2024-02-22,CASSURE_TENDANCE,MOYENNE,20.0,Cassure HAUSSE de la MM20,,,,,,406.35260009765625,402.122216796875,,
MSFT,2024-02-26,CASSURE_TENDANCE,MOYENNE,20.0,Cassure BAISSE de la MM20,,,,,,402.2954406738281,402.64405517578126,,
MSFT,2024-02-29,CASSURE_TENDANCE,MOYENNE,20.0,Cassure HAUSSE de la MM20,,,,,,408.3170166015625,403.3939971923828,,
MSFT,2024-03-05,CASSURE_TENDANCE,MOYENNE,20.0,Cassure BAISSE de la MM20,,,,,,397.4684143066406,404.118212890625,,
MSFT,2024-03-07,CASSURE_TENDANCE,MOYENNE,20.0,Cassure HAUSSE de la MM20,,,,,,403.8748779296875,403.78272247314453,,
MSFT,2024-03-08,CASSURE_TENDANCE,MOYENNE,20.0,Cassure BAISSE de la MM20,,,,,,400.9924621582031,403.43102569580077,,
MSFT,2024-03-12,CASSURE_TENDANCE,MOYENNE,20.0,Cassure HAUSSE de la MM20,,,,,,409.93585205078125,402.7169723510742,,
MSFT,2024-04-04,CASSURE_TENDANCE,MOYENNE,20.0,Cassure BAISSE de la MM20,,,,,,412.5024108886719,413.8533020019531,,
MSFT,2024-04-05,CASSURE_TENDANCE,MOYENNE,20.0,Cassure HAUSSE de la MM20,,,,,,420.0440368652344,414.6617599487305,,
MSFT,2024-04-12,CASSURE_TENDANCE,MOYENNE,20.0,Cassure BAISSE de la MM20,,,,,,416.4706726074219,417.5056884765625,,
MSFT,2024-05-06,CASSURE_TENDANCE,MOYENNE,20.0,Cassure HAUSSE de la MM20,,,,,,408.21826171875,403.25940856933596,,
MSFT,2024-05-30,CASSURE_TENDANCE,MOYENNE,20.0,Cassure BAISSE de la MM20,,,,,,410.072021484375,413.81540832519534,,
MSFT,2024-06-05,CASSURE_TENDANCE,MOYENNE,20.0,Cassure HAUSSE de la MM20,,,,,,419.3085021972656,416.00486755371094,,
MSFT,2024-07-15,CASSURE_TENDANCE,MOYENNE,20.0,Cassure BAISSE de la MM20,,,,,,448.9263916015625,449.0608795166016,,
MSFT,2024-08-15,CASSURE_TENDANCE,MOYENNE,20.0,Cassure HAUSSE de la MM20,,,,,,417.1119689941406,412.9912506103516,,
MSFT,2024-08-28,CASSURE_TENDANCE,MOYENNE,20.0,Cassure BAISSE de la MM20,,,,,,406.7790222167969,408.0721832275391,,
MSFT,2024-08-29,CASSURE_TENDANCE,MOYENNE,20.0,Cassure HAUSSE de la MM20,,,,,,409.27557373046875,407.9117156982422,,
MSFT,2024-09-03,CASSURE_TENDANCE,MOYENNE,20.0,Cassure BAISSE de la MM20,,,,,,405.62982177734375,409.1196685791016,,
MSFT,2024-09-11,CASSURE_TENDANCE,MOYENNE,20.0,Cassure HAUSSE de la MM20,,,,,,419.103271484375,411.03902130126954,,
MSFT,2024-10-01,CASSURE_TENDANCE,MOYENNE,20.0,Cassure BAISSE de la MM20,,,,,,416.7751770019531,420.8424331665039,,
MSFT,2024-10-22,CASSURE_TENDANCE,MOYENNE,20.0,Cassure HAUSSE de la MM20,,,,,,423.5317077636719,416.1510040283203,,
MSFT,2024-10-31,CASSURE_TENDANCE,MOYENNE,20.0,Cassure BAISSE de la MM20,,,,,,402.568603515625,416.09156799316406,,
MSFT,2024-11-06,CASSURE_TENDANCE,MOYENNE,20.0,Cassure HAUSSE de la MM20,,,,,,416.2698669433594,415.72996215820314,,
MSFT,2024-11-11,CASSURE_TENDANCE,MOYENNE,20.0,Cassure BAISSE de la MM20,,,,,,414.1201171875,416.4571334838867,,
MSFT,2024-11-12,CASSURE_TENDANCE,MOYENNE,20.0,Cassure HAUSSE de la MM20,,,,,,419.0933837890625,416.66963958740234,,
MSFT,2024-11-15,CASSURE_TENDANCE,MOYENNE,20.0,Cassure BAISSE de la MM20,,,,,,411.13812255859375,417.4666549682617,,
MSFT,2024-11-25,CASSURE_TENDANCE,MOYENNE,20.0,Cassure HAUSSE de la MM20,,,,,,415.7232971191406,414.9819641113281,,
MSFT,2024-12-20,CASSURE_TENDANCE,MOYENNE,20.0,Cassure BAISSE de la MM20,,,,,,433.40289306640625,434.2099182128906,,
MSFT,2025-01-17,CASSURE_TENDANCE,MOYENNE,20.0,Cassure HAUSSE de la MM20,,,,,,425.8883056640625,424.32037658691405,,
MSFT,2025-01-30,CASSURE_TENDANCE,MOYENNE,20.0,Cassure BAISSE de la MM20,,,,,,411.95111083984375,425.5850494384766,,
MSFT,2025-03-21,CASSURE_TENDANCE,MOYENNE,20.0,Cassure HAUSSE de la MM20,,,,,,389.17364501953125,388.3590393066406,,
MSFT,2025-03-28,CASSURE_TENDANCE,MOYENNE,20.0,Cassure BAISSE de la MM20,,,,,,376.78009033203125,386.1926513671875,,
MSFT,2025-04-09,CASSURE_TENDANCE,MOYENNE,20.0,Cassure HAUSSE de la MM20,,,,,,388.40777587890625,379.39807586669923,,
MSFT,2025-04-10,CASSURE_TENDANCE,MOYENNE,20.0,Cassure BAISSE de la MM20,,,,,,379.3164978027344,379.5263870239258,,
MSFT,2025-04-11,CASSURE_TENDANCE,MOYENNE,20.0,Cassure HAUSSE de la MM20,,,,,,386.378662109375,379.5209167480469,,
MSFT,2025-04-16,CASSURE_TENDANCE,MOYENNE,20.0,Cassure BAISSE de la MM20,,,,,,369.62841796875,378.78038330078124,,
MSFT,2025-04-24,CASSURE_TENDANCE,MOYENNE,20.0,Cassure HAUSSE de la MM20,,,,,,385.2347412109375,373.76228485107424,,
MSFT,2025-08-18,CASSURE_TENDANCE,MOYENNE,20.0,Cassure BAISSE de la MM20,,,,,,515.286865234375,517.8877593994141,,
MSFT,2025-09-12,CASSURE_TENDANCE,MOYENNE,20.0,Cassure HAUSSE de la MM20,,,,,,508.94744873046875,504.63356628417966,,
MSFT,2025-10-10,CASSURE_TENDANCE,MOYENNE,20.0,Cassure BAISSE de la MM20,,,,,,510.0054626464844,514.4985473632812,,
MSFT,2025-10-20,CASSURE_TENDANCE,MOYENNE,20.0,Cassure HAUSSE de la MM20,,,,,,515.8245239257812,514.8868209838868,,
MSFT,2025-10-31,CASSURE_TENDANCE,MOYENNE,20.0,Cassure BAISSE de la MM20,,,,,,516.8426513671875,520.7688186645507,,
MSFT,2023-07-27,CASSURE_TENDANCE,MOYENNE,50.0,Cassure BAISSE de la MM50,,,,,,324.5142822265625,,328.0872100830078,
MSFT,2023-07-28,CASSURE_TENDANCE,MOYENNE,50.0,Cassure HAUSSE de la MM50,,,,,,332.0207824707031,,328.6231610107422,
MSFT,2023-08-02,CASSURE_TENDANCE,MOYENNE,50.0,Cassure BAISSE de la MM50,,,,,,321.354736328125,,329.5828082275391,
MSFT,2023-09-05,CASSURE_TENDANCE,MOYENNE,50.0,Cassure HAUSSE de la MM50,,,,,,327.9841613769531,,326.62379455566406,
MSFT,2023-09-07,CASSURE_TENDANCE,MOYENNE,50.0,Cassure BAISSE de la MM50,,,,,,324.4049377441406,,326.6438751220703,
MSFT,2023-09-08,CASSURE_TENDANCE,MOYENNE,50.0,Cassure HAUSSE de la MM50,,,,,,328.692138671875,,326.6267559814453,
MSFT,2023-09-12,CASSURE_TENDANCE,MOYENNE,50.0,Cassure BAISSE de la MM50,,,,,,326.23388671875,,326.53918884277346,
MSFT,2023-09-13,CASSURE_TENDANCE,MOYENNE,50.0,Cassure HAUSSE de la MM50,,,,,,330.4522705078125,,326.5152764892578,
MSFT,2023-09-15,CASSURE_TENDANCE,MOYENNE,50.0,Cassure BAISSE de la MM50,,,,,,324.709716796875,,326.3370086669922,
MSFT,2023-10-06,CASSURE_TENDANCE,MOYENNE,50.0,Cassure HAUSSE de la MM50,,,,,,321.7991638183594,,319.57917358398436,
MSFT,2024-04-15,CASSURE_TENDANCE,MOYENNE,50.0,Cassure BAISSE de la MM50,,,,,,408.3170166015625,,409.7240753173828,
MSFT,2024-05-06,CASSURE_TENDANCE,MOYENNE,50.0,Cassure HAUSSE de la MM50,,,,,,408.21826171875,,408.217275390625,
MSFT,2024-05-07,CASSURE_TENDANCE,MOYENNE,50.0,Cassure BAISSE de la MM50,,,,,,404.0722961425781,,408.2528125,
MSFT,2024-05-10,CASSURE_TENDANCE,MOYENNE,50.0,Cassure HAUSSE de la MM50,,,,,,409.40283203125,,408.42575805664063,
MSFT,2024-05-30,CASSURE_TENDANCE,MOYENNE,50.0,Cassure BAISSE de la MM50,,,,,,410.072021484375,,411.45491394042966,
MSFT,2024-06-04,CASSURE_TENDANCE,MOYENNE,50.0,Cassure HAUSSE de la MM50,,,,,,411.45654296875,,410.73677795410157,
MSFT,2024-07-19,CASSURE_TENDANCE,MOYENNE,50.0,Cassure BAISSE de la MM50,,,,,,432.2632141113281,,432.3005432128906,
MSFT,2024-07-22,CASSURE_TENDANCE,MOYENNE,50.0,Cassure HAUSSE de la MM50,,,,,,438.028564453125,,432.9559771728516,
MSFT,2024-07-24,CASSURE_TENDANCE,MOYENNE,50.0,Cassure BAISSE de la MM50,,,,,,424.1442565917969,,433.9088739013672,
MSFT,2024-09-12,CASSURE_TENDANCE,MOYENNE,50.0,Cassure HAUSSE de la MM50,,,,,,423.02642822265625,,420.69287475585935,
MSFT,2024-10-02,CASSURE_TENDANCE,MOYENNE,50.0,Cassure BAISSE de la MM50,,,,,,413.2482604980469,,414.64207641601564,
MSFT,2024-10-14,CASSURE_TENDANCE,MOYENNE,50.0,Cassure HAUSSE de la MM50,,,,,,415.2395935058594,,413.9584265136719,
MSFT,2024-10-16,CASSURE_TENDANCE,MOYENNE,50.0,Cassure BAISSE de la MM50,,,,,,412.2476501464844,,414.7812945556641,
MSFT,2024-10-22,CASSURE_TENDANCE,MOYENNE,50.0,Cassure HAUSSE de la MM50,,,,,,423.5317077636719,,416.17072143554685,
MSFT,2024-10-31,CASSURE_TENDANCE,MOYENNE,50.0,Cassure BAISSE de la MM50,,,,,,402.568603515625,,416.8752014160156,
MSFT,2024-11-07,CASSURE_TENDANCE,MOYENNE,50.0,Cassure HAUSSE de la MM50,,,,,,421.4710388183594,,416.9867547607422,
MSFT,2024-11-11,CASSURE_TENDANCE,MOYENNE,50.0,Cassure BAISSE de la MM50,,,,,,414.1201171875,,417.1906396484375,
MSFT,2024-11-12,CASSURE_TENDANCE,MOYENNE,50.0,Cassure HAUSSE de la MM50,,,,,,419.0933837890625,,417.45991088867186,
MSFT,2024-11-15,CASSURE_TENDANCE,MOYENNE,50.0,Cassure BAISSE de la MM50,,,,,,411.13812255859375,,418.41295959472654,
MSFT,2024-11-26,CASSURE_TENDANCE,MOYENNE,50.0,Cassure HAUSSE de la MM50,,,,,,424.8559265136719,,417.6601531982422,
MSFT,2024-12-30,CASSURE_TENDANCE,MOYENNE,50.0,Cassure BAISSE de la MM50,,,,,,421.7190856933594,,424.94474853515624,
MSFT,2025-01-17,CASSURE_TENDANCE,MOYENNE,50.0,Cassure HAUSSE de la MM50,,,,,,425.8883056640625,,425.3788348388672,
MSFT,2025-01-21,CASSURE_TENDANCE,MOYENNE,50.0,Cassure BAISSE de la MM50,,,,,,425.3621826171875,,425.73345764160155,
MSFT,2025-01-22,CASSURE_TENDANCE,MOYENNE,50.0,Cassure HAUSSE de la MM50,,,,,,442.9325866699219,,426.2667120361328,
MSFT,2025-01-30,CASSURE_TENDANCE,MOYENNE,50.0,Cassure BAISSE de la MM50,,,,,,411.95111083984375,,428.12949462890623,
MSFT,2025-04-25,CASSURE_TENDANCE,MOYENNE,50.0,Cassure HAUSSE de la MM50,,,,,,389.7605285644531,,385.1080926513672,
MSFT,2025-08-25,CASSURE_TENDANCE,MOYENNE,50.0,Cassure BAISSE de la MM50,,,,,,503.3179931640625,,504.38071533203123,
MSFT,2025-08-27,CASSURE_TENDANCE,MOYENNE,50.0,Cassure HAUSSE de la MM50,,,,,,505.7933349609375,,505.50353149414065,
MSFT,2025-08-29,CASSURE_TENDANCE,MOYENNE,50.0,Cassure BAISSE de la MM50,,,,,,505.7434387207031,,506.6937591552734,
MSFT,2025-09-12,CASSURE_TENDANCE,MOYENNE,50.0,Cassure HAUSSE de la MM50,,,,,,508.94744873046875,,508.8669677734375,
MSFT,2025-09-16,CASSURE_TENDANCE,MOYENNE,50.0,Cassure BAISSE de la MM50,,,,,,508.08905029296875,,509.45537719726565,
MSFT,2025-09-19,CASSURE_TENDANCE,MOYENNE,50.0,Cassure HAUSSE de la MM50,,,,,,516.96240234375,,510.19907348632813,
MSFT,2025-09-23,CASSURE_TENDANCE,MOYENNE,50.0,Cassure BAISSE de la MM50,,,,,,508.2787170410156,,510.57819702148436,
MSFT,2025-09-29,CASSURE_TENDANCE,MOYENNE,50.0,Cassure HAUSSE de la MM50,,,,,,513.6386108398438,,510.8454333496094,
MSFT,2025-10-10,CASSURE_TENDANCE,MOYENNE,50.0,Cassure BAISSE de la MM50,,,,,,510.0054626464844,,512.2725317382813,
MSFT,2025-10-13,CASSURE_TENDANCE,MOYENNE,50.0,Cassure HAUSSE de la MM50,,,,,,513.0896606445312,,512.0888781738281,
MSFT,2025-10-16,CASSURE_TENDANCE,MOYENNE,50.0,Cassure BAISSE de la MM50,,,,,,510.65423583984375,,511.1483740234375,
MSFT,2025-10-17,CASSURE_TENDANCE,MOYENNE,50.0,Cassure HAUSSE de la MM50,,,,,,512.62060546875,,511.0205090332031,
MSFT,2025-11-05,CASSURE_TENDANCE,MOYENNE,50.0,Cassure BAISSE de la MM50,,,,,,506.2125549316406,,513.3643756103515,
MSFT,2023-05-15,RSI_EXTREME,MOYENNE,81.67094125657863,RSI en SURACHAT: 81.7,,,,,,,,,SURACHAT
MSFT,2023-11-15,RSI_EXTREME,MOYENNE,89.72529275552552,RSI en SURACHAT: 89.7,,,,,,,,,SURACHAT
MSFT,2023-11-16,RSI_EXTREME,MOYENNE,90.5372495016865,RSI en SURACHAT: 90.5,,,,,,,,,SURACHAT
MSFT,2023-11-20,RSI_EXTREME,MOYENNE,81.44195466609946,RSI en SURACHAT: 81.4,,,,,,,,,SURACHAT
MSFT,2024-01-23,RSI_EXTREME,MOYENNE,84.87198990746714,RSI en SURACHAT: 84.9,,,,,,,,,SURACHAT
MSFT,2024-01-24,RSI_EXTREME,MOYENNE,86.66841501533003,RSI en SURACHAT: 86.7,,,,,,,,,SURACHAT
MSFT,2024-01-25,RSI_EXTREME,MOYENNE,92.71363516518788,RSI en SURACHAT: 92.7,,,,,,,,,SURACHAT
MSFT,2024-01-26,RSI_EXTREME,MOYENNE,91.1324966900476,RSI en SURACHAT: 91.1,,,,,,,,,SURACHAT
MSFT,2024-01-29,RSI_EXTREME,MOYENNE,90.89439772061641,RSI en SURACHAT: 90.9,,,,,,,,,SURACHAT
MSFT,2024-01-30,RSI_EXTREME,MOYENNE,88.2642085097496,RSI en SURACHAT: 88.3,,,,,,,,,SURACHAT
MSFT,2024-05-20,RSI_EXTREME,MOYENNE,84.71669117093434,RSI en SURACHAT: 84.7,,,,,,,,,SURACHAT
MSFT,2024-05-21,RSI_EXTREME,MOYENNE,84.1470303152855,RSI en SURACHAT: 84.1,,,,,,,,,SURACHAT
MSFT,2024-05-22,RSI_EXTREME,MOYENNE,83.69447106508076,RSI en SURACHAT: 83.7,,,,,,,,,SURACHAT
MSFT,2024-06-20,RSI_EXTREME,MOYENNE,87.90631220218349,RSI en SURACHAT: 87.9,,,,,,,,,SURACHAT
MSFT,2024-06-21,RSI_EXTREME,MOYENNE,88.88900433907997,RSI en SURACHAT: 88.9,,,,,,,,,SURACHAT
MSFT,2024-06-24,RSI_EXTREME,MOYENNE,87.90246234825247,RSI en SURACHAT: 87.9,,,,,,,,,SURACHAT
MSFT,2024-06-25,RSI_EXTREME,MOYENNE,88.09536488839426,RSI en SURACHAT: 88.1,,,,,,,,,SURACHAT
MSFT,2024-06-26,RSI_EXTREME,MOYENNE,86.04366850877629,RSI en SURACHAT: 86.0,,,,,,,,,SURACHAT
MSFT,2024-06-27,RSI_EXTREME,MOYENNE,86.10771763747108,RSI en SURACHAT: 86.1,,,,,,,,,SURACHAT
MSFT,2024-07-25,RSI_EXTREME,MOYENNE,18.838827145231306,RSI en SURVENDE: 18.8,,,,,,,,,SURVENDE
MSFT,2024-08-05,RSI_EXTREME,MOYENNE,18.575946149853664,RSI en SURVENDE: 18.6,,,,,,,,,SURVENDE
MSFT,2024-12-06,RSI_EXTREME,MOYENNE,80.90083988429295,RSI en SURACHAT: 80.9,,,,,,,,,SURACHAT
MSFT,2024-12-09,RSI_EXTREME,MOYENNE,81.55664990198936,RSI en SURACHAT: 81.6,,,,,,,,,SURACHAT
MSFT,2024-12-11,RSI_EXTREME,MOYENNE,82.2105433189879,RSI en SURACHAT: 82.2,,,,,,,,,SURACHAT
MSFT,2024-12-12,RSI_EXTREME,MOYENNE,85.23140560276218,RSI en SURACHAT: 85.2,,,,,,,,,SURACHAT
MSFT,2024-12-13,RSI_EXTREME,MOYENNE,80.13135555356983,RSI en SURACHAT: 80.1,,,,,,,,,SURACHAT
MSFT,2024-12-16,RSI_EXTREME,MOYENNE,81.08411578725332,RSI en SURACHAT: 81.1,,,,,,,,,SURACHAT
MSFT,2025-02-18,RSI_EXTREME,MOYENNE,17.54231506552354,RSI en SURVENDE: 17.5,,,,,,,,,SURVENDE
MSFT,2025-05-07,RSI_EXTREME,MOYENNE,82.90346316099284,RSI en SURACHAT: 82.9,,,,,,,,,SURACHAT
MSFT,2025-05-08,RSI_EXTREME,MOYENNE,87.12164286160402,RSI en SURACHAT: 87.1,,,,,,,,,SURACHAT
MSFT,2025-05-09,RSI_EXTREME,MOYENNE,95.9058624714852,RSI en SURACHAT: 95.9,,,,,,,,,SURACHAT
MSFT,2025-05-12,RSI_EXTREME,MOYENNE,96.03526312164564,RSI en SURACHAT: 96.0,,,,,,,,,SURACHAT
MSFT,2025-05-13,RSI_EXTREME,MOYENNE,95.5292734331172,RSI en SURACHAT: 95.5,,,,,,,,,SURACHAT
MSFT,2025-05-14,RSI_EXTREME,MOYENNE,94.97120227354897,RSI en SURACHAT: 95.0,,,,,,,,,SURACHAT
MSFT,2025-05-15,RSI_EXTREME,MOYENNE,94.71573753183444,RSI en SURACHAT: 94.7,,,,,,,,,SURACHAT
MSFT,2025-05-16,RSI_EXTREME,MOYENNE,95.7370084269663,RSI en SURACHAT: 95.7,,,,,,,,,SURACHAT
MSFT,2025-05-19,RSI_EXTREME,MOYENNE,95.83986869596279,RSI en SURACHAT: 95.8,,,,,,,,,SURACHAT
MSFT,2025-05-20,RSI_EXTREME,MOYENNE,94.82342505433971,RSI en SURACHAT: 94.8,,,,,,,,,SURACHAT
MSFT,2025-05-21,RSI_EXTREME,MOYENNE,80.0541781952852,RSI en SURACHAT: 80.1,,,,,,,,,SURACHAT
MSFT,2025-06-17,RSI_EXTREME,MOYENNE,80.09308693164296,RSI en SURACHAT: 80.1,,,,,,,,,SURACHAT
MSFT,2025-06-18,RSI_EXTREME,MOYENNE,80.59018194205942,RSI en SURACHAT: 80.6,,,,,,,,,SURACHAT
MSFT,2025-06-26,RSI_EXTREME,MOYENNE,80.29718597124634,RSI en SURACHAT: 80.3,,,,,,,,,SURACHAT
MSFT,2025-07-31,RSI_EXTREME,MOYENNE,82.46543174573473,RSI en SURACHAT: 82.5,,,,,,,,,SURACHAT
BTC-USD,2023-03-12,MOUVEMENT_EXTREME,HAUTE,9.175187888693825,Mouvement de prix extrême: 9.18%,22163.94921875,,,,,,,,
BTC-USD,2023-03-16,MOUVEMENT_EXTREME,HAUTE,9.464577453171529,Mouvement de prix extrême: 9.46%,25052.7890625,,,,,,,,
BTC-USD,2023-10-22,MOUVEMENT_EXTREME,HAUTE,10.309890521346299,Mouvement de prix extrême: 10.31%,29993.896484375,,,,,,,,
BTC-USD,2024-01-11,MOUVEMENT_EXTREME,HAUTE,-7.581464687080208,Mouvement de prix extrême: -7.58%,46368.5859375,,,,,,,,
BTC-USD,2024-02-27,MOUVEMENT_EXTREME,HAUTE,9.493531994124748,Mouvement de prix extrême: 9.49%,57085.37109375,,,,,,,,
BTC-USD,2024-03-03,MOUVEMENT_EXTREME,HAUTE,8.173591649219114,Mouvement de prix extrême: 8.17%,63167.37109375,,,,,,,,
BTC-USD,2024-03-18,MOUVEMENT_EXTREME,HAUTE,-8.343356981432349,Mouvement de prix extrême: -8.34%,67548.59375,,,,,,,,
BTC-USD,2024-03-19,MOUVEMENT_EXTREME,HAUTE,9.692504638897837,Mouvement de prix extrême: 9.69%,61912.7734375,,,,,,,,
BTC-USD,2024-05-14,MOUVEMENT_EXTREME,HAUTE,7.659609250545496,Mouvement de prix extrême: 7.66%,61552.7890625,,,,,,,,
BTC-USD,2024-05-19,MOUVEMENT_EXTREME,HAUTE,7.800174241430358,Mouvement de prix extrême: 7.80%,66278.3671875,,,,,,,,
BTC-USD,2024-08-07,MOUVEMENT_EXTREME,HAUTE,12.144256099404904,Mouvement de prix extrême: 12.14%,55027.4609375,,,,,,,,
BTC-USD,2024-11-05,MOUVEMENT_EXTREME,HAUTE,9.053568676993894,Mouvement de prix extrême: 9.05%,69359.5625,,,,,,,,
BTC-USD,2024-11-10,MOUVEMENT_EXTREME,HAUTE,10.223522760015435,Mouvement de prix extrême: 10.22%,80474.1875,,,,,,,,
BTC-USD,2025-03-01,MOUVEMENT_EXTREME,HAUTE,9.550452979612857,Mouvement de prix extrême: 9.55%,86031.9140625,,,,,,,,
BTC-USD,2025-03-02,MOUVEMENT_EXTREME,HAUTE,-8.682040111941614,Mouvement de prix extrême: -8.68%,94248.3515625,,,,,,,,
BTC-USD,2025-04-08,MOUVEMENT_EXTREME,HAUTE,8.26253916648998,Mouvement de prix extrême: 8.26%,76271.953125,,,,,,,,
BTC-USD,2024-03-05,VOLUME_ANORMAL,MOYENNE,102802940877.0,"Volume anormal: 102,802,940,877 vs moyenne 36,372,842,592",,2.8263653195581706,,,,,,,
BTC-USD,2024-08-05,VOLUME_ANORMAL,MOYENNE,108991085584.0,"Volume anormal: 108,991,085,584 vs moyenne 36,372,842,592",,2.9964962267391075,,,,,,,
BTC-USD,2024-11-06,VOLUME_ANORMAL,MOYENNE,118592653963.0,"Volume anormal: 118,592,653,963 vs moyenne 36,372,842,592",,3.260472525940908,,,,,,,
BTC-USD,2024-11-11,VOLUME_ANORMAL,MOYENNE,117966845037.0,"Volume anormal: 117,966,845,037 vs moyenne 36,372,842,592",,3.2432671363866095,,,,,,,
BTC-USD,2024-11-12,VOLUME_ANORMAL,MOYENNE,133673285375.0,"Volume anormal: 133,673,285,375 vs moyenne 36,372,842,592",,3.6750849218150075,,,,,,,
BTC-USD,2024-11-13,VOLUME_ANORMAL,MOYENNE,123559027869.0,"Volume anormal: 123,559,027,869 vs moyenne 36,372,842,592",,3.3970132401668907,,,,,,,
BTC-USD,2024-11-21,VOLUME_ANORMAL,MOYENNE,106024505582.0,"Volume anormal: 106,024,505,582 vs moyenne 36,372,842,592",,2.9149359254109624,,,,,,,
BTC-USD,2024-12-05,VOLUME_ANORMAL,MOYENNE,149218945580.0,"Volume anormal: 149,218,945,580 vs moyenne 36,372,842,592",,4.102482372687716,,,,,,,
BTC-USD,2024-12-09,VOLUME_ANORMAL,MOYENNE,110676473908.0,"Volume anormal: 110,676,473,908 vs moyenne 36,372,842,592",,3.042832674590743,,,,,,,
BTC-USD,2024-12-10,VOLUME_ANORMAL,MOYENNE,104823780634.0,"Volume anormal: 104,823,780,634 vs moyenne 36,372,842,592",,2.8819243469249356,,,,,,,
BTC-USD,2024-12-20,VOLUME_ANORMAL,MOYENNE,105634083408.0,"Volume anormal: 105,634,083,408 vs moyenne 36,372,842,592",,2.904202033139336,,,,,,,
BTC-USD,2025-01-20,VOLUME_ANORMAL,MOYENNE,126279678351.0,"Volume anormal: 126,279,678,351 vs moyenne 36,372,842,592",,3.4718121914747555,,,,,,,
BTC-USD,2025-01-23,VOLUME_ANORMAL,MOYENNE,104104515428.0,"Volume anormal: 104,104,515,428 vs moyenne 36,372,842,592",,2.8621495601682456,,,,,,,
BTC-USD,2025-02-03,VOLUME_ANORMAL,MOYENNE,115400897748.0,"Volume anormal: 115,400,897,748 vs moyenne 36,372,842,592",,3.172721446082661,,,,,,,
BTC-USD,2025-07-14,VOLUME_ANORMAL,MOYENNE,181746419401.0,"Volume anormal: 181,746,419,401 vs moyenne 36,372,842,592",,4.996761496964005,,,,,,,
BTC-USD,2025-07-15,VOLUME_ANORMAL,MOYENNE,98321661181.0,"Volume anormal: 98,321,661,181 vs moyenne 36,372,842,592",,2.7031613196339985,,,,,,,
BTC-USD,2025-07-25,VOLUME_ANORMAL,MOYENNE,104857024569.0,"Volume anormal: 104,857,024,569 vs moyenne 36,372,842,592",,2.882838323744743,,,,,,,
BTC-USD,2025-08-14,VOLUME_ANORMAL,MOYENNE,104055627395.0,"Volume anormal: 104,055,627,395 vs moyenne 36,372,842,592",,2.860805479543374,,,,,,,
BTC-USD,2025-10-10,VOLUME_ANORMAL,MOYENNE,153125018868.0,"Volume anormal: 153,125,018,868 vs moyenne 36,372,842,592",,4.209872200086377,,,,,,,
BTC-USD,2025-10-11,VOLUME_ANORMAL,MOYENNE,110236934340.0,"Volume anormal: 110,236,934,340 vs moyenne 36,372,842,592",,3.0307483958632,,,,,,,
BTC-USD,2025-10-17,VOLUME_ANORMAL,MOYENNE,99703051669.0,"Volume anormal: 99,703,051,669 vs moyenne 36,372,842,592",,2.7411399429568672,,,,,,,
BTC-USD,2025-10-21,VOLUME_ANORMAL,MOYENNE,101194375480.0,"Volume anormal: 101,194,375,480 vs moyenne 36,372,842,592",,2.7821409674770203,,,,,,,
BTC-USD,2025-11-04,VOLUME_ANORMAL,MOYENNE,110967184773.0,"Volume anormal: 110,967,184,773 vs moyenne 36,372,842,592",,3.050825199900285,,,,,,,
BTC-USD,2025-11-13,VOLUME_ANORMAL,MOYENNE,101546815416.0,"Volume anormal: 101,546,815,416 vs moyenne 36,372,842,592",,2.7918306125770522,,,,,,,
BTC-USD,2025-11-14,VOLUME_ANORMAL,MOYENNE,114346441890.0,"Volume anormal: 114,346,441,890 vs moyenne 36,372,842,592",,3.1437312494731895,,,,,,,
BTC-USD,2025-11-18,VOLUME_ANORMAL,MOYENNE,101333569062.0,"Volume anormal: 101,333,569,062 vs moyenne 36,372,842,592",,2.7859678221322834,,,,,,,
BTC-USD,2025-11-20,VOLUME_ANORMAL,MOYENNE,97970645638.0,"Volume anormal: 97,970,645,638 vs moyenne 36,372,842,592",,2.6935108354270523,,,,,,,
BTC-USD,2025-11-21,VOLUME_ANORMAL,MOYENNE,129157506112.0,"Volume anormal: 129,157,506,112 vs moyenne 36,372,842,592",,3.5509324239307896,,,,,,,
BTC-USD,2023-04-01,GAP_OUVERTURE,MOYENNE,-0.01809205743590419,Gap d'ouverture: -0.02%,,,28473.33203125,28478.484375,,,,,
BTC-USD,2023-04-12,GAP_OUVERTURE,MOYENNE,-0.011498448032505725,Gap d'ouverture: -0.01%,,,30231.58203125,30235.05859375,,,,,
BTC-USD,2023-04-30,GAP_OUVERTURE,MOYENNE,-0.010163452625022154,Gap d'ouverture: -0.01%,,,29245.515625,29248.48828125,,,,,
BTC-USD,2023-10-22,GAP_OUVERTURE,MOYENNE,0.0008094931613169069,Gap d'ouverture: 0.00%,,,29918.654296875,29918.412109375,,,,,
BTC-USD,2023-11-21,GAP_OUVERTURE,MOYENNE,-0.020804450568114717,Gap d'ouverture: -0.02%,,,37469.16015625,37476.95703125,,,,,
BTC-USD,2024-01-12,GAP_OUVERTURE,MOYENNE,-0.029746364852685992,Gap d'ouverture: -0.03%,,,46354.79296875,46368.5859375,,,,,
BTC-USD,2024-01-14,GAP_OUVERTURE,MOYENNE,-0.0002826494280907943,Gap d'ouverture: -0.00%,,,42842.26171875,42842.3828125,,,,,
BTC-USD,2024-07-15,GAP_OUVERTURE,MOYENNE,0.04550923984725295,Gap d'ouverture: 0.05%,,,60815.45703125,60787.79296875,,,,,
BTC-USD,2024-10-23,GAP_OUVERTURE,MOYENNE,0.001438138028776678,Gap d'ouverture: 0.00%,,,67362.375,67361.40625,,,,,
BTC-USD,2024-12-05,GAP_OUVERTURE,MOYENNE,-0.027328732298021286,Gap d'ouverture: -0.03%,,,98741.5390625,98768.53125,,,,,
BTC-USD,2025-01-06,GAP_OUVERTURE,MOYENNE,-7.946399943103776e-06,Gap d'ouverture: -0.00%,,,98314.953125,98314.9609375,,,,,
BTC-USD,2025-01-16,GAP_OUVERTURE,MOYENNE,0.0008006482919179219,Gap d'ouverture: 0.00%,,,100505.296875,100504.4921875,,,,,
BTC-USD,2025-01-17,GAP_OUVERTURE,MOYENNE,0.2695145480215812,Gap d'ouverture: 0.27%,,,100025.765625,99756.90625,,,,,
BTC-USD,2025-02-26,GAP_OUVERTURE,MOYENNE,-0.10962975745340603,Gap d'ouverture: -0.11%,,,88638.890625,88736.171875,,,,,
BTC-USD,2025-11-20,GAP_OUVERTURE,MOYENNE,-0.0072602120648154155,Gap d'ouverture: -0.01%,,,91459.3515625,91465.9921875,,,,,
BTC-USD,2023-03-17,VOLATILITE_EXTREME,HAUTE,5.1978476847066695,Volatilité extrême: 5.20%,,,,,10 jours,,,,
BTC-USD,2023-03-18,VOLATILITE_EXTREME,HAUTE,5.144328059643184,Volatilité extrême: 5.14%,,,,,10 jours,,,,
BTC-USD,2024-03-05,VOLATILITE_EXTREME,HAUTE,4.870758290418715,Volatilité extrême: 4.87%,,,,,10 jours,,,,
BTC-USD,2024-03-06,VOLATILITE_EXTREME,HAUTE,4.83623969972773,Volatilité extrême: 4.84%,,,,,10 jours,,,,
BTC-USD,2024-03-07,VOLATILITE_EXTREME,HAUTE,4.746039331692169,Volatilité extrême: 4.75%,,,,,10 jours,,,,
BTC-USD,2024-03-08,VOLATILITE_EXTREME,HAUTE,4.66233191466775,Volatilité extrême: 4.66%,,,,,10 jours,,,,
BTC-USD,2024-03-20,VOLATILITE_EXTREME,HAUTE,5.386225084192015,Volatilité extrême: 5.39%,,,,,10 jours,,,,
BTC-USD,2024-03-21,VOLATILITE_EXTREME,HAUTE,5.23433829846316,Volatilité extrême: 5.23%,,,,,10 jours,,,,
BTC-USD,2024-03-22,VOLATILITE_EXTREME,HAUTE,5.264582769453617,Volatilité extrême: 5.26%,,,,,10 jours,,,,
BTC-USD,2024-03-23,VOLATILITE_EXTREME,HAUTE,5.171089640333002,Volatilité extrême: 5.17%,,,,,10 jours,,,,
BTC-USD,2024-03-24,VOLATILITE_EXTREME,HAUTE,5.496052949973232,Volatilité extrême: 5.50%,,,,,10 jours,,,,
BTC-USD,2024-03-25,VOLATILITE_EXTREME,HAUTE,5.599212221921338,Volatilité extrême: 5.60%,,,,,10 jours,,,,
BTC-USD,2024-03-26,VOLATILITE_EXTREME,HAUTE,5.178209819688498,Volatilité extrême: 5.18%,,,,,10 jours,,,,
BTC-USD,2024-03-27,VOLATILITE_EXTREME,HAUTE,5.007089521508921,Volatilité extrême: 5.01%,,,,,10 jours,,,,
BTC-USD,2024-03-28,VOLATILITE_EXTREME,HAUTE,4.999673868642429,Volatilité extrême: 5.00%,,,,,10 jours,,,,
BTC-USD,2024-08-08,VOLATILITE_EXTREME,HAUTE,5.523723981495262,Volatilité extrême: 5.52%,,,,,10 jours,,,,
BTC-USD,2024-08-09,VOLATILITE_EXTREME,HAUTE,5.527558692659747,Volatilité extrême: 5.53%,,,,,10 jours,,,,
BTC-USD,2024-08-10,VOLATILITE_EXTREME,HAUTE,5.499156826444834,Volatilité extrême: 5.50%,,,,,10 jours,,,,
BTC-USD,2024-08-11,VOLATILITE_EXTREME,HAUTE,5.55353265760975,Volatilité extrême: 5.55%,,,,,10 jours,,,,
BTC-USD,2024-08-12,VOLATILITE_EXTREME,HAUTE,5.276200791799997,Volatilité extrême: 5.28%,,,,,10 jours,,,,
BTC-USD,2024-08-13,VOLATILITE_EXTREME,HAUTE,5.311853257166115,Volatilité extrême: 5.31%,,,,,10 jours,,,,
BTC-USD,2024-08-14,VOLATILITE_EXTREME,HAUTE,5.220269462625407,Volatilité extrême: 5.22%,,,,,10 jours,,,,
BTC-USD,2024-08-15,VOLATILITE_EXTREME,HAUTE,4.642790540021853,Volatilité extrême: 4.64%,,,,,10 jours,,,,
BTC-USD,2025-03-03,VOLATILITE_EXTREME,HAUTE,4.942065188377329,Volatilité extrême: 4.94%,,,,,10 jours,,,,
BTC-USD,2025-03-04,VOLATILITE_EXTREME,HAUTE,4.978325845726378,Volatilité extrême: 4.98%,,,,,10 jours,,,,
BTC-USD,2025-03-05,VOLATILITE_EXTREME,HAUTE,5.20677758624773,Volatilité extrême: 5.21%,,,,,10 jours,,,,
BTC-USD,2025-03-06,VOLATILITE_EXTREME,HAUTE,4.959628212460664,Volatilité extrême: 4.96%,,,,,10 jours,,,,
BTC-USD,2025-03-07,VOLATILITE_EXTREME,HAUTE,5.005242687995002,Volatilité extrême: 5.01%,,,,,10 jours,,,,
BTC-USD,2025-03-08,VOLATILITE_EXTREME,HAUTE,4.721358014903063,Volatilité extrême: 4.72%,,,,,10 jours,,,,
BTC-USD,2025-03-09,VOLATILITE_EXTREME,HAUTE,5.180797496089903,Volatilité extrême: 5.18%,,,,,10 jours,,,,
BTC-USD,2025-03-10,VOLATILITE_EXTREME,HAUTE,5.227056300910178,Volatilité extrême: 5.23%,,,,,10 jours,,,,
BTC-USD,2025-03-11,VOLATILITE_EXTREME,HAUTE,5.531524621957368,Volatilité extrême: 5.53%,,,,,10 jours,,,,
BTC-USD,2023-02-24,CASSURE_TENDANCE,MOYENNE,20.0,Cassure BAISSE de la MM20,,,,,,23198.126953125,23257.17373046875,,
BTC-USD,2023-02-26,CASSURE_TENDANCE,MOYENNE,20.0,Cassure HAUSSE de la MM20,,,,,,23561.212890625,23308.21435546875,,
BTC-USD,2023-02-28,CASSURE_TENDANCE,MOYENNE,20.0,Cassure BAISSE de la MM20,,,,,,23147.353515625,23331.54111328125,,
BTC-USD,2023-03-01,CASSURE_TENDANCE,MOYENNE,20.0,Cassure HAUSSE de la MM20,,,,,,23646.55078125,23422.91669921875,,
BTC-USD,2023-03-02,CASSURE_TENDANCE,MOYENNE,20.0,Cassure BAISSE de la MM20,,,,,,23475.466796875,23514.130859375,,
BTC-USD,2023-03-13,CASSURE_TENDANCE,MOYENNE,20.0,Cassure HAUSSE de la MM20,,,,,,24197.533203125,22646.330078125,,
BTC-USD,2023-04-07,CASSURE_TENDANCE,MOYENNE,20.0,Cassure BAISSE de la MM20,,,,,,27925.859375,27929.53037109375,,
BTC-USD,2023-04-08,CASSURE_TENDANCE,MOYENNE,20.0,Cassure HAUSSE de la MM20,,,,,,27947.794921875,27924.986328125,,
BTC-USD,2023-04-19,CASSURE_TENDANCE,MOYENNE,20.0,Cassure BAISSE de la MM20,,,,,,28822.6796875,29084.34775390625,,
BTC-USD,2023-04-27,CASSURE_TENDANCE,MOYENNE,20.0,Cassure HAUSSE de la MM20,,,,,,29473.787109375,29057.65205078125,,
BTC-USD,2023-05-01,CASSURE_TENDANCE,MOYENNE,20.0,Cassure BAISSE de la MM20,,,,,,28091.568359375,29046.6640625,,
BTC-USD,2023-05-03,CASSURE_TENDANCE,MOYENNE,20.0,Cassure HAUSSE de la MM20,,,,,,29006.30859375,28904.100390625,,
BTC-USD,2023-05-07,CASSURE_TENDANCE,MOYENNE,20.0,Cassure BAISSE de la MM20,,,,,,28454.978515625,28662.95546875,,
BTC-USD,2023-05-28,CASSURE_TENDANCE,MOYENNE,20.0,Cassure HAUSSE de la MM20,,,,,,28085.646484375,27029.81220703125,,
BTC-USD,2023-06-01,CASSURE_TENDANCE,MOYENNE,20.0,Cassure BAISSE de la MM20,,,,,,26819.97265625,27049.88994140625,,
BTC-USD,2023-06-02,CASSURE_TENDANCE,MOYENNE,20.0,Cassure HAUSSE de la MM20,,,,,,27249.58984375,27073.16552734375,,
BTC-USD,2023-06-03,CASSURE_TENDANCE,MOYENNE,20.0,Cassure BAISSE de la MM20,,,,,,27075.12890625,27080.3900390625,,
BTC-USD,2023-06-04,CASSURE_TENDANCE,MOYENNE,20.0,Cassure HAUSSE de la MM20,,,,,,27119.06640625,27076.70869140625,,
BTC-USD,2023-06-05,CASSURE_TENDANCE,MOYENNE,20.0,Cassure BAISSE de la MM20,,,,,,25760.09765625,27012.8810546875,,
BTC-USD,2023-06-06,CASSURE_TENDANCE,MOYENNE,20.0,Cassure HAUSSE de la MM20,,,,,,27238.783203125,27004.880078125,,
BTC-USD,2023-06-07,CASSURE_TENDANCE,MOYENNE,20.0,Cassure BAISSE de la MM20,,,,,,26345.998046875,26980.56953125,,
BTC-USD,2023-06-19,CASSURE_TENDANCE,MOYENNE,20.0,Cassure HAUSSE de la MM20,,,,,,26851.029296875,26407.79873046875,,
BTC-USD,2023-07-09,CASSURE_TENDANCE,MOYENNE,20.0,Cassure BAISSE de la MM20,,,,,,30171.234375,30316.7025390625,,
BTC-USD,2023-07-11,CASSURE_TENDANCE,MOYENNE,20.0,Cassure HAUSSE de la MM20,,,,,,30620.951171875,30450.734375,,
BTC-USD,2023-07-12,CASSURE_TENDANCE,MOYENNE,20.0,Cassure BAISSE de la MM20,,,,,,30391.646484375,30474.70263671875,,
BTC-USD,2023-07-13,CASSURE_TENDANCE,MOYENNE,20.0,Cassure HAUSSE de la MM20,,,,,,31476.048828125,30513.731640625,,
BTC-USD,2023-07-14,CASSURE_TENDANCE,MOYENNE,20.0,Cassure BAISSE de la MM20,,,,,,30334.068359375,30503.00029296875,,
BTC-USD,2023-08-08,CASSURE_TENDANCE,MOYENNE,20.0,Cassure HAUSSE de la MM20,,,,,,29765.4921875,29390.95849609375,,
BTC-USD,2023-08-13,CASSURE_TENDANCE,MOYENNE,20.0,Cassure BAISSE de la MM20,,,,,,29282.9140625,29308.6416015625,,
BTC-USD,2023-08-14,CASSURE_TENDANCE,MOYENNE,20.0,Cassure HAUSSE de la MM20,,,,,,29408.443359375,29317.69423828125,,
BTC-USD,2023-08-15,CASSURE_TENDANCE,MOYENNE,20.0,Cassure BAISSE de la MM20,,,,,,29170.34765625,29308.46298828125,,
BTC-USD,2023-08-29,CASSURE_TENDANCE,MOYENNE,20.0,Cassure HAUSSE de la MM20,,,,,,27727.392578125,27326.79150390625,,
BTC-USD,2023-08-31,CASSURE_TENDANCE,MOYENNE,20.0,Cassure BAISSE de la MM20,,,,,,25931.47265625,27046.8630859375,,
BTC-USD,2023-09-07,CASSURE_TENDANCE,MOYENNE,20.0,Cassure HAUSSE de la MM20,,,,,,26240.1953125,26173.43125,,
BTC-USD,2023-09-08,CASSURE_TENDANCE,MOYENNE,20.0,Cassure BAISSE de la MM20,,,,,,25905.654296875,26163.9037109375,,
BTC-USD,2023-09-13,CASSURE_TENDANCE,MOYENNE,20.0,Cassure HAUSSE de la MM20,,,,,,26228.32421875,26064.5453125,,
BTC-USD,2023-09-24,CASSURE_TENDANCE,MOYENNE,20.0,Cassure BAISSE de la MM20,,,,,,26256.826171875,26298.14775390625,,
BTC-USD,2023-09-28,CASSURE_TENDANCE,MOYENNE,20.0,Cassure HAUSSE de la MM20,,,,,,27021.546875,26408.69404296875,,
BTC-USD,2023-10-11,CASSURE_TENDANCE,MOYENNE,20.0,Cassure BAISSE de la MM20,,,,,,26873.3203125,27152.1890625,,
BTC-USD,2023-10-16,CASSURE_TENDANCE,MOYENNE,20.0,Cassure HAUSSE de la MM20,,,,,,28519.466796875,27363.61328125,,
BTC-USD,2023-11-21,CASSURE_TENDANCE,MOYENNE,20.0,Cassure BAISSE de la MM20,,,,,,35813.8125,36203.6521484375,,
BTC-USD,2023-11-22,CASSURE_TENDANCE,MOYENNE,20.0,Cassure HAUSSE de la MM20,,,,,,37432.33984375,36328.35703125,,
BTC-USD,2023-12-17,CASSURE_TENDANCE,MOYENNE,20.0,Cassure BAISSE de la MM20,,,,,,41364.6640625,41523.0623046875,,
BTC-USD,2023-12-18,CASSURE_TENDANCE,MOYENNE,20.0,Cassure HAUSSE de la MM20,,,,,,42623.5390625,41762.6849609375,,
BTC-USD,2023-12-26,CASSURE_TENDANCE,MOYENNE,20.0,Cassure BAISSE de la MM20,,,,,,42520.40234375,42920.5416015625,,
BTC-USD,2023-12-27,CASSURE_TENDANCE,MOYENNE,20.0,Cassure HAUSSE de la MM20,,,,,,43442.85546875,42928.051171875,,
BTC-USD,2023-12-28,CASSURE_TENDANCE,MOYENNE,20.0,Cassure BAISSE de la MM20,,,,,,42627.85546875,42851.1138671875,,
BTC-USD,2024-01-01,CASSURE_TENDANCE,MOYENNE,20.0,Cassure HAUSSE de la MM20,,,,,,44167.33203125,42875.5681640625,,
BTC-USD,2024-01-03,CASSURE_TENDANCE,MOYENNE,20.0,Cassure BAISSE de la MM20,,,,,,42848.17578125,42970.1396484375,,
BTC-USD,2024-01-04,CASSURE_TENDANCE,MOYENNE,20.0,Cassure HAUSSE de la MM20,,,,,,44179.921875,43082.6478515625,,
BTC-USD,2024-01-12,CASSURE_TENDANCE,MOYENNE,20.0,Cassure BAISSE de la MM20,,,,,,42853.16796875,43947.5005859375,,
BTC-USD,2024-01-29,CASSURE_TENDANCE,MOYENNE,20.0,Cassure HAUSSE de la MM20,,,,,,43288.24609375,42180.7076171875,,
BTC-USD,2024-03-16,CASSURE_TENDANCE,MOYENNE,20.0,Cassure BAISSE de la MM20,,,,,,65315.1171875,65836.7822265625,,
BTC-USD,2024-03-17,CASSURE_TENDANCE,MOYENNE,20.0,Cassure HAUSSE de la MM20,,,,,,68390.625,66530.193359375,,
BTC-USD,2024-03-19,CASSURE_TENDANCE,MOYENNE,20.0,Cassure BAISSE de la MM20,,,,,,61912.7734375,67023.7537109375,,
BTC-USD,2024-03-20,CASSURE_TENDANCE,MOYENNE,20.0,Cassure HAUSSE de la MM20,,,,,,67913.671875,67359.5181640625,,
BTC-USD,2024-03-21,CASSURE_TENDANCE,MOYENNE,20.0,Cassure BAISSE de la MM20,,,,,,65491.390625,67512.0560546875,,
BTC-USD,2024-03-25,CASSURE_TENDANCE,MOYENNE,20.0,Cassure HAUSSE de la MM20,,,,,,69958.8125,67897.3119140625,,
BTC-USD,2024-04-02,CASSURE_TENDANCE,MOYENNE,20.0,Cassure BAISSE de la MM20,,,,,,65446.97265625,67930.776171875,,
BTC-USD,2024-04-04,CASSURE_TENDANCE,MOYENNE,20.0,Cassure HAUSSE de la MM20,,,,,,68508.84375,67615.240625,,
BTC-USD,2024-04-12,CASSURE_TENDANCE,MOYENNE,20.0,Cassure BAISSE de la MM20,,,,,,67195.8671875,69130.1357421875,,
BTC-USD,2024-04-22,CASSURE_TENDANCE,MOYENNE,20.0,Cassure HAUSSE de la MM20,,,,,,66837.6796875,66569.5375,,
BTC-USD,2024-04-23,CASSURE_TENDANCE,MOYENNE,20.0,Cassure BAISSE de la MM20,,,,,,66407.2734375,66590.860546875,,
BTC-USD,2024-05-04,CASSURE_TENDANCE,MOYENNE,20.0,Cassure HAUSSE de la MM20,,,,,,63891.47265625,63336.0078125,,
BTC-USD,2024-05-06,CASSURE_TENDANCE,MOYENNE,20.0,Cassure BAISSE de la MM20,,,,,,63161.94921875,63333.758203125,,
BTC-USD,2024-05-13,CASSURE_TENDANCE,MOYENNE,20.0,Cassure HAUSSE de la MM20,,,,,,62901.44921875,62369.2580078125,,
BTC-USD,2024-05-14,CASSURE_TENDANCE,MOYENNE,20.0,Cassure BAISSE de la MM20,,,,,,61552.7890625,62233.0525390625,,
BTC-USD,2024-05-15,CASSURE_TENDANCE,MOYENNE,20.0,Cassure HAUSSE de la MM20,,,,,,66267.4921875,62322.341796875,,
BTC-USD,2024-06-11,CASSURE_TENDANCE,MOYENNE,20.0,Cassure BAISSE de la MM20,,,,,,67332.03125,68858.835546875,,
BTC-USD,2024-07-14,CASSURE_TENDANCE,MOYENNE,20.0,Cassure HAUSSE de la MM20,,,,,,60787.79296875,59433.755859375,,
BTC-USD,2024-07-31,CASSURE_TENDANCE,MOYENNE,20.0,Cassure BAISSE de la MM20,,,,,,64619.25,65214.5712890625,,
BTC-USD,2024-08-21,CASSURE_TENDANCE,MOYENNE,20.0,Cassure HAUSSE de la MM20,,,,,,61175.19140625,59016.0423828125,,
BTC-USD,2024-08-27,CASSURE_TENDANCE,MOYENNE,20.0,Cassure BAISSE de la MM20,,,,,,59504.1328125,60521.4537109375,,
BTC-USD,2024-09-13,CASSURE_TENDANCE,MOYENNE,20.0,Cassure HAUSSE de la MM20,,,,,,60571.30078125,58243.213671875,,
BTC-USD,2024-10-01,CASSURE_TENDANCE,MOYENNE,20.0,Cassure BAISSE de la MM20,,,,,,60837.0078125,62432.501953125,,
BTC-USD,2024-10-12,CASSURE_TENDANCE,MOYENNE,20.0,Cassure HAUSSE de la MM20,,,,,,63193.0234375,62833.3984375,,
BTC-USD,2024-11-04,CASSURE_TENDANCE,MOYENNE,20.0,Cassure BAISSE de la MM20,,,,,,67811.5078125,68610.601953125,,
BTC-USD,2024-11-05,CASSURE_TENDANCE,MOYENNE,20.0,Cassure HAUSSE de la MM20,,,,,,69359.5625,68697.944140625,,
BTC-USD,2024-12-10,CASSURE_TENDANCE,MOYENNE,20.0,Cassure BAISSE de la MM20,,,,,,96675.4296875,97180.212890625,,
BTC-USD,2024-12-11,CASSURE_TENDANCE,MOYENNE,20.0,Cassure HAUSSE de la MM20,,,,,,101173.03125,97313.628125,,
BTC-USD,2024-12-19,CASSURE_TENDANCE,MOYENNE,20.0,Cassure BAISSE de la MM20,,,,,,97490.953125,99709.81953125,,
BTC-USD,2025-01-03,CASSURE_TENDANCE,MOYENNE,20.0,Cassure HAUSSE de la MM20,,,,,,98107.4296875,97544.48203125,,
BTC-USD,2025-01-08,CASSURE_TENDANCE,MOYENNE,20.0,Cassure BAISSE de la MM20,,,,,,95043.5234375,96374.181640625,,
BTC-USD,2025-01-14,CASSURE_TENDANCE,MOYENNE,20.0,Cassure HAUSSE de la MM20,,,,,,96534.046875,95601.380078125,,
BTC-USD,2025-02-01,CASSURE_TENDANCE,MOYENNE,20.0,Cassure BAISSE de la MM20,,,,,,100655.90625,102209.205078125,,
BTC-USD,2025-02-20,CASSURE_TENDANCE,MOYENNE,20.0,Cassure HAUSSE de la MM20,,,,,,98333.9375,97279.201953125,,
BTC-USD,2025-02-21,CASSURE_TENDANCE,MOYENNE,20.0,Cassure BAISSE de la MM20,,,,,,96125.546875,97052.683984375,,
BTC-USD,2025-03-02,CASSURE_TENDANCE,MOYENNE,20.0,Cassure HAUSSE de la MM20,,,,,,94248.3515625,93532.00390625,,
BTC-USD,2025-03-03,CASSURE_TENDANCE,MOYENNE,20.0,Cassure BAISSE de la MM20,,,,,,86065.671875,93047.916015625,,
BTC-USD,2025-03-19,CASSURE_TENDANCE,MOYENNE,20.0,Cassure HAUSSE de la MM20,,,,,,86854.2265625,85137.416015625,,
BTC-USD,2025-03-20,CASSURE_TENDANCE,MOYENNE,20.0,Cassure BAISSE de la MM20,,,,,,84167.1953125,85127.125390625,,
BTC-USD,2025-03-23,CASSURE_TENDANCE,MOYENNE,20.0,Cassure HAUSSE de la MM20,,,,,,86054.375,84506.33359375,,
BTC-USD,2025-03-29,CASSURE_TENDANCE,MOYENNE,20.0,Cassure BAISSE de la MM20,,,,,,82597.5859375,84241.0109375,,
BTC-USD,2025-04-01,CASSURE_TENDANCE,MOYENNE,20.0,Cassure HAUSSE de la MM20,,,,,,85169.171875,84487.812890625,,
BTC-USD,2025-04-02,CASSURE_TENDANCE,MOYENNE,20.0,Cassure BAISSE de la MM20,,,,,,82485.7109375,84558.76328125,,
BTC-USD,2025-04-11,CASSURE_TENDANCE,MOYENNE,20.0,Cassure HAUSSE de la MM20,,,,,,83404.8359375,83218.508203125,,
BTC-USD,2025-05-29,CASSURE_TENDANCE,MOYENNE,20.0,Cassure BAISSE de la MM20,,,,,,105641.7578125,106296.89765625,,
BTC-USD,2025-06-09,CASSURE_TENDANCE,MOYENNE,20.0,Cassure HAUSSE de la MM20,,,,,,110294.1015625,106767.4609375,,
BTC-USD,2025-06-12,CASSURE_TENDANCE,MOYENNE,20.0,Cassure BAISSE de la MM20,,,,,,105929.0546875,106579.148828125,,
BTC-USD,2025-06-16,CASSURE_TENDANCE,MOYENNE,20.0,Cassure HAUSSE de la MM20,,,,,,106796.7578125,106011.67890625,,
BTC-USD,2025-06-17,CASSURE_TENDANCE,MOYENNE,20.0,Cassure BAISSE de la MM20,,,,,,104601.1171875,105851.618359375,,
BTC-USD,2025-06-23,CASSURE_TENDANCE,MOYENNE,20.0,Cassure HAUSSE de la MM20,,,,,,105577.7734375,105374.369140625,,
BTC-USD,2025-07-29,CASSURE_TENDANCE,MOYENNE,20.0,Cassure BAISSE de la MM20,,,,,,117922.1484375,118219.552734375,,
BTC-USD,2025-08-07,CASSURE_TENDANCE,MOYENNE,20.0,Cassure HAUSSE de la MM20,,,,,,117496.8984375,116803.466796875,,
BTC-USD,2025-08-08,CASSURE_TENDANCE,MOYENNE,20.0,Cassure BAISSE de la MM20,,,,,,116688.7265625,116740.904296875,,
BTC-USD,2025-08-10,CASSURE_TENDANCE,MOYENNE,20.0,Cassure HAUSSE de la MM20,,,,,,119306.7578125,116794.24375,,
BTC-USD,2025-08-18,CASSURE_TENDANCE,MOYENNE,20.0,Cassure BAISSE de la MM20,,,,,,116252.3125,116854.56015625,,
BTC-USD,2025-08-22,CASSURE_TENDANCE,MOYENNE,20.0,Cassure HAUSSE de la MM20,,,,,,116874.0859375,116702.692578125,,
BTC-USD,2025-08-23,CASSURE_TENDANCE,MOYENNE,20.0,Cassure BAISSE de la MM20,,,,,,115374.328125,116760.525390625,,
BTC-USD,2025-09-08,CASSURE_TENDANCE,MOYENNE,20.0,Cassure HAUSSE de la MM20,,,,,,112071.4296875,111528.14140625,,
BTC-USD,2025-09-22,CASSURE_TENDANCE,MOYENNE,20.0,Cassure BAISSE de la MM20,,,,,,112748.5078125,114018.69609375,,
BTC-USD,2025-09-29,CASSURE_TENDANCE,MOYENNE,20.0,Cassure HAUSSE de la MM20,,,,,,114400.3828125,114129.602734375,,
BTC-USD,2025-09-30,CASSURE_TENDANCE,MOYENNE,20.0,Cassure BAISSE de la MM20,,,,,,114056.0859375,114134.6390625,,
BTC-USD,2025-10-01,CASSURE_TENDANCE,MOYENNE,20.0,Cassure HAUSSE de la MM20,,,,,,118648.9296875,114291.70859375,,
BTC-USD,2025-10-10,CASSURE_TENDANCE,MOYENNE,20.0,Cassure BAISSE de la MM20,,,,,,113214.3671875,116721.76328125,,
BTC-USD,2025-10-26,CASSURE_TENDANCE,MOYENNE,20.0,Cassure HAUSSE de la MM20,,,,,,114472.4453125,112468.389453125,,
BTC-USD,2025-10-29,CASSURE_TENDANCE,MOYENNE,20.0,Cassure BAISSE de la MM20,,,,,,110055.3046875,110999.3375,,
BTC-USD,2025-11-02,CASSURE_TENDANCE,MOYENNE,20.0,Cassure HAUSSE de la MM20,,,,,,110639.625,110204.450390625,,
BTC-USD,2025-11-03,CASSURE_TENDANCE,MOYENNE,20.0,Cassure BAISSE de la MM20,,,,,,106547.5234375,109875.893359375,,
BTC-USD,2023-03-03,CASSURE_TENDANCE,MOYENNE,50.0,Cassure BAISSE de la MM50,,,,,,22362.6796875,,22872.9026171875,
BTC-USD,2023-03-13,CASSURE_TENDANCE,MOYENNE,50.0,Cassure HAUSSE de la MM50,,,,,,24197.533203125,,22965.9553515625,
BTC-USD,2023-05-01,CASSURE_TENDANCE,MOYENNE,50.0,Cassure BAISSE de la MM50,,,,,,28091.568359375,,28169.0987890625,
BTC-USD,2023-05-02,CASSURE_TENDANCE,MOYENNE,50.0,Cassure HAUSSE de la MM50,,,,,,28680.537109375,,28258.7588671875,
BTC-USD,2023-05-07,CASSURE_TENDANCE,MOYENNE,50.0,Cassure BAISSE de la MM50,,,,,,28454.978515625,,28582.426328125,
BTC-USD,2023-06-20,CASSURE_TENDANCE,MOYENNE,50.0,Cassure HAUSSE de la MM50,,,,,,28327.48828125,,27073.01515625,
BTC-USD,2023-07-30,CASSURE_TENDANCE,MOYENNE,50.0,Cassure BAISSE de la MM50,,,,,,29275.30859375,,29379.978828125,
BTC-USD,2023-08-01,CASSURE_TENDANCE,MOYENNE,50.0,Cassure HAUSSE de la MM50,,,,,,29675.732421875,,29521.24234375,
BTC-USD,2023-08-02,CASSURE_TENDANCE,MOYENNE,50.0,Cassure BAISSE de la MM50,,,,,,29151.958984375,,29585.906953125,
BTC-USD,2023-09-19,CASSURE_TENDANCE,MOYENNE,50.0,Cassure HAUSSE de la MM50,,,,,,27211.1171875,,27194.712265625,
BTC-USD,2023-09-20,CASSURE_TENDANCE,MOYENNE,50.0,Cassure BAISSE de la MM50,,,,,,27132.0078125,,27143.8377734375,
BTC-USD,2023-09-28,CASSURE_TENDANCE,MOYENNE,50.0,Cassure HAUSSE de la MM50,,,,,,27021.546875,,26701.38046875,
BTC-USD,2024-01-14,CASSURE_TENDANCE,MOYENNE,50.0,Cassure BAISSE de la MM50,,,,,,41796.26953125,,42578.722265625,
BTC-USD,2024-01-16,CASSURE_TENDANCE,MOYENNE,50.0,Cassure HAUSSE de la MM50,,,,,,43154.9453125,,42797.394765625,
BTC-USD,2024-01-17,CASSURE_TENDANCE,MOYENNE,50.0,Cassure BAISSE de la MM50,,,,,,42742.65234375,,42895.62609375,
BTC-USD,2024-01-29,CASSURE_TENDANCE,MOYENNE,50.0,Cassure HAUSSE de la MM50,,,,,,43288.24609375,,42820.217109375,
BTC-USD,2024-01-31,CASSURE_TENDANCE,MOYENNE,50.0,Cassure BAISSE de la MM50,,,,,,42582.60546875,,42877.0403125,
BTC-USD,2024-02-01,CASSURE_TENDANCE,MOYENNE,50.0,Cassure HAUSSE de la MM50,,,,,,43075.7734375,,42880.7409375,
BTC-USD,2024-02-04,CASSURE_TENDANCE,MOYENNE,50.0,Cassure BAISSE de la MM50,,,,,,42583.58203125,,42912.0978125,
BTC-USD,2024-02-06,CASSURE_TENDANCE,MOYENNE,50.0,Cassure HAUSSE de la MM50,,,,,,43084.671875,,42947.200546875,
BTC-USD,2024-04-13,CASSURE_TENDANCE,MOYENNE,50.0,Cassure BAISSE de la MM50,,,,,,63821.47265625,,66511.243828125,
BTC-USD,2024-05-15,CASSURE_TENDANCE,MOYENNE,50.0,Cassure HAUSSE de la MM50,,,,,,66267.4921875,,65184.49328125,
BTC-USD,2024-06-14,CASSURE_TENDANCE,MOYENNE,50.0,Cassure BAISSE de la MM50,,,,,,66011.09375,,66016.838359375,
BTC-USD,2024-06-15,CASSURE_TENDANCE,MOYENNE,50.0,Cassure HAUSSE de la MM50,,,,,,66191.0,,66065.551953125,
BTC-USD,2024-06-18,CASSURE_TENDANCE,MOYENNE,50.0,Cassure BAISSE de la MM50,,,,,,65140.74609375,,66223.48390625,
BTC-USD,2024-07-15,CASSURE_TENDANCE,MOYENNE,50.0,Cassure HAUSSE de la MM50,,,,,,64870.15234375,,64070.959765625,
BTC-USD,2024-08-02,CASSURE_TENDANCE,MOYENNE,50.0,Cassure BAISSE de la MM50,,,,,,61415.06640625,,63077.76046875,
BTC-USD,2024-08-23,CASSURE_TENDANCE,MOYENNE,50.0,Cassure HAUSSE de la MM50,,,,,,64094.35546875,,61501.256015625,
BTC-USD,2024-08-27,CASSURE_TENDANCE,MOYENNE,50.0,Cassure BAISSE de la MM50,,,,,,59504.1328125,,61968.80015625,
BTC-USD,2024-09-13,CASSURE_TENDANCE,MOYENNE,50.0,Cassure HAUSSE de la MM50,,,,,,60571.30078125,,60016.3865625,
BTC-USD,2024-09-15,CASSURE_TENDANCE,MOYENNE,50.0,Cassure BAISSE de la MM50,,,,,,59182.8359375,,59685.637734375,
BTC-USD,2024-09-17,CASSURE_TENDANCE,MOYENNE,50.0,Cassure HAUSSE de la MM50,,,,,,60308.5390625,,59354.143046875,
BTC-USD,2024-10-09,CASSURE_TENDANCE,MOYENNE,50.0,Cassure BAISSE de la MM50,,,,,,60582.1015625,,60759.315,
BTC-USD,2024-10-11,CASSURE_TENDANCE,MOYENNE,50.0,Cassure HAUSSE de la MM50,,,,,,62445.08984375,,60782.5646875,
BTC-USD,2024-12-27,CASSURE_TENDANCE,MOYENNE,50.0,Cassure BAISSE de la MM50,,,,,,94164.859375,,95426.9640625,
BTC-USD,2025-01-02,CASSURE_TENDANCE,MOYENNE,50.0,Cassure HAUSSE de la MM50,,,,,,96886.875,,96727.62828125,
BTC-USD,2025-01-07,CASSURE_TENDANCE,MOYENNE,50.0,Cassure BAISSE de la MM50,,,,,,96922.703125,,97615.54828125,
BTC-USD,2025-01-15,CASSURE_TENDANCE,MOYENNE,50.0,Cassure HAUSSE de la MM50,,,,,,100504.4921875,,97571.04265625,
BTC-USD,2025-02-02,CASSURE_TENDANCE,MOYENNE,50.0,Cassure BAISSE de la MM50,,,,,,97688.9765625,,99191.97484375,
BTC-USD,2025-02-03,CASSURE_TENDANCE,MOYENNE,50.0,Cassure HAUSSE de la MM50,,,,,,101405.421875,,99134.109375,
BTC-USD,2025-02-04,CASSURE_TENDANCE,MOYENNE,50.0,Cassure BAISSE de la MM50,,,,,,97871.8203125,,98970.95140625,
BTC-USD,2025-04-12,CASSURE_TENDANCE,MOYENNE,50.0,Cassure HAUSSE de la MM50,,,,,,85287.109375,,84930.11578125,
BTC-USD,2025-04-13,CASSURE_TENDANCE,MOYENNE,50.0,Cassure BAISSE de la MM50,,,,,,83684.9765625,,84672.26015625,
BTC-USD,2025-04-14,CASSURE_TENDANCE,MOYENNE,50.0,Cassure HAUSSE de la MM50,,,,,,84542.390625,,84437.62953125,
BTC-USD,2025-04-15,CASSURE_TENDANCE,MOYENNE,50.0,Cassure BAISSE de la MM50,,,,,,83668.9921875,,84282.6459375,
BTC-USD,2025-04-17,CASSURE_TENDANCE,MOYENNE,50.0,Cassure HAUSSE de la MM50,,,,,,84895.75,,84199.574375,
BTC-USD,2025-06-20,CASSURE_TENDANCE,MOYENNE,50.0,Cassure BAISSE de la MM50,,,,,,103309.6015625,,104642.37578125,
BTC-USD,2025-06-23,CASSURE_TENDANCE,MOYENNE,50.0,Cassure HAUSSE de la MM50,,,,,,105577.7734375,,105076.4653125,
BTC-USD,2025-07-01,CASSURE_TENDANCE,MOYENNE,50.0,Cassure BAISSE de la MM50,,,,,,105698.28125,,106068.2934375,
BTC-USD,2025-07-02,CASSURE_TENDANCE,MOYENNE,50.0,Cassure HAUSSE de la MM50,,,,,,108859.3203125,,106162.08359375,
BTC-USD,2025-08-19,CASSURE_TENDANCE,MOYENNE,50.0,Cassure BAISSE de la MM50,,,,,,112831.1796875,,115851.865625,
BTC-USD,2025-08-22,CASSURE_TENDANCE,MOYENNE,50.0,Cassure HAUSSE de la MM50,,,,,,116874.0859375,,116239.11125,
BTC-USD,2025-08-23,CASSURE_TENDANCE,MOYENNE,50.0,Cassure BAISSE de la MM50,,,,,,115374.328125,,116385.91109375,
BTC-USD,2025-09-11,CASSURE_TENDANCE,MOYENNE,50.0,Cassure HAUSSE de la MM50,,,,,,115507.5390625,,114614.50046875,
BTC-USD,2025-09-22,CASSURE_TENDANCE,MOYENNE,50.0,Cassure BAISSE de la MM50,,,,,,112748.5078125,,114412.870625,
BTC-USD,2025-09-29,CASSURE_TENDANCE,MOYENNE,50.0,Cassure HAUSSE de la MM50,,,,,,114400.3828125,,113734.39359375,
BTC-USD,2025-10-10,CASSURE_TENDANCE,MOYENNE,50.0,Cassure BAISSE de la MM50,,,,,,113214.3671875,,114481.24203125,
BTC-USD,2025-10-12,CASSURE_TENDANCE,MOYENNE,50.0,Cassure HAUSSE de la MM50,,,,,,115169.765625,,114355.82671875,
BTC-USD,2025-10-14,CASSURE_TENDANCE,MOYENNE,50.0,Cassure BAISSE de la MM50,,,,,,113118.6640625,,114451.9659375,
BTC-USD,2025-10-26,CASSURE_TENDANCE,MOYENNE,50.0,Cassure HAUSSE de la MM50,,,,,,114472.4453125,,114261.47359375,
BTC-USD,2025-10-27,CASSURE_TENDANCE,MOYENNE,50.0,Cassure BAISSE de la MM50,,,,,,114119.328125,,114320.5078125,
BTC-USD,2023-03-09,RSI_EXTREME,MOYENNE,17.525315315602256,RSI en SURVENDE: 17.5,,,,,,,,,SURVENDE
BTC-USD,2023-03-10,RSI_EXTREME,MOYENNE,19.558022483554396,RSI en SURVENDE: 19.6,,,,,,,,,SURVENDE
BTC-USD,2023-03-23,RSI_EXTREME,MOYENNE,82.5120129782706,RSI en SURACHAT: 82.5,,,,,,,,,SURACHAT
BTC-USD,2023-05-19,RSI_EXTREME,MOYENNE,19.264495887506328,RSI en SURVENDE: 19.3,,,,,,,,,SURVENDE
BTC-USD,2023-06-24,RSI_EXTREME,MOYENNE,82.47058661520545,RSI en SURACHAT: 82.5,,,,,,,,,SURACHAT
BTC-USD,2023-06-25,RSI_EXTREME,MOYENNE,81.47201414131786,RSI en SURACHAT: 81.5,,,,,,,,,SURACHAT
BTC-USD,2023-06-27,RSI_EXTREME,MOYENNE,80.63152893031601,RSI en SURACHAT: 80.6,,,,,,,,,SURACHAT
BTC-USD,2023-06-28,RSI_EXTREME,MOYENNE,82.67183450302446,RSI en SURACHAT: 82.7,,,,,,,,,SURACHAT
BTC-USD,2023-06-29,RSI_EXTREME,MOYENNE,82.45787088128851,RSI en SURACHAT: 82.5,,,,,,,,,SURACHAT
BTC-USD,2023-06-30,RSI_EXTREME,MOYENNE,80.59748779091268,RSI en SURACHAT: 80.6,,,,,,,,,SURACHAT
BTC-USD,2023-07-01,RSI_EXTREME,MOYENNE,80.39398527226405,RSI en SURACHAT: 80.4,,,,,,,,,SURACHAT
BTC-USD,2023-07-02,RSI_EXTREME,MOYENNE,82.62137698131221,RSI en SURACHAT: 82.6,,,,,,,,,SURACHAT
BTC-USD,2023-07-03,RSI_EXTREME,MOYENNE,82.67638729783766,RSI en SURACHAT: 82.7,,,,,,,,,SURACHAT
BTC-USD,2023-07-27,RSI_EXTREME,MOYENNE,18.494010987100594,RSI en SURVENDE: 18.5,,,,,,,,,SURVENDE
BTC-USD,2023-08-18,RSI_EXTREME,MOYENNE,18.22544849876641,RSI en SURVENDE: 18.2,,,,,,,,,SURVENDE
BTC-USD,2023-08-19,RSI_EXTREME,MOYENNE,19.146517182325994,RSI en SURVENDE: 19.1,,,,,,,,,SURVENDE
BTC-USD,2023-08-21,RSI_EXTREME,MOYENNE,18.121456968644083,RSI en SURVENDE: 18.1,,,,,,,,,SURVENDE
BTC-USD,2023-08-22,RSI_EXTREME,MOYENNE,6.597930748267075,RSI en SURVENDE: 6.6,,,,,,,,,SURVENDE
BTC-USD,2023-08-23,RSI_EXTREME,MOYENNE,15.204020346664564,RSI en SURVENDE: 15.2,,,,,,,,,SURVENDE
BTC-USD,2023-08-24,RSI_EXTREME,MOYENNE,14.753406843100223,RSI en SURVENDE: 14.8,,,,,,,,,SURVENDE
BTC-USD,2023-08-25,RSI_EXTREME,MOYENNE,14.494379045352659,RSI en SURVENDE: 14.5,,,,,,,,,SURVENDE
BTC-USD,2023-08-26,RSI_EXTREME,MOYENNE,14.045145508015779,RSI en SURVENDE: 14.0,,,,,,,,,SURVENDE
BTC-USD,2023-08-27,RSI_EXTREME,MOYENNE,15.933627907383794,RSI en SURVENDE: 15.9,,,,,,,,,SURVENDE
BTC-USD,2023-08-28,RSI_EXTREME,MOYENNE,13.930585575937656,RSI en SURVENDE: 13.9,,,,,,,,,SURVENDE
BTC-USD,2023-10-23,RSI_EXTREME,MOYENNE,86.48958444773884,RSI en SURACHAT: 86.5,,,,,,,,,SURACHAT
BTC-USD,2023-10-24,RSI_EXTREME,MOYENNE,89.88042739096166,RSI en SURACHAT: 89.9,,,,,,,,,SURACHAT
BTC-USD,2023-10-25,RSI_EXTREME,MOYENNE,96.26110073429341,RSI en SURACHAT: 96.3,,,,,,,,,SURACHAT
BTC-USD,2023-10-26,RSI_EXTREME,MOYENNE,93.65291585697204,RSI en SURACHAT: 93.7,,,,,,,,,SURACHAT
BTC-USD,2023-10-27,RSI_EXTREME,MOYENNE,90.89233056734807,RSI en SURACHAT: 90.9,,,,,,,,,SURACHAT
BTC-USD,2023-10-28,RSI_EXTREME,MOYENNE,91.08537287238389,RSI en SURACHAT: 91.1,,,,,,,,,SURACHAT
BTC-USD,2023-10-29,RSI_EXTREME,MOYENNE,91.23578561879656,RSI en SURACHAT: 91.2,,,,,,,,,SURACHAT
BTC-USD,2023-10-30,RSI_EXTREME,MOYENNE,89.24023958858278,RSI en SURACHAT: 89.2,,,,,,,,,SURACHAT
BTC-USD,2023-10-31,RSI_EXTREME,MOYENNE,90.6762282322701,RSI en SURACHAT: 90.7,,,,,,,,,SURACHAT
BTC-USD,2023-11-01,RSI_EXTREME,MOYENNE,92.48090394045377,RSI en SURACHAT: 92.5,,,,,,,,,SURACHAT
BTC-USD,2023-11-02,RSI_EXTREME,MOYENNE,86.68809371977314,RSI en SURACHAT: 86.7,,,,,,,,,SURACHAT
BTC-USD,2023-11-03,RSI_EXTREME,MOYENNE,82.71376668917367,RSI en SURACHAT: 82.7,,,,,,,,,SURACHAT
BTC-USD,2023-11-04,RSI_EXTREME,MOYENNE,82.96628304506226,RSI en SURACHAT: 83.0,,,,,,,,,SURACHAT
BTC-USD,2023-11-05,RSI_EXTREME,MOYENNE,82.45142369550265,RSI en SURACHAT: 82.5,,,,,,,,,SURACHAT
BTC-USD,2023-11-10,RSI_EXTREME,MOYENNE,84.2064854655202,RSI en SURACHAT: 84.2,,,,,,,,,SURACHAT
BTC-USD,2023-11-11,RSI_EXTREME,MOYENNE,80.65610450910793,RSI en SURACHAT: 80.7,,,,,,,,,SURACHAT
BTC-USD,2023-12-05,RSI_EXTREME,MOYENNE,91.62968540750987,RSI en SURACHAT: 91.6,,,,,,,,,SURACHAT
BTC-USD,2023-12-06,RSI_EXTREME,MOYENNE,86.52013225240744,RSI en SURACHAT: 86.5,,,,,,,,,SURACHAT
BTC-USD,2023-12-07,RSI_EXTREME,MOYENNE,83.51500628305912,RSI en SURACHAT: 83.5,,,,,,,,,SURACHAT
BTC-USD,2023-12-08,RSI_EXTREME,MOYENNE,84.29247196353347,RSI en SURACHAT: 84.3,,,,,,,,,SURACHAT
BTC-USD,2023-12-09,RSI_EXTREME,MOYENNE,80.36519705220891,RSI en SURACHAT: 80.4,,,,,,,,,SURACHAT
BTC-USD,2023-12-10,RSI_EXTREME,MOYENNE,83.16380115059278,RSI en SURACHAT: 83.2,,,,,,,,,SURACHAT
BTC-USD,2024-01-22,RSI_EXTREME,MOYENNE,18.809079988807227,RSI en SURVENDE: 18.8,,,,,,,,,SURVENDE
BTC-USD,2024-02-08,RSI_EXTREME,MOYENNE,82.92086798361701,RSI en SURACHAT: 82.9,,,,,,,,,SURACHAT
BTC-USD,2024-02-09,RSI_EXTREME,MOYENNE,82.8420928998942,RSI en SURACHAT: 82.8,,,,,,,,,SURACHAT
BTC-USD,2024-02-10,RSI_EXTREME,MOYENNE,83.4947590098402,RSI en SURACHAT: 83.5,,,,,,,,,SURACHAT
BTC-USD,2024-02-11,RSI_EXTREME,MOYENNE,85.26150141848811,RSI en SURACHAT: 85.3,,,,,,,,,SURACHAT
BTC-USD,2024-02-12,RSI_EXTREME,MOYENNE,85.91487854455386,RSI en SURACHAT: 85.9,,,,,,,,,SURACHAT
BTC-USD,2024-02-13,RSI_EXTREME,MOYENNE,87.03831475590084,RSI en SURACHAT: 87.0,,,,,,,,,SURACHAT
BTC-USD,2024-02-14,RSI_EXTREME,MOYENNE,92.48122217343492,RSI en SURACHAT: 92.5,,,,,,,,,SURACHAT
BTC-USD,2024-02-15,RSI_EXTREME,MOYENNE,92.2081483250847,RSI en SURACHAT: 92.2,,,,,,,,,SURACHAT
BTC-USD,2024-02-16,RSI_EXTREME,MOYENNE,92.2900748745158,RSI en SURACHAT: 92.3,,,,,,,,,SURACHAT
BTC-USD,2024-02-17,RSI_EXTREME,MOYENNE,89.7228309673697,RSI en SURACHAT: 89.7,,,,,,,,,SURACHAT
BTC-USD,2024-02-18,RSI_EXTREME,MOYENNE,93.49756414709523,RSI en SURACHAT: 93.5,,,,,,,,,SURACHAT
BTC-USD,2024-02-19,RSI_EXTREME,MOYENNE,90.59586593103487,RSI en SURACHAT: 90.6,,,,,,,,,SURACHAT
BTC-USD,2024-02-20,RSI_EXTREME,MOYENNE,90.66214015698223,RSI en SURACHAT: 90.7,,,,,,,,,SURACHAT
BTC-USD,2024-02-21,RSI_EXTREME,MOYENNE,85.72857443476977,RSI en SURACHAT: 85.7,,,,,,,,,SURACHAT
BTC-USD,2024-02-27,RSI_EXTREME,MOYENNE,80.26764092126957,RSI en SURACHAT: 80.3,,,,,,,,,SURACHAT
BTC-USD,2024-02-28,RSI_EXTREME,MOYENNE,84.52305357656144,RSI en SURACHAT: 84.5,,,,,,,,,SURACHAT
BTC-USD,2024-03-03,RSI_EXTREME,MOYENNE,80.2235848877105,RSI en SURACHAT: 80.2,,,,,,,,,SURACHAT
BTC-USD,2024-03-04,RSI_EXTREME,MOYENNE,85.83843997005798,RSI en SURACHAT: 85.8,,,,,,,,,SURACHAT
BTC-USD,2024-06-19,RSI_EXTREME,MOYENNE,19.019268796188456,RSI en SURVENDE: 19.0,,,,,,,,,SURVENDE
BTC-USD,2024-06-20,RSI_EXTREME,MOYENNE,19.40018887751752,RSI en SURVENDE: 19.4,,,,,,,,,SURVENDE
BTC-USD,2024-06-23,RSI_EXTREME,MOYENNE,17.185495673628083,RSI en SURVENDE: 17.2,,,,,,,,,SURVENDE
BTC-USD,2024-06-24,RSI_EXTREME,MOYENNE,13.41712284506771,RSI en SURVENDE: 13.4,,,,,,,,,SURVENDE
BTC-USD,2024-06-26,RSI_EXTREME,MOYENNE,19.17824068447534,RSI en SURVENDE: 19.2,,,,,,,,,SURVENDE
BTC-USD,2024-07-21,RSI_EXTREME,MOYENNE,88.74451090341454,RSI en SURACHAT: 88.7,,,,,,,,,SURACHAT
BTC-USD,2024-07-22,RSI_EXTREME,MOYENNE,84.8868455457544,RSI en SURACHAT: 84.9,,,,,,,,,SURACHAT
BTC-USD,2024-08-05,RSI_EXTREME,MOYENNE,17.688010154103566,RSI en SURVENDE: 17.7,,,,,,,,,SURVENDE
BTC-USD,2024-09-06,RSI_EXTREME,MOYENNE,18.29519636838242,RSI en SURVENDE: 18.3,,,,,,,,,SURVENDE
BTC-USD,2024-09-07,RSI_EXTREME,MOYENNE,18.834420909004038,RSI en SURVENDE: 18.8,,,,,,,,,SURVENDE
BTC-USD,2024-09-20,RSI_EXTREME,MOYENNE,81.63037815241738,RSI en SURACHAT: 81.6,,,,,,,,,SURACHAT
BTC-USD,2024-09-21,RSI_EXTREME,MOYENNE,81.64410741574439,RSI en SURACHAT: 81.6,,,,,,,,,SURACHAT
BTC-USD,2024-09-22,RSI_EXTREME,MOYENNE,81.06399353872837,RSI en SURACHAT: 81.1,,,,,,,,,SURACHAT
BTC-USD,2024-11-11,RSI_EXTREME,MOYENNE,82.84273503760072,RSI en SURACHAT: 82.8,,,,,,,,,SURACHAT
BTC-USD,2024-11-13,RSI_EXTREME,MOYENNE,81.68346276367701,RSI en SURACHAT: 81.7,,,,,,,,,SURACHAT
BTC-USD,2024-11-15,RSI_EXTREME,MOYENNE,82.61903137040895,RSI en SURACHAT: 82.6,,,,,,,,,SURACHAT
BTC-USD,2024-11-16,RSI_EXTREME,MOYENNE,81.84145017265408,RSI en SURACHAT: 81.8,,,,,,,,,SURACHAT
BTC-USD,2024-11-17,RSI_EXTREME,MOYENNE,81.44040349398078,RSI en SURACHAT: 81.4,,,,,,,,,SURACHAT
BTC-USD,2024-11-18,RSI_EXTREME,MOYENNE,84.09984546230399,RSI en SURACHAT: 84.1,,,,,,,,,SURACHAT
BTC-USD,2024-11-19,RSI_EXTREME,MOYENNE,84.21967357803078,RSI en SURACHAT: 84.2,,,,,,,,,SURACHAT
BTC-USD,2024-11-20,RSI_EXTREME,MOYENNE,81.91247142593167,RSI en SURACHAT: 81.9,,,,,,,,,SURACHAT
BTC-USD,2024-11-21,RSI_EXTREME,MOYENNE,84.03697777911651,RSI en SURACHAT: 84.0,,,,,,,,,SURACHAT
BTC-USD,2024-11-22,RSI_EXTREME,MOYENNE,83.96565189355188,RSI en SURACHAT: 84.0,,,,,,,,,SURACHAT
BTC-USD,2024-11-23,RSI_EXTREME,MOYENNE,80.84527013798564,RSI en SURACHAT: 80.8,,,,,,,,,SURACHAT
BTC-USD,2025-02-26,RSI_EXTREME,MOYENNE,19.15281130638695,RSI en SURVENDE: 19.2,,,,,,,,,SURVENDE
BTC-USD,2025-02-28,RSI_EXTREME,MOYENNE,17.93970142446318,RSI en SURVENDE: 17.9,,,,,,,,,SURVENDE
BTC-USD,2025-04-24,RSI_EXTREME,MOYENNE,85.51250977598747,RSI en SURACHAT: 85.5,,,,,,,,,SURACHAT
BTC-USD,2025-04-25,RSI_EXTREME,MOYENNE,82.97755011618604,RSI en SURACHAT: 83.0,,,,,,,,,SURACHAT
BTC-USD,2025-04-26,RSI_EXTREME,MOYENNE,80.49215767818612,RSI en SURACHAT: 80.5,,,,,,,,,SURACHAT
BTC-USD,2025-04-27,RSI_EXTREME,MOYENNE,84.3966339443876,RSI en SURACHAT: 84.4,,,,,,,,,SURACHAT
BTC-USD,2025-04-28,RSI_EXTREME,MOYENNE,84.7777572976187,RSI en SURACHAT: 84.8,,,,,,,,,SURACHAT
BTC-USD,2025-04-29,RSI_EXTREME,MOYENNE,85.80388808962948,RSI en SURACHAT: 85.8,,,,,,,,,SURACHAT
BTC-USD,2025-04-30,RSI_EXTREME,MOYENNE,84.99029719964983,RSI en SURACHAT: 85.0,,,,,,,,,SURACHAT
BTC-USD,2025-05-01,RSI_EXTREME,MOYENNE,86.32864488623153,RSI en SURACHAT: 86.3,,,,,,,,,SURACHAT
BTC-USD,2025-05-02,RSI_EXTREME,MOYENNE,89.09781993663097,RSI en SURACHAT: 89.1,,,,,,,,,SURACHAT
BTC-USD,2025-05-03,RSI_EXTREME,MOYENNE,83.13637661153473,RSI en SURACHAT: 83.1,,,,,,,,,SURACHAT
BTC-USD,2025-05-18,RSI_EXTREME,MOYENNE,82.25058949233036,RSI en SURACHAT: 82.3,,,,,,,,,SURACHAT
BTC-USD,2025-05-21,RSI_EXTREME,MOYENNE,80.1070990805996,RSI en SURACHAT: 80.1,,,,,,,,,SURACHAT
BTC-USD,2025-07-14,RSI_EXTREME,MOYENNE,80.49926592870982,RSI en SURACHAT: 80.5,,,,,,,,,SURACHAT
BTC-USD,2025-09-18,RSI_EXTREME,MOYENNE,80.16637159556666,RSI en SURACHAT: 80.2,,,,,,,,,SURACHAT
BTC-USD,2025-11-21,RSI_EXTREME,MOYENNE,19.246915702437633,RSI en SURVENDE: 19.2,,,,,,,,,SURVENDE
BTC-USD,2025-11-22,RSI_EXTREME,MOYENNE,19.67584313967845,RSI en SURVENDE: 19.7,,,,,,,,,SURVENDE
BTC-USD,2025-11-23,RSI_EXTREME,MOYENNE,18.892325290453414,RSI en SURVENDE: 18.9,,,,,,,,,SURVENDE
BTC-USD,2025-11-24,RSI_EXTREME,MOYENNE,19.42011577845321,RSI en SURVENDE: 19.4,,,,,,,,,SURVENDE
GOOGL,2023-07-25,MOUVEMENT_EXTREME,HAUTE,5.776924122802352,Mouvement de prix extrême: 5.78%,121.37288665771484,,,,,,,,
GOOGL,2023-10-24,MOUVEMENT_EXTREME,HAUTE,-9.509405861087961,Mouvement de prix extrême: -9.51%,137.8591766357422,,,,,,,,
GOOGL,2024-01-30,MOUVEMENT_EXTREME,HAUTE,-7.500326381649347,Mouvement de prix extrême: -7.50%,150.4225311279297,,,,,,,,
GOOGL,2024-04-25,MOUVEMENT_EXTREME,HAUTE,10.22435917954101,Mouvement de prix extrême: 10.22%,154.93141174316406,,,,,,,,
GOOGL,2025-02-04,MOUVEMENT_EXTREME,HAUTE,-7.292368252242653,Mouvement de prix extrême: -7.29%,205.7093505859375,,,,,,,,
GOOGL,2025-04-08,MOUVEMENT_EXTREME,HAUTE,9.682104090518063,Mouvement de prix extrême: 9.68%,144.39588928222656,,,,,,,,
GOOGL,2025-05-06,MOUVEMENT_EXTREME,HAUTE,-7.259681958467656,Mouvement de prix extrême: -7.26%,162.88693237304688,,,,,,,,
GOOGL,2025-09-02,MOUVEMENT_EXTREME,HAUTE,9.136500745700982,Mouvement de prix extrême: 9.14%,211.16114807128906,,,,,,,,
GOOGL,2023-03-16,VOLUME_ANORMAL,MOYENNE,65492000.0,"Volume anormal: 65,492,000 vs moyenne 31,432,148",,2.0835992594415975,,,,,,,
GOOGL,2023-05-11,VOLUME_ANORMAL,MOYENNE,78900000.0,"Volume anormal: 78,900,000 vs moyenne 31,432,148",,2.5101688995593667,,,,,,,
GOOGL,2023-07-21,VOLUME_ANORMAL,MOYENNE,72937900.0,"Volume anormal: 72,937,900 vs moyenne 31,432,148",,2.3204873026510917,,,,,,,
GOOGL,2023-10-25,VOLUME_ANORMAL,MOYENNE,84366200.0,"Volume anormal: 84,366,200 vs moyenne 31,432,148",,2.6840736554373312,,,,,,,
GOOGL,2024-01-31,VOLUME_ANORMAL,MOYENNE,71910000.0,"Volume anormal: 71,910,000 vs moyenne 31,432,148",,2.2877851149215975,,,,,,,
GOOGL,2024-03-18,VOLUME_ANORMAL,MOYENNE,69273700.0,"Volume anormal: 69,273,700 vs moyenne 31,432,148",,2.2039123865323913,,,,,,,
GOOGL,2024-10-30,VOLUME_ANORMAL,MOYENNE,68890800.0,"Volume anormal: 68,890,800 vs moyenne 31,432,148",,2.1917305909475844,,,,,,,
GOOGL,2024-12-11,VOLUME_ANORMAL,MOYENNE,67894100.0,"Volume anormal: 67,894,100 vs moyenne 31,432,148",,2.160021017535787,,,,,,,
GOOGL,2025-02-05,VOLUME_ANORMAL,MOYENNE,70373900.0,"Volume anormal: 70,373,900 vs moyenne 31,432,148",,2.2389147670557783,,,,,,,
GOOGL,2025-04-07,VOLUME_ANORMAL,MOYENNE,76794100.0,"Volume anormal: 76,794,100 vs moyenne 31,432,148",,2.4431706145710006,,,,,,,
GOOGL,2025-04-09,VOLUME_ANORMAL,MOYENNE,70406200.0,"Volume anormal: 70,406,200 vs moyenne 31,432,148",,2.2399423773910856,,,,,,,
GOOGL,2025-05-07,VOLUME_ANORMAL,MOYENNE,127490100.0,"Volume anormal: 127,490,100 vs moyenne 31,432,148",,4.056041622581922,,,,,,,
GOOGL,2025-05-21,VOLUME_ANORMAL,MOYENNE,73416000.0,"Volume anormal: 73,416,000 vs moyenne 31,432,148",,2.3356978444873313,,,,,,,
GOOGL,2025-05-22,VOLUME_ANORMAL,MOYENNE,74864400.0,"Volume anormal: 74,864,400 vs moyenne 31,432,148",,2.3817780553127026,,,,,,,
GOOGL,2025-06-20,VOLUME_ANORMAL,MOYENNE,75659900.0,"Volume anormal: 75,659,900 vs moyenne 31,432,148",,2.407086538957816,,,,,,,
GOOGL,2025-06-27,VOLUME_ANORMAL,MOYENNE,108140200.0,"Volume anormal: 108,140,200 vs moyenne 31,432,148",,3.4404330396974627,,,,,,,
GOOGL,2025-07-24,VOLUME_ANORMAL,MOYENNE,74881700.0,"Volume anormal: 74,881,700 vs moyenne 31,432,148",,2.382328447226041,,,,,,,
GOOGL,2025-09-03,VOLUME_ANORMAL,MOYENNE,103336100.0,"Volume anormal: 103,336,100 vs moyenne 31,432,148",,3.2875927049652303,,,,,,,
GOOGL,2025-10-30,VOLUME_ANORMAL,MOYENNE,74876000.0,"Volume anormal: 74,876,000 vs moyenne 31,432,148",,2.3821471042256923,,,,,,,
GOOGL,2025-11-19,VOLUME_ANORMAL,MOYENNE,68198900.0,"Volume anormal: 68,198,900 vs moyenne 31,432,148",,2.1697180958702065,,,,,,,
GOOGL,2025-11-21,VOLUME_ANORMAL,MOYENNE,74137700.0,"Volume anormal: 74,137,700 vs moyenne 31,432,148",,2.3586584134963555,,,,,,,
GOOGL,2023-04-14,GAP_OUVERTURE,MOYENNE,-0.5026546843718577,Gap d'ouverture: -0.50%,,,106.15781931069009,106.69412231445312,,,,,
GOOGL,2023-07-25,GAP_OUVERTURE,MOYENNE,-0.1398657781426618,Gap d'ouverture: -0.14%,,,120.52871049183973,120.69752502441406,,,,,
GOOGL,2023-10-24,GAP_OUVERTURE,MOYENNE,0.9743714281949266,Gap d'ouverture: 0.97%,,,136.88589368436072,135.5649871826172,,,,,
GOOGL,2023-12-06,GAP_OUVERTURE,MOYENNE,0.3435301382698486,Gap d'ouverture: 0.34%,,,130.53966601076132,130.09275817871094,,,,,
GOOGL,2024-01-30,GAP_OUVERTURE,MOYENNE,-0.46250763810800594,Gap d'ouverture: -0.46%,,,151.7533487161558,152.45848083496094,,,,,
GOOGL,2024-03-15,GAP_OUVERTURE,MOYENNE,-0.41926898676233815,Gap d'ouverture: -0.42%,,,141.5239173262813,142.11978149414062,,,,,
GOOGL,2024-04-24,GAP_OUVERTURE,MOYENNE,-0.48652889036969393,Gap d'ouverture: -0.49%,,,156.41124269561158,157.1759490966797,,,,,
GOOGL,2024-04-25,GAP_OUVERTURE,MOYENNE,-4.9016738901187376,Gap d'ouverture: -4.90%,,,150.29340271013402,158.04000854492188,,,,,
GOOGL,2024-07-23,GAP_OUVERTURE,MOYENNE,0.20917234787303515,Gap d'ouverture: 0.21%,,,181.01049348787305,180.63265991210938,,,,,
GOOGL,2024-08-02,GAP_OUVERTURE,MOYENNE,-2.529855445039421,Gap d'ouverture: -2.53%,,,165.4896290110481,169.78494262695312,,,,,
GOOGL,2024-10-29,GAP_OUVERTURE,MOYENNE,0.6057912609493564,Gap d'ouverture: 0.61%,,,166.99353207872855,165.9879913330078,,,,,
GOOGL,2024-12-09,GAP_OUVERTURE,MOYENNE,-0.3151773633230871,Gap d'ouverture: -0.32%,,,173.3947033817355,173.94293212890625,,,,,
GOOGL,2025-01-24,GAP_OUVERTURE,MOYENNE,0.06060904886034495,Gap d'ouverture: 0.06%,,,197.45625853253006,197.33665466308594,,,,,
GOOGL,2025-02-04,GAP_OUVERTURE,MOYENNE,1.0733987399970981,Gap d'ouverture: 1.07%,,,202.7290614411804,200.57608032226562,,,,,
GOOGL,2025-04-02,GAP_OUVERTURE,MOYENNE,-1.2223947043807475,Gap d'ouverture: -1.22%,,,154.8239184605045,156.73989868164062,,,,,
GOOGL,2025-04-24,GAP_OUVERTURE,MOYENNE,0.5149515165099517,Gap d'ouverture: 0.51%,,,155.82180972917425,155.0235137939453,,,,,
GOOGL,2025-07-23,GAP_OUVERTURE,MOYENNE,0.08362267609754671,Gap d'ouverture: 0.08%,,,191.32888225818212,191.1690216064453,,,,,
GOOGL,2025-09-02,GAP_OUVERTURE,MOYENNE,-2.0994746675894183,Gap d'ouverture: -2.10%,,,208.25374472878948,212.71974182128906,,,,,
GOOGL,2025-10-29,GAP_OUVERTURE,MOYENNE,0.10468418066287508,Gap d'ouverture: 0.10%,,,267.75,267.4700012207031,,,,,
GOOGL,2025-11-19,GAP_OUVERTURE,MOYENNE,1.0130874121216018,Gap d'ouverture: 1.01%,,,287.1600036621094,284.2799987792969,,,,,
GOOGL,2023-11-03,VOLATILITE_EXTREME,HAUTE,3.470845445039372,Volatilité extrême: 3.47%,,,,,10 jours,,,,
GOOGL,2023-11-06,VOLATILITE_EXTREME,HAUTE,3.479549694699179,Volatilité extrême: 3.48%,,,,,10 jours,,,,
GOOGL,2024-04-26,VOLATILITE_EXTREME,HAUTE,3.486572524735158,Volatilité extrême: 3.49%,,,,,10 jours,,,,
GOOGL,2024-04-29,VOLATILITE_EXTREME,HAUTE,3.6527915452768287,Volatilité extrême: 3.65%,,,,,10 jours,,,,
GOOGL,2024-04-30,VOLATILITE_EXTREME,HAUTE,3.74841517727851,Volatilité extrême: 3.75%,,,,,10 jours,,,,
GOOGL,2024-05-01,VOLATILITE_EXTREME,HAUTE,3.748336950616768,Volatilité extrême: 3.75%,,,,,10 jours,,,,
GOOGL,2024-05-02,VOLATILITE_EXTREME,HAUTE,3.7626402408282704,Volatilité extrême: 3.76%,,,,,10 jours,,,,
GOOGL,2024-05-03,VOLATILITE_EXTREME,HAUTE,3.7039404359092587,Volatilité extrême: 3.70%,,,,,10 jours,,,,
GOOGL,2024-05-06,VOLATILITE_EXTREME,HAUTE,3.7003553397053834,Volatilité extrême: 3.70%,,,,,10 jours,,,,
GOOGL,2024-05-07,VOLATILITE_EXTREME,HAUTE,3.7139873300209363,Volatilité extrême: 3.71%,,,,,10 jours,,,,
GOOGL,2024-05-08,VOLATILITE_EXTREME,HAUTE,3.76474098111758,Volatilité extrême: 3.76%,,,,,10 jours,,,,
GOOGL,2024-05-09,VOLATILITE_EXTREME,HAUTE,3.6530100317255134,Volatilité extrême: 3.65%,,,,,10 jours,,,,
GOOGL,2025-04-09,VOLATILITE_EXTREME,HAUTE,4.112906801764437,Volatilité extrême: 4.11%,,,,,10 jours,,,,
GOOGL,2025-04-10,VOLATILITE_EXTREME,HAUTE,4.235095110203465,Volatilité extrême: 4.24%,,,,,10 jours,,,,
GOOGL,2025-04-11,VOLATILITE_EXTREME,HAUTE,4.050953246597371,Volatilité extrême: 4.05%,,,,,10 jours,,,,
GOOGL,2025-04-14,VOLATILITE_EXTREME,HAUTE,4.062516139874847,Volatilité extrême: 4.06%,,,,,10 jours,,,,
GOOGL,2025-04-15,VOLATILITE_EXTREME,HAUTE,4.0869947144724295,Volatilité extrême: 4.09%,,,,,10 jours,,,,
GOOGL,2025-04-16,VOLATILITE_EXTREME,HAUTE,4.132548180266174,Volatilité extrême: 4.13%,,,,,10 jours,,,,
GOOGL,2025-04-17,VOLATILITE_EXTREME,HAUTE,3.939621499686282,Volatilité extrême: 3.94%,,,,,10 jours,,,,
GOOGL,2025-04-21,VOLATILITE_EXTREME,HAUTE,3.846324739387641,Volatilité extrême: 3.85%,,,,,10 jours,,,,
GOOGL,2025-04-22,VOLATILITE_EXTREME,HAUTE,3.917134861467672,Volatilité extrême: 3.92%,,,,,10 jours,,,,
GOOGL,2025-04-23,VOLATILITE_EXTREME,HAUTE,3.9172158062462046,Volatilité extrême: 3.92%,,,,,10 jours,,,,
GOOGL,2023-04-18,CASSURE_TENDANCE,MOYENNE,20.0,Cassure BAISSE de la MM20,,,,,,103.7841796875,103.98282012939453,,
GOOGL,2023-04-20,CASSURE_TENDANCE,MOYENNE,20.0,Cassure HAUSSE de la MM20,,,,,,104.56878662109375,104.04141693115234,,
GOOGL,2023-04-25,CASSURE_TENDANCE,MOYENNE,20.0,Cassure BAISSE de la MM20,,,,,,103.13863372802734,104.12732467651367,,
GOOGL,2023-04-27,CASSURE_TENDANCE,MOYENNE,20.0,Cassure HAUSSE de la MM20,,,,,,106.85301971435547,104.56828308105469,,
GOOGL,2023-05-02,CASSURE_TENDANCE,MOYENNE,20.0,Cassure BAISSE de la MM20,,,,,,104.59856414794922,105.10855484008789,,
GOOGL,2023-05-08,CASSURE_TENDANCE,MOYENNE,20.0,Cassure HAUSSE de la MM20,,,,,,107.03178405761719,105.07826385498046,,
GOOGL,2023-06-08,CASSURE_TENDANCE,MOYENNE,20.0,Cassure BAISSE de la MM20,,,,,,121.30335998535156,121.46325607299805,,
GOOGL,2023-06-12,CASSURE_TENDANCE,MOYENNE,20.0,Cassure HAUSSE de la MM20,,,,,,122.7930908203125,122.04871826171875,,
GOOGL,2023-06-16,CASSURE_TENDANCE,MOYENNE,20.0,Cassure BAISSE de la MM20,,,,,,122.683837890625,122.86458930969238,,
GOOGL,2023-07-13,CASSURE_TENDANCE,MOYENNE,20.0,Cassure HAUSSE de la MM20,,,,,,123.68692779541016,119.94174880981446,,
GOOGL,2023-07-20,CASSURE_TENDANCE,MOYENNE,20.0,Cassure BAISSE de la MM20,,,,,,118.38349151611328,119.89805107116699,,
GOOGL,2023-07-24,CASSURE_TENDANCE,MOYENNE,20.0,Cassure HAUSSE de la MM20,,,,,,120.69752502441406,119.70240020751953,,
GOOGL,2023-08-18,CASSURE_TENDANCE,MOYENNE,20.0,Cassure BAISSE de la MM20,,,,,,126.5869140625,128.27675743103026,,
GOOGL,2023-08-23,CASSURE_TENDANCE,MOYENNE,20.0,Cassure HAUSSE de la MM20,,,,,,131.4632568359375,129.11150054931642,,
GOOGL,2023-08-24,CASSURE_TENDANCE,MOYENNE,20.0,Cassure BAISSE de la MM20,,,,,,128.89102172851562,129.13037033081054,,
GOOGL,2023-08-28,CASSURE_TENDANCE,MOYENNE,20.0,Cassure HAUSSE de la MM20,,,,,,130.11257934570312,128.91138076782227,,
GOOGL,2023-09-20,CASSURE_TENDANCE,MOYENNE,20.0,Cassure BAISSE de la MM20,,,,,,132.8238983154297,134.15720443725587,,
GOOGL,2023-10-04,CASSURE_TENDANCE,MOYENNE,20.0,Cassure HAUSSE de la MM20,,,,,,134.31362915039062,133.18242912292482,,
GOOGL,2023-10-25,CASSURE_TENDANCE,MOYENNE,20.0,Cassure BAISSE de la MM20,,,,,,124.74958801269531,135.17121276855468,,
GOOGL,2023-11-08,CASSURE_TENDANCE,MOYENNE,20.0,Cassure HAUSSE de la MM20,,,,,,130.93690490722656,130.9205291748047,,
GOOGL,2023-11-09,CASSURE_TENDANCE,MOYENNE,20.0,Cassure BAISSE de la MM20,,,,,,129.34788513183594,130.48701858520508,,
GOOGL,2023-11-10,CASSURE_TENDANCE,MOYENNE,20.0,Cassure HAUSSE de la MM20,,,,,,131.6817626953125,130.25015182495116,,
GOOGL,2023-11-30,CASSURE_TENDANCE,MOYENNE,20.0,Cassure BAISSE de la MM20,,,,,,131.62217712402344,132.8129741668701,,
GOOGL,2023-12-07,CASSURE_TENDANCE,MOYENNE,20.0,Cassure HAUSSE de la MM20,,,,,,135.99203491210938,133.28074951171874,,
GOOGL,2023-12-11,CASSURE_TENDANCE,MOYENNE,20.0,Cassure BAISSE de la MM20,,,,,,132.3769989013672,133.55138397216797,,
GOOGL,2023-12-18,CASSURE_TENDANCE,MOYENNE,20.0,Cassure HAUSSE de la MM20,,,,,,134.8697967529297,133.19683151245118,,
GOOGL,2024-01-04,CASSURE_TENDANCE,MOYENNE,20.0,Cassure BAISSE de la MM20,,,,,,135.4557342529297,135.70652084350587,,
GOOGL,2024-01-08,CASSURE_TENDANCE,MOYENNE,20.0,Cassure HAUSSE de la MM20,,,,,,137.88894653320312,136.08490982055665,,
GOOGL,2024-01-31,CASSURE_TENDANCE,MOYENNE,20.0,Cassure BAISSE de la MM20,,,,,,139.14035034179688,143.1387596130371,,
GOOGL,2024-02-07,CASSURE_TENDANCE,MOYENNE,20.0,Cassure HAUSSE de la MM20,,,,,,144.54306030273438,144.43134460449218,,
GOOGL,2024-02-13,CASSURE_TENDANCE,MOYENNE,20.0,Cassure BAISSE de la MM20,,,,,,144.1457977294922,145.32915115356445,,
GOOGL,2024-03-13,CASSURE_TENDANCE,MOYENNE,20.0,Cassure HAUSSE de la MM20,,,,,,138.83245849609375,137.67792816162108,,
GOOGL,2024-05-30,CASSURE_TENDANCE,MOYENNE,20.0,Cassure BAISSE de la MM20,,,,,,170.93109130859375,171.19574813842775,,
GOOGL,2024-06-03,CASSURE_TENDANCE,MOYENNE,20.0,Cassure HAUSSE de la MM20,,,,,,171.98382568359375,171.78220291137694,,
GOOGL,2024-06-18,CASSURE_TENDANCE,MOYENNE,20.0,Cassure BAISSE de la MM20,,,,,,174.0902099609375,174.2162094116211,,
GOOGL,2024-06-20,CASSURE_TENDANCE,MOYENNE,20.0,Cassure HAUSSE de la MM20,,,,,,175.29331970214844,174.14928741455077,,
GOOGL,2024-07-17,CASSURE_TENDANCE,MOYENNE,20.0,Cassure BAISSE de la MM20,,,,,,179.98638916015625,183.0318801879883,,
GOOGL,2024-08-19,CASSURE_TENDANCE,MOYENNE,20.0,Cassure HAUSSE de la MM20,,,,,,165.7183074951172,164.92337036132812,,
GOOGL,2024-08-22,CASSURE_TENDANCE,MOYENNE,20.0,Cassure BAISSE de la MM20,,,,,,162.8647003173828,163.68697280883788,,
GOOGL,2024-08-23,CASSURE_TENDANCE,MOYENNE,20.0,Cassure HAUSSE de la MM20,,,,,,164.67431640625,163.61836776733398,,
GOOGL,2024-08-28,CASSURE_TENDANCE,MOYENNE,20.0,Cassure BAISSE de la MM20,,,,,,161.92013549804688,162.7399124145508,,
GOOGL,2024-08-30,CASSURE_TENDANCE,MOYENNE,20.0,Cassure HAUSSE de la MM20,,,,,,162.4470977783203,162.13041229248046,,
GOOGL,2024-09-03,CASSURE_TENDANCE,MOYENNE,20.0,Cassure BAISSE de la MM20,,,,,,156.4614715576172,162.0364517211914,,
GOOGL,2024-09-17,CASSURE_TENDANCE,MOYENNE,20.0,Cassure HAUSSE de la MM20,,,,,,158.62049865722656,158.2293487548828,,
GOOGL,2024-10-09,CASSURE_TENDANCE,MOYENNE,20.0,Cassure BAISSE de la MM20,,,,,,161.14932250976562,161.6979118347168,,
GOOGL,2024-10-11,CASSURE_TENDANCE,MOYENNE,20.0,Cassure HAUSSE de la MM20,,,,,,162.52328491210938,162.35352020263673,,
GOOGL,2024-10-17,CASSURE_TENDANCE,MOYENNE,20.0,Cassure BAISSE de la MM20,,,,,,162.21461486816406,163.30830993652344,,
GOOGL,2024-10-22,CASSURE_TENDANCE,MOYENNE,20.0,Cassure HAUSSE de la MM20,,,,,,164.41493225097656,163.55223388671874,,
GOOGL,2024-10-23,CASSURE_TENDANCE,MOYENNE,20.0,Cassure BAISSE de la MM20,,,,,,162.06529235839844,163.61645050048827,,
GOOGL,2024-10-25,CASSURE_TENDANCE,MOYENNE,20.0,Cassure HAUSSE de la MM20,,,,,,164.54437255859375,163.68166427612306,,
GOOGL,2024-11-21,CASSURE_TENDANCE,MOYENNE,20.0,Cassure BAISSE de la MM20,,,,,,166.8939971923828,173.1897300720215,,
GOOGL,2024-12-04,CASSURE_TENDANCE,MOYENNE,20.0,Cassure HAUSSE de la MM20,,,,,,173.60440063476562,173.15986251831055,,
GOOGL,2024-12-05,CASSURE_TENDANCE,MOYENNE,20.0,Cassure BAISSE de la MM20,,,,,,171.88201904296875,172.96721343994142,,
GOOGL,2024-12-06,CASSURE_TENDANCE,MOYENNE,20.0,Cassure HAUSSE de la MM20,,,,,,173.94293212890625,172.66654052734376,,
GOOGL,2025-01-10,CASSURE_TENDANCE,MOYENNE,20.0,Cassure BAISSE de la MM20,,,,,,191.41592407226562,192.2128479003906,,
GOOGL,2025-01-15,CASSURE_TENDANCE,MOYENNE,20.0,Cassure HAUSSE de la MM20,,,,,,194.91453552246094,192.1650032043457,,
GOOGL,2025-01-27,CASSURE_TENDANCE,MOYENNE,20.0,Cassure BAISSE de la MM20,,,,,,191.18670654296875,193.3705741882324,,
GOOGL,2025-01-28,CASSURE_TENDANCE,MOYENNE,20.0,Cassure HAUSSE de la MM20,,,,,,194.6653594970703,193.35562286376953,,
GOOGL,2025-02-05,CASSURE_TENDANCE,MOYENNE,20.0,Cassure BAISSE de la MM20,,,,,,190.70826721191406,195.74034957885743,,
GOOGL,2025-03-24,CASSURE_TENDANCE,MOYENNE,20.0,Cassure HAUSSE de la MM20,,,,,,167.3275909423828,167.19306259155275,,
GOOGL,2025-03-26,CASSURE_TENDANCE,MOYENNE,20.0,Cassure BAISSE de la MM20,,,,,,164.7130889892578,166.58786239624024,,
GOOGL,2025-04-14,CASSURE_TENDANCE,MOYENNE,20.0,Cassure HAUSSE de la MM20,,,,,,158.73570251464844,157.44241485595703,,
GOOGL,2025-04-15,CASSURE_TENDANCE,MOYENNE,20.0,Cassure BAISSE de la MM20,,,,,,155.9814910888672,157.2248733520508,,
GOOGL,2025-04-23,CASSURE_TENDANCE,MOYENNE,20.0,Cassure HAUSSE de la MM20,,,,,,155.0235137939453,153.73522262573243,,
GOOGL,2025-05-07,CASSURE_TENDANCE,MOYENNE,20.0,Cassure BAISSE de la MM20,,,,,,151.06185913085938,157.06870346069337,,
GOOGL,2025-05-12,CASSURE_TENDANCE,MOYENNE,20.0,Cassure HAUSSE de la MM20,,,,,,158.12696838378906,156.9100372314453,,
GOOGL,2025-06-20,CASSURE_TENDANCE,MOYENNE,20.0,Cassure BAISSE de la MM20,,,,,,166.4910888671875,172.1547706604004,,
GOOGL,2025-06-26,CASSURE_TENDANCE,MOYENNE,20.0,Cassure HAUSSE de la MM20,,,,,,173.38491821289062,171.77549896240234,,
GOOGL,2025-07-08,CASSURE_TENDANCE,MOYENNE,20.0,Cassure BAISSE de la MM20,,,,,,174.20419311523438,174.403515625,,
GOOGL,2025-07-09,CASSURE_TENDANCE,MOYENNE,20.0,Cassure HAUSSE de la MM20,,,,,,176.46217346191406,174.42999191284179,,
GOOGL,2025-09-30,CASSURE_TENDANCE,MOYENNE,20.0,Cassure BAISSE de la MM20,,,,,,243.10000610351562,244.0603157043457,,
GOOGL,2025-10-01,CASSURE_TENDANCE,MOYENNE,20.0,Cassure HAUSSE de la MM20,,,,,,244.89999389648438,244.78262100219726,,
GOOGL,2025-10-03,CASSURE_TENDANCE,MOYENNE,20.0,Cassure BAISSE de la MM20,,,,,,245.35000610351562,245.9904998779297,,
GOOGL,2025-10-06,CASSURE_TENDANCE,MOYENNE,20.0,Cassure HAUSSE de la MM20,,,,,,250.42999267578125,246.80999984741212,,
GOOGL,2025-10-07,CASSURE_TENDANCE,MOYENNE,20.0,Cassure BAISSE de la MM20,,,,,,245.75999450683594,247.1164993286133,,
GOOGL,2025-10-15,CASSURE_TENDANCE,MOYENNE,20.0,Cassure HAUSSE de la MM20,,,,,,251.02999877929688,246.6519989013672,,
GOOGL,2023-07-10,CASSURE_TENDANCE,MOYENNE,50.0,Cassure BAISSE de la MM50,,,,,,115.65232849121094,,117.99577072143555,
GOOGL,2023-07-13,CASSURE_TENDANCE,MOYENNE,50.0,Cassure HAUSSE de la MM50,,,,,,123.68692779541016,,118.76009979248047,
GOOGL,2023-07-20,CASSURE_TENDANCE,MOYENNE,50.0,Cassure BAISSE de la MM50,,,,,,118.38349151611328,,120.47427703857421,
GOOGL,2023-07-25,CASSURE_TENDANCE,MOYENNE,50.0,Cassure HAUSSE de la MM50,,,,,,121.37288665771484,,121.03222885131837,
GOOGL,2023-09-21,CASSURE_TENDANCE,MOYENNE,50.0,Cassure BAISSE de la MM50,,,,,,129.5465087890625,,129.75288040161132,
GOOGL,2023-09-25,CASSURE_TENDANCE,MOYENNE,50.0,Cassure HAUSSE de la MM50,,,,,,130.21192932128906,,129.97931854248046,
GOOGL,2023-09-26,CASSURE_TENDANCE,MOYENNE,50.0,Cassure BAISSE de la MM50,,,,,,127.68932342529297,,130.05718170166017,
GOOGL,2023-09-28,CASSURE_TENDANCE,MOYENNE,50.0,Cassure HAUSSE de la MM50,,,,,,131.40370178222656,,130.39604431152344,
GOOGL,2023-09-29,CASSURE_TENDANCE,MOYENNE,50.0,Cassure BAISSE de la MM50,,,,,,129.96363830566406,,130.62764724731446,
GOOGL,2023-10-02,CASSURE_TENDANCE,MOYENNE,50.0,Cassure HAUSSE de la MM50,,,,,,133.25096130371094,,130.90870880126954,
GOOGL,2023-10-25,CASSURE_TENDANCE,MOYENNE,50.0,Cassure BAISSE de la MM50,,,,,,124.74958801269531,,133.44283279418946,
GOOGL,2023-11-14,CASSURE_TENDANCE,MOYENNE,50.0,Cassure HAUSSE de la MM50,,,,,,132.7047119140625,,132.50947006225587,
GOOGL,2023-11-30,CASSURE_TENDANCE,MOYENNE,50.0,Cassure BAISSE de la MM50,,,,,,131.62217712402344,,132.42664138793944,
GOOGL,2023-12-07,CASSURE_TENDANCE,MOYENNE,50.0,Cassure HAUSSE de la MM50,,,,,,135.99203491210938,,132.58872344970703,
GOOGL,2023-12-11,CASSURE_TENDANCE,MOYENNE,50.0,Cassure BAISSE de la MM50,,,,,,132.3769989013672,,132.69022338867188,
GOOGL,2023-12-18,CASSURE_TENDANCE,MOYENNE,50.0,Cassure HAUSSE de la MM50,,,,,,134.8697967529297,,132.51026428222656,
GOOGL,2024-02-16,CASSURE_TENDANCE,MOYENNE,50.0,Cassure BAISSE de la MM50,,,,,,139.55746459960938,,140.5055209350586,
GOOGL,2024-02-21,CASSURE_TENDANCE,MOYENNE,50.0,Cassure HAUSSE de la MM50,,,,,,141.57354736328125,,140.8376300048828,
GOOGL,2024-02-26,CASSURE_TENDANCE,MOYENNE,50.0,Cassure BAISSE de la MM50,,,,,,136.62770080566406,,141.33063049316405,
GOOGL,2024-03-14,CASSURE_TENDANCE,MOYENNE,50.0,Cassure HAUSSE de la MM50,,,,,,142.11978149414062,,141.07916564941405,
GOOGL,2024-03-15,CASSURE_TENDANCE,MOYENNE,50.0,Cassure BAISSE de la MM50,,,,,,140.21295166015625,,141.12405639648438,
GOOGL,2024-03-18,CASSURE_TENDANCE,MOYENNE,50.0,Cassure HAUSSE de la MM50,,,,,,146.66842651367188,,141.3483102416992,
GOOGL,2024-07-18,CASSURE_TENDANCE,MOYENNE,50.0,Cassure BAISSE de la MM50,,,,,,176.67538452148438,,177.0833248901367,
GOOGL,2024-07-22,CASSURE_TENDANCE,MOYENNE,50.0,Cassure HAUSSE de la MM50,,,,,,180.63265991210938,,177.4629541015625,
GOOGL,2024-07-24,CASSURE_TENDANCE,MOYENNE,50.0,Cassure BAISSE de la MM50,,,,,,171.64427185058594,,177.78506713867188,
GOOGL,2024-09-27,CASSURE_TENDANCE,MOYENNE,50.0,Cassure HAUSSE de la MM50,,,,,,163.2301483154297,,162.24968383789061,
GOOGL,2024-11-22,CASSURE_TENDANCE,MOYENNE,50.0,Cassure BAISSE de la MM50,,,,,,164.03659057617188,,166.90116394042968,
GOOGL,2024-11-26,CASSURE_TENDANCE,MOYENNE,50.0,Cassure HAUSSE de la MM50,,,,,,168.37744140625,,167.28726104736327,
GOOGL,2025-02-07,CASSURE_TENDANCE,MOYENNE,50.0,Cassure BAISSE de la MM50,,,,,,184.73770141601562,,188.94595275878908,
GOOGL,2025-05-02,CASSURE_TENDANCE,MOYENNE,50.0,Cassure HAUSSE de la MM50,,,,,,163.68527221679688,,161.4056838989258,
GOOGL,2025-05-07,CASSURE_TENDANCE,MOYENNE,50.0,Cassure BAISSE de la MM50,,,,,,151.06185913085938,,160.31008514404297,
GOOGL,2025-05-14,CASSURE_TENDANCE,MOYENNE,50.0,Cassure HAUSSE de la MM50,,,,,,165.02244567871094,,159.15106994628906,
GOOGL,2023-05-16,RSI_EXTREME,MOYENNE,82.08776159658672,RSI en SURACHAT: 82.1,,,,,,,,,SURACHAT
GOOGL,2023-05-17,RSI_EXTREME,MOYENNE,80.01815559863178,RSI en SURACHAT: 80.0,,,,,,,,,SURACHAT
GOOGL,2023-05-18,RSI_EXTREME,MOYENNE,82.52841477374652,RSI en SURACHAT: 82.5,,,,,,,,,SURACHAT
GOOGL,2023-05-19,RSI_EXTREME,MOYENNE,82.7717539733595,RSI en SURACHAT: 82.8,,,,,,,,,SURACHAT
GOOGL,2023-05-22,RSI_EXTREME,MOYENNE,90.8489417890118,RSI en SURACHAT: 90.8,,,,,,,,,SURACHAT
GOOGL,2023-05-23,RSI_EXTREME,MOYENNE,82.29757135098647,RSI en SURACHAT: 82.3,,,,,,,,,SURACHAT
GOOGL,2023-05-25,RSI_EXTREME,MOYENNE,80.67834997772239,RSI en SURACHAT: 80.7,,,,,,,,,SURACHAT
GOOGL,2023-11-15,RSI_EXTREME,MOYENNE,85.21695817020345,RSI en SURACHAT: 85.2,,,,,,,,,SURACHAT
GOOGL,2023-11-16,RSI_EXTREME,MOYENNE,87.42397823475241,RSI en SURACHAT: 87.4,,,,,,,,,SURACHAT
GOOGL,2023-11-20,RSI_EXTREME,MOYENNE,81.03024047040296,RSI en SURACHAT: 81.0,,,,,,,,,SURACHAT
GOOGL,2024-01-25,RSI_EXTREME,MOYENNE,88.05324708089792,RSI en SURACHAT: 88.1,,,,,,,,,SURACHAT
GOOGL,2024-01-26,RSI_EXTREME,MOYENNE,91.15013927533805,RSI en SURACHAT: 91.2,,,,,,,,,SURACHAT
GOOGL,2024-01-29,RSI_EXTREME,MOYENNE,90.28022338223792,RSI en SURACHAT: 90.3,,,,,,,,,SURACHAT
GOOGL,2024-03-22,RSI_EXTREME,MOYENNE,80.30621191061692,RSI en SURACHAT: 80.3,,,,,,,,,SURACHAT
GOOGL,2024-03-25,RSI_EXTREME,MOYENNE,80.2504407286714,RSI en SURACHAT: 80.3,,,,,,,,,SURACHAT
GOOGL,2024-03-26,RSI_EXTREME,MOYENNE,84.30058453495641,RSI en SURACHAT: 84.3,,,,,,,,,SURACHAT
GOOGL,2024-03-27,RSI_EXTREME,MOYENNE,82.57616640574207,RSI en SURACHAT: 82.6,,,,,,,,,SURACHAT
GOOGL,2024-03-28,RSI_EXTREME,MOYENNE,81.88178097375857,RSI en SURACHAT: 81.9,,,,,,,,,SURACHAT
GOOGL,2024-04-01,RSI_EXTREME,MOYENNE,83.44606479906155,RSI en SURACHAT: 83.4,,,,,,,,,SURACHAT
GOOGL,2024-04-02,RSI_EXTREME,MOYENNE,80.02999267420314,RSI en SURACHAT: 80.0,,,,,,,,,SURACHAT
GOOGL,2024-05-20,RSI_EXTREME,MOYENNE,84.48773351440396,RSI en SURACHAT: 84.5,,,,,,,,,SURACHAT
GOOGL,2024-05-21,RSI_EXTREME,MOYENNE,84.37340508741254,RSI en SURACHAT: 84.4,,,,,,,,,SURACHAT
GOOGL,2024-09-09,RSI_EXTREME,MOYENNE,18.598008627472268,RSI en SURVENDE: 18.6,,,,,,,,,SURVENDE
GOOGL,2024-09-10,RSI_EXTREME,MOYENNE,17.072398521990607,RSI en SURVENDE: 17.1,,,,,,,,,SURVENDE
GOOGL,2024-09-27,RSI_EXTREME,MOYENNE,87.31645406210315,RSI en SURACHAT: 87.3,,,,,,,,,SURACHAT
GOOGL,2024-09-30,RSI_EXTREME,MOYENNE,88.594593255402,RSI en SURACHAT: 88.6,,,,,,,,,SURACHAT
GOOGL,2024-10-01,RSI_EXTREME,MOYENNE,87.85278124099838,RSI en SURACHAT: 87.9,,,,,,,,,SURACHAT
GOOGL,2024-10-02,RSI_EXTREME,MOYENNE,80.17298410834773,RSI en SURACHAT: 80.2,,,,,,,,,SURACHAT
GOOGL,2024-12-13,RSI_EXTREME,MOYENNE,80.99991955473924,RSI en SURACHAT: 81.0,,,,,,,,,SURACHAT
GOOGL,2024-12-16,RSI_EXTREME,MOYENNE,82.68116895487857,RSI en SURACHAT: 82.7,,,,,,,,,SURACHAT
GOOGL,2025-02-25,RSI_EXTREME,MOYENNE,12.984211932747883,RSI en SURVENDE: 13.0,,,,,,,,,SURVENDE
GOOGL,2025-02-26,RSI_EXTREME,MOYENNE,18.431754431729487,RSI en SURVENDE: 18.4,,,,,,,,,SURVENDE
GOOGL,2025-02-27,RSI_EXTREME,MOYENNE,15.439854481958434,RSI en SURVENDE: 15.4,,,,,,,,,SURVENDE
GOOGL,2025-03-03,RSI_EXTREME,MOYENNE,18.693661189643194,RSI en SURVENDE: 18.7,,,,,,,,,SURVENDE
GOOGL,2025-07-25,RSI_EXTREME,MOYENNE,84.91691909250336,RSI en SURACHAT: 84.9,,,,,,,,,SURACHAT
GOOGL,2025-07-28,RSI_EXTREME,MOYENNE,92.09799206877399,RSI en SURACHAT: 92.1,,,,,,,,,SURACHAT
GOOGL,2025-07-29,RSI_EXTREME,MOYENNE,92.41687351635439,RSI en SURACHAT: 92.4,,,,,,,,,SURACHAT
GOOGL,2025-07-30,RSI_EXTREME,MOYENNE,92.34216827586961,RSI en SURACHAT: 92.3,,,,,,,,,SURACHAT
GOOGL,2025-09-03,RSI_EXTREME,MOYENNE,82.85258449846367,RSI en SURACHAT: 82.9,,,,,,,,,SURACHAT
GOOGL,2025-09-04,RSI_EXTREME,MOYENNE,83.10782883288763,RSI en SURACHAT: 83.1,,,,,,,,,SURACHAT
GOOGL,2025-09-05,RSI_EXTREME,MOYENNE,83.74568598226368,RSI en SURACHAT: 83.7,,,,,,,,,SURACHAT
GOOGL,2025-09-08,RSI_EXTREME,MOYENNE,83.11313673416088,RSI en SURACHAT: 83.1,,,,,,,,,SURACHAT
GOOGL,2025-09-09,RSI_EXTREME,MOYENNE,88.20119763253862,RSI en SURACHAT: 88.2,,,,,,,,,SURACHAT
GOOGL,2025-09-10,RSI_EXTREME,MOYENNE,91.46878240635354,RSI en SURACHAT: 91.5,,,,,,,,,SURACHAT
GOOGL,2025-09-11,RSI_EXTREME,MOYENNE,91.60282039728042,RSI en SURACHAT: 91.6,,,,,,,,,SURACHAT
GOOGL,2025-09-12,RSI_EXTREME,MOYENNE,90.45325281920904,RSI en SURACHAT: 90.5,,,,,,,,,SURACHAT
GOOGL,2025-09-15,RSI_EXTREME,MOYENNE,92.01139795132927,RSI en SURACHAT: 92.0,,,,,,,,,SURACHAT
GOOGL,2025-09-16,RSI_EXTREME,MOYENNE,93.6444227237009,RSI en SURACHAT: 93.6,,,,,,,,,SURACHAT
GOOGL,2025-09-17,RSI_EXTREME,MOYENNE,90.663642683412,RSI en SURACHAT: 90.7,,,,,,,,,SURACHAT
GOOGL,2025-09-18,RSI_EXTREME,MOYENNE,90.35606728072473,RSI en SURACHAT: 90.4,,,,,,,,,SURACHAT
GOOGL,2025-09-19,RSI_EXTREME,MOYENNE,90.62117497189384,RSI en SURACHAT: 90.6,,,,,,,,,SURACHAT
GOOGL,2025-09-22,RSI_EXTREME,MOYENNE,89.52772576876545,RSI en SURACHAT: 89.5,,,,,,,,,SURACHAT
GOOGL,2025-09-23,RSI_EXTREME,MOYENNE,81.2717758274477,RSI en SURACHAT: 81.3,,,,,,,,,SURACHAT
GOOGL,2025-10-30,RSI_EXTREME,MOYENNE,86.99954442325794,RSI en SURACHAT: 87.0,,,,,,,,,SURACHAT
GOOGL,2025-10-31,RSI_EXTREME,MOYENNE,84.68167972522731,RSI en SURACHAT: 84.7,,,,,,,,,SURACHAT
GOOGL,2025-11-03,RSI_EXTREME,MOYENNE,85.02657232260842,RSI en SURACHAT: 85.0,,,,,,,,,SURACHAT
NVDA,2023-05-24,MOUVEMENT_EXTREME,HAUTE,24.36964400157242,Mouvement de prix extrême: 24.37%,30.51433753967285,,,,,,,,
NVDA,2024-02-21,MOUVEMENT_EXTREME,HAUTE,16.40087889730111,Mouvement de prix extrême: 16.40%,67.43818664550781,,,,,,,,
NVDA,2024-04-18,MOUVEMENT_EXTREME,HAUTE,-10.004601118042833,Mouvement de prix extrême: -10.00%,84.63253784179688,,,,,,,,
NVDA,2024-07-30,MOUVEMENT_EXTREME,HAUTE,12.81209720699772,Mouvement de prix extrême: 12.81%,103.69139099121094,,,,,,,,
NVDA,2024-08-30,MOUVEMENT_EXTREME,HAUTE,-9.525006070877929,Mouvement de prix extrême: -9.53%,119.32557678222656,,,,,,,,
NVDA,2025-01-24,MOUVEMENT_EXTREME,HAUTE,-16.968159946784855,Mouvement de prix extrême: -16.97%,142.58892822265625,,,,,,,,
NVDA,2025-04-08,MOUVEMENT_EXTREME,HAUTE,18.72273416115149,Mouvement de prix extrême: 18.72%,96.28788757324219,,,,,,,,
NVDA,2023-03-17,VOLUME_ANORMAL,MOYENNE,848547000.0,"Volume anormal: 848,547,000 vs moyenne 354,013,747",,2.3969323400458618,,,,,,,
NVDA,2023-03-22,VOLUME_ANORMAL,MOYENNE,797295000.0,"Volume anormal: 797,295,000 vs moyenne 354,013,747",,2.2521583012571673,,,,,,,
NVDA,2023-05-25,VOLUME_ANORMAL,MOYENNE,1543911000.0,"Volume anormal: 1,543,911,000 vs moyenne 354,013,747",,4.361161144936635,,,,,,,
NVDA,2023-05-30,VOLUME_ANORMAL,MOYENNE,923401000.0,"Volume anormal: 923,401,000 vs moyenne 354,013,747",,2.6083761061328237,,,,,,,
NVDA,2023-05-31,VOLUME_ANORMAL,MOYENNE,1002580000.0,"Volume anormal: 1,002,580,000 vs moyenne 354,013,747",,2.8320369119013797,,,,,,,
NVDA,2023-07-21,VOLUME_ANORMAL,MOYENNE,963769000.0,"Volume anormal: 963,769,000 vs moyenne 354,013,747",,2.722405576159789,,,,,,,
NVDA,2023-08-24,VOLUME_ANORMAL,MOYENNE,1156044000.0,"Volume anormal: 1,156,044,000 vs moyenne 354,013,747",,3.26553420154214,,,,,,,
NVDA,2023-08-25,VOLUME_ANORMAL,MOYENNE,925341000.0,"Volume anormal: 925,341,000 vs moyenne 354,013,747",,2.61385611930792,,,,,,,
NVDA,2023-10-17,VOLUME_ANORMAL,MOYENNE,812333000.0,"Volume anormal: 812,333,000 vs moyenne 354,013,747",,2.2946368776113464,,,,,,,
NVDA,2023-11-22,VOLUME_ANORMAL,MOYENNE,899420000.0,"Volume anormal: 899,420,000 vs moyenne 354,013,747",,2.540635798941071,,,,,,,
NVDA,2024-02-22,VOLUME_ANORMAL,MOYENNE,865100000.0,"Volume anormal: 865,100,000 vs moyenne 354,013,747",,2.4436904112249236,,,,,,,
NVDA,2024-02-23,VOLUME_ANORMAL,MOYENNE,829388000.0,"Volume anormal: 829,388,000 vs moyenne 354,013,747",,2.342812972818191,,,,,,,
NVDA,2024-03-08,VOLUME_ANORMAL,MOYENNE,1142269000.0,"Volume anormal: 1,142,269,000 vs moyenne 354,013,747",,3.2266232832498924,,,,,,,
NVDA,2024-04-19,VOLUME_ANORMAL,MOYENNE,875198000.0,"Volume anormal: 875,198,000 vs moyenne 354,013,747",,2.472214727226021,,,,,,,
NVDA,2024-05-23,VOLUME_ANORMAL,MOYENNE,835065000.0,"Volume anormal: 835,065,000 vs moyenne 354,013,747",,2.3588490732279976,,,,,,,
NVDA,2025-01-27,VOLUME_ANORMAL,MOYENNE,818830900.0,"Volume anormal: 818,830,900 vs moyenne 354,013,747",,2.3129918145239556,,,,,,,
NVDA,2023-05-24,GAP_OUVERTURE,MOYENNE,-1.557626059130471,Gap d'ouverture: -1.56%,,,30.18659067105019,30.66422462463379,,,,,
NVDA,2023-08-23,GAP_OUVERTURE,MOYENNE,0.4335666861408428,Gap d'ouverture: 0.43%,,,45.8352088507009,45.6373405456543,,,,,
NVDA,2024-02-21,GAP_OUVERTURE,MOYENNE,-2.0820237678108247,Gap d'ouverture: -2.08%,,,67.97191561607241,69.41719818115234,,,,,
NVDA,2024-05-22,GAP_OUVERTURE,MOYENNE,0.07653744092785786,Gap d'ouverture: 0.08%,,,95.41563946312446,95.34266662597656,,,,,
NVDA,2024-07-30,GAP_OUVERTURE,MOYENNE,-0.06273271348197353,Gap d'ouverture: -0.06%,,,111.4784845370564,111.5484619140625,,,,,
NVDA,2024-08-02,GAP_OUVERTURE,MOYENNE,-4.990386992783556,Gap d'ouverture: -4.99%,,,103.72138389300983,109.16935729980469,,,,,
NVDA,2025-01-24,GAP_OUVERTURE,MOYENNE,0.7811327317124058,Gap d'ouverture: 0.78%,,,148.3376757009225,147.1879425048828,,,,,
NVDA,2025-04-02,GAP_OUVERTURE,MOYENNE,-2.596463584759867,Gap d'ouverture: -2.60%,,,107.27650160670082,110.13614654541016,,,,,
NVDA,2025-04-04,GAP_OUVERTURE,MOYENNE,-2.8389027350105747,Gap d'ouverture: -2.84%,,,98.89756129670621,101.78720092773438,,,,,
NVDA,2025-04-07,GAP_OUVERTURE,MOYENNE,-7.263287171073328,Gap d'ouverture: -7.26%,,,87.44898959160196,94.29813385009766,,,,,
NVDA,2025-04-15,GAP_OUVERTURE,MOYENNE,0.23485365397755906,Gap d'ouverture: 0.23%,,,110.95604157012,110.6960678100586,,,,,
NVDA,2025-04-22,GAP_OUVERTURE,MOYENNE,1.9296175551538977,Gap d'ouverture: 1.93%,,,98.7675690784311,96.89781188964844,,,,,
NVDA,2023-05-25,VOLATILITE_EXTREME,HAUTE,7.764777386769459,Volatilité extrême: 7.76%,,,,,10 jours,,,,
NVDA,2023-05-26,VOLATILITE_EXTREME,HAUTE,7.646161545023386,Volatilité extrême: 7.65%,,,,,10 jours,,,,
NVDA,2023-05-30,VOLATILITE_EXTREME,HAUTE,7.6350220692957675,Volatilité extrême: 7.64%,,,,,10 jours,,,,
NVDA,2023-05-31,VOLATILITE_EXTREME,HAUTE,8.153608058584256,Volatilité extrême: 8.15%,,,,,10 jours,,,,
NVDA,2023-06-01,VOLATILITE_EXTREME,HAUTE,8.184041900338338,Volatilité extrême: 8.18%,,,,,10 jours,,,,
NVDA,2023-06-02,VOLATILITE_EXTREME,HAUTE,8.252708645582908,Volatilité extrême: 8.25%,,,,,10 jours,,,,
NVDA,2023-06-05,VOLATILITE_EXTREME,HAUTE,8.211476921267185,Volatilité extrême: 8.21%,,,,,10 jours,,,,
NVDA,2023-06-06,VOLATILITE_EXTREME,HAUTE,8.25769413711904,Volatilité extrême: 8.26%,,,,,10 jours,,,,
NVDA,2023-06-07,VOLATILITE_EXTREME,HAUTE,8.349951510991175,Volatilité extrême: 8.35%,,,,,10 jours,,,,
NVDA,2023-06-08,VOLATILITE_EXTREME,HAUTE,8.292459290293412,Volatilité extrême: 8.29%,,,,,10 jours,,,,
NVDA,2024-08-08,VOLATILITE_EXTREME,HAUTE,6.496002569033443,Volatilité extrême: 6.50%,,,,,10 jours,,,,
NVDA,2024-08-09,VOLATILITE_EXTREME,HAUTE,6.4840269736307885,Volatilité extrême: 6.48%,,,,,10 jours,,,,
NVDA,2024-08-12,VOLATILITE_EXTREME,HAUTE,6.638399027303967,Volatilité extrême: 6.64%,,,,,10 jours,,,,
NVDA,2024-08-13,VOLATILITE_EXTREME,HAUTE,6.431475384890901,Volatilité extrême: 6.43%,,,,,10 jours,,,,
NVDA,2025-01-28,VOLATILITE_EXTREME,HAUTE,6.898212047447655,Volatilité extrême: 6.90%,,,,,10 jours,,,,
NVDA,2025-01-29,VOLATILITE_EXTREME,HAUTE,7.011199036736324,Volatilité extrême: 7.01%,,,,,10 jours,,,,
NVDA,2025-01-30,VOLATILITE_EXTREME,HAUTE,6.901526107759705,Volatilité extrême: 6.90%,,,,,10 jours,,,,
NVDA,2025-01-31,VOLATILITE_EXTREME,HAUTE,6.9585694637473035,Volatilité extrême: 6.96%,,,,,10 jours,,,,
NVDA,2025-02-03,VOLATILITE_EXTREME,HAUTE,6.838573402036871,Volatilité extrême: 6.84%,,,,,10 jours,,,,
NVDA,2025-02-04,VOLATILITE_EXTREME,HAUTE,6.807254758298376,Volatilité extrême: 6.81%,,,,,10 jours,,,,
NVDA,2025-02-05,VOLATILITE_EXTREME,HAUTE,6.886241070523967,Volatilité extrême: 6.89%,,,,,10 jours,,,,
NVDA,2025-02-06,VOLATILITE_EXTREME,HAUTE,7.021745012417998,Volatilité extrême: 7.02%,,,,,10 jours,,,,
NVDA,2025-02-07,VOLATILITE_EXTREME,HAUTE,7.0082713135891055,Volatilité extrême: 7.01%,,,,,10 jours,,,,
NVDA,2025-04-09,VOLATILITE_EXTREME,HAUTE,7.378563741492486,Volatilité extrême: 7.38%,,,,,10 jours,,,,
NVDA,2025-04-10,VOLATILITE_EXTREME,HAUTE,7.611526491217746,Volatilité extrême: 7.61%,,,,,10 jours,,,,
NVDA,2025-04-11,VOLATILITE_EXTREME,HAUTE,7.655624534043117,Volatilité extrême: 7.66%,,,,,10 jours,,,,
NVDA,2025-04-14,VOLATILITE_EXTREME,HAUTE,7.640007541225066,Volatilité extrême: 7.64%,,,,,10 jours,,,,
NVDA,2025-04-15,VOLATILITE_EXTREME,HAUTE,7.635648203569061,Volatilité extrême: 7.64%,,,,,10 jours,,,,
NVDA,2025-04-16,VOLATILITE_EXTREME,HAUTE,7.978949074290862,Volatilité extrême: 7.98%,,,,,10 jours,,,,
NVDA,2025-04-17,VOLATILITE_EXTREME,HAUTE,7.605537658175887,Volatilité extrême: 7.61%,,,,,10 jours,,,,
NVDA,2025-04-21,VOLATILITE_EXTREME,HAUTE,7.339409467188446,Volatilité extrême: 7.34%,,,,,10 jours,,,,
NVDA,2025-04-22,VOLATILITE_EXTREME,HAUTE,7.285992520757458,Volatilité extrême: 7.29%,,,,,10 jours,,,,
NVDA,2025-04-23,VOLATILITE_EXTREME,HAUTE,7.3364230809009445,Volatilité extrême: 7.34%,,,,,10 jours,,,,
NVDA,2023-04-12,CASSURE_TENDANCE,MOYENNE,20.0,Cassure BAISSE de la MM20,,,,,,26.47447395324707,26.66407537460327,,
NVDA,2023-04-17,CASSURE_TENDANCE,MOYENNE,20.0,Cassure HAUSSE de la MM20,,,,,,26.981081008911133,26.90034236907959,,
NVDA,2023-04-20,CASSURE_TENDANCE,MOYENNE,20.0,Cassure BAISSE de la MM20,,,,,,27.0830020904541,27.106932353973388,,
NVDA,2023-04-27,CASSURE_TENDANCE,MOYENNE,20.0,Cassure HAUSSE de la MM20,,,,,,27.204904556274414,27.14135522842407,,
NVDA,2023-06-29,CASSURE_TENDANCE,MOYENNE,20.0,Cassure BAISSE de la MM20,,,,,,40.79458999633789,40.82461090087891,,
NVDA,2023-06-30,CASSURE_TENDANCE,MOYENNE,20.0,Cassure HAUSSE de la MM20,,,,,,42.27359390258789,40.951331329345706,,
NVDA,2023-08-02,CASSURE_TENDANCE,MOYENNE,20.0,Cassure BAISSE de la MM20,,,,,,44.23928451538086,45.034644508361815,,
NVDA,2023-08-21,CASSURE_TENDANCE,MOYENNE,20.0,Cassure HAUSSE de la MM20,,,,,,46.93547058105469,44.52748565673828,,
NVDA,2023-09-08,CASSURE_TENDANCE,MOYENNE,20.0,Cassure BAISSE de la MM20,,,,,,45.54515838623047,46.058529472351076,,
NVDA,2023-10-02,CASSURE_TENDANCE,MOYENNE,20.0,Cassure HAUSSE de la MM20,,,,,,44.755619049072266,44.11175117492676,,
NVDA,2023-10-03,CASSURE_TENDANCE,MOYENNE,20.0,Cassure BAISSE de la MM20,,,,,,43.491363525390625,43.860548973083496,,
NVDA,2023-10-04,CASSURE_TENDANCE,MOYENNE,20.0,Cassure HAUSSE de la MM20,,,,,,44.01506042480469,43.70963821411133,,
NVDA,2023-10-17,CASSURE_TENDANCE,MOYENNE,20.0,Cassure BAISSE de la MM20,,,,,,43.91211700439453,44.03209686279297,,
NVDA,2023-11-02,CASSURE_TENDANCE,MOYENNE,20.0,Cassure HAUSSE de la MM20,,,,,,43.480369567871094,43.41326198577881,,
NVDA,2023-11-30,CASSURE_TENDANCE,MOYENNE,20.0,Cassure BAISSE de la MM20,,,,,,46.742454528808594,47.763647842407224,,
NVDA,2023-12-13,CASSURE_TENDANCE,MOYENNE,20.0,Cassure HAUSSE de la MM20,,,,,,48.06390380859375,47.788378143310545,,
NVDA,2024-01-03,CASSURE_TENDANCE,MOYENNE,20.0,Cassure BAISSE de la MM20,,,,,,47.54515838623047,48.219421195983884,,
NVDA,2024-01-05,CASSURE_TENDANCE,MOYENNE,20.0,Cassure HAUSSE de la MM20,,,,,,49.07239532470703,48.47059574127197,,
NVDA,2024-02-21,CASSURE_TENDANCE,MOYENNE,20.0,Cassure BAISSE de la MM20,,,,,,67.43818664550781,67.45927581787109,,
NVDA,2024-02-22,CASSURE_TENDANCE,MOYENNE,20.0,Cassure HAUSSE de la MM20,,,,,,78.49864196777344,68.31764545440674,,
NVDA,2024-04-02,CASSURE_TENDANCE,MOYENNE,20.0,Cassure BAISSE de la MM20,,,,,,89.41136932373047,90.01658897399902,,
NVDA,2024-04-11,CASSURE_TENDANCE,MOYENNE,20.0,Cassure HAUSSE de la MM20,,,,,,90.5748291015625,89.49597396850587,,
NVDA,2024-04-12,CASSURE_TENDANCE,MOYENNE,20.0,Cassure BAISSE de la MM20,,,,,,88.14594268798828,89.50806884765625,,
NVDA,2024-04-26,CASSURE_TENDANCE,MOYENNE,20.0,Cassure HAUSSE de la MM20,,,,,,87.69515991210938,85.5274787902832,,
NVDA,2024-05-01,CASSURE_TENDANCE,MOYENNE,20.0,Cassure BAISSE de la MM20,,,,,,83.00326538085938,84.94879150390625,,
NVDA,2024-05-02,CASSURE_TENDANCE,MOYENNE,20.0,Cassure HAUSSE de la MM20,,,,,,85.77801513671875,84.94439392089843,,
NVDA,2024-06-24,CASSURE_TENDANCE,MOYENNE,20.0,Cassure BAISSE de la MM20,,,,,,118.0660400390625,121.07474822998047,,
NVDA,2024-06-25,CASSURE_TENDANCE,MOYENNE,20.0,Cassure HAUSSE de la MM20,,,,,,126.0430679321289,122.05586967468261,,
NVDA,2024-06-28,CASSURE_TENDANCE,MOYENNE,20.0,Cassure BAISSE de la MM20,,,,,,123.49402618408203,123.79181671142578,,
NVDA,2024-07-03,CASSURE_TENDANCE,MOYENNE,20.0,Cassure HAUSSE de la MM20,,,,,,128.2322540283203,125.50158042907715,,
NVDA,2024-07-11,CASSURE_TENDANCE,MOYENNE,20.0,Cassure BAISSE de la MM20,,,,,,127.35258483886719,127.53751792907715,,
NVDA,2024-07-12,CASSURE_TENDANCE,MOYENNE,20.0,Cassure HAUSSE de la MM20,,,,,,129.19190979003906,127.73944282531738,,
NVDA,2024-07-16,CASSURE_TENDANCE,MOYENNE,20.0,Cassure BAISSE de la MM20,,,,,,126.31297302246094,127.40506629943847,,
NVDA,2024-08-13,CASSURE_TENDANCE,MOYENNE,20.0,Cassure HAUSSE de la MM20,,,,,,116.09677124023438,111.4604995727539,,
NVDA,2024-09-03,CASSURE_TENDANCE,MOYENNE,20.0,Cassure BAISSE de la MM20,,,,,,107.95980834960938,118.34343872070312,,
NVDA,2024-09-12,CASSURE_TENDANCE,MOYENNE,20.0,Cassure HAUSSE de la MM20,,,,,,119.10584259033203,118.88124771118164,,
NVDA,2024-09-16,CASSURE_TENDANCE,MOYENNE,20.0,Cassure BAISSE de la MM20,,,,,,116.74652099609375,118.30447120666504,,
NVDA,2024-09-19,CASSURE_TENDANCE,MOYENNE,20.0,Cassure HAUSSE de la MM20,,,,,,117.83621215820312,116.36067848205566,,
NVDA,2024-09-20,CASSURE_TENDANCE,MOYENNE,20.0,Cassure BAISSE de la MM20,,,,,,115.96675109863281,115.97431907653808,,
NVDA,2024-09-23,CASSURE_TENDANCE,MOYENNE,20.0,Cassure HAUSSE de la MM20,,,,,,116.22667694091797,115.31956100463867,,
NVDA,2024-10-31,CASSURE_TENDANCE,MOYENNE,20.0,Cassure BAISSE de la MM20,,,,,,132.72193908691406,136.5003589630127,,
NVDA,2024-11-05,CASSURE_TENDANCE,MOYENNE,20.0,Cassure HAUSSE de la MM20,,,,,,139.86988830566406,137.7914894104004,,
NVDA,2024-11-15,CASSURE_TENDANCE,MOYENNE,20.0,Cassure BAISSE de la MM20,,,,,,141.9392852783203,142.19522399902343,,
NVDA,2024-11-19,CASSURE_TENDANCE,MOYENNE,20.0,Cassure HAUSSE de la MM20,,,,,,146.9678497314453,142.188224029541,,
NVDA,2024-11-22,CASSURE_TENDANCE,MOYENNE,20.0,Cassure BAISSE de la MM20,,,,,,141.90928649902344,142.838037109375,,
NVDA,2024-12-04,CASSURE_TENDANCE,MOYENNE,20.0,Cassure HAUSSE de la MM20,,,,,,145.09840393066406,143.1044609069824,,
NVDA,2024-12-06,CASSURE_TENDANCE,MOYENNE,20.0,Cassure BAISSE de la MM20,,,,,,142.40899658203125,142.75605163574218,,
NVDA,2024-12-23,CASSURE_TENDANCE,MOYENNE,20.0,Cassure HAUSSE de la MM20,,,,,,139.6395721435547,136.92632675170898,,
NVDA,2024-12-27,CASSURE_TENDANCE,MOYENNE,20.0,Cassure BAISSE de la MM20,,,,,,136.98016357421875,137.37163696289062,,
NVDA,2024-12-30,CASSURE_TENDANCE,MOYENNE,20.0,Cassure HAUSSE de la MM20,,,,,,137.46005249023438,137.3341209411621,,
NVDA,2024-12-31,CASSURE_TENDANCE,MOYENNE,20.0,Cassure BAISSE de la MM20,,,,,,134.26075744628906,137.11764602661134,,
NVDA,2025-01-02,CASSURE_TENDANCE,MOYENNE,20.0,Cassure HAUSSE de la MM20,,,,,,138.27987670898438,137.0206497192383,,
NVDA,2025-01-10,CASSURE_TENDANCE,MOYENNE,20.0,Cassure BAISSE de la MM20,,,,,,135.8804168701172,137.19810943603517,,
NVDA,2025-01-17,CASSURE_TENDANCE,MOYENNE,20.0,Cassure HAUSSE de la MM20,,,,,,137.6800079345703,137.15912017822265,,
NVDA,2025-01-27,CASSURE_TENDANCE,MOYENNE,20.0,Cassure BAISSE de la MM20,,,,,,118.39421081542969,138.25788345336915,,
NVDA,2025-02-10,CASSURE_TENDANCE,MOYENNE,20.0,Cassure HAUSSE de la MM20,,,,,,133.54090881347656,130.88698806762696,,
NVDA,2025-02-25,CASSURE_TENDANCE,MOYENNE,20.0,Cassure BAISSE de la MM20,,,,,,126.60242462158203,129.8617099761963,,
NVDA,2025-02-26,CASSURE_TENDANCE,MOYENNE,20.0,Cassure HAUSSE de la MM20,,,,,,131.2514190673828,129.97618522644044,,
NVDA,2025-02-27,CASSURE_TENDANCE,MOYENNE,20.0,Cassure BAISSE de la MM20,,,,,,120.12384033203125,129.79872436523436,,
NVDA,2025-03-24,CASSURE_TENDANCE,MOYENNE,20.0,Cassure HAUSSE de la MM20,,,,,,121.39472961425781,117.60127258300781,,
NVDA,2025-03-26,CASSURE_TENDANCE,MOYENNE,20.0,Cassure BAISSE de la MM20,,,,,,113.74568939208984,116.42960586547852,,
NVDA,2025-04-09,CASSURE_TENDANCE,MOYENNE,20.0,Cassure HAUSSE de la MM20,,,,,,114.31561279296875,111.79843177795411,,
NVDA,2025-04-10,CASSURE_TENDANCE,MOYENNE,20.0,Cassure BAISSE de la MM20,,,,,,107.55646514892578,111.39798202514649,,
NVDA,2025-04-11,CASSURE_TENDANCE,MOYENNE,20.0,Cassure HAUSSE de la MM20,,,,,,110.9160385131836,110.86104927062988,,
NVDA,2025-04-16,CASSURE_TENDANCE,MOYENNE,20.0,Cassure BAISSE de la MM20,,,,,,104.47685241699219,109.60720748901367,,
NVDA,2025-04-24,CASSURE_TENDANCE,MOYENNE,20.0,Cassure HAUSSE de la MM20,,,,,,106.4166030883789,105.32474555969239,,
NVDA,2025-08-19,CASSURE_TENDANCE,MOYENNE,20.0,Cassure BAISSE de la MM20,,,,,,175.63009643554688,178.450936126709,,
NVDA,2025-08-25,CASSURE_TENDANCE,MOYENNE,20.0,Cassure HAUSSE de la MM20,,,,,,179.79986572265625,179.12139739990235,,
NVDA,2025-08-29,CASSURE_TENDANCE,MOYENNE,20.0,Cassure BAISSE de la MM20,,,,,,174.170166015625,179.68886489868163,,
NVDA,2025-09-10,CASSURE_TENDANCE,MOYENNE,20.0,Cassure HAUSSE de la MM20,,,,,,177.32000732421875,176.19456329345704,,
NVDA,2025-09-16,CASSURE_TENDANCE,MOYENNE,20.0,Cassure BAISSE de la MM20,,,,,,174.8800048828125,175.27411193847655,,
NVDA,2025-09-18,CASSURE_TENDANCE,MOYENNE,20.0,Cassure HAUSSE de la MM20,,,,,,176.24000549316406,175.04960174560546,,
NVDA,2025-10-14,CASSURE_TENDANCE,MOYENNE,20.0,Cassure BAISSE de la MM20,,,,,,180.02999877929688,182.7020004272461,,
NVDA,2025-10-24,CASSURE_TENDANCE,MOYENNE,20.0,Cassure HAUSSE de la MM20,,,,,,186.25999450683594,184.66550064086914,,
NVDA,2025-11-06,CASSURE_TENDANCE,MOYENNE,20.0,Cassure BAISSE de la MM20,,,,,,188.0800018310547,190.13350143432618,,
NVDA,2025-11-10,CASSURE_TENDANCE,MOYENNE,20.0,Cassure HAUSSE de la MM20,,,,,,199.0500030517578,190.91950073242188,,
NVDA,2025-11-13,CASSURE_TENDANCE,MOYENNE,20.0,Cassure BAISSE de la MM20,,,,,,186.86000061035156,192.52700119018556,,
NVDA,2023-08-09,CASSURE_TENDANCE,MOYENNE,50.0,Cassure BAISSE de la MM50,,,,,,42.525428771972656,,42.873949966430665,
NVDA,2023-08-14,CASSURE_TENDANCE,MOYENNE,50.0,Cassure HAUSSE de la MM50,,,,,,43.72362518310547,,43.059688873291016,
NVDA,2023-08-17,CASSURE_TENDANCE,MOYENNE,50.0,Cassure BAISSE de la MM50,,,,,,43.31489944458008,,43.332108154296876,
NVDA,2023-08-21,CASSURE_TENDANCE,MOYENNE,50.0,Cassure HAUSSE de la MM50,,,,,,46.93547058105469,,43.617536544799805,
NVDA,2023-09-11,CASSURE_TENDANCE,MOYENNE,50.0,Cassure BAISSE de la MM50,,,,,,45.151390075683594,,45.1600439453125,
NVDA,2023-09-13,CASSURE_TENDANCE,MOYENNE,50.0,Cassure HAUSSE de la MM50,,,,,,45.458213806152344,,45.27291725158691,
NVDA,2023-09-15,CASSURE_TENDANCE,MOYENNE,50.0,Cassure BAISSE de la MM50,,,,,,43.87413787841797,,45.37421653747558,
NVDA,2023-10-06,CASSURE_TENDANCE,MOYENNE,50.0,Cassure HAUSSE de la MM50,,,,,,45.735042572021484,,44.84346138000488,
NVDA,2023-10-17,CASSURE_TENDANCE,MOYENNE,50.0,Cassure BAISSE de la MM50,,,,,,43.91211700439453,,44.87294914245606,
NVDA,2023-11-03,CASSURE_TENDANCE,MOYENNE,50.0,Cassure HAUSSE de la MM50,,,,,,44.97848892211914,,44.32435989379883,
NVDA,2024-04-19,CASSURE_TENDANCE,MOYENNE,50.0,Cassure BAISSE de la MM50,,,,,,76.16539001464844,,84.0078369140625,
NVDA,2024-04-26,CASSURE_TENDANCE,MOYENNE,50.0,Cassure HAUSSE de la MM50,,,,,,87.69515991210938,,85.04640243530274,
NVDA,2024-05-01,CASSURE_TENDANCE,MOYENNE,50.0,Cassure BAISSE de la MM50,,,,,,83.00326538085938,,85.89575790405273,
NVDA,2024-05-03,CASSURE_TENDANCE,MOYENNE,50.0,Cassure HAUSSE de la MM50,,,,,,88.74866485595703,,86.46755493164062,
NVDA,2024-07-24,CASSURE_TENDANCE,MOYENNE,50.0,Cassure BAISSE de la MM50,,,,,,114.20748138427734,,117.93378265380859,
NVDA,2024-08-15,CASSURE_TENDANCE,MOYENNE,50.0,Cassure HAUSSE de la MM50,,,,,,122.81427764892578,,120.22935913085938,
NVDA,2024-08-29,CASSURE_TENDANCE,MOYENNE,50.0,Cassure BAISSE de la MM50,,,,,,117.54623413085938,,120.25262725830078,
NVDA,2024-09-12,CASSURE_TENDANCE,MOYENNE,50.0,Cassure HAUSSE de la MM50,,,,,,119.10584259033203,,117.68958557128906,
NVDA,2024-09-16,CASSURE_TENDANCE,MOYENNE,50.0,Cassure BAISSE de la MM50,,,,,,116.74652099609375,,117.32552459716797,
NVDA,2024-09-19,CASSURE_TENDANCE,MOYENNE,50.0,Cassure HAUSSE de la MM50,,,,,,117.83621215820312,,116.37327224731445,
NVDA,2024-09-20,CASSURE_TENDANCE,MOYENNE,50.0,Cassure BAISSE de la MM50,,,,,,115.96675109863281,,116.14555557250976,
NVDA,2024-09-23,CASSURE_TENDANCE,MOYENNE,50.0,Cassure HAUSSE de la MM50,,,,,,116.22667694091797,,115.88625091552734,
NVDA,2024-12-10,CASSURE_TENDANCE,MOYENNE,50.0,Cassure BAISSE de la MM50,,,,,,135.04058837890625,,138.46386795043946,
NVDA,2024-12-11,CASSURE_TENDANCE,MOYENNE,50.0,Cassure HAUSSE de la MM50,,,,,,139.27964782714844,,138.91013168334962,
NVDA,2024-12-12,CASSURE_TENDANCE,MOYENNE,50.0,Cassure BAISSE de la MM50,,,,,,137.31007385253906,,139.2800146484375,
NVDA,2024-12-24,CASSURE_TENDANCE,MOYENNE,50.0,Cassure HAUSSE de la MM50,,,,,,140.18946838378906,,139.72356201171874,
NVDA,2024-12-27,CASSURE_TENDANCE,MOYENNE,50.0,Cassure BAISSE de la MM50,,,,,,136.98016357421875,,139.91628845214845,
NVDA,2025-01-03,CASSURE_TENDANCE,MOYENNE,50.0,Cassure HAUSSE de la MM50,,,,,,144.43853759765625,,139.7636962890625,
NVDA,2025-01-10,CASSURE_TENDANCE,MOYENNE,50.0,Cassure BAISSE de la MM50,,,,,,135.8804168701172,,139.8356546020508,
NVDA,2025-01-21,CASSURE_TENDANCE,MOYENNE,50.0,Cassure HAUSSE de la MM50,,,,,,140.79933166503906,,139.60944061279298,
NVDA,2025-01-27,CASSURE_TENDANCE,MOYENNE,50.0,Cassure BAISSE de la MM50,,,,,,118.39421081542969,,138.9693896484375,
NVDA,2025-02-13,CASSURE_TENDANCE,MOYENNE,50.0,Cassure HAUSSE de la MM50,,,,,,135.26052856445312,,134.92022430419922,
NVDA,2025-02-21,CASSURE_TENDANCE,MOYENNE,50.0,Cassure BAISSE de la MM50,,,,,,134.4007110595703,,134.53069244384767,
NVDA,2025-05-02,CASSURE_TENDANCE,MOYENNE,50.0,Cassure HAUSSE de la MM50,,,,,,114.485595703125,,112.42599395751954,
NVDA,2025-09-02,CASSURE_TENDANCE,MOYENNE,50.0,Cassure BAISSE de la MM50,,,,,,170.77037048339844,,171.05095458984374,
NVDA,2025-09-10,CASSURE_TENDANCE,MOYENNE,50.0,Cassure HAUSSE de la MM50,,,,,,177.32000732421875,,173.22203277587892,
NVDA,2025-09-17,CASSURE_TENDANCE,MOYENNE,50.0,Cassure BAISSE de la MM50,,,,,,170.2899932861328,,175.01852142333985,
NVDA,2025-09-18,CASSURE_TENDANCE,MOYENNE,50.0,Cassure HAUSSE de la MM50,,,,,,176.24000549316406,,175.2859051513672,
NVDA,2025-11-18,CASSURE_TENDANCE,MOYENNE,50.0,Cassure BAISSE de la MM50,,,,,,181.36000061035156,,186.18580108642578,
NVDA,2025-11-19,CASSURE_TENDANCE,MOYENNE,50.0,Cassure HAUSSE de la MM50,,,,,,186.52000427246094,,186.36980102539061,
NVDA,2025-11-20,CASSURE_TENDANCE,MOYENNE,50.0,Cassure BAISSE de la MM50,,,,,,180.63999938964844,,186.4392010498047,
NVDA,2023-03-30,RSI_EXTREME,MOYENNE,86.9398482896516,RSI en SURACHAT: 86.9,,,,,,,,,SURACHAT
NVDA,2023-03-31,RSI_EXTREME,MOYENNE,87.74522283836394,RSI en SURACHAT: 87.7,,,,,,,,,SURACHAT
NVDA,2023-04-03,RSI_EXTREME,MOYENNE,85.70648031117008,RSI en SURACHAT: 85.7,,,,,,,,,SURACHAT
NVDA,2023-05-25,RSI_EXTREME,MOYENNE,83.62256757191336,RSI en SURACHAT: 83.6,,,,,,,,,SURACHAT
NVDA,2023-05-26,RSI_EXTREME,MOYENNE,84.18848650314654,RSI en SURACHAT: 84.2,,,,,,,,,SURACHAT
NVDA,2023-05-30,RSI_EXTREME,MOYENNE,88.69885676456653,RSI en SURACHAT: 88.7,,,,,,,,,SURACHAT
NVDA,2023-06-01,RSI_EXTREME,MOYENNE,80.24539101319662,RSI en SURACHAT: 80.2,,,,,,,,,SURACHAT
NVDA,2023-07-19,RSI_EXTREME,MOYENNE,80.82967114554077,RSI en SURACHAT: 80.8,,,,,,,,,SURACHAT
NVDA,2023-09-19,RSI_EXTREME,MOYENNE,17.263841945877942,RSI en SURVENDE: 17.3,,,,,,,,,SURVENDE
NVDA,2023-09-20,RSI_EXTREME,MOYENNE,10.265995754885921,RSI en SURVENDE: 10.3,,,,,,,,,SURVENDE
NVDA,2023-09-21,RSI_EXTREME,MOYENNE,8.187905428359457,RSI en SURVENDE: 8.2,,,,,,,,,SURVENDE
NVDA,2023-09-22,RSI_EXTREME,MOYENNE,14.506312320558848,RSI en SURVENDE: 14.5,,,,,,,,,SURVENDE
NVDA,2023-09-25,RSI_EXTREME,MOYENNE,19.268947777000974,RSI en SURVENDE: 19.3,,,,,,,,,SURVENDE
NVDA,2023-11-14,RSI_EXTREME,MOYENNE,84.11427751504957,RSI en SURACHAT: 84.1,,,,,,,,,SURACHAT
NVDA,2023-11-15,RSI_EXTREME,MOYENNE,89.41985963767851,RSI en SURACHAT: 89.4,,,,,,,,,SURACHAT
NVDA,2023-11-16,RSI_EXTREME,MOYENNE,89.81200261818202,RSI en SURACHAT: 89.8,,,,,,,,,SURACHAT
NVDA,2023-11-17,RSI_EXTREME,MOYENNE,87.6747339999696,RSI en SURACHAT: 87.7,,,,,,,,,SURACHAT
NVDA,2023-11-20,RSI_EXTREME,MOYENNE,91.75988584595825,RSI en SURACHAT: 91.8,,,,,,,,,SURACHAT
NVDA,2023-11-21,RSI_EXTREME,MOYENNE,86.45801141905294,RSI en SURACHAT: 86.5,,,,,,,,,SURACHAT
NVDA,2024-01-11,RSI_EXTREME,MOYENNE,80.68028274391129,RSI en SURACHAT: 80.7,,,,,,,,,SURACHAT
NVDA,2024-01-16,RSI_EXTREME,MOYENNE,82.32318958715514,RSI en SURACHAT: 82.3,,,,,,,,,SURACHAT
NVDA,2024-01-18,RSI_EXTREME,MOYENNE,80.81419320265884,RSI en SURACHAT: 80.8,,,,,,,,,SURACHAT
NVDA,2024-01-19,RSI_EXTREME,MOYENNE,83.77716424955224,RSI en SURACHAT: 83.8,,,,,,,,,SURACHAT
NVDA,2024-01-22,RSI_EXTREME,MOYENNE,83.9543930879518,RSI en SURACHAT: 84.0,,,,,,,,,SURACHAT
NVDA,2024-01-23,RSI_EXTREME,MOYENNE,92.45554975058468,RSI en SURACHAT: 92.5,,,,,,,,,SURACHAT
NVDA,2024-01-24,RSI_EXTREME,MOYENNE,96.99485492864962,RSI en SURACHAT: 97.0,,,,,,,,,SURACHAT
NVDA,2024-01-25,RSI_EXTREME,MOYENNE,96.95879346620534,RSI en SURACHAT: 97.0,,,,,,,,,SURACHAT
NVDA,2024-01-26,RSI_EXTREME,MOYENNE,92.65796715664848,RSI en SURACHAT: 92.7,,,,,,,,,SURACHAT
NVDA,2024-01-29,RSI_EXTREME,MOYENNE,91.62723314854965,RSI en SURACHAT: 91.6,,,,,,,,,SURACHAT
NVDA,2024-01-30,RSI_EXTREME,MOYENNE,91.21318049049685,RSI en SURACHAT: 91.2,,,,,,,,,SURACHAT
NVDA,2024-01-31,RSI_EXTREME,MOYENNE,80.60553406824913,RSI en SURACHAT: 80.6,,,,,,,,,SURACHAT
NVDA,2024-02-01,RSI_EXTREME,MOYENNE,82.16889269828312,RSI en SURACHAT: 82.2,,,,,,,,,SURACHAT
NVDA,2024-02-02,RSI_EXTREME,MOYENNE,86.29393884184061,RSI en SURACHAT: 86.3,,,,,,,,,SURACHAT
NVDA,2024-02-05,RSI_EXTREME,MOYENNE,87.4841029747212,RSI en SURACHAT: 87.5,,,,,,,,,SURACHAT
NVDA,2024-02-06,RSI_EXTREME,MOYENNE,83.70445973193662,RSI en SURACHAT: 83.7,,,,,,,,,SURACHAT
NVDA,2024-02-07,RSI_EXTREME,MOYENNE,84.41408030254688,RSI en SURACHAT: 84.4,,,,,,,,,SURACHAT
NVDA,2024-02-09,RSI_EXTREME,MOYENNE,82.36428004535036,RSI en SURACHAT: 82.4,,,,,,,,,SURACHAT
NVDA,2024-02-12,RSI_EXTREME,MOYENNE,82.26861562481216,RSI en SURACHAT: 82.3,,,,,,,,,SURACHAT
NVDA,2024-02-13,RSI_EXTREME,MOYENNE,80.23147918918623,RSI en SURACHAT: 80.2,,,,,,,,,SURACHAT
NVDA,2024-02-14,RSI_EXTREME,MOYENNE,81.78345476340542,RSI en SURACHAT: 81.8,,,,,,,,,SURACHAT
NVDA,2024-03-07,RSI_EXTREME,MOYENNE,80.10248549599251,RSI en SURACHAT: 80.1,,,,,,,,,SURACHAT
NVDA,2024-05-28,RSI_EXTREME,MOYENNE,86.32641732751968,RSI en SURACHAT: 86.3,,,,,,,,,SURACHAT
NVDA,2024-05-29,RSI_EXTREME,MOYENNE,87.08262116586076,RSI en SURACHAT: 87.1,,,,,,,,,SURACHAT
NVDA,2024-05-30,RSI_EXTREME,MOYENNE,80.57171912645917,RSI en SURACHAT: 80.6,,,,,,,,,SURACHAT
NVDA,2024-06-03,RSI_EXTREME,MOYENNE,80.62951026813002,RSI en SURACHAT: 80.6,,,,,,,,,SURACHAT
NVDA,2024-06-04,RSI_EXTREME,MOYENNE,80.85829414756587,RSI en SURACHAT: 80.9,,,,,,,,,SURACHAT
NVDA,2024-06-05,RSI_EXTREME,MOYENNE,82.06282328305008,RSI en SURACHAT: 82.1,,,,,,,,,SURACHAT
NVDA,2024-06-07,RSI_EXTREME,MOYENNE,83.21217489290626,RSI en SURACHAT: 83.2,,,,,,,,,SURACHAT
NVDA,2024-06-10,RSI_EXTREME,MOYENNE,82.64445305046385,RSI en SURACHAT: 82.6,,,,,,,,,SURACHAT
NVDA,2024-06-11,RSI_EXTREME,MOYENNE,80.66474827740964,RSI en SURACHAT: 80.7,,,,,,,,,SURACHAT
NVDA,2024-06-12,RSI_EXTREME,MOYENNE,83.26155771959101,RSI en SURACHAT: 83.3,,,,,,,,,SURACHAT
NVDA,2024-06-13,RSI_EXTREME,MOYENNE,81.45165504003606,RSI en SURACHAT: 81.5,,,,,,,,,SURACHAT
NVDA,2024-06-14,RSI_EXTREME,MOYENNE,81.26922770712596,RSI en SURACHAT: 81.3,,,,,,,,,SURACHAT
NVDA,2024-10-21,RSI_EXTREME,MOYENNE,83.26278314322481,RSI en SURACHAT: 83.3,,,,,,,,,SURACHAT
NVDA,2024-10-22,RSI_EXTREME,MOYENNE,82.19679596594668,RSI en SURACHAT: 82.2,,,,,,,,,SURACHAT
NVDA,2025-05-09,RSI_EXTREME,MOYENNE,85.42710099586192,RSI en SURACHAT: 85.4,,,,,,,,,SURACHAT
NVDA,2025-05-12,RSI_EXTREME,MOYENNE,87.40301373865006,RSI en SURACHAT: 87.4,,,,,,,,,SURACHAT
NVDA,2025-05-13,RSI_EXTREME,MOYENNE,88.51157453138883,RSI en SURACHAT: 88.5,,,,,,,,,SURACHAT
NVDA,2025-05-14,RSI_EXTREME,MOYENNE,89.03589107661278,RSI en SURACHAT: 89.0,,,,,,,,,SURACHAT
NVDA,2025-05-15,RSI_EXTREME,MOYENNE,86.13468265861282,RSI en SURACHAT: 86.1,,,,,,,,,SURACHAT
NVDA,2025-05-16,RSI_EXTREME,MOYENNE,92.67200343793226,RSI en SURACHAT: 92.7,,,,,,,,,SURACHAT
NVDA,2025-05-19,RSI_EXTREME,MOYENNE,92.6437566532729,RSI en SURACHAT: 92.6,,,,,,,,,SURACHAT
NVDA,2025-05-20,RSI_EXTREME,MOYENNE,89.50961609052221,RSI en SURACHAT: 89.5,,,,,,,,,SURACHAT
NVDA,2025-05-21,RSI_EXTREME,MOYENNE,81.43878788886921,RSI en SURACHAT: 81.4,,,,,,,,,SURACHAT
NVDA,2025-05-22,RSI_EXTREME,MOYENNE,80.29750541817845,RSI en SURACHAT: 80.3,,,,,,,,,SURACHAT
NVDA,2025-05-27,RSI_EXTREME,MOYENNE,81.33558149962099,RSI en SURACHAT: 81.3,,,,,,,,,SURACHAT
NVDA,2025-05-29,RSI_EXTREME,MOYENNE,80.07167233054325,RSI en SURACHAT: 80.1,,,,,,,,,SURACHAT
NVDA,2025-07-11,RSI_EXTREME,MOYENNE,82.26649679290045,RSI en SURACHAT: 82.3,,,,,,,,,SURACHAT
NVDA,2025-07-15,RSI_EXTREME,MOYENNE,81.59649602880728,RSI en SURACHAT: 81.6,,,,,,,,,SURACHAT
NVDA,2025-11-03,RSI_EXTREME,MOYENNE,81.79021847214032,RSI en SURACHAT: 81.8,,,,,,,,,SURACHAT
AMZN,2023-08-03,MOUVEMENT_EXTREME,HAUTE,8.269337801006271,Mouvement de prix extrême: 8.27%,128.91000366210938,,,,,,,,
AMZN,2023-10-26,MOUVEMENT_EXTREME,HAUTE,6.832816082460003,Mouvement de prix extrême: 6.83%,119.56999969482422,,,,,,,,
AMZN,2024-02-01,MOUVEMENT_EXTREME,HAUTE,7.866649218561839,Mouvement de prix extrême: 7.87%,159.27999877929688,,,,,,,,
AMZN,2024-08-01,MOUVEMENT_EXTREME,HAUTE,-8.78470841762542,Mouvement de prix extrême: -8.78%,184.07000732421875,,,,,,,,
AMZN,2024-10-31,MOUVEMENT_EXTREME,HAUTE,6.185621865256041,Mouvement de prix extrême: 6.19%,186.39999389648438,,,,,,,,
AMZN,2025-04-02,MOUVEMENT_EXTREME,HAUTE,-8.979129298487255,Mouvement de prix extrême: -8.98%,196.00999450683594,,,,,,,,
AMZN,2025-04-08,MOUVEMENT_EXTREME,HAUTE,11.977031526306249,Mouvement de prix extrême: 11.98%,170.66000366210938,,,,,,,,
AMZN,2025-05-09,MOUVEMENT_EXTREME,HAUTE,8.070031092964335,Mouvement de prix extrême: 8.07%,193.05999755859375,,,,,,,,
AMZN,2025-07-31,MOUVEMENT_EXTREME,HAUTE,-8.269617085933035,Mouvement de prix extrême: -8.27%,234.11000061035156,,,,,,,,
AMZN,2025-10-30,MOUVEMENT_EXTREME,HAUTE,9.584492754129247,Mouvement de prix extrême: 9.58%,222.86000061035156,,,,,,,,
AMZN,2023-04-27,VOLUME_ANORMAL,MOYENNE,149961200.0,"Volume anormal: 149,961,200 vs moyenne 46,894,516",,3.1978408967023513,,,,,,,
AMZN,2023-04-28,VOLUME_ANORMAL,MOYENNE,130715900.0,"Volume anormal: 130,715,900 vs moyenne 46,894,516",,2.78744535832772,,,,,,,
AMZN,2023-05-26,VOLUME_ANORMAL,MOYENNE,96779900.0,"Volume anormal: 96,779,900 vs moyenne 46,894,516",,2.06377864540137,,,,,,,
AMZN,2023-07-21,VOLUME_ANORMAL,MOYENNE,133307300.0,"Volume anormal: 133,307,300 vs moyenne 46,894,516",,2.8427055516291504,,,,,,,
AMZN,2023-08-04,VOLUME_ANORMAL,MOYENNE,153128500.0,"Volume anormal: 153,128,500 vs moyenne 46,894,516",,3.2653818437748297,,,,,,,
AMZN,2023-09-15,VOLUME_ANORMAL,MOYENNE,102909300.0,"Volume anormal: 102,909,300 vs moyenne 46,894,516",,2.194484761331673,,,,,,,
AMZN,2023-10-26,VOLUME_ANORMAL,MOYENNE,100419500.0,"Volume anormal: 100,419,500 vs moyenne 46,894,516",,2.1413911326823323,,,,,,,
AMZN,2023-10-27,VOLUME_ANORMAL,MOYENNE,125309300.0,"Volume anormal: 125,309,300 vs moyenne 46,894,516",,2.672152558642795,,,,,,,
AMZN,2023-12-15,VOLUME_ANORMAL,MOYENNE,110089300.0,"Volume anormal: 110,089,300 vs moyenne 46,894,516",,2.3475943499340772,,,,,,,
AMZN,2024-02-02,VOLUME_ANORMAL,MOYENNE,117218300.0,"Volume anormal: 117,218,300 vs moyenne 46,894,516",,2.4996163913193894,,,,,,,
AMZN,2024-08-02,VOLUME_ANORMAL,MOYENNE,141448400.0,"Volume anormal: 141,448,400 vs moyenne 46,894,516",,3.016310074159935,,,,,,,
AMZN,2024-09-20,VOLUME_ANORMAL,MOYENNE,100378600.0,"Volume anormal: 100,378,600 vs moyenne 46,894,516",,2.1405189624631347,,,,,,,
AMZN,2024-11-01,VOLUME_ANORMAL,MOYENNE,99687800.0,"Volume anormal: 99,687,800 vs moyenne 46,894,516",,2.1257880287853435,,,,,,,
AMZN,2025-04-04,VOLUME_ANORMAL,MOYENNE,123159400.0,"Volume anormal: 123,159,400 vs moyenne 46,894,516",,2.626307112328546,,,,,,,
AMZN,2025-04-07,VOLUME_ANORMAL,MOYENNE,109327100.0,"Volume anormal: 109,327,100 vs moyenne 46,894,516",,2.331340850152357,,,,,,,
AMZN,2025-04-09,VOLUME_ANORMAL,MOYENNE,116804300.0,"Volume anormal: 116,804,300 vs moyenne 46,894,516",,2.4907880668512283,,,,,,,
AMZN,2025-06-27,VOLUME_ANORMAL,MOYENNE,119217100.0,"Volume anormal: 119,217,100 vs moyenne 46,894,516",,2.542239712447312,,,,,,,
AMZN,2025-07-31,VOLUME_ANORMAL,MOYENNE,104357300.0,"Volume anormal: 104,357,300 vs moyenne 46,894,516",,2.225362572514999,,,,,,,
AMZN,2025-08-01,VOLUME_ANORMAL,MOYENNE,122258800.0,"Volume anormal: 122,258,800 vs moyenne 46,894,516",,2.6071023079420104,,,,,,,
AMZN,2025-09-19,VOLUME_ANORMAL,MOYENNE,97943200.0,"Volume anormal: 97,943,200 vs moyenne 46,894,516",,2.0885853841786925,,,,,,,
AMZN,2025-10-30,VOLUME_ANORMAL,MOYENNE,102252900.0,"Volume anormal: 102,252,900 vs moyenne 46,894,516",,2.180487388914038,,,,,,,
AMZN,2025-10-31,VOLUME_ANORMAL,MOYENNE,166340800.0,"Volume anormal: 166,340,800 vs moyenne 46,894,516",,3.5471269437040145,,,,,,,
AMZN,2023-08-03,GAP_OUVERTURE,MOYENNE,-0.5693809521145876,Gap d'ouverture: -0.57%,,,127.4800033569336,128.2100067138672,,,,,
AMZN,2023-10-26,GAP_OUVERTURE,MOYENNE,-0.6260829887567148,Gap d'ouverture: -0.63%,,,120.62999725341797,121.38999938964844,,,,,
AMZN,2024-02-01,GAP_OUVERTURE,MOYENNE,0.4316998596132388,Gap d'ouverture: 0.43%,,,155.8699951171875,155.1999969482422,,,,,
AMZN,2024-04-24,GAP_OUVERTURE,MOYENNE,0.22279668610432837,Gap d'ouverture: 0.22%,,,179.94000244140625,179.5399932861328,,,,,
AMZN,2024-08-01,GAP_OUVERTURE,MOYENNE,1.2354249713214245,Gap d'ouverture: 1.24%,,,189.2899932861328,186.97999572753906,,,,,
AMZN,2024-08-02,GAP_OUVERTURE,MOYENNE,-9.409467395582537,Gap d'ouverture: -9.41%,,,166.75,184.07000732421875,,,,,
AMZN,2024-10-31,GAP_OUVERTURE,MOYENNE,-1.1518711513082396,Gap d'ouverture: -1.15%,,,190.50999450683594,192.72999572753906,,,,,
AMZN,2025-01-24,GAP_OUVERTURE,MOYENNE,-0.39079015211150026,Gap d'ouverture: -0.39%,,,234.5,235.4199981689453,,,,,
AMZN,2025-04-02,GAP_OUVERTURE,MOYENNE,-2.346877530212077,Gap d'ouverture: -2.35%,,,187.66000366210938,192.1699981689453,,,,,
AMZN,2025-04-03,GAP_OUVERTURE,MOYENNE,-6.637413841865196,Gap d'ouverture: -6.64%,,,183.0,196.00999450683594,,,,,
AMZN,2025-04-04,GAP_OUVERTURE,MOYENNE,-6.311310764249704,Gap d'ouverture: -6.31%,,,167.14999389648438,178.41000366210938,,,,,
AMZN,2025-04-07,GAP_OUVERTURE,MOYENNE,-5.263157894736842,Gap d'ouverture: -5.26%,,,162.0,171.0,,,,,
AMZN,2025-04-22,GAP_OUVERTURE,MOYENNE,1.5120718793625525,Gap d'ouverture: 1.51%,,,169.85000610351562,167.32000732421875,,,,,
AMZN,2025-05-09,GAP_OUVERTURE,MOYENNE,0.6768029151213979,Gap d'ouverture: 0.68%,,,193.3800048828125,192.0800018310547,,,,,
AMZN,2025-07-31,GAP_OUVERTURE,MOYENNE,2.424085221718111,Gap d'ouverture: 2.42%,,,235.77000427246094,230.19000244140625,,,,,
AMZN,2025-10-30,GAP_OUVERTURE,MOYENNE,-1.4068629831654416,Gap d'ouverture: -1.41%,,,227.05999755859375,230.3000030517578,,,,,
AMZN,2025-10-31,GAP_OUVERTURE,MOYENNE,12.222922650346076,Gap d'ouverture: 12.22%,,,250.10000610351562,222.86000061035156,,,,,
AMZN,2025-04-09,VOLATILITE_EXTREME,HAUTE,5.558529621849346,Volatilité extrême: 5.56%,,,,,10 jours,,,,
AMZN,2025-04-10,VOLATILITE_EXTREME,HAUTE,5.754677898157736,Volatilité extrême: 5.75%,,,,,10 jours,,,,
AMZN,2025-04-11,VOLATILITE_EXTREME,HAUTE,5.687183440304867,Volatilité extrême: 5.69%,,,,,10 jours,,,,
AMZN,2025-04-14,VOLATILITE_EXTREME,HAUTE,5.691715645138582,Volatilité extrême: 5.69%,,,,,10 jours,,,,
AMZN,2025-04-15,VOLATILITE_EXTREME,HAUTE,5.681427322927733,Volatilité extrême: 5.68%,,,,,10 jours,,,,
AMZN,2025-04-16,VOLATILITE_EXTREME,HAUTE,5.651151628190856,Volatilité extrême: 5.65%,,,,,10 jours,,,,
AMZN,2025-04-17,VOLATILITE_EXTREME,HAUTE,4.918961832395636,Volatilité extrême: 4.92%,,,,,10 jours,,,,
AMZN,2025-04-21,VOLATILITE_EXTREME,HAUTE,4.8336878825846945,Volatilité extrême: 4.83%,,,,,10 jours,,,,
AMZN,2025-04-22,VOLATILITE_EXTREME,HAUTE,4.904359863876899,Volatilité extrême: 4.90%,,,,,10 jours,,,,
AMZN,2025-04-23,VOLATILITE_EXTREME,HAUTE,4.982060256476574,Volatilité extrême: 4.98%,,,,,10 jours,,,,
AMZN,2023-04-12,CASSURE_TENDANCE,MOYENNE,20.0,Cassure BAISSE de la MM20,,,,,,97.83000183105469,99.96549911499024,,
AMZN,2023-04-13,CASSURE_TENDANCE,MOYENNE,20.0,Cassure HAUSSE de la MM20,,,,,,102.4000015258789,100.27549934387207,,
AMZN,2023-05-01,CASSURE_TENDANCE,MOYENNE,20.0,Cassure BAISSE de la MM20,,,,,,102.05000305175781,103.27700004577636,,
AMZN,2023-05-02,CASSURE_TENDANCE,MOYENNE,20.0,Cassure HAUSSE de la MM20,,,,,,103.62999725341797,103.3379997253418,,
AMZN,2023-07-10,CASSURE_TENDANCE,MOYENNE,20.0,Cassure BAISSE de la MM20,,,,,,127.12999725341797,127.77249946594239,,
AMZN,2023-07-11,CASSURE_TENDANCE,MOYENNE,20.0,Cassure HAUSSE de la MM20,,,,,,128.77999877929688,128.03999938964844,,
AMZN,2023-07-20,CASSURE_TENDANCE,MOYENNE,20.0,Cassure BAISSE de la MM20,,,,,,129.9600067138672,130.47149963378905,,
AMZN,2023-07-28,CASSURE_TENDANCE,MOYENNE,20.0,Cassure HAUSSE de la MM20,,,,,,132.2100067138672,130.65200080871583,,
AMZN,2023-08-02,CASSURE_TENDANCE,MOYENNE,20.0,Cassure BAISSE de la MM20,,,,,,128.2100067138672,130.7830005645752,,
AMZN,2023-08-04,CASSURE_TENDANCE,MOYENNE,20.0,Cassure HAUSSE de la MM20,,,,,,139.57000732421875,131.30000114440918,,
AMZN,2023-08-17,CASSURE_TENDANCE,MOYENNE,20.0,Cassure BAISSE de la MM20,,,,,,133.97999572753906,134.14350204467775,,
AMZN,2023-08-21,CASSURE_TENDANCE,MOYENNE,20.0,Cassure HAUSSE de la MM20,,,,,,134.67999267578125,134.59850158691407,,
AMZN,2023-08-22,CASSURE_TENDANCE,MOYENNE,20.0,Cassure BAISSE de la MM20,,,,,,134.25,134.85450134277343,,
AMZN,2023-08-23,CASSURE_TENDANCE,MOYENNE,20.0,Cassure HAUSSE de la MM20,,,,,,135.52000427246094,135.22300186157227,,
AMZN,2023-08-24,CASSURE_TENDANCE,MOYENNE,20.0,Cassure BAISSE de la MM20,,,,,,131.83999633789062,135.4025016784668,,
AMZN,2023-08-31,CASSURE_TENDANCE,MOYENNE,20.0,Cassure HAUSSE de la MM20,,,,,,138.00999450683594,136.38700103759766,,
AMZN,2023-09-06,CASSURE_TENDANCE,MOYENNE,20.0,Cassure BAISSE de la MM20,,,,,,135.36000061035156,135.83800048828124,,
AMZN,2023-09-07,CASSURE_TENDANCE,MOYENNE,20.0,Cassure HAUSSE de la MM20,,,,,,137.85000610351562,135.83800048828124,,
AMZN,2023-09-19,CASSURE_TENDANCE,MOYENNE,20.0,Cassure BAISSE de la MM20,,,,,,137.6300048828125,137.73650054931642,,
AMZN,2023-10-11,CASSURE_TENDANCE,MOYENNE,20.0,Cassure HAUSSE de la MM20,,,,,,131.8300018310547,130.87300033569335,,
AMZN,2023-10-18,CASSURE_TENDANCE,MOYENNE,20.0,Cassure BAISSE de la MM20,,,,,,128.1300048828125,128.6860008239746,,
AMZN,2023-10-24,CASSURE_TENDANCE,MOYENNE,20.0,Cassure HAUSSE de la MM20,,,,,,128.55999755859375,128.33549995422362,,
AMZN,2023-10-25,CASSURE_TENDANCE,MOYENNE,20.0,Cassure BAISSE de la MM20,,,,,,121.38999938964844,128.1059997558594,,
AMZN,2023-10-30,CASSURE_TENDANCE,MOYENNE,20.0,Cassure HAUSSE de la MM20,,,,,,132.7100067138672,127.97899932861328,,
AMZN,2023-12-06,CASSURE_TENDANCE,MOYENNE,20.0,Cassure BAISSE de la MM20,,,,,,144.52000427246094,144.98800048828124,,
AMZN,2023-12-07,CASSURE_TENDANCE,MOYENNE,20.0,Cassure HAUSSE de la MM20,,,,,,146.8800048828125,145.22800064086914,,
AMZN,2024-01-02,CASSURE_TENDANCE,MOYENNE,20.0,Cassure BAISSE de la MM20,,,,,,149.92999267578125,149.96899948120117,,
AMZN,2024-01-09,CASSURE_TENDANCE,MOYENNE,20.0,Cassure HAUSSE de la MM20,,,,,,151.3699951171875,150.37949981689454,,
AMZN,2024-01-17,CASSURE_TENDANCE,MOYENNE,20.0,Cassure BAISSE de la MM20,,,,,,151.7100067138672,151.81949996948242,,
AMZN,2024-01-18,CASSURE_TENDANCE,MOYENNE,20.0,Cassure HAUSSE de la MM20,,,,,,153.5,151.79099960327147,,
AMZN,2024-03-11,CASSURE_TENDANCE,MOYENNE,20.0,Cassure BAISSE de la MM20,,,,,,171.9600067138672,173.1129997253418,,
AMZN,2024-03-12,CASSURE_TENDANCE,MOYENNE,20.0,Cassure HAUSSE de la MM20,,,,,,175.38999938964844,173.2654998779297,,
AMZN,2024-03-18,CASSURE_TENDANCE,MOYENNE,20.0,Cassure BAISSE de la MM20,,,,,,174.47999572753906,174.52949981689454,,
AMZN,2024-03-19,CASSURE_TENDANCE,MOYENNE,20.0,Cassure HAUSSE de la MM20,,,,,,175.89999389648438,174.97049942016602,,
AMZN,2024-04-17,CASSURE_TENDANCE,MOYENNE,20.0,Cassure BAISSE de la MM20,,,,,,181.27999877929688,182.13700103759766,,
AMZN,2024-05-02,CASSURE_TENDANCE,MOYENNE,20.0,Cassure HAUSSE de la MM20,,,,,,184.72000122070312,181.27300033569335,,
AMZN,2024-05-21,CASSURE_TENDANCE,MOYENNE,20.0,Cassure BAISSE de la MM20,,,,,,183.14999389648438,183.64300003051758,,
AMZN,2024-06-06,CASSURE_TENDANCE,MOYENNE,20.0,Cassure HAUSSE de la MM20,,,,,,185.0,183.02250061035156,,
AMZN,2024-07-15,CASSURE_TENDANCE,MOYENNE,20.0,Cassure BAISSE de la MM20,,,,,,192.72000122070312,192.8900001525879,,
AMZN,2024-08-15,CASSURE_TENDANCE,MOYENNE,20.0,Cassure HAUSSE de la MM20,,,,,,177.58999633789062,175.1155014038086,,
AMZN,2024-08-28,CASSURE_TENDANCE,MOYENNE,20.0,Cassure BAISSE de la MM20,,,,,,170.8000030517578,172.10050048828126,,
AMZN,2024-08-29,CASSURE_TENDANCE,MOYENNE,20.0,Cassure HAUSSE de la MM20,,,,,,172.1199951171875,171.50299987792968,,
AMZN,2024-09-04,CASSURE_TENDANCE,MOYENNE,20.0,Cassure BAISSE de la MM20,,,,,,173.3300018310547,173.3645004272461,,
AMZN,2024-09-05,CASSURE_TENDANCE,MOYENNE,20.0,Cassure HAUSSE de la MM20,,,,,,177.88999938964844,174.12050018310546,,
AMZN,2024-09-06,CASSURE_TENDANCE,MOYENNE,20.0,Cassure BAISSE de la MM20,,,,,,171.38999938964844,174.4,,
AMZN,2024-09-09,CASSURE_TENDANCE,MOYENNE,20.0,Cassure HAUSSE de la MM20,,,,,,175.39999389648438,174.8229995727539,,
AMZN,2024-10-01,CASSURE_TENDANCE,MOYENNE,20.0,Cassure BAISSE de la MM20,,,,,,185.1300048828125,185.31000137329102,,
AMZN,2024-10-11,CASSURE_TENDANCE,MOYENNE,20.0,Cassure HAUSSE de la MM20,,,,,,188.82000732421875,187.4010009765625,,
AMZN,2024-10-16,CASSURE_TENDANCE,MOYENNE,20.0,Cassure BAISSE de la MM20,,,,,,186.88999938964844,187.59700088500978,,
AMZN,2024-10-17,CASSURE_TENDANCE,MOYENNE,20.0,Cassure HAUSSE de la MM20,,,,,,187.52999877929688,187.48000106811523,,
AMZN,2024-10-23,CASSURE_TENDANCE,MOYENNE,20.0,Cassure BAISSE de la MM20,,,,,,184.7100067138672,186.50500106811523,,
AMZN,2024-10-24,CASSURE_TENDANCE,MOYENNE,20.0,Cassure HAUSSE de la MM20,,,,,,186.3800048828125,186.2660011291504,,
AMZN,2024-10-31,CASSURE_TENDANCE,MOYENNE,20.0,Cassure BAISSE de la MM20,,,,,,186.39999389648438,187.2675003051758,,
AMZN,2024-11-01,CASSURE_TENDANCE,MOYENNE,20.0,Cassure HAUSSE de la MM20,,,,,,197.92999267578125,187.83850021362304,,
AMZN,2024-11-21,CASSURE_TENDANCE,MOYENNE,20.0,Cassure BAISSE de la MM20,,,,,,198.3800048828125,200.8109992980957,,
AMZN,2024-11-26,CASSURE_TENDANCE,MOYENNE,20.0,Cassure HAUSSE de la MM20,,,,,,207.86000061035156,202.77999877929688,,
AMZN,2024-12-30,CASSURE_TENDANCE,MOYENNE,20.0,Cassure BAISSE de la MM20,,,,,,221.3000030517578,224.33649978637695,,
AMZN,2025-01-06,CASSURE_TENDANCE,MOYENNE,20.0,Cassure HAUSSE de la MM20,,,,,,227.61000061035156,225.76399917602538,,
AMZN,2025-01-07,CASSURE_TENDANCE,MOYENNE,20.0,Cassure BAISSE de la MM20,,,,,,222.11000061035156,225.51799926757812,,
AMZN,2025-01-17,CASSURE_TENDANCE,MOYENNE,20.0,Cassure HAUSSE de la MM20,,,,,,225.94000244140625,222.785001373291,,
AMZN,2025-02-07,CASSURE_TENDANCE,MOYENNE,20.0,Cassure BAISSE de la MM20,,,,,,229.14999389648438,231.3845001220703,,
AMZN,2025-02-10,CASSURE_TENDANCE,MOYENNE,20.0,Cassure HAUSSE de la MM20,,,,,,233.13999938964844,232.09449996948243,,
AMZN,2025-02-11,CASSURE_TENDANCE,MOYENNE,20.0,Cassure BAISSE de la MM20,,,,,,232.75999450683594,232.80949935913085,,
AMZN,2025-03-24,CASSURE_TENDANCE,MOYENNE,20.0,Cassure HAUSSE de la MM20,,,,,,203.25999450683594,201.28400039672852,,
AMZN,2025-03-28,CASSURE_TENDANCE,MOYENNE,20.0,Cassure BAISSE de la MM20,,,,,,192.72000122070312,198.9215003967285,,
AMZN,2025-04-24,CASSURE_TENDANCE,MOYENNE,20.0,Cassure HAUSSE de la MM20,,,,,,186.5399932861328,182.06649932861328,,
AMZN,2025-06-23,CASSURE_TENDANCE,MOYENNE,20.0,Cassure BAISSE de la MM20,,,,,,208.47000122070312,209.9120018005371,,
AMZN,2025-06-24,CASSURE_TENDANCE,MOYENNE,20.0,Cassure HAUSSE de la MM20,,,,,,212.77000427246094,210.50100173950196,,
AMZN,2025-08-01,CASSURE_TENDANCE,MOYENNE,20.0,Cassure BAISSE de la MM20,,,,,,214.75,226.47350006103517,,
AMZN,2025-08-14,CASSURE_TENDANCE,MOYENNE,20.0,Cassure HAUSSE de la MM20,,,,,,230.97999572753906,225.47749938964844,,
AMZN,2025-08-20,CASSURE_TENDANCE,MOYENNE,20.0,Cassure BAISSE de la MM20,,,,,,223.80999755859375,225.63499908447267,,
AMZN,2025-08-22,CASSURE_TENDANCE,MOYENNE,20.0,Cassure HAUSSE de la MM20,,,,,,228.83999633789062,224.99099884033203,,
AMZN,2025-09-02,CASSURE_TENDANCE,MOYENNE,20.0,Cassure BAISSE de la MM20,,,,,,225.33999633789062,225.85149993896485,,
AMZN,2025-09-04,CASSURE_TENDANCE,MOYENNE,20.0,Cassure HAUSSE de la MM20,,,,,,235.67999267578125,227.13199996948242,,
AMZN,2025-09-12,CASSURE_TENDANCE,MOYENNE,20.0,Cassure BAISSE de la MM20,,,,,,228.14999389648438,229.66749954223633,,
AMZN,2025-09-15,CASSURE_TENDANCE,MOYENNE,20.0,Cassure HAUSSE de la MM20,,,,,,231.42999267578125,229.68749923706054,,
AMZN,2025-09-22,CASSURE_TENDANCE,MOYENNE,20.0,Cassure BAISSE de la MM20,,,,,,227.6300048828125,230.78299942016602,,
AMZN,2025-10-08,CASSURE_TENDANCE,MOYENNE,20.0,Cassure HAUSSE de la MM20,,,,,,225.22000122070312,224.8289993286133,,
AMZN,2025-10-10,CASSURE_TENDANCE,MOYENNE,20.0,Cassure BAISSE de la MM20,,,,,,216.3699951171875,224.12949981689454,,
AMZN,2025-10-21,CASSURE_TENDANCE,MOYENNE,20.0,Cassure HAUSSE de la MM20,,,,,,222.02999877929688,219.6245002746582,,
AMZN,2025-10-22,CASSURE_TENDANCE,MOYENNE,20.0,Cassure BAISSE de la MM20,,,,,,217.9499969482422,219.51149978637696,,
AMZN,2025-10-23,CASSURE_TENDANCE,MOYENNE,20.0,Cassure HAUSSE de la MM20,,,,,,221.08999633789062,219.65849990844725,,
AMZN,2025-11-14,CASSURE_TENDANCE,MOYENNE,20.0,Cassure BAISSE de la MM20,,,,,,234.69000244140625,235.5150001525879,,
AMZN,2023-03-28,CASSURE_TENDANCE,MOYENNE,50.0,Cassure BAISSE de la MM50,,,,,,97.23999786376953,,97.57419998168945,
AMZN,2023-03-29,CASSURE_TENDANCE,MOYENNE,50.0,Cassure HAUSSE de la MM50,,,,,,100.25,,97.6581999206543,
AMZN,2023-04-12,CASSURE_TENDANCE,MOYENNE,50.0,Cassure BAISSE de la MM50,,,,,,97.83000183105469,,98.36439987182617,
AMZN,2023-04-13,CASSURE_TENDANCE,MOYENNE,50.0,Cassure HAUSSE de la MM50,,,,,,102.4000015258789,,98.3497999572754,
AMZN,2023-09-20,CASSURE_TENDANCE,MOYENNE,50.0,Cassure BAISSE de la MM50,,,,,,135.2899932861328,,135.4456008911133,
AMZN,2023-10-30,CASSURE_TENDANCE,MOYENNE,50.0,Cassure HAUSSE de la MM50,,,,,,132.7100067138672,,132.17040008544922,
AMZN,2024-04-19,CASSURE_TENDANCE,MOYENNE,50.0,Cassure BAISSE de la MM50,,,,,,174.6300048828125,,177.17279998779296,
AMZN,2024-04-23,CASSURE_TENDANCE,MOYENNE,50.0,Cassure HAUSSE de la MM50,,,,,,179.5399932861328,,177.42239990234376,
AMZN,2024-04-24,CASSURE_TENDANCE,MOYENNE,50.0,Cassure BAISSE de la MM50,,,,,,176.58999633789062,,177.50739990234376,
AMZN,2024-04-26,CASSURE_TENDANCE,MOYENNE,50.0,Cassure HAUSSE de la MM50,,,,,,179.6199951171875,,177.78079986572266,
AMZN,2024-04-30,CASSURE_TENDANCE,MOYENNE,50.0,Cassure BAISSE de la MM50,,,,,,175.0,,178.11380004882812,
AMZN,2024-05-01,CASSURE_TENDANCE,MOYENNE,50.0,Cassure HAUSSE de la MM50,,,,,,179.0,,178.35220001220702,
AMZN,2024-05-23,CASSURE_TENDANCE,MOYENNE,50.0,Cassure BAISSE de la MM50,,,,,,181.0500030517578,,181.87900024414063,
AMZN,2024-05-28,CASSURE_TENDANCE,MOYENNE,50.0,Cassure HAUSSE de la MM50,,,,,,182.14999389648438,,182.07360015869142,
AMZN,2024-05-29,CASSURE_TENDANCE,MOYENNE,50.0,Cassure BAISSE de la MM50,,,,,,182.02000427246094,,182.22440032958986,
AMZN,2024-06-06,CASSURE_TENDANCE,MOYENNE,50.0,Cassure HAUSSE de la MM50,,,,,,185.0,,182.4372006225586,
AMZN,2024-06-18,CASSURE_TENDANCE,MOYENNE,50.0,Cassure BAISSE de la MM50,,,,,,182.80999755859375,,182.9432000732422,
AMZN,2024-06-20,CASSURE_TENDANCE,MOYENNE,50.0,Cassure HAUSSE de la MM50,,,,,,186.10000610351562,,182.9518002319336,
AMZN,2024-07-18,CASSURE_TENDANCE,MOYENNE,50.0,Cassure BAISSE de la MM50,,,,,,183.75,,187.78040008544923,
AMZN,2024-09-11,CASSURE_TENDANCE,MOYENNE,50.0,Cassure HAUSSE de la MM50,,,,,,184.52000427246094,,180.4218002319336,
AMZN,2025-02-18,CASSURE_TENDANCE,MOYENNE,50.0,Cassure BAISSE de la MM50,,,,,,226.64999389648438,,228.12899932861328,
AMZN,2025-05-08,CASSURE_TENDANCE,MOYENNE,50.0,Cassure HAUSSE de la MM50,,,,,,192.0800018310547,,190.55059997558592,
AMZN,2025-08-01,CASSURE_TENDANCE,MOYENNE,50.0,Cassure BAISSE de la MM50,,,,,,214.75,,217.60580108642577,
AMZN,2025-08-06,CASSURE_TENDANCE,MOYENNE,50.0,Cassure HAUSSE de la MM50,,,,,,222.30999755859375,,218.45580078125,
AMZN,2025-08-21,CASSURE_TENDANCE,MOYENNE,50.0,Cassure BAISSE de la MM50,,,,,,221.9499969482422,,222.12200073242187,
AMZN,2025-08-22,CASSURE_TENDANCE,MOYENNE,50.0,Cassure HAUSSE de la MM50,,,,,,228.83999633789062,,222.43480072021484,
AMZN,2025-09-22,CASSURE_TENDANCE,MOYENNE,50.0,Cassure BAISSE de la MM50,,,,,,227.6300048828125,,227.78899963378908,
AMZN,2025-10-09,CASSURE_TENDANCE,MOYENNE,50.0,Cassure HAUSSE de la MM50,,,,,,227.74000549316406,,226.00539978027345,
AMZN,2025-10-10,CASSURE_TENDANCE,MOYENNE,50.0,Cassure BAISSE de la MM50,,,,,,216.3699951171875,,225.65059967041014,
AMZN,2025-10-27,CASSURE_TENDANCE,MOYENNE,50.0,Cassure HAUSSE de la MM50,,,,,,226.97000122070312,,225.06359985351563,
AMZN,2025-10-30,CASSURE_TENDANCE,MOYENNE,50.0,Cassure BAISSE de la MM50,,,,,,222.86000061035156,,225.04559997558593,
AMZN,2025-10-31,CASSURE_TENDANCE,MOYENNE,50.0,Cassure HAUSSE de la MM50,,,,,,244.22000122070312,,225.49100006103515,
AMZN,2025-11-18,CASSURE_TENDANCE,MOYENNE,50.0,Cassure BAISSE de la MM50,,,,,,222.5500030517578,,228.32559997558593,
AMZN,2023-05-19,RSI_EXTREME,MOYENNE,82.50915597363527,RSI en SURACHAT: 82.5,,,,,,,,,SURACHAT
AMZN,2023-10-03,RSI_EXTREME,MOYENNE,17.935671067681582,RSI en SURVENDE: 17.9,,,,,,,,,SURVENDE
AMZN,2023-11-14,RSI_EXTREME,MOYENNE,85.6767010691855,RSI en SURACHAT: 85.7,,,,,,,,,SURACHAT
AMZN,2023-11-15,RSI_EXTREME,MOYENNE,83.76677392296168,RSI en SURACHAT: 83.8,,,,,,,,,SURACHAT
AMZN,2024-01-25,RSI_EXTREME,MOYENNE,81.0264069506646,RSI en SURACHAT: 81.0,,,,,,,,,SURACHAT
AMZN,2024-01-26,RSI_EXTREME,MOYENNE,81.63176171204786,RSI en SURACHAT: 81.6,,,,,,,,,SURACHAT
AMZN,2024-01-29,RSI_EXTREME,MOYENNE,80.0692759605625,RSI en SURACHAT: 80.1,,,,,,,,,SURACHAT
AMZN,2024-05-30,RSI_EXTREME,MOYENNE,18.42427099365983,RSI en SURVENDE: 18.4,,,,,,,,,SURVENDE
AMZN,2024-05-31,RSI_EXTREME,MOYENNE,17.491119240761364,RSI en SURVENDE: 17.5,,,,,,,,,SURVENDE
AMZN,2024-07-25,RSI_EXTREME,MOYENNE,15.812702643648521,RSI en SURVENDE: 15.8,,,,,,,,,SURVENDE
AMZN,2024-08-23,RSI_EXTREME,MOYENNE,81.31355851320204,RSI en SURACHAT: 81.3,,,,,,,,,SURACHAT
AMZN,2024-09-26,RSI_EXTREME,MOYENNE,82.42043444208397,RSI en SURACHAT: 82.4,,,,,,,,,SURACHAT
AMZN,2024-12-12,RSI_EXTREME,MOYENNE,84.83260508616993,RSI en SURACHAT: 84.8,,,,,,,,,SURACHAT
AMZN,2024-12-13,RSI_EXTREME,MOYENNE,84.35237722390171,RSI en SURACHAT: 84.4,,,,,,,,,SURACHAT
AMZN,2024-12-16,RSI_EXTREME,MOYENNE,84.74615321652436,RSI en SURACHAT: 84.7,,,,,,,,,SURACHAT
AMZN,2025-02-04,RSI_EXTREME,MOYENNE,81.67364702447415,RSI en SURACHAT: 81.7,,,,,,,,,SURACHAT
AMZN,2025-02-25,RSI_EXTREME,MOYENNE,17.93074544954048,RSI en SURVENDE: 17.9,,,,,,,,,SURVENDE
AMZN,2025-02-27,RSI_EXTREME,MOYENNE,15.98463840853249,RSI en SURVENDE: 16.0,,,,,,,,,SURVENDE
AMZN,2025-03-03,RSI_EXTREME,MOYENNE,16.005796571050794,RSI en SURVENDE: 16.0,,,,,,,,,SURVENDE
AMZN,2025-03-04,RSI_EXTREME,MOYENNE,15.687199027486798,RSI en SURVENDE: 15.7,,,,,,,,,SURVENDE
AMZN,2025-03-06,RSI_EXTREME,MOYENNE,19.816875824448417,RSI en SURVENDE: 19.8,,,,,,,,,SURVENDE
AMZN,2025-03-07,RSI_EXTREME,MOYENNE,19.914118958096495,RSI en SURVENDE: 19.9,,,,,,,,,SURVENDE
AMZN,2025-03-10,RSI_EXTREME,MOYENNE,18.879615829749824,RSI en SURVENDE: 18.9,,,,,,,,,SURVENDE
AMZN,2025-05-12,RSI_EXTREME,MOYENNE,82.24808092649502,RSI en SURACHAT: 82.2,,,,,,,,,SURACHAT
AMZN,2025-05-13,RSI_EXTREME,MOYENNE,80.59254701277928,RSI en SURACHAT: 80.6,,,,,,,,,SURACHAT
AMZN,2025-11-21,RSI_EXTREME,MOYENNE,19.479573861253243,RSI en SURVENDE: 19.5,,,,,,,,,SURVENDE
META,2023-04-26,MOUVEMENT_EXTREME,HAUTE,13.92550976028135,Mouvement de prix extrême: 13.93%,208.11700439453125,,,,,,,,
META,2024-02-01,MOUVEMENT_EXTREME,HAUTE,20.317639753060067,Mouvement de prix extrême: 20.32%,392.3612060546875,,,,,,,,
META,2024-04-24,MOUVEMENT_EXTREME,HAUTE,-10.56129592288686,Mouvement de prix extrême: -10.56%,490.99676513671875,,,,,,,,
META,2025-04-02,MOUVEMENT_EXTREME,HAUTE,-8.958261041597648,Mouvement de prix extrême: -8.96%,583.0874633789062,,,,,,,,
META,2025-04-08,MOUVEMENT_EXTREME,HAUTE,14.755608705942347,Mouvement de prix extrême: 14.76%,509.7135314941406,,,,,,,,
META,2025-04-09,MOUVEMENT_EXTREME,HAUTE,-6.739856349655948,Mouvement de prix extrême: -6.74%,584.9248657226562,,,,,,,,
META,2025-05-09,MOUVEMENT_EXTREME,HAUTE,7.922492438373485,Mouvement de prix extrême: 7.92%,591.6351928710938,,,,,,,,
META,2025-07-30,MOUVEMENT_EXTREME,HAUTE,11.252716637391092,Mouvement de prix extrême: 11.25%,694.7410888671875,,,,,,,,
META,2025-10-29,MOUVEMENT_EXTREME,HAUTE,-11.334763146610161,Mouvement de prix extrême: -11.33%,751.6699829101562,,,,,,,,
META,2023-03-15,VOLUME_ANORMAL,MOYENNE,42123600.0,"Volume anormal: 42,123,600 vs moyenne 17,130,839",,2.458933793100582,,,,,,,
META,2023-03-16,VOLUME_ANORMAL,MOYENNE,50447100.0,"Volume anormal: 50,447,100 vs moyenne 17,130,839",,2.944811909569087,,,,,,,
META,2023-03-17,VOLUME_ANORMAL,MOYENNE,50141100.0,"Volume anormal: 50,141,100 vs moyenne 17,130,839",,2.926949387356152,,,,,,,
META,2023-04-26,VOLUME_ANORMAL,MOYENNE,41992700.0,"Volume anormal: 41,992,700 vs moyenne 17,130,839",,2.451292603042827,,,,,,,
META,2023-04-27,VOLUME_ANORMAL,MOYENNE,71196500.0,"Volume anormal: 71,196,500 vs moyenne 17,130,839",,4.156042688670617,,,,,,,
META,2023-06-16,VOLUME_ANORMAL,MOYENNE,43127700.0,"Volume anormal: 43,127,700 vs moyenne 17,130,839",,2.517547383146359,,,,,,,
META,2023-06-23,VOLUME_ANORMAL,MOYENNE,51092000.0,"Volume anormal: 51,092,000 vs moyenne 17,130,839",,2.9824574670041244,,,,,,,
META,2023-07-06,VOLUME_ANORMAL,MOYENNE,47600500.0,"Volume anormal: 47,600,500 vs moyenne 17,130,839",,2.778643753584315,,,,,,,
META,2023-07-21,VOLUME_ANORMAL,MOYENNE,42139300.0,"Volume anormal: 42,139,300 vs moyenne 17,130,839",,2.459850268913468,,,,,,,
META,2023-07-26,VOLUME_ANORMAL,MOYENNE,47256900.0,"Volume anormal: 47,256,900 vs moyenne 17,130,839",,2.758586359360902,,,,,,,
META,2023-07-27,VOLUME_ANORMAL,MOYENNE,64229200.0,"Volume anormal: 64,229,200 vs moyenne 17,130,839",,3.749331737643884,,,,,,,
META,2023-10-25,VOLUME_ANORMAL,MOYENNE,42192500.0,"Volume anormal: 42,192,500 vs moyenne 17,130,839",,2.4629557793112724,,,,,,,
META,2023-10-26,VOLUME_ANORMAL,MOYENNE,66684100.0,"Volume anormal: 66,684,100 vs moyenne 17,130,839",,3.892634697710987,,,,,,,
META,2024-02-02,VOLUME_ANORMAL,MOYENNE,84707600.0,"Volume anormal: 84,707,600 vs moyenne 17,130,839",,4.944743093478404,,,,,,,
META,2024-04-25,VOLUME_ANORMAL,MOYENNE,82890700.0,"Volume anormal: 82,890,700 vs moyenne 17,130,839",,4.838682908482713,,,,,,,
META,2024-08-01,VOLUME_ANORMAL,MOYENNE,43083100.0,"Volume anormal: 43,083,100 vs moyenne 17,130,839",,2.514943891346696,,,,,,,
META,2024-12-20,VOLUME_ANORMAL,MOYENNE,48989400.0,"Volume anormal: 48,989,400 vs moyenne 17,130,839",,2.8597197571841355,,,,,,,
META,2025-10-30,VOLUME_ANORMAL,MOYENNE,88440100.0,"Volume anormal: 88,440,100 vs moyenne 17,130,839",,5.162625002497289,,,,,,,
META,2025-10-31,VOLUME_ANORMAL,MOYENNE,56953200.0,"Volume anormal: 56,953,200 vs moyenne 17,130,839",,3.324600653914102,,,,,,,
META,2023-04-26,GAP_OUVERTURE,MOYENNE,2.384957195530454,Gap d'ouverture: 2.38%,,,211.19801682372628,206.2783660888672,,,,,
META,2023-07-26,GAP_OUVERTURE,MOYENNE,2.2820680455842575,Gap d'ouverture: 2.28%,,,299.3446347497926,292.6658020019531,,,,,
META,2024-02-01,GAP_OUVERTURE,MOYENNE,0.9740026526413499,Gap d'ouverture: 0.97%,,,391.52635632259523,387.7496643066406,,,,,
META,2024-04-24,GAP_OUVERTURE,MOYENNE,2.4108078767494683,Gap d'ouverture: 2.41%,,,505.48290840251013,493.58355712890625,,,,,
META,2024-07-31,GAP_OUVERTURE,MOYENNE,1.6904542436386574,Gap d'ouverture: 1.69%,,,469.096097904299,461.2980651855469,,,,,
META,2024-08-02,GAP_OUVERTURE,MOYENNE,-1.7559465585063716,Gap d'ouverture: -1.76%,,,487.00259074937424,495.7069396972656,,,,,
META,2025-04-02,GAP_OUVERTURE,MOYENNE,-1.8924953811780436,Gap d'ouverture: -1.89%,,,574.080458474082,585.1544799804688,,,,,
META,2025-04-03,GAP_OUVERTURE,MOYENNE,-6.4579653824756305,Gap d'ouverture: -6.46%,,,545.4318768443412,583.0874633789062,,,,,
META,2025-04-07,GAP_OUVERTURE,MOYENNE,-3.889216781812184,Gap d'ouverture: -3.89%,,,484.40007792998455,504.0018005371094,,,,,
META,2025-04-22,GAP_OUVERTURE,MOYENNE,1.4876420839766606,Gap d'ouverture: 1.49%,,,491.16032727526476,483.9607238769531,,,,,
META,2025-04-30,GAP_OUVERTURE,MOYENNE,-2.8930115894235615,Gap d'ouverture: -2.89%,,,537.623204130374,553.6400756835938,,,,,
META,2025-05-09,GAP_OUVERTURE,MOYENNE,0.9548323531095035,Gap d'ouverture: 0.95%,,,602.8489716185445,597.147216796875,,,,,
META,2025-07-30,GAP_OUVERTURE,MOYENNE,1.155718690078859,Gap d'ouverture: 1.16%,,,707.6124059283386,699.52783203125,,,,,
META,2025-10-29,GAP_OUVERTURE,MOYENNE,0.4404872708186503,Gap d'ouverture: 0.44%,,,754.75,751.4400024414062,,,,,
META,2024-02-02,VOLATILITE_EXTREME,HAUTE,6.434935877318941,Volatilité extrême: 6.43%,,,,,10 jours,,,,
META,2024-02-05,VOLATILITE_EXTREME,HAUTE,6.630664874522485,Volatilité extrême: 6.63%,,,,,10 jours,,,,
META,2024-02-06,VOLATILITE_EXTREME,HAUTE,6.694984113267645,Volatilité extrême: 6.69%,,,,,10 jours,,,,
META,2024-02-07,VOLATILITE_EXTREME,HAUTE,6.7072926402944395,Volatilité extrême: 6.71%,,,,,10 jours,,,,
META,2024-02-08,VOLATILITE_EXTREME,HAUTE,6.722236835626807,Volatilité extrême: 6.72%,,,,,10 jours,,,,
META,2024-02-09,VOLATILITE_EXTREME,HAUTE,6.743888608628244,Volatilité extrême: 6.74%,,,,,10 jours,,,,
META,2024-02-12,VOLATILITE_EXTREME,HAUTE,6.766783729101154,Volatilité extrême: 6.77%,,,,,10 jours,,,,
META,2024-02-13,VOLATILITE_EXTREME,HAUTE,6.83974049104838,Volatilité extrême: 6.84%,,,,,10 jours,,,,
META,2024-02-14,VOLATILITE_EXTREME,HAUTE,6.692908873740061,Volatilité extrême: 6.69%,,,,,10 jours,,,,
META,2024-02-15,VOLATILITE_EXTREME,HAUTE,6.684720714361138,Volatilité extrême: 6.68%,,,,,10 jours,,,,
META,2025-04-09,VOLATILITE_EXTREME,HAUTE,6.259298942788548,Volatilité extrême: 6.26%,,,,,10 jours,,,,
META,2025-04-10,VOLATILITE_EXTREME,HAUTE,6.587629202565851,Volatilité extrême: 6.59%,,,,,10 jours,,,,
META,2025-04-11,VOLATILITE_EXTREME,HAUTE,6.471861940424841,Volatilité extrême: 6.47%,,,,,10 jours,,,,
META,2025-04-14,VOLATILITE_EXTREME,HAUTE,6.495108737120334,Volatilité extrême: 6.50%,,,,,10 jours,,,,
META,2025-04-15,VOLATILITE_EXTREME,HAUTE,6.452435418992952,Volatilité extrême: 6.45%,,,,,10 jours,,,,
META,2025-04-16,VOLATILITE_EXTREME,HAUTE,6.502291506064636,Volatilité extrême: 6.50%,,,,,10 jours,,,,
META,2025-04-17,VOLATILITE_EXTREME,HAUTE,5.922071822558026,Volatilité extrême: 5.92%,,,,,10 jours,,,,
META,2025-04-21,VOLATILITE_EXTREME,HAUTE,5.797398239839375,Volatilité extrême: 5.80%,,,,,10 jours,,,,
META,2025-04-22,VOLATILITE_EXTREME,HAUTE,5.850652418599678,Volatilité extrême: 5.85%,,,,,10 jours,,,,
META,2025-04-23,VOLATILITE_EXTREME,HAUTE,5.980323258315335,Volatilité extrême: 5.98%,,,,,10 jours,,,,
META,2023-04-24,CASSURE_TENDANCE,MOYENNE,20.0,Cassure BAISSE de la MM20,,,,,,211.48623657226562,211.67806549072264,,
META,2023-04-27,CASSURE_TENDANCE,MOYENNE,20.0,Cassure HAUSSE de la MM20,,,,,,237.09835815429688,213.99577941894532,,
META,2023-07-21,CASSURE_TENDANCE,MOYENNE,20.0,Cassure BAISSE de la MM20,,,,,,292.4570617675781,294.70473327636716,,
META,2023-07-26,CASSURE_TENDANCE,MOYENNE,20.0,Cassure HAUSSE de la MM20,,,,,,296.7406921386719,296.2154205322266,,
META,2023-08-09,CASSURE_TENDANCE,MOYENNE,20.0,Cassure BAISSE de la MM20,,,,,,303.3399963378906,307.77913360595704,,
META,2023-09-05,CASSURE_TENDANCE,MOYENNE,20.0,Cassure HAUSSE de la MM20,,,,,,298.31097412109375,293.97572937011716,,
META,2023-09-21,CASSURE_TENDANCE,MOYENNE,20.0,Cassure BAISSE de la MM20,,,,,,293.9181213378906,296.8241760253906,,
META,2023-09-25,CASSURE_TENDANCE,MOYENNE,20.0,Cassure HAUSSE de la MM20,,,,,,298.9867858886719,298.1986968994141,,
META,2023-09-26,CASSURE_TENDANCE,MOYENNE,20.0,Cassure BAISSE de la MM20,,,,,,297.1282653808594,298.6310287475586,,
META,2023-09-28,CASSURE_TENDANCE,MOYENNE,20.0,Cassure HAUSSE de la MM20,,,,,,302.0976257324219,299.0588882446289,,
META,2023-09-29,CASSURE_TENDANCE,MOYENNE,20.0,Cassure BAISSE de la MM20,,,,,,298.3706359863281,299.2735626220703,,
META,2023-10-02,CASSURE_TENDANCE,MOYENNE,20.0,Cassure HAUSSE de la MM20,,,,,,304.9401550292969,299.7923645019531,,
META,2023-10-03,CASSURE_TENDANCE,MOYENNE,20.0,Cassure BAISSE de la MM20,,,,,,299.0961608886719,299.83162384033204,,
META,2023-10-04,CASSURE_TENDANCE,MOYENNE,20.0,Cassure HAUSSE de la MM20,,,,,,303.7077331542969,300.15015869140626,,
META,2023-10-20,CASSURE_TENDANCE,MOYENNE,20.0,Cassure BAISSE de la MM20,,,,,,306.7588806152344,309.3782669067383,,
META,2023-10-23,CASSURE_TENDANCE,MOYENNE,20.0,Cassure HAUSSE de la MM20,,,,,,312.0860900878906,310.0332321166992,,
META,2023-10-24,CASSURE_TENDANCE,MOYENNE,20.0,Cassure BAISSE de la MM20,,,,,,310.635009765625,310.7085693359375,,
META,2023-11-03,CASSURE_TENDANCE,MOYENNE,20.0,Cassure HAUSSE de la MM20,,,,,,312.6725158691406,310.2310134887695,,
META,2023-11-30,CASSURE_TENDANCE,MOYENNE,20.0,Cassure BAISSE de la MM20,,,,,,325.14556884765625,327.29930114746094,,
META,2023-12-08,CASSURE_TENDANCE,MOYENNE,20.0,Cassure HAUSSE de la MM20,,,,,,330.7113037109375,329.26219940185547,,
META,2023-12-11,CASSURE_TENDANCE,MOYENNE,20.0,Cassure BAISSE de la MM20,,,,,,323.28704833984375,329.08876953125,,
META,2023-12-12,CASSURE_TENDANCE,MOYENNE,20.0,Cassure HAUSSE de la MM20,,,,,,332.1722412109375,329.3387283325195,,
META,2024-03-11,CASSURE_TENDANCE,MOYENNE,20.0,Cassure BAISSE de la MM20,,,,,,481.13702392578125,482.44332122802734,,
META,2024-03-12,CASSURE_TENDANCE,MOYENNE,20.0,Cassure HAUSSE de la MM20,,,,,,497.2150573730469,484.00272064208986,,
META,2024-03-15,CASSURE_TENDANCE,MOYENNE,20.0,Cassure BAISSE de la MM20,,,,,,481.6444396972656,486.7672393798828,,
META,2024-03-18,CASSURE_TENDANCE,MOYENNE,20.0,Cassure HAUSSE de la MM20,,,,,,494.4591369628906,487.96919403076174,,
META,2024-03-26,CASSURE_TENDANCE,MOYENNE,20.0,Cassure BAISSE de la MM20,,,,,,493.3746337890625,494.92273712158203,,
META,2024-04-02,CASSURE_TENDANCE,MOYENNE,20.0,Cassure HAUSSE de la MM20,,,,,,494.8470764160156,494.6003784179687,,
META,2024-04-15,CASSURE_TENDANCE,MOYENNE,20.0,Cassure BAISSE de la MM20,,,,,,497.6925964355469,503.4044891357422,,
META,2024-05-09,CASSURE_TENDANCE,MOYENNE,20.0,Cassure HAUSSE de la MM20,,,,,,473.00848388671875,468.7347610473633,,
META,2024-05-30,CASSURE_TENDANCE,MOYENNE,20.0,Cassure BAISSE de la MM20,,,,,,464.6808776855469,466.864794921875,,
META,2024-06-03,CASSURE_TENDANCE,MOYENNE,20.0,Cassure HAUSSE de la MM20,,,,,,475.0679626464844,469.3859390258789,,
META,2024-07-12,CASSURE_TENDANCE,MOYENNE,20.0,Cassure BAISSE de la MM20,,,,,,496.832275390625,509.231462097168,,
META,2024-08-01,CASSURE_TENDANCE,MOYENNE,20.0,Cassure HAUSSE de la MM20,,,,,,495.7069396972656,488.198225402832,,
META,2024-08-05,CASSURE_TENDANCE,MOYENNE,20.0,Cassure BAISSE de la MM20,,,,,,473.7868347167969,482.9517395019531,,
META,2024-08-06,CASSURE_TENDANCE,MOYENNE,20.0,Cassure HAUSSE de la MM20,,,,,,492.07183837890625,481.1635772705078,,
META,2024-09-03,CASSURE_TENDANCE,MOYENNE,20.0,Cassure BAISSE de la MM20,,,,,,509.669677734375,518.1648193359375,,
META,2024-09-12,CASSURE_TENDANCE,MOYENNE,20.0,Cassure HAUSSE de la MM20,,,,,,523.453125,517.9267959594727,,
META,2024-10-16,CASSURE_TENDANCE,MOYENNE,20.0,Cassure BAISSE de la MM20,,,,,,574.9819946289062,575.5687133789063,,
META,2024-10-22,CASSURE_TENDANCE,MOYENNE,20.0,Cassure HAUSSE de la MM20,,,,,,580.1856689453125,578.6779266357422,,
META,2024-10-23,CASSURE_TENDANCE,MOYENNE,20.0,Cassure BAISSE de la MM20,,,,,,561.9231567382812,578.4476531982422,,
META,2024-10-29,CASSURE_TENDANCE,MOYENNE,20.0,Cassure HAUSSE de la MM20,,,,,,591.42041015625,579.8612182617187,,
META,2024-10-31,CASSURE_TENDANCE,MOYENNE,20.0,Cassure BAISSE de la MM20,,,,,,565.8009643554688,580.0506225585938,,
META,2024-11-07,CASSURE_TENDANCE,MOYENNE,20.0,Cassure HAUSSE de la MM20,,,,,,589.8453369140625,575.8672607421875,,
META,2024-11-14,CASSURE_TENDANCE,MOYENNE,20.0,Cassure BAISSE de la MM20,,,,,,575.3508911132812,575.5746826171875,,
META,2024-11-26,CASSURE_TENDANCE,MOYENNE,20.0,Cassure HAUSSE de la MM20,,,,,,571.7421875,569.9010162353516,,
META,2024-11-27,CASSURE_TENDANCE,MOYENNE,20.0,Cassure BAISSE de la MM20,,,,,,567.4158325195312,568.774560546875,,
META,2024-11-29,CASSURE_TENDANCE,MOYENNE,20.0,Cassure HAUSSE de la MM20,,,,,,572.519775390625,569.1105010986328,,
META,2024-12-18,CASSURE_TENDANCE,MOYENNE,20.0,Cassure BAISSE de la MM20,,,,,,595.7982788085938,597.219384765625,,
META,2024-12-24,CASSURE_TENDANCE,MOYENNE,20.0,Cassure HAUSSE de la MM20,,,,,,606.333740234375,604.0721649169922,,
META,2024-12-26,CASSURE_TENDANCE,MOYENNE,20.0,Cassure BAISSE de la MM20,,,,,,601.9439697265625,605.5822540283203,,
META,2025-01-06,CASSURE_TENDANCE,MOYENNE,20.0,Cassure HAUSSE de la MM20,,,,,,628.7313842773438,607.617465209961,,
META,2025-01-14,CASSURE_TENDANCE,MOYENNE,20.0,Cassure BAISSE de la MM20,,,,,,592.8651123046875,604.097412109375,,
META,2025-01-15,CASSURE_TENDANCE,MOYENNE,20.0,Cassure HAUSSE de la MM20,,,,,,615.681884765625,603.96123046875,,
META,2025-02-20,CASSURE_TENDANCE,MOYENNE,20.0,Cassure BAISSE de la MM20,,,,,,693.220703125,695.7069244384766,,
META,2025-03-25,CASSURE_TENDANCE,MOYENNE,20.0,Cassure HAUSSE de la MM20,,,,,,625.4063720703125,620.0394744873047,,
META,2025-03-26,CASSURE_TENDANCE,MOYENNE,20.0,Cassure BAISSE de la MM20,,,,,,610.0984497070312,616.9378967285156,,
META,2025-04-09,CASSURE_TENDANCE,MOYENNE,20.0,Cassure HAUSSE de la MM20,,,,,,584.9248657226562,578.2572265625,,
META,2025-04-10,CASSURE_TENDANCE,MOYENNE,20.0,Cassure BAISSE de la MM20,,,,,,545.5017700195312,576.0691345214843,,
META,2025-04-25,CASSURE_TENDANCE,MOYENNE,20.0,Cassure HAUSSE de la MM20,,,,,,546.4804077148438,534.4343063354493,,
META,2025-07-15,CASSURE_TENDANCE,MOYENNE,20.0,Cassure BAISSE de la MM20,,,,,,709.910888671875,714.2354339599609,,
META,2025-07-28,CASSURE_TENDANCE,MOYENNE,20.0,Cassure HAUSSE de la MM20,,,,,,717.14599609375,715.6579650878906,,
META,2025-07-29,CASSURE_TENDANCE,MOYENNE,20.0,Cassure BAISSE de la MM20,,,,,,699.52783203125,713.7547454833984,,
META,2025-07-31,CASSURE_TENDANCE,MOYENNE,20.0,Cassure HAUSSE de la MM20,,,,,,772.9183349609375,715.5465393066406,,
META,2025-08-19,CASSURE_TENDANCE,MOYENNE,20.0,Cassure BAISSE de la MM20,,,,,,750.97314453125,751.6157104492188,,
META,2025-09-09,CASSURE_TENDANCE,MOYENNE,20.0,Cassure HAUSSE de la MM20,,,,,,765.1835327148438,756.1771209716796,,
META,2025-09-10,CASSURE_TENDANCE,MOYENNE,20.0,Cassure BAISSE de la MM20,,,,,,751.4727783203125,754.2774017333984,,
META,2025-09-12,CASSURE_TENDANCE,MOYENNE,20.0,Cassure HAUSSE de la MM20,,,,,,755.0803833007812,751.4932800292969,,
META,2025-09-23,CASSURE_TENDANCE,MOYENNE,20.0,Cassure BAISSE de la MM20,,,,,,755.4000244140625,756.5222045898438,,
META,2025-09-24,CASSURE_TENDANCE,MOYENNE,20.0,Cassure HAUSSE de la MM20,,,,,,760.6599731445312,756.875634765625,,
META,2025-09-25,CASSURE_TENDANCE,MOYENNE,20.0,Cassure BAISSE de la MM20,,,,,,748.9099731445312,756.9773376464843,,
META,2025-10-20,CASSURE_TENDANCE,MOYENNE,20.0,Cassure HAUSSE de la MM20,,,,,,732.1699829101562,726.4950012207031,,
META,2025-10-30,CASSURE_TENDANCE,MOYENNE,20.0,Cassure BAISSE de la MM20,,,,,,666.469970703125,722.9224975585937,,
META,2023-08-16,CASSURE_TENDANCE,MOYENNE,50.0,Cassure BAISSE de la MM50,,,,,,292.4869079589844,,293.5837451171875,
META,2023-09-05,CASSURE_TENDANCE,MOYENNE,50.0,Cassure HAUSSE de la MM50,,,,,,298.31097412109375,,297.6729357910156,
META,2023-09-06,CASSURE_TENDANCE,MOYENNE,50.0,Cassure BAISSE de la MM50,,,,,,297.3370361328125,,298.08440002441404,
META,2023-09-11,CASSURE_TENDANCE,MOYENNE,50.0,Cassure HAUSSE de la MM50,,,,,,305.6756286621094,,299.08324340820315,
META,2023-09-15,CASSURE_TENDANCE,MOYENNE,50.0,Cassure BAISSE de la MM50,,,,,,298.4700012207031,,300.2637664794922,
META,2023-09-18,CASSURE_TENDANCE,MOYENNE,50.0,Cassure HAUSSE de la MM50,,,,,,300.6962890625,,300.5026934814453,
META,2023-09-20,CASSURE_TENDANCE,MOYENNE,50.0,Cassure BAISSE de la MM50,,,,,,297.8339538574219,,300.74817932128906,
META,2023-09-28,CASSURE_TENDANCE,MOYENNE,50.0,Cassure HAUSSE de la MM50,,,,,,302.0976257324219,,299.2772442626953,
META,2023-09-29,CASSURE_TENDANCE,MOYENNE,50.0,Cassure BAISSE de la MM50,,,,,,298.3706359863281,,299.23132690429685,
META,2023-10-02,CASSURE_TENDANCE,MOYENNE,50.0,Cassure HAUSSE de la MM50,,,,,,304.9401550292969,,299.4809887695312,
META,2023-10-03,CASSURE_TENDANCE,MOYENNE,50.0,Cassure BAISSE de la MM50,,,,,,299.0961608886719,,299.6664453125,
META,2023-10-04,CASSURE_TENDANCE,MOYENNE,50.0,Cassure HAUSSE de la MM50,,,,,,303.7077331542969,,299.88728393554686,
META,2023-10-25,CASSURE_TENDANCE,MOYENNE,50.0,Cassure BAISSE de la MM50,,,,,,297.69476318359375,,301.3091162109375,
META,2023-11-01,CASSURE_TENDANCE,MOYENNE,50.0,Cassure HAUSSE de la MM50,,,,,,309.9393615722656,,302.5162744140625,
META,2023-12-06,CASSURE_TENDANCE,MOYENNE,50.0,Cassure BAISSE de la MM50,,,,,,315.5050354003906,,316.44500854492185,
META,2023-12-07,CASSURE_TENDANCE,MOYENNE,50.0,Cassure HAUSSE de la MM50,,,,,,324.5890197753906,,317.01847412109373,
META,2024-04-19,CASSURE_TENDANCE,MOYENNE,50.0,Cassure BAISSE de la MM50,,,,,,478.62982177734375,,491.5468469238281,
META,2024-04-23,CASSURE_TENDANCE,MOYENNE,50.0,Cassure HAUSSE de la MM50,,,,,,493.58355712890625,,492.35700256347656,
META,2024-04-24,CASSURE_TENDANCE,MOYENNE,50.0,Cassure BAISSE de la MM50,,,,,,490.99676513671875,,492.856396484375,
META,2024-06-05,CASSURE_TENDANCE,MOYENNE,50.0,Cassure HAUSSE de la MM50,,,,,,492.5487976074219,,478.28894592285155,
META,2024-07-16,CASSURE_TENDANCE,MOYENNE,50.0,Cassure BAISSE de la MM50,,,,,,487.7893981933594,,489.27955810546877,
META,2024-08-01,CASSURE_TENDANCE,MOYENNE,50.0,Cassure HAUSSE de la MM50,,,,,,495.7069396972656,,489.93068054199216,
META,2024-08-02,CASSURE_TENDANCE,MOYENNE,50.0,Cassure BAISSE de la MM50,,,,,,486.1461181640625,,490.40813903808595,
META,2024-08-06,CASSURE_TENDANCE,MOYENNE,50.0,Cassure HAUSSE de la MM50,,,,,,492.07183837890625,,491.1488195800781,
META,2024-08-07,CASSURE_TENDANCE,MOYENNE,50.0,Cassure BAISSE de la MM50,,,,,,486.9229736328125,,491.3713934326172,
META,2024-08-08,CASSURE_TENDANCE,MOYENNE,50.0,Cassure HAUSSE de la MM50,,,,,,507.54833984375,,491.97264709472654,
META,2024-09-06,CASSURE_TENDANCE,MOYENNE,50.0,Cassure BAISSE de la MM50,,,,,,498.2265930175781,,502.9665545654297,
META,2024-09-09,CASSURE_TENDANCE,MOYENNE,50.0,Cassure HAUSSE de la MM50,,,,,,502.7281188964844,,502.67236083984375,
META,2024-11-15,CASSURE_TENDANCE,MOYENNE,50.0,Cassure BAISSE de la MM50,,,,,,552.3432006835938,,566.27939453125,
META,2024-12-02,CASSURE_TENDANCE,MOYENNE,50.0,Cassure HAUSSE de la MM50,,,,,,590.9718017578125,,573.8767248535156,
META,2024-12-20,CASSURE_TENDANCE,MOYENNE,50.0,Cassure BAISSE de la MM50,,,,,,583.8861694335938,,584.1898474121094,
META,2024-12-23,CASSURE_TENDANCE,MOYENNE,50.0,Cassure HAUSSE de la MM50,,,,,,598.4520874023438,,584.3968713378906,
META,2024-12-31,CASSURE_TENDANCE,MOYENNE,50.0,Cassure BAISSE de la MM50,,,,,,584.1455078125,,586.0554577636718,
META,2025-01-02,CASSURE_TENDANCE,MOYENNE,50.0,Cassure HAUSSE de la MM50,,,,,,597.8435668945312,,586.545185546875,
META,2025-03-04,CASSURE_TENDANCE,MOYENNE,50.0,Cassure BAISSE de la MM50,,,,,,638.5086059570312,,650.0575573730468,
META,2025-03-05,CASSURE_TENDANCE,MOYENNE,50.0,Cassure HAUSSE de la MM50,,,,,,654.9400634765625,,651.2403930664062,
META,2025-03-06,CASSURE_TENDANCE,MOYENNE,50.0,Cassure BAISSE de la MM50,,,,,,626.4666748046875,,651.8860852050781,
META,2025-05-02,CASSURE_TENDANCE,MOYENNE,50.0,Cassure HAUSSE de la MM50,,,,,,596.1586303710938,,582.4824053955078,
META,2025-09-02,CASSURE_TENDANCE,MOYENNE,50.0,Cassure BAISSE de la MM50,,,,,,734.6141357421875,,735.6440832519531,
META,2025-09-03,CASSURE_TENDANCE,MOYENNE,50.0,Cassure HAUSSE de la MM50,,,,,,736.5528564453125,,736.4139624023437,
META,2025-09-25,CASSURE_TENDANCE,MOYENNE,50.0,Cassure BAISSE de la MM50,,,,,,748.9099731445312,,749.7356726074219,
META,2025-10-27,CASSURE_TENDANCE,MOYENNE,50.0,Cassure HAUSSE de la MM50,,,,,,750.8200073242188,,742.1103894042968,
META,2025-10-30,CASSURE_TENDANCE,MOYENNE,50.0,Cassure BAISSE de la MM50,,,,,,666.469970703125,,740.2011645507813,
META,2023-03-16,RSI_EXTREME,MOYENNE,83.41718783606663,RSI en SURACHAT: 83.4,,,,,,,,,SURACHAT
META,2023-05-25,RSI_EXTREME,MOYENNE,83.0620287649978,RSI en SURACHAT: 83.1,,,,,,,,,SURACHAT
META,2023-05-26,RSI_EXTREME,MOYENNE,86.91294231479884,RSI en SURACHAT: 86.9,,,,,,,,,SURACHAT
META,2023-05-30,RSI_EXTREME,MOYENNE,87.03933248200286,RSI en SURACHAT: 87.0,,,,,,,,,SURACHAT
META,2023-05-31,RSI_EXTREME,MOYENNE,88.34213037985752,RSI en SURACHAT: 88.3,,,,,,,,,SURACHAT
META,2023-06-01,RSI_EXTREME,MOYENNE,89.64247188210469,RSI en SURACHAT: 89.6,,,,,,,,,SURACHAT
META,2023-06-02,RSI_EXTREME,MOYENNE,93.63462731798582,RSI en SURACHAT: 93.6,,,,,,,,,SURACHAT
META,2023-06-05,RSI_EXTREME,MOYENNE,90.03182410061585,RSI en SURACHAT: 90.0,,,,,,,,,SURACHAT
META,2023-06-06,RSI_EXTREME,MOYENNE,89.52510350751352,RSI en SURACHAT: 89.5,,,,,,,,,SURACHAT
META,2023-06-15,RSI_EXTREME,MOYENNE,80.89481473378949,RSI en SURACHAT: 80.9,,,,,,,,,SURACHAT
META,2023-11-15,RSI_EXTREME,MOYENNE,89.39607469275248,RSI en SURACHAT: 89.4,,,,,,,,,SURACHAT
META,2023-11-16,RSI_EXTREME,MOYENNE,87.91494646393448,RSI en SURACHAT: 87.9,,,,,,,,,SURACHAT
META,2023-11-17,RSI_EXTREME,MOYENNE,86.52975201973699,RSI en SURACHAT: 86.5,,,,,,,,,SURACHAT
META,2023-11-20,RSI_EXTREME,MOYENNE,90.4304249330679,RSI en SURACHAT: 90.4,,,,,,,,,SURACHAT
META,2023-11-21,RSI_EXTREME,MOYENNE,81.2019245432641,RSI en SURACHAT: 81.2,,,,,,,,,SURACHAT
META,2023-11-22,RSI_EXTREME,MOYENNE,84.95451266473692,RSI en SURACHAT: 85.0,,,,,,,,,SURACHAT
META,2023-12-26,RSI_EXTREME,MOYENNE,80.52136382102978,RSI en SURACHAT: 80.5,,,,,,,,,SURACHAT
META,2023-12-27,RSI_EXTREME,MOYENNE,82.55414249565182,RSI en SURACHAT: 82.6,,,,,,,,,SURACHAT
META,2024-01-23,RSI_EXTREME,MOYENNE,80.39365240179197,RSI en SURACHAT: 80.4,,,,,,,,,SURACHAT
META,2024-01-24,RSI_EXTREME,MOYENNE,84.14831803795818,RSI en SURACHAT: 84.1,,,,,,,,,SURACHAT
META,2024-01-25,RSI_EXTREME,MOYENNE,84.10838858722839,RSI en SURACHAT: 84.1,,,,,,,,,SURACHAT
META,2024-01-26,RSI_EXTREME,MOYENNE,83.14216039808866,RSI en SURACHAT: 83.1,,,,,,,,,SURACHAT
META,2024-01-29,RSI_EXTREME,MOYENNE,83.18706993026507,RSI en SURACHAT: 83.2,,,,,,,,,SURACHAT
META,2024-01-30,RSI_EXTREME,MOYENNE,83.54057479367255,RSI en SURACHAT: 83.5,,,,,,,,,SURACHAT
META,2024-02-02,RSI_EXTREME,MOYENNE,85.98025739523202,RSI en SURACHAT: 86.0,,,,,,,,,SURACHAT
META,2024-02-05,RSI_EXTREME,MOYENNE,81.02021967421786,RSI en SURACHAT: 81.0,,,,,,,,,SURACHAT
META,2024-04-30,RSI_EXTREME,MOYENNE,19.18052857587493,RSI en SURVENDE: 19.2,,,,,,,,,SURVENDE
META,2024-09-23,RSI_EXTREME,MOYENNE,80.10834270013738,RSI en SURACHAT: 80.1,,,,,,,,,SURACHAT
META,2024-09-26,RSI_EXTREME,MOYENNE,96.54075974641339,RSI en SURACHAT: 96.5,,,,,,,,,SURACHAT
META,2024-09-27,RSI_EXTREME,MOYENNE,95.64356558519643,RSI en SURACHAT: 95.6,,,,,,,,,SURACHAT
META,2024-09-30,RSI_EXTREME,MOYENNE,95.94203209695392,RSI en SURACHAT: 95.9,,,,,,,,,SURACHAT
META,2024-10-01,RSI_EXTREME,MOYENNE,95.77072918432664,RSI en SURACHAT: 95.8,,,,,,,,,SURACHAT
META,2024-10-02,RSI_EXTREME,MOYENNE,89.0760895728361,RSI en SURACHAT: 89.1,,,,,,,,,SURACHAT
META,2024-10-03,RSI_EXTREME,MOYENNE,91.87503442559743,RSI en SURACHAT: 91.9,,,,,,,,,SURACHAT
META,2024-10-04,RSI_EXTREME,MOYENNE,92.31508395595672,RSI en SURACHAT: 92.3,,,,,,,,,SURACHAT
META,2024-10-08,RSI_EXTREME,MOYENNE,80.99066117757577,RSI en SURACHAT: 81.0,,,,,,,,,SURACHAT
META,2024-12-06,RSI_EXTREME,MOYENNE,84.55818816981323,RSI en SURACHAT: 84.6,,,,,,,,,SURACHAT
META,2025-02-03,RSI_EXTREME,MOYENNE,84.56526979294584,RSI en SURACHAT: 84.6,,,,,,,,,SURACHAT
META,2025-02-04,RSI_EXTREME,MOYENNE,95.21301487526455,RSI en SURACHAT: 95.2,,,,,,,,,SURACHAT
META,2025-02-05,RSI_EXTREME,MOYENNE,94.14425976433743,RSI en SURACHAT: 94.1,,,,,,,,,SURACHAT
META,2025-02-06,RSI_EXTREME,MOYENNE,100.0,RSI en SURACHAT: 100.0,,,,,,,,,SURACHAT
META,2025-02-07,RSI_EXTREME,MOYENNE,100.0,RSI en SURACHAT: 100.0,,,,,,,,,SURACHAT
META,2025-02-10,RSI_EXTREME,MOYENNE,100.0,RSI en SURACHAT: 100.0,,,,,,,,,SURACHAT
META,2025-02-11,RSI_EXTREME,MOYENNE,100.0,RSI en SURACHAT: 100.0,,,,,,,,,SURACHAT
META,2025-02-12,RSI_EXTREME,MOYENNE,100.0,RSI en SURACHAT: 100.0,,,,,,,,,SURACHAT
META,2025-02-13,RSI_EXTREME,MOYENNE,100.0,RSI en SURACHAT: 100.0,,,,,,,,,SURACHAT
META,2025-02-14,RSI_EXTREME,MOYENNE,100.0,RSI en SURACHAT: 100.0,,,,,,,,,SURACHAT
META,2025-05-09,RSI_EXTREME,MOYENNE,85.08491214644135,RSI en SURACHAT: 85.1,,,,,,,,,SURACHAT
META,2025-05-12,RSI_EXTREME,MOYENNE,87.61012911099257,RSI en SURACHAT: 87.6,,,,,,,,,SURACHAT
META,2025-05-13,RSI_EXTREME,MOYENNE,87.37883880470218,RSI en SURACHAT: 87.4,,,,,,,,,SURACHAT
META,2025-05-14,RSI_EXTREME,MOYENNE,86.6782767236476,RSI en SURACHAT: 86.7,,,,,,,,,SURACHAT
META,2025-11-07,RSI_EXTREME,MOYENNE,17.93801385249236,RSI en SURVENDE: 17.9,,,,,,,,,SURVENDE
META,2025-11-12,RSI_EXTREME,MOYENNE,19.24912605264106,RSI en SURVENDE: 19.2,,,,,,,,,SURVENDE
META,2025-11-13,RSI_EXTREME,MOYENNE,17.842310211983744,RSI en SURVENDE: 17.8,,,,,,,,,SURVENDE
META,2025-11-14,RSI_EXTREME,MOYENNE,12.348176163121138,RSI en SURVENDE: 12.3,,,,,,,,,SURVENDE
META,2025-11-17,RSI_EXTREME,MOYENNE,11.5959902205705,RSI en SURVENDE: 11.6,,,,,,,,,SURVENDE
META,2025-11-18,RSI_EXTREME,MOYENNE,11.241449578708725,RSI en SURVENDE: 11.2,,,,,,,,,SURVENDE
META,2025-11-19,RSI_EXTREME,MOYENNE,18.48358376053565,RSI en SURVENDE: 18.5,,,,,,,,,SURVENDE
