date,Open,High,Low,Close,Volume,symbol,daily_return,volatility_10,MA_5,MA_20,MA_50,RSI_14,volume_MA_5,volume_ratio,target_3_days,target_direction,overnight_gap
2024-01-08,43948.70703125,47218.0,43244.08203125,46970.50390625,42746192015,BTC-USD,0.06889378335779228,0.03157734605885358,44649.08203125,43610.9798828125,41716.760078125,62.989895362639764,28190677980.6,1.5163236600558767,-0.012814807564155317,0,
2024-01-09,46987.640625,47893.69921875,45244.71484375,46139.73046875,39821290992,BTC-USD,-0.017687130611972357,0.03280449799642014,45041.04375,43735.35390625,41890.015546875,64.29319824016882,30065317937.0,1.3244925956027818,-0.07123063933427087,0,0.0003648400022321189
2024-01-10,46121.5390625,47647.22265625,44483.15234375,46627.77734375,50114613298,BTC-USD,0.010577584004972662,0.032712842102575836,45534.0609375,43873.28515625,42106.29484375,63.024550704597935,33621034727.2,1.4905731993268014,-0.08118325056206854,0,-0.0003942677181939948
2024-01-11,46656.07421875,48969.37109375,45678.64453125,46368.5859375,45833734549,BTC-USD,-0.005558733892443213,0.030600252348940014,46009.9390625,43991.8193359375,42285.019765625,66.02602314470039,39569280943.4,1.1583160839986122,-0.09860806219997742,0,0.0006068673355667236
2024-01-12,46354.79296875,46498.13671875,41903.76953125,42853.16796875,43332698900,BTC-USD,-0.07581464687080208,0.03939582348206153,45791.953125,43947.5005859375,42396.290703125,52.57121598299536,44369705950.8,0.9766280386904096,-0.007962053563900229,0,-0.0002974636485268599
2024-01-13,42799.4453125,43234.66015625,42464.14453125,42842.3828125,20601860469,BTC-USD,-0.0002516769882185965,0.036406857658128684,44966.32890625,43938.8138671875,42498.732734375,52.3457603392552,39940839641.6,0.5158093984469553,0.007295637625197804,1,-0.00125364491813479
2024-01-14,42842.26171875,43065.59765625,41724.61328125,41796.26953125,17521429522,BTC-USD,-0.0244177193838242,0.03545974433040489,44097.63671875,43847.9703125,42578.722265625,48.49211646840495,35480867347.6,0.49382754232994214,0.022642757909109967,1,-2.826494280907943e-06
2024-01-15,41715.06640625,43319.72265625,41705.41796875,42511.96875,22320220558,BTC-USD,0.01712351907901466,0.03613670580349062,43274.475,43847.5486328125,42679.37921875,44.2371769016556,29921988799.6,0.7459470928716603,-0.029401370790431813,0,-0.001942831882144087
2024-01-16,42499.3359375,43566.2734375,42085.99609375,43154.9453125,24062872740,BTC-USD,0.015124600939588229,0.036594074180666826,42631.746875,43833.153125,42797.394765625,43.65792411174334,25567816437.8,0.9411391386721997,-0.0356051676435547,0,-0.00029715896185118453
2024-01-17,43132.1015625,43189.890625,42189.30859375,42742.65234375,20851232595,BTC-USD,-0.009553782672285682,0.036686151730555255,42609.64375,43838.89296875,42895.62609375,49.578488725891916,21071523176.8,0.9895455786488875,-0.02519886687395745,0,-0.000529342577880251
2024-01-18,42742.3125,42876.34765625,40631.171875,41262.05859375,25218357242,BTC-USD,-0.034639725632667706,0.027984079790558582,42293.57890625,43797.02578125,42963.697421875,38.481622512318324,21994822531.4,1.1465587960984023,0.006876209577749481,1,-7.950927969253487e-06
2024-01-19,41278.4609375,42134.16015625,40297.45703125,41618.40625,25752407154,BTC-USD,0.00863620644230223,0.02867254592476656,42258.00625,43770.1009765625,43041.810625,40.218229373320426,23641018057.8,1.089310413411041,-0.050723688211871454,0,0.0003975163699778294
2024-01-20,41624.58984375,41877.89453125,41446.82421875,41665.5859375,11586690904,BTC-USD,0.0011336255217606617,0.02807321930087676,42088.7296875,43740.1208984375,43101.34734375,40.97902216679143,21494312127.0,0.539058465120427,-0.043681976751271945,0,0.00014857834086330493
2024-01-21,41671.48828125,41855.3671875,41497.0078125,41545.78515625,9344043642,BTC-USD,-0.0028752933279206916,0.028141858847057447,41766.89765625,43609.0435546875,43142.73640625,40.74584302409744,18550546307.4,0.5037071947726178,-0.0353516230822527,0,0.00014165992430428665
2024-01-22,41553.65234375,41651.20703125,39450.1171875,39507.3671875,31338708143,BTC-USD,-0.049064374667218136,0.02180772001870121,41119.840625,43336.5134765625,43133.3159375,18.809079988807227,20648041417.0,1.5177569392706725,0.01079397177306518,1,0.0001893618683679273
2024-01-23,39518.71484375,40127.3515625,38521.89453125,39845.55078125,29244553045,BTC-USD,0.008560013431039293,0.02232208898283416,40836.5390625,43186.3822265625,43090.625,22.564929094581885,21453280577.6,1.3631739415898516,0.04947403847728049,1,0.0002872288653441417
2024-01-24,39877.59375,40483.78515625,39508.796875,40077.07421875,22359526178,BTC-USD,0.005810521700930993,0.021740068273334065,40528.27265625,42981.23984375,43010.553515625,20.793662514916832,20774704382.4,1.0762861298253965,0.05097628777986474,1,0.0008041793405219627
2024-01-25,40075.55078125,40254.48046875,39545.6640625,39933.80859375,18491782013,BTC-USD,-0.0035747525934159974,0.020455556016060878,40181.9171875,42769.795703125,42934.30078125,21.010854059898477,22155722604.2,0.8346277999298729,0.05263172310038433,1,-3.801269253550605e-05
2024-01-26,39936.81640625,42209.38671875,39825.69140625,41816.87109375,25598119893,BTC-USD,0.04715459322091098,0.025917123316399553,40236.134375,42661.1794921875,42904.784921875,44.52635557767362,25406537854.4,1.0075406590106026,0.03518615720198914,1,7.531995083661391e-05
2024-01-27,41815.625,42195.6328125,41431.28125,42120.0546875,11422941934,BTC-USD,0.007250269707417489,0.02597823910135577,40758.671875,42570.02734375,42863.853984375,46.29903306845056,21423384612.6,0.5331996853233771,0.019766229974698346,1,-2.9798828018632956e-05
2024-01-28,42126.125,42797.17578125,41696.91015625,42035.59375,16858971687,BTC-USD,-0.002005242826170095,0.02320727811257889,41196.68046875,42323.2818359375,42830.046171875,51.360262234633744,18946268341.0,0.8898307246349372,0.013013060360304696,1,0.00014411929293628128
2024-01-29,42030.9140625,43305.8671875,41818.33203125,43288.24609375,20668476578,BTC-USD,0.029799801358818767,0.02478094883386538,41838.91484375,42180.7076171875,42820.217109375,54.158357707442896,18608058421.0,1.110727197345572,-0.0049083221295186386,0,-0.00011132678481554694
2024-01-30,43300.2265625,43838.9453125,42711.37109375,42952.609375,23842814518,BTC-USD,-0.007753530092744043,0.025061659790935685,42442.675,41996.94921875,42854.39265625,48.87922416814883,19678264922.0,1.2116319509116933,0.005430403493384972,1,0.0002767603178944631
2024-01-31,42946.25,43717.40625,42298.9453125,42582.60546875,24673628793,BTC-USD,-0.00861423582021903,0.0252842704366046,42595.821875,41807.6501953125,42877.0403125,49.109298151639315,19493366702.0,1.2657448644039775,0.009619996868219571,1,-0.0001480556150728619
2024-02-01,42569.76171875,43243.16796875,41879.19140625,43075.7734375,21423953779,BTC-USD,0.011581441842771323,0.01757004241423326,42786.965625,41818.78046875,42880.7409375,61.340130900550655,21493569071.0,0.9967611106480251,-0.011426176873275073,0,-0.00030161963690609805
2024-02-02,43077.640625,43422.48828125,42584.3359375,43185.859375,18603843039,BTC-USD,0.0025556346111748063,0.017682186899189937,43017.01875,41835.954296875,42883.978671875,60.111785339891945,21842543341.4,0.8517251287188053,-0.012207500646732261,0,4.334658094321072e-05
2024-02-03,43184.96484375,43359.94140625,42890.80859375,42992.25,11169245236,BTC-USD,-0.0044831659668692625,0.018131972092815914,42957.81953125,41895.7533203125,42905.228515625,58.399739618113166,19942697073.0,0.560066935536107,0.0021497333821793863,1,-2.071352204045378e-05
2024-02-04,42994.94140625,43097.64453125,42374.83203125,42583.58203125,14802225490,BTC-USD,-0.009505619472114146,0.018613838422455148,42884.0140625,41899.333984375,42912.0978125,56.33891265301136,18134579267.4,0.8162431160787681,0.04073496268414045,1,6.260212596456339e-05
2024-02-05,42577.62109375,43494.25,42264.81640625,42658.66796875,18715487317,BTC-USD,0.0017632602500394778,0.011975783370879093,42899.2265625,41874.5201171875,42937.977890625,75.32145666337934,16942950972.2,1.104617923271358,0.061954546715712766,1,-0.00013998205918012158
2024-02-06,42657.390625,43344.1484375,42529.01953125,43084.671875,16798476726,BTC-USD,0.009986338686479135,0.012137728393121657,42901.00625,41891.62109375,42947.200546875,75.66490143704753,16017855561.6,1.0487344364792128,0.09429170902209649,1,-2.994335760637744e-05
2024-02-07,43090.01953125,44341.94921875,42775.95703125,44318.22265625,21126587775,BTC-USD,0.028630850081180936,0.01454820410896954,43127.47890625,42044.429296875,42988.154453125,78.99955341498645,16522404508.8,1.2786630277540878,0.07791500833152276,1,0.00012411969308980607
2024-02-08,44332.125,45575.83984375,44332.125,45301.56640625,26154524080,BTC-USD,0.022188248784866804,0.013272753590716162,43589.3421875,42228.5873046875,43021.14078125,82.92086798361701,19519460277.6,1.339920454153859,0.0660540418330251,1,0.00031369362119578175
2024-02-09,45297.3828125,48152.49609375,45260.82421875,47147.19921875,39316770844,BTC-USD,0.040741037427910465,0.016668331186499654,44502.065625,42502.66796875,43086.70171875,82.8420928998942,24422369348.4,1.6098671788605876,0.059622278397866824,1,-9.234986959353382e-05
2024-02-10,47153.52734375,48146.171875,46905.3203125,47771.27734375,16398681570,BTC-USD,0.013236801662479536,0.015417426693148387,45524.5875,42813.942578125,43162.16921875,83.4947590098402,23959008199.0,0.6844474292840071,0.04126253623732956,1,0.00013422059220610848
2024-02-11,47768.96875,48535.9375,47617.40625,48293.91796875,19315867136,BTC-USD,0.010940478338881565,0.015419165654789225,46566.43671875,43253.2701171875,43253.25671875,85.26150141848811,24462486281.0,0.789611771841958,0.07315159946302119,1,-4.83259790896514e-05
2024-02-12,48296.38671875,50280.4765625,47745.76171875,49958.22265625,34511985805,BTC-USD,0.034461993507690414,0.016594781408834247,47694.43671875,43758.9037109375,43392.098828125,85.91487854455386,27139565887.0,1.2716484098786351,0.03963976150385018,1,5.1119273478649573e-05
2024-02-13,49941.359375,50358.390625,48406.49609375,49742.44140625,35593051468,BTC-USD,-0.004319233922406296,0.016573687857901608,48582.61171875,44242.1720703125,43514.68484375,87.03831475590084,29027271364.6,1.2261934999308013,0.04860561022737042,1,-0.00033754766189405915
2024-02-14,49733.4453125,52021.37109375,49296.83203125,51826.6953125,39105608050,BTC-USD,0.041900916949929146,0.016160105357742448,49518.5109375,44836.81640625,43700.810703125,92.48122217343492,28985038805.8,1.3491652818548183,-0.0031585887883249786,0,-0.00018085348237188988
2024-02-15,51836.78515625,52820.06640625,51371.62890625,51938.5546875,38564360533,BTC-USD,0.0021583350882306007,0.016111103316374914,50351.96640625,45342.9005859375,43870.7246875,92.2081483250847,33418174598.4,1.1539936276126341,0.0035424972567494883,1,0.00019468429713994222
2024-02-16,51937.7265625,52537.96875,51641.3671875,52160.203125,28180567298,BTC-USD,0.004267512618200353,0.01659983665990657,51125.2234375,45844.9080078125,44061.371640625,92.2900748745158,35191114630.8,0.8007864369642834,-0.007305542749456051,0,-1.594432122693056e-05
2024-02-17,52161.67578125,52191.9140625,50669.66796875,51662.99609375,20009091006,BTC-USD,-0.009532306269177337,0.018522652190714806,51466.178125,46326.278125,44252.643515625,89.7228309673697,32290535671.0,0.6196580697783247,0.012037221091891537,1,2.8233330427621875e-05
2024-02-18,51661.96875,52356.96484375,51233.70703125,52122.546875,17595377311,BTC-USD,0.008895163192163213,0.018474587366021006,51942.19921875,46767.9931640625,44451.95640625,93.49756414709523,28691000839.6,0.6132716460247857,-0.005436556816373006,0,-1.9885485312073962e-05
2024-02-19,52134.8125,52483.32421875,51711.8203125,51779.14453125,21362184346,BTC-USD,-0.006588364620277343,0.0169398335103592,51932.6890625,47209.319921875,44642.235546875,90.59586593103487,25142316098.8,0.8496506154029135,-0.009157584183605572,0,0.00023532282544472266
2024-02-20,51777.7265625,52945.05078125,50792.3125,52284.875,33353758256,BTC-USD,0.009767068832988945,0.01689121312012504,52001.953125,47694.4333984375,44804.58640625,90.66214015698223,24100195643.4,1.3839621366366024,-0.02970124306981703,0,-2.7384939686367754e-05
2024-02-21,52273.53515625,52368.81640625,50671.7578125,51839.1796875,28624907020,BTC-USD,-0.008524364120598982,0.017766588413001435,51937.7484375,48132.6037109375,44942.210625,85.72857443476977,24189063587.8,1.1833821890665195,-0.005171341958264852,0,-0.00021688573894458005
2024-02-22,51854.64453125,52009.61328125,50926.29296875,51304.97265625,25413900611,BTC-USD,-0.010305082651198116,0.015663209937362674,51866.14375,48538.559375,45111.3465625,79.79064561725079,25270025508.8,1.0056935083880267,0.0083474486551125,1,0.00029832346582693017
2024-02-23,51283.90625,51497.93359375,50561.77734375,50731.94921875,21427078270,BTC-USD,-0.011168964874795462,0.016149983988179926,51588.02421875,48925.5443359375,45242.387109375,70.36007110192904,26036365700.6,0.8229673264078565,0.07471530629852263,1,-0.00041061139221626073
2024-02-24,50736.37109375,51684.1953125,50585.4453125,51571.1015625,15174077879,BTC-USD,0.016540904827679226,0.010037993216328369,51546.415625,49374.9203125,45390.5553125,71.06693088176374,24798744407.2,0.6118889581600914,0.10692557196140462,1,8.71615435262188e-05
2024-02-25,51565.21484375,51950.02734375,51306.171875,51733.23828125,15413239245,BTC-USD,0.003143945229742817,0.01007122251234995,51436.08828125,49828.648828125,45545.436171875,69.86220220209381,21210640605.0,0.7266748577771208,0.20821334869257546,1,-0.0001141476247674441
2024-02-26,51730.5390625,54938.17578125,50931.03125,54522.40234375,34074411896,BTC-USD,0.053914352844811164,0.01997144617210001,51972.7328125,50400.5353515625,45757.022265625,73.32754352339882,22300541580.2,1.5279634251687266,0.12244472330216905,1,-5.2175716032419616e-05
2024-02-27,54519.36328125,57537.83984375,54484.19921875,57085.37109375,49756832031,BTC-USD,0.04700762695380023,0.023254931566316795,53128.8125,51038.8927734375,45959.319609375,80.26764092126957,27169127864.2,1.8313739137929115,0.09381145495148258,1,-5.5739702752631427e-05
2024-02-28,57071.09765625,63913.1328125,56738.42578125,62504.7890625,83239156760,BTC-USD,0.09493531994124749,0.035423574661603556,55483.38046875,51899.05390625,46286.62078125,84.52305357656144,39531543562.2,2.1056389217139793,-0.007598480266449603,0,-0.0002500366946298564
2024-02-29,62499.18359375,63585.64453125,60498.73046875,61198.3828125,65496611844,BTC-USD,-0.020900898468654838,0.03682789128880739,57408.83671875,52601.6130859375,46578.032890625,77.79108280971637,49596050355.2,1.3206013659338274,0.03217386131399258,1,-8.96806282218625e-05
2024-03-01,61168.0625,63155.1015625,60802.52734375,62440.6328125,40186368423,BTC-USD,0.020298739001094468,0.036734525432424885,59550.315625,53335.080859375,46899.473828125,79.07309949272673,54550676190.8,0.7366795652989073,0.09432609800233993,1,-0.0004954430347105015
2024-03-02,62431.65234375,62458.69921875,61657.2890625,62029.84765625,23888473685,BTC-USD,-0.006578811548619723,0.036580357473718544,61051.8046875,54021.87734375,47283.007421875,79.46150963269388,52513488548.6,0.4549016708895997,0.028556439027809244,1,-0.00014382411493117024
2024-03-03,62031.578125,63230.2109375,61435.0234375,63167.37109375,26253811450,BTC-USD,0.01833832389535761,0.03515132537624104,62268.2046875,54682.334765625,47689.5071875,80.2235848877105,47812884432.4,0.5490949094928338,0.04653404982435361,1,2.789735611781148e-05
2024-03-04,63137.00390625,68537.03125,62386.51953125,68330.4140625,70670471105,BTC-USD,0.08173591649219114,0.037725110768609474,63433.3296875,55611.7333984375,48220.190078125,85.83843997005798,45299147301.4,1.560083915813927,-0.020560825026099683,0,-0.0004807416704888742
2024-03-05,68341.0546875,69170.625,59323.91015625,63801.19921875,102802940877,BTC-USD,-0.06628402455760396,0.04870758290418717,63953.89296875,56210.45859375,48645.9746875,71.23608555404306,52760413108.0,1.9484862763785318,0.07051426284049933,1,0.00015572311606757284
2024-03-06,63776.05078125,67637.9296875,62848.671875,66106.8046875,68750229073,BTC-USD,0.03613733749494208,0.048362396997277325,64687.12734375,56918.87109375,49105.011875,74.62066438433914,58473185238.0,1.1757565248612667,0.03618505139233141,1,-0.00039416872735848727
2024-03-07,66099.7421875,68029.921875,65655.53125,66925.484375,46989543159,BTC-USD,0.012384196927533564,0.04746039331692171,65666.2546875,57657.13515625,49588.668515625,76.69317749294797,63093399132.8,0.74476163600087,0.0312930822549613,1,-0.00010683469021662507
2024-03-08,66938.09375,70083.0546875,66230.453125,68300.09375,59202881172,BTC-USD,0.020539401213709896,0.046623319146677514,66692.79921875,58488.9900390625,50129.42921875,79.22086697537101,69683213077.2,0.8496003349674887,0.05598546488085887,1,0.00018840917055372452
2024-03-09,68299.2578125,68673.0546875,68053.125,68498.8828125,21609650379,BTC-USD,0.0029105240064184468,0.0383269434105332,66726.49296875,59307.8068359375,50667.03875,78.76859215324299,59871048932.0,0.36093655889583104,0.043539487471111915,1,-1.2239185250020247e-05
2024-03-10,68500.2578125,70005.203125,68239.9765625,69019.7890625,35683977532,BTC-USD,0.007604594828588107,0.03681530326375807,67770.2109375,60169.8390625,51214.1228125,79.02437943012393,46447256263.0,0.7682687935309959,0.05887747547040689,1,2.0073320082661018e-05
2024-03-11,69020.546875,72850.7109375,67194.8828125,72123.90625,65716656765,BTC-USD,0.04497430707429584,0.038182129750651904,68973.63125,61161.790625,51825.685234375,79.24390052367914,45840541801.4,1.4335924965658449,-0.010084208382709403,0,1.0979640915937492e-05
2024-03-12,72125.125,72825.65625,68728.8515625,71481.2890625,62554434520,BTC-USD,-0.008909905479502545,0.038336509623888265,69884.7921875,62143.89609375,52465.163671875,75.54826423719261,48953520073.6,1.2778332268231474,-0.02906376832661084,0,1.6898003219286254e-05
2024-03-13,71482.1171875,73637.4765625,71334.09375,73083.5,48212536929,BTC-USD,0.022414410239567806,0.03839823995122421,70841.4734375,63232.8224609375,53129.92265625,71.71617219938639,46755451225.0,1.0311639748055923,-0.10629461933952256,0,1.1585199579653985e-05
2024-03-14,73079.375,73750.0703125,68563.0234375,71396.59375,59594605698,BTC-USD,-0.0230819028918976,0.03204373553668577,71421.015625,64266.0546875,53756.313046875,70.61305868014752,54352442288.8,1.0964476146507993,-0.042102411223224445,0,-5.644228861507727e-05
2024-03-15,71387.875,72357.1328125,65630.6953125,69403.7734375,78320453976,BTC-USD,-0.027911980219644583,0.023818329565825178,71497.8125,65157.68828125,54345.71234375,63.6597370926441,62879737577.6,1.245559491709783,-0.026730242400589965,0,-0.00012211717033069243
2024-03-16,69392.484375,70046.2734375,64801.39453125,65315.1171875,46842198371,BTC-USD,-0.05891115205258901,0.029855231327175224,70136.0546875,65836.7822265625,54815.677265625,55.63207743899719,59104845898.8,0.7925272058268074,-0.05209121404824091,0,-0.00016265776255186052
2024-03-17,65316.34375,68845.71875,64545.31640625,68390.625,44716864318,BTC-USD,0.04708722796395115,0.03336808245755545,69517.921875,66530.193359375,55341.088671875,58.39651980529336,55537331858.4,0.8051676740973395,-0.006973954763536683,0,1.877915179236239e-05
2024-03-18,68371.3046875,68897.1328125,66594.2265625,67548.59375,49261579492,BTC-USD,-0.0123120859035869,0.033028922883396455,68410.940625,67053.3544921875,55851.348671875,48.54043630122321,55747140371.0,0.8836611019715402,-0.03045515843917923,0,-0.0002824994288325337
2024-03-19,67556.1328125,68106.9296875,61536.1796875,61912.7734375,74215844794,BTC-USD,-0.08343356981432348,0.0420573498220783,66514.1765625,67023.7537109375,56223.83921875,46.614423245941154,58671388190.2,1.2649410058853257,0.03013898712086749,1,0.00011160946633326471
2024-03-20,61930.15625,68115.2578125,60807.78515625,67913.671875,66792634382,BTC-USD,0.09692504638897836,0.053862250841920145,66216.15625,67359.5181640625,56723.06046875,52.86036373080704,56365824271.4,1.1849846116042795,-0.056711243018768065,0,0.00028076294332941945
2024-03-21,67911.5859375,68199.9921875,64580.91796875,65491.390625,44480350565,BTC-USD,-0.03566706353999505,0.052343382984631585,66251.4109375,67512.0560546875,57181.236171875,47.83945051959871,55893454710.2,0.7958060705967201,0.026610845080066614,1,-3.071454454471727e-05
2024-03-22,65489.9296875,66623.75,62355.37109375,63778.76171875,41401116964,BTC-USD,-0.02615044343853401,0.05264582769453616,65329.03828125,67599.5017578125,57595.2959375,43.2570151251849,55230305239.4,0.749608693715229,0.09689825601354007,1,-2.2307321406034045e-05
2024-03-23,63802.72265625,65976.3984375,63038.4921875,64062.203125,24738964812,BTC-USD,0.004444134671348854,0.05171089640333001,64631.76015625,67644.243359375,58012.8228125,43.3999281295936,50325782303.4,0.4915763586715003,0.09249811157661458,1,0.00037568834599928966
2024-03-24,64070.75390625,67622.7578125,63825.8515625,67234.171875,27206630673,BTC-USD,0.04951388799118828,0.054960529499732326,65696.03984375,67589.43125,58497.66125,47.537888417683504,40923939479.2,0.6648096693337171,0.0330363535841498,1,0.00013347622830447262
2024-03-25,67234.09375,71162.59375,66414.8359375,69958.8125,42700139523,BTC-USD,0.04052464020923141,0.055992122219213375,66105.06796875,67897.3119140625,59045.165859375,46.98307253876648,36105440507.4,1.1826511163670301,0.011237192240791671,1,-1.1619835244680033e-06
2024-03-26,69931.328125,71535.7421875,69335.609375,69987.8359375,36010437368,BTC-USD,0.00041486463910467286,0.05178209819688498,67004.35703125,68091.3634765625,59591.74921875,47.88275812725071,34411457868.0,1.0464664852658547,-0.001357490358536606,0,-0.0003928650875827831
2024-03-27,69991.8984375,71727.6875,68381.9296875,69455.34375,40827113309,BTC-USD,-0.007608353371227561,0.05007089521508921,68139.6734375,68217.8564453125,60119.16265625,44.69554107185242,34296657137.0,1.1904108655812637,0.0027350082404566933,1,5.804580103931007e-05
2024-03-28,69452.7734375,71546.0234375,68895.5078125,70744.953125,34374900617,BTC-USD,0.018567460837021654,0.04999673868642429,69476.2234375,68340.0994140625,60647.697265625,49.036086490349426,36223844298.0,0.9489578282804709,0.008321375398465891,1,-3.700669179972203e-05
2024-03-29,70744.796875,70913.09375,69076.65625,69892.828125,25230851763,BTC-USD,-0.01204502883045766,0.03993042490551886,70007.9546875,68409.7966796875,61139.5225,50.74868010134373,35828688516.0,0.7042080748150374,-0.0027281724407971497,0,-2.2086381161907087e-06
2024-03-30,69893.4453125,70355.4921875,69601.0625,69645.3046875,17130241883,BTC-USD,-0.0035414711944022903,0.02697547508423166,69945.253125,68441.0724609375,61589.484609375,57.51247167561364,30714708988.0,0.5577211195356809,-0.06028162343589427,0,8.830483993238755e-06
2024-03-31,69647.78125,71377.78125,69624.8671875,71333.6484375,20050941373,BTC-USD,0.02424203264779501,0.02395551155254638,70214.415625,68401.5595703125,62060.73203125,55.364054016031204,27522809789.0,0.7285208714777999,-0.07503942465791535,0,3.555964771943191e-05
2024-04-01,71333.484375,71342.09375,68110.6953125,69702.1484375,34873527352,BTC-USD,-0.022871394296192005,0.023440302627038976,70263.7765625,68312.6025390625,62488.896640625,53.81534270055757,26332092597.6,1.324373565174934,-0.017120056042031484,0,-2.299931429187247e-06
2024-04-02,69705.0234375,69708.3828125,64586.59375,65446.97265625,50705240709,BTC-USD,-0.061047985989492126,0.03235834818487633,69204.18046875,67930.776171875,62798.671640625,56.583423355404804,29598160616.0,1.7131213444929432,0.036528320130353675,1,4.124693520140105e-05
2024-04-03,65446.671875,66914.3203125,64559.8984375,65980.8125,34488018367,BTC-USD,0.008156830210526378,0.028054943504132034,68421.77734375,67659.987109375,63123.4390625,45.478605587533096,31449593936.8,1.0966125170425383,0.04418400993470639,1,-4.595800810830572e-06
2024-04-04,65975.6953125,69291.2578125,65113.796875,68508.84375,34439527442,BTC-USD,0.038314642609167615,0.02769330756027232,68194.48515625,67615.240625,63457.08203125,57.02375427534767,34911451048.6,0.9864822689282369,0.012461324564392529,1,-7.755569090635251e-05
2024-04-05,68515.7578125,68725.7578125,66011.4765625,67837.640625,33748230056,BTC-USD,-0.009797320875087778,0.027793052830976286,67495.28359375,67741.366796875,63775.06375,59.929290074102276,37650908785.2,0.8963456964222314,0.05592350669993551,1,0.0001009221893341325
2024-04-06,67840.5703125,69629.6015625,67491.71875,68896.109375,19967785809,BTC-USD,0.015602971156545964,0.028307913480175344,67334.07578125,67766.641015625,64109.781875,61.393227847984726,34669760476.6,0.5759424217100391,0.003525688927917159,1,4.318675403519755e-05
2024-04-07,68897.109375,70284.4296875,68851.6328125,69362.5546875,21204930369,BTC-USD,0.006770270726916605,0.027666231534491346,68117.1921875,67857.3390625,64463.773046875,55.74976847533091,28769698408.6,0.7370577914247897,0.01766555644497947,1,1.451460770530629e-05
2024-04-08,69362.5546875,72715.359375,69064.2421875,71631.359375,37261432669,BTC-USD,0.03270935878474601,0.029360704482757818,69247.3015625,68343.268359375,64853.949296875,54.632430170366,29324381269.0,1.2706639000220128,-0.021928245027110327,0,0.0
2024-04-09,71632.5,71742.5078125,68212.921875,69139.015625,36426900409,BTC-USD,-0.03479403115822832,0.03168814314262625,69373.3359375,68404.535546875,65201.14671875,47.9313116804187,29721855862.4,1.2255930644991215,-0.028104947979580075,0,1.5923542565047127e-05
2024-04-10,69140.2421875,71093.4296875,67503.5625,70587.8828125,38318601774,BTC-USD,0.0209558550176423,0.03142160157521251,69923.384375,68659.36015625,65567.206875,52.64213372643194,30635930206.0,1.2507732429320968,-0.09585795587924584,0,1.7740525937665895e-05
2024-04-11,70575.734375,71256.234375,69571.8125,70060.609375,30153382941,BTC-USD,-0.007469744331340511,0.03057470484474747,70156.284375,68973.4525390625,65931.63546875,48.34459225785627,32673049632.4,0.9228824147195188,-0.061687770789532914,0,-0.00017210372398148628
2024-04-12,70061.3828125,71222.7421875,65254.8359375,67195.8671875,44129299406,BTC-USD,-0.04088948430588779,0.026415207334900867,69722.946875,69130.1357421875,66249.453359375,44.05499061779285,37257923439.8,1.1844272394113031,-0.05609952528004947,0,1.1039548569441771e-05
2024-04-13,67188.375,67931.4296875,60919.10546875,63821.47265625,52869738185,BTC-USD,-0.05021729270691988,0.031161688716148404,68160.96953125,68959.50078125,66511.243828125,38.71762913723861,40379584543.0,1.309318527750064,-0.00015056648804956385,0,-0.00011149774254857331
2024-04-14,63836.23046875,65824.4296875,62205.8515625,65738.7265625,49084320047,BTC-USD,0.03004089104268326,0.03003585659869375,67480.91171875,68748.496484375,66794.596328125,39.256379113974944,42911068470.6,1.1438615209646792,-0.06787529040447404,0,0.00023123585034596936
2024-04-15,65739.6484375,66878.6484375,62332.0703125,63426.2109375,43595917654,BTC-USD,-0.03517737178558533,0.03163710495014172,66048.57734375,68420.415234375,67028.45578125,38.25582340519719,43966531646.6,0.9915705428943322,0.001364466952554988,1,1.4023316973193003e-05
2024-04-16,63419.296875,64355.66796875,61716.40234375,63811.86328125,42847528078,BTC-USD,0.006080330797783695,0.031044115872649502,64798.828125,68138.2412109375,67214.245,46.422054452661214,46505360674.0,0.9213460009128581,0.0004968830186049544,1,-0.0001090095466496193
2024-04-17,63831.84765625,64486.36328125,59768.5859375,61276.69140625,41915247049,BTC-USD,-0.03972884891052719,0.03218083725725223,63614.99296875,67664.828125,67298.07140625,40.53541246096487,46062550202.6,0.9099636660289403,0.060671519866374535,1,0.0003131764843148227
2024-04-18,61275.31640625,64125.6875,60833.48046875,63512.75390625,36006307335,BTC-USD,0.03649124077498622,0.03277932633023031,63553.24921875,67345.8244140625,67318.230703125,39.82847567779068,42689864032.6,0.8434392601368765,0.022261522891717345,1,-2.243920108029454e-05
2024-04-19,63510.75,65481.59765625,59651.390625,63843.5703125,49920425401,BTC-USD,0.005208661031110617,0.03204956496000583,63174.21796875,67055.7376953125,67371.134453125,41.754198698842075,42857085103.4,1.1648114957085507,0.046897586716164286,1,-3.155124170742035e-05
2024-04-20,63851.1015625,65442.45703125,63172.40234375,64994.44140625,23097485495,BTC-USD,0.018026421268684478,0.031773063812436206,63487.8640625,66738.77734375,67422.210625,41.97558000736222,38757398671.6,0.5959503549428097,0.021737736346082892,1,0.00011796411076536315
2024-04-21,64992.81640625,65723.2421875,64277.72265625,64926.64453125,20506644853,BTC-USD,-0.0010431180502996629,0.03184458020911603,63710.8203125,66500.0021484375,67480.1465625,40.72473008357105,34289222026.6,0.5980492889891724,-0.010007387543911506,0,-2.5002138103516906e-05
2024-04-22,64935.6328125,67233.9609375,64548.1796875,66837.6796875,28282686673,BTC-USD,0.029433758205850147,0.03131928669031438,64823.01796875,66569.5375,67553.552734375,39.82440877554797,31562709951.4,0.8960791616610059,-0.03524916884106932,0,0.00013843748302245666
2024-04-23,66839.890625,67199.2421875,65864.8671875,66407.2734375,24310975583,BTC-USD,-0.006439574982440521,0.026170113959971205,65401.921875,66590.860546875,67515.089921875,43.64500055614401,29223643601.0,0.831894062045299,-0.03993467865377609,0,3.307920787102803e-05
2024-04-24,66408.71875,67075.3671875,63589.87109375,64276.8984375,30276655120,BTC-USD,-0.03208044676017341,0.02674483163544496,65488.5875,66379.26328125,67524.60390625,35.769640410397855,25294889544.8,1.1969475125153937,-0.013344729340573958,0,2.1764370454996517e-05
2024-04-25,64275.01953125,65275.20703125,62783.6328125,64481.70703125,32155786816,BTC-USD,0.0031863484195515657,0.024061589491966233,65386.040625,66211.4666015625,67492.101953125,37.234744472154254,27106549809.0,1.1862736881889533,-0.021222709904947012,0,-2.9231439221152916e-05
2024-04-26,64485.37109375,64789.65625,63322.3984375,63755.3203125,24139372950,BTC-USD,-0.011265004482557628,0.024351282065631905,65151.77578125,65954.4271484375,67428.698671875,41.273648276446956,27833095428.4,0.8672902736275949,0.0013457822943943043,1,5.6823286303885725e-05
2024-04-27,63750.98828125,63898.36328125,62424.71875,63419.140625,19530783039,BTC-USD,-0.005272966802647994,0.020152846734142003,64468.06796875,65657.2564453125,67331.079609375,48.793631123818045,26082714701.6,0.7488017739887297,-0.043871379032109026,0,-6.79477607322232e-05
2024-04-28,63423.515625,64321.484375,62793.59765625,63113.23046875,17334827993,BTC-USD,-0.004823625063903991,0.016585449011342568,63809.259375,65231.35,67223.3665625,41.285521321674395,24687485183.6,0.7021706692310483,-0.0769920777927221,0,6.898548225163686e-05
2024-04-29,63106.36328125,64174.87890625,61795.45703125,63841.12109375,26635912073,BTC-USD,0.011533090916022948,0.016944316203239017,63722.10390625,64966.4552734375,67119.793203125,51.539056955409556,23959336574.2,1.1117132559372367,-0.07389731601160521,0,-0.00010880741564005715
2024-04-30,63839.41796875,64703.33203125,59120.06640625,60636.85546875,37840840057,BTC-USD,-0.050191249309274655,0.021934129378696612,62953.13359375,64468.90390625,66890.0521875,40.25950307289871,25096347222.4,1.5078226214221635,0.037155298561138306,1,-2.6677554698624092e-05
2024-05-01,60609.49609375,60780.5,56555.29296875,58254.01171875,48439780271,BTC-USD,-0.03929695449375714,0.024070416407018645,61852.871875,63878.5740234375,66625.506640625,40.6393363536905,29956428686.6,1.6170078475565384,0.09677378040018292,1,-0.00045120042568995043
2024-05-02,58253.703125,59602.296875,56937.203125,59123.43359375,32711813559,BTC-USD,0.014924669552331737,0.02171659202269712,60993.73046875,63474.95234375,66346.3053125,35.15015226939815,32592634790.6,1.003656616568918,0.08300768274846604,1,-5.297381946669848e-06
2024-05-03,59122.30078125,63320.50390625,58848.3125,62889.8359375,33172023048,BTC-USD,0.06370405294167747,0.032401676699325886,60949.0515625,63428.3705078125,66176.17015625,47.38194991310196,35760073801.6,0.9276273654255097,0.00432682447320154,1,-1.9160127062034345e-05
2024-05-04,62891.03125,64494.95703125,62599.3515625,63891.47265625,20620477992,BTC-USD,0.015926845790239064,0.031480006967042874,60959.121875,63336.0078125,66065.924140625,46.94728256686009,34556986985.4,0.5967093717028037,-0.02436406902647481,0,1.900644964613842e-05
2024-05-05,63892.453125,64610.890625,62955.3046875,64031.1328125,18296164805,BTC-USD,0.002185896653241981,0.03146978742392934,61637.97734375,63366.25390625,66040.244453125,47.53128762952741,30648051935.0,0.5969764356900552,-0.04440326574536191,0,1.5345846781074133e-05
2024-05-06,64038.3125,65494.90234375,62746.23828125,63161.94921875,28697928697,BTC-USD,-0.013574390387488533,0.031567861047560555,62619.56484375,63333.758203125,65935.6709375,39.24933992777193,26699681620.2,1.0748416069234399,-0.001773033964834525,0,0.00011212807246474951
2024-05-07,63162.76171875,64390.45703125,62285.98046875,62334.81640625,25930730982,BTC-USD,-0.01309542885757653,0.03179569097287104,63261.84140625,63386.664453125,65831.395390625,38.359151911677976,25343465104.8,1.0231722803007224,-0.02473800600374254,0,1.28637575320238e-05
2024-05-08,62332.640625,62986.0859375,60877.12890625,61187.94140625,26088172222,BTC-USD,-0.018398626419713127,0.03225076734702493,62921.4625,63270.423828125,65816.89875,40.64439907141188,23926694939.6,1.0903374781956465,-0.006442943816863389,0,-3.490475107554573e-05
2024-05-09,61191.19921875,63404.9140625,60648.07421875,63049.9609375,25453338161,BTC-USD,0.03043115176709965,0.03369416898537095,62753.16015625,63230.743359375,65719.62453125,46.05922828493691,24893266973.4,1.0224989025425417,-0.025401544781884944,0,5.3242721116733515e-05
2024-05-10,63055.19140625,63446.7421875,60208.78125,60792.77734375,27804954694,BTC-USD,-0.035799920573900024,0.031588830995051054,62105.4890625,63020.66015625,65625.652265625,42.47955955291313,26795024951.2,1.0376909424282799,0.034686223711685615,1,8.295752562297136e-05
2024-05-11,60793.35546875,61451.15234375,60492.625,60793.7109375,13842272968,BTC-USD,1.5356984674586016e-05,0.02833685745201848,61631.84140625,62814.0134765625,65565.95125,43.21992418856179,23823893805.4,0.5810247930530342,0.012486129129053891,1,9.509764568429213e-06
2024-05-12,60793.50390625,61818.15625,60632.6015625,61448.39453125,13800459405,BTC-USD,0.010768936188532141,0.028199277006743587,61454.55703125,62544.54921875,65513.675078125,45.776700356772395,21397839490.0,0.6449463933706702,0.078425119045205,1,-3.4054715003800635e-06
2024-05-13,61451.21875,63422.66015625,60769.83984375,62901.44921875,27889181179,BTC-USD,0.023646747788683697,0.02064270330500572,61797.25859375,62369.2580078125,65427.020625,47.70086071969532,21758041281.4,1.2817873088071232,0.037044183265103836,1,4.596082243554344e-05
2024-05-14,62900.7734375,63092.125,61123.765625,61552.7890625,28186271527,BTC-USD,-0.02144084393922019,0.020862633446579428,61497.82421875,62233.0525390625,65258.90015625,52.464878381784885,22304627954.6,1.263696107568878,0.08933934629536111,1,-1.0743492533055336e-05
2024-05-15,61553.98828125,66454.453125,61330.41015625,66267.4921875,39815167074,BTC-USD,0.07659609250545496,0.03291487027682324,62592.7671875,62322.341796875,65184.49328125,69.16041653863174,24706670430.6,1.6115148816122,0.010160524833124907,1,1.948276866515873e-05
2024-05-16,66256.109375,66712.4296875,64613.0546875,65231.58203125,31573077994,BTC-USD,-0.01563225228621834,0.033042549342788316,63480.34140625,62396.1548828125,65100.018046875,64.4893659685047,28252831435.8,1.1175190729376885,0.016047213997485432,1,-0.0001717706846034402
2024-05-17,65231.296875,67459.4609375,65119.31640625,67051.875,28031279310,BTC-USD,0.02790508695432159,0.03326866764290009,64601.0375,62577.7916015625,65026.156484375,60.87720666572202,31098995416.8,0.9013564243575923,0.06556595639570117,1,-4.371444645683932e-06
2024-05-18,67066.2109375,67387.328125,66663.5,66940.8046875,16712277406,BTC-USD,-0.0016564833198177142,0.0322075874215254,65408.90859375,62769.1703125,64967.116015625,58.35828984992684,28863614662.2,0.5790084714471511,0.047739589887193956,1,0.0002138036781223493
2024-05-19,66937.9296875,67694.296875,65937.1796875,66278.3671875,19249094538,BTC-USD,-0.009895869986810912,0.03181557635393592,66354.02421875,62891.0326171875,64899.777265625,55.988108967820104,27076179264.4,0.7109235889610496,0.04290945704734206,1,-4.29483931874045e-05
2024-05-20,66278.7421875,71483.5625,66086.171875,71448.1953125,43850655717,BTC-USD,0.07800174241430358,0.03555440229539443,67390.16484375,63431.599609375,64902.068203125,67.96298131028684,27883276993.0,1.5726507227973439,-0.04924732944072563,0,5.657954713023233e-06
2024-05-21,71443.0625,71946.4609375,69191.125,70136.53125,46932005990,BTC-USD,-0.018358253231772315,0.03696664108475545,68371.1546875,64025.7255859375,64910.755859375,66.56463123846649,30955062592.2,1.5161334547527563,-0.022961353502922166,0,-7.183963818190386e-05
2024-05-22,70135.3203125,70623.6953125,68977.6953125,69122.3359375,32802561717,BTC-USD,-0.01446030042296964,0.03812963337346735,68785.246875,64525.670703125,64984.263125,66.94178934948593,31909319073.6,1.0279931590310563,0.002077611716274408,1,-1.7265431842981257e-05
2024-05-23,69121.3046875,70041.2734375,66356.953125,67929.5625,41895680979,BTC-USD,-0.017255976976508713,0.038981872642394756,68982.9984375,64777.65703125,65023.238125,60.72562924456308,36945999788.2,1.133970692880826,0.008663845729905972,1,-1.491920066087538e-05
2024-05-24,67928.1328125,69220.296875,66622.671875,68526.1015625,29197308153,BTC-USD,0.008781729788116976,0.03755854397317131,69432.5453125,65009.3884765625,65023.58328125,68.33693113287431,38935642511.2,0.7498863835263865,0.012673318709191639,1,-2.1046617222067345e-05
2024-05-25,68526.921875,69579.3203125,68515.8203125,69265.9453125,15473071741,BTC-USD,0.010796524727518797,0.029838471069465262,68996.0953125,65271.1291015625,65052.149375,69.40888804889887,33260125716.0,0.46521386819522986,-0.0140000480485033,0,1.1970803552159242e-05
2024-05-26,69264.2890625,69506.2265625,68183.890625,68518.09375,15628433737,BTC-USD,-0.010796814497022966,0.029507506076711557,68672.4078125,65538.936328125,65044.5890625,66.12700377582838,26999411265.4,0.5788435008221081,-0.013719003967473942,0,-2.3911461722317774e-05
2024-05-27,68512.1796875,70597.8828125,68232.5,69394.5546875,25870990717,BTC-USD,0.012791671360530277,0.02859431845865873,68726.8515625,65891.9232421875,65045.2290625,65.2118717822334,25613097065.4,1.0100688195161054,-0.014836358625491042,0,-8.631387968232843e-05
2024-05-28,69392.1953125,69514.640625,67227.15625,68296.21875,32722265965,BTC-USD,-0.015827408107827234,0.029238384964253638,68800.1828125,66247.337109375,64978.52625,65.98582320528757,23778414062.6,1.376133239115698,-0.011784029954074127,0,-3.399942561235273e-05
2024-05-29,68296.3515625,68852.4609375,67101.4921875,67578.09375,26707072906,BTC-USD,-0.01051485738366742,0.029267895958561364,68610.58125,66473.74375,64947.3078125,53.83321558064566,23280367013.2,1.147192949787134,0.0019065904770361186,1,1.9446537807043674e-06
2024-05-30,67576.0859375,69500.5390625,67118.078125,68364.9921875,29509712534,BTC-USD,0.011644282841286824,0.01344873326883841,68430.390625,66852.3544921875,64902.85,59.29998606427546,26087695171.8,1.1311736180472967,-0.008972291305434421,0,-2.9710996398148623e-05
2024-05-31,68362.515625,68999.5625,66633.421875,67491.4140625,27387283769,BTC-USD,-0.012778150001159894,0.01290636864228153,68225.0546875,67187.2396484375,64851.46609375,51.382232947071685,28439465178.2,0.9630027708816923,0.01945976693100193,1,-3.622559471970246e-05
2024-06-01,67489.609375,67839.765625,67386.1953125,67706.9375,11641495604,BTC-USD,0.0031933460054698326,0.01248076195353612,67887.53125,67500.166796875,64861.6875,52.39355846833737,25593566155.6,0.4548602384374162,0.04225310183317621,1,-2.673951235232352e-05
2024-06-02,67710.2734375,68409.1640625,67315.5234375,67751.6015625,17110588415,BTC-USD,0.0006596674454519835,0.011274522231490967,67778.6078125,67742.6744140625,64940.290078125,54.78749332298863,22471230645.6,0.7614442077007632,0.049168118142963735,1,4.927024649431234e-05
2024-06-03,67753.8984375,70230.8203125,67589.8359375,68804.78125,32401285324,BTC-USD,0.015544720172089965,0.01204967608525305,68023.9453125,68105.2740234375,65001.611171875,38.27196011405096,23610073129.2,1.372350062055817,0.028375685192662425,1,3.390141261651448e-05
2024-06-04,68804.5703125,71047.40625,68564.640625,70567.765625,33149696545,BTC-USD,0.025622992224831664,0.014184370262904318,68464.5,68320.2876953125,65144.442265625,51.83958749088506,24338069931.4,1.3620511666881026,-0.01736174692012571,0,-3.065738981620554e-06
2024-06-05,70568.3515625,71735.4140625,70390.7109375,71082.8203125,32810771409,BTC-USD,0.007298724608017615,0.013515452823986116,69182.78125,68612.849609375,65289.86140625,58.73515029323472,25422767459.4,1.2906058107717264,-0.024999667531305114,0,8.303189066714907e-06
2024-06-06,71082.84375,71625.734375,70119.125,70757.1640625,25223152007,BTC-USD,-0.004581363662391591,0.013341471618508877,69792.8265625,68798.1140625,65479.470859375,63.65371687511931,28139098740.0,0.8963738405432669,-0.015675753680860716,0,3.2972101974798103e-07
2024-06-07,70759.1875,71907.8515625,68507.2578125,69342.5859375,36188381096,BTC-USD,-0.01999201273457618,0.014009003940794499,70111.0234375,68918.203125,65596.0675,53.65391473383166,31954657276.2,1.132491604688663,0.0024472019640708886,1,2.8596927630009196e-05
2024-06-08,69324.1796875,69533.3203125,69210.7421875,69305.7734375,14262185861,BTC-USD,-0.0005308786729295578,0.013391034426160346,70211.221875,69069.5734375,65705.3115625,50.19020656328304,28326837383.6,0.503486699480867,-0.028478755659222532,0,-0.00026543933646475137
2024-06-09,69297.4921875,69817.5234375,69160.84375,69647.9921875,13534028500,BTC-USD,0.00493781012787653,0.013051845074269344,70027.2671875,68979.56328125,65798.382578125,55.61352615003404,24403703774.6,0.5545891158573464,-0.02019878309934231,0,-0.00011948860230912851
2024-06-10,69644.3125,70146.0703125,69232.421875,69512.28125,20597699541,BTC-USD,-0.0019485261992140401,0.012110505178142732,69713.159375,68948.35078125,65890.0953125,50.63135534634673,21961089401.0,0.9379179313418797,-0.03964598432021682,0,-5.2832642900801495e-05
2024-06-11,69508.078125,69549.4140625,66123.6015625,67332.03125,37116136345,BTC-USD,-0.03136496113771259,0.016271576529774123,69028.1328125,68858.835546875,65899.98234375,45.3668150795498,24339686268.6,1.5249225456485267,-0.019618263038811867,0,-6.046593385251617e-05
2024-06-12,67321.375,69977.890625,66902.453125,68241.1875,34497940694,BTC-USD,0.013502581655740586,0.016863673970422797,68807.853125,68874.416796875,65936.660625,53.128903018604724,24001598188.2,1.4373184828567107,-0.030043256501068316,0,-0.00015826419910657308
2024-06-13,68243.1015625,68365.78125,66304.5625,66756.3984375,28955204146,BTC-USD,-0.021757960505889518,0.017369853051596426,68297.978125,68785.931640625,65986.250625,42.878645759837084,26940201845.2,1.0747953676211603,-0.0017579073354274666,0,2.8048493441002915e-05
2024-06-14,66747.5703125,67294.6484375,65056.89453125,66011.09375,27403884779,BTC-USD,-0.011164543099157487,0.014283584004985944,67570.5984375,68623.1890625,66016.838359375,43.371234781172845,29714173101.0,0.9222496175765278,0.007259433191864062,1,-0.0001322438778398934
2024-06-15,66006.7421875,66402.1875,65871.7734375,66191.0,14121265576,BTC-USD,0.0027253941690672523,0.013857403464517451,66906.3421875,68506.834375,66065.551953125,43.19002101533403,28418886308.0,0.49689721908718226,-0.015867019779879477,0,-6.59216845653311e-05
2024-06-16,66189.359375,66894.84375,66018.25,66639.046875,13281140541,BTC-USD,0.006768999939568809,0.01452774049969963,66767.7453125,68369.058984375,66129.950078125,45.176917809100686,23651887147.2,0.5615256177379602,-0.025191686837132576,0,-2.4786224713329605e-05
2024-06-17,66636.515625,67188.3203125,65094.96484375,66490.296875,30006354476,BTC-USD,-0.0022321747830370553,0.0136715411106462,66417.5671875,68278.762890625,66197.49140625,39.11263174915842,22753569903.6,1.318753699007578,-0.024990723505473933,0,-3.798448685420218e-05
2024-06-18,66490.9765625,66556.703125,64066.95703125,65140.74609375,39481285950,BTC-USD,-0.02029695827328193,0.01450087483680998,66094.43671875,68156.8955078125,66223.48390625,23.438069378692063,24858786264.4,1.5882225918061301,-0.01603523044542199,0,1.022235622255973e-05
2024-06-19,65146.66015625,65695.3515625,64693.30078125,64960.296875,21103423504,BTC-USD,-0.0027701435671353414,0.0140477492263112,65884.27734375,67986.6607421875,66309.952734375,19.019268796188456,23598694009.4,0.8942623475516879,-0.01089463540109481,0,9.078898929847276e-05
2024-06-20,64960.296875,66438.9609375,64547.84765625,64828.65625,25641109124,BTC-USD,-0.00202647819256907,0.014044746101495044,65611.80859375,67853.5228515625,66441.445625,19.40018887751752,25902662719.0,0.9899024437048263,-0.02541868781986356,0,0.0
2024-06-21,64837.98828125,65007.546875,63378.89453125,64096.19921875,26188171739,BTC-USD,-0.011298352821403679,0.011324988141007127,65103.2390625,67672.9859375,66540.9009375,20.869729678379002,28484068958.6,0.9193971471232935,-0.05957896416318076,0,0.000143949169854959
2024-06-22,64113.86328125,64475.46875,63929.7578125,64252.578125,9858198793,BTC-USD,0.0024397531859308152,0.009765432325273368,64655.6953125,67498.034765625,66568.15578125,22.310073205188573,24454437822.0,0.4031251450046113,-0.03809866578797305,0,0.0002755867386101226
2024-06-23,64248.96484375,64491.703125,63180.796875,63180.796875,11170471802,BTC-USD,-0.01668075089399379,0.008950895738861873,64263.70546875,67216.835546875,66553.942265625,17.185495673628083,18792274992.4,0.5944182812627836,-0.037503793058165646,0,-5.623558393206498e-05
2024-06-24,63173.3515625,63292.52734375,58601.69921875,60277.4140625,43152133651,BTC-USD,-0.04595356431233677,0.015661973188648416,63327.12890625,66702.31796875,66478.867890625,13.41712284506771,23202017021.8,1.8598440648696792,0.0220212950305676,1,-0.00011784138327236
2024-06-25,60266.28125,62258.26171875,60239.75,61804.640625,29201215431,BTC-USD,0.025336630415439876,0.01884148308572256,62722.32578125,66238.408984375,66451.72171875,26.909208757911998,23914038283.2,1.22109093768217,-0.024019295173274058,0,-0.00018469293471111238
2024-06-26,61789.67578125,62434.13671875,60695.1875,60811.27734375,22506003064,BTC-USD,-0.016072632592061153,0.01841069302409757,62065.34140625,65741.1146484375,66421.2509375,19.17824068447534,23177604548.2,0.971023688716263,0.0012514383157884446,1,-0.00024213139334955885
2024-06-27,60811.2265625,62293.86328125,60585.33203125,61604.80078125,21231745045,BTC-USD,0.013048951973404943,0.019624879552021902,61535.7859375,65354.225390625,66429.588125,27.329230343968305,25452313798.6,0.8341774037913932,0.0174254631763493,1,-8.350630379452002e-07
2024-06-28,61612.8046875,62126.09765625,59985.40234375,60320.13671875,24952866877,BTC-USD,-0.020853310881755127,0.01966616306568397,60963.65390625,64904.9435546875,66374.991640625,26.090668322673125,28208792813.6,0.88457762237063,0.04197344183427543,1,0.00012992341746904997
2024-06-29,60319.875,61097.62109375,60300.96484375,60887.37890625,12652903396,BTC-USD,0.009403861104374522,0.020355059162688777,61085.646875,64466.912890625,66376.883671875,28.42031314320954,22108946762.6,0.5722978815709097,0.018749973134954745,1,-4.338828859428745e-06
2024-06-30,60888.4453125,62892.828125,60632.94921875,62678.29296875,17333226409,BTC-USD,0.029413551620566913,0.023297924056606446,61260.37734375,64125.2134765625,66414.5753125,35.47186669948782,19735348958.2,0.8782832492960848,-0.039955955644781604,0,1.751440559860485e-05
2024-07-01,62673.60546875,63777.2265625,62495.51171875,62851.98046875,25468379421,BTC-USD,0.002771094932125795,0.02317376062619943,61668.51796875,63901.2109375,66442.64703125,36.67894449747325,20327824229.6,1.2528827056618619,-0.09346208822601365,0,-7.478665703830005e-05
2024-07-02,62844.41015625,63203.359375,61752.74609375,62029.015625,20151616992,BTC-USD,-0.013093697885290578,0.02338400153819726,61753.3609375,63590.60234375,66425.198359375,38.15001024932487,20111798619.0,1.0019798514172862,-0.08651822974983736,0,-0.00012044668192697538
2024-07-03,62034.33203125,62187.703125,59419.38671875,60173.921875,29756701685,BTC-USD,-0.02990687070088416,0.024570846830454553,61724.11796875,63261.478515625,66397.621015625,33.83453309923782,21072565580.6,1.4121062559366224,-0.031082946801861633,0,8.570837690123348e-05
2024-07-04,60147.13671875,60399.67578125,56777.8046875,56977.703125,41149609230,BTC-USD,-0.05311634426354228,0.02597490486185812,60942.1828125,62809.808984375,66211.825234375,28.031793195142228,26771906747.4,1.5370443957637165,-0.019807638569144248,0,-0.00044512897639680394
2024-07-05,57022.80859375,57497.15234375,53717.375,56662.375,55417544033,BTC-USD,-0.005534237213954074,0.023659593462632657,59738.99921875,62333.377734375,66040.44109375,28.701803833019255,34388770272.2,1.611501184670152,0.0007539863313177353,1,0.0007916336790734753
2024-07-06,56659.07421875,58472.546875,56038.9609375,58303.5390625,20610320577,BTC-USD,0.02896391234041995,0.026186949985411344,58829.3109375,61916.60234375,65865.474375,34.292182076745576,33417158503.4,0.6167586204225898,-0.005047935420944283,0,-5.8253492727758056e-05
2024-07-07,58239.4296875,58371.12109375,55793.32421875,55849.109375,20553359505,BTC-USD,-0.042097439142912196,0.027969310449675596,57593.3296875,61384.54296875,65643.64046875,31.958722852227993,33497507006.0,0.6135787806930983,0.03390182475492698,1,-0.0010995794771784999
2024-07-08,55849.57421875,58131.3359375,54321.01953125,56705.09765625,39766159899,BTC-USD,0.015326802715911692,0.028655492711283967,56899.56484375,60962.760546875,65452.175078125,40.22451338650752,35499398648.8,1.1201924937493055,0.011283225542236153,1,8.323207929401292e-06
2024-07-09,56704.59765625,58239.1953125,56316.875,58009.2265625,27849512607,BTC-USD,0.02299844211812685,0.029757523406948472,57105.86953125,60615.20703125,65183.395703125,39.485636742582464,32839379324.2,0.8480523438662293,-0.0018921424272351217,0,-8.817549403248234e-06
2024-07-10,58033.8828125,59359.43359375,57178.4140625,57742.49609375,26175260526,BTC-USD,-0.004598069730556098,0.0273022720536591,57321.89375,60260.8990234375,64935.515,41.14199454633853,26990922622.8,0.9697801328172833,0.02579481546540241,1,0.0004250401438025551
2024-07-11,57729.890625,59299.43359375,57120.37890625,57344.9140625,28707803842,BTC-USD,-0.006885432015347748,0.027055369008835893,57130.16875,59923.334765625,64699.9665625,37.41624627777261,28610419275.8,1.0034038147173319,0.060038086420316494,1,-0.0002183048812010814
2024-07-12,57341.1953125,58532.5546875,56590.17578125,57899.46484375,25604805221,BTC-USD,0.009670444019596935,0.027605510645939767,57540.23984375,59605.6791015625,64499.364609375,42.52695612493615,29620708419.0,0.8644224459053104,0.12039295214232815,1,-6.484881982640952e-05
2024-07-13,57908.73828125,59787.078125,57796.44140625,59231.953125,17080061806,BTC-USD,0.023013827240820017,0.02769595777902894,58045.6109375,59408.2369140625,64313.481640625,45.119982681131305,25083488800.4,0.6809284761746391,0.09902079879288128,1,0.0001601644769088229
2024-07-14,59225.25,61329.52734375,59225.25,60787.79296875,22223416061,BTC-USD,0.026266900915231206,0.021951072474767935,58601.32421875,59433.755859375,64143.91859375,44.34868490807599,23958269491.2,0.9275885334357216,0.05479718603556494,1,-0.00011316738088737471
2024-07-15,60815.45703125,64870.15234375,60704.9296875,64870.15234375,38094526099,BTC-USD,0.06715755212726138,0.028503130776892364,60026.85546875,59587.0314453125,64070.959765625,54.89019836343446,26342122605.8,1.4461448938291845,-0.013813532188911792,0,0.0004550923984725295
2024-07-16,64784.41796875,65354.33984375,62487.96875,65097.1484375,41617346768,BTC-USD,0.003499237870556282,0.0281512309485733,61577.30234375,59801.325,63985.011640625,57.65544279309889,28924031191.0,1.4388501551937771,0.02477847111918674,1,-0.0013216305481400675
2024-07-17,65091.83203125,66066.734375,63896.0859375,64118.79296875,32525071311,BTC-USD,-0.01502916014346345,0.023318506065170882,62821.16796875,59927.024609375,63901.463125,60.29338827559931,30308084409.0,1.0731483676791418,0.04748772283087099,1,-8.16688038970601e-05
2024-07-18,64104.73828125,65104.66015625,63246.1640625,63974.06640625,27239305337,BTC-USD,-0.0022571629283560934,0.02387557013994681,63769.590625,60109.72109375,63829.382578125,71.71344879933255,32339933115.2,0.842280818577121,0.06534612017161989,1,-0.00021919763066734468
2024-07-19,63972.32421875,67442.640625,63329.34375,66710.15625,37003855410,BTC-USD,0.042768734230136385,0.025607894655675083,64954.06328125,60400.8599609375,63796.285859375,77.11010812289763,35296020985.0,1.0483860326841314,0.013117848903254625,1,-2.723271472125454e-05
2024-07-20,66709.921875,67610.734375,66299.6171875,67163.6484375,19029581250,BTC-USD,0.0067979482134701286,0.02491463660255788,65412.7625,60625.127734375,63789.730546875,75.5426461519612,31483032015.2,0.6044392814774804,-0.018402463106961142,0,-3.5133330991111267e-06
2024-07-21,67164.9140625,68372.90625,65842.296875,68154.5234375,26652190004,BTC-USD,0.014753144342986024,0.023662598186571116,66024.2375,60890.2548828125,63798.682265625,88.74451090341454,28490000662.4,0.9354927828827511,-0.04082473891188665,0,1.8843898886430264e-05
2024-07-22,68152.9765625,68480.0625,66611.296875,67585.25,42649109453,BTC-USD,-0.00835268752223095,0.024988352899771228,66717.52890625,61168.0666015625,63795.355234375,84.8868455457544,30514808290.8,1.3976528722239558,-0.026751745943086713,0,-2.269658596349128e-05
2024-07-23,67584.8046875,67779.015625,65484.4609375,65927.671875,35605668666,BTC-USD,-0.02452573786440093,0.02783635492737225,67108.25,61455.7541015625,63737.813046875,74.82747961011323,32188080956.6,1.106175565856443,0.030099510092855164,1,-6.5889006846908164e-06
2024-07-24,65927.859375,67113.984375,65146.99609375,65372.1328125,27470942309,BTC-USD,-0.008426492953570563,0.027899016990100924,66840.6453125,61875.4755859375,63633.900390625,73.49641548560264,30281498336.4,0.9071857014412804,0.037343176977288506,1,2.8440258038461185e-06
2024-07-25,65375.875,66112.421875,63473.47265625,65777.2265625,38315761670,BTC-USD,0.00619673448871394,0.01853866802920274,66563.3609375,62331.2181640625,63527.788515625,75.95634631099345,34138734420.4,1.1223544844446245,0.037682352305396405,1,5.7244384403570284e-05
2024-07-26,65771.8125,68207.6015625,65743.765625,67912.0625,30488630457,BTC-USD,0.032455548053117234,0.02097904615682957,66514.86875,62811.6443359375,63470.886484375,78.08812387583399,34906022511.0,0.8734490000226196,-0.016081803398328542,0,-8.230907234824933e-05
2024-07-27,67911.8125,69398.5078125,66705.21875,67813.3359375,34691905492,BTC-USD,-0.0014537411892032726,0.019995538759651835,66560.4859375,63409.8556640625,63440.301484375,75.86345981053849,33314581718.8,1.0413429706194617,-0.02377585898422685,0,-3.6812311509461224e-06
2024-07-28,67808.65625,68301.8515625,67085.828125,68255.8671875,18043166945,BTC-USD,0.006525726007755361,0.01979440383343093,67026.125,63987.394140625,63419.303359375,74.12718448390791,29802081374.6,0.6054331144930704,-0.05327918811008803,0,-6.900836591069672e-05
2024-07-29,68259.0546875,69987.5390625,66532.59375,66819.9140625,40780682628,BTC-USD,-0.021037797689324123,0.016945474095125607,67315.68125,64427.928515625,63362.741796875,57.59840852343601,32464029438.4,1.2561805584048253,-0.021885901576169764,0,4.6699282147333717e-05
2024-07-30,66819.0546875,66987.671875,65323.19140625,66201.015625,31380492109,BTC-USD,-0.009262185475442442,0.01702137464031459,67400.4390625,64850.8544921875,63296.516484375,54.17436770715405,31076975526.2,1.009766606230523,-0.07229419629844236,0,-1.2861061138094007e-05
2024-07-31,66201.2734375,66810.2109375,64532.046875,64619.25,31292785994,BTC-USD,-0.023893373992326827,0.01735242894153349,66741.8765625,65214.5712890625,63242.260859375,51.80992157482122,31237806633.6,1.0017600262734472,-0.0609594857569532,0,3.894388893674922e-06
2024-08-01,64625.83984375,65593.2421875,62248.94140625,65357.5,40975554494,BTC-USD,0.011424614182306447,0.01806282677986107,66250.709375,65587.473046875,63184.587109375,54.79729164109938,32494536434.0,1.2609982781944247,-0.11078335979038367,0,0.00010197957651938084
2024-08-02,65353.5,65523.22265625,61184.89453125,61415.06640625,43060875727,BTC-USD,-0.06032105869640059,0.024980687500914863,64882.54921875,65696.6287109375,63077.76046875,33.055979368324955,37498078190.4,1.1483488702635472,-0.1208760294403024,0,-6.120185135600352e-05
2024-08-03,61414.80859375,62148.37109375,59836.52734375,60680.09375,31753030589,BTC-USD,-0.011967302150066583,0.025031672847116732,63654.58515625,65691.24375,62971.14046875,29.62008505639075,35692547782.6,0.8896263383159075,-0.07656180234148036,0,-4.197870572908203e-06
2024-08-04,60676.09375,61062.98828125,57210.8046875,58116.9765625,31758917219,BTC-USD,-0.04223983565450573,0.02679019780825215,62037.77734375,65353.5849609375,62809.66,21.28678751428056,35768232804.6,0.8879084799212004,-0.05316029511062881,0,-6.591947626976103e-05
2024-08-05,58110.296875,58268.828125,49121.23828125,53991.45703125,108991085584,BTC-USD,-0.07098647891315102,0.02768330131381384,59912.21875,64798.300390625,62556.708203125,17.688010154103566,51307892722.6,2.124255739234284,0.14296112962894236,1,-0.00011493522022461972
2024-08-06,53991.34765625,57059.91796875,53973.2734375,56034.31640625,49300484106,BTC-USD,0.03783671505322772,0.033210493664208814,58047.58203125,64394.0765625,62347.58859375,26.90680125835962,52972878645.0,0.9306740612755688,0.08647909327326975,1,-2.025783448235047e-06
2024-08-07,56040.6328125,57726.8828125,54620.5078125,55027.4609375,41637562185,BTC-USD,-0.017968550940289485,0.032051549618256014,56770.0609375,63946.7462890625,62145.322890625,26.351589803085588,52688215936.6,0.7902632769935253,0.10755269208626661,1,0.00011272389234136308
2024-08-08,55030.02734375,62673.765625,54766.7265625,61710.13671875,45298472567,BTC-USD,0.12144256099404904,0.05523723981495261,56976.06953125,63696.7453125,62080.3196875,42.77588397285965,55397304332.2,0.8177017476402729,-0.04846290257596075,0,4.66386456194102e-05
2024-08-09,61728.20703125,61751.86328125,59587.859375,60880.11328125,33425553115,BTC-USD,-0.013450358103773374,0.05527558692659746,57528.696875,63382.5685546875,62001.348828125,36.902479594273345,55730631511.4,0.5997698609993791,-0.025059047594115702,0,0.0002928256759883262
2024-08-10,60881.23046875,61464.51171875,60287.56640625,60945.8125,15745822278,BTC-USD,0.001079157301276501,0.05499156826444833,58919.56796875,63022.1330078125,61938.34109375,37.1929779575562,37081578850.2,0.4246265333417721,-0.005517132021990889,0,1.835061467180407e-05
2024-08-11,60944.890625,61778.66015625,58348.82421875,58719.484375,22759754812,BTC-USD,-0.036529632368097475,0.05553532657609748,59456.6015625,62578.8447265625,61827.67921875,33.32529188938871,31773432991.4,0.7163139978660883,0.00030288338597150855,1,-1.512614176732815e-05
2024-08-12,58719.39453125,60680.33203125,57688.8984375,59354.515625,37078637820,BTC-USD,0.010814659848586317,0.05276200791799997,60322.0125,62250.1869140625,61751.15359375,36.57033347790292,30861648118.4,1.201447106056963,-0.030232206427006747,0,-1.5300500499328507e-06
2024-08-13,59356.20703125,61572.3984375,58506.25390625,60609.56640625,30327698167,BTC-USD,0.021144992390795814,0.053118532571661145,60101.8984375,62012.05859375,61757.796640625,40.166488303679365,27867493238.4,1.0882822472604017,-0.028303468234729068,0,2.8496673457606033e-05
2024-08-14,60611.05078125,61687.7578125,58472.875,58737.26953125,29961696180,BTC-USD,-0.0308911115194338,0.05220269462625406,59673.3296875,61660.0607421875,61696.44921875,39.760180235440366,27174721851.4,1.1025576027545032,0.012627470274310104,1,2.4490770814142184e-05
2024-08-15,58733.26171875,59838.6484375,56161.59375,57560.09765625,35682112440,BTC-USD,-0.020041310813293967,0.046427905400218517,58996.18671875,61142.4625,61631.425625,36.629984665709934,31161979883.8,1.145052803867249,0.01605047984833785,1,-6.823287040722455e-05
2024-08-16,57560.2734375,59847.359375,57110.01953125,58894.10546875,29350938673,BTC-USD,0.023175912946963972,0.0455817885708388,59031.1109375,60696.5009765625,61577.21171875,45.25271537801087,32480216656.0,0.9036558771715603,0.010176700222877422,1,3.053873380301906e-06
2024-08-17,58893.53125,59694.66796875,58814.83203125,59478.97265625,13589684021,BTC-USD,0.00993082725079053,0.04480729785040349,59056.00234375,60257.65625,61560.3884375,47.725279025742054,27782425896.2,0.48914677471914925,-0.00783772258801807,0,-9.750020743666582e-06
2024-08-18,59468.1328125,60262.71875,58445.40234375,58483.96484375,17740625837,BTC-USD,-0.016728732324455264,0.02130959188552182,58630.88203125,59840.8587890625,61512.32015625,50.738900758791125,25265011430.2,0.7021815876083125,0.0460164862230199,1,-0.0001822466540006884
2024-08-19,58480.7109375,59612.66015625,57864.7109375,59493.453125,25911207712,BTC-USD,0.01726094125025579,0.022175805772564193,58782.11875,59505.4806640625,61448.623359375,62.66727461915284,24454913736.6,1.0595501579390347,0.014933759780816125,1,-5.563757961166573e-05
2024-08-20,59493.453125,61396.328125,58610.8828125,59012.79296875,31613400008,BTC-USD,-0.008079210921579816,0.02221998276195733,59072.6578125,59225.1578125,61371.839609375,57.38886707462146,23641171250.2,1.3372180114694003,0.08610950684355712,1,0.0
2024-08-21,59014.98828125,61834.3515625,58823.4453125,61175.19140625,32731154072,BTC-USD,0.03664287570061453,0.021996488050130533,59528.875,59016.0423828125,61354.763125,64.42404153868516,24317214330.0,1.3460075495415516,0.04910161639384936,1,3.720062023098143e-05
2024-08-22,61168.31640625,61408.109375,59815.25390625,60381.9140625,27625734377,BTC-USD,-0.012967304646127387,0.02249657613355266,59709.46328125,58964.384765625,61358.92296875,45.69354750871043,27124424401.2,1.0184818659517,0.06544391590766319,1,-0.00011238215757012918
2024-08-23,60380.953125,64947.0625,60372.05078125,64094.35546875,42530509233,BTC-USD,0.061482671821355916,0.028998586877864135,60831.54140625,59135.0978515625,61501.256015625,58.78029448408943,32082401080.4,1.3256647819599459,-0.018936071727747583,0,-1.5914326581389167e-05
2024-08-24,64103.87109375,64513.7890625,63619.91796875,64178.9921875,21430585163,BTC-USD,0.0013205019089592707,0.02609135373443191,61768.64921875,59438.1986328125,61651.588359375,58.82289735944342,31186276570.6,0.6871799881106387,-0.07284095956730385,0,0.0001484627613525104
2024-08-25,64176.3671875,64996.421875,63833.51953125,64333.54296875,18827683555,BTC-USD,0.0024081210374646833,0.024192558581782722,62832.79921875,59955.3029296875,61772.1884375,67.27308389662392,28629133280.0,0.6576407106306922,-0.08247514008869916,0,-4.0901234352995425e-05
2024-08-26,64342.2265625,64489.70703125,62849.55859375,62880.66015625,27682040631,BTC-USD,-0.022583597070127692,0.025988086503992522,63173.89296875,60297.6201171875,61912.819453125,60.32924775442678,27619310591.8,1.0022712384145687,-0.05554140907668037,0,0.00013497770135585495
2024-08-27,62879.70703125,63210.796875,58116.75,59504.1328125,39103882198,BTC-USD,-0.05369739018896724,0.03220152965582439,62998.33671875,60521.4537109375,61968.80015625,47.119798806968475,29914940156.0,1.307168992954077,-0.006464361916038164,0,-1.51576811953248e-05
2024-08-28,59507.92578125,60236.44921875,57890.67578125,59027.625,40289564698,BTC-USD,-0.00800797843742207,0.03179848921063832,61984.990625,60387.328125,61989.168125,50.815860742907326,29466751249.0,1.3672889948927536,-0.000977958413539426,0,6.37429464261214e-05
2024-08-29,59027.46875,61184.08203125,58786.2265625,59388.1796875,32224990582,BTC-USD,0.006108236397788236,0.03137225145374394,61026.828125,60312.7314453125,62022.081796875,55.38373966568031,31625632332.8,1.0189516605673805,-0.03473235612042436,0,-2.647065674758217e-06
2024-08-30,59388.6015625,59896.88671875,57768.53125,59119.4765625,32292756405,BTC-USD,-0.004524521990973862,0.031287253243334284,59984.01484375,60221.4146484375,62057.573046875,50.70815722992998,34318646902.8,0.9409682292096805,-0.00011833822213569434,0,7.103686326469375e-06
2024-08-31,59117.48046875,59432.59375,58768.78515625,58969.8984375,12403470760,BTC-USD,-0.002530098940268344,0.028613728741235172,59201.8625,60233.9353515625,62078.98171875,48.35540753330186,31262932928.6,0.3967468691542066,-0.026095941162778136,0,-3.3763725020294576e-05
2024-09-01,58969.80078125,59062.0703125,57217.82421875,57325.48828125,24592449997,BTC-USD,-0.027885585694078285,0.029547464197676215,58766.13359375,60132.483984375,62040.852421875,46.40818483805161,28360646488.4,0.8671329127514332,0.011269869662170917,1,-1.656035580653106e-06
2024-09-02,57326.96875,59403.0703125,57136.02734375,59112.48046875,27036454524,BTC-USD,0.031172733823612075,0.02277132036290628,58783.1046875,60057.6296875,62007.346171875,48.8731367512776,25710024453.6,1.0515919412209767,-0.049938560589765424,0,2.582566314544993e-05
2024-09-03,59106.19140625,59815.05859375,57425.16796875,57431.0234375,26666961053,BTC-USD,-0.02844504270361159,0.02338072703356895,58391.6734375,59992.3173828125,61858.56359375,45.63165783468278,24598418547.8,1.0840924997345003,-0.060633945258517286,0,-0.000106391449828006
2024-09-04,57430.34765625,58511.5703125,55673.1640625,57971.5390625,35627680312,BTC-USD,0.00941156177702851,0.02391896663158895,58162.0859375,60012.889453125,61716.05140625,40.28197078577714,25265403329.2,1.4101370101946482,-0.06609884133607047,0,-1.1766832794394254e-05
2024-09-05,57971.703125,58300.58203125,55712.453125,56160.48828125,31030280656,BTC-USD,-0.031240343288065575,0.02456887006990007,57600.20390625,59876.20859375,61556.8853125,37.93934074921091,28990765308.4,1.0703505176874049,-0.023484871933357798,0,2.830052516341195e-06
2024-09-06,56160.19140625,56976.109375,52598.69921875,53948.75390625,49361693566,BTC-USD,-0.03938239218868078,0.022094821797340156,56924.85703125,59599.69765625,61356.3790625,18.29519636838242,33944614022.2,1.4541833804242736,0.05692033694302334,1,-5.286189794384606e-06
2024-09-07,53949.0859375,54838.14453125,53740.0703125,54139.6875,19061486526,BTC-USD,0.003539165966313096,0.022481689735152938,55930.2984375,59382.4837890625,61104.9696875,18.834420909004038,32349620422.6,0.5892336997154786,0.06481425363786952,1,6.1545675471391e-06
2024-09-08,54147.93359375,55300.859375,53653.7578125,54841.56640625,18268287531,BTC-USD,0.012964221602682846,0.023069390959809474,55412.40703125,59149.889453125,60858.528046875,21.50194424389811,30669885718.2,0.5956425041440342,0.04561513524648175,1,0.00015231143973633022
2024-09-09,54851.88671875,58041.125,54598.43359375,57019.53515625,34618096173,BTC-USD,0.039713831911113884,0.02755066171565824,55222.00625,59050.2265625,60635.82828125,33.13715335843574,30467968890.4,1.136212797693503,0.01942275677038041,1,0.0001881841306929528
2024-09-10,57020.09765625,58029.9765625,56419.4140625,57648.7109375,28857630507,BTC-USD,0.011034389872275785,0.02792245264447965,55519.65078125,58873.9025390625,60437.0975,43.65947842486252,30033438860.6,0.9608500258975502,0.05069653416740816,1,9.865040085973824e-06
2024-09-11,57650.2890625,57991.3203125,55567.33984375,57343.171875,37049062672,BTC-USD,-0.005300015516934153,0.02646339080087769,56198.534375,58721.9654296875,60265.4075,44.17567153607648,27570912681.8,1.3437735304445209,0.046421380815010904,1,2.737485321590154e-05
2024-09-12,57343.171875,58534.359375,57330.1015625,58127.01171875,33835707949,BTC-USD,0.013669279499548104,0.024719342485372876,56995.99921875,58423.5982421875,60120.505078125,45.76327991334945,30525756966.4,1.1084314137154172,0.018164089078906098,1,0.0
2024-09-13,58130.32421875,60648.0234375,57650.11328125,60571.30078125,32490528356,BTC-USD,0.04205082955798245,0.026160795090943233,58141.94609375,58243.213671875,60016.3865625,54.255212210486505,33370205131.4,0.9736388562211066,-0.039272608282607036,0,5.698727496998592e-05
2024-09-14,60569.1171875,60656.72265625,59517.8828125,60005.12109375,16428405496,BTC-USD,-0.00934732588201681,0.026530731787066913,58739.06328125,58026.792578125,59858.247734375,52.96184692949939,29732266996.0,0.552544664630187,0.005056534562707604,1,-3.604997287223419e-05
2024-09-15,60000.7265625,60381.91796875,58696.30859375,59182.8359375,18120960867,BTC-USD,-0.013703582981947293,0.024458036565723686,59045.88828125,57841.9013671875,59685.637734375,55.57633456811176,27584933068.0,0.6569151653306451,0.041681742872293315,1,-7.323593669837164e-05
2024-09-16,59185.2265625,59205.51171875,57501.33984375,58192.5078125,32032822113,BTC-USD,-0.016733367188517922,0.020578510135627812,59215.75546875,57776.3201171875,59484.370546875,47.09919134106528,26581684956.2,1.205071167075455,0.08159038675645669,1,4.039389059565544e-05
2024-09-17,58192.5078125,61316.08984375,57628.0703125,60308.5390625,38075570118,BTC-USD,0.0363626062794542,0.022365510823858112,59652.0609375,57840.3658203125,59354.143046875,58.83120482759679,27429657390.0,1.3881168684185303,0.047828011502828005,1,0.0
2024-09-18,60309.0,61664.06640625,59218.25390625,61649.6796875,40990702891,BTC-USD,0.02223798894564699,0.022643272582859277,59867.73671875,57953.4408203125,59263.116328125,60.759594921712164,29129692297.0,1.4071793987065746,0.02830769219071616,1,7.642988989043711e-06
2024-09-19,61651.15625,63872.44140625,61609.8671875,62940.45703125,42710252573,BTC-USD,0.020937291974474137,0.02079253418523548,60454.80390625,58144.48984375,59229.54046875,70.45597151462667,34386061712.4,1.2420803792601292,0.011252760778307502,1,2.3950854367527002e-05
2024-09-20,62941.42578125,64119.53125,62364.60546875,63192.9765625,35177164222,BTC-USD,0.004012038411551844,0.020876665370935927,61256.83203125,58355.64375,59186.25,81.63037815241738,37797302383.4,0.9306792285115372,0.0021651807873723783,1,1.539153107069138e-05
2024-09-21,63184.33984375,63543.359375,62783.10546875,63394.83984375,14408616220,BTC-USD,0.003194394254405042,0.020378104928318968,62297.2984375,58659.111328125,59225.84546875,81.64410741574439,34272461204.8,0.4204138166179327,0.014309191544387811,1,-0.00013667213066721097
2024-09-22,63396.8046875,63993.421875,62440.7265625,63648.7109375,20183348802,BTC-USD,0.004004601863112578,0.020427991673520142,62965.3328125,58885.9228515625,59285.2178125,81.06399353872837,30694016941.6,0.657566223423994,-0.007943073768555076,0,3.099374893670799e-05
2024-09-23,63643.1015625,64733.55859375,62628.078125,63329.80078125,31400285425,BTC-USD,-0.005010473135318549,0.017212939043889666,63301.35703125,59180.86171875,59389.474296875,75.61660188361378,28775933448.4,1.0911995428855816,0.029231400180688594,1,-8.813022160822926e-05
2024-09-24,63326.83984375,64695.21484375,62737.41796875,64301.96875,29938335243,BTC-USD,0.01535087678718594,0.016755918148051906,63573.659375,59497.383203125,59595.68453125,76.27722474107453,26221549982.4,1.1417454446092896,0.023151628813853353,1,-4.675425255524635e-05
2024-09-25,64302.58984375,64804.50390625,62945.375,63143.14453125,25078377700,BTC-USD,-0.018021597802944433,0.017394085882357975,63563.69296875,59846.516015625,59737.86109375,71.46067090929326,24201792678.0,1.0362198384914203,0.043464796164716324,1,9.659016077948624e-06
2024-09-26,63138.546875,65790.796875,62669.26953125,65181.01953125,36873129847,BTC-USD,0.032273891570151925,0.016977901777252932,63920.92890625,60408.129296875,59940.932265625,73.88426206125965,28694695403.4,1.285015551781426,0.006969592674631375,1,-7.281322911823922e-05
2024-09-27,65180.6640625,66480.6953125,64852.9921875,65790.6640625,32058813449,BTC-USD,0.00935309904070647,0.01456630959282009,64349.31953125,60990.678125,60022.5428125,70.17937903747818,31069788332.8,1.031832373803329,-0.03740901688060083,0,-5.453562287861671e-06
2024-09-28,65792.1796875,66255.53125,65458.03515625,65887.6484375,15243637984,BTC-USD,0.0014741358273548943,0.013908233134471116,64860.8890625,61542.9822265625,60122.693515625,73.59954365735437,27838458844.6,0.5475747802381274,-0.07665534807773511,0,2.3037083172776344e-05
2024-09-29,65888.8984375,66069.34375,65450.015625,65635.3046875,14788214575,BTC-USD,-0.003829909793174213,0.013294119274142834,65127.55625,61973.770703125,60216.483359375,77.12652889630438,24808434711.0,0.596096236915864,-0.0762169011794458,0,1.897168937795269e-05
2024-09-30,65634.65625,65635.0546875,62873.6171875,63329.5,37112957475,BTC-USD,-0.035130555094979754,0.018228538453146564,65164.82734375,62257.81015625,60308.683671875,69.44540228695331,27215350666.0,1.3636773573292602,-0.04058294564539433,0,-9.879401079759023e-06
2024-10-01,63335.60546875,64110.98046875,60189.27734375,60837.0078125,50220923500,BTC-USD,-0.039357521968434894,0.022058999869723043,64296.025,62432.501953125,60338.333515625,51.945013767260825,29884909396.6,1.6804776897103,0.02022566188317998,1,9.6407973377336e-05
2024-10-02,60836.32421875,62357.6875,59996.94921875,60632.78515625,40762722398,BTC-USD,-0.0033568819965540397,0.021888467913995808,63264.44921875,62557.790625,60338.797890625,45.91552875721931,31625691186.4,1.2889116686097661,0.024032609729949028,1,-1.1236478823988841e-05
2024-10-03,60632.484375,61469.0390625,59878.8046875,60759.40234375,36106447279,BTC-USD,0.0020882627636797935,0.02198947313686879,62238.8,62567.195703125,60379.240546875,40.33575191952201,35798253045.4,1.0086091975831653,0.033896824224800115,1,-4.960703177742704e-06
2024-10-04,60754.625,62465.9921875,60459.94140625,62067.4765625,29585472513,BTC-USD,0.021528753876634443,0.022667240206831737,61525.234375,62670.3134765625,60469.388125,45.439514625373775,38757704633.0,0.7633442896876209,0.002725801065549094,1,-7.86272340694184e-05
2024-10-05,62067.609375,62371.0234375,61689.58203125,62089.94921875,13305410749,BTC-USD,0.0003620681473552878,0.022078253988919234,61277.32421875,62815.669140625,60533.305,44.63463022295262,33996195287.8,0.3913794069118914,0.000676752546566961,1,2.139808275695919e-06
2024-10-06,62084.98828125,62959.5703125,61833.1484375,62818.953125,14776233667,BTC-USD,0.011741093613744757,0.019382694126764185,61673.71328125,63046.99140625,60600.104609375,46.716544985086585,26907257321.2,0.5491542110967189,-0.03560790893870858,0,-7.989920369433786e-05
2024-10-07,62819.109375,64443.70703125,62152.55078125,62236.66015625,34253562610,BTC-USD,-0.009269383518558882,0.0188977621314609,61994.48828125,63143.3974609375,60675.158515625,45.7626333318999,25605425363.6,1.3377462832034794,-0.031527401234639596,0,2.4873066523265146e-06
2024-10-08,62221.64453125,63174.3046875,61843.5625,62131.96875,28134475157,BTC-USD,-0.001682150134457161,0.01879674624823204,62269.0015625,63167.5119140625,60727.928828125,40.98188845281725,24011030939.2,1.171731244203602,0.005039613262697307,1,-0.000241266561578049
2024-10-09,62131.7265625,62508.8359375,60314.61328125,60582.1015625,27670982363,BTC-USD,-0.024944762232405493,0.019727406134526733,61971.9265625,63049.594140625,60759.315,39.69182401605468,23628132909.2,1.1711032128241436,0.043097248323523685,1,-3.897953096810569e-06
2024-10-10,60581.9296875,61236.72265625,58895.20703125,60274.5,30452813570,BTC-USD,-0.005077433013489285,0.01723302956815041,61608.83671875,62903.6703125,60741.301171875,27.05542673283206,27057613473.4,1.1254803975944803,0.042752324780794604,1,-2.837059058155713e-06
2024-10-11,60275.4609375,63400.87109375,60046.125,62445.08984375,30327141594,BTC-USD,0.036011743668549645,0.016916908699574133,61534.0640625,62856.1828125,60782.5646875,36.348003671277226,30167795058.8,1.0052820080118356,0.057667226762912804,1,1.5942687206032403e-05
2024-10-12,62444.6171875,63448.78515625,62443.26953125,63193.0234375,16744110886,BTC-USD,0.011977460447594401,0.01699763603815187,61725.33671875,62833.3984375,60764.538046875,39.55896090906835,26665904714.0,0.6279220999844454,0.060894157743629496,1,-7.56914997132168e-06
2024-10-13,63192.9453125,63272.65234375,62035.63671875,62851.375,18177529690,BTC-USD,-0.005406426515387475,0.017267780969605316,61869.21796875,62809.4771484375,60737.985703125,39.28706714511792,24674515620.6,0.7366924631673067,0.075755602005525,1,-1.2362915358412662e-06
2024-10-14,62848.3984375,66482.4921875,62442.15234375,66046.125,43706958056,BTC-USD,0.050830232433260125,0.022389063514543273,62962.02265625,62896.6849609375,60772.23734375,59.78452149748246,27881710759.2,1.5675852329677515,0.02049644755842972,1,-4.7358749112489586e-05
2024-10-15,66050.3671875,67881.6796875,64809.1953125,67041.109375,48863870879,BTC-USD,0.015064992457922477,0.022427275707806175,64315.34453125,63091.583203125,60855.446328125,75.04734275015645,31563922221.0,1.5480924879003173,0.02054977461357077,1,6.423067969544012e-05
2024-10-16,67042.4609375,68375.2890625,66758.7265625,67612.71875,38195189534,BTC-USD,0.008526251733136592,0.022389498269084512,65348.8703125,63213.1681640625,61017.618046875,77.36770216510898,33137531809.0,1.152626265412633,0.011092818612622457,1,2.0160204874294714e-05
2024-10-17,67617.078125,67912.2109375,66647.390625,67399.8359375,32790898511,BTC-USD,-0.0031485616380424464,0.021956467934924867,66190.2328125,63293.6267578125,61185.062265625,75.86160417765183,36346889334.0,0.9021651952021761,0.023766633334024956,1,6.447566494284775e-05
2024-10-18,67419.109375,68969.75,67177.8203125,68418.7890625,36857165014,BTC-USD,0.015118035686984221,0.02175685722678468,67303.715625,63420.1837890625,61365.674453125,75.30548313274915,40082816398.8,0.91952533093716,-0.015360363935116972,0,0.0002859567420590207
2024-10-19,68418.9765625,68668.0078125,68024.640625,68362.734375,14443497908,BTC-USD,-0.0008192879217548965,0.01856826208783401,67767.0375,63556.5552734375,61550.539609375,74.92590524128644,34230124369.2,0.42195283172842185,-0.014647280190802081,0,2.740475278343794e-06
2024-10-20,68364.1796875,69359.0078125,68105.71875,69001.703125,18975847518,BTC-USD,0.009346740674458287,0.01760284681226334,68159.15625,63840.1654296875,61751.175703125,74.74519755709838,28252519697.0,0.6716515100780535,-0.03723832450693587,0,2.11418181735069e-05
2024-10-21,69002.0,69462.734375,66829.8515625,67367.8515625,37498611780,BTC-USD,-0.023678423698328066,0.019257801026970233,68110.1828125,64166.7076171875,61952.02296875,68.94213268123355,28113204146.2,1.333843399172577,0.011774208418448895,1,4.302430035128209e-06
2024-10-22,67360.703125,67801.578125,66581.3671875,67361.40625,31808472566,BTC-USD,-9.567341618454961e-05,0.019343744894373217,68102.496875,64503.138671875,62117.001484375,69.44586794770339,27916718957.2,1.1394058382994996,-0.010673651687608587,0,-0.00010611051613198757
2024-10-23,67362.375,67402.7421875,65188.03515625,66432.1953125,32263980353,BTC-USD,-0.01379441121005398,0.02008848860253369,67705.178125,64786.7783203125,62297.024921875,72.80652168351341,26998082025.0,1.1950471267967784,0.00876833886430961,1,1.438138028776678e-05
2024-10-24,66653.703125,68798.9609375,66454.1015625,68161.0546875,31414428647,BTC-USD,0.02602442034118191,0.014713839316193262,67664.8421875,65091.4572265625,62500.815234375,77.67844951395138,30392268172.8,1.0336322537162528,-0.003400150035273719,0,0.0033343443108874754
2024-10-25,68165.296875,68722.15625,65521.79296875,66642.4140625,41469984306,BTC-USD,-0.022280180844656217,0.016060762243601506,67192.984375,65319.08046875,62710.45375,65.43724949838618,34891095530.4,1.1885549500693644,0.04899798117963772,1,6.223770332559088e-05
2024-10-26,66628.734375,67317.921875,66360.59375,67014.6953125,19588098156,BTC-USD,0.00558625096700216,0.01590371928400677,67122.353125,65528.867578125,62971.772578125,64.45506929464258,31308992805.6,0.625638080331234,0.08514247283215992,1,-0.0002052699874763034
2024-10-27,67023.4765625,68221.3125,66847.2265625,67929.296875,16721307878,BTC-USD,0.01364777618155344,0.016500827041844468,67235.93125,65813.4994140625,63247.564765625,68.40881437961514,28291559868.0,0.5910352047047476,0.06492400761361483,1,0.0001310346926006551
2024-10-28,67922.671875,70212.265625,67535.1328125,69907.7578125,38799856657,BTC-USD,0.029125296867722028,0.01833404657497455,67931.04375,66202.2888671875,63548.88859375,65.35342233940051,29598735128.8,1.3108619840733389,0.004397647659141857,1,-9.75278753759366e-05
2024-10-29,69910.046875,73577.2109375,69729.9140625,72720.4921875,58541874402,BTC-USD,0.04023493905417541,0.021821260835165807,68842.93125,66809.2083984375,63862.907734375,69.72890969536604,35024224279.8,1.6714681225863337,-0.04452697362321467,0,3.2744041171217474e-05
2024-10-30,72715.3671875,72905.296875,71411.734375,72339.5390625,40646637831,BTC-USD,-0.005238593875544262,0.02208908159625503,69982.35625,67412.4603515625,64156.724296875,66.64033694706902,34859554984.8,1.1660113804873118,-0.04216595328820971,0,-7.047532058482054e-05
2024-10-31,72335.046875,72662.3125,69590.5,70215.1875,40627912076,BTC-USD,-0.029366396164960396,0.022964166656384833,70622.4546875,67800.965234375,64414.164609375,58.735532490173995,39067517768.8,1.0399409636525758,-0.02099361071278205,0,-6.209864699467928e-05
2024-11-01,70216.8984375,71559.015625,68779.703125,69482.46875,49989795365,BTC-USD,-0.010435331387529279,0.023416608296070673,70933.0890625,68115.4375,64641.27375,53.36009212236321,45721215266.2,1.0933610376265657,-0.024048669650932664,0,2.436705734069285e-05
2024-11-02,69486.0234375,69867.3515625,69033.71875,69289.2734375,18184612091,BTC-USD,-0.0027804900426771084,0.022770719548871794,70809.3921875,68437.332421875,64815.633203125,52.90173252004472,41598166353.0,0.43714936703426477,0.001014429204015288,1,5.115948762255227e-05
2024-11-03,69296.3828125,69361.65625,67482.5234375,68741.1171875,34868307655,BTC-USD,-0.00791112711687536,0.02170215248613087,70013.5171875,68572.08203125,64990.353125,49.17922901909563,36863453003.6,0.9458774155420232,0.1003469425538277,1,0.00010260426538333912
2024-11-04,68742.1328125,69433.1796875,66803.6484375,67811.5078125,41184819348,BTC-USD,-0.013523338185854272,0.020814320810704275,69107.9109375,68610.601953125,65162.9265625,51.46226055573524,36971089307.0,1.1139736513038632,0.11935070939402004,1,1.4774636222884707e-05
2024-11-05,67811.171875,70522.7890625,67458.8671875,69359.5625,46046889204,BTC-USD,0.02282879023690776,0.021839438990891767,68936.7859375,68697.944140625,65386.26765625,55.97826950784297,38054884732.6,1.2100125786100093,0.10360379742158843,1,-4.953989534178668e-06
2024-11-06,69358.5,76460.15625,69322.03125,75639.078125,118592653963,BTC-USD,0.09053568676993895,0.035196887725849876,70168.1078125,69109.90625,65692.8784375,70.8658040696853,51775456452.2,2.2905187532723503,0.015068785748768576,1,-1.531872407643863e-05
2024-11-07,75637.0859375,76943.1171875,74480.421875,75904.859375,63467654989,BTC-USD,0.003513808689745934,0.03468762423563178,71491.225,69484.209765625,65977.98203125,68.79650499738497,60832065031.8,1.0433256697076163,0.060198097494993164,1,-2.6338072189453987e-05
2024-11-08,75902.8359375,77252.75,75648.7421875,76545.4765625,55176858003,BTC-USD,0.008439738809541852,0.032895557080007506,73052.096875,69893.346875,66250.082421875,75.10787183099262,64893775101.4,0.8502642652054562,0.15880765733523816,1,-2.6657548892929493e-05
2024-11-09,76556.1875,76932.765625,75773.7890625,76778.8671875,29009480361,BTC-USD,0.0030490452928257916,0.032695767362396225,74845.56875,70282.205078125,66521.800234375,74.93131895533,62458707304.0,0.46445854570451806,0.14557319900546362,1,0.00013992907198447492
2024-11-10,76775.546875,81474.421875,76565.4296875,80474.1875,82570594495,BTC-USD,0.048129393514959595,0.03245036479081234,77068.49375,70937.521875,66863.3871875,78.04849418993406,69763448362.2,1.183579602692623,0.12563005451282128,1,-4.324513530385304e-05
2024-11-11,80471.4140625,89604.5,80283.25,88701.484375,117966845037,BTC-USD,0.10223522760015435,0.04130447663310199,79680.975,72004.52578125,67364.44265625,82.84273503760072,69638286577.0,1.693994077619392,-0.01635885462035147,0,-3.44636906088676e-05
2024-11-12,88705.5625,89956.8828125,85155.109375,87955.8125,133673285375,BTC-USD,-0.008406532091926988,0.0417674725949656,82091.165625,73080.706640625,67856.962890625,78.69755332483939,83679412654.2,1.5974453110396054,0.03536088433609774,1,4.5975837143367986e-05
2024-11-13,87929.96875,93434.3515625,86256.9296875,90584.1640625,123559027869,BTC-USD,0.029882636380625716,0.04014825562847902,84898.903125,74201.862109375,68382.606796875,81.68346276367701,97355846627.4,1.269148511869911,-0.0002835760562108769,0,-0.0002938265165818348
2024-11-14,90574.8828125,91765.21875,86682.8125,87250.4296875,87616705248,BTC-USD,-0.03680261786927608,0.04340898898375991,86993.215625,75232.262890625,68864.7525,78.39073210351283,109077291604.8,0.8032533991167083,0.029746809090750448,1,-0.00010245996191559766
2024-11-15,87284.1796875,91868.7421875,87124.8984375,91066.0078125,78243109518,BTC-USD,0.04373133907381366,0.04372321999861865,89111.5796875,76434.828515625,69382.452265625,82.61903137040895,108211794609.4,0.7230552806228323,-0.0057471190411420014,0,0.0003868175792472369
2024-11-16,91064.3671875,91763.9453125,90094.2265625,90558.4765625,44333192814,BTC-USD,-0.005573223886622736,0.03884590475906275,89482.978125,77566.2875,69877.808515625,81.84145017265408,93485064164.8,0.4742275486472074,0.019714471441752313,1,-1.801577821856382e-05
2024-11-17,90558.4609375,91433.0390625,88741.6640625,89845.8515625,46350159305,BTC-USD,-0.007869224693816235,0.03950543426721648,89860.9859375,78563.1921875,70356.972578125,81.44040349398078,76020438950.8,0.6097065466169902,0.05001500399686298,1,-1.7254044671584357e-07
2024-11-18,89843.71875,92596.7890625,89393.59375,90542.640625,75535775084,BTC-USD,0.007755383808848215,0.039523811297586864,89852.68125,79454.299609375,70855.119296875,84.09984546230399,66415788393.8,1.1373165464230393,0.08793741691803025,1,-2.373857515854629e-05
2024-11-19,90536.8125,94002.8671875,90426.984375,92343.7890625,74521048295,BTC-USD,0.019892819836786257,0.03919169080787733,90871.353125,80454.512109375,71435.405078125,84.21967357803078,63796657003.2,1.1681027156526724,0.07205546867365964,1,-6.436884278798888e-05
2024-11-20,92341.890625,94902.0234375,91619.5,94339.4921875,71730956426,BTC-USD,0.02161166598491282,0.037899951653764405,91526.05,81660.72734375,72105.454765625,81.91247142593167,62494226384.8,1.147801334227678,0.036440614453037146,1,-2.0558366938085052e-05
2024-11-21,94334.640625,99014.21875,94132.6015625,98504.7265625,106024505582,BTC-USD,0.044151545428309014,0.02586566881808914,93115.3,83111.840234375,72862.89359375,84.03697777911651,74832488938.4,1.4168245248300695,-0.004983580657812681,0,-5.1426633613391794e-05
2024-11-22,98496.4296875,99655.5,97222.6640625,98997.6640625,78473580551,BTC-USD,0.005004201495724558,0.025093178518655123,94945.6625,84597.259765625,73627.658828125,83.96565189355188,81257173187.6,0.9657434226739161,-0.05955056862531716,0,-8.422819177855123e-05
2024-11-23,99006.7421875,99014.6796875,97232.890625,97777.28125,44414644677,BTC-USD,-0.012327389984975179,0.025333197444118973,96392.590625,86049.06796875,74341.854921875,80.84527013798564,75032947106.2,0.5919352283222526,-0.05923626494268064,0,9.170039602418018e-05
2024-11-24,97778.09375,98647.1796875,95788.078125,98013.8203125,51712020623,BTC-USD,0.002419161787646784,0.020136512446919747,97526.596875,87559.18359375,75060.33234375,78.67872164252069,70471141571.8,0.7338042136058326,-0.020928569623751225,0,8.309701288610948e-06
2024-11-25,98033.4453125,98935.03125,92642.9140625,93102.296875,80909462490,BTC-USD,-0.05011051933125821,0.024937543336820862,97279.1578125,88746.3203125,75665.99921875,58.07081289257714,72306842784.6,1.1189737979713337,0.02739107369632232,1,0.000200226865328064
2024-11-26,93087.28125,94991.75,90770.8125,91985.3203125,91656519855,BTC-USD,-0.011997304040733403,0.025249288323707538,95975.2765625,89563.632421875,76260.972421875,57.29057325571829,69433245639.2,1.3200667635685661,0.059533446275947144,1,-0.0001612809297300164
2024-11-27,91978.140625,97361.1796875,91778.6640625,95962.53125,71133452438,BTC-USD,0.04323745271515378,0.028076675957511038,95368.25,90566.516015625,76937.583671875,59.27819337288652,67965220016.6,1.046615495699509,0.0050699312654907125,1,-7.805253572644616e-05
2024-11-28,95954.9453125,96650.203125,94677.3515625,95652.46875,52260008261,BTC-USD,-0.0032310787967048116,0.028256629801601766,94943.2875,91521.865625,77638.991015625,66.18251286296865,69534292733.4,0.7515717239171329,0.01701284173598494,1,-7.905103586979424e-05
2024-11-29,95653.953125,98693.171875,95407.8828125,97461.5234375,54968682476,BTC-USD,0.018912786163713058,0.028204221918606175,94832.828125,92555.9984375,78382.731484375,63.34973431839263,70185625104.0,0.7831900391931857,-0.016377937607589543,0,1.5518418075330648e-05
2024-11-30,97468.8125,97499.34375,96144.21875,96449.0546875,31634227866,BTC-USD,-0.010388394458550332,0.02802151849028209,95502.1796875,93354.741796875,79062.81078125,62.04190873118796,60330578179.2,0.5243481634145261,-0.004633437066313917,0,7.47891295242714e-05
2024-12-01,96461.3359375,97888.125,95770.1875,97279.7890625,36590695296,BTC-USD,0.008613193542348574,0.024147319509369946,96561.0734375,93783.65703125,79744.54609375,65.12391340144052,49317413267.4,0.7419427109366933,0.015303715209985969,1,0.00012733406293915367
2024-12-02,97276.0078125,98152.6015625,94482.8671875,95865.3046875,72680784305,BTC-USD,-0.01454037255458307,0.02439819204233271,96541.628125,94179.131640625,80404.8246875,60.52140244390215,49626879640.8,1.4645447151032758,0.007596759092082239,1,-3.886984168490163e-05
2024-12-03,95854.59375,96297.203125,93629.5625,96002.1640625,67067810961,BTC-USD,0.0014276215513644441,0.024197137706276177,96611.5671875,94450.031640625,81003.94546875,57.74089799124663,52588440180.8,1.2753337184069287,0.04081727649856859,1,-0.0001117290299646501
2024-12-04,95988.53125,99207.328125,94660.5234375,98768.53125,77199817112,BTC-USD,0.02881567529768403,0.026049071003485892,96872.96875,95025.93671875,81638.49390625,59.0755887909834,57034667108.0,1.3535595283797408,0.0116920305778061,1,-0.00014200526241392507
2024-12-05,98741.5390625,103900.46875,91998.78125,96593.5703125,149218945580,BTC-USD,-0.022020788503929523,0.02092739597526154,96901.871875,95302.31484375,82218.1109375,45.73603685762015,80551610650.8,1.85246383498004,0.048061639066458994,1,-0.0002732873229802129
2024-12-06,97074.2265625,102039.8828125,96514.875,99920.7109375,94534772658,BTC-USD,0.03444474217316973,0.02213033115632499,97430.05625,95770.4265625,82868.5284375,51.82819458241653,92140426123.2,1.0259858417802252,-0.024899664585615544,0,0.004976068784340184
2024-12-07,99916.7109375,100563.3828125,99030.8828125,99923.3359375,44177510897,BTC-USD,2.627082989481444e-05,0.018524750690211388,98241.6625,96274.30078125,83498.619375,54.465921650018196,86439771441.6,0.5110785250843356,-0.03250398137259447,0,-4.003174079197639e-05
2024-12-08,99921.9140625,101399.9921875,98771.515625,101236.015625,44125751925,BTC-USD,0.013136868131795154,0.018517732995676016,99288.4328125,96808.96953125,84156.085,56.41791072646203,81851359634.4,0.5390961386847274,-0.0006221538314319375,0,-1.4229659034695896e-05
2024-12-09,101237.0625,101272.5078125,94355.9140625,97432.71875,110676473908,BTC-USD,-0.03756861480096407,0.022313087726301077,99021.2703125,97063.416015625,84724.7053125,59.02362153450437,88546690993.6,1.2499221898196002,0.026790602617768,1,1.0340934434617128e-05
2024-12-10,97441.234375,98270.15625,94321.2578125,96675.4296875,104823780634,BTC-USD,-0.007772430783165474,0.02219022390067525,99037.6421875,97180.212890625,85310.856875,59.92185924748208,79667658004.4,1.3157633004375584,0.04948339138976232,1,8.740005523042022e-05
2024-12-11,96656.0625,101913.359375,95747.2265625,101173.03125,85391409936,BTC-USD,0.04652269534294651,0.0265487507502343,99288.10625,97313.628125,85987.089375,60.78527258143807,77838985460.0,1.0970262450283483,0.001976193631146206,1,-0.00020033205502787798
2024-12-12,101167.8046875,102524.9140625,99339.953125,100043.0,72073983533,BTC-USD,-0.011169293200355757,0.026303959745869764,99312.0390625,97365.894921875,86659.30546875,58.78964338935886,83418279987.2,0.864007068283586,0.04253866150055474,1,-5.16596412643315e-05
2024-12-13,100046.6484375,101888.8046875,99233.28125,101459.2578125,56894751583,BTC-USD,0.014156490833941326,0.02644185473943357,99356.6875,97549.99375,87325.26953125,58.131162607997595,85972079918.8,0.661781727704351,0.045047253804540555,1,3.646869346181142e-05
2024-12-14,101451.4375,102618.8828125,100634.0546875,101372.96875,40422968793,BTC-USD,-0.0008504799301751742,0.025215595177970115,100144.7375,97717.951171875,88019.880625,60.40705444796596,71921378895.8,0.5620438514056435,0.04703061251227281,1,-7.707835311048886e-05
2024-12-15,101373.53125,105047.5390625,101227.03125,104298.6953125,51145914137,BTC-USD,0.02886101293644905,0.024759803793456436,101669.390625,98277.77109375,88765.560625,63.62809241898109,61185805596.4,0.835911428123932,-0.04081696551663183,0,5.548816483684168e-06
2024-12-16,104293.578125,107780.578125,103322.984375,106029.71875,91020417816,BTC-USD,0.016596788984881483,0.023236458457251093,102640.728125,98979.991015625,89527.5690625,69.49584967047011,62311607172.4,1.4607297411567348,-0.08053181434096746,0,-4.906281410968633e-05
2024-12-17,106030.6875,108268.4453125,105291.734375,106140.6015625,68589364868,BTC-USD,0.001045771070669721,0.023208610939494403,103860.2484375,99488.89453125,90252.2259375,69.46542237080601,61614683439.4,1.1131983650530286,-0.07899589555334074,0,9.136589358349118e-06
2024-12-18,106147.296875,106470.609375,100041.5390625,100041.5390625,93865656139,BTC-USD,-0.057462106019896764,0.030491559605290985,103576.7046875,99708.348046875,90798.646875,52.16683160535567,69008864350.6,1.3601970851471326,-0.028156429083325274,0,6.307965473568116e-05
2024-12-19,100070.6875,102748.1484375,95587.6796875,97490.953125,97221662392,BTC-USD,-0.025495268879325628,0.029078622705067947,102800.3015625,99709.81953125,91301.67515625,51.508181456031586,80368603070.4,1.2096970542941667,-0.02447422605398797,0,0.0002913633453978531
2024-12-20,97484.6953125,98098.9140625,92175.1796875,97755.9296875,105634083408,BTC-USD,0.002717960528709318,0.028938185700335826,101491.7484375,99775.16328125,91852.49,45.94432959632985,91266236924.6,1.1574278393363588,-0.031401547812117236,0,-6.418864827361384e-05
2024-12-21,97756.1953125,99507.1015625,96426.5234375,97224.7265625,51765334294,BTC-USD,-0.005433973434635808,0.024237391867705377,99730.75,99772.41015625,92407.33515625,45.04240241302223,83415220220.2,0.6205742088476127,0.014927963685935408,1,2.7172264725948927e-06
2024-12-22,97218.3203125,97360.265625,94202.1875,95104.9375,43147981314,BTC-USD,-0.021802983021374844,0.02482742705937428,97523.6171875,99734.391796875,92923.6484375,39.06102857091881,78326943509.4,0.550870229077965,0.044101367634041155,1,-6.589115985717689e-05
2024-12-23,95099.390625,96416.2109375,92403.1328125,94686.2421875,65239002919,BTC-USD,-0.004402456102765462,0.023933270825136722,96452.5578125,99668.595703125,93442.5509375,44.42666015609518,72601612865.4,0.8985888927832784,0.011715254633333005,1,-5.8323733192085845e-05
2024-12-24,94684.34375,99404.0625,93448.015625,98676.09375,47114953674,BTC-USD,0.04213760595334648,0.028508582616308124,96689.5859375,99663.973828125,94059.84265625,53.58902437007601,62580271121.8,0.752872316297578,-0.0457176019394262,0,-2.0049771288215957e-05
2024-12-25,98675.9140625,99478.75,97593.46875,99299.1953125,33700394629,BTC-USD,0.0063146152104343045,0.02659563620613389,96998.2390625,99799.255078125,94658.6353125,46.09576462629371,48193533366.0,0.6992721279236034,-0.04164450287825694,0,-1.8209831091940646e-06
2024-12-26,99297.6953125,99884.5703125,95137.8828125,95795.515625,47054980873,BTC-USD,-0.03528406928650052,0.027062145486260545,96712.396875,99592.9953125,95061.7640625,41.94671373519332,47251462681.8,0.9958417835629101,-0.023647130533413163,0,-1.5105862593140034e-05
2024-12-27,95704.9765625,97294.84375,93310.7421875,94164.859375,52419934565,BTC-USD,-0.017022260795415023,0.026862475465709672,96524.38125,99305.071484375,95426.9640625,36.28125856794126,49105853332.0,1.0674885173177586,-0.01615940859041931,0,-0.0009451284009412628
2024-12-28,94160.1875,95525.8984375,94014.2890625,95163.9296875,24107436185,BTC-USD,0.010609799867287384,0.022154160343160104,96619.91875,99001.4671875,95799.333125,38.71014207409945,40879539985.2,0.589718871438569,-0.018228824389624365,0,-4.961378406986019e-05
2024-12-29,95174.0546875,95174.875,92881.7890625,93530.2265625,29635885267,BTC-USD,-0.017167251608511402,0.021433141435427346,95590.7453125,98806.342578125,96134.3603125,29.45441276602341,37383726303.8,0.7927482944360085,0.009510628624486372,1,0.00010639535413521224
2024-12-30,93527.1953125,94903.3203125,91317.1328125,92643.2109375,56188003691,BTC-USD,-0.00948373223930199,0.02135960839199545,94259.5484375,98604.731640625,96377.74078125,23.60940878291484,41881248116.2,1.3416028943336584,0.04580653044682248,1,-3.240930885561812e-05
2024-12-31,92643.25,96090.6015625,91914.03125,93429.203125,43625106843,BTC-USD,0.008484077565384274,0.02178844917785405,93786.2859375,98217.540234375,96472.29515625,25.590099571379483,41195273310.2,1.0589833089467178,0.05007242281881541,1,4.216444961774132e-07
2025-01-01,93425.1015625,94929.8671875,92788.125,94419.7578125,24519888919,BTC-USD,0.010602195613021781,0.02120914494216863,93837.265625,97936.378125,96601.5740625,36.569318107160555,35615264181.0,0.6884657318386774,0.040420234476546746,1,-4.390021923351388e-05
2025-01-02,94416.2890625,97739.8203125,94201.5703125,96886.875,46009564411,BTC-USD,0.026129247147606893,0.022731307230565684,94181.8546875,97707.758984375,96727.62828125,48.55105216527023,39995689826.2,1.1503630668937854,0.014739725453009056,1,-3.6737543924739665e-05
2025-01-03,96881.7265625,98956.9140625,96034.6171875,98107.4296875,35611391163,BTC-USD,0.012597729955682757,0.018546837911208317,95097.2953125,97544.48203125,96944.76828125,50.80615625871252,41190791005.4,0.8645473974590933,0.040472533656703336,1,-5.3138647520626506e-05
2025-01-04,98106.9921875,98734.4296875,97562.9765625,98236.2265625,22342608078,BTC-USD,0.0013128146911018934,0.018411931266839612,96215.8984375,97241.35859375,97088.17265625,52.363474792790704,34421711882.8,0.6490847449444912,-0.013371069751588083,0,-4.45939722805461e-06
2025-01-05,98233.90625,98813.3046875,97291.765625,98314.9609375,20525254825,BTC-USD,0.0008014800420892421,0.013916438184883731,97193.05,96855.620703125,97243.30234375,58.29141043756001,29801741479.2,0.6887266920064223,-0.03327507297775045,0,-2.3619723407471962e-05
2025-01-06,98314.953125,102482.875,97926.1484375,102078.0859375,51823432705,BTC-USD,0.03827621924594227,0.016039589532336737,98724.715625,96652.494921875,97487.94703125,66.280193402963,35262450236.4,1.4696492262328602,-0.0939873312365419,0,-7.946399943103777e-08
2025-01-07,102248.8515625,102712.484375,96132.875,96922.703125,58685738547,BTC-USD,-0.05050430525956884,0.02445925868101583,98731.88125,96496.553125,97615.54828125,46.326821466705155,37797685063.6,1.5526278513684866,-0.0229177471158154,0,0.001672892114224749
2025-01-08,96924.1640625,97258.3203125,92525.84375,95043.5234375,63875859171,BTC-USD,-0.019388436629511285,0.02466295492214468,98119.1,96374.181640625,97669.54296875,41.53051667135185,43450578665.2,1.470080747673881,-0.005018013540013855,0,1.5073222814636599e-05
2025-01-09,95043.484375,95349.71875,91220.84375,92484.0390625,62777261693,BTC-USD,-0.026929603222076492,0.026129741069907692,96968.6625,96110.587109375,97632.43390625,43.15226792988211,51537509388.2,1.2180887753061163,0.021672911972901998,1,-4.1099591626237684e-07
2025-01-10,92494.4921875,95770.609375,92250.09375,94701.453125,62058693684,BTC-USD,0.023976181025154863,0.027120036166808272,96245.9609375,95984.4234375,97556.3684375,51.083321977095736,59844197160.0,1.037004365153054,-0.0019527650463389001,0,0.00011302625951420503
2025-01-11,94700.8359375,94977.6875,93840.046875,94566.59375,18860894100,BTC-USD,-0.001424047578467369,0.026946883100811957,94743.6625,95957.50625,97467.74703125,48.75044329935658,53251689439.0,0.35418395732975233,0.020804948629124187,1,-6.517191443571104e-06
2025-01-12,94565.7265625,95367.5390625,93712.5078125,94488.4375,20885130965,BTC-USD,-0.0008264678561502592,0.0254004098646423,94256.809375,95947.616015625,97401.97015625,52.143997119218554,45691567922.6,0.4570893912062444,0.06366974464468211,1,-9.170125153207181e-06
2025-01-13,94488.890625,95837.0,89260.1015625,94516.5234375,72978998252,BTC-USD,0.00029724205673309356,0.024896438467507644,94151.409375,95739.6375,97332.02421875,54.359087722768244,47512195738.8,1.5360055900847995,0.055444091910185955,1,4.795560303343994e-06
2025-01-14,94519.0078125,97352.6640625,94322.15625,96534.046875,53769675818,BTC-USD,0.021345722040169157,0.0260984048466252,94961.4109375,95601.380078125,97400.65921875,56.83315291324568,45710678563.8,1.1763044764901438,0.08212638384222926,1,2.628508656100558e-05
2025-01-15,96534.046875,100697.234375,96501.640625,100504.4921875,57805923627,BTC-USD,0.041129999632577796,0.029391020661645253,96122.01875,95836.82890625,97571.04265625,61.83853004176377,44860124552.4,1.2885814340412347,0.03883983730515772,1,0.0
2025-01-16,100505.296875,100781.5859375,97364.4453125,99756.90625,54103781805,BTC-USD,-0.0074383335632930425,0.026652179586341,97160.08125,96116.43125,97646.93015625,55.98438629105668,51908702093.4,1.0422873164435968,0.013359507377465496,1,8.006482919179219e-06
2025-01-17,100025.765625,105884.2265625,99948.90625,104462.0390625,71888972663,BTC-USD,0.04716598568833419,0.024718589260297432,99154.8015625,96581.33671875,97823.1215625,61.569019565452386,62109470433.0,1.1574558945974196,-0.02340922139703705,0,0.002695145480215812
2025-01-18,104124.953125,104913.203125,102226.6171875,104408.0703125,50445655726,BTC-USD,-0.000516635042589142,0.023079006976093303,101133.1109375,97125.22890625,97962.0525,61.26697970963562,57602801927.8,0.8757500336394947,0.016648093459609603,1,-0.0032268749540521635
2025-01-19,104411.2890625,106299.796875,99570.53125,101089.609375,76789928525,BTC-USD,-0.03178356737719257,0.023968391147622514,102044.2234375,97547.548828125,98054.86359375,54.529475547298084,62206852469.2,1.2344287723449825,0.025358302928945253,1,3.082855559312682e-05
2025-01-20,101083.75,109114.8828125,99471.359375,102016.6640625,126279678351,BTC-USD,0.009170622908047932,0.023404367972669066,102346.6578125,97976.921875,98149.60109375,49.889500122277916,75901603414.0,1.6637287312919637,0.019050885758324032,1,-5.7962188559500504e-05
2025-01-21,102052.578125,107180.921875,100103.953125,106146.265625,88733878242,BTC-USD,0.040479676535688514,0.02526424053200358,103624.5296875,98563.247265625,98355.2203125,67.22938441466711,82827622701.4,1.0713077998374108,-0.012499556552345692,0,0.00035204113788701646
2025-01-22,106136.3828125,106294.34375,103360.265625,103653.0703125,53878181052,BTC-USD,-0.023488299826845638,0.02745432459755071,103462.7359375,98901.55703125,98508.2384375,65.72177185111465,79225464379.2,0.6800614104843957,0.010241646695071216,1,-9.310560707726264e-05
2025-01-23,103657.671875,106820.328125,101257.8046875,103960.171875,104104515428,BTC-USD,0.002962783076025932,0.027366376528812,103373.15625,99194.194140625,98612.07125,72.83481617517897,89957236319.6,1.157266715688525,-0.012290013107483566,0,4.439388516063162e-05
2025-01-24,103965.671875,107098.546875,102772.125,104819.484375,52388229265,BTC-USD,0.008265785680243276,0.027069658776013535,104119.13125,99523.35703125,98776.58953125,71.28276203879417,85076896467.6,0.6157750392899101,-0.026061918652707572,0,5.290487598090074e-05
2025-01-25,104824.03125,105243.7890625,104120.375,104714.6484375,23888996502,BTC-USD,-0.0010001569662844156,0.024610131066584866,104658.728125,99843.34140625,98872.46828125,71.37290997469708,64598760097.8,0.3698058053410467,-0.0322989374024274,0,4.337814698394427e-05
2025-01-26,104713.2109375,105438.6484375,102507.7109375,102682.5,22543395879,BTC-USD,-0.019406534499448846,0.025522913768310573,103965.975,99873.562109375,98927.6515625,65.94519731581173,51360663625.2,0.43892337613681326,0.009940456626007288,1,-1.3727783280082218e-05
2025-01-27,102680.3046875,103214.109375,97795.9375,102087.6875,89006608428,BTC-USD,-0.005792734886665207,0.020354029245598707,103652.8984375,100131.811328125,98944.685,64.41512558193222,58386349100.4,1.5244420964726877,0.025934735640867457,1,-2.1379616779879726e-05
2025-01-28,102095.4140625,103730.8203125,100238.1875,101332.4765625,47180685494,BTC-USD,-0.007397669160641884,0.020410378242465953,103127.359375,100446.258984375,99022.68015625,59.59729425239581,47001583113.6,1.003810560592547,0.010584433652309544,1,7.568554728992172e-05
2025-01-29,101317.5234375,104750.8046875,101283.8203125,103703.2109375,47432049818,BTC-USD,0.023395602825692086,0.019121921369651837,102904.1046875,101007.217578125,99163.23578125,56.83511558242618,46010347224.2,1.0308996275744737,-0.02938486339961599,0,-0.00014756498121090713
2025-01-30,103709.3359375,106418.765625,103321.6484375,104735.3046875,41915744521,BTC-USD,0.009952379879751394,0.019152801559687765,102908.2359375,101508.91015625,99234.48125,60.51019475779224,49615696828.0,0.8448081393738558,-0.06727748724295224,0,5.90627806470855e-05
2025-01-31,104737.5625,106026.3515625,101543.8828125,102405.0234375,45732764360,BTC-USD,-0.022249243050878498,0.01533085907364916,102852.740625,101900.831640625,99281.72171875,45.17332177708167,54253570524.2,0.8429447853501317,-0.009761255150828374,0,2.1557320205795578e-05
2025-02-01,102402.796875,102755.7265625,100297.7109375,100655.90625,27757944848,BTC-USD,-0.017080384621634526,0.014513578724428359,102566.384375,102209.205078125,99265.6546875,41.84452609553993,42003837808.2,0.6608430633112551,-0.027659439383369566,0,-2.174270778189821e-05
2025-02-02,100661.5390625,101430.6640625,96216.078125,97688.9765625,63091816853,BTC-USD,-0.02947596219670423,0.016555274255566126,101837.684375,102367.827734375,99191.97484375,42.493889486882445,45186064080.0,1.396267148678819,-0.010989277273400155,0,5.596107282576873e-05
2025-02-03,97681.1015625,102514.171875,91242.890625,101405.421875,115400897748,BTC-USD,0.03804365081173988,0.021393277278545918,101378.1265625,102611.396484375,99134.109375,48.798745176264596,58779833666.0,1.9632736357120946,-0.04745431665312516,0,-8.061298497647468e-05
2025-02-04,101398.71875,101745.6171875,96208.109375,97871.8203125,73002130211,BTC-USD,-0.034846278405663456,0.02358869046360985,100005.4296875,102479.762890625,98970.95140625,33.34841593389231,64997110804.0,1.1231596190658273,-0.013719315434337576,0,-6.610223473319582e-05
2025-02-05,97878.0078125,99113.2109375,96174.828125,96615.4453125,49125911241,BTC-USD,-0.012836943218062724,0.023278295711509335,98847.5140625,102322.68984375,98780.44828125,35.095461476555556,65675740180.2,0.7480069673552083,-0.0013765106300533958,0,6.322044466163612e-05
2025-02-06,96610.640625,99168.609375,95707.3515625,96593.296875,45302471947,BTC-USD,-0.00022924323774897726,0.023345638391877033,98034.9921875,101929.252734375,98711.4834375,34.2075540332235,69184645600.0,0.654805290308519,-0.0009649026176279385,0,-4.9730014538145224e-05
2025-02-07,96581.3203125,100154.140625,95653.8828125,96529.0859375,55741290456,BTC-USD,-0.0006647556256734743,0.023374606388184418,97803.0140625,101535.303515625,98692.24609375,31.600562470849127,67714540320.6,0.8231805191630679,0.009411347276075954,1,-0.00012398958196342235
2025-02-08,96533.2578125,96877.8046875,95702.4921875,96482.453125,22447526395,BTC-USD,-0.00048309597099249757,0.02132699918186847,96818.4203125,101304.945703125,98666.7765625,31.682413416056647,49123866050.0,0.4569576501196408,-0.007618208427471518,0,4.32188387518885e-05
2025-02-09,96481.3125,97325.28125,94745.2578125,96500.09375,27732901800,BTC-USD,0.00018283765004545316,0.020678727329221363,96544.075,101029.1171875,98652.28390625,34.88869912060734,40070020367.8,0.6921109983334566,0.014360251593019902,1,-1.182209783287991e-05
2025-02-10,96499.4609375,98333.21875,95320.84375,97437.5546875,40078962391,BTC-USD,0.009714611676219231,0.02069562620198048,96708.496875,100593.681640625,98698.93625,38.821195699738986,38260630597.8,1.0475248777866342,-0.008350861252723774,0,-6.557636116286156e-06
2025-02-11,97438.1328125,98492.8984375,94875.0390625,95747.4296875,37488783272,BTC-USD,-0.017345724709743937,0.020713329132472376,96539.3234375,100198.399609375,98720.16,37.15123982449569,36697892862.8,1.0215513847663364,0.018397768673783732,1,5.933287240778489e-06
2025-02-12,95745.6953125,98151.0234375,94101.203125,97885.859375,49340445530,BTC-USD,0.02233406885677658,0.020329760132029896,96810.678125,99894.683984375,98704.3553125,36.472214319427685,35417723877.6,1.3931004064664203,-0.0031210617595908152,0,-1.811406327731872e-05
2025-02-13,97888.75,98111.0859375,95269.7109375,96623.8671875,37147280860,BTC-USD,-0.012892487184132717,0.015700516100256464,96838.9609375,99484.903125,98650.84875,31.33704915628242,38357674770.6,0.9684445442055907,-0.004645187059518441,0,2.9530567729155212e-05
2025-02-14,96623.3671875,98819.46875,96342.8046875,97508.96875,32697987277,BTC-USD,0.009160278803397981,0.012059100522718911,97040.7359375,99124.619140625,98685.1178125,37.93255501832179,39350691866.0,0.8309380528389615,-0.01779924410799394,0,-5.1747049104311135e-06
2025-02-15,97508.3828125,97975.0390625,97240.1953125,97580.3515625,17047266288,BTC-USD,0.0007320640697474623,0.011227147758880195,97069.2953125,98869.51171875,98753.42765625,41.736145951630746,34744352645.4,0.49064855120439216,-0.02091409443419423,0,-6.009062627892883e-06
2025-02-16,97580.4921875,97725.59375,96060.9765625,96175.03125,16536755396,BTC-USD,-0.014401672980240199,0.012254232042061353,97154.815625,98573.87890625,98773.6496875,45.55946175960667,30553947070.2,0.5412313950143841,0.004788957372966696,1,1.4411200384939175e-06
2025-02-17,96179.0078125,97032.234375,95243.546875,95773.3828125,27336550690,BTC-USD,-0.004176223623530095,0.012313897357478844,96732.3203125,98295.92421875,98818.5128125,29.493117445760234,26153168102.2,1.0452481543794478,0.02673555650125592,1,4.134714019133734e-05
2025-02-18,95773.8125,96695.375,93388.8359375,95539.546875,37325720482,BTC-USD,-0.0024415545387781457,0.0123253232613483,96515.45625,97887.741015625,98876.43953125,38.82186866965968,26188856026.6,1.4252520401841264,0.00613358571573186,1,4.486502276328896e-06
2025-02-19,95532.53125,96855.59375,95011.96875,96635.609375,28990872862,BTC-USD,0.011472343504350446,0.012938665160793972,96340.784375,97482.75625,98940.56765625,50.09815069040131,25447433143.6,1.139245467250247,-0.0005986567774980411,0,-7.343163359544665e-05
2025-02-20,96632.6796875,98767.1953125,96442.671875,98333.9375,31668022771,BTC-USD,0.017574558032842136,0.013790521286913018,96491.5015625,97279.201953125,99018.85125,57.28412950202895,28371584440.2,1.1161880238922872,-0.020949182727479032,0,-3.031685233784971e-05
2025-02-21,98340.671875,99497.96875,94852.9609375,96125.546875,49608706470,BTC-USD,-0.02245807176184722,0.014616293057123713,96481.6046875,97052.683984375,99003.6246875,48.56823376598898,34985974655.0,1.4179598241637152,-0.04897111281063904,0,6.848474871658628e-05
2025-02-22,96134.203125,96950.15625,95765.34375,96577.7578125,18353824477,BTC-USD,0.0047043783073406065,0.012615039053093495,96642.4796875,96997.123046875,98973.03125,50.328683782975475,33189429412.4,0.5530021094650929,-0.08119453293504675,0,9.005150328306e-05
2025-02-23,96577.8046875,96671.875,95270.453125,96273.921875,16999478976,BTC-USD,-0.0031460239332733453,0.011977953045169515,96789.3546875,96740.548046875,98933.78515625,49.23508535337736,29124181111.2,0.5836895091090708,-0.12388503766352876,0,4.853602015797989e-07
2025-02-24,96277.9609375,96503.453125,91371.7421875,91418.171875,44046480529,BTC-USD,-0.05043681513571874,0.019323283369230913,95745.8671875,96417.865625,98795.849375,33.90747100244829,32135302644.6,1.3706570937305782,-0.07344213053921345,0,4.1953858545871145e-05
2025-02-25,91437.1171875,92511.078125,86008.234375,88736.171875,92139104128,BTC-USD,-0.029337712021491935,0.020423065453456336,93826.3140625,96023.901953125,98529.01109375,32.19976920657122,44229518916.0,2.083203850871386,-0.04917007315400379,0,0.00020723792777113003
2025-02-26,88638.890625,89286.25,82131.8984375,84347.0234375,64597492134,BTC-USD,-0.04946290046952739,0.024084328072644164,91470.609375,95411.58828125,98277.4975,19.15281130638695,47227276048.8,1.3678005072164512,0.019975697497475853,1,-0.0010962975745340603
2025-02-27,84076.859375,87000.78125,83144.9609375,84704.2265625,52659591954,BTC-USD,0.004234922709094535,0.024560010152695114,89095.903125,94820.3453125,98070.7115625,21.674152330284116,54088429544.2,0.9735833041883315,0.11267590045176501,1,-0.003203006478351757
2025-02-28,84705.625,85036.3203125,78248.9140625,84373.0078125,83610570576,BTC-USD,-0.003910297790814532,0.024501285933958023,86715.7203125,94214.873046875,97908.4909375,17.93970142446318,67410647864.2,1.2403169710582673,0.02006167738219755,1,1.6509654320119985e-05
2025-03-01,84373.8671875,86522.3046875,83794.234375,86031.9140625,29190628396,BTC-USD,0.019661575342751147,0.025492633291299978,85638.46875,93691.4640625,97735.10015625,23.84137204144892,64439477437.6,0.45299294092300424,0.01383534544094056,1,1.0185425674402497e-05
2025-03-02,86036.2578125,95043.4375,85040.2109375,94248.3515625,58398341092,BTC-USD,0.09550452979612856,0.041910521310180714,86740.9046875,93532.00390625,97728.7353125,46.66491041920852,57691324830.4,1.0122551573166065,-0.038459973064847164,0,5.048998441257945e-05
2025-03-03,94248.421875,94429.75,85081.3046875,86065.671875,70072228536,BTC-USD,-0.08682040111941614,0.049420651883773266,87084.634375,93047.916015625,97560.28,36.76197448718361,58786272110.8,1.1919828562003099,0.04526839333989696,1,7.460342683380818e-07
2025-03-04,86064.0703125,88911.2734375,81529.2421875,87222.1953125,68095241474,BTC-USD,0.013437685575495406,0.04978325845726375,87588.228125,92514.7328125,97414.3934375,38.936365716670544,61873402014.8,1.1005575781611578,-0.005497722635642965,0,-1.860860974078116e-05
2025-03-05,87222.953125,90998.2421875,86379.7734375,90623.5625,50498988027,BTC-USD,0.03899657851208138,0.052067775862477274,88838.3390625,92214.717578125,97296.18375,42.46497358625357,55251085505.0,0.9139908757526591,-0.049313540835475345,0,8.688298858850165e-06
2025-03-06,90622.359375,92804.9375,87852.140625,89961.7265625,47749810486,BTC-USD,-0.007303133084179958,0.049596282124606615,89624.3015625,91837.35546875,97085.3284375,39.227035637619096,58962921923.0,0.8098277515547269,-0.10405188803815091,0,-1.3276072654945561e-05
2025-03-07,89963.28125,91191.046875,84717.6796875,86742.671875,65945677657,BTC-USD,-0.0357824911826653,0.05005242687994999,88123.165625,91295.471484375,96825.04375,38.23262447370494,60472389236.0,1.0905088833126786,-0.09465551034480402,0,1.7281654759259167e-05
2025-03-08,86742.65625,86847.265625,85247.484375,86154.59375,18206118081,BTC-USD,-0.006779571257010009,0.047213580149030605,88140.95,90794.449609375,96458.89484375,36.97236040813848,50099167145.0,0.3634016116137573,-0.03821482603764237,0,-1.8013049012965972e-07
2025-03-09,86154.3046875,86471.1328125,80052.484375,80601.0390625,30899345977,BTC-USD,-0.0644603432710168,0.05180797496089899,86816.71875,90035.832421875,95982.75421875,32.68333551719893,42659988045.6,0.7243167987757323,0.038725559233543594,1,-3.3551606178863796e-06
2025-03-10,80597.1484375,83955.9296875,77420.59375,78532.0,54061099422,BTC-USD,-0.02567012890361897,0.05227056300910173,84398.40625,89185.455078125,95531.60203125,34.828033942494386,43372410324.6,1.246439822398747,0.03227605466561401,1,-4.827015935840622e-05
2025-03-11,78523.875,83577.7578125,76624.25,82862.2109375,54702837196,BTC-USD,0.05513944554449135,0.05531524621957364,82978.503125,88496.78515625,95148.51296875,43.34248372471754,44763015666.6,1.2220543317151131,0.013358207709843528,1,-0.0001034610095247797
2025-03-12,82857.375,84358.578125,80635.25,83722.359375,40353484454,BTC-USD,0.010380466895202334,0.04396448611660575,82374.440625,87766.20625,94700.03484375,49.23044880685253,39644577026.0,1.017881573753078,0.007414387322980387,1,-5.83611931818664e-05
2025-03-13,83724.921875,84301.6953125,79931.8515625,81066.703125,31412940153,BTC-USD,-0.0317197970748182,0.036148323119750136,81356.8625,87013.2640625,94248.3075,45.75895073327962,42285941440.4,0.742869594077148,0.01866345017962634,1,3.060711641584695e-05
2025-03-14,81066.9921875,85263.2890625,80797.5625,83969.1015625,29588112414,BTC-USD,0.03580259620308812,0.03808181286420013,82030.475,86382.83125,93848.48609375,49.555716273021545,42023694727.8,0.7040816521643569,0.001269347123127984,1,3.565736472029496e-06
2025-03-15,83968.40625,84672.671875,83639.59375,84343.109375,13650491277,BTC-USD,0.004454112352525463,0.035300151654212554,83192.696875,85786.290625,93438.95859375,48.088332858438804,33941573098.8,0.40217615245071275,-0.01926190991817467,0,-8.28057567678587e-06
2025-03-16,84333.3203125,85051.6015625,82017.90625,82579.6875,21330270174,BTC-USD,-0.020907717157540473,0.03559147941983306,83136.1921875,85344.36640625,92996.259375,34.531694001181876,27267059694.4,0.7822724713651734,0.051762596734215016,1,-0.00011606238580174469
2025-03-17,82576.3359375,84725.328125,82492.15625,84075.6875,25092785558,BTC-USD,0.018115835083536647,0.03498495873478447,83206.8578125,85111.3421875,92624.123125,46.79358490395029,24214919915.2,1.0362530888342503,0.0010883980282647698,1,-4.058579780893455e-05
2025-03-18,84075.71875,84075.71875,81179.9921875,82718.5,24095774594,BTC-USD,-0.016142449028442418,0.03523469466771872,83537.2171875,85029.916015625,92236.739375,42.78992548448592,22751486803.4,1.0590857117258423,0.01601506540253994,1,3.716889023357674e-07
2025-03-19,82718.8046875,87021.1875,82569.7265625,86854.2265625,34931960257,BTC-USD,0.049997601050550955,0.03163911748963899,84114.2421875,85137.416015625,91947.174375,44.10420733345081,23820256372.0,1.4664812885079388,-0.034790963054924684,0,3.6834263193844183e-06
2025-03-20,86872.953125,87443.265625,83647.1953125,84167.1953125,29028988961,BTC-USD,-0.030937253791171848,0.03229788825401217,84079.059375,85127.125390625,91556.4540625,41.47650355764329,26895955908.8,1.079306831831253,0.02242179605121919,1,0.0002156091101280423
2025-03-21,84164.5390625,84782.2734375,83171.0703125,84043.2421875,19030452299,BTC-USD,-0.0014727011460912154,0.027627741923885715,84371.7703125,85027.691796875,91142.6128125,45.63148383168455,26435992333.8,0.7198690353177485,0.04111778395329413,1,-3.155920771908518e-05
2025-03-22,84046.2578125,84513.875,83674.78125,83832.484375,9863214091,BTC-USD,-0.0025077306278807887,0.027480991580268583,84323.1296875,84506.8984375,90771.16203125,46.195644939489725,23390078040.4,0.4216836760426356,0.043410603623781796,1,3.588182608748194e-05
2025-03-23,83831.8984375,86094.78125,83794.9140625,86054.375,12594615537,BTC-USD,0.026503933905394295,0.026033376673638534,84990.3046875,84506.33359375,90479.13140625,60.029149500674,21089846229.0,0.597188590198516,0.009836894550683706,1,-6.989384894988686e-06
2025-03-24,86070.9296875,88758.7265625,85541.1953125,87498.9140625,34582604933,BTC-USD,0.016786352378946434,0.02427315004329571,85119.2421875,84520.16953125,90275.33015625,66.87862402225846,21019975164.2,1.6452257751426407,-0.0036779027882578585,0,0.00019237473399812618
2025-03-25,87512.8203125,88542.3984375,86346.078125,87471.703125,30005840049,BTC-USD,-0.0003109860024155253,0.024318459640564553,85780.14375,84362.5765625,89996.65578125,60.353788741049904,21215345381.8,1.4143460551314475,-0.03565215465215621,0,0.00015893054387014269
2025-03-26,87460.234375,88292.15625,85861.453125,86900.8828125,26704046038,BTC-USD,-0.00652577110204744,0.023081300589136468,86351.671875,84209.534375,89777.23703125,57.233583087058456,22750064129.6,1.1738009126425053,-0.04951959906189818,0,-0.0001311138298474739
2025-03-27,86896.2578125,87786.7265625,85837.9375,87177.1015625,24413471941,BTC-USD,0.003178549412391707,0.022642572342115003,87020.5953125,84231.255859375,89588.47015625,65.59478144842879,25660115699.6,0.9514170640072589,-0.05554873972872576,0,-5.322155368638822e-05
2025-03-28,87185.234375,87489.859375,83557.640625,84353.1484375,34198619509,BTC-USD,-0.032393289916566204,0.02472486341133247,86680.35,84141.18359375,89343.6671875,50.98409370811025,29980916494.0,1.14067958915946,-0.02138905788841794,0,9.329069622909327e-05
2025-03-29,84352.0703125,84567.3359375,81634.140625,82597.5859375,16969396135,BTC-USD,-0.020812056603918605,0.019002709234123217,85700.084375,84241.0109375,89065.0371875,45.82296210796394,26458274734.4,0.6413644239976487,0.03113391158242651,1,-1.2781087842842262e-05
2025-03-30,82596.984375,83505.0,81573.25,82334.5234375,14763760943,BTC-USD,-0.0031848691098436133,0.016650274527831944,84672.6484375,84431.137109375,88782.07859375,49.36793557579475,23409858913.2,0.6306642426911523,0.0018362588825180381,1,-7.283051837074158e-06
2025-03-31,82336.0625,83870.125,81293.890625,82548.9140625,29004228247,BTC-USD,0.0026038970780313253,0.016716402142296274,83802.2546875,84415.472265625,88503.055,45.78525907154796,23869895355.0,1.2150965815157844,0.006710131426812094,1,1.8692796602731292e-05
2025-04-01,82551.921875,85487.3671875,82429.359375,85169.171875,28175650319,BTC-USD,0.0317418810684309,0.019756942016298813,83400.66875,84487.812890625,88257.68734375,56.32419211241073,24622331030.6,1.1443128712705564,-0.015561583590893657,0,3.6436730078880314e-05
2025-04-02,85180.609375,88466.953125,82343.5390625,82485.7109375,47584398470,BTC-USD,-0.031507420800550134,0.020195749617278293,83027.18125,84558.76328125,87992.45296875,37.813175901572606,27299486822.8,1.7430510243239605,0.012354696661003084,1,0.00013429154878700058
2025-04-03,82487.4765625,83909.296875,81282.1015625,83102.828125,36852112080,BTC-USD,0.007481504135517403,0.01932505764602083,83128.2296875,84515.449609375,87696.79234375,46.643051553585664,31276030011.8,1.178286120907808,-0.05882283263148569,0,2.1405222552277282e-05
2025-04-04,83100.25,84696.1484375,81670.75,83843.8046875,45157640207,BTC-USD,0.008916382019940938,0.019787156747732182,83430.0859375,84490.484375,87441.19109375,49.39455115008719,37354805864.6,1.2088843499999156,-0.05496492874072856,0,-3.1023312421113825e-05
2025-04-05,83844.703125,84207.015625,82377.734375,83504.796875,14380803631,BTC-USD,-0.004043325726492686,0.01976820986287423,83621.2625,84536.73984375,87161.10765625,49.012898403655456,34430120941.4,0.4176808921315176,-0.08661590735711855,0,1.071560985750382e-05
2025-04-06,83504.5078125,83704.71875,77097.7421875,78214.484375,36294853736,BTC-USD,-0.06335339642726368,0.027022719883182767,82230.325,84243.6796875,86773.7903125,30.068301658641076,36053961624.8,1.0066814325068316,0.05573735842965477,1,-3.4616274850976935e-06
2025-04-07,78221.3359375,81119.0625,74436.6796875,79235.3359375,91262424987,BTC-USD,0.013051950296130821,0.026743252485016515,81580.25,84069.521484375,86434.99640625,28.528579490323295,44789566928.2,2.0375822149229172,0.004932202064597213,1,8.759966334560395e-05
2025-04-08,79218.4765625,80823.890625,76198.0234375,76271.953125,48314590749,BTC-USD,-0.03739976334343409,0.02824262851731749,80214.075,83540.4078125,86044.9678125,24.751880970496245,47082062662.0,1.0261782941807003,0.0935190790356466,1,-0.0002127759641645048
2025-04-09,76273.5625,83541.0,74589.671875,82573.953125,84213627038,BTC-USD,0.0826253916648998,0.040219310501299115,79960.1046875,83460.745703125,85785.6559375,42.24857811686943,54893260028.2,1.534134190513324,0.032857289100509,1,2.1100482340637583e-05
2025-04-10,82565.9765625,82700.9296875,78456.1328125,79626.140625,44718000633,BTC-USD,-0.0356990599146636,0.04184199160217742,79184.3734375,83239.890625,85445.4665625,37.65462643520334,60960699428.6,0.733554586022685,0.05097366148404858,1,-9.659901455759448e-05
2025-04-11,79625.046875,84247.4765625,78936.3203125,83404.8359375,41656778779,BTC-USD,0.04745546227457886,0.04354452730543347,80222.44375,83218.508203125,85146.88453125,48.496502855534764,62033084437.2,0.6715251894522798,0.013638953601592618,1,-1.3736066967643516e-05
2025-04-12,83404.515625,85856.1875,82769.375,85287.109375,24258059104,BTC-USD,0.022567917271733462,0.0427189787855395,81432.7984375,83180.144921875,84930.11578125,54.24702703542933,48632211260.6,0.4988064181168125,-0.018972587995511492,0,-3.840454769793306e-06
2025-04-13,85279.46875,86015.1875,83027.0078125,83684.9765625,28796984817,BTC-USD,-0.01878516957885823,0.043295715756517236,82915.403125,82989.448046875,84672.26015625,52.04597544422303,44728690074.2,0.6438146247795086,0.004169095091272723,1,-8.958710238853139e-05
2025-04-14,83694.5234375,85785.0,83690.640625,84542.390625,34090769777,BTC-USD,0.010245734631468162,0.04332293468074397,83309.090625,82842.982421875,84437.62953125,52.9624541029464,34704118622.0,0.9823263385052177,0.004179670960185788,1,0.00011408110980194791
2025-04-15,84539.6953125,86429.3515625,83598.8203125,83668.9921875,28040322885,BTC-USD,-0.01033089354397465,0.04346041998478872,84117.6609375,82681.387890625,84282.6459375,47.64853537220083,31368583072.4,0.8938982937253418,0.009344112789693604,1,-3.1881195694541554e-05
2025-04-16,83674.5078125,85428.28125,83100.6171875,84033.8671875,29617804112,BTC-USD,0.004360934564412222,0.037126756724210466,84243.4671875,82524.226171875,84188.59984375,52.61687485737949,28960788139.0,1.022686398237734,0.012251570818499147,1,6.592197247505539e-05
2025-04-17,84030.671875,85449.0703125,83749.75,84895.75,21276866029,BTC-USD,0.01025637449930672,0.03709340398636559,84165.1953125,82551.35625,84199.574375,53.00573501375995,28364549524.0,0.7501217677015134,0.003281138190074362,1,-3.8024103935029915e-05
2025-04-18,84900.1875,85095.046875,84298.8828125,84450.8046875,12728372364,BTC-USD,-0.005241078764249063,0.03403316037810598,84318.3609375,82644.0171875,84194.5059375,51.027803720391255,25150827033.4,0.5060816627261152,0.03633004533057016,1,5.226998995827235e-05
2025-04-19,84450.8671875,85597.703125,84353.4609375,85063.4140625,15259300427,BTC-USD,0.007254038339443714,0.022856316118455126,84422.565625,82780.46171875,84208.3140625,52.614902597325994,21384533163.4,0.7135671520347499,0.09849682915787916,1,7.400758374212502e-07
2025-04-20,85066.0703125,85306.3828125,83976.84375,85174.3046875,14664050812,BTC-USD,0.0013036230231544543,0.0184228621250759,84723.628125,82911.73125,84191.161875,64.1326685206543,18709278748.8,0.7837849341434684,0.10008657797415621,1,3.1226703386820694e-05
2025-04-21,85171.5390625,88460.09375,85143.8359375,87518.90625,41396190190,BTC-USD,0.027527099529631727,0.014126338346222764,85420.6359375,83029.21796875,84056.57296875,65.96253468244205,21064955964.4,1.9651686079932946,0.07341145930968485,1,-3.247017994625176e-05
2025-04-22,87521.875,93817.3828125,87084.53125,93441.890625,55899038456,BTC-USD,0.06767662701452015,0.02408277456605522,87129.8640625,83577.026953125,84204.09734375,79.69907844090082,27989390449.8,1.9971509760549084,0.013683470726542746,1,3.392124201734982e-05
2025-04-23,93427.5859375,94535.734375,91962.9609375,93699.109375,41719568821,BTC-USD,0.0027527134594511615,0.02216619924283549,88979.525,84106.841015625,84333.635625,74.33139163353611,33787629741.2,1.2347586717551822,0.010115574404305772,1,-0.00015308645195769228
2025-04-24,93692.3984375,94016.1953125,91696.7109375,93943.796875,31483175315,BTC-USD,0.0026114175645013393,0.02234800096719081,90755.6015625,84611.840625,84400.0403125,85.51250977598747,37032404718.8,0.8501520642276071,-0.0020113422204066644,0,-7.16222122575538e-05
2025-04-25,93954.25,95768.390625,92898.59375,94720.5,40915232364,BTC-USD,0.008267742531563593,0.02113335838077611,92664.840625,85172.62578125,84495.21578125,82.97755011618604,42282641029.2,0.9676602825198247,0.002726442533559359,1,0.00011126998639312767
2025-04-26,94714.6484375,95251.359375,93927.25,94646.9296875,17612825123,BTC-USD,-0.0007767095032226168,0.02141851437486055,94090.4453125,85994.248046875,84653.3009375,80.49215767818612,37525968015.8,0.4693503207054982,-0.0038262268643652897,0,-6.177714961386394e-05
2025-04-27,94660.90625,95301.203125,93665.3984375,93754.84375,18090367764,BTC-USD,-0.00942540809771053,0.02249066221591003,94153.0359375,86720.2234375,84805.3059375,84.3966339443876,29964233877.4,0.6037320305941258,0.004826083985660645,1,0.00014767053243192402
2025-04-28,93755.3046875,95598.4921875,92860.8046875,94978.75,32363449569,BTC-USD,0.013054325526514532,0.021829897381115248,94408.9640625,87655.56328125,85092.86015625,84.7777572976187,28093010027.0,1.152010750642089,0.01593604819499106,1,4.91641265201298e-06
2025-04-29,94981.859375,95485.4140625,93796.6328125,94284.7890625,25806129921,BTC-USD,-0.007306486319308303,0.02265350103853339,94477.1625,88241.105078125,85407.9159375,85.80388808962948,26957600948.2,0.9572858493820502,0.027844165279510058,1,3.2737586038982406e-05
2025-04-30,94286.46875,95249.3203125,92979.640625,94207.3125,28344679831,BTC-USD,-0.0008217291810309613,0.022759802829239235,94374.525,88970.163671875,85634.81796875,84.99029719964983,24443490441.6,1.1596003401691204,0.017880611709414795,1,1.7815042242779585e-05
2025-05-01,94212.859375,97437.9609375,94153.6328125,96492.3359375,32875889623,BTC-USD,0.02425526614507767,0.02250765254490632,94743.60625,89624.538671875,85890.2175,86.32864488623153,27496103341.6,1.1956563158991587,-0.022554738196095436,0,5.887945269641356e-05
2025-05-02,96494.96875,97905.8984375,96375.9453125,96910.0703125,26421924677,BTC-USD,0.0043291974532626565,0.00981648603492599,95374.6515625,90205.68671875,86207.08484375,89.09781993663097,29162414724.2,0.9060266417195608,-0.022309504244793943,0,2.728519808770434e-05
2025-05-03,96904.6328125,96943.8828125,95821.2890625,95891.796875,15775154889,BTC-USD,-0.010507405827035687,0.010803714831689782,95557.2609375,90816.027734375,86445.53875,83.13637661153473,25844755788.2,0.6103812710895299,0.00949695090902436,1,-5.610871999644645e-05
2025-05-04,95877.1875,96318.921875,94173.4296875,94315.9765625,18198688416,BTC-USD,-0.016433317174712747,0.012327219979191503,95563.4984375,91304.70703125,86644.99609375,75.67301675619746,24323267487.2,0.7482008091872101,0.028800462540935268,1,-0.00015235270874154217
2025-05-05,94319.5625,95193.1875,93566.265625,94748.0546875,25816260327,BTC-USD,0.0045811763897039,0.01212130128115717,95671.646875,91858.66015625,86888.3634375,72.74529709480535,23817583586.4,1.0839160166416402,0.08964201194434152,1,3.802046727071442e-05
2025-05-06,94748.3828125,96889.1796875,93399.859375,96802.4765625,26551275827,BTC-USD,0.02168299794413664,0.013893149125109371,95733.675,92497.090625,87142.89921875,63.9757001414611,22552660827.2,1.1773012519647972,0.06372125196629064,1,3.4631317875836994e-06
2025-05-07,96800.1953125,97625.8046875,95829.3359375,97032.3203125,76983822462,BTC-USD,0.0023743581586117557,0.013269886135890885,95758.125,93103.919140625,87429.175625,63.893489467154254,32665040384.2,2.3567649559446706,0.07898407239791316,1,-2.356602931049107e-05
2025-05-08,97034.25,103969.5390625,96913.875,103241.4609375,69895404397,BTC-USD,0.06399043746457878,0.0233120026210911,97228.0578125,94043.451953125,87756.9203125,75.88430913247075,43489090285.8,1.6071939867599887,0.008377433151818714,1,1.9887059216818624e-05
2025-05-09,103239.125,104297.4921875,102343.09375,102970.8515625,58198593958,BTC-USD,-0.002621130818400763,0.023001478232480835,98959.0328125,94938.823828125,88132.9934375,73.63463221289958,51489071394.2,1.130309644010317,-0.0015334284907234652,0,-2.2625963239847244e-05
2025-05-10,102973.7109375,104961.765625,102830.484375,104696.328125,42276713994,BTC-USD,0.016756941758927724,0.022831501844049838,100948.6875,95914.925,88546.05515625,76.29926858958868,54781162127.6,0.7717381733437164,-0.00502897889954057,0,2.7768780743397575e-05
2025-05-11,104701.0703125,104937.9921875,103364.7421875,104106.359375,46285517406,BTC-USD,-0.005635047193781384,0.02283677093652119,102409.4640625,96744.29765625,88951.53265625,77.5251591480748,58728010443.4,0.788133584920408,-0.005445827862040731,0,4.529468783602577e-05
2025-05-12,104106.9609375,105747.453125,100814.40625,102812.953125,63250475404,BTC-USD,-0.01242389281274392,0.023721279817688082,103565.590625,97212.85078125,89286.70421875,70.75479742724278,55981341031.8,1.1298492361601482,0.009061966140270883,1,5.778345373053729e-06
2025-05-13,102812.4921875,104997.421875,101515.09375,104169.8125,52608876410,BTC-USD,0.013197358248725033,0.023043532811009196,103751.2609375,97736.3859375,89620.1221875,75.29933516620845,52524035434.4,1.0016152790793458,-0.006532827708603195,0,-4.483262915710554e-06
2025-05-14,104167.328125,104303.5625,102618.296875,103539.4140625,45956071155,BTC-USD,-0.006051642240404331,0.022003449417606544,103864.9734375,98216.166796875,89941.47640625,73.22683099744536,50075530873.8,0.9177350764551686,-0.0033642079989919527,0,-2.3849279751751497e-05
2025-05-15,103538.828125,104153.6171875,101440.8125,103744.640625,50408241840,BTC-USD,0.00198211052629782,0.02208432588724275,103674.6359375,98667.373828125,90278.3515625,70.1349349401458,51701836443.0,0.9749797165439925,0.026038619163610388,1,-5.659076838568042e-06
2025-05-16,103735.65625,104533.484375,103137.4765625,103489.2890625,44386499364,BTC-USD,-0.0024613470244020386,0.02190223733251437,103551.221875,99109.491796875,90604.5953125,68.43241113640343,51322032834.6,0.8648624559952302,0.020455166367232103,1,-8.660085905039975e-05
2025-05-17,103489.2890625,103716.9453125,102659.1796875,103191.0859375,37898552742,BTC-USD,-0.0028814878109744146,0.022085488849208697,103626.8484375,99581.30390625,90981.3540625,71.30954721468677,46251648302.2,0.8193989648623469,0.03488673432684308,1,0.0
2025-05-18,103186.953125,106597.171875,103142.6015625,106446.0078125,49887082058,BTC-USD,0.03154266519659865,0.013329875327123689,104082.0875,100154.666796875,91458.3225,82.25058949233036,45707289431.8,1.0914469590772098,0.03036347138723272,1,-4.00500921417101e-05
2025-05-19,106430.53125,107068.71875,102112.6875,105606.1796875,61761126647,BTC-USD,-0.007889709931436006,0.013682361059463688,104495.440625,100720.736328125,91923.755625,78.25626954786391,48868300530.2,1.2638280025480402,0.05745025130587256,1,-0.00014539354568619698
2025-05-20,105605.40625,107307.1171875,104206.515625,106791.0859375,36515726122,BTC-USD,0.011220046530480143,0.01314802082934042,105104.7296875,101349.925,92408.5990625,77.22561274248845,46089797386.6,0.79227352239601,0.0046512396904616615,1,-7.323790163498807e-06
2025-05-21,106791.3125,110724.4609375,106127.234375,109678.078125,78086364051,BTC-USD,0.027034018449719976,0.014957723055701581,106342.4875,102009.212109375,92898.7771875,80.1070990805996,52829770324.0,1.4780750242165297,-0.017204184348028728,0,2.121548797926793e-06
2025-05-22,109673.4921875,111970.171875,109285.0703125,111673.28125,70157575642,BTC-USD,0.018191448638679386,0.014024909418177016,108038.9265625,102747.37265625,93482.52859375,75.11361092638106,59281574904.0,1.1834634244385795,-0.023621501897975294,0,-4.181270841355746e-05
2025-05-23,111679.359375,111798.90625,106841.3046875,107287.796875,67548133399,BTC-USD,-0.03927066820202352,0.02039403077087355,108207.284375,103317.17265625,93966.22796875,60.32652023838669,62813785172.2,1.0753711659601644,0.020063514912212588,1,5.442774611765068e-05
2025-05-24,107278.5078125,109454.5234375,106895.2890625,107791.15625,45903627163,BTC-USD,0.004691674073487251,0.020137292044058116,108644.2796875,103990.931640625,94445.175,57.862832634790685,59642285275.4,0.769649032578793,0.011164963962430718,1,-8.65807926955812e-05
2025-05-25,107802.2734375,109313.3046875,106683.375,109035.390625,47518041841,BTC-USD,0.011543009819045436,0.020246126922778794,109093.140625,104705.2984375,94955.786875,62.119947748578454,61842748419.2,0.7683688557775566,-0.011308828197266751,0,0.00010313636003881348
2025-05-26,109023.78125,110376.8828125,108735.640625,109440.3671875,45950461571,BTC-USD,0.003714175371671846,0.020080933159851194,109045.5984375,105337.19296875,95580.30453125,67.04060655318168,55415567923.2,0.8291977018927675,-0.03470939903273518,0,-0.00010647345722754868
2025-05-27,109440.40625,110744.2109375,107609.5546875,108994.640625,57450176272,BTC-USD,-0.004072780217708405,0.020141531316221782,108509.8703125,105935.308984375,96175.490625,63.0155838506594,52874088049.2,1.0865468964408784,-0.04583776123166605,0,3.5692954075232326e-07
2025-05-28,108992.171875,109298.2890625,106812.9296875,107802.328125,49155377493,BTC-USD,-0.010939184653144474,0.018490730324111894,108612.7765625,106163.35234375,96806.098125,61.16137377929218,49195536868.0,0.9991836784888077,-0.029352189605135193,0,-2.2650196246747797e-05
2025-05-29,107795.5703125,108910.046875,105374.3984375,105641.7578125,56022752042,BTC-USD,-0.020041963379443528,0.019540257477298185,108182.896875,106296.89765625,97267.45421875,54.50577344493657,51219361843.8,1.0937807505850727,9.791345973586552e-05,1,-6.268707380942753e-05
2025-05-30,105646.2109375,106308.9453125,103685.7890625,103998.5703125,57655287183,BTC-USD,-0.015554336978341854,0.019697263068651195,107175.5328125,106262.009765625,97754.9028125,51.13476688433135,53246810912.2,1.082793245177993,0.018105642527988408,1,4.21530755660437e-05
2025-05-31,103994.71875,104927.1015625,103136.1171875,104638.09375,38997843858,BTC-USD,0.006149348357177731,0.01716588808924814,106215.078125,106288.596484375,98179.56796875,53.175877752960645,51856287369.6,0.7520369435637987,0.007591642503521845,1,-3.7034763924413925e-05
2025-06-01,104637.296875,105884.546875,103826.953125,105652.1015625,37397056873,BTC-USD,0.009690618169351017,0.016090897864623276,105546.5703125,106430.55390625,98586.8678125,48.06744359415174,47845663489.8,0.7816185239227064,-0.008708934076012587,0,-7.615534376074201e-06
2025-06-02,105649.8125,105958.3125,103727.546875,105881.53125,45819706290,BTC-USD,0.0021715582000447764,0.010900358379733341,105162.4109375,106516.13984375,99030.79890625,50.6907996733867,47178529249.2,0.9711982764019071,-0.040664108973206825,0,-2.166603849944123e-05
2025-06-03,105888.4765625,106813.578125,104920.84375,105432.46875,46196508367,BTC-USD,-0.004241178746647534,0.010722562859800196,105120.553125,106610.792578125,99448.60046875,46.46084138126968,45213280514.2,1.0217464391350946,-0.00988428908433392,0,6.559512710107317e-05
2025-06-04,105434.3671875,105997.6953125,104232.703125,104731.984375,44544857105,BTC-USD,-0.0066439151364365845,0.009626853986553927,105267.2359375,106660.159765625,99869.8603125,35.45913398818908,42591194498.6,1.0458701060019395,0.008437161104825952,1,1.800619413078099e-05
2025-06-05,104750.78125,105936.6875,100436.8828125,101575.953125,57479298400,BTC-USD,-0.030134359325224014,0.01222285493590206,104654.8078125,106564.49296875,100220.70203125,22.211825655306228,46287485407.0,1.2417891768064695,0.04152257677867599,1,0.0001794759749103627
2025-06-06,101574.3671875,105376.7734375,101169.5703125,104390.34375,48856653697,BTC-USD,0.027707252931573167,0.016541516576851694,104402.45625,106624.455859375,100610.59390625,41.27131018134542,48579404771.8,1.0057071289058062,0.05655463523176674,1,-1.5613316451466967e-05
2025-06-07,104390.6484375,105972.7578125,103987.3125,105615.625,38365033776,BTC-USD,0.011737496074678777,0.017058777002825144,104349.275,106582.93671875,101033.8903125,43.719314706386506,47088470269.0,0.8147436847456277,0.04394813149096066,1,2.918732605476261e-06
2025-06-08,105617.5078125,106497.0625,105075.328125,105793.6484375,36626232328,BTC-USD,0.0016855786016509722,0.015833251954306876,104421.5109375,106592.31015625,101448.495,40.02725457066841,45174415061.2,0.8107738036758338,0.027345465490861587,1,1.782702606740243e-05
2025-06-09,105793.0234375,110561.421875,105400.234375,110294.1015625,55903193732,BTC-USD,0.04253991795791734,0.019597624150181753,105533.934375,106767.4609375,101950.8909375,52.09778369549942,47446082386.6,1.1782467786589796,-0.03957643077156281,0,-5.907727063305061e-06
2025-06-10,110295.6875,110380.125,108367.7109375,110257.234375,54700101509,BTC-USD,-0.0003342625487465778,0.019701544068949167,107270.190625,106796.41875,102405.6575,53.16604186387657,46890243008.4,1.1665561532534803,-0.03778677788007956,0,1.4379168763628778e-05
2025-06-11,110261.796875,110384.21875,108086.328125,108686.625,50842662052,BTC-USD,-0.014244955298426398,0.02056003872660882,108129.446875,106647.0859375,102710.5521875,52.17614990460239,47287444679.4,1.0751831146026964,-0.029573268559953902,0,4.138050465225992e-05
2025-06-12,108685.9140625,108780.6953125,105785.6875,105929.0546875,54843867968,BTC-USD,-0.025371753999169577,0.022445446884166907,108192.1328125,106579.148828125,102955.15109375,50.68682273048175,50583211517.8,1.084230643376621,-0.003559280795172537,0,-6.541168244022666e-06
2025-06-13,105924.59375,106182.546875,102822.0234375,106090.96875,69550440846,BTC-USD,0.0015285141831733462,0.02239069044690799,108251.596875,106494.139453125,103198.09453125,55.383442137047254,57168053221.4,1.216596279335341,0.006652678081987995,1,-4.211250174147364e-05
2025-06-14,106108.0859375,106203.7578125,104379.3671875,105472.40625,38007870453,BTC-USD,-0.0058304915798971235,0.02236191247483366,107287.2578125,106315.990234375,103413.13265625,52.148884589009114,53588988565.6,0.7092477665719208,-0.008260824735853656,0,0.0001613444358335167
2025-06-15,105464.84375,106157.1015625,104519.8828125,105552.0234375,36744307742,BTC-USD,0.0007548627203146641,0.019551139288445426,106346.215625,106121.573046875,103631.23453125,49.72920089530708,49997829812.2,0.7349180530438544,-0.006335220213906645,0,-7.170121806147758e-05
2025-06-16,105555.59375,108915.375,104997.625,106796.7578125,50366626945,BTC-USD,0.011792615001237072,0.017994242393992072,105968.2421875,106011.67890625,103892.0728125,52.3475050507358,49902622790.8,1.0092981917232122,-0.019780270424583524,0,3.3825145020683297e-05
2025-06-17,106794.1171875,107750.1953125,103396.53125,104601.1171875,55964092176,BTC-USD,-0.020559056941174436,0.019007077546916724,105702.6546875,105851.618359375,104084.52015625,48.042974271565946,50126667632.4,1.1164534731574078,-0.012347053833898558,0,-2.4725703795578414e-05
2025-06-18,104602.0703125,105581.8515625,103602.265625,104883.328125,47318089133,BTC-USD,0.0026979724986506692,0.01902449909248224,105461.1265625,105813.696875,104296.4909375,50.36342433824953,45680197289.8,1.035855621043163,-0.02503659944763026,0,9.111996368944136e-06
2025-06-19,104886.7734375,105250.890625,103940.7734375,104684.2890625,37333806920,BTC-USD,-0.0018977187896134229,0.01150565568555937,105303.503125,105847.9828125,104506.03046875,58.69955468754441,45545384583.2,0.8197056027005436,-0.03531712801041886,0,3.284900051888013e-05
2025-06-20,104681.03125,106539.3828125,102372.2109375,103309.6015625,50951862476,BTC-USD,-0.013131746055793259,0.01162206635829944,104855.01875,105781.558203125,104642.37578125,46.710111694722336,48386895530.0,1.0530095373531396,0.021955092660267406,1,-3.11203574975322e-05
2025-06-21,103315.078125,104015.78125,100973.0625,102257.40625,38360555118,BTC-USD,-0.010184874363913243,0.011387117060140096,103947.1484375,105611.8234375,104749.3225,39.66837029003899,45985681164.6,0.8341847754889873,0.037045987194692875,1,5.3011166601845835e-05
2025-06-22,102212.03125,103351.6328125,98286.203125,100987.140625,65536997201,BTC-USD,-0.012422235919953284,0.00952617154455803,103224.353125,105367.10390625,104851.229375,36.14389397854762,47900262169.6,1.3681970459567379,0.06311810739517121,1,-0.00044373314035627616
2025-06-23,100987.4765625,106116.859375,99705.75,105577.7734375,65237759656,BTC-USD,0.04545759771084712,0.018568075065752122,103363.2421875,105374.369140625,105076.4653125,36.47418783288568,51484196274.2,1.2671414604308828,0.013092022283631932,1,3.326537397939125e-06
2025-06-24,105571.515625,106316.828125,104740.2421875,106045.6328125,48822986421,BTC-USD,0.004431419225533917,0.018513937960070906,103635.5109375,105440.0515625,105302.416875,38.21305769793365,53782032174.4,0.9077936338047025,0.009833473075159693,1,-5.9272063581682783e-05
2025-06-25,106047.40625,108168.3984375,105881.390625,107361.2578125,51624120283,BTC-USD,0.012406215749838134,0.018881186092765876,104445.8421875,105729.316796875,105513.5925,46.237008967012414,53916483735.8,0.9574830683686092,-0.0003125399998442635,0,1.672334308321425e-05
2025-06-26,107375.0703125,108305.546875,106666.3515625,106960.0,43891990613,BTC-USD,-0.003737454466123835,0.018610088567910448,105386.3609375,105857.799609375,105712.14609375,53.37920855008059,55022770834.8,0.797705930600642,0.013328069488593774,1,0.00012865441669957615
2025-06-27,106954.921875,107772.46875,106449.9921875,107088.4296875,45353692675,BTC-USD,0.0012007263229245613,0.017111137274566125,106606.61875,105931.43984375,105789.08546875,53.27664676682799,50986109929.6,0.8895303591041352,0.00043801417330402437,1,-4.747686050860134e-05
2025-06-28,107090.546875,107567.8828125,106883.9765625,107327.703125,30037708335,BTC-USD,0.002234353778444831,0.01711111513563778,106956.6046875,106008.142578125,105876.2225,56.25038163759905,43946099665.4,0.6835124974389828,-0.015181745509845523,0,1.9770459854330378e-05
2025-06-29,107327.8203125,108526.3046875,107230.109375,108385.5703125,35534874438,BTC-USD,0.009856422495764683,0.017183928718992807,107424.5921875,105912.716015625,105950.00734375,58.9557435242014,41288477268.8,0.8606487036723981,0.004370969296319416,1,1.0918662804468731e-06
2025-06-30,108383.4375,108798.7890625,106759.6484375,107135.3359375,42064804590,BTC-USD,-0.011535062936840146,0.01701768771903485,107379.4078125,105756.62109375,106010.586875,51.06974232188733,39376614130.2,1.0682687051484776,0.02345295884885079,1,-1.9678011508825587e-05
2025-07-01,107144.3828125,107550.6796875,105270.2265625,105698.28125,44110692247,BTC-USD,-0.013413452013053329,0.017339453984795007,107127.0640625,105607.20390625,106068.2934375,53.64103936212522,39420354457.0,1.1189826386547654,0.022101160585333623,1,8.444342775270444e-05
2025-07-02,105703.1015625,109763.65625,105157.3984375,108859.3203125,56248657737,BTC-USD,0.02990624847553991,0.018180963458622038,107481.2421875,105753.7171875,106162.08359375,61.07798847114456,41599347469.4,1.3521524052360643,-0.0057702052814293525,0,4.5604454897415844e-05
2025-07-03,108845.015625,110541.4609375,108605.796875,109647.9765625,50494742270,BTC-USD,0.007244728772290987,0.01248110009028893,107945.296875,105931.567578125,106284.25484375,63.38998267642856,45690754256.4,1.1051413593796626,-0.003793104652167756,0,-0.00013140526193747908
2025-07-04,109635.65625,109751.984375,107296.3828125,108034.3359375,42616442656,BTC-USD,-0.014716556343200904,0.013784354026076907,107875.05,106059.6640625,106370.04875,62.583164244493304,47107067900.0,0.9046719432096091,0.0024576966451999027,1,-0.00011236242460869626
2025-07-05,108015.8359375,108381.34375,107842.2734375,108231.1796875,30615537520,BTC-USD,0.0018220480395592098,0.01328927410873346,108094.21875,106193.621875,106464.8865625,66.66912278605906,44817214486.0,0.6831200437404177,0.006644053516521531,1,-0.0001712418541703502
2025-07-06,108231.1875,109731.625,107847.015625,109232.0703125,36746020463,BTC-USD,0.009247710575546852,0.013421038537729253,108800.9765625,106315.3875,106585.70625,73.35766148719563,43344280129.2,0.8477709251017205,0.01917462855924934,1,7.218345048587042e-08
2025-07-07,109235.328125,109710.25,107527.0546875,108299.8515625,45415696597,BTC-USD,-0.008534295352390808,0.01384666183927562,108689.0828125,106500.32421875,106622.783125,59.728037327859525,41177687901.2,1.1029200256694476,0.07098210617642087,1,2.982468876292269e-05
2025-07-08,108298.2265625,109198.96875,107499.5546875,108950.2734375,44282204127,BTC-USD,0.006005750382996888,0.0139287425194802,108549.5421875,106703.671484375,106689.665,60.24676414203049,39935180272.6,1.1088519902684038,0.07862962138332175,1,-1.5004637370737393e-05
2025-07-09,108950.2734375,111925.375,108357.6796875,111326.5546875,57927418065,BTC-USD,0.021810695604753683,0.015174468642816184,109207.9859375,107035.784765625,106780.374375,63.014534612398364,42997375354.4,1.3472314900047075,0.054871651172062164,1,0.0
2025-07-10,111329.1953125,116608.78125,110660.75,115987.203125,95911605728,BTC-USD,0.041864660687494615,0.0185876698942556,110759.190625,107669.66484375,106906.556875,73.15439281042399,56056588996.0,1.7109782711688704,0.026976373067018056,1,2.371963281727693e-05
2025-07-11,115986.234375,118856.4765625,115245.6875,117516.9921875,86928361085,BTC-USD,0.013189291760499877,0.016998532902165627,112416.175,108432.644140625,107023.43109375,74.95485208308563,66093057120.4,1.315241946315857,0.019849988449143874,1,-8.352214502111696e-06
2025-07-12,117530.7109375,118219.8984375,116977.0234375,117435.2265625,45524560304,BTC-USD,-0.0006957770402219454,0.015892099066467123,114243.25,109255.0484375,107226.3796875,74.37033342236853,66114829861.8,0.688568062553592,0.0029119110807693804,1,0.00011673843709436967
2025-07-13,117432.203125,119449.5703125,117265.4375,119116.1171875,49021091807,BTC-USD,0.014313342548076147,0.016025067109847364,116276.41875,109931.965625,107452.87890625,75.11788036258727,67062607397.8,0.7309750352565049,-0.0031700947270267843,0,-2.5745575569617532e-05
2025-07-14,119115.7890625,123091.609375,118959.1953125,119849.703125,181746419401,BTC-USD,0.006158578325259345,0.013892505805370674,117981.0484375,110622.169140625,107669.16515625,80.49926592870982,91826407665.0,1.9792391319939806,-0.004671345530293691,0,-2.7546650087955797e-06
2025-07-15,119853.8515625,119935.5625,115765.6875,117777.1875,98321661181,BTC-USD,-0.01729262210051885,0.01632413749516135,118339.0453125,111142.965625,107835.9015625,78.11769823695613,92308418755.6,1.0651429469431268,0.0019192092059423516,1,3.461366521428336e-05
2025-07-16,117777.1875,120065.515625,117064.8203125,118738.5078125,72162029070,BTC-USD,0.00816219450392297,0.01632301072966514,118583.3484375,111731.891015625,108030.77890625,75.62100550618129,89355152352.6,0.8075866603108116,-0.006725124516984482,0,0.0
2025-07-17,118738.5078125,120999.609375,117508.21875,119289.84375,72363841798,BTC-USD,0.004643278306736054,0.015294720469966898,118954.271875,112341.96171875,108260.52921875,75.31717263718028,94723008651.4,0.7639521044386767,-0.016674132725569946,0,0.0
2025-07-18,119284.109375,120851.9140625,116925.984375,118003.2265625,77945799785,BTC-USD,-0.01078563897020779,0.01662350638309247,118731.69375,112875.737890625,108507.75859375,76.6332461712118,100507950247.0,0.7755187484517082,-0.004776882093994628,0,-4.807094065793007e-05
2025-07-19,117998.125,118541.3984375,117388.4140625,117939.9765625,47564562765,BTC-USD,-0.0005360022928398989,0.016074041475938453,118349.7484375,113353.458203125,108786.58671875,76.12485683869568,73671578919.8,0.6456297457229674,0.017427826932886914,1,-4.3232398372581575e-05
2025-07-20,117944.109375,118865.03125,116550.1328125,117300.7890625,57515447231,BTC-USD,-0.00541960002562214,0.010201694656106756,118254.46875,113861.730859375,109039.840625,72.142686238979,65510336129.8,0.8779598858574135,0.012396948789706652,1,3.504165949880358e-05
2025-07-21,117306.46875,119671.5625,116584.3984375,117439.5390625,69820091744,BTC-USD,0.0011828564931994912,0.009296842131161526,117994.675,114448.79375,109275.589375,76.22374330553481,65041948664.6,1.073462483481842,0.00790586326301801,1,4.841985757635236e-05
2025-07-22,117426.5,120269.96875,116233.2265625,119995.4140625,79217583118,BTC-USD,0.02176332622218302,0.011555703958711692,118135.7890625,115005.5984375,109557.86703125,78.56726606726606,66412696928.6,1.1928078030495657,-0.01966351188030424,0,-0.00011102787531429902
2025-07-23,119997.4453125,120113.3515625,117391.390625,118754.9609375,66608604537,BTC-USD,-0.010337504434577038,0.011315836921830734,118286.1359375,115460.94765625,109824.316875,70.41221320294743,64145257879.0,1.038402630832769,-0.006800505373624199,0,1.692773024594104e-05
2025-07-24,118770.984375,119535.453125,117247.96875,118368.0,72627318560,BTC-USD,-0.0032584822936673197,0.011113653636710635,118371.740625,115977.630859375,110097.0371875,58.55030206716519,69157809038.0,1.0501680080711293,0.009128245704075333,1,0.00013492857370761156
2025-07-25,118368.0,118486.9765625,114759.8203125,117635.8828125,104857024569,BTC-USD,-0.006185093838706357,0.009803004296354684,118438.759375,116447.866015625,110418.23578125,50.452929607512594,78626124505.6,1.3336155791518345,0.0024532799270098327,1,0.0
2025-07-26,117644.84375,118335.6875,117181.2265625,117947.3671875,48508954046,BTC-USD,0.002647868724685587,0.00943627226804926,118540.325,116883.630859375,110689.37625,51.9175057741044,74363896966.0,0.6523186119223799,-0.00021381358992023092,0,7.617520509692482e-05
2025-07-27,117944.7265625,119815.59375,117859.6875,119448.4921875,54683390892,BTC-USD,0.012727075099638885,0.010249303817877808,118430.940625,117441.062890625,110966.03359375,51.26142559118948,69457058520.8,0.787297821943096,-0.013539766453990021,0,-2.2388164000322443e-05
2025-07-28,119457.5234375,119819.7890625,117441.4375,117924.4765625,64822943193,BTC-USD,-0.012758768211219684,0.010499792315176107,118264.84375,117889.773046875,111208.65015625,43.106962100025676,69099926252.0,0.938104375923611,-0.018370006809840467,0,7.560790290951114e-05
2025-07-29,117938.5859375,119273.8671875,116987.3671875,117922.1484375,68463107433,BTC-USD,-1.9742508661990676e-05,0.010498228348950391,118175.6734375,118219.552734375,111361.21109375,50.60934479753201,68267084026.6,1.0028714190622763,-0.03902627759906485,0,0.00011964755249536366
2025-07-30,117921.9921875,118780.7265625,115800.828125,117831.1875,68896148592,BTC-USD,-0.0007713643170961237,0.01033150325754223,118214.734375,118311.751953125,111512.69015625,45.884967448096596,61074908831.2,1.1280597860967176,-0.04501587016170905,0,-1.3250267406959107e-06
2025-07-31,117833.6328125,118919.984375,115505.21875,115758.203125,69370346018,BTC-USD,-0.017592832754910526,0.011795735481695003,117776.9015625,118223.8125,111654.12171875,35.9253553454694,65247187225.6,1.0631928971611249,-0.013308182128021429,0,2.0752676365923918e-05
2025-08-01,115738.953125,116060.7734375,112724.4453125,113320.0859375,91294530181,BTC-USD,-0.021062154747402473,0.010114620341541232,116551.2203125,118018.05546875,111801.94234375,32.90526289373031,72569415083.4,1.258030398565019,0.015458838214843729,1,-0.00016629491025541522
2025-08-02,113320.390625,114021.6015625,112005.765625,112526.9140625,56870866000,BTC-USD,-0.006999393518263508,0.009997543443036407,115471.7078125,117688.5953125,111930.66125,31.24051022242631,70978999644.8,0.8012351017145734,0.014347956339611834,1,2.688733400432169e-06
2025-08-03,112525.8046875,114747.421875,111943.8046875,114217.671875,48099615826,BTC-USD,0.015025363723748075,0.011907413550988863,114730.8125,117406.99375,112105.5665625,40.04103314701021,66906301323.4,0.7189101007617276,0.007094595010541216,1,-9.858752541492678e-06
2025-08-04,114223.921875,115729.46875,114130.40625,115071.8828125,35783028986,BTC-USD,0.007478798363486527,0.01234100041868545,114178.9515625,117271.728515625,112295.96375,42.689965381899015,60283677402.2,0.593577408147535,0.021073919759802218,1,5.4720078753137344e-05
2025-08-05,115072.1875,115117.4375,112701.109375,114141.4453125,61039182286,BTC-USD,-0.008085706753543476,0.012345804869748156,113855.6,117041.875390625,112442.8575,29.90967628460872,58617444655.8,1.0413142818562011,0.022316882732875687,1,2.6478014659450978e-06
2025-08-06,114140.9140625,115737.8359375,113372.25,115028.0,56379133510,BTC-USD,0.007767158415357134,0.011718260162967398,114197.1828125,116828.783203125,112651.39515625,36.89095484650318,51634365321.6,1.0918916725101129,0.012800008476197,1,-4.654312888237285e-06
2025-08-07,115030.0546875,117676.90625,114279.7109375,117496.8984375,64051649681,BTC-USD,0.021463456180234486,0.013621911958621604,115191.1796875,116803.466796875,112903.6665625,47.32744433583872,53070522057.8,1.206915764107997,0.015403465104763647,1,1.7862498695969678e-05
2025-08-08,117505.5,117689.203125,115917.4609375,116688.7265625,59713005166,BTC-USD,-0.0068782400705657,0.013779124393257342,115685.390625,116740.904296875,113143.7553125,47.10760521659799,55393199925.8,1.0779843960267044,0.017505707793510794,1,7.320671961886228e-05
2025-08-09,116678.2734375,117906.609375,116363.8359375,116500.359375,54004312429,BTC-USD,-0.0016142706587778388,0.013780383002444815,115971.0859375,116700.8828125,113407.57046875,45.54769609613017,59037456614.4,0.9147465952289626,0.03152391026690782,1,-8.958127582617135e-05
2025-08-10,116497.71875,119320.7109375,116485.1640625,119306.7578125,64755458694,BTC-USD,0.02408918266480664,0.014505349938779652,117004.1484375,116794.24375,113748.5575,49.59632199540027,59780711896.0,1.0832165867588617,0.03383969828301714,1,-2.2666239092878335e-05
2025-08-11,119306.8125,122321.09375,118159.03125,118731.4453125,90528784177,BTC-USD,-0.004822128356753663,0.012227586660147,117744.8375,116731.0453125,114103.44359375,52.42965223879333,66610642029.4,1.359073886978048,-0.003132002533290601,0,4.5837722022373394e-07
2025-08-12,118717.6640625,120302.46875,118228.71875,120172.90625,72803657984,BTC-USD,0.012140515376580119,0.011670727019700643,118280.0390625,116801.942578125,114395.34625,56.23623565553456,68361043690.0,1.0649875141483522,-0.023088021868490016,0,-0.00011607076763639056
2025-08-13,120168.9765625,123682.453125,118939.6328125,123344.0625,90904808795,BTC-USD,0.026388279596092357,0.013047981804297478,119611.10625,117050.745703125,114741.31484375,63.047607213859706,74599404415.8,1.2185728492994046,-0.04745028515255856,0,-3.270027847895207e-05
2025-08-14,123339.3984375,124457.1171875,117254.8828125,118359.578125,104055627395,BTC-USD,-0.040411222672351976,0.020073263330036287,119982.95,117086.93046875,114961.28125,55.411076443057716,84609667409.0,1.2298314197596234,-0.007658996756837233,0,-3.7813433459758143e-05
2025-08-15,118365.78125,119332.3125,116864.5703125,117398.3515625,68665353159,BTC-USD,-0.008121240187970669,0.02007544750407347,119601.26875,117059.4796875,115170.04828125,59.03846513454383,85391646302.0,0.8041226060469073,-0.009761968948004185,0,5.240915098099502e-05
2025-08-16,117398.421875,117996.0625,117271.953125,117491.3515625,48036922378,BTC-USD,0.0007921746665282559,0.02001249072415827,119353.25,116961.62265625,115378.10671875,61.35484479667893,76893273942.2,0.62472203243822,-0.03966395664893685,0,5.989223789276747e-07
2025-08-17,117492.7890625,118595.7734375,117279.5234375,117453.0625,45852169525,BTC-USD,-0.00032588834829794244,0.018846730515825433,118809.28125,116938.051953125,115580.61390625,58.005234630521684,71502976250.4,0.641262391154571,-0.027060344318395324,0,1.2234943090558594e-05
2025-08-18,117453.90625,117614.171875,114723.6796875,116252.3125,72787808090,BTC-USD,-0.01022323279139703,0.01901375620268693,117390.93125,116854.56015625,115737.94875,52.87146181817629,67879576109.4,1.0723079350508835,-0.03297380643503334,0,7.183720730994136e-06
2025-08-19,116241.859375,116764.5,112730.3984375,112831.1796875,71657600353,BTC-USD,-0.029428514056440758,0.0211556379072353,116285.2515625,116604.559765625,115851.865625,47.157183605861576,61399970701.0,1.167062451901674,0.03583146308668694,1,-8.991756615594206e-05
2025-08-20,112828.0234375,114625.796875,112387.9609375,114274.7421875,67993811526,BTC-USD,0.012794003430595335,0.019807669093516573,115660.5296875,116530.38671875,116023.39484375,48.40426429859755,61265662374.4,1.1098192509612264,0.009622300750377732,1,-2.797320748344232e-05
2025-08-21,114275.6875,114802.6484375,111986.234375,112419.03125,57817883700,BTC-USD,-0.01623902974513114,0.02017808969133216,114646.065625,116485.333984375,116094.5890625,38.95588757542237,63221854638.8,0.914523688530271,0.009245751595106322,1,8.272278562212354e-06
2025-08-22,112433.734375,117377.3984375,111678.9453125,116874.0859375,82528088240,BTC-USD,0.03962900798880531,0.024269937703030223,114530.2703125,116702.692578125,116239.11125,50.34795019411063,70557038381.8,1.169664857436645,-0.05775218963945106,0,0.0001307885758889245
2025-08-23,116866.3671875,116996.25,114536.109375,115374.328125,55377142586,BTC-USD,-0.012832252765613172,0.022157326425969726,114354.6734375,116760.525390625,116385.91109375,47.98543799238187,67074905281.0,0.825601502588874,-0.03095724961561941,0,-6.604329726375534e-05
2025-08-24,115387.390625,115615.0859375,111060.546875,113458.4296875,73961489632,BTC-USD,-0.016605933647771742,0.01918041865380189,114480.1234375,116679.852734375,116490.45609375,39.192497264146304,67535683136.8,1.0951468349284912,-0.019710894938874568,0,0.0001132184274637569
2025-08-25,113456.8984375,113637.84375,109324.28125,110124.3515625,85706860190,BTC-USD,-0.029385900493979156,0.02079222982597693,113650.0453125,116478.998046875,116508.30171875,35.5661053686309,71078292869.6,1.205809210235782,0.021979272437543385,1,-1.3496132497316783e-05
2025-08-26,110124.1015625,112397.015625,108762.0390625,111802.65625,69396320317,BTC-USD,0.015240086898922645,0.021807898546155394,113526.7703125,116317.730859375,116578.3578125,36.073910470979335,73393980193.0,0.9455315018277033,-0.030337564654238758,0,-2.2701609267421197e-06
2025-08-27,111795.7109375,112619.4140625,110398.265625,111222.0625,62137056409,BTC-USD,-0.005193022862549412,0.021752735847989736,112396.365625,116003.9890625,116623.79359375,27.92937701060221,69315773826.8,0.8964345772761979,-0.02170425663073816,0,-6.212117612366656e-05
2025-08-28,111219.0546875,113450.078125,110900.921875,112544.8046875,58860155962,BTC-USD,0.01189280397942638,0.022305294767756008,111830.4609375,115796.79296875,116648.15859375,37.78414154613968,70012376502.0,0.8407107272000484,-0.03827892155450585,0,-2.7043308066688657e-05
2025-08-29,112550.5234375,112619.0546875,107559.625,108410.8359375,77843379644,BTC-USD,-0.036731759955323295,0.023360886222801483,110820.9421875,115392.316796875,116496.63125,33.339695828327336,70788754504.4,1.0996574270728483,0.007746068972147135,1,5.0813096311989636e-05
2025-08-30,108409.40625,108929.3515625,107444.4453125,108808.0703125,51486264208,BTC-USD,0.003664157476186425,0.022814794152417845,110557.6859375,114867.382421875,116322.4528125,34.08319027021888,63944635308.0,0.8051694088176096,0.02198840231362098,1,-1.3187680803644297e-05
2025-08-31,108818.4609375,109491.0,108104.65625,108236.7109375,47986191770,BTC-USD,-0.00525107534173741,0.02245675241877296,109844.496875,114342.645703125,116138.4825,33.429877076685415,59662609598.6,0.8042925392107892,0.03221180660241263,1,9.549498461058832e-05
2025-09-01,108228.75,109890.5859375,107271.1796875,109250.59375,66870372995,BTC-USD,0.009367272930950854,0.017477465843483208,109450.203125,113796.530078125,115941.17203125,37.32641736759639,60609272915.8,1.1033026759436313,0.013482835762620216,1,-7.355117714725227e-05
2025-09-02,109243.0703125,111748.015625,108454.03125,111200.5859375,74776999491,BTC-USD,0.017848801737061493,0.018894202182301898,109181.359375,113189.35625,115768.1896875,46.88248512161707,63792641621.6,1.1721884780153191,-0.004942434051641631,0,-6.886404221487355e-05
2025-09-03,111190.6953125,112600.2265625,110582.9609375,111723.2109375,61119643565,BTC-USD,0.004699840343410866,0.018450097298498905,109843.834375,112857.537890625,115647.11015625,44.94369880548453,60447894405.8,1.0111128628350625,-0.013412751141195667,0,-8.894400075876399e-05
2025-09-04,111718.1484375,112208.328125,109347.2265625,110723.6015625,60131132901,BTC-USD,-0.008947195185422974,0.01596876182650288,110226.940625,112523.800390625,115486.81203125,46.52221000361216,62176868144.4,0.9670981298278168,0.004010126285039384,1,-4.531287596837917e-05
2025-09-05,110723.015625,113357.4921875,110233.3984375,110650.984375,60241647677,BTC-USD,-0.0006558419928113235,0.015124904264758567,110709.7953125,112181.78203125,115314.03484375,34.43653746432773,64627959325.8,0.9321298135581243,0.012837168331788718,1,-5.291893433120099e-06
2025-09-06,110650.5703125,111275.015625,110024.0859375,110224.6953125,21500719036,BTC-USD,-0.0038525555367432407,0.015088827568239255,110904.615625,111820.363671875,115158.46421875,36.39045496533984,55554028534.0,0.38702358052829955,0.0118471777925786,1,-3.7420588920992148e-06
2025-09-07,110221.328125,111591.078125,110211.625,111167.6171875,24618007520,BTC-USD,0.008554542812086785,0.014811269191791158,110898.021875,111566.12890625,115023.01703125,43.6175621953789,45522230139.8,0.5407908936885876,0.025076926698879287,1,-3.054839471729658e-05
2025-09-08,111163.015625,112869.234375,110630.609375,112071.4296875,40212813407,BTC-USD,0.008130177859939192,0.008106264384243646,110967.665625,111528.14140625,114918.42984375,56.274439311958155,41340864108.2,0.9727134222872654,0.030659994117869793,1,-4.139301188977371e-05
2025-09-09,112077.578125,113225.4375,110776.703125,111530.546875,45984480722,BTC-USD,-0.004826232823193166,0.008505199827053176,111129.0546875,111390.931640625,114800.25,49.05376505336732,38511533672.4,1.1940443897448734,0.04098456770881853,1,5.486177446958876e-05
2025-09-10,111531.25,114275.25,110940.078125,113955.359375,56377473784,BTC-USD,0.02174124101370767,0.009932929665203464,111789.9296875,111467.748046875,114679.44890625,58.42427108535853,37738698893.8,1.4938902356610422,0.017508158005403063,1,6.304326659386337e-06
2025-09-11,113961.4296875,115522.546875,113453.8359375,115507.5390625,45685065332,BTC-USD,0.013620945043858246,0.010217922800012175,112846.4984375,111399.420703125,114614.50046875,59.004074306228276,42575568153.0,1.0730347782518292,-0.000864729811670184,0,5.326921465820703e-05
2025-09-12,115507.7890625,116769.3828125,114794.484375,116101.578125,54785725894,BTC-USD,0.005142859655061782,0.009276508466429152,113833.290625,111435.783203125,114569.17203125,79.78078001220982,48609111827.8,1.1270670011021995,-0.005656280781067169,0,2.1643608895929073e-06
2025-09-13,116093.5625,116334.6328125,115248.2734375,115950.5078125,34549454947,BTC-USD,-0.0013011908618274504,0.009444717370894362,114609.10625,111560.387109375,114535.46453125,78.1951075089745,47476440135.8,0.7277178922466787,0.0076987992923973625,1,-6.903975923023226e-05
2025-09-14,115950.2890625,116181.5,115222.3984375,115407.65625,32798036057,BTC-USD,-0.004681752350561785,0.008886877908341778,115384.528125,111824.55234375,114484.6703125,78.37149969924783,44839151202.8,0.731459788537476,0.009192211305304898,1,-1.8865807845683081e-06
2025-09-15,115399.6328125,116747.8828125,114461.0625,115444.875,52937859416,BTC-USD,0.0003224981011604733,0.00883285849654672,115682.43125,112006.66328125,114404.59796875,76.55999807047846,44151228329.2,1.1990121547986208,0.01465918798907273,1,-6.952257554402939e-05
2025-09-16,115423.7578125,117005.2734375,114813.09375,116843.1875,45781744593,BTC-USD,0.012112382641498831,0.008639270707346425,115949.5609375,112287.71953125,114382.9721875,75.39597871423217,44170564181.4,1.0364763376121526,-0.009879293347761497,0,-0.00018292009498039648
2025-09-17,116840.5078125,117328.609375,114794.9765625,116468.5078125,60528025996,BTC-USD,-0.0032066883445814875,0.009026820819685408,116022.946875,112483.9046875,114353.899375,71.6456908754239,45319024201.8,1.3355986158588984,-0.006409860390774846,0,-2.2934049963332267e-05
2025-09-18,116461.265625,117911.7890625,116188.796875,117137.203125,49457272032,BTC-USD,0.005741425944741474,0.00895746240369468,116260.2859375,112920.223046875,114340.0196875,80.16637159556666,48300587618.8,1.0239476261102418,-0.01563217599660438,0,-6.21815084268018e-05
2025-09-19,117137.671875,117479.7578125,115141.8203125,115688.859375,38828473971,BTC-USD,-0.012364506846338497,0.010074011011847189,116316.5265625,113264.2625,114338.6328125,70.98046437295596,49506675201.6,0.7843078496563047,-0.025416030362690245,0,4.0017175371669525e-06
2025-09-20,115691.125,116191.1484375,115473.5234375,115721.9609375,22864449614,BTC-USD,0.0002861257573012477,0.007846111010893936,116371.94375,113638.525,114386.6703125,73.66874454238072,43491993241.2,0.5257162964961672,-0.032037660850755545,0,1.958377852664346e-05
2025-09-21,115730.2265625,115901.0859375,115252.578125,115306.09375,22495852193,BTC-USD,-0.003593675600818802,0.006714503480473534,116064.525,113941.3,114442.25390625,68.66555178996907,38834814761.2,0.5792702329425217,-0.017149665496321576,0,7.142658949984576e-05
2025-09-22,115309.21875,115431.3125,112037.6484375,112748.5078125,70684158591,BTC-USD,-0.02218083931492132,0.009358381310724164,115320.525,114018.69609375,114412.870625,52.6573674443819,40866041280.2,1.7296551458544915,-0.03280946969295395,0,2.710177665696875e-05
2025-09-23,112757.4765625,113351.9140625,111535.5703125,112014.5,47211853279,BTC-USD,-0.00651013327573835,0.0094051796596089,114295.984375,114033.260546875,114351.72296875,51.87103493186517,40416957529.6,1.1681199220506306,-0.0205479815113222,0,7.954650730202984e-05
2025-09-24,112007.6640625,113986.2734375,111229.640625,113328.6328125,48044595085,BTC-USD,0.011731809832655538,0.010523791335699417,113823.9390625,114163.512109375,114335.46671875,47.34934018491608,42260181752.4,1.1368762057506177,-0.03217798899977353,0,-6.102725539997054e-05
2025-09-25,113330.1640625,113541.0859375,108713.3984375,109049.2890625,75528654284,BTC-USD,-0.03776048156409062,0.015430665739424537,112489.4046875,114083.42734375,114215.8925,27.80555698747358,52793022686.4,1.4306559927938531,0.02818314166852165,1,1.3511589807435717e-05
2025-09-26,109041.296875,110359.1953125,108728.9765625,109712.828125,57738288949,BTC-USD,0.0060847628462732395,0.014766436733924165,111370.7515625,114057.833984375,114060.21109375,28.148781530568627,59841510037.6,0.9648534756680022,0.04272567545300432,1,-7.328968000350185e-05
2025-09-27,109707.140625,109778.5,109144.296875,109681.9453125,26308042910,BTC-USD,-0.0002814877077529365,0.014860495003543778,110757.4390625,113983.550390625,113920.07546875,28.382124089888222,50966286901.4,0.5161851982840315,0.039880224703686906,1,-5.183988141769543e-05
2025-09-28,109681.9453125,112375.484375,109236.9453125,112122.640625,33371048505,BTC-USD,0.02225248016477188,0.017051495266834207,110779.0671875,113986.1109375,113832.52109375,39.982513317514325,48198125946.6,0.6923723246412669,0.058206701395193905,1,0.0
2025-09-29,112117.875,114473.5703125,111589.953125,114400.3828125,60000147466,BTC-USD,0.02031473906432546,0.018398360603349945,110993.4171875,114129.602734375,113734.39359375,47.19778900008258,50589236422.8,1.18602595549275,0.05490256977805941,1,-4.250368144591671e-05
2025-09-30,114396.5234375,114836.6171875,112740.5625,114056.0859375,58986330258,BTC-USD,-0.003009577997342028,0.01840296309810222,111994.7765625,114134.6390625,113640.88640625,42.07440372911735,47280771617.6,1.24757545699704,0.07198603428316064,1,-3.373568256607533e-05
2025-10-01,114057.59375,118648.9296875,113981.3984375,118648.9296875,71328680132,BTC-USD,0.04026829179914837,0.022553340819942282,113781.996875,114291.70859375,113610.406875,55.000720291212666,49998849854.2,1.4266064187476155,0.031829195677926636,1,1.321992147640631e-05
2025-10-02,118652.3828125,121086.40625,118383.15625,120681.2578125,71415163912,BTC-USD,0.017128920845327356,0.021033712894595602,115981.859375,114520.692578125,113557.15078125,57.649684679990415,59020274054.6,1.2100107133683151,0.023468588257510303,1,2.9103718078999212e-05
2025-10-03,120656.984375,123944.703125,119344.3125,122266.53125,83941392228,BTC-USD,0.013136036748664148,0.0205410753100324,118010.6375,114836.49375,113635.28984375,64.11418187426449,69134342799.2,1.2141779154798207,0.020332628844412337,1,-0.00020113676257595148
2025-10-04,122267.46875,122857.640625,121577.5703125,122425.4296875,36769171735,BTC-USD,0.001299606980548873,0.02065077754086496,119615.646875,115187.382421875,113735.83140625,64.30687575198952,64488147653.0,0.5701694508710159,-0.00795624632469194,0,7.667674795509503e-06
2025-10-05,122419.671875,125559.2109375,122191.9609375,123513.4765625,73689317763,BTC-USD,0.008887425412982486,0.013049230721461719,121507.125,115590.8125,113856.27390625,67.02803565020321,67428745154.0,1.0928472359184724,-0.001284146308680234,0,-4.70311806517424e-05
2025-10-06,123510.453125,126198.0703125,123196.046875,124752.53125,72568881188,BTC-USD,0.010031736794915869,0.012888700929201493,122727.8453125,115986.2796875,114002.26328125,76.34646888746455,67676785365.2,1.0722861731153615,-0.024423915747200486,0,-2.447860415029357e-05
2025-10-07,124752.140625,125184.0234375,120681.96875,121451.3828125,76149412513,BTC-USD,-0.026461574802715715,0.01766192794486473,122881.8703125,116235.4234375,114106.2446875,68.61448332338338,68623635085.4,1.1096674260731656,-0.06782150548023425,0,-3.131198991202834e-06
2025-10-08,121448.3515625,124167.09375,121119.1796875,123354.8671875,65354305286,BTC-USD,0.01567280940669602,0.017289320418166457,123099.5375,116546.306640625,114316.7184375,69.32762250716112,64906217697.0,1.0069036157844198,-0.10171454650369427,0,-2.495854662008853e-05
2025-10-09,123337.0703125,123739.34375,119812.03125,121705.5859375,74653009425,BTC-USD,-0.013370216251727518,0.01825190486300061,122955.56875,116847.14296875,114465.3353125,77.15067765829289,72482985235.0,1.0299383942723175,-0.05370189266297409,0,-0.00014427379645221995
2025-10-10,121704.7421875,122509.6640625,104582.4140625,113214.3671875,153125018868,BTC-USD,-0.06976852117831744,0.030294947365404595,120895.746875,116721.76328125,114481.24203125,55.623120438711716,88370125456.0,1.7327690560340083,0.018166518866759906,1,-6.9327138397188655e-06
2025-10-11,113236.4296875,113429.7265625,109760.5625,110807.8828125,110236934340,BTC-USD,-0.02125599811033263,0.027228944865835096,118106.8171875,116496.852734375,114359.91796875,51.67996228827369,95903736086.4,1.1494540133523805,0.020853942800352243,1,0.0001948736767963485
2025-10-12,110811.515625,115805.0625,109715.5390625,115169.765625,93710414091,BTC-USD,0.03936437283871608,0.030124145129634988,116850.49375,116617.915625,114355.82671875,54.299963795070404,99415936402.0,0.9426095803400266,-0.038088134838991095,0,3.278478396836755e-05
2025-10-13,115161.6796875,116020.484375,113821.1875,115271.078125,71582026739,BTC-USD,0.000879679657679322,0.029582806652288563,115233.7359375,116780.74453125,114392.0796875,51.309097563823336,100661480692.6,0.7111163699011857,-0.061464151960277325,0,-7.020885608405526e-05
2025-10-14,115264.8828125,115502.8828125,110029.484375,113118.6640625,92212917403,BTC-USD,-0.01867262888064536,0.029748561595145953,113516.3515625,116770.24609375,114451.9659375,48.66325768969397,104173462288.2,0.8851862593170737,-0.0587955582318872,0,-5.374559343742583e-05
2025-10-15,113113.96875,113622.3828125,110235.8359375,110783.1640625,72574132855,BTC-USD,-0.02064646024028005,0.029408356332882517,113030.1109375,116856.93984375,114431.57609375,38.011816508343244,88063285085.6,0.8241133950937203,-0.03235959604365091,0,-4.1507849645446306e-05
2025-10-16,110782.171875,111990.8125,107537.03125,108186.0390625,87306423067,BTC-USD,-0.023443318504017374,0.028718477835306983,112505.7421875,116780.600390625,114370.855625,31.27839749184362,83477182831.0,1.045871699381043,0.004443012048183981,1,-8.956121703115849e-06
2025-10-17,108179.1328125,109235.8046875,103598.4296875,106467.7890625,99703051669,BTC-USD,-0.01588236351834038,0.028392011175396484,110765.346875,116619.892578125,114249.3153125,26.4226744626649,84675710346.6,1.177469326928456,0.03870786330108489,1,-6.383679502315636e-05
2025-10-18,106483.734375,107490.984375,106387.453125,107198.265625,37779905278,BTC-USD,0.006861009972426446,0.027537030743666348,109150.784375,116373.673828125,114225.06390625,27.656844702519905,77915286054.4,0.48488438137315304,0.011927664991081777,1,0.00014976654103937098
2025-10-19,107204.3125,109488.9921875,106157.7890625,108666.7109375,47657008953,BTC-USD,0.013698405510000455,0.028860039218148396,108260.39375,116086.990234375,114222.23671875,28.455520139090112,69004104364.4,0.6906402074481065,-0.009001146639678548,0,5.640832866786412e-05
2025-10-20,108667.4453125,111711.03125,107485.015625,110588.9296875,63507793085,BTC-USD,0.01768912239467313,0.02129350708101956,108221.546875,115913.632421875,114269.28109375,29.846461276933297,67190836410.4,0.9451853329685604,-0.004694892395352368,0,6.758049394007868e-06
2025-10-21,110587.6328125,113996.34375,107534.75,108476.890625,101194375480,BTC-USD,-0.019098105646452646,0.02108821376316129,108279.7171875,115405.03046875,114253.80703125,30.89183883439337,69968426893.0,1.4462862747329253,0.023572128913978085,1,-1.1726987535413206e-05
2025-10-22,108491.53125,109115.1328125,106778.0,107688.5859375,80807013218,BTC-USD,-0.007267028792566799,0.015306818984017208,108523.8765625,114755.396875,114183.56703125,26.143895819860404,66189219202.8,1.2208485640299203,0.036709003007006746,1,0.0001349653821716924
2025-10-23,107679.4375,111288.59375,107548.4296875,110069.7265625,54944076060,BTC-USD,0.022111355667553845,0.01773729249144943,109098.16875,114145.556640625,114150.49734375,32.66761347238436,69622053359.2,0.7891763228603423,0.039999361200375505,1,-8.495271267940638e-05
2025-10-24,110069.3515625,111842.53125,109770.1484375,111033.921875,48160816980,BTC-USD,0.008759859251149305,0.017414202421146694,109571.6109375,113575.98125,114156.70375,45.813243134830024,69722814964.6,0.6907468811242409,0.02778796063308908,1,-3.4069313308148066e-06
2025-10-25,111032.6171875,111947.703125,110704.40625,111641.7265625,24707667305,BTC-USD,0.005474045023684315,0.016175072960125613,109782.1703125,112982.39375,114176.51859375,51.71989601857898,61962789808.6,0.3987500785765258,0.011773711679961663,1,-1.1750350505215819e-05
2025-10-26,111639.0546875,115260.90625,111268.484375,114472.4453125,41708524143,BTC-USD,0.025355383127430242,0.015358606071624226,110981.28125,112468.389453125,114261.47359375,48.46472480909899,50065619541.2,0.8330771600394803,-0.03858693341390218,0,-2.3932584010192762e-05
2025-10-27,114479.8515625,116273.3125,113882.2890625,114119.328125,61761358733,BTC-USD,-0.0030847352525406047,0.013808935424629604,112267.4296875,112101.78671875,114320.5078125,47.492024780341225,46256488644.2,1.335193408389941,-0.05094475533217213,0,6.469897607045582e-05
2025-10-28,114129.0859375,116078.984375,112291.6796875,112956.1640625,64528066504,BTC-USD,-0.01019252462848308,0.014848735685210064,112844.7171875,111581.8515625,114338.2025,49.63021959267265,48173286733.0,1.3394989397681378,-0.03010017229443751,0,8.550534480287014e-05
2025-10-29,112921.328125,113642.7265625,109368.71875,110055.3046875,62192043469,BTC-USD,-0.025681284408657135,0.01739126933907688,112648.99375,110999.3375,114308.69765625,48.38525176040592,50979532030.8,1.219941435151382,7.915054639795471e-05,1,-0.00030840227082007545
2025-10-30,110059.1953125,111612.3515625,106376.6875,108305.546875,69673964814,BTC-USD,-0.015898895718551742,0.01713881551764185,111981.7578125,110753.896484375,114195.70140625,50.27548432618986,59972791532.6,1.1617595751921377,0.021550864127890534,1,3.535154448981226e-05
2025-10-31,108304.4140625,111031.8203125,108288.2734375,109556.1640625,60090359560,BTC-USD,0.011547120379193476,0.01645865911233962,110998.5015625,110691.310546875,114076.67390625,57.27605772961496,63649158616.0,0.944087256872153,-0.027462084408902965,0,-1.0459413508224345e-05
2025-11-01,109558.625,110574.8984375,109372.953125,110064.015625,25871668762,BTC-USD,0.004635536182247879,0.01621391505760097,110187.4390625,110436.023046875,113955.92265625,56.823138134619036,56471220621.8,0.45813900385239004,-0.07698694381976856,0,2.246279359138638e-05
2025-11-02,110064.4296875,111167.3125,109523.453125,110639.625,34284209459,BTC-USD,0.005229768982454308,0.014733565683511125,109724.13125,110204.450390625,113849.705,54.905940638298944,50422449212.8,0.6799393919622765,-0.06098890033746951,0,3.762015202232451e-06
2025-11-03,110646.90625,110764.9140625,105336.359375,106547.5234375,72852006359,BTC-USD,-0.03698585893164408,0.018534856079559694,109022.575,109875.893359375,113672.50234375,40.92930998929683,52554441790.8,1.386219772802405,-0.049238445021928645,0,6.581050866721575e-05
2025-11-04,106541.421875,107264.8828125,98962.0625,101590.5234375,110967184773,BTC-USD,-0.046523840630681046,0.02247011420518652,107679.5703125,109416.261328125,113395.4153125,36.294282301508844,60813085782.6,1.82472544099629,0.017539852657578292,1,-5.7266112840052376e-05
2025-11-05,101579.234375,104534.703125,98989.9140625,103891.8359375,77584934804,BTC-USD,0.02265282648549194,0.02202061793594081,106546.7046875,109201.551171875,113136.38828125,42.87269689603064,64312000831.4,1.2063834712186339,-0.015494179455721513,0,-0.00011112318470280546
2025-11-06,103893.6640625,104147.3046875,100336.8671875,101301.2890625,63932752861,BTC-USD,-0.02493503798083263,0.02240178694508498,104794.159375,108943.226171875,112833.04390625,33.66818815197158,71924217651.2,0.8888904870824595,0.03374440339442253,1,1.7596425970369575e-05
2025-11-07,101286.2421875,104052.9140625,99257.0546875,103372.40625,92168030081,BTC-USD,0.020445121741957006,0.024604731655046404,103340.715625,108751.933203125,112557.74796875,36.295021356687705,83500981775.6,1.1037957652844341,0.025385763911246917,1,-0.00014853586898303444
2025-11-08,103371.703125,103373.5625,101458.0390625,102282.1171875,51446691095,BTC-USD,-0.010547196317199026,0.023889056596145337,102487.634375,108432.703515625,112289.613125,33.541554473617694,79219918722.8,0.6494161055001602,0.0069939064830721875,1,-6.80186352922398e-06
2025-11-09,102278.984375,105418.3671875,101468.875,104719.640625,59679243013,BTC-USD,0.02383137448193029,0.025501067991374443,103113.4578125,108139.2390625,112069.56671875,32.60965928356241,68962330370.8,0.8653890129888847,-0.029187009301771094,0,-3.0629132307234485e-05
2025-11-10,104723.7734375,106564.6953125,104350.6484375,105996.59375,69585887229,BTC-USD,0.012194017448672767,0.02554303981357536,103534.409375,108015.22421875,111883.37671875,35.978219179486246,67362520855.8,1.0330059853009281,-0.05942739610441494,0,3.94654954441599e-05
2025-11-11,105996.859375,107428.2578125,102457.328125,102997.46875,71130078574,BTC-USD,-0.028294541304540788,0.026551990288634284,103873.6453125,107780.668359375,111688.3559375,33.833635384789034,68801985998.4,1.033837578113721,-0.08349408768844135,0,2.505976754559625e-06
2025-11-12,103011.4375,105297.234375,100836.6171875,101663.1875,64347179408,BTC-USD,-0.012954505253314763,0.026296590647450446,103531.8015625,107360.34140625,111481.3296875,35.646691322175016,63237815863.8,1.0175427239073107,-0.06014014721405425,0,0.00013562226498891507
2025-11-13,101674.1484375,104005.4921875,97988.71875,99697.4921875,101546815416,BTC-USD,-0.01933536967351135,0.02468624922484925,103014.8765625,106793.519921875,111208.706875,35.38531776423142,73257840728.0,1.386156272241691,-0.05537164417453766,0,0.00010781618961140679
2025-11-14,99694.703125,99804.4296875,94000.734375,94397.7890625,114346441890,BTC-USD,-0.053157837862490065,0.02594305069349934,100950.50625,105931.323046875,110915.676875,27.374958196183385,84191280503.4,1.3581744000838925,-0.024406440928130158,0,-2.7975252323846224e-05
2025-11-15,94420.46875,96728.46875,94420.46875,95549.1484375,38500716654,BTC-USD,0.012196889211437911,0.02480023111012666,98861.0171875,104985.158203125,110632.40328125,28.743768956273726,77974246388.4,0.49376195907329273,-0.027213988612372342,0,0.00024025655394305863
2025-11-16,95556.8671875,96564.1875,92971.1640625,94177.078125,71086235862,BTC-USD,-0.01435983820826503,0.02421916131162957,97096.9390625,103988.045703125,110322.3059375,26.441068627937653,77965477846.0,0.9117655381066463,-0.0287871103189421,0,8.078303288122907e-05
2025-11-17,94180.875,95928.3671875,91214.7578125,92093.875,94186165724,BTC-USD,-0.02212006537551514,0.02254246938375103,95183.0765625,102944.93125,109921.730625,28.054100258999696,83933275109.2,1.122155254890991,-0.002491598246897486,0,4.0316338918058784e-05
