date,Open,High,Low,Close,Volume,symbol,daily_return,price_change,volatility_5,volatility_10,volatility_20,MA_5,price_vs_MA_5,MA_10,price_vs_MA_10,MA_20,price_vs_MA_20,MA_50,price_vs_MA_50,RSI_14,volume_MA_5,volume_ratio,price_range,momentum_5,momentum_10,target_3_days,target_7_days,target_direction_3d,target_direction_7d,trend_5,trend_20,resistance_20,support_20,distance_to_resistance,distance_to_support
2024-02-01,391.52635632259523,398.0461611804006,390.64179473906245,392.3612060546875,29727100,META,0.011893169880164756,4.611572265625,0.016343660971672974,0.013131236059434816,0.014085117018101122,393.6015625,-0.0031512995970702784,389.04664001464846,0.008519713831519615,375.49517822265625,0.044916762744767524,352.14115478515623,0.11421570788586122,69.5347425038185,20085740.0,1.480010196288511,0.018871301053922533,0.004069416555562366,0.04958401608162033,0.1518314068438935,0.18775004098968862,1,1,0,1,403.87021338411336,341.29604614854907,0.029332684148752782,0.13014834065685113
2024-02-02,456.7840522194359,482.9825308213264,450.2344325689633,472.0797424316406,84707600,META,0.20317639753060068,79.71853637695312,0.09207997209473878,0.06434936368289697,0.04609459218704912,409.6724792480469,0.15233452659095414,398.14455261230466,0.18569936304347912,381.84950256347656,0.23629791125147448,354.82500915527345,0.3304579165812289,85.98020993144316,34394520.0,2.462822565920385,0.06936984434807679,0.20513000494700462,0.23872731254762103,-0.011368592722437953,-0.031305875470914346,0,0,1,1,482.9825308213264,344.1384999255131,0.02309522610211252,0.2710161674108565
2024-02-05,467.00106673786183,469.00867935040276,456.40637654057167,456.59521484375,40832400,META,-0.03280066098183154,-15.484527587890625,0.09786301991906882,0.06630665596356311,0.04740844580769874,421.2789245605469,0.0838311347287144,405.8599914550781,0.12500671279959708,387.1895812988281,0.17925490999034777,357.2586065673828,0.2780523868432858,81.02016432863988,38812520.0,1.0520419699622698,0.027600602021516325,0.1456036517910413,0.20333707670967116,0.02305130589333637,0.030190996859182917,1,1,1,1,482.9825308213264,349.8929775931583,0.057791486024675764,0.23369109833335838
2024-02-06,461.15710076297296,464.2579798634834,450.2244970810922,451.9339599609375,21655200,META,-0.010208724776950673,-4.6612548828125,0.09858969770528339,0.06694984966287179,0.04770687626370501,432.1439514160156,0.04579494513361926,412.76939697265624,0.09488242896765842,391.9631546020508,0.15300112945507194,359.50933166503904,0.25708547777561463,78.40647561080071,39420620.0,0.54933686989195,0.03105206518139108,0.13662959866130886,0.18047767307474327,0.029446608447905698,0.06445727630520204,1,1,1,1,482.9825308213264,353.1826660122648,0.06870156618252933,0.21850823947199757
2024-02-07,455.19387464845715,468.63102788936953,453.38501834758443,466.7128601074219,23066000,META,0.032701459628663,14.778900146484375,0.09392299630493052,0.06707293791260423,0.04773973740650642,447.9365966796875,0.04191723464193964,420.61005859375,0.10960936518686704,397.53679809570315,0.17401172002966447,362.1204345703125,0.2888332597446963,79.37146539510474,39997660.0,0.5766837359985559,0.032666786893928684,0.20364487658372799,0.20191953501484083,-0.0014694721140644518,0.007943113715485062,0,1,1,1,482.9825308213264,356.4127663145458,0.034860129438387004,0.23633395010261474
2024-02-08,465.45063137550386,467.706712266999,462.1807805672625,467.1203308105469,18815100,META,0.0008730650855244271,0.407470703125,0.09489960622735247,0.06722238371015256,0.04754880486504532,462.8884216308594,0.009142395838672046,428.2449920654297,0.09077826820022117,402.4828048706055,0.16059698739358996,364.809853515625,0.28044877710667393,78.43484636454465,37815260.0,0.49755310422300414,0.01182978203956116,0.19053648424518155,0.19538127312416975,-0.02102126017673811,0.0037234267390162668,0,1,1,1,482.9825308213264,356.4127663145458,0.03395741731740824,0.23700009867671862
2024-02-09,470.0522544059997,470.68831736345834,464.60581936676004,465.24188232421875,18413100,META,-0.0040213374636651755,-1.878448486328125,0.023612530710637285,0.06743890380898122,0.04758172142749901,461.520849609375,0.008062545208939564,435.59666442871094,0.06805657691246969,407.37464599609376,0.14204918469246097,367.3764306640625,0.26639012057266864,78.32162436212784,24556360.0,0.7498301865585942,0.013073840141630906,-0.014484544649598141,0.18767424558177948,0.011044571462755837,0.0008899940347835145,1,1,1,1,482.9825308213264,356.4127663145458,0.03813209681054578,0.23391943018112
2024-02-12,465.32139724444704,476.21423671361623,463.72124595990954,466.02703857421875,19382000,META,0.0016876301980328634,0.78515625,0.01662013261313496,0.06766785459988559,0.047646891754454836,463.40721435546874,0.005653395410327722,442.3430694580078,0.05354208249544934,412.0662216186523,0.13095180853116517,370.09367736816404,0.25921372634156503,77.94096664151934,20266280.0,0.9563669306848618,0.02680743759402509,0.02065686065872674,0.16926822679621734,0.03226712673502985,0.037845691384077895,1,1,1,1,482.9825308213264,356.4127663145458,0.03638306545255818,0.23521011269009434
2024-02-13,454.07078532038025,465.023285979823,452.3016924663456,457.3008728027344,20916600,META,-0.018724591170035,-8.726165771484375,0.018764634859254278,0.06839741349191224,0.047645259354804806,464.4805969238281,-0.015457532927411255,448.31227416992186,0.020049860667891606,416.6708358764648,0.09751111291675718,372.7367828369141,0.22687347710145422,72.67738043604298,20118560.0,1.0396668548842463,0.027818869960838877,0.011875436053224941,0.15012757077641403,0.028688203774015486,0.053080864754266655,1,1,0,1,482.9825308213264,356.4127663145458,0.056159214963209386,0.2206164748163702
2024-02-14,465.0630521639691,471.2051809036013,463.2343292219395,470.3802795410156,16858400,META,0.028601315930405713,13.07940673828125,0.017133745880293004,0.06692909662328599,0.04772051973266469,465.2140808105469,0.01110499218223926,456.57533874511716,0.03023584417380243,421.8842010498047,0.11495116046188669,375.6877917480469,0.25205101116640427,74.45952309200892,18877040.0,0.8930637430444603,0.01694554816251972,0.007857978099745644,0.21310309166379393,-0.00323283195858981,0.018955104126462174,0,1,1,1,482.9825308213264,368.67718482507104,0.02679162334910749,0.21621462280515613
2024-02-15,472.36800252431715,485.62626594797376,469.3267532855638,481.06439208984375,24212300,META,0.022713776519826423,10.684112548828125,0.019496703343786646,0.06684721627680712,0.047735542416632804,468.0028930664063,0.02790901342053065,465.44565734863284,0.03355651620036926,427.24614868164065,0.12596542666158794,378.9478948974609,0.26947371542996534,75.90042449733606,19956480.0,1.2132550429735103,0.033882184860121255,0.029851111928913765,0.2260753220918399,-0.03202990601463451,0.007306808036124934,0,1,1,1,485.62626594797376,375.65418146072307,0.009482875750400658,0.21911871334146518
2024-02-16,475.1806436421215,476.0254418261027,466.3351792976931,470.4200134277344,23324600,META,-0.02212672323525755,-10.644378662109375,0.02317040064169144,0.022219239016326206,0.04837130617099512,469.03851928710935,0.0029453745989236335,465.27968444824216,0.01104782596641396,431.7121185302734,0.08966135819684351,382.02949768066406,0.23137091843351687,70.38227890922683,20938780.0,1.1139426461331559,0.02059917148890217,0.011129976255893181,-0.0035157810317323346,0.028153863030818016,0.023691246349350603,1,1,1,1,485.62626594797376,378.82463001915954,0.03232484181410229,0.1947097929383603
2024-02-20,466.84205802877113,473.26246954605705,463.70141549883033,468.859619140625,18015500,META,-0.0033170236013971843,-1.560394287109375,0.023318128881382783,0.01914603536621335,0.048353852831884175,469.60503540039065,-0.0015873259517544813,466.50612487792966,0.005044937541412109,436.1830581665039,0.07491478718012812,385.0965899658203,0.21751173954108283,70.14105274200016,20665480.0,0.8717677982800303,0.02039214651232115,0.0060781463991281814,0.02686056248108515,0.027119374167186905,0.040063742905955824,1,1,0,1,485.62626594797376,379.7389954417294,0.035760483784209075,0.19007954633040314
2024-02-21,464.13370687149865,466.6210257722033,459.4476065641492,465.65594482421875,12921800,META,-0.00683290730448971,-3.20367431640625,0.02126465164908291,0.01891924842766427,0.048528503920533046,471.2760498046875,-0.011925293005655369,467.8783233642578,-0.004749907035784817,440.32386016845703,0.057530574532277834,387.9179290771484,0.20039809949493192,72.8834686889331,19066520.0,0.6777219964629099,0.015404977189246463,0.018270404712497745,0.030362809788552436,0.02929296199510656,0.07322185357071098,1,1,0,1,485.62626594797376,383.2970817231635,0.04288643009012511,0.1768663409465223
2024-02-22,477.8040159750992,487.5045599749516,473.6452259371016,483.6641540527344,21625800,META,0.038672778536766206,18.008209228515625,0.02444026046413279,0.020017741379723324,0.048924229329175103,473.9328247070313,0.020533140644391157,469.5734527587891,0.030007448698730954,445.09175567626954,0.08666167792269741,390.9769860839844,0.2370655339515051,74.861842871747,20020000.0,1.0802097902097902,0.028654871198784102,0.02824071307725906,0.03632060608188703,0.001892394124012764,0.024808143654873493,1,1,1,1,487.5045599749516,383.2970817231635,0.007940232680130515,0.2075139773923121
2024-02-23,485.57439655198465,491.8523871951448,479.90332752536756,481.5747985839844,18374300,META,-0.004319847669592258,-2.08935546875,0.02269727873318355,0.020167536532574977,0.049047856557276816,474.0349060058594,0.015905775044405157,471.01889953613284,0.02241077599698693,449.63194580078124,0.07104222260345372,394.14274230957034,0.22182840602895726,54.47916114810626,18852400.0,0.9746398336551314,0.024812468810477772,0.001060994125803738,0.030943777909122616,-2.065874397494394e-05,0.012788459594696988,0,1,1,1,491.8523871951448,384.72825132186983,0.021341624689208166,0.2011038524999247
2024-02-26,481.01762230545603,483.67409221525327,478.1621851039499,479.29638671875,12101400,META,-0.004731169222172316,-2.278411865234375,0.01948390152913754,0.02019713510301971,0.0491439683602673,475.8101806640625,0.007326884115472332,472.4243499755859,0.014546322058799799,454.01050720214846,0.05569448088861728,397.08522521972657,0.20703656615159116,62.23316745549091,16607760.0,0.7286593736903713,0.011499997212659395,0.018869038386223336,0.03020902659132685,0.017416162302528848,0.029787876719515882,1,1,1,1,491.8523871951448,384.72825132186983,0.026196735098198472,0.19730617216685284
2024-02-27,477.54532275377636,484.79832252512506,477.4856295315019,484.5794372558594,10809600,META,0.011022512757246083,5.283050537109375,0.019210488974532997,0.020336645198802104,0.049121745233392855,478.9541442871094,0.011744951026831263,474.27958984375,0.02171682617736659,458.3113296508789,0.05731498635434207,400.12303283691404,0.21107608782263942,67.47483063874554,15166580.0,0.7127249518348896,0.015090803346989805,0.03352777137013274,0.039809704472085095,0.03131106647969073,0.05161701219980297,1,1,1,1,491.8523871951448,384.72825132186983,0.015008787786109198,0.20605741444465756
2024-02-28,482.53988983987574,488.5591897226628,480.30130272206185,481.5648498535156,12715500,META,-0.0062210386379891736,-3.01458740234375,0.019103887843667747,0.019126029271576386,0.04918348136245496,482.13592529296875,-0.0011844697926338688,476.70598754882815,0.01019257662290185,462.509130859375,0.04120074118046868,403.13175598144534,0.1945594528546153,59.09571064175904,15125320.0,0.8406764286639886,0.01714802690253005,0.0341645053738171,0.05305910942629666,0.02927562926978644,0.04530809636070954,1,1,0,1,491.8523871951448,384.72825132186983,0.02136272476024458,0.201087347967988
2024-02-29,485.96246023565226,489.2059340669862,480.1620150754788,487.6438903808594,17732000,META,0.012623513799217001,6.07904052734375,0.009308203073151599,0.01757167475372977,0.04847018944738506,482.93187255859374,0.009757106726671738,478.4323486328125,0.019253593061527186,467.5038436889648,0.04307995958487543,406.22727355957034,0.20042134568630798,61.75267849840517,14346560.0,1.2359757321615774,0.01854615462206223,0.008228305312225181,0.03670139159891894,0.00018355209284126595,-0.013343542492810112,1,0,1,1,491.8523871951448,390.64179473906245,0.008630266670620015,0.1989199445645395
2024-03-01,489.6138212552643,501.6922572534082,489.3551607182456,499.75213623046875,16273600,META,0.02483009853799789,12.108245849609375,0.01300825788251678,0.017836225503420722,0.048547461864100534,486.5673400878906,0.027097577367598324,480.301123046875,0.04049753841965398,472.8733901977539,0.05684131649166013,409.3721453857422,0.22077708965656062,67.68954875719888,13926420.0,1.1685415203620169,0.024686430813920766,0.037745616464841536,0.03884665846798918,-0.012363184435057462,-0.005076613296703836,0,0,1,1,501.6922572534082,450.2244970810922,0.0038821665427453108,0.09910440708258643
2024-03-04,500.44856300487174,501.8613735006119,493.9019530154449,495.6629638671875,12324100,META,-0.008182400968058001,-4.08917236328125,0.013882057750819262,0.01602308848269283,0.019062677566436752,489.8406555175781,0.011886127221223397,482.82541809082034,0.026588380179173532,474.05255126953125,0.04558653368657706,412.3211370849609,0.20212843651780465,64.69333297827205,13970960.0,0.8821226315156582,0.01605813035347075,0.03414709061439547,0.053660451764199646,0.028101789176674385,-0.005259057385214705,1,0,1,1,501.8613735006119,450.2244970810922,0.012505291065251417,0.09167210402726503
2024-03-05,492.4891510452031,493.06619568074393,485.41523054068824,487.7333984375,15325300,META,-0.015997897780823944,-7.9295654296875,0.01678932487023963,0.01724110774416052,0.01774450752610356,490.47144775390626,-0.005582484625649586,484.7127960205078,0.006231736487650741,475.6094604492188,0.025491372641810006,415.13300537109376,0.17488465654882734,65.2084144809304,14874100.0,1.0303346084805132,0.01568677717081971,0.006508656660095369,0.0402546487826545,0.03208768988805444,0.0032842474256116194,1,1,0,1,501.8613735006119,450.2244970810922,0.02896659344710077,0.07690451684582422
2024-03-06,495.10580533869546,500.4187148526618,491.7827509398976,493.5736083984375,11757900,META,0.011974185035609874,5.8402099609375,0.0166933009240781,0.016940807802948123,0.017537757823154254,492.8731994628906,0.0014210732827635297,487.5045623779297,0.01244920866156507,477.6914428710937,0.033247749701954765,417.9660675048828,0.1808939690843956,62.49473494193393,14682580.0,0.8008061253539909,0.017496810538121074,0.024936949921853246,0.05995341385528197,-0.025197082620744382,-0.0241689141814162,0,0,1,1,501.8613735006119,452.3016924663456,0.016791345730714342,0.08361856312782247
2024-03-07,500.727171245107,517.2130988283819,498.83681484016904,509.59197998046875,18586400,META,0.03245386566353936,16.01837158203125,0.0207945317046337,0.01567353838593005,0.017516923539007405,497.2628173828125,0.02479405691852632,490.09734497070315,0.03977706716801532,479.8353988647461,0.06201414315434928,421.13341064453124,0.21004880425078243,64.53314138062915,14853460.0,1.2513178747578004,0.03606077942772412,0.04500843757617368,0.05360708605440179,-0.024287847093508286,-0.029696059062264357,0,0,1,1,517.2130988283819,452.3016924663456,0.014955335145198473,0.11242384057205708
2024-03-08,511.5818302657337,520.9142561065056,496.81710817540096,503.3836364746094,18597100,META,-0.012182969414270106,-6.208343505859375,0.02034044937470848,0.01639301571242328,0.017900205865492454,497.98911743164064,0.010832604276155289,492.2782287597656,0.022559209540552905,481.64856414794923,0.04512641362299119,424.14796447753906,0.18681139279937842,67.58798453777791,15318160.0,1.2140557351535695,0.04787034417699055,0.007266602743376538,0.04528650160837189,-0.020515948135405693,-0.01919171863988056,0,0,1,1,520.9142561065056,452.3016924663456,0.03482556515875238,0.10147716434727674
2024-03-11,494.48893402114817,494.79735912182264,473.58549721174256,481.1369934082031,20428300,META,-0.044194211838525566,-22.24664306640625,0.02914581042968165,0.022492970907639645,0.02084684551872253,495.08392333984375,-0.028170839880144793,492.46228942871096,-0.022997285809733592,482.4433197021484,-0.0027077300909706947,426.6579528808594,0.1276878589968684,55.366131554088675,16939000.0,1.2059920892614677,0.044086948625219606,-0.029306144533479017,0.00384022650797311,0.01703930959335831,0.045348323663410905,1,1,0,0,520.9142561065056,452.3016924663456,0.08267346565171495,0.05993158151818361
2024-03-12,490.75801722570446,499.7621002189812,482.2712856744188,497.215087890625,15448200,META,0.033416874409365915,16.078094482421875,0.03287363038056484,0.024655422190129873,0.022005927612711675,496.9802612304687,0.00047250701582157717,493.7258544921875,0.007067147419343112,484.0027221679687,0.027298122753266263,429.4797619628906,0.1577148259982204,62.39837369132074,16963580.0,0.9106686206567246,0.03517756192549399,0.01944031203009766,0.02607549900656214,-0.031315658062263774,0.016027932434217407,0,1,1,1,520.9142561065056,452.3016924663456,0.04766381550572302,0.09032991258334302
2024-03-13,492.8771642279452,498.43880548351103,488.53926440350904,493.0562438964844,12090700,META,-0.008364275532715681,-4.158843994140625,0.03294389186410154,0.02475218073150047,0.021573568854320376,496.8767883300781,-0.00768911835554642,494.8749938964844,-0.0036751705429279857,485.7904907226563,0.01495655701909615,432.30506103515626,0.14052850252518256,54.14033218443689,17030140.0,0.7099589316353242,0.020077914441907714,-0.0010482013080721497,0.023862609670253665,0.0028452383803958536,0.02827047522208903,1,1,0,1,520.9142561065056,459.4476065641492,0.05650067827935251,0.0681639016813489
2024-03-14,497.72249846706455,498.8069659240357,485.6838682512892,489.3352355957031,12620000,META,-0.0075468232008891745,-3.72100830078125,0.027581511064364562,0.024669722704892132,0.020907244551474413,492.825439453125,-0.007082028600826407,495.04412841796875,-0.01153208874633005,486.7382385253906,0.005335510680607891,435.2083996582031,0.1243699247992669,53.372531482123975,15836860.0,0.7968751381271287,0.026818215240050722,-0.03975090892431632,0.00346840234894108,0.008966457840347886,0.022751701530265622,1,1,0,1,520.9142561065056,459.4476065641492,0.0645345321849939,0.0610780235254662
2024-03-15,486.5295685060508,489.3352413379618,478.85865464208615,481.64447021484375,29153600,META,-0.015716761887168973,-7.690765380859375,0.02776737267378583,0.023555526263406616,0.02068600404833326,488.47760620117185,-0.013988637144430327,493.2333618164063,-0.023495757786709093,486.7672424316406,-0.010524069350283605,437.9940997314453,0.09965972260850653,50.97458395694614,17948160.0,1.6243224932249323,0.02175170139751098,-0.043186080525011605,-0.03623329387285368,0.04424690952512922,0.024354403091114918,1,1,0,0,520.9142561065056,459.4476065641492,0.08153272448896809,0.046085577689272184
2024-03-18,489.4148164622424,494.89687699785384,484.3406798670799,494.4591064453125,11755300,META,0.02660600717527717,12.81463623046875,0.02256791926510483,0.02528196466115399,0.020779818088179417,491.14202880859375,0.006753805298978843,493.11297607421875,0.0027298619918920686,487.96919708251954,0.013299834091157647,440.98341674804686,0.1212646273449749,53.85932030795692,16213560.0,0.7250289264048118,0.021348979102969422,0.027688814661163796,-0.00242878227673593,0.02169099757592008,-0.006277944871993291,1,0,1,1,520.9142561065056,459.4476065641492,0.05350321051093648,0.07080767534622313
2024-03-19,485.6937970756928,494.1108756754071,478.8387316590168,493.72283935546875,10903100,META,-0.0014890353524618094,-0.73626708984375,0.01639779527356151,0.024667868091109612,0.020755967679914417,490.4435791015625,0.0066863149883897854,493.7119201660156,2.2116519790449374e-05,489.21235809326174,0.009219884141494106,443.86200073242185,0.11233410055551274,54.83537468865053,15304540.0,0.7124095203122733,0.030932626159906555,-0.007023617384524061,0.012280153332038468,0.02688216507162977,-0.021481539171891217,1,0,1,1,520.9142561065056,459.4476065641492,0.05507425337368215,0.06942201182360569
2024-03-20,496.96629676558456,505.62217834385024,492.6582739590509,502.95574951171875,11711100,META,0.01870059357250531,9.23291015625,0.017883560659198952,0.02507371110557122,0.020917494586140596,492.42348022460936,0.021388641504879624,494.65013427734374,0.016790888466065024,491.07734832763674,0.024188452643018277,446.79186584472654,0.12570480342296753,55.94067412707768,15228620.0,0.769019123203547,0.02577543729718764,0.020077842513465338,0.019008595584607324,-0.004945374796718638,-0.02803052560261743,0,0,1,1,520.9142561065056,473.58549721174256,0.035705937574471304,0.05839530083608651
2024-03-21,512.0991762768015,512.4274586427936,503.4432945285819,505.1844177246094,9712500,META,0.004431141735737665,2.228668212890625,0.016694274266089666,0.022773273893135566,0.0192726778973636,495.59331665039065,0.019352765164475816,494.2093780517578,0.022207267122523522,492.15336151123046,0.02647763325920427,449.79075439453123,0.12315429516696974,52.28259590031646,14647120.0,0.6630996400657604,0.01778392958887584,0.03238921086402424,-0.008649198631478283,-0.02337717380266613,-0.020462389398306136,0,0,1,1,520.9142561065056,473.58549721174256,0.03113682415769011,0.06254927785617548
2024-03-22,504.4282784493419,507.3832145494439,501.78176746719834,506.99517822265625,8120600,META,0.003584355404710804,1.810760498046875,0.01177877742422679,0.02242803629160855,0.01920952379589041,500.6634582519531,0.012646658881017903,494.5705322265625,0.025122091160906468,493.42438049316405,0.027503297903376023,452.56665405273435,0.12026631587306413,54.8546484264692,10440520.0,0.7777965082198971,0.011048324171212489,0.05263365319341151,0.007174531483263635,-0.030848930050758394,-0.005573152654711477,0,0,1,1,520.9142561065056,473.58549721174256,0.027454063631620052,0.06589743343918196
2024-03-25,503.2244135674405,504.647152675605,497.7025474521958,500.46844482421875,8380600,META,-0.012873363847991426,-6.5267333984375,0.011397508554065197,0.016939726974848975,0.019461068573060843,501.8653259277344,-0.002783378391271407,496.50367736816406,0.00798537379837927,494.4829833984375,0.01210448413137466,455.22792175292966,0.09937993894812736,55.52198302418493,9765580.0,0.8581773944814338,0.013876209969338606,0.012153357680289467,0.04017868440977379,-0.03467058145597235,0.01570525661078026,0,1,0,1,520.9142561065056,473.58549721174256,0.040853347486209855,0.05371556966377446
2024-03-26,502.56775456874027,507.4130468442872,492.6980599842247,493.3746337890625,11205400,META,-0.014174342275760976,-7.09381103515625,0.013682180954352375,0.014252397084796432,0.019683965416745556,501.7956848144531,-0.0167818322879848,496.1196319580078,-0.005532935993908916,494.92274322509763,-0.0031279820077515508,457.65150390625,0.07805749479221724,49.91465141911651,9826040.0,1.14037801596574,0.02982517918899278,-0.0007052652594738973,-0.007723929130660889,-0.009155311160457424,0.06342131144498953,0,1,0,0,520.9142561065056,473.58549721174256,0.05581888575410101,0.04010975680963077
2024-03-27,496.7673278906444,497.3543618813131,485.59431061422856,491.35491943359375,9989700,META,-0.004093672874824539,-2.01971435546875,0.00878798856003938,0.014059377949765865,0.01964812880792414,499.47551879882815,-0.01625825302662154,495.9494995117187,-0.009264209526672618,495.41224670410156,-0.008189800105872558,460.1744305419922,0.06775797789302906,41.10970144502015,9481760.0,1.053570223249692,0.023933923935555268,-0.023065309601068007,-0.003450568741297233,0.007107322791443105,0.05141137184068434,1,1,0,0,520.9142561065056,473.58549721174256,0.060158829196187126,0.036164128044825064
2024-03-28,490.3400966676568,490.389861263491,482.6891012766324,483.1169128417969,15212800,META,-0.016765898266151824,-8.238006591796875,0.008432560423970595,0.014869411308892803,0.01984604807295316,495.0620178222656,-0.024128502188501932,495.3276672363281,-0.024651872290237575,495.18589782714844,-0.024372634677824356,462.51450927734373,0.044544340017880435,40.31198303101741,10581820.0,1.4376354918152077,0.01593974415335842,-0.043682077492030125,-0.012707694646873824,0.0435768305720976,0.06450037979820955,1,1,0,0,520.9142561065056,473.58549721174256,0.07823643151380621,0.019729004256937497
2024-04-01,484.72869242617224,494.90678136689104,479.3361719911736,488.8576354980469,9247000,META,0.01188267788532138,5.74072265625,0.011684740686330809,0.01442601017369978,0.019184010317386153,491.43450927734375,-0.005243575147146573,496.0489837646484,-0.014497254307476837,494.6411727905273,-0.011692389575765683,464.8151531982422,0.05172482466282813,54.38219973643404,10807100.0,0.8556411988415024,0.03185100987499997,-0.0357745862360922,0.014976119792230902,0.03982917165218791,0.057962890929937894,1,1,0,0,520.9142561065056,473.58549721174256,0.06557455234548915,0.031240461797727874
2024-04-02,482.6393866829691,495.00632951131587,482.1916571161402,494.8471374511719,11081000,META,0.012252037235795488,5.989501953125,0.013841219479182756,0.012202003114636706,0.019320905239782766,490.31024780273435,0.00925309978481792,496.08778686523436,-0.002500866675033686,494.6003814697266,0.000498899699009625,467.09008361816404,0.05942548302031314,48.48212877951753,11347180.0,0.9765421893369102,0.02589622415758667,-0.011232091515822273,0.0007847585387776856,0.060256916509750624,0.051852677782649126,1,1,1,1,520.9142561065056,473.58549721174256,0.05267711315780998,0.04296607705753833
2024-04-03,496.3992343504389,504.6670805134186,496.22015466439456,504.16961669921875,12099200,META,0.01883910917635001,9.322479248046875,0.014545342454332446,0.013521414918975256,0.019363993938300725,492.4692443847656,0.02375858482100801,497.13246459960936,0.014155486918918214,495.4221923828125,0.017656504797118888,469.5846594238281,0.07365010032019725,56.6814412096362,11525940.0,1.0497365073911542,0.016754135055431947,0.0218798903933346,0.021159194007285054,0.024687194132427148,0.010182662525581643,1,1,1,1,520.9142561065056,473.58549721174256,0.03321231357992859,0.06066236138486363
2024-04-04,513.8005016929203,527.3116357014082,507.9901280675933,508.32843017578125,26476300,META,0.008248837968043654,4.1588134765625,0.013765059390941227,0.012465055699233538,0.019279080576739188,495.86394653320315,0.025136902430036745,497.66973266601565,0.02141721067236091,496.15993347167966,0.02452535136998546,472.0944299316406,0.07675159448372937,61.35905113616245,14823260.0,1.7861320654161095,0.03800988984057718,0.034544297962364245,0.01068221343384268,0.011704454596790148,-0.02092309340041898,1,0,1,1,527.3116357014082,473.58549721174256,0.03734437107730244,0.06834741262066435
2024-04-05,514.2382184944101,528.0080419587476,511.80063394861423,524.6651000976562,19263300,META,0.03213802131080046,16.336669921875,0.009451422023253947,0.015888710611221404,0.019252631771344116,504.173583984375,0.04064377183616252,499.6178009033203,0.0501329199020728,496.91358947753906,0.05584775946517273,474.82160705566406,0.10497309368684427,73.3174917081233,15633360.0,1.2321919280308264,0.030890958836630664,0.08600027478124095,0.03856152662188084,-0.014241204134938679,-0.05230020824528481,0,0,1,1,528.0080419587476,473.58549721174256,0.006371572762261424,0.09735658589909298
2024-04-08,526.5953027550338,528.7940538594455,516.2579905449139,516.6161499023438,13260600,META,-0.015341119875925346,-8.0489501953125,0.017399713803875207,0.017017986422146636,0.01938442932855186,509.72528686523435,0.01351877808434332,500.57989807128905,0.03203534918769546,497.5752151489258,0.038267450173777195,477.33851013183596,0.08228466578080984,62.663482025872476,16436080.0,0.8067982146594566,0.024265720916586304,0.056782409414586565,0.018976455976199125,0.007530033119338864,-0.04830038471267173,1,0,1,1,528.7940538594455,473.58549721174256,0.023572441472075076,0.08329327818871961
2024-04-09,519.5810579687534,523.2026092637582,504.16963806773947,514.2781372070312,10863800,META,-0.0045256283524129914,-2.3380126953125,0.01872037261790877,0.01640026318804755,0.016239745654189564,513.6114868164062,0.001297966279448337,501.9608673095703,0.02453830706660365,499.2322723388672,0.030138005296963755,479.7895697021484,0.07188269542060532,61.53680405541042,16392640.0,0.6627242469791321,0.037009100366163665,0.03926667102884207,0.02759353267050213,-0.009673231439177088,-0.02921284800152102,0,0,1,1,528.7940538594455,478.8387316590168,0.02822580934754113,0.0689109705119503
2024-04-10,506.7066917775848,519.9093702519839,503.2343737666547,517.1932373046875,11418500,META,0.0056683337026297576,2.91510009765625,0.017689616247073787,0.015273862729246442,0.014653623611216955,516.2162109375,0.0018926688981988349,504.3427276611328,0.02547971634913493,500.23117980957034,0.03390843709817193,482.1621746826172,0.07265410781160808,58.600846563967934,16256500.0,0.7023959646910467,0.03224132738515616,0.02583182360478986,0.04827691146725721,-0.03770468935979987,-0.07456281758581318,0,0,1,1,528.7940538594455,478.8387316590168,0.02243033303222364,0.07415894655845125
2024-04-11,518.4666972249036,521.202748072992,514.6660665779463,520.5062866210938,10369500,META,0.0064058248976184284,3.31304931640625,0.017630288395435855,0.014949692006828443,0.01447097564356876,518.6517822265625,0.0035756252230925156,507.2578643798828,0.02611772664659817,501.60368194580076,0.03768434195292736,484.6201239013672,0.07405008779006117,59.13622181387669,13035140.0,0.7955035388956313,0.012558314208804483,0.023956669984209533,0.05932853429269436,-0.0447281447236888,-0.07919189491057377,0,0,1,1,528.7940538594455,478.8387316590168,0.015922511315189746,0.08005197253728687
2024-04-12,515.123737990224,517.5513636364286,506.7464346762261,509.30340576171875,11984500,META,-0.021523046209680485,-11.202880859375,0.01245347429278759,0.015801789267750256,0.015310612995669645,515.579443359375,-0.012172784773503142,509.876513671875,-0.0011240131576741863,502.6020904541016,0.013333242011712487,487.0511993408203,0.045687612413263246,51.23772923911955,11579380.0,1.0349863291471564,0.021215112323944837,-0.029279047402006042,0.05420322125732957,-0.03463557174147491,-0.030865270916744847,0,0,0,1,528.7940538594455,478.8387316590168,0.03826922788504894,0.059816356533368795
2024-04-15,514.0989424271244,515.899819616972,494.7575784901864,497.692626953125,13512900,META,-0.02279737122752712,-11.61077880859375,0.01419659490074667,0.017889715850950248,0.015818040619997826,511.79473876953125,-0.02755423365685794,510.7600128173828,-0.025584199107869354,503.4044982910156,-0.011346484501591814,489.15782775878904,0.0174479456527159,48.588497679101486,11629840.0,1.1619162430437564,0.04248051906297747,-0.03662975490176967,0.01807272877322874,0.0031384455316012527,-0.013453748229745766,1,0,0,0,528.7940538594455,478.8387316590168,0.06249123499522887,0.03788260921109438
2024-04-16,495.5833513425876,502.2095725224191,494.5884237845849,497.2250061035156,9847900,META,-0.0009395776113304555,-0.467620849609375,0.01446330797696564,0.017527239242452867,0.014700430275931117,508.3841125488281,-0.021950147870210435,510.9977996826172,-0.026952745369267617,503.5427932739258,-0.012546673797738772,489.6607330322266,0.015447987884279035,52.09938696815635,11426660.0,0.8618353919693069,0.015327364159652811,-0.033159354578300104,0.004805258982787164,-0.037397865313158585,-0.11681605227351577,0,0,0,0,528.7940538594455,478.8387316590168,0.06349046682772352,0.036977775089354736
2024-04-17,500.5480873965239,500.6077806241888,484.66905121925043,491.66339111328125,12193700,META,-0.011185308305022179,-5.561614990234375,0.012739704596126413,0.016606424500904216,0.014923558845225685,503.27814331054685,-0.02307819711951753,509.74717712402344,-0.03547599049546546,503.43982086181643,-0.023391931389884157,490.3620965576172,0.002653742132190162,50.161937248835464,11581700.0,1.0528419834739287,0.032417970695048225,-0.04936229701001715,-0.024805591554317274,-0.02517369376343581,-0.10296051859786703,0,0,0,0,528.7940538594455,479.3361719911736,0.07552049515439559,0.025072477115277825
2024-04-18,497.28467113332033,509.61183745219193,496.50862889658885,499.2546081542969,14808700,META,0.01543986633584149,7.591217041015625,0.015898552453459985,0.017260866979888635,0.014723791651657625,499.0278076171875,0.00045448476747678157,508.839794921875,-0.01883733714075919,503.2547637939453,-0.007948569844609121,491.3085095214844,0.01617333809371968,58.52967060760676,12469540.0,1.187589919114899,0.026245543539486937,-0.04082886030974531,-0.017850313857807665,-0.011358913663710668,-0.13786360586995694,0,0,1,0,528.7940538594455,479.3361719911736,0.059167096753204806,0.03989634915291033
2024-04-19,500.249610716319,500.249610716319,473.3169422827675,478.6298522949219,25215400,META,-0.04131109762936991,-20.624755859375,0.02151476629774263,0.016901618212003137,0.017285510079875138,492.8930969238281,-0.028937805617331502,504.23627014160155,-0.05078257825342236,501.9270355224609,-0.04641547790564571,491.5468493652344,-0.026278262360938776,45.32898786002908,15115720.0,1.6681573884671057,0.05627034817075334,-0.06022648409531295,-0.08774215741463609,0.025838219868815848,-0.10580586534732173,1,0,0,0,528.7940538594455,473.3169422827675,0.10480792479616062,0.011100247898621783
2024-04-22,487.2358680146265,489.51426035793423,470.9986448773236,479.2864074707031,17271100,META,0.0013717388763638816,0.65655517578125,0.021240308599804466,0.017031925058057465,0.017251205086660053,489.21185302734375,-0.02028864487894133,500.5032958984375,-0.042391106315591065,500.5415969848633,-0.042464381865955025,491.7901708984375,-0.02542499660961428,42.52954665725878,15867360.0,1.0884671426122556,0.03863163067427988,-0.036983106611614414,-0.07225817938269463,-0.08376048860582164,-0.08830667336421172,0,0,0,0,528.7940538594455,470.9986448773236,0.1032944928482425,0.0172918790606139
2024-04-23,488.7582129408432,496.23012938301144,486.48977909071306,493.5836181640625,15079200,META,0.029830202714925314,14.297210693359375,0.027179839861943302,0.020726857374757292,0.01851735576220614,488.48357543945315,0.010440561322908826,498.4338439941406,-0.009730931975267532,500.19735565185545,-0.013222256001681476,492.35700561523436,0.0024913071914056673,45.14952107949381,16913620.0,0.8915418461571207,0.019733941593379194,-0.007323420774809186,-0.04023993544691129,-0.10645034162767963,-0.10969572420690621,0,0,1,0,528.7940538594455,470.9986448773236,0.07133631344239508,0.04575713710018604
2024-04-24,505.4829398204649,507.41310189197856,482.12202764981686,490.9967956542969,37772700,META,-0.0052409002539176575,-2.586822509765625,0.026759037462477864,0.020452327205286395,0.018277068622855188,488.3502563476562,0.005419346610840314,495.81419982910154,-0.009716148058012686,500.0784637451172,-0.018160486302103762,492.8564007568359,-0.003773117483476751,41.94261512911014,22029420.0,1.7146479571409505,0.05150965233583468,-0.001355796406714349,-0.05065116819181814,-0.12336379496454186,-0.08417424519623151,0,0,1,0,528.7940538594455,470.9986448773236,0.07698066166558262,0.04072969712627951
2024-04-25,419.2624796532268,443.5088601229877,412.39748536624825,439.1411437988281,82890700,META,-0.10561301481889818,-51.85565185546875,0.05209004815939933,0.037273569239153405,0.029870153627940176,476.3275634765625,-0.07806900655994498,487.677685546875,-0.09952586141729791,497.46777496337893,-0.11724705418123715,492.49320617675784,-0.10833055503872557,20.111195840554586,35645820.0,2.3253974799850305,0.07084595737854994,-0.12040642865111106,-0.1563192317050648,-0.02539761387546169,0.05505450153953051,0,1,0,0,528.7940538594455,412.39748536624825,0.20415511351331647,0.060899915232791826
2024-04-26,439.22073884001725,444.17548932065966,429.76892644536053,441.0414733886719,32691400,META,0.004327377693205348,1.90032958984375,0.05233847974418929,0.03775641495340293,0.029811064323313933,468.8098876953125,-0.05923171638540137,480.8514923095703,-0.08279067353974001,495.36400299072267,-0.1096618431579256,491.90643005371095,-0.10340372387383745,22.402208152323993,37141020.0,0.8801966128016947,0.03266487109388738,-0.07853329399748521,-0.1340299939109061,-0.009249139585554955,0.05628365310464334,0,1,0,0,528.7940538594455,412.39748536624825,0.19896673162399142,0.06494624598984333
2024-04-29,437.3303675065,437.52936516891833,426.3861640546601,430.4255676269531,21502600,META,-0.02407008501978991,-10.61590576171875,0.05157212874212165,0.037792945897500166,0.029880249791654632,459.0377197265625,-0.06233072113693172,474.1247863769531,-0.09216818020405482,492.442399597168,-0.12593723046786065,490.89365356445313,-0.12317960417380036,21.125047473705294,37987320.0,0.5660467756082819,0.025888799254406607,-0.1019449729475933,-0.13515783775616874,0.02094215298508928,0.0924137055774581,1,1,0,0,528.7940538594455,412.39748536624825,0.22853773946288358,0.041884320116247584
2024-04-30,428.8635173495727,437.39005392041076,427.5402770397191,427.9880065917969,18429500,META,-0.00566314182634442,-2.43756103515625,0.04499554875524377,0.0376444228545546,0.029574369209353416,445.91859741210936,-0.040210457523800924,467.2010864257812,-0.0839319106339742,489.09944305419924,-0.12494685350854173,490.0450134277344,-0.12663531948190898,19.180477448569235,38657380.0,0.4767394996763878,0.02301414228666948,-0.13289665450457122,-0.139246817158879,0.05065446708932786,0.10519083611308955,1,1,0,0,528.7940538594455,412.39748536624825,0.2355347479720259,0.03642747223152549
2024-05-01,426.42594046188236,447.6775776809266,424.9434778127664,436.96221923828125,20344900,META,0.02096837413260455,8.974212646484375,0.04950183308736149,0.03926972091339346,0.029675173386971686,435.11168212890624,0.004253016375751484,461.73096923828126,-0.053643250399385334,485.7390731811523,-0.10041780996415772,489.4070654296875,-0.10715996947318485,22.22292346574119,35171820.0,0.5784431968547548,0.05202760986473987,-0.11005077200964164,-0.11125736197510916,0.06031556088266421,0.08426883268481955,1,1,1,0,528.7940538594455,412.39748536624825,0.2101596673077293,0.05621706589383081
2024-05-02,436.6140150326607,441.7080393780206,430.08729254482085,439.4396057128906,15221300,META,0.005669566762380507,2.477386474609375,0.01659577850637525,0.038655656059324,0.029612370061816735,435.17137451171874,0.0098081616833392,455.7494689941406,-0.03578690572530252,482.2946319580078,-0.08885652753615647,488.88273864746094,-0.10113495328421551,25.340614071541083,21637940.0,0.7034542105209646,0.02644446855068453,0.0006796491703797702,-0.11980861361007233,0.06013407218013711,0.05961336171661391,1,1,1,0,528.7940538594455,412.39748536624825,0.2033372663385624,0.061537740329009945
2024-05-03,443.66809822059327,451.866323045931,441.5986619817251,449.6675109863281,16489100,META,0.02327488269257172,10.2279052734375,0.019643916416201685,0.038604698527330034,0.029059839824405655,436.89658203125,0.029231011365899562,452.8532348632813,-0.007034782202483214,478.5447525024414,-0.06034386829049165,488.2028057861328,-0.07893296462676591,32.881767370684315,18397480.0,0.8962694890822004,0.02283389574150944,0.019558336614875493,-0.06051093798208762,0.04566769405970472,0.044008210547819004,1,1,1,0,528.7940538594455,412.39748536624825,0.17596677754093554,0.08288351884335501
2024-05-06,453.26906654403297,463.79541671673246,451.0404386136402,463.3178405761719,15094600,META,0.03035649509101135,13.65032958984375,0.014610856494793361,0.04023293444102732,0.03016667859903769,443.47503662109375,0.044743902850233885,451.2563781738281,0.026728624759066788,475.8798370361328,-0.02639741271283813,487.83766662597657,-0.05026226494438357,38.952258867167785,17115880.0,0.8819061596599181,0.027529650244485365,0.07641802769887085,-0.03331737901519216,0.020915625142644334,0.034057833886038225,1,1,1,0,523.2026092637582,412.39748536624825,0.12925202408160005,0.10990372213295346
2024-05-07,463.9248080419381,469.13821905027163,458.97005756789605,465.8648986816406,13406800,META,0.005497431530590902,2.54705810546875,0.011114048820603413,0.03876146893659037,0.030257704452300225,451.0504150390625,0.032844407517716556,448.48450622558596,0.03875360734828237,473.4591751098633,-0.016039981538979453,487.56903686523435,-0.044515005142939046,41.425819312402155,16111340.0,0.832134384849429,0.02182641686710169,0.08849989136721237,-0.0561581026240795,0.0169998141556289,0.010656933321568252,1,1,1,0,521.202748072992,412.39748536624825,0.11878518761115708,0.1147702122797849
2024-05-08,461.1489420842111,473.1676541191448,460.6514782847675,470.2027893066406,11683900,META,0.009311477720849615,4.337890625,0.01133415447487767,0.03902574842831841,0.030332866668212905,457.6985290527344,0.027319861131704704,446.4051055908203,0.05330961366206588,471.1096527099609,-0.0019249518622761475,487.28150390625,-0.035048969564203336,40.13115609271034,14379140.0,0.812559026478635,0.026618676279725185,0.07607195451887083,-0.04235059481385495,-0.009712216791642803,-0.0014599932955187134,0,0,1,0,521.202748072992,412.39748536624825,0.1084637520793012,0.12293696518821565
2024-05-09,467.6159026991129,473.66504825100327,465.2579294946105,473.0084228515625,9437700,META,0.005966858574061318,2.805633544921875,0.01127476238161504,0.015440276965069256,0.030324874352023946,464.41229248046875,0.018509696040087675,449.7918334960938,0.05161629808841406,468.73475952148436,0.009117444873175229,487.1103753662109,-0.028950219966155544,47.82739052149091,13222420.0,0.7137649537679184,0.017773718923882804,0.07639005838860191,0.07712162599879058,-0.007509061559246244,-0.01384034622963004,0,0,1,1,517.5513636364286,412.39748536624825,0.09416944526343962,0.12813923506883285
2024-05-10,474.6699851190511,475.07790906146465,467.2179874238937,473.7845153808594,10750000,META,0.0016407583708935025,0.776092529296875,0.01139889577003302,0.01552598624577031,0.030074430474020624,469.235693359375,0.009694109135045315,453.0661376953125,0.04572925663996541,466.9588150024414,0.014617349879950892,486.83318786621095,-0.026803169567267804,47.87555312967226,12074600.0,0.8902986434333229,0.016589654964245977,0.053632970595610896,0.07424027890305096,0.011213805165884105,-0.024296599330201674,1,0,1,1,515.899819616972,412.39748536624825,0.08889126357845933,0.129567404635975
2024-05-13,470.3520250099245,470.9489876451585,460.50224779829614,465.6360778808594,14668800,META,-0.01719861505699427,-8.1484375,0.010554239676557246,0.01406709933185293,0.02990759956601498,469.6993408203125,-0.008650774200272049,456.5871887207031,0.019818534956072664,465.3559875488281,0.0006018840189563335,486.15086669921874,-0.042198400174923156,38.67064029621602,11989440.0,1.223476659460325,0.02243541757847929,0.005003557173202333,0.08180394684272785,0.011153585835802504,-0.0004914810712282058,1,0,0,1,509.61183745219193,412.39748536624825,0.0944423373967695,0.11433519661299332
2024-05-14,461.0195768787777,470.1430759291589,457.7462567171564,469.4565734863281,10478600,META,0.008204896027077746,3.82049560546875,0.010903548384817599,0.013231132284682354,0.030008528518678745,470.41767578125,-0.002043082869549351,460.7340454101562,0.01893180710882114,463.9675659179687,0.011830584660587729,485.6267388916016,-0.03329751867078068,41.35450886437518,11403800.0,0.9188691488801979,0.026406743269009735,0.007709691833086563,0.09689189009000154,0.0001272170926207572,-0.012864202806797786,1,0,0,1,509.61183745219193,412.39748536624825,0.0855356304155218,0.12154284622396835
2024-05-15,472.5707200323795,480.05256461663254,468.8098949375625,479.0974426269531,13100500,META,0.02053623207153965,9.640869140625,0.013691233508744814,0.013189679697659577,0.03035720636336081,472.1966064453125,0.014614328200259541,464.94756774902345,0.030433270027487636,463.33926849365236,0.03401001211171173,485.45401977539063,-0.013094086956739082,74.25707061275186,11687120.0,1.1209348410900204,0.023466352935271453,0.018916632403283895,0.09642761212198758,-0.026373799968342104,-0.006894614424489576,0,0,1,1,509.61183745219193,412.39748536624825,0.06369141663108123,0.13922002358221827
2024-05-16,472.59060073060846,475.26695835113685,470.3520136745161,470.82958984375,16608200,META,-0.017257142383957258,-8.267852783203125,0.016447121881528467,0.01565758366536872,0.030315011113208428,471.76083984375,-0.001973987498217089,468.08656616210936,0.005860077771791206,461.918017578125,0.01929254094124566,484.9991394042969,-0.029215617945117844,66.78626840845875,13121220.0,1.2657512030131344,0.010438903549481276,-0.004606330252381663,0.07143185029928345,-0.018173086795145288,0.014136826827646942,0,1,0,1,507.41310189197856,412.39748536624825,0.0777001123917662,0.12410457145841894
2024-05-17,468.4417575549018,470.40176617909725,466.0440087120484,469.51629638671875,10807300,META,-0.002789318015180564,-1.31329345703125,0.016401031526310145,0.014799404373312668,0.02890844345698614,470.9071960449219,-0.002953659807887976,470.0714447021484,-0.001180987106718323,461.4623397827148,0.01745311785962045,484.1976257324219,-0.030320944518254178,74.60857396779143,13132680.0,0.8229318006682566,0.009281376387965766,-0.009008776892401316,0.04414102623703697,-0.008751708632567468,0.005191578090764315,0,1,0,1,507.41310189197856,412.39748536624825,0.08071456900836935,0.12165458677375576
2024-05-20,467.5662078637851,470.7997223569986,464.67096508940506,466.4618225097656,11745100,META,-0.006505575845736522,-3.054473876953125,0.014456923057977175,0.011937316711539716,0.028934622218558796,471.0723449707031,-0.009787291718906244,470.38584289550784,-0.008342131135553488,460.821110534668,0.012240567643598155,483.459189453125,-0.03515781127789985,74.0335380244272,12547940.0,0.9360181830643117,0.013138818595310056,0.0017733690925847423,0.006785799419430916,-0.00652665115736506,-0.0038179208258857233,0,0,0,1,507.41310189197856,412.39748536624825,0.08779127766957948,0.11590302686000742
2024-05-21,464.7505225667247,468.3123799710204,459.92511818536184,462.2731628417969,11742200,META,-0.008979640917732512,-4.18865966796875,0.014188991149358818,0.012171897282703976,0.02805045887978697,469.6356628417969,-0.015677046235051728,470.02666931152345,-0.016495886246377434,459.2555877685547,0.00657057889682755,483.08191284179685,-0.043074992970839276,66.81647736558097,12800660.0,0.9173120760960763,0.018143518724077247,-0.015301544488311336,-0.007709822847799974,0.02924912959118009,0.004735021340109169,1,1,0,1,507.41310189197856,412.39748536624825,0.09764776041223458,0.10789221932967265
2024-05-22,465.4967664020138,471.31709887265345,463.2880259389991,465.4072265625,10078600,META,0.00677967914346711,3.134063720703125,0.008791676427392562,0.011964926448802975,0.02812584790099973,466.8976196289062,-0.0031921196505366733,469.5471130371094,-0.008816764835017143,457.97610931396486,0.016225993228482505,482.44575561523436,-0.035316984043120336,67.10352765144708,12196280.0,0.8263667282154886,0.017251715219286784,-0.028575013862290555,-0.010198924492158201,0.02595232512269785,0.020757532360982545,1,1,0,1,480.05256461663254,412.39748536624825,0.03146779254439832,0.11389969508591853
2024-05-23,470.48138114067535,471.95385459653926,459.1989054933848,463.4173889160156,11747900,META,-0.0042754764707486625,-1.989837646484375,0.006025774565976598,0.011742382067301417,0.01422086231406457,465.41517944335936,-0.004292491125306941,468.5880096435547,-0.011034470838193755,459.1899215698242,0.009206359172124312,481.852978515625,-0.03825978134741692,60.15875907636002,11224220.0,1.0466562487192874,0.027523673923824217,-0.015742852801996166,-0.02027666627525715,0.018420625104830224,0.024067153011067877,1,1,0,1,480.05256461663254,424.9434778127664,0.03589674470249902,0.08302215674997426
2024-05-24,465.2480124674549,477.41598724025806,463.93470082456554,475.79425048828125,12024300,META,0.02670780568078479,12.376861572265625,0.014686917130967751,0.014863146276654741,0.015195377427692908,466.6707702636719,0.01955014285436074,468.7889831542969,0.014943327564672426,460.9275604248047,0.032253853620241246,481.58215881347655,-0.012018527304781368,59.394671955033566,11467620.0,1.0485436385230762,0.028334277688007843,0.013371110118809648,0.004241875878544299,-0.023357453928355087,0.035213913618175274,0,1,1,1,480.05256461663254,424.9434778127664,0.00894990665393963,0.10687555098307626
2024-05-28,474.1625416023168,478.4208301507775,472.43137744280517,477.4856262207031,10175800,META,0.0035548469337032262,1.691375732421875,0.013762768679161812,0.013500261699940785,0.013700254177974158,468.8755310058594,0.0183632854467215,469.97393798828125,0.015983201674066416,463.2805633544922,0.03066190121026402,481.49898193359377,-0.008335128138327264,58.86458087927866,11153760.0,0.9123201503349543,0.012543734049920622,0.023632810187176112,0.02544808897491757,-0.027275355262465828,0.028838221863911384,0,1,1,1,480.05256461663254,424.9434778127664,0.005375949044260703,0.11003922531408461
2024-05-29,472.25232339256837,477.41599990303325,471.29720142821515,471.9538269042969,9226200,META,-0.01158526877592192,-5.53179931640625,0.014445363447558703,0.014027202704548082,0.014009944514618605,470.81166381835936,0.0024259447539476398,470.2236633300781,0.003679448120424089,465.4788543701172,0.013910347319518124,481.04887634277344,-0.018906705504901478,51.31184017032111,10650560.0,0.8662643091067512,0.012964824366301581,0.020941436450666373,0.005319455640856008,0.006598326037603686,0.039210777017989695,1,1,1,1,480.05256461663254,424.9434778127664,0.017160021278899238,0.09960794131046061
2024-05-30,469.27749906918933,469.3371922942102,462.3527813389723,464.680908203125,10719600,META,-0.015410233557967667,-7.272918701171875,0.016701152105744597,0.012917943407473514,0.014187221864814366,470.66640014648436,-0.012717058072334253,468.7820098876953,-0.008748419517107364,466.8647888183594,-0.004677758245083763,480.46803771972657,-0.032857814208675284,44.15260368094794,10778760.0,0.9945114280306826,0.015030552863137635,-0.0015606082542799493,-0.030091027714070906,0.021282600049492117,0.07611601595727069,1,1,0,0,480.05256461663254,430.08729254482085,0.03308002575993106,0.07444595860861646
2024-05-31,463.4372619237708,466.74042882850387,452.15478663226554,464.4620361328125,16919800,META,-0.00047101584431097354,-0.2188720703125,0.01655517860289134,0.011907079867600343,0.01419683627101551,470.8753295898438,-0.013619939406503967,468.14525451660154,-0.007867682836157908,468.1159103393555,-0.007805490319468422,479.69816345214844,-0.031761904631214644,43.4023324735978,11813140.0,1.4322864200373482,0.031403303309094514,0.0022542253307336058,-0.01352411540882692,0.060471663574579226,0.08705527096436594,1,1,0,0,480.05256461663254,441.5986619817251,0.03356685212343585,0.04922549610610075
2024-06-03,468.4715578088158,477.16724498616594,465.8648525627034,475.06793212890625,11279400,META,0.022834796325659212,10.60589599609375,0.015047828206134088,0.01410470972698886,0.014163844653264705,470.7300659179688,0.009215188331933355,468.70041809082034,0.01358546694714513,469.38593139648435,0.012105179027239288,479.09583374023435,-0.008407298347561931,56.450695218149775,11664160.0,0.9670134840399994,0.02379110787969525,-0.001526538747850803,0.011824159853260685,0.03407413850275587,0.0656558934249869,1,1,1,1,480.05256461663254,451.0404386136402,0.010492462552437118,0.05057696360937775
2024-06-04,474.58048511555467,476.4609129326007,470.82961883675233,474.5705261230469,7088700,META,-0.0010470207989631275,-0.497406005859375,0.01489958186505969,0.013874315311214976,0.012608876305964228,470.1470458984375,0.009408716407344864,469.51128845214845,0.010775540003686412,469.9485656738281,0.009835034697023959,478.4473406982422,-0.00810290756248655,53.6641203347374,11046740.0,0.6417006284206924,0.011866084777435778,-0.006105105447318349,0.0173834239416486,0.033480749806745314,0.05683560646392927,1,1,1,1,480.05256461663254,452.15478663226554,0.011551578093925447,0.04723373715157644
2024-06-05,481.99266144397666,494.1307592784222,481.4553920679607,492.548828125,15690500,META,0.03788330924978611,17.978302001953125,0.021282953938066684,0.017312949249726615,0.015027235765677957,474.26604614257815,0.03854963291410818,472.5388549804687,0.042345667311015855,471.2827621459961,0.04512379337230232,478.2889483642578,0.02981436181937891,58.60926001088329,12339600.0,1.2715566144769685,0.025734234834571004,0.043637745996875754,0.06549301953218589,0.015230448381148731,0.019392757301187613,1,1,1,1,494.1307592784222,452.15478663226554,0.0032117245298180636,0.08201022758800104
2024-06-06,490.479420331172,500.26950429464387,488.40002528581937,491.2554626464844,10667300,META,-0.0026258624620814075,-1.293365478515625,0.018197926650816754,0.01754976059016077,0.014996006181087578,479.58095703125,0.02434313840879554,475.12367858886716,0.03395281015151497,472.3353958129883,0.0400564238911858,478.24656494140623,0.027201236054193112,64.35467190883904,12329140.0,0.8652103877480506,0.024161520657462843,0.05718882350066967,0.05553896589638185,0.02776649407835108,0.027084026118656457,1,1,1,1,500.26950429464387,452.15478663226554,0.01834899015595506,0.07959336635887208
2024-06-07,493.39455175078575,496.3793345628318,487.68367701982754,490.4595031738281,9380700,META,-0.0016202557186199007,-0.79595947265625,0.01839024397158409,0.017403956909850072,0.014994281120155157,484.78045043945315,0.011714690081307877,477.82789001464846,0.026435487386038625,473.20794982910155,0.036456600847379894,478.2286566162109,0.025575310865222134,64.82604324150091,10821320.0,0.8668720636669094,0.017729613733108437,0.055973287413272343,0.05835368914633743,0.0322135433696813,0.014252481290184305,1,1,1,1,500.26950429464387,452.15478663226554,0.02000165366831294,0.07809965204810532
2024-06-10,491.35488062931836,500.1102608479374,490.90718147193627,500.0505676269531,11220900,META,0.019555262750665436,9.591064453125,0.017918850540662272,0.01657759786888345,0.015503242935970562,489.7769775390625,0.020976057591582498,480.25352172851564,0.041222073348227584,474.52125244140626,0.05380015131924831,478.56732971191406,0.044890732361466235,71.76384606744949,10809620.0,1.0380475909421423,0.018404297428708867,0.05258750129922052,0.05098068569298375,0.002984622465855402,-0.0007994796912934587,1,0,1,1,500.26950429464387,452.15478663226554,0.00043782905542879397,0.09578187506512084
2024-06-11,497.62298629824124,505.02524998556305,495.74255858187735,504.8959045410156,9673700,META,0.00968969385847629,4.8453369140625,0.01680871106726898,0.01662722265264844,0.01482751882738542,495.84205322265626,0.01825954708664801,482.9945495605469,0.04534493194673872,476.48424377441404,0.0596277025690124,478.8880950927734,0.05430874084101789,77.38439108021393,11326620.0,0.8540676742046612,0.018385356902675405,0.06390067808405364,0.05740545225887694,-0.005536183811481243,-0.024038303165373698,0,0,1,1,505.02524998556305,452.15478663226554,0.0002561823999444184,0.10445938941947908
2024-06-12,511.3828125691555,511.40273055275725,501.9111130225961,506.2589416503906,11983200,META,0.002699639860644254,1.363037109375,0.009215011747863546,0.015554261497725345,0.014799530367851333,498.5840759277344,0.01539332299848395,486.42506103515626,0.04077479185185506,478.32436218261716,0.05840091301289063,479.1163311767578,0.056651399059948204,76.8577405236524,10585160.0,1.1320754716981132,0.018748542987149456,0.027835034300216055,0.07268743845369885,-0.003354613781476834,-0.018541399460476837,0,0,1,1,511.40273055275725,452.15478663226554,0.010160391213235679,0.10687051737149962
2024-06-13,503.144848712662,506.7763285289193,498.8169074027523,501.54302978515625,9954600,META,-0.009315216931992554,-4.715911865234375,0.011008046625646981,0.014666113663818273,0.014534616347414027,500.64158935546874,0.001800570405762869,490.11127319335935,0.023324818703541306,479.44664154052737,0.04608727297292181,479.06379943847656,0.04692324983233598,74.1981195482608,10442620.0,0.9532665174065512,0.015869866897714725,0.02094137963016407,0.07932781599436356,-0.008161337065143548,0.013899914095672372,0,1,1,1,511.40273055275725,452.15478663226554,0.019658733512505504,0.09847259401460913
2024-06-14,500.59686603916805,505.078485306113,498.70463287170975,502.1007080078125,10243300,META,0.0011119249785909169,0.55767822265625,0.010710581908980249,0.014575687507816126,0.013788928157758878,502.96983032226564,-0.0017279810081178848,493.87514038085936,0.01665515624173719,481.0101974487305,0.043846285735615886,478.9392449951172,0.048359918830480186,69.64372798082138,10615140.0,0.9649707870079904,0.012694370537123573,0.0237353028306162,0.08103713317106775,-0.004879341166471263,0.017772133630943543,0,1,0,1,511.40273055275725,452.15478663226554,0.018526208779614015,0.09947391146632245
2024-06-17,499.6209064121598,508.6638051304805,493.98402143943144,504.5606384277344,11266600,META,0.004899276939246189,2.459930419921875,0.0070121711585918135,0.01360735234558904,0.013716932958144743,503.87184448242186,0.0013670022503837753,496.8244110107422,0.015571351257184673,482.7624145507813,0.04515310889982338,478.53715576171874,0.05438132097515469,69.98820345569357,10624280.0,1.0604577439600613,0.02909419120919314,0.009019229439503063,0.0620810294785914,-0.023389804531336877,0.025521544423626752,0,1,1,1,511.40273055275725,452.15478663226554,0.013560495218857289,0.10386432829713223
2024-06-18,502.4990663843649,503.9331869763641,492.9980250606016,497.44976806640625,13060400,META,-0.014093192809265465,-7.110870361328125,0.008287264269765943,0.014932095540863775,0.014113087500208536,502.3826171875,-0.009818908840256935,499.1123352050781,-0.003331047985397406,484.31181182861326,0.027127061361952087,478.153828125,0.040355088271638584,68.39360168944847,11301620.0,1.1556219373859677,0.021982444495386128,-0.014747864673963718,0.048210414857131845,-0.0011610733800093698,0.009469625164581608,0,1,0,1,511.40273055275725,452.15478663226554,0.028048987821597236,0.09105438245594705
2024-06-20,499.9495498277159,501.61274198190324,494.7409011460252,499.6507873535156,11801200,META,0.00442460611784945,2.201019287109375,0.008610315064364616,0.009437687704545145,0.013813616831769269,501.060986328125,-0.0028144258145971213,499.82253112792966,-0.0003436095088119595,486.1806930541992,0.027705942444355314,477.8612811279297,0.045597973901870814,77.22041712414382,11265220.0,1.047578298515253,0.013753287315478717,-0.013052913742782724,0.01441879225568532,0.017739684766405084,0.005939695308435855,1,1,0,1,511.40273055275725,452.15478663226554,0.023520313580386344,0.09505839262822068
2024-06-21,501.39366437076296,501.39366437076296,490.3788415097505,492.7590637207031,22359200,META,-0.013793080702055316,-6.8917236328125,0.009653753683578813,0.010569359297595563,0.01435010843766068,499.3041931152344,-0.01310850075921699,499.97289123535154,-0.01442843730351906,487.54828491210935,0.010687718467788487,477.37259765625,0.03223156532234128,69.95347960423447,13746140.0,1.6265802618044047,0.022353364295000976,-0.017513883241914163,0.003060731510482473,0.03706688828430815,0.029750483828644203,1,1,0,1,511.40273055275725,452.15478663226554,0.037835259064095864,0.0824018878147966
2024-06-24,497.16101638006126,505.72586513526363,492.27106775948357,496.8721923828125,13525300,META,0.008347139535196169,4.113128662109375,0.010968724638607513,0.010829089967973063,0.014292774240206935,498.25848999023435,-0.0027822859725862292,500.61416015625,-0.00747475415451615,489.22102508544924,0.015639489934078155,476.89991577148436,0.0418793880032855,66.92490129063619,14402540.0,0.939091299173618,0.02707899049704493,-0.01041328072558434,0.013074859733549937,0.04139014641641303,0.022148255554706564,1,1,0,1,511.40273055275725,452.15478663226554,0.02924401564970207,0.08999780312941054
2024-06-25,495.0197622321024,508.62397092534053,493.476105441877,508.5144348144531,12063200,META,0.02343106056269484,11.642242431640625,0.01591619216693045,0.011595219192023477,0.01403016503991439,499.04924926757815,0.018966435799204984,501.460546875,0.01406668577101744,490.85703430175784,0.0359725934004651,476.8841363525391,0.06632700912183664,72.46168721647086,14561860.0,0.8284106563309906,0.029788467045169898,0.00783611737736667,0.016926022557411047,-0.012495228200490427,0.057402805172969806,0,1,1,1,511.40273055275725,452.15478663226554,0.005679869715710243,0.11083195347788329
2024-06-26,504.58053498632785,511.71129294913044,502.61858041839946,511.02410888671875,8882300,META,0.004935305471085227,2.509674072265625,0.01326011546184224,0.011327428153624466,0.014034240185014573,501.7641174316406,0.018454869795147655,502.0733673095703,0.01782755700648342,492.5339584350586,0.03754086420844849,477.15076599121096,0.0709908593044819,65.37276670086234,13726240.0,0.6471036496520532,0.017793118509691692,0.027287862396792706,0.012137560020959226,-0.01644843746024993,0.03157160262517622,0,1,1,1,511.71129294913044,452.15478663226554,0.0013447194573828218,0.11519871808534
2024-06-27,512.1494968088584,520.7442516133123,511.8009507315939,517.4378051757812,10121200,META,0.01255067261510412,6.4136962890625,0.013593889110871745,0.011880911795177184,0.013703284576005647,505.32152099609374,0.023977376138272888,503.1912536621094,0.02831239893378279,494.8081573486328,0.04573418503932225,477.5550219726563,0.08351452998730813,70.07501253016717,13390240.0,0.7558639725650922,0.017283818059409452,0.035598898815865976,0.022081315717501937,-0.019362560675352913,0.020093891020690702,0,1,1,1,520.7442516133123,452.15478663226554,0.006390036453574859,0.12616592349942057
2024-06-28,515.0376392750096,519.7482993531988,501.7819782184281,502.1604309082031,15855100,META,-0.029525044584610804,-15.277374267578125,0.01996476608533693,0.015295075489401452,0.015087067179627111,507.20179443359376,-0.009939561690668786,503.25299377441405,-0.002171001225480418,496.68213348388673,0.011029785561018413,477.7649627685547,0.051061651734110924,57.34128063047366,12089420.0,1.3114855799533807,0.03577805025831486,0.019079034521481075,0.001231003296589206,0.011384038681009345,0.06042999143167593,1,1,0,1,520.7442516133123,452.15478663226554,0.03700773609640766,0.09958101275621777
2024-07-01,502.8874773919349,504.51079391224454,491.15559556880544,502.6185607910156,10328200,META,0.0009123177666228166,0.4581298828125,0.019831619864381318,0.015293925218190535,0.01506868162214016,508.3510681152344,-0.011276670167080893,503.3047790527344,-0.0013634248874216937,498.5899597167969,0.00807998836660695,477.8322418212891,0.05187242885756693,51.81972940640162,11450000.0,0.9020262008733625,0.026571239873077575,0.011565083529117892,0.0010313723421300214,0.06980647311853416,0.01589132354633227,1,1,0,1,520.7442516133123,465.8648525627034,0.036062517854037496,0.07312445479623683
2024-07-02,498.7145936133174,508.4147996537468,497.40994690166343,507.41888427734375,7739500,META,0.009550629166526159,4.800323486328125,0.016920068642847622,0.015521461990082638,0.014478917943474426,508.1319580078125,-0.0014033239185829993,503.5906036376953,0.007601969957331978,500.20750732421874,0.014416770735211637,478.4080224609375,0.06064041666185682,51.788973295992825,10585260.0,0.7311582332413186,0.0216879053836482,-0.0021544138417803893,0.005664821295842559,0.03890094617811335,-0.020863527510687097,1,0,0,1,520.7442516133123,470.82961883675233,0.02626107886178939,0.07210860016118861
2024-07-03,504.30171178683565,509.19166039271295,503.9531352936769,507.8770446777344,6005600,META,0.0009029234318764789,0.458160400390625,0.016701936225127632,0.01463532588533474,0.014453950720950189,507.50254516601564,0.0007379263715736606,504.6333312988281,0.006427861930082157,501.8728332519531,0.011963611153997133,478.97983520507813,0.06033074327708121,51.16226562664404,10009920.0,0.5999648348837953,0.010314553795909558,-0.006158347824020138,0.020961466424759045,0.03929710857063551,-0.027060983534845207,1,0,1,1,520.7442516133123,481.4553920679607,0.02533527961229784,0.05202371890334034
2024-07-05,509.5102612085121,538.6606903914795,509.5102612085121,537.70458984375,21354100,META,0.05872985494932581,29.827545166015625,0.031955399406926654,0.023157350799811002,0.017495830476356302,511.5559020996094,0.05111599267414757,508.43871154785154,0.057560287270030486,504.1306213378906,0.06659775678128588,479.86225463867186,0.12053945615837702,69.08835975119803,12256500.0,1.742267368335169,0.05421272150836242,0.03916757620963507,0.07616079760785066,-0.009668149568796025,-0.09283008193647224,0,0,1,1,538.6606903914795,487.68367701982754,0.0017781149087966021,0.0930267544088807
2024-07-08,540.1347053371187,540.5928483145952,524.498881825066,527.157958984375,14917500,META,-0.019614173020988557,-10.546630859375,0.029227967484860524,0.023818698311453133,0.018257755385722014,516.5554077148438,0.020525486929727776,511.87860107421875,0.02984957346935646,505.92574615478514,0.04196705344798568,480.5854779052734,0.09690779938273808,61.965019328785196,12068980.0,1.2360199453474943,0.030529685107165992,0.04977996380750582,0.06980875197694836,-0.03139879374168397,-0.12720100692883007,0,0,1,1,540.5928483145952,487.68367701982754,0.025485509800713176,0.0748813164854777
2024-07-09,531.5698266659143,535.2845715300655,526.0325396617277,527.8351440429688,8753200,META,0.0012845961007559303,0.67718505859375,0.029199183221070305,0.0238796713378573,0.018224821487657045,521.5987243652344,0.011956355309963307,514.9748962402343,0.024972572248910474,507.7945281982422,0.03946599408196616,482.35935791015623,0.09427781463562446,61.306239594868856,11753980.0,0.7447009438505086,0.017528260428950546,0.05017041792540966,0.06231572652852546,-0.058735777575779746,-0.10216978368883345,0,0,1,1,540.5928483145952,490.3788415097505,0.02416986518538437,0.07096212322340005
2024-07-10,528.6218872621627,536.67886919734,526.2018202535905,532.5059814453125,10983300,META,0.008849045871722971,4.67083740234375,0.02920459353367199,0.02315256266011681,0.017892962697660775,526.6161437988281,0.011184308942747245,517.3740509033203,0.029247563760826933,509.4172988891602,0.04532371124125478,484.18864807128904,0.09979030604391514,67.44304204957513,12402740.0,0.8855543210613138,0.019674988279592496,0.04944060606592782,0.047179676698092976,-0.07206039077190896,-0.1082869566871888,0,0,1,1,540.5928483145952,490.3788415097505,0.01518643386377295,0.07911111124277277
2024-07-11,528.721538419874,533.27287906743,506.2935042823457,510.6058349609375,16458300,META,-0.04112657368642936,-21.900146484375,0.03739006116143803,0.027338902109445368,0.02037370580435315,527.1619018554687,-0.031406038327614905,517.3322235107422,-0.013002067615579427,509.7027954101562,0.0017716982502609113,485.79225341796877,0.051078586305943974,54.55750872017513,14493280.0,1.1355814556815296,0.052837968032912006,0.005372934870357504,-0.0008185013554301568,-0.044684969672830865,-0.049346587031002254,0,0,0,1,540.5928483145952,490.3788415097505,0.05872830136371594,0.03961371387918907
2024-07-12,495.7268848632241,506.014678104307,492.21130453515434,496.83233642578125,19750500,META,-0.02697481617343822,-13.77349853515625,0.020493392006257587,0.02820659969285942,0.021285015009989666,518.987451171875,-0.04268911453652191,515.2716766357422,-0.03578566617585732,509.2314651489258,-0.02434870893046326,487.16914001464846,0.01983540338955425,51.602785255619715,14172560.0,1.3935732147191475,0.027782760012068287,-0.07601246890945401,-0.0398221168687124,-0.07392715397511651,-0.020406196434171964,0,0,0,0,540.5928483145952,490.3788415097505,0.08807903326830079,0.012989281177745586
2024-07-15,496.5933046067324,504.61041148158586,491.35477983646854,494.1333923339844,12539200,META,-0.005432303604095301,-2.698944091796875,0.020764080688658818,0.0267469343801525,0.021220153520901543,512.3825378417969,-0.03561625184316308,514.4689727783203,-0.039527321413605154,508.86098327636716,-0.02894226797966959,488.3125634765625,0.01192029305160669,48.910185277610395,13696900.0,0.9154772247734889,0.026826018744666922,-0.0626464346929636,-0.015985008137142764,-0.04093439361729789,-0.07032007570762988,0,0,0,0,540.5928483145952,490.3788415097505,0.09402209342939721,0.0075982535940339576
2024-07-16,499.4515899278473,501.89159489722795,483.8057669767174,487.7894287109375,14075800,META,-0.0128385648925321,-6.343963623046875,0.01929838309140794,0.026973538643777824,0.02139187723541731,504.37339477539064,-0.03288033476039787,512.9860595703125,-0.049117574228976446,508.1454193115234,-0.04005938030134337,489.2795599365234,-0.00304556198051531,41.390131265833276,14761420.0,0.953553248942175,0.03707712151184842,-0.07586784583023387,-0.029503749437227667,-0.026541984413800845,-0.07427675275921675,0,0,0,0,540.5928483145952,483.8057669767174,0.1082504386025735,0.008166765205936458
2024-07-17,477.212785084963,477.212785084963,457.24466351880915,460.1029357910156,28076600,META,-0.05675910811164542,-27.686492919921875,0.020842583704671534,0.031420343466903866,0.024656143836506352,489.8927856445313,-0.06080891722935333,508.2544647216797,-0.09473901809604734,505.9225341796875,-0.09056643120861307,489.4882684326172,-0.06003276183859496,32.5052743622483,18180080.0,1.5443606408772679,0.043399248326517134,-0.13596663357242034,-0.09324830027505693,0.05500126586451248,0.008030628548657326,1,1,0,0,540.5928483145952,457.24466351880915,0.1749389240153406,0.006212245238758353
2024-07-18,473.05980739775333,477.28247890015706,462.64254099118193,473.9063415527344,19267200,META,0.030000690471552183,13.80340576171875,0.03164924569021586,0.03373227428379057,0.025685397152307856,482.5528869628906,-0.017918337334123513,504.8573944091797,-0.06130652576192619,504.74536285400393,-0.061098176567477736,489.7000384521484,-0.032251777944177884,35.766834717995664,18741860.0,1.0280303022218713,0.030892048966907643,-0.07187441054411514,-0.06688765220045645,0.026983257027529683,-0.02130921427271093,1,0,0,0,540.5928483145952,457.24466351880915,0.14071663726500327,0.035158166441356185
2024-07-19,474.11550008705484,484.72199340312955,473.766923605828,474.842529296875,15149400,META,0.0019754699653802277,0.936187744140625,0.03142114223555206,0.025272488737555658,0.02565844120727858,478.15492553710936,-0.006927453976372955,498.57118835449216,-0.04759332190039367,503.50494995117185,-0.056925797168580816,489.8795910644531,-0.03069542402226688,40.143738093303355,17821640.0,0.8500564482281092,0.023070953255857857,-0.04426001593837714,-0.11690817176238333,-0.032551074446452444,-0.02852411752456996,0,0,0,0,540.5928483145952,457.24466351880915,0.13846762865803175,0.037060424650934204
2024-07-22,484.59252173187576,490.050149288016,481.92347564527324,485.4091796875,12023100,META,0.0222529570092882,10.566650390625,0.034417744726205,0.027271505796536276,0.026066190270898237,476.4100830078125,0.018889391725027682,494.3963104248047,-0.018177989090538804,503.13745574951173,-0.03523545277622464,490.1837188720703,-0.00974030552372629,44.212998737960696,17718420.0,0.6785650187770693,0.01674190349670473,-0.017655582038842876,-0.0791959574646438,-0.06973738278554453,-0.025789946465107794,0,0,1,0,540.5928483145952,457.24466351880915,0.11368484762200369,0.05802221578673645
2024-07-23,487.8391747556286,493.19720423838663,485.7278390619599,486.6938781738281,9455500,META,0.002646629977527848,1.284698486328125,0.034013733582675156,0.027325692646314917,0.025996266533836056,476.19097290039065,0.022056078067726137,490.2821838378906,-0.007318857960478042,502.6285400390625,-0.03170266030654767,490.4574279785156,-0.007673550424548536,42.86202881477749,16794360.0,0.5630163935988034,0.015347152514950996,-0.002245949732868402,-0.07794340019502655,-0.04704399960245764,0.018518891258049175,0,1,1,0,540.5928483145952,457.24466351880915,0.11074511629981199,0.06050870162065376
2024-07-24,470.38080952061716,474.3545023201049,458.69871070425603,459.3858947753906,17649700,META,-0.056109157363767315,-27.3079833984375,0.03374263869445149,0.030482377487290418,0.028106816835108236,476.0475646972656,-0.03500001083393989,482.9701751708984,-0.048831753197104866,500.1721130371094,-0.08154436682617028,490.16945556640627,-0.06280187482397137,35.90571606177026,14708980.0,1.1999268474088618,0.03407982655519614,-0.0015584360799442143,-0.13731317434493684,0.00962562205389883,0.05825216597422056,1,1,0,0,540.5928483145952,457.24466351880915,0.1767728492815598,0.004661073143371975
2024-07-25,461.367786874794,461.65658046348636,440.84195427851495,451.5580139160156,18240500,META,-0.017039880737309776,-7.827880859375,0.029649789361897903,0.029038945040058085,0.028140271248306356,471.57789916992186,-0.04245297603883802,477.0653930664063,-0.05346725945983699,497.19880828857424,-0.09179586437397225,489.88789428710936,-0.07824214645449001,21.289165201892672,14503640.0,1.2576498037733976,0.046095131840230584,-0.04715768850759705,-0.1156426679876057,0.021569877998760978,0.04922694341754186,1,1,0,0,540.5928483145952,440.84195427851495,0.19717252635259183,0.023731302085790766
2024-07-26,462.3039783413104,467.8512044707021,457.54350355883673,463.7978515625,14222400,META,0.027105792100416304,12.239837646484375,0.033860400631125054,0.03088197089963827,0.028819520161648366,469.36896362304685,-0.011869366090044742,473.76194458007814,-0.021031856044093744,494.51681060791014,-0.06211914011102537,489.7747198486328,-0.053038401602600205,29.11908029108399,14318240.0,0.993306439897641,0.0222245551098167,-0.023259664105339195,-0.06649020693969276,0.01960477250283721,0.06096187535400022,1,1,0,0,540.5928483145952,440.84195427851495,0.16557859527244184,0.04949547999553763
2024-07-29,467.9607505216443,472.0240721327689,463.1205856922484,463.8077697753906,11339600,META,2.1384775408472834e-05,0.009918212890625,0.0308384581788414,0.030949428298192465,0.028251118604500986,465.048681640625,-0.002668348313248803,470.72938232421876,-0.014704016381243856,492.5991775512695,-0.05844794122272423,489.46892639160154,-0.05242652849362006,28.80596312323712,14181540.0,0.7996028640048966,0.019196501267825176,-0.04450144499948694,-0.06137132812529433,0.06877663869181139,0.049837896999043174,1,1,0,0,540.5928483145952,440.84195427851495,0.16555367016897868,0.049515805886558115
2024-07-30,465.0925004990839,470.79910678927354,454.83458384439035,461.2980651855469,11390400,META,-0.005411087854477192,-2.50970458984375,0.0303048251928411,0.030852700251255076,0.02823353889355283,459.9695190429687,0.0028883351778230537,468.0802459716797,-0.014489354858489678,490.5331527709961,-0.0595985967926973,489.2782958984375,-0.05718674003618307,26.086961868736296,14568520.0,0.7818501810753598,0.034607825503152306,-0.052180259763224046,-0.054309015255616266,0.05386550444021698,0.10026128263676148,1,1,1,0,540.5928483145952,440.84195427851495,0.17189489640966477,0.044344670942428326
2024-07-31,469.09606763159144,474.5536950449151,464.8435197528104,472.8905029296875,24285800,META,0.025130037646001968,11.592437744140625,0.019417763535042494,0.026133824375432622,0.028832718185517345,462.6704406738281,0.022089291550536405,469.3590026855469,0.007524091844269165,488.8067337036133,-0.03256139835335525,489.34578002929686,-0.03362709513633533,36.39237426123785,15895740.0,1.5278181449872734,0.02053366526066291,0.029397089261741005,0.027792839697245775,0.0018954319901887118,0.09043245354381435,1,1,1,0,540.5928483145952,440.84195427851495,0.1431670650297965,0.06777160558865726
2024-08-01,518.8719105350699,525.0166913806773,490.08996226727584,495.7069091796875,43083100,META,0.04824881470159803,22.81640625,0.021879565991321615,0.02873213240738437,0.031039623581343122,471.5002197265625,0.051339720408111855,471.5390594482422,0.05125312367489676,488.19822692871094,0.01538039639802502,489.9306817626953,0.011789887084046713,49.618821009807,20864260.0,2.064923462418509,0.07045842707982311,0.0977701511280964,0.04600184828825982,-0.007333104972849114,0.03658536885676855,0,1,1,1,540.5928483145952,440.84195427851495,0.09054935144879564,0.11068023036427903
2024-08-02,487.00259074937424,499.1029557906359,474.205072827989,486.1461181640625,24044700,META,-0.019287185307637733,-9.560791015625,0.026862457536670197,0.029740198251061032,0.027915923031801827,475.969873046875,0.02138001939502021,472.66941833496094,0.028511892892446822,485.62030334472655,0.0010827694305908242,490.40814086914065,-0.008690766628638436,47.414893379550314,22828720.0,1.0532653604757516,0.05121481388491615,0.048185360338071526,0.023804920936474128,0.0015979876002791826,0.08276315257542421,1,1,1,1,540.5928483145952,440.84195427851495,0.1119966366411637,0.09319042607321303
2024-08-05,449.5064128870718,481.50517891257795,448.95864119226115,473.7868347167969,21396200,META,-0.025422980839465814,-12.359283447265625,0.031220534427110425,0.030086768020024673,0.02810931160865377,477.96568603515624,-0.008742994404104532,471.50718383789064,0.004834816853373836,482.95174713134764,-0.018976869778375982,490.57573303222654,-0.0342228471262902,45.637866803667926,24840040.0,0.8613593214825741,0.06869447467819843,0.021515519126035443,-0.023943397564474278,0.07125897911935475,0.10726672840346319,1,1,0,0,536.67886919734,440.84195427851495,0.1327433138114452,0.06953523826379542
2024-08-06,477.043478577752,500.5072430675952,476.69490210772165,492.07183837890625,20955000,META,0.038593313115251826,18.285003662109375,0.03377276599153212,0.03273594301920592,0.02973537948501436,484.1204406738281,0.016424420530583017,472.04497985839845,0.04242574198440874,481.16358184814453,0.022670578036814826,491.14882202148436,0.0018793007659529959,60.57871030977828,26752960.0,0.7832778129971413,0.04839200113203292,0.06671125572785863,0.011049985311623933,0.04792656508442894,0.0875144890819457,1,1,1,1,536.67886919734,440.84195427851495,0.09065146049688239,0.10411057919746904
2024-08-07,501.0749230408442,508.0662382489136,484.8713599351357,486.9229736328125,20105300,META,-0.010463644420408813,-5.14886474609375,0.03444062572112997,0.026358999504750503,0.029641075294523072,486.92693481445315,-8.135063717884528e-06,474.79868774414064,0.02553563478929699,478.88443145751955,0.016785975169055112,491.371396484375,-0.009053076518881098,54.568982010039726,25916860.0,0.775761415541852,0.047635621175823,0.029673826427449868,0.05994323981341587,0.05528503915767691,0.07874492369147879,1,1,0,1,533.27287906743,440.84195427851495,0.09518939944199449,0.09463718462593458
2024-08-08,495.4679414829951,507.8770396079062,492.69929771916907,507.54840087890625,16156800,META,0.04235870633133709,20.62542724609375,0.032705549739629164,0.02723142487655481,0.03002013631039849,489.29523315429685,0.037305018499645515,480.39772644042966,0.056517075215266166,478.73155975341797,0.060194153776557124,491.97265197753904,0.03165978604452646,60.08600679561725,20531600.0,0.7869235714703189,0.029904028586149267,0.023888090885830993,0.12399378426999674,0.03710523489800521,0.03855731219830316,1,1,1,1,525.0166913806773,440.84195427851495,0.03441699446106378,0.13142873957415246
2024-08-09,505.6362141852453,516.2228304562868,503.6344448392047,515.6551513671875,13696600,META,0.015972369283881127,8.10675048828125,0.029788901017153733,0.026772909587099634,0.02951098890097129,495.19703979492186,0.04131307323795408,485.5834564208984,0.06192899397343399,479.6727005004883,0.0750145898008272,492.8466784667969,0.04627904355842616,59.47110505463253,18461980.0,0.7418814233359585,0.024412411247528056,0.06069992559966586,0.1118101337252515,0.01736285780637359,0.01730474093962786,1,1,1,1,525.0166913806773,440.84195427851495,0.01815465236538223,0.1450837771916286
2024-08-12,514.7487855060338,515.9040813348131,507.0205031729234,513.842529296875,9767400,META,-0.003515182705935538,-1.8126220703125,0.023899118842883628,0.026956392565509565,0.029487733998875953,503.2081787109375,0.02113310362557974,490.58693237304686,0.04740362082482941,480.6581573486328,0.06903944402252749,493.82991088867186,0.040525326568796594,58.47320778683192,16136220.0,0.6053090500749246,0.017288522563606613,0.08454370540713985,0.10787822624384846,0.04143822940952613,0.03723216478935942,1,1,1,1,525.0166913806773,440.84195427851495,0.02174627720888089,0.14206798942518753
2024-08-13,517.8859767641638,529.3290349818739,516.0335887091818,526.381103515625,13743800,META,0.02440158901581646,12.53857421875,0.02133799697013837,0.026633024419952064,0.02965195527429999,510.0700317382813,0.031978102539678366,497.09523620605466,0.058913997110668026,482.5877410888672,0.09074694340131062,495.06829223632815,0.06324947844639839,73.03293523433213,14693980.0,0.9353354230780224,0.025258213457689978,0.06972409811085312,0.1410867359781791,-0.0021190302482726464,0.006413907424525522,0,1,1,1,529.3290349818739,440.84195427851495,0.005600374797955403,0.1625042173167049
2024-08-14,525.9030762820863,531.818816106162,520.9932207235731,524.6083984375,11444200,META,-0.0033677217253532676,-1.772705078125,0.019479957415929342,0.02678660891414779,0.02605714494560471,517.6071166992188,0.013526247055736906,502.26702575683595,0.04448106591707712,485.8130142211914,0.07985661783577713,496.0591015625,0.05755220856763765,76.20579052708813,12961760.0,0.8829202207107677,0.020635573915385157,0.07739504366270866,0.10936547718215062,0.004783958086295836,0.0023539926544910994,1,1,1,1,531.818816106162,440.84195427851495,0.013744380932782595,0.1596742339780988
2024-08-15,529.6178435326066,537.5652899818178,524.5486680445534,535.13525390625,13482100,META,0.02006612074854952,10.52685546875,0.013259215638737021,0.023708897125692806,0.025685733928760644,523.1244873046875,0.02295967191948134,506.20986022949216,0.05714111073151429,488.8744598388672,0.09462714432378072,497.27039611816406,0.07614540918516344,75.90971705278055,12426820.0,1.0849195530312663,0.024323985090215675,0.05435314736401975,0.0795396311740133,-0.019727393501752344,-0.03016769818523901,0,0,1,1,537.5652899818178,440.84195427851495,0.004540975496997546,0.17620461171159213
2024-08-16,529.7274283852108,531.4801884383957,522.5169497908345,525.2656860351562,14776700,META,-0.0184431277869479,-9.86956787109375,0.017948906694959237,0.023602485045707326,0.02627031487516946,525.0465942382813,0.0004172806742852586,510.12181701660154,0.02968676993099839,491.39561767578124,0.06892627272415397,497.9247332763672,0.05490981052273569,70.82966236314151,12642840.0,1.1687801158600442,0.01706419986277434,0.01863752285318543,0.08046874470340182,0.014675074335172456,-0.015775010623460317,1,0,1,1,537.5652899818178,440.84195427851495,0.023415966954746733,0.16072576983639245
2024-08-19,524.7179130055974,529.4883256256812,520.6247155258743,527.1181030273438,9879700,META,0.00352662860231745,1.8524169921875,0.017499281072078866,0.02063374842961099,0.025969538750444627,527.701708984375,-0.001105939107444831,515.4549438476563,0.022626922719232834,493.48106384277344,0.06816277593842446,498.64198608398436,0.0571073390088801,72.40793415397748,12665300.0,0.7800604802097069,0.01681522613035191,0.025835879619841018,0.11256384602249514,0.005006771994914949,-0.0236169342367909,1,0,0,1,537.5652899818178,440.84195427851495,0.0198194425394875,0.16367517687844105
2024-08-20,526.1918080486533,528.9206669457542,523.7319265114901,524.5784301757812,7944400,META,-0.004818033827669099,-2.5396728515625,0.014035193723491806,0.018632609141926593,0.02605034466428722,527.3411743164063,-0.005239007070150348,518.7056030273437,0.01132208157028125,495.3752914428711,0.05895154489407539,499.3243646240234,0.05057647361304585,68.75265726585059,11505420.0,0.690491959441724,0.009891257695299076,-0.003424654357468304,0.0660606628169691,0.0024112554107518225,-0.01615624897829393,1,0,0,1,537.5652899818178,440.84195427851495,0.024756755251421257,0.15962622761520523
2024-08-21,524.9967686230285,537.1967309065938,524.777635650929,532.9739990234375,13423300,META,0.016004411094148407,8.39556884765625,0.015662191151284206,0.017805369569554898,0.021949237177882736,529.0142944335937,0.007485061616498312,523.3107055664062,0.018465690371405996,499.05469665527346,0.06796710379743032,499.98283325195314,0.06598459702487292,65.1008389519852,11901240.0,1.12789087523653,0.02330150303470733,0.015946371828689188,0.09457558563534119,-0.02623494574019103,-0.02587993970852398,0,0,1,1,537.5652899818178,440.84195427851495,0.008614474564974866,0.17286405136786243
2024-08-22,534.8065614773186,542.0070102557922,526.4309398394353,529.7572631835938,15708300,META,-0.006035446092563124,-3.21673583984375,0.01274062441681437,0.013958264031383946,0.021428621954741645,527.9386962890625,0.003444655425552501,525.531591796875,0.008040756165144103,502.9646591186523,0.053269357158990616,500.48006042480466,0.05849824013755667,68.62927245915522,12346480.0,1.272289753840771,0.02940227817312416,-0.010049778412839161,0.04375713186413166,-0.024119818289972228,-0.03791852865986145,0,0,1,1,542.0070102557922,448.95864119226115,0.02312332066687152,0.15252008345439308
2024-08-23,534.7268709591801,537.664833499161,522.9153290935016,525.8433227539062,11323900,META,-0.007388177004250096,-3.9139404296875,0.009778432915472517,0.013755784440563617,0.021216793920565035,528.0542236328125,-0.004186882293443439,526.5504089355469,-0.0013428651267597402,506.06693267822266,0.039078605612546946,500.871748046875,0.049856225280037636,73.96603703706826,11655920.0,0.9715149040144407,0.028049237800366944,0.0010997038910158796,0.019757722500601815,-0.021249929051605942,-0.02890156100395369,0,0,0,1,542.0070102557922,448.95864119226115,0.030738599887956675,0.14621214767735483
2024-08-26,525.4449677505722,525.8433582454032,512.8466737641226,518.991455078125,9584000,META,-0.013030245663094409,-6.85186767578125,0.011107817474167116,0.014492343440189192,0.0216236447515984,526.4288940429688,-0.01412809792358527,527.0653015136719,-0.01531849357633619,508.82611694335935,0.01997801959504608,501.22071655273436,0.03545491624451036,63.85159092722066,11596780.0,0.8264363038705572,0.025042193573927455,-0.015417129297107812,0.01002043522612972,-0.005565110177915167,-0.008174729476914222,0,0,0,1,542.0070102557922,448.95864119226115,0.04434669386647735,0.13494020604890622
2024-08-27,516.8601092832141,521.869592480875,513.2051171074127,516.9796142578125,6282700,META,-0.003876443052438394,-2.0118408203125,0.011078365966544138,0.011979674010859758,0.021584245943647117,524.909130859375,-0.015106455832803567,526.1251525878906,-0.017382819059482912,511.61019439697264,0.010495138524690084,501.5182946777344,0.03082902407381427,65.98170137252689,11264440.0,0.5577463238296799,0.016759800840312124,-0.014485566849217313,-0.017860613147055004,0.004257517596409244,-0.03627419867833015,1,0,0,1,542.0070102557922,448.95864119226115,0.04841079862290049,0.1315738013445729
2024-08-28,515.5555079616431,518.961582394556,510.35685875222663,514.669189453125,9106100,META,-0.004469082998571183,-2.3104248046875,0.0036605671954174157,0.012001383178114321,0.021210185140438077,521.2481689453125,-0.012621587727587258,525.1312316894531,-0.01992271951273894,513.6991287231446,0.0018883830548663827,501.7204656982422,0.0258086417440877,54.70208102764091,10401000.0,0.8755023555427363,0.016718940668417576,-0.03434465772036199,-0.018945958574010713,-0.009714088853153502,-0.023201388938301815,0,0,0,1,542.0070102557922,448.95864119226115,0.05311726709678453,0.1276753099028257
2024-08-29,516.9298371888538,525.0465714004475,513.5736074070899,516.1032104492188,8317400,META,0.0027862965677381,1.43402099609375,0.005748211491093458,0.0094736180506274,0.018537168108196465,518.5173583984375,-0.004655867176125872,523.22802734375,-0.013617039841503753,514.7189437866211,0.0026893641263987522,502.0935345458984,0.027902522019111364,50.32446035979255,8922820.0,0.9321492532629819,0.022229979897570376,-0.025774168063917635,-0.03556492179893922,-0.010574591391624866,-0.025915477300585965,0,0,0,1,542.0070102557922,448.95864119226115,0.05019112317481361,0.1300991117619955
2024-08-30,519.2204787963079,521.4015359928948,513.0956354478707,519.1806640625,9157500,META,0.005962864696390069,3.07745361328125,0.007352206493415312,0.008286912366645733,0.017845118726060465,517.1848266601562,0.003859040906579514,522.6195251464844,-0.00658004708687554,516.3706710815429,0.005441813678285667,502.4841320800781,0.033227978589702056,53.796053077033925,8489540.0,1.0786803525279345,0.0159980929952819,-0.012670425587060996,-0.011584655412363976,-0.008536187953901209,-0.01818496880413667,0,0,1,1,542.0070102557922,448.95864119226115,0.043966094605064794,0.13525546641271943
2024-09-03,517.517465006485,523.3435454664982,506.54245844161755,509.6696472167969,12459100,META,-0.018319281714540447,-9.511016845703125,0.009350410715066003,0.00968364274212472,0.017302811679397862,515.3204650878906,-0.010965638382186116,520.8746795654297,-0.021511954387917753,518.164811706543,-0.016394715152053374,502.82234375,0.01361773905218766,37.58142024206662,9064560.0,1.3744848067639246,0.03296466076924139,-0.01796138986512774,-0.03310160609232904,-0.022451904408486878,0.027043944756121707,0,1,0,0,542.0070102557922,476.69490210772165,0.0634476924721399,0.06469827130013267
2024-09-04,504.0028914786801,514.4799404747201,502.011060766785,510.6456298828125,8335200,META,0.0019149319001932064,0.975982666015625,0.009658614825639917,0.009801138530548094,0.015241691137159626,514.0536682128907,-0.0066297325373170235,519.4813995361328,-0.017008827767866497,519.0935012817383,-0.016274276942528587,503.0978125,0.015002683763035707,39.499682832275646,9475060.0,0.8796989148353678,0.024417872156854814,-0.012251903557344734,-0.026559994638551965,-0.015504843291358372,0.02316965277135319,0,1,0,0,542.0070102557922,484.8713599351357,0.06141515473299326,0.050473887250521925
2024-09-05,509.6298507687644,519.4993764378627,509.0621716729977,514.7488403320312,8640900,META,0.008035338420815163,4.10321044921875,0.010572606247067618,0.008329859653283676,0.015007368501900044,514.0695983886719,0.0013213034684183,517.6588836669922,-0.005621546208860129,520.4847946166992,-0.011020407020520318,503.2225006103516,0.022905056327369167,33.02934505590987,9382020.0,0.921006350444787,0.020276305543753377,0.00015476131180669483,-0.034195211632837674,-0.023352536180975103,0.03275309785982228,0,1,1,0,542.0070102557922,492.69929771916907,0.052954310506418044,0.04283553625616611
2024-09-06,519.7483409096818,522.4373246835581,496.2148548235703,498.2265930175781,14744500,META,-0.03209768729890816,-16.522247314453125,0.017546681192583548,0.012342255343008195,0.013894572035812819,510.49427490234376,-0.02403098817731586,514.5058166503907,-0.031640504550163984,520.0187042236328,-0.0419063988065379,502.96655029296875,-0.009424001004897264,29.735797376499377,10667440.0,1.3821966657417337,0.05263161426444104,-0.03463767918839478,-0.05951908988756671,0.023107531847117224,0.07308398335919097,1,1,0,0,542.0070102557922,496.2148548235703,0.08787250189326903,0.0040377977053040245
2024-09-09,504.0925486658529,509.24141432667926,500.02919676420294,502.7281494140625,11047800,META,0.009035158820447586,4.501556396484375,0.01815307821941214,0.013206561053356651,0.013534860756639263,507.2037719726562,-0.008824111345203112,512.1942993164063,-0.018481560444889134,519.3723541259766,-0.03204676679397711,502.6723571777344,0.00011099125609637106,32.41925762328583,11045500.0,1.000208229595763,0.018324451442023507,-0.03168938249683528,-0.04395829012107022,0.04122501516991406,0.06670731402316799,1,1,0,0,542.0070102557922,496.2148548235703,0.07813141334438874,0.012955897930290039
2024-09-10,506.08437949017207,512.0797793299193,497.98758232644633,502.7281494140625,9899000,META,0.0,0.0,0.016924412765079055,0.012900348685602086,0.013525779824233227,505.8154724121094,-0.0061036547247639295,510.56796875,-0.015355094357233812,518.8166351318359,-0.03100996504031761,502.68371154785154,8.840124553488593e-05,33.65133006050918,10533480.0,0.9397653956717058,0.028031446060654636,-0.013619602110191309,-0.03133636499200998,0.039283581843112314,0.10864584327360305,1,1,0,0,542.0070102557922,496.2148548235703,0.07813141334438874,0.012955897930290039
2024-09-11,504.9390906209022,511.0241192943029,493.57569194601217,509.7393798828125,10782500,META,0.01394636540030958,7.01123046875,0.018511683877197743,0.013968539624622767,0.01266690300857706,505.63422241210935,0.008118828371860731,509.8439453125,-0.00020509301061411023,517.9845489501953,-0.015917789602206023,502.8261279296875,0.013748792214894001,32.24780217012966,11022940.0,0.9781873075604149,0.034230094901245595,-0.0017747141010645562,-0.014004874032401138,0.04290247222977239,0.09779706091190032,1,1,1,0,542.0070102557922,493.57569194601217,0.06330221216261135,0.03170971004931247
2024-09-12,514.9380602419546,524.558637323084,513.1155179874306,523.453125,11970500,META,0.026903444502051732,13.7137451171875,0.022174955370375223,0.016480073546984098,0.014156503203493653,507.3750793457031,0.03168867827531208,510.7223388671875,0.0249270203473968,517.9267852783203,0.010670117628131637,503.1468127441406,0.040358622456752924,45.8491838379909,11688860.0,1.0240947363558124,0.021860829153810792,0.016909770330622242,0.017067148620667494,0.021369348116474063,0.07486390331631898,1,1,1,1,542.0070102557922,493.57569194601217,0.035445170483588646,0.05707757128011764
2024-09-13,518.2146256800378,525.4250431678239,514.9977777296826,522.4771118164062,10321400,META,-0.0018645665427897695,-0.97601318359375,0.01164275882416817,0.016515260186640804,0.013345323760947617,512.2251831054688,0.0200144956731394,511.35972900390624,0.02174082584515591,517.2938781738281,0.01001990137767761,503.4388140869141,0.03781650758100952,47.69439534732057,10804240.0,0.9553101375015735,0.019957363111831987,0.04867367406454859,0.012350051768985626,0.026387150397797265,0.0748112353998387,1,1,1,1,542.0070102557922,493.57569194601217,0.037379433467410184,0.055316145371263226
2024-09-16,522.8958039523781,532.4258356345829,515.7782305715274,531.6084594726562,9527600,META,0.017477029040573022,9.13134765625,0.012141066113750428,0.01725717617059692,0.0133070595432752,518.0012451171875,0.026268690439904985,512.6025085449219,0.037077366206585305,517.6110168457031,0.027042397034461985,503.3168914794922,0.056210249391792644,58.38004068465018,10500200.0,0.9073731928915639,0.03131553828087978,0.057447171184375145,0.02393732330651699,0.04841723868993264,0.06568775457460752,1,1,1,1,542.0070102557922,493.57569194601217,0.019560544227326854,0.0715428184953485
2024-09-17,535.9149334066087,540.400828700226,528.9069997311592,534.6389770507812,11690800,META,0.0057006571737612255,3.030517578125,0.011032578075886682,0.015632052167021453,0.013340334360011202,524.3834106445313,0.019557381484750946,515.0994415283203,0.037933521077961885,517.987060546875,0.03214735998680296,503.4665118408203,0.06191566762997858,61.57250861745538,10858560.0,1.0766436801933221,0.021498299717072684,0.06347531498666092,0.048991204342532235,0.046669653891050045,0.05877088084114157,1,1,1,1,542.0070102557922,493.57569194601217,0.013781324447490022,0.07680563308587356
2024-09-18,535.3865474606228,542.4942031582568,532.2265009440925,536.2637939453125,10323500,META,0.00303909173157213,1.62481689453125,0.011715626283562168,0.015612189242556232,0.013281951511545317,529.6882934570312,0.012413905629981015,517.6612579345704,0.035935731572737106,518.5713287353516,0.034117708075199316,503.6350848388672,0.06478641001923946,64.27966026447194,10766760.0,0.9588306974428704,0.019146737725149052,0.05203524606750598,0.050168184281492945,0.04918675378260273,0.054670500581256,1,1,1,1,542.4942031582568,493.57569194601217,0.011618179864627766,0.07960280459219965
2024-09-19,548.2760214901399,560.3081952993754,544.8069490423769,557.3474731445312,15647000,META,0.03931587296637229,21.08367919921875,0.01647475035391317,0.019041151305938375,0.015490089046541382,536.4671630859375,0.03892187909225098,521.9211212158203,0.06787683136138445,519.7900024414063,0.07225508479716991,504.13191467285156,0.10555879705852989,71.64761857166837,11502060.0,1.3603650128759543,0.02781253527452286,0.06475144865078653,0.08275615110666856,0.007565831152349212,0.023859833253409235,1,1,1,1,560.3081952993754,493.57569194601217,0.005312165744898508,0.11442014949618654
2024-09-20,558.2446490535445,562.7305435548677,554.5562347392446,559.5903930664062,22066800,META,0.0040242757524682204,2.242919921875,0.01534176951887833,0.013038733274877704,0.015366240459109717,543.8898193359375,0.02886719547285943,528.0575012207031,0.05971488289212634,521.2816589355468,0.07348951085116928,505.1116058349609,0.10785495047454052,71.39704727450419,13851140.0,1.5931396260524404,0.014607664672065045,0.07103331497330978,0.12316444145859373,0.012398769721287284,0.026935115439247426,1,1,1,1,562.7305435548677,493.57569194601217,0.005611516079206229,0.11796968271497855
2024-09-23,567.7149416591428,572.1808799391262,560.6471380022259,562.640869140625,12830700,META,0.005451265983146936,3.05047607421875,0.015583770217938695,0.013170471075592403,0.015182895961789612,550.0963012695313,0.022804312339753885,534.0487731933594,0.053538360880970526,523.1215362548828,0.07554522256657203,506.42777648925784,0.11099922883586055,80.10832162196573,14511760.0,0.8841587788111159,0.020499296388683644,0.058374559537205606,0.11917518403612704,0.006077254090447015,0.01488277458292786,1,1,1,1,572.1808799391262,493.57569194601217,0.016955772894835252,0.12275179600817597
2024-09-24,564.9037451716252,565.9703985785299,552.4529045706721,561.5642700195312,12993000,META,-0.0019134747938558405,-1.07659912109375,0.01662982575115149,0.01336692325472036,0.014743126436443366,555.4813598632812,0.010950700771934496,539.9323852539062,0.04006406238338989,525.2501770019531,0.06913675541216069,507.7763940429688,0.1059282719866077,78.9085890199818,14772200.0,0.8795575472847647,0.024071143285856862,0.05036163490600232,0.11703367053156488,0.007153827618404662,0.03450901233377701,1,1,1,1,572.1808799391262,493.57569194601217,0.018905422738568572,0.12106998558001995
2024-09-25,562.2819687561209,575.0717700584479,561.9529861073905,566.5286254882812,16543400,META,0.008840226726991363,4.96435546875,0.01622156850457376,0.013348208935451324,0.01465713703432202,561.534326171875,0.008894023185463507,545.6113098144531,0.038337393850837787,527.7276275634765,0.07352466669965585,509.35117797851564,0.11225545356877009,79.11282678835789,16016180.0,1.0329179617112196,0.023156436163751678,0.05643646258552959,0.111408393870853,0.007267179881932817,0.048617944075660446,1,1,1,1,575.0717700584479,493.57569194601217,0.015079810950070629,0.1287718400449619
2024-09-26,573.925403889867,575.5902132246995,560.5873374925528,566.0601806640625,14400800,META,-0.0008268687638069983,-0.46844482421875,0.004468977239842274,0.012458138868552338,0.014559671769561279,563.2768676757812,0.004941287576331499,549.8720153808594,0.029439878426965826,530.2971771240234,0.06743955103437216,511.47032287597654,0.10673123218788039,96.5406067275798,15766940.0,0.9133541448118658,0.026504029508923117,0.01563245181748929,0.0813961243694219,0.015197755525196976,0.029832343684125906,1,1,1,1,575.5902132246995,493.57569194601217,0.016835723278498426,0.12805085253129192
2024-09-27,568.3130057800689,569.0507373700175,562.7405616236127,565.5816040039062,9398400,META,-0.0008454519086553702,-0.47857666015625,0.004743506228980288,0.012373042802329363,0.01460959645454069,564.4751098632812,0.001960217769199968,554.1824645996094,0.020569289236772592,532.7710968017578,0.06158462311321111,513.303828125,0.10184567699381253,95.6434056713912,13233260.0,0.7102104847936185,0.011156967803997334,0.010706422075385857,0.08250024970021363,0.009605903595202081,0.044997949061397424,1,1,1,1,575.5902132246995,493.57569194601217,0.017696136419465488,0.12731303767333416
2024-09-30,565.9205581692032,572.8786599094663,563.0296238732356,570.6456909179688,12792300,META,0.008953768789883743,5.0640869140625,0.005545378279728054,0.01193551365099233,0.014638601368632827,566.07607421875,0.008072442746366315,558.0861877441406,0.022504594182119808,535.3443481445313,0.06594137566930436,515.2198913574218,0.10757697924767529,95.94187867913296,13225580.0,0.9672392439499817,0.0172594592283472,0.014227231287997855,0.07343229918507421,0.018045536110699034,0.03156663931036019,1,1,1,1,575.5902132246995,493.57569194601217,0.008664785146763714,0.13505753254349118
2024-10-01,576.1683015405835,581.212438530882,568.3129965423386,574.6630249023438,15259300,META,0.007039979532505569,4.017333984375,0.005049429426496109,0.01192465415028265,0.013587713409524978,568.6958251953125,0.010492779167109001,562.0885925292969,0.02237090832330213,538.5940170288086,0.0669688238880044,517.0049682617188,0.1115232157912982,95.77057162601409,13678840.0,1.115540499048165,0.02244696705645092,0.023325477745150813,0.07486182184536272,0.03377467624698105,0.012767438968085854,1,1,1,1,581.212438530882,493.57569194601217,0.011396963689548676,0.14110414180573264
2024-10-02,573.0580884796676,574.1945297556643,567.5554322766549,571.0145263671875,6524700,META,-0.006348935597128902,-3.64849853515625,0.006299338170659599,0.012645810587260106,0.013845095435526247,569.5930053710938,0.002495678462848261,565.5636657714844,0.009637925711277084,541.6124618530273,0.05428616692748611,518.6913812255859,0.10087529316174537,89.0759328126191,11675100.0,0.5588560269291055,0.011626845154444015,0.007918224564628096,0.06480156373454293,0.020897114874220524,0.029922819748207985,1,1,1,1,581.212438530882,493.57569194601217,0.01785928674805159,0.13561622488633282
2024-10-03,568.3628612159356,581.5314148833746,566.9472684679748,580.9432983398438,11581000,META,0.01738794989301473,9.92877197265625,0.009164344119312346,0.006888711013621714,0.014084245186301263,572.56962890625,0.014624718131818204,567.9232482910156,0.022925721192093906,544.9221847534179,0.06610322463330376,521.122529296875,0.11479213751069639,91.87496830667597,11111140.0,1.0422872900530458,0.02510425106387625,0.026292465331727577,0.042335932846677915,0.01736540880998727,0.01312699125620198,1,1,1,1,581.5314148833746,493.57569194601217,0.001012347582305413,0.15038921465055397
2024-10-04,581.9003317540365,594.9792034357206,579.6075530643348,594.0720825195312,14169500,META,0.022599080180812026,13.1287841796875,0.01107288956360752,0.009018274159282573,0.011299418194459973,578.267724609375,0.027330520514234458,571.3714172363282,0.03973013804751413,549.7144592285156,0.0806921166913972,523.9728106689453,0.13378417815438115,92.31502032634619,12065360.0,1.1743951278702003,0.02587505931299249,0.05037377155468481,0.06161951648986408,-0.00911173081789407,-0.01622660076354554,0,0,1,1,594.9792034357206,493.57569194601217,0.0015269542920484211,0.1691653143290319
2024-10-07,596.3448974918161,601.060113054519,582.2093508822063,582.9470825195312,12014200,META,-0.018726683726354443,-11.125,0.017009155606997922,0.011954757669418654,0.012876545855502974,580.7280029296875,0.0038212030049331602,573.4020385742188,0.01664633765350154,553.7254058837891,0.052772865982376294,526.3557952880859,0.10751527339120814,79.49128392235417,11909740.0,1.0087709723302103,0.03233700405676374,0.02155696923212358,0.03609089650725483,-0.001624645783349532,-0.013663483581047187,0,0,1,1,601.060113054519,493.57569194601217,0.031071483292620928,0.15330961120390332
2024-10-08,587.8416343595179,591.6994990769665,584.1332629646378,591.0316162109375,7857400,META,0.013868383484251234,8.08453369140625,0.017540906777681848,0.012183216789282879,0.012824279424899016,584.0017211914062,0.012037455994461377,576.3487731933594,0.025475621187194042,558.1405792236328,0.0589296643384285,528.9002722167969,0.1174727018644317,80.99057555169355,10429360.0,0.753392346222587,0.012801745126318877,0.028483808074089012,0.052473684250569086,-0.004958660446026442,-0.026918988270930422,0,0,1,1,601.060113054519,493.57569194601217,0.016967784071981587,0.16489122001578946
2024-10-09,592.1281300958634,592.5269006344007,579.7869303073873,588.6590576171875,9529700,META,-0.004014266798382682,-2.37255859375,0.017165170741299817,0.012431385343161893,0.01302802151770254,587.5306274414063,0.0019206320880587047,578.56181640625,0.01745231179212059,562.0865631103516,0.04727473711485808,531.4474920654297,0.1076523389533921,72.4775031743987,11030360.0,0.8639518565123895,0.02164235844528263,0.030900319405628984,0.039063219638429514,-0.00015241705453528098,-0.023776127341856967,0,0,1,1,601.060113054519,513.1155179874306,0.021066617895134886,0.12833156757248745
2024-10-10,585.7282672228058,588.3799026728532,580.6941086330197,582.0,7740400,META,-0.011312248628505772,-6.6590576171875,0.017296348900902914,0.013287886406247392,0.012802525690685577,587.7419677734375,-0.009769538485043028,580.1557983398437,0.003178804151287684,565.0139068603515,0.030063141691566875,533.629682006836,0.09064397956885828,65.12791354041772,10262240.0,0.7542602784577246,0.013205831683562659,0.0018189411310467474,0.028159230909402533,0.004179230260685118,-0.01485031494979594,1,0,0,1,601.060113054519,514.9977777296826,0.03274933514522161,0.11512409324796798
2024-10-11,582.9969439506241,589.3569515432206,580.8835936806419,588.1008911132812,8587100,META,0.010482630778833713,6.10089111328125,0.013947769718952277,0.013419096417112565,0.012731677110504531,586.5477294921875,0.002647971414770245,582.4077270507812,0.009775220688312825,568.2950958251953,0.034851251459995236,535.4775616455078,0.09827364064717004,66.507293669217,9145760.0,0.9389159566837529,0.014408000379898365,-0.010051291050280353,0.03981615906520797,-0.022307220891199075,-0.013458849072357282,0,0,1,1,601.060113054519,515.7782305715274,0.022035712132157773,0.12297662124749768
2024-10-14,592.3574128261823,598.218987077325,588.1108167285003,588.5693359375,8252000,META,0.0007965381982877329,0.46844482421875,0.010339763475149354,0.01333167856287086,0.012484894145733174,587.6721801757812,0.0015266262245907658,584.2000915527344,0.0074790203698063,571.1431396484375,0.03051108396362623,537.5260260009766,0.09495969956332995,67.64821555783712,8393320.0,0.9831628008940443,0.017174136897098072,0.009644534789794434,0.03140941096163963,-0.02284810310355989,-0.04527289922763589,0,0,1,1,601.060113054519,528.9069997311592,0.021222269585490894,0.10136840736241876
2024-10-15,588.3100722725044,588.758673882389,578.3215220907713,584.4323120117188,9564200,META,-0.007028949136793861,-4.13702392578125,0.008358686937729553,0.013618023274764956,0.012777760242431853,586.3523193359375,-0.003274494294476793,585.1770202636719,-0.0012726204655432172,573.6328063964844,0.01882651322380946,539.738935546875,0.08280554453526578,61.82823188228141,8734680.0,1.0949685620995846,0.017858615235853692,-0.011165738038730333,0.017000027296057763,-0.016715857266254464,-0.0315383089831075,0,0,0,1,601.060113054519,532.2265009440925,0.028451200765345117,0.08932738658464077
2024-10-16,579.5775905437882,580.2554517410146,572.2306971262245,574.9819946289062,11268400,META,-0.016170080244678586,-9.4503173828125,0.010504980167090925,0.014588221158372994,0.01359241824535099,583.6169067382813,-0.014795513991590514,585.5737670898437,-0.018087853411835608,575.568716430664,-0.0010193775043860764,541.397138671875,0.06203367834455076,55.26896123154737,9082420.0,1.2406825493645968,0.013956532012744518,-0.02323426916022353,0.006948103907198133,-0.0028259631516569517,-0.006137356755290702,0,0,0,0,601.060113054519,544.8069490423769,0.04535466965786218,0.05247998349236019
2024-10-17,581.5016070194145,583.1364203045559,573.3970851091301,575.1216430664062,8701200,META,0.00024287445312110023,0.1396484375,0.00992706187716949,0.013377831186211206,0.010681923302728193,582.2412353515625,-0.012227908043746516,584.9916015625,-0.016871966144011874,576.4574249267578,-0.0023172255271431963,543.1611120605469,0.05884171435729857,55.656711880600476,9274580.0,0.9381772543877998,0.01693439172884907,-0.011818482703769284,-0.010021038697019091,0.008805244899256603,0.0021318519891075915,1,1,0,0,601.060113054519,552.4529045706721,0.0451008413625598,0.039415554550981675
2024-10-18,579.2785170294087,582.1395161435279,573.4468781988217,574.6630249023438,7694300,META,-0.0007974281086298163,-0.4586181640625,0.007190302362063378,0.010554262140580242,0.010679334255555433,579.553662109375,-0.008438627044872749,583.0506958007812,-0.014385834643276696,577.2110565185546,-0.004414384630085477,544.5034045410156,0.05538922274829661,52.5196688828932,9096020.0,0.8458974364612215,0.01512649599508065,-0.022849593350384945,-0.03267121648752003,-0.02216939083801983,0.02916036795085941,0,1,0,0,601.060113054519,552.4529045706721,0.04593489925101943,0.03864894619841942
2024-10-21,574.224445634066,575.4306139121728,567.3260927771657,573.3571166992188,8171900,META,-0.002272476471488538,-1.305908203125,0.00673174374291664,0.009051763261163116,0.010664151643805268,576.5112182617188,-0.005471015068900464,582.09169921875,-0.015005509494903202,577.7468688964843,-0.007598054500321472,545.6574438476563,0.050763850404460076,49.15209637790283,9080000.0,0.899988986784141,0.014135206312017718,-0.025846095454583162,-0.01645083423158089,-0.012831115737762522,0.02893106077646479,0,1,0,0,601.060113054519,552.4529045706721,0.04831717536669756,0.03645932267988736
2024-10-22,572.4898962759062,581.7009850903903,570.3267150631275,580.1857299804688,8544500,META,0.011909877949299652,6.82861328125,0.009989118380851895,0.008693495626625025,0.010910651785371617,575.6619018554687,0.007858481011890683,581.0071105957031,-0.0014137186968197213,578.6779418945313,0.0026055738032819686,546.9843078613281,0.06069903951898725,55.71855141143688,8876060.0,0.9626455882452349,0.019604532547957895,-0.00726616572008576,-0.01835077165583965,-0.015051395663872591,-0.024793380605007687,0,0,1,1,601.060113054519,560.5873374925528,0.03597879436771556,0.03377951486082859
2024-10-23,578.1520338144135,583.1662963021914,560.7368233674918,561.923095703125,14248400,META,-0.031477220713371445,-18.26263427734375,0.016110695655918737,0.012822318526255302,0.01303715150102583,573.0501220703125,-0.01941719570181366,578.3335144042969,-0.028375354864355717,578.4476654052735,-0.028567095504778317,547.6951477050782,0.0259778602342271,39.25679752058993,9472060.0,1.5042556740561188,0.039915556249977675,-0.022711839758059682,-0.045418415920220556,0.025670099151169357,0.006155836041912721,1,1,0,0,601.060113054519,560.5873374925528,0.06964835161726621,0.002377119254905813
2024-10-24,565.3523182834161,567.0968328541104,559.7599176050263,566.0003051757812,7184700,META,0.0072558140141125715,4.07720947265625,0.016909980752925876,0.013078176560583415,0.013145664474523954,571.2258544921875,-0.009147956583743455,576.733544921875,-0.0186103961536479,578.4446716308594,-0.02151349483433329,548.5229858398437,0.03186251039084165,32.338231273290305,9168760.0,0.7836065073139661,0.012962740800652888,-0.01585984113202954,-0.02749088457769544,0.04491182203969668,-0.012504867443250522,1,0,0,0,601.060113054519,559.7599176050263,0.061943090062202874,0.011025413791635451
2024-10-25,572.1309862116045,579.4679013953893,569.9278916410104,571.453125,11337900,META,0.009633952092172882,5.45281982421875,0.01787724832464534,0.012985509008626144,0.013314716053614025,570.5838745117187,0.0015234403338599822,575.0687683105468,-0.006287323377287546,578.738247680664,-0.012587940592935887,549.2493432617188,0.04042568645858369,42.212584287133275,9897480.0,1.1455340147188982,0.016694299736971153,-0.005585708081513041,-0.028307670273661434,0.0323592968173243,-0.0014304652680939833,1,0,1,0,601.060113054519,559.7599176050263,0.05181000288434678,0.02046223370459945
2024-10-28,580.1757074872899,581.9202220716588,572.3204026627383,576.3477172851562,10925100,META,0.008565168464440998,4.89459228515625,0.018334051992774915,0.013448103787038333,0.013302163239232254,571.1819946289063,0.009043917183709782,573.8466064453125,0.00435850070689936,579.0233489990235,-0.004620939239311617,550.2709838867188,0.04738889413039771,39.60186610675397,10448120.0,1.0456522321719122,0.01665629813568066,0.005215947441542523,-0.0207649598885008,-0.018299288109211553,-0.010567961197435416,0,0,1,0,601.060113054519,559.7599176050263,0.04287758071771094,0.02878088900614641
2024-10-29,578.331560895051,591.8091414711773,573.5964496330529,591.42041015625,13019100,META,0.026152082187628878,15.07269287109375,0.02128689191480407,0.01593644905915779,0.014429273816410643,573.4289306640625,0.03137525599092528,574.5454162597656,0.029371035637772547,579.8612182617187,0.019934411080608117,551.5570300292969,0.0722742671321508,51.65730596383979,11343040.0,1.1477610940277034,0.030794831435243756,0.019363937434585754,0.011957070136106918,-0.04402656310243558,-0.0026631008669706357,0,0,1,1,601.060113054519,559.7599176050263,0.016299239479615226,0.053532972497278467
2024-10-30,599.0961635884153,599.3155056206892,587.5325489970706,589.9449462890625,26864900,META,-0.0024947800952586086,-1.4754638671875,0.010326845515544986,0.01481782909677636,0.014343891277766948,579.03330078125,0.018844590618691814,576.0417114257813,0.024135812715486926,580.8077392578125,0.01573189613989312,552.8643603515625,0.06706995168565522,55.084773569958706,13866340.0,1.9374182372565507,0.019972976627288794,0.04986776802771242,0.026023339513115307,-0.0525852456190774,-0.004156675106857688,0,0,1,1,601.060113054519,559.7599176050263,0.01884102378598942,0.05116583992101198
2024-10-31,583.166345152626,588.0510106717841,561.245281503186,565.8009643554688,26838400,META,-0.04092582212199103,-24.14398193359375,0.025154920925653006,0.02027992501688996,0.01672300866662001,578.9934326171875,-0.022785177721421968,575.1096435546875,-0.016185920899679074,580.0506225585938,-0.02456623206483255,553.5208996582031,0.0221853677157422,38.4057409927292,17797080.0,1.5080226643921362,0.04737660565696239,-0.00035219207214132187,-0.0162064474938588,0.00854490731097024,0.02746739160803635,1,1,0,0,601.060113054519,559.7599176050263,0.06231722976862655,0.010676982067932814
2024-11-01,565.8308037858104,571.8718061959343,560.7966452513473,565.3822021484375,15303200,META,-0.0007401228230642376,-0.41876220703125,0.024602603001238732,0.02028013645541265,0.015762662828916238,577.779248046875,-0.021456370993496954,574.1815612792968,-0.015325046508379736,578.6161285400391,-0.022871685974245715,554.2333984375,0.02011571973534676,37.938229694907676,18590140.0,0.8231890668924494,0.01958880364910966,-0.010623658504907985,-0.01615002593125492,0.008621946014032655,0.031137545877665485,1,1,0,0,601.060113054519,559.7599176050263,0.06310405734475963,0.009944219188447479
2024-11-04,562.3318093918443,566.9074488502787,556.1413135198851,558.9225463867188,12064600,META,-0.011425290249979958,-6.45965576171875,0.024098194965308763,0.02052695481131299,0.015444820926802275,574.2942138671875,-0.026766189018271436,572.7381042480469,-0.024121946416445716,577.4149017333984,-0.03202611378952236,554.8949829101563,0.007258244533839164,37.04310862222046,18818040.0,0.6411188412820888,0.019262302800260426,-0.030233781406331373,-0.02517553177956333,0.055325826024388736,0.03445819205849876,1,1,0,0,599.3155056206892,556.1413135198851,0.0722693322985446,0.004976061325157764
2024-11-05,565.5217565361041,571.6823777040769,564.8937264362966,570.6356811523438,9775400,META,0.0209566331531037,11.713134765625,0.022425284473374708,0.021406015156534362,0.01590236722422139,570.1372680664062,0.0008741983972173628,571.7830993652344,-0.002006736845080681,576.3951049804688,-0.009992145627815807,555.9278674316406,0.02645633468358488,47.84202966186444,18169300.0,0.5380174249971105,0.011896647006144616,-0.03514374655824781,-0.016460330433233028,0.029540837036375445,0.008263082938339217,1,1,1,0,599.3155056206892,556.1413135198851,0.05025943069390499,0.025400387867769974
2024-11-06,560.9860599935962,571.2039313662027,553.4298024690905,570.2568969726562,18305400,META,-0.000663793366237786,-0.3787841796875,0.022530435536885822,0.018642818753748958,0.0158936085681602,566.199658203125,0.007165738641395913,572.6164794921875,-0.004120703130346182,575.4749969482422,-0.009067466012003367,556.9934130859375,0.02381264046415632,47.59034687589186,16457400.0,1.1122899121367895,0.03116863468284268,-0.033372689164048674,0.014830857341969983,0.019438860102906075,-0.03141327241986025,1,0,1,0,599.3155056206892,553.4298024690905,0.05095704901123948,0.029507919313025995
2024-11-07,575.081820590158,592.9356570254353,573.4070936542877,589.8453979492188,14653700,META,0.03435030962457919,19.5885009765625,0.018639865129969815,0.021326756602838434,0.017593511708058902,571.008544921875,0.032988741052764725,575.0009887695312,0.0258163193970391,575.8672668457032,0.024273182221452583,558.4969372558594,0.05613004942764421,56.32215575680435,14020460.0,1.0451654225324989,0.03310793546757289,0.042496275383942184,0.04212911646051487,-0.011627761387669966,-0.0630388346390175,0,0,1,1,599.3155056206892,553.4298024690905,0.016055237023796857,0.0617375258105571
2024-11-08,589.6857922274284,591.2408999638149,582.6878378356098,587.4927368164062,9415700,META,-0.003988606406004402,-2.3526611328125,0.019093351264636817,0.021386080583630944,0.017472255271949795,575.4306518554688,0.02096183948846564,576.6049499511719,0.018882576131468154,575.8368591308594,0.020241631810682836,559.9247277832031,0.04923520549333049,55.83540194575549,12842960.0,0.7331409581591782,0.0145585836082905,0.03910723504197566,0.028068114626910612,-0.01584824696033371,-0.04793495514665713,0,0,1,1,599.3155056206892,553.4298024690905,0.02012411058620057,0.05798017952000744
2024-11-11,584.5220444185395,585.160052945909,574.7029435064729,581.342041015625,10209100,META,-0.010469398879910496,-6.15069580078125,0.01885545675886728,0.021678680238880633,0.017629309721515073,579.91455078125,0.0024615527105706914,577.1043823242187,0.0073429674443636905,575.4754943847656,0.010194259682823281,561.1679553222656,0.03595017410032608,50.48002979757414,12471860.0,0.8185707665095663,0.01798787753448405,0.040111988277878874,0.008665469786180768,-0.010305722758115032,-0.030265599743320215,0,0,1,1,599.3155056206892,553.4298024690905,0.03091719390131146,0.048013452627253324
2024-11-12,586.6951263993742,597.780264511327,578.5607317037197,582.98681640625,16287700,META,0.0028292730863770377,1.644775390625,0.017439877476537455,0.019859266858927523,0.017573982358926453,582.3847778320312,0.0010337470983701191,576.2610229492187,0.01167143566748563,575.4032196044922,0.013179621773702355,562.6342987060547,0.03617361712039591,60.143981827673294,13774320.0,1.1824685356518507,0.03296735409229954,0.02164451972047088,-0.014259896353208235,-0.05256303200198997,-0.037156593579165786,0,0,1,1,599.3155056206892,553.4298024690905,0.028008676619988456,0.050699283595056266
2024-11-13,580.7838112641768,583.8043430221749,573.3671292944587,578.1820068359375,10757600,META,-0.008241712222466946,-4.8048095703125,0.018299305810408974,0.019981835826948922,0.01727637607975442,583.9697998046875,-0.009911116928796204,575.0847290039062,0.005385776522697894,575.5632202148438,0.004549954773197973,563.9850262451172,0.025172619715350564,55.82570379265474,12264760.0,0.8771145949859598,0.01805177885910555,0.013897437988656725,-0.019939046053564113,-0.044137961902827594,-0.035965520291812436,0,0,0,1,599.3155056206892,553.4298024690905,0.03655163691517036,0.04281040238920916
2024-11-14,575.1914193973914,578.939643581166,571.213935608324,575.3508911132812,11053700,META,-0.004896582199348187,-2.83111572265625,0.005068118394097825,0.014699612236123611,0.01731732303992222,581.0708984375,-0.009843906035562622,576.0397216796875,-0.0011958039358773709,575.5746826171875,-0.00038881401608670263,565.1970672607422,0.0179651035730779,51.91198881447172,11544760.0,0.95746468527713,0.013427819600475519,-0.024573399888059066,0.016878597527120398,-0.027843169329518136,-0.020878054100180288,0,0,0,0,599.3155056206892,553.4298024690905,0.04165217240045879,0.03810038184137384
2024-11-15,569.4294904085906,570.775295360466,549.7713316531629,552.34326171875,17712900,META,-0.039988865490435566,-23.00762939453125,0.01635613185856747,0.019799683549608437,0.019510260226119507,574.0410034179688,-0.037798243627241934,574.7358276367188,-0.0389614929872143,574.4586944580078,-0.0384978640807645,566.2794006347656,-0.024610005061801665,40.0016982080854,13204200.0,1.3414595356023085,0.03802701175704432,-0.05982963344896741,-0.02306216994475574,0.02064678717007351,0.03512114137300326,1,1,0,0,599.3155056206892,549.7713316531629,0.08504176145061262,0.004656398011598721
2024-11-18,555.2939099997465,558.144991436461,548.3657437769115,552.6622314453125,14327300,META,0.0005774845982007282,0.3189697265625,0.017356024140966396,0.0195372579128417,0.019517007977956212,568.3050415039063,-0.02752537619092421,574.1097961425781,-0.0373579493702616,573.4239501953125,-0.036206577599223744,567.2780822753906,-0.025764878437490424,31.59437327759015,14027840.0,1.0213475488742387,0.017694800011889843,-0.04933379584969955,-0.011200684212647083,0.015674638628849324,0.02669562215386323,1,1,0,0,599.3155056206892,548.3657437769115,0.08441552818503613,0.007774165528129051
2024-11-19,550.1301887468238,559.670199030822,548.8741284623578,559.331298828125,9522400,META,0.012067166893912074,6.6690673828125,0.01942417957414465,0.018609797695587238,0.019522792121132043,563.5739379882813,-0.007528096801815765,572.9793579101563,-0.02381946032368465,572.3812286376954,-0.022799367199078158,568.4101452636719,-0.015972351146785746,36.145482187624644,12674780.0,0.7512872018291442,0.019301745836650695,-0.040576419418789755,-0.019810156808614976,-0.003475415546169147,0.023579006914384415,0,1,0,0,599.3155056206892,548.3657437769115,0.07148573104408171,0.019604758528957444
2024-11-20,561.1654671706501,564.5747300141007,552.4628511582212,563.7473754882812,9797300,META,0.007895279004426436,4.41607666015625,0.020693178071711477,0.018865105586828954,0.018303422734726394,560.68701171875,0.005458239098761863,572.3284057617187,-0.014993193046249131,572.4724426269531,-0.015241025574321831,569.4903051757813,-0.010084332666079998,48.86860390981651,12482720.0,0.7848690029096222,0.02148458579587898,-0.02496554921632521,-0.011415068399755146,-0.0007249548716674603,0.048291890043747454,0,1,1,0,599.3155056206892,548.3657437769115,0.06309232056575197,0.02728461786282767
2024-11-21,567.7348499684634,568.2133259307972,547.3289818703621,561.3250122070312,11154700,META,-0.0042968950039934395,-2.42236328125,0.02069471682153557,0.014204587669618542,0.018255328008307956,557.8818359375,0.006171873769191816,569.4763671875,-0.01431377217763452,572.2386779785156,-0.019071877158038153,570.2477429199218,-0.01564711272192376,47.81302989766087,12502920.0,0.8921675896510575,0.037205439996912844,-0.024377956344363128,-0.04835230696271853,0.018558188333725356,0.08979020738741483,1,1,1,0,599.3155056206892,547.3289818703621,0.06768002955059146,0.024933915347258837
2024-11-22,561.7835402193574,562.0626917643333,552.8516642815921,557.3873901367188,9164000,META,-0.0070148701459613605,-3.9376220703125,0.00804557857726366,0.01421639840650971,0.018159991877871224,558.8906616210937,-0.002689741639294252,566.4658325195312,-0.016026460664773534,571.5353912353515,-0.024754374471985807,570.9459484863281,-0.02374753404513219,49.149367910553764,10793140.0,0.8490578274718942,0.016525360361098005,0.009132234911805925,-0.05124377680450465,0.01799198115247802,0.09772153257116134,1,1,0,0,599.3155056206892,547.3289818703621,0.07522257630135147,0.018045632973306903
2024-11-25,560.3381090003746,570.7952798720845,554.6460455718901,563.3386840820312,13599800,META,0.010677123398598498,5.9512939453125,0.008872877474125794,0.01489445681739165,0.018225099578733826,561.0259521484375,0.004122326114749608,564.6654968261719,-0.002349732277956207,570.8849395751953,-0.013218522630460972,571.5805529785156,-0.014419435464582908,45.68093998098305,10647640.0,1.2772595617432596,0.02866700753297248,0.0193182237345908,-0.030968613421009872,0.016297640421329307,0.07754237090726601,1,1,1,0,599.3155056206892,547.3289818703621,0.06386357364625643,0.02841931978762864
2024-11-26,564.2258439211572,575.6897965803327,563.4283637310257,571.7421875,10356600,META,0.014917319998470235,8.40350341796875,0.009593776404956733,0.01588147273875661,0.017503606013875277,563.5081298828125,0.014612136330490744,563.5410339355469,0.014552895123145726,569.9010284423828,0.003230664564072505,572.3226171875,-0.0010141652104408427,50.802867690967695,10814480.0,0.9576604700364696,0.021445737462406463,0.022188797047255404,-0.019287964306922256,0.03363336601396494,0.08757903987264792,1,1,1,1,599.3155056206892,547.3289818703621,0.04822683846587626,0.04269967506925995
2024-11-27,573.0880610711642,573.1777448997434,562.3318426508605,567.4158935546875,7200200,META,-0.007566861497888877,-4.3262939453125,0.010635272256177919,0.015852609968466425,0.01755477859185084,564.2418334960937,0.005625354006325578,562.4644226074219,0.008803171806515353,568.7745758056641,-0.0023887886497950817,572.9456591796875,-0.009651466131914144,35.48005490541301,10295060.0,0.6993839763925611,0.019114554900703677,0.006507379414811165,-0.018620630102563762,0.07809193999231101,0.07795135008264364,1,1,1,0,597.780264511327,547.3289818703621,0.0535134304511916,0.03540068565666539
2024-11-29,567.2164438690074,576.6468129766572,565.1230507511389,572.519775390625,7130500,META,0.008994957479888654,5.1038818359375,0.010533768206763919,0.01615330436551664,0.015071886129661309,566.4807861328125,0.010660536783672514,562.1813110351562,0.018389911141713844,569.1105163574218,0.005990504366399696,573.2491052246094,-0.0012722738288419855,40.640506667175366,9490220.0,0.751352444938052,0.020128147045498614,0.019943460455428275,-0.004920676697272808,0.06870743411309221,0.07835364072525808,1,1,1,1,597.780264511327,547.3289818703621,0.04412160104594991,0.04399986621086661
2024-12-02,575.6898363387268,592.6365501357109,573.7658931912714,590.9718017578125,12522400,META,0.03222950046502393,18.4520263671875,0.014241435216356345,0.012112610731669589,0.016628842138561608,573.1976684570312,0.031008732726751642,566.0441650390625,0.04403832467212121,570.3899963378906,0.03608374191704722,573.8767333984375,0.029788746196661053,55.21715264504951,10161900.0,1.2322892372489396,0.031931569134618205,0.060253267683102685,0.0699357495895947,0.027157809330293547,0.06721985127367125,1,1,1,1,597.780264511327,547.3289818703621,0.011520791234477032,0.07384924248100717
2024-12-03,593.1349366752197,612.2747652879608,589.3966912760062,611.7265014648438,14907200,META,0.03511961086010795,20.75469970703125,0.017548974869908827,0.014761381295047409,0.017814668658358002,582.8752319335938,0.049498190951673404,571.9505920410156,0.06954431025569385,573.0301940917968,0.0675292642028702,574.8584460449218,0.06413414584682098,62.89939495947495,10423380.0,1.4301694843707127,0.03739918731192883,0.08589471795579096,0.10687227506947128,0.016491549486471913,0.027931179432093334,1,1,1,1,612.2747652879608,547.3289818703621,0.0008962564508880657,0.10527175043140191
2024-12-04,611.0387031196573,615.8436021650134,603.2032939927384,611.8561401367188,14697000,META,0.0002119226019545728,0.129638671875,0.019094759243378133,0.015076582627965915,0.017416219729578724,590.8980224609375,0.03546824812257143,577.203076171875,0.060036173394413916,575.0912170410156,0.06392885512122337,575.8642834472656,0.06250058863521968,65.7762433166778,11291460.0,1.301603158493233,0.020658954520666486,0.07016091083311693,0.09390649409149887,-0.0003422563039851001,0.010704013536231738,0,1,1,1,615.8436021650134,547.3289818703621,0.006516992748334049,0.10546132339529699
2024-12-05,615.145779427461,617.9569474371278,605.1471892630866,607.0213012695312,8081200,META,-0.007901920974605514,-4.8348388671875,0.01918883800642302,0.016017063147818415,0.017584684638762733,598.8191040039062,0.013697287228784827,581.53046875,0.043834044627659496,576.9294372558594,0.05215865592992186,576.6741369628907,0.05262445870464538,64.56406709786359,11467660.0,0.7046947677207033,0.021102650182540154,0.06979960936012541,0.07676120131604858,0.017062799754299363,0.025969396819868207,1,1,1,1,617.9569474371278,547.3289818703621,0.01801525934052998,0.09833644927176025
2024-12-06,608.1876239914793,627.8159083390149,606.6225986816157,621.8148193359375,16935500,META,0.02437067370694712,14.79351806640625,0.019470116596936517,0.016227774557164756,0.01677965355305498,608.6781127929687,0.021582354066733256,587.5794494628906,0.05826509062619811,578.5279083251953,0.07482251139111895,577.7892297363281,0.07619662557521245,84.55822076270724,13428660.0,1.2611459371225424,0.03408299223236972,0.08610190610739865,0.10776253652241685,0.014284025994192762,-0.00614066962745885,1,0,1,1,627.8159083390149,547.3289818703621,0.009650926315146665,0.11978781326749657
2024-12-09,621.9642613672759,624.4365290047741,604.2699000041796,611.646728515625,11426000,META,-0.016352281264656043,-10.1680908203125,0.021828232647379896,0.017555702074443492,0.017262787177768333,612.8130981445313,-0.0019033040129817769,593.0053833007812,0.03143537266235685,579.7356079101562,0.05504426529966433,578.7105322265625,0.056913075630993015,76.72296987146234,13209380.0,0.8649913924801921,0.03297104040683078,0.03498462481004361,0.09734583045661882,0.028065245548945184,-0.025911116610552454,1,0,0,1,627.8159083390149,547.3289818703621,0.02643548811685799,0.10515505707249091
2024-12-10,615.6242910640193,623.6291506932943,610.8193917771058,617.3787841796875,10938900,META,0.009371513648038787,5.7320556640625,0.01575452103267601,0.017550581442128323,0.01706793123130029,613.9435546875,0.0055953506897488126,598.4093933105469,0.0316996876740141,581.5374450683594,0.06163204006083389,579.6451940917968,0.06509773646448092,76.52364914989342,12415720.0,0.8810524077540408,0.020748621825754526,0.00923988531036124,0.09592826060882964,0.0016629537483141554,-0.03757280921834549,1,0,1,1,627.8159083390149,547.3289818703621,0.01690554393312235,0.11346324834015915
2024-12-11,621.4160232851857,636.398940507193,619.5818248925854,630.6968383789062,10837200,META,0.021571933698555146,13.31805419921875,0.017916452458411884,0.017908095321687623,0.01755692728779882,617.7116943359375,0.021021366702354882,604.3048583984375,0.043673287768055014,583.9229461669922,0.08010285007456708,580.7658703613281,0.08597434967470319,78.2898089631936,11643760.0,0.9307302795660508,0.026664341076820655,0.030792692932651633,0.10311404714892802,-0.012544156839170206,-0.07422055430883556,0,0,1,1,636.398940507193,547.3289818703621,0.009040955624485028,0.1321837235189356
2024-12-12,629.520540523856,634.6643395468709,625.2440095870248,628.812744140625,7474700,META,-0.0029873215206278614,-1.88409423828125,0.01706305459157388,0.017461808030008342,0.01740135249678732,622.0699829101562,0.01083923258750552,610.4445434570313,0.030089876108273517,586.4544830322266,0.07222770450894611,581.9218347167969,0.08057939507743073,78.64757379402187,11522460.0,0.6487069601456633,0.014981137147149406,0.035898975580459735,0.10820431941252995,-0.017201121129422625,-0.04828250861832328,0,0,1,1,636.398940507193,547.3289818703621,0.012064317139334889,0.12958350960527004
2024-12-13,625.2539173055883,629.1018641775152,614.9563410317534,618.4054565429688,8453300,META,-0.016550694454959713,-10.40728759765625,0.016572009580491792,0.01945522481256409,0.01791483043341203,621.3881103515625,-0.004799985321422229,615.0331115722656,0.005483192542401705,588.607211303711,0.0506250087783624,582.6710778808593,0.061328560861598325,74.55272061395064,9826020.0,0.8602974551242517,0.022874188764178394,-0.005482923029415332,0.08014689295411048,-0.036557209344099895,-0.019520813110599056,0,0,0,1,636.398940507193,547.3289818703621,0.02909658020291733,0.11493507038236819
2024-12-16,628.5118922373878,629.6792095440776,617.1384950234287,622.7852783203125,10885600,META,0.007082443615274547,4.37982177734375,0.014298810017105954,0.01748801314686285,0.014660168651541218,623.6158203125,-0.0013318167453982843,618.2144592285156,0.007393581666629068,592.1293121337891,0.051772417879554,583.245341796875,0.06779297439671272,74.2267738644069,9717940.0,1.120155094598238,0.020136498014968956,0.018210756774125203,0.053832478077418644,-0.04592778668629871,-0.03346467766540695,0,0,0,1,636.398940507193,547.3289818703621,0.021859319191997077,0.12115940931272548
2024-12-17,624.7107568886487,630.8963205922495,615.103193761423,617.9964599609375,12897800,META,-0.00768935703215512,-4.788818359375,0.01463794598959744,0.014363308486631789,0.014938585646747961,623.73935546875,-0.009207204030755145,618.841455078125,-0.001365446852749752,595.3960235595703,0.03795866197804054,583.9463293457031,0.058310377005685865,69.42263393090552,10109720.0,1.2757821185947782,0.025555367795836184,0.0010004810613482018,0.010249610701971612,-0.055194961035051615,-0.03168997044419819,0,0,0,1,636.398940507193,547.3289818703621,0.029777647184934742,0.11434932506739953
2024-12-18,619.552788270997,625.8979519713565,594.9303111747199,595.7982788085938,17075500,META,-0.035919592733179795,-22.19818115234375,0.016230432910296917,0.01854954837877969,0.01749781171657762,616.7596435546875,-0.033986278066578945,617.2356689453125,-0.03473128857466934,597.2193725585937,-0.0023795171678905325,584.0416625976562,0.020129756083919315,60.36269441598212,11357380.0,1.503471751407455,0.051976720809872076,-0.05533333520430039,-0.026244504671534163,0.0044542065463109015,-0.009963367531764189,1,0,0,0,636.398940507193,547.3289818703621,0.06814497984080711,0.08135185793949382
2024-12-19,608.9676006291684,610.0949722205629,593.6134498908004,594.18212890625,14958100,META,-0.002712579005054394,-1.61614990234375,0.016265669608572605,0.018453990823280184,0.01751221442556659,609.8335205078125,-0.025665023445299417,615.9517517089844,-0.035343065008474506,598.7411102294922,-0.007614278100086969,584.1521240234375,0.01717019329439262,58.115838365581794,12854060.0,1.1636868040136734,0.02773816567001281,-0.05507301745562321,-0.021151106783945273,0.02045088484121349,-0.01689138661418288,1,0,0,0,636.398940507193,547.3289818703621,0.07105028836638726,0.07885317439979819
2024-12-20,589.2037657797782,601.7045349749246,578.6484037103535,583.8861694335938,48989400,META,-0.017327952107224598,-10.29595947265625,0.016333664847563784,0.016438926735552094,0.01802421349902994,602.9296630859375,-0.031584934061586245,612.15888671875,-0.04618525990319533,599.8691680908203,-0.026644140935089156,584.1898474121094,-0.0005198275523974338,47.17256026128445,20961280.0,2.3371378083781145,0.03948737351826135,-0.055819829440616364,-0.060996696641693715,0.030926919043973822,0.023904312504057224,1,1,0,0,636.398940507193,552.8516642815921,0.0899366585862787,0.05315163601512787
2024-12-23,588.2259739647594,599.6892488609435,584.8838051496438,598.4520874023438,10205800,META,0.02494650281386157,14.56591796875,0.022246928232992874,0.018632726591480925,0.01857942430177161,598.0630249023437,0.0006505376253005402,610.8394226074219,-0.020279200632142724,601.9224029541016,-0.005765386924836635,584.3968713378906,0.02405080648750868,44.427779525686915,20825320.0,0.49006689933215913,0.024739563990100907,-0.03907155767007975,-0.021572323529470472,-6.670039762213253e-05,0.007968759736702635,0,1,1,0,636.398940507193,554.6460455718901,0.06340833945381036,0.07319891224809533
2024-12-24,601.3153720498085,606.5731101523746,597.8834471973506,606.3336791992188,4726100,META,0.013169962913966993,7.881591796875,0.024134673449209637,0.018927180761487743,0.018636796492236592,595.73046875,0.017798670716753895,609.734912109375,-0.005578215782969909,604.072152709961,0.003743801926826551,584.752158203125,0.036907124998753815,47.823478527778555,19190980.0,0.24626673572688837,0.014331486528177671,-0.01887192163278073,-0.017890321571617296,-0.027165829941924735,0.03693956949200894,0,1,1,1,636.398940507193,562.3318426508605,0.04958533945810367,0.07257033224093905
2024-12-26,604.069010990469,604.8871074252385,597.5442732843297,601.9439697265625,6081400,META,-0.0072397586069335995,-4.38970947265625,0.01682499255181809,0.017106203060692136,0.018602736956835727,596.9596069335937,0.00834958133695518,606.8596252441406,-0.008100152511547498,605.582241821289,-0.006007890990634701,585.1023913574219,0.028783984851042277,47.99186772451265,16992160.0,0.35789446427058125,0.012198534265978729,0.010315053159029253,-0.04558904833936994,-0.029568201982306253,0.024098760424852372,0,1,1,0,636.398940507193,562.3318426508605,0.0572394982148951,0.06580700043177791
2024-12-27,598.0130782329492,600.4473943709115,588.4254884707819,598.4121704101562,8084200,META,-0.0058673223655859585,-3.53179931640625,0.017110468615371917,0.017101721988551907,0.018556997953156438,597.805615234375,0.0010146361297451723,603.8195678710938,-0.008955320013895207,607.1320556640625,-0.01436241946468908,585.5709948730469,0.02192932308727724,39.83885440555964,15617380.0,0.5176412432815235,0.020089674800379938,0.0071190991753533606,-0.048345988553422314,-0.0009501870846565508,0.018189106200949823,0,1,1,0,636.398940507193,565.1230507511389,0.06347927394424528,0.05562908193561767
2024-12-30,587.3779342019037,595.5488500662633,584.2153388503573,589.8621215820312,7025900,META,-0.014287892611316244,-8.550048828125,0.016307738184213477,0.016943364309487834,0.018877174435888874,599.0008056640625,-0.015256547229347883,600.965234375,-0.018475466063383794,607.9991729736328,-0.02983071720788022,585.8658044433594,0.006821215896819277,40.406594664856144,7224680.0,0.9724859786177381,0.01921383116703465,0.010234789692372015,-0.046156343963233204,0.022647473417891195,0.04164129407807149,1,1,0,0,636.398940507193,573.7658931912714,0.07889440128881015,0.027288120056919725
2024-12-31,590.8898254514629,592.585815148899,582.4894031220041,584.1455688476562,6019500,META,-0.009691337221388263,-5.716552734375,0.010535120463284852,0.016484075679627636,0.017587755899923948,596.139501953125,-0.020119339628011823,597.1012634277344,-0.02169765058895423,607.657861328125,-0.03869330749556865,586.0554553222656,-0.0032588835361307966,35.36291040158024,6387420.0,0.9423992785819627,0.017284068501644326,-0.023905871256605926,-0.0620433892992297,0.07632654907858316,0.03897450546938286,1,1,0,0,636.398940507193,578.6484037103535,0.08945265434884134,0.009410608297769045
2025-01-02,588.3457320934158,603.5003369073487,586.4501962447986,597.8435668945312,12682300,META,0.023449631012175676,13.697998046875,0.014979977105215467,0.01894230589316875,0.01650647263227616,594.4414794921875,0.005723166232023624,595.0859741210937,0.004633940125223557,606.9637145996094,-0.01502585325235517,586.5451843261719,0.019262595398066296,35.578517223751774,7978660.0,1.589527564779048,0.028519401406485363,-0.014002376242567172,-0.03261004612822549,0.031122700615993537,-0.00832735328357559,1,0,1,0,636.398940507193,578.6484037103535,0.06449073929646124,0.03210733417085358
2025-01-03,603.3507102273493,608.079654648607,595.0201320733577,603.2210083007812,11436800,META,0.008994729899299392,5.37744140625,0.015507514329345034,0.015279036363388461,0.016657049286544573,594.6968872070313,0.014333555929278763,595.8282470703125,0.012407537351273534,606.5319580078125,-0.0054588215234465665,587.0058898925781,0.027623433916771134,39.10037084656269,9049740.0,1.2637711138662546,0.021649648131514456,0.0021215239930036933,0.012458460784798842,0.010072170142119363,0.020657232247174084,1,1,1,0,636.398940507193,578.6484037103535,0.05500128767045252,0.04073565783069553
2025-01-06,610.4041988830613,629.5195213275813,604.2086488423892,628.7313842773438,14560800,META,0.042290264472755856,25.5103759765625,0.023463272824975706,0.019884974393323467,0.01909784684920702,600.7607299804688,0.046558726130092154,599.2831726074219,0.04913905982341471,607.6174621582031,0.03474870857750845,588.3420556640625,0.06864939914535562,53.89656573399064,10345060.0,1.4075123778885767,0.04025705272257746,0.050666105013216,0.05814590121498742,-0.02275477410984328,-0.029990481631393062,0,0,1,1,636.398940507193,578.6484037103535,0.01219528151702208,0.07965719831936661
2025-01-07,630.2278877474329,630.6269190448738,606.8125509705602,616.4500732421875,12071500,META,-0.019533478592407505,-12.28131103515625,0.024902344665590416,0.020180571187410058,0.01890508197633823,606.0783203125,0.01711289214954892,602.5395629882812,0.023086467857674764,607.3492248535156,0.014984539398839258,589.3510510253906,0.045981121387072,47.74390265108175,11354180.0,1.0631767331502584,0.03863146280292121,0.045074858492093695,0.05577097988154578,-0.015472006802431437,-0.008286205888008213,0,0,1,1,636.398940507193,578.6484037103535,0.03236088067941237,0.06132154276990849
2025-01-08,611.9705610612136,615.0034547439036,601.3852402562982,609.2967529296875,10085800,META,-0.011604054607176062,-7.1533203125,0.025275118246999472,0.019593331976270695,0.018721333672913974,611.1085571289062,-0.002964782898362439,603.6240295410156,0.009397775951671905,607.2317260742187,0.0034007229312922327,590.1079235839844,0.032517491426247824,46.95316628218567,12167440.0,0.8289171756754091,0.022350709111980057,0.043056363727361546,0.01812119258271183,-0.02696820645439446,0.009398843080612007,0,1,0,1,636.398940507193,578.6484037103535,0.04448109635771032,0.05030118587037805
2025-01-10,608.6083741209461,628.4419884049565,595.9479453181921,614.4247436523438,19256600,META,0.008416244954530416,5.12799072265625,0.023943885555481964,0.01934747969646832,0.018697297291183072,614.4247924804688,-7.946965296934394e-08,604.4331359863281,0.01653054253835884,607.0840240478516,0.012091768706984807,590.8694641113282,0.0398654541683634,57.40932094011574,13482300.0,1.428287458371346,0.05288531007655898,0.027734975629063907,0.013344243822660085,0.0020460457139281907,0.01240551181688998,1,1,0,1,636.398940507193,578.6484037103535,0.035763854047002254,0.05822737497406742
2025-01-13,605.6851785232928,607.550815769116,597.0553731797557,606.912353515625,10785000,META,-0.012226705083624445,-7.51239013671875,0.02507100439575549,0.01965933208067163,0.01815747120453945,615.1630615234375,-0.01341222925085872,604.9299743652343,0.003277039053108277,605.8947998046875,0.0016794230801542298,591.1793029785156,0.026612992805807423,54.836990551991875,13351940.0,0.8077477879618992,0.01729317673064963,0.006119391009344888,0.008253897437197288,0.004882210278477128,0.04622486788556146,1,1,0,1,634.6643395468709,578.6484037103535,0.04572651367283699,0.04657006838227732
2025-01-14,603.659903819051,604.0789079674663,587.1783838616758,592.8651123046875,13598000,META,-0.023145419811554158,-14.0472412109375,0.012219634750880613,0.021040133332325107,0.018777808765166302,607.9898071289062,-0.024876559848333146,604.3752685546875,-0.01904471749402581,604.0974182128906,-0.018593534038651827,591.2377062988281,0.002752540963679495,53.31708960342661,13159380.0,1.033331357556359,0.02850652493295124,-0.05704546149526246,-0.009269627824692761,0.031165484909561947,0.08959199267164397,1,1,0,0,630.8963205922495,578.6484037103535,0.06414816371926577,0.023979668054793072
2025-01-15,608.7880143304319,621.0094674482275,605.0866380361617,615.681884765625,15524300,META,0.03848560488277042,22.8167724609375,0.024350722351343623,0.02371152830373249,0.020596932313835557,607.8361694335938,0.01290761512159122,606.9572448730469,0.014374389574018487,603.9612396240234,0.019406286981094922,592.2353247070313,0.039589938459331675,55.999461033990144,13849940.0,1.1208929424965017,0.02586210477530486,-0.0012461487311085095,0.04377253978327045,-0.0010694601902663248,0.06928958023786658,0,1,1,1,630.8963205922495,578.6484037103535,0.024711521003117128,0.060150350321528885
2025-01-16,610.0749733489131,614.8139040494975,608.2891666484603,609.8754272460938,8355300,META,-0.009430937734576372,-5.80645751953125,0.024110367805092407,0.02369429533777604,0.020628172647287082,607.951904296875,0.003163939343924671,609.5302307128907,0.0005663320961117879,603.3157470703125,0.010872715004763167,593.1251892089844,0.0282406452159758,51.25132943509467,13503840.0,0.6187351153449685,0.010698475638705126,0.0009497413429888635,0.044046997479061156,0.019957468821427682,0.10310823473391584,1,1,1,1,630.8963205922495,578.6484037103535,0.03446751977051453,0.051202298273840284
2025-01-17,622.595722821053,623.5135618341703,602.2632108119018,611.342041015625,17280600,META,0.0024047759657308543,1.46661376953125,0.023759252286752863,0.022746717653408768,0.02057534746195911,607.3353637695312,0.006597141357331138,610.880078125,0.0007562251695012456,602.9830261230469,0.013862769813477893,594.1735791015625,0.02889469090837493,53.39044778801125,13108640.0,1.3182603229625651,0.03476016631698558,-0.005017217598357382,0.02257860562289049,0.03864408837338762,0.10398665046362754,1,1,1,1,630.6269190448738,578.6484037103535,0.031545152689337025,0.05347847049903103
2025-01-21,616.3902400115962,620.0516704767022,607.5907866326766,615.0234375,11674000,META,0.006021827777882072,3.681396484375,0.022949601630486215,0.02267119788452194,0.018820883951462766,608.9575805664062,0.009961050042191388,612.0603210449219,0.00484121638537105,603.9442840576172,0.018344661477623703,595.0613342285156,0.0335462953535115,55.986218625355384,13286440.0,0.8786401775042826,0.020260827611184497,0.013364506320213243,0.01956567996937819,0.050335710338782924,0.11442742670502892,1,1,1,1,630.6269190448738,578.6484037103535,0.02537054784172161,0.059144142437086426
2025-01-22,621.8474509712569,632.2232391929498,617.9864744815644,622.0469970703125,12274000,META,0.011419986852635233,7.0235595703125,0.01777835217965027,0.018276709764817455,0.018909391859131944,614.7939575195312,0.011797512747270034,611.3918823242187,0.017427635292748933,605.3375274658204,0.02760355809170556,596.0971362304688,0.043532939956635985,61.72752193640877,13021640.0,0.9425848049861615,0.02288695995388936,0.049221794570073696,-0.010631546912063583,0.05834804640440794,0.10534087914205581,1,1,1,1,632.2232391929498,578.6484037103535,0.01635928180758829,0.06976738665141968
2025-01-23,625.897953878345,635.1164107716554,619.7024649482253,634.966796875,9910200,META,0.02076981299730818,12.9197998046875,0.011161121351307906,0.018159266740653397,0.01872892631011385,618.6509399414062,0.026373283996204755,613.2435546875,0.035423514884832086,607.8915588378907,0.04453958546302106,596.9995642089843,0.06359675105679807,67.5946160565729,11898820.0,0.832872503323859,0.024275199741608758,0.031322851275243035,0.030037669612763107,0.059517772059931806,0.09585981212108163,1,1,1,1,635.1164107716554,582.4894031220041,0.00023562475611596902,0.0826458863853422
2025-01-24,634.916957345469,650.4805787372286,632.7220720484465,645.9810791015625,19065300,META,0.017346233347585116,11.0142822265625,0.007628973456568506,0.01785783754949445,0.018362919077898023,625.8720703125,0.03212958325336679,616.9119873046875,0.04712032250155973,610.2680084228516,0.05852030613730852,598.1693310546875,0.07993012273393174,66.98104554589491,14040820.0,1.3578480459118485,0.027490753620029843,0.05920168323309016,0.06020765086222002,0.04478826699864724,0.08756892875628064,1,1,1,1,650.4805787372286,582.4894031220041,0.006965373725688763,0.09828720690683901
2025-01-27,625.1497368617698,662.3229161040041,623.6432460146609,658.3422241210938,28399200,META,0.019135459875579075,12.36114501953125,0.006109477094911316,0.018333943878855695,0.018567242690749348,635.2721069335937,0.0363153315495901,621.3037353515625,0.059614141461057146,612.8684356689453,0.07419828760232017,599.7093347167969,0.09776884568919586,68.531546305781,16264540.0,1.7460807376046295,0.05875313578888499,0.07688033858654175,0.0714773956004604,0.04109832501087718,0.06817902633521711,1,1,1,1,662.3229161040041,582.4894031220041,0.006046539075060368,0.11521791891801472
2025-01-28,664.448000551763,680.989380738641,657.9331883748065,672.7586059570312,20950100,META,0.021898005790504715,14.4163818359375,0.004117484073317486,0.0174982807593707,0.018757500440396573,646.819140625,0.04010311956286072,627.8883605957031,0.07146213909548815,616.4091674804688,0.09141563988557633,601.5047705078125,0.11845930230788304,65.99493194400836,18119760.0,1.1562018481480991,0.03427112215240408,0.09387474515071825,0.10849384109580673,0.022021819596448333,0.05584788246779748,1,1,1,1,680.989380738641,582.4894031220041,0.012234365653191562,0.13417770064288498
2025-01-29,673.4269342882086,679.4628227799124,664.1186605020307,674.9134521484375,21377800,META,0.003203000559674596,2.15484619140625,0.007613103388046052,0.013366688456456869,0.018570752786550886,657.392431640625,0.026652300307270282,636.0931945800781,0.061029198078415,620.2342315673828,0.08815898542535416,603.4393994140624,0.11844445822360306,72.92642015590265,19940520.0,1.07207836104575,0.022735007324327153,0.08498787925528606,0.13839292975900963,0.030998259868027844,0.05621669879185531,1,1,1,1,680.989380738641,582.4894031220041,0.00900252998493676,0.13694207565758532
2025-01-30,695.1961091898404,709.1335236960656,674.5243642695758,685.3989868164062,29322900,META,0.015536117460083876,10.48553466796875,0.007224058135693254,0.01009960317194844,0.018028882307676464,667.4788696289063,0.026847467392432822,643.0649047851563,0.06583174064738229,625.0110748291015,0.09661894711836383,605.640361328125,0.1316930485170711,79.08341656594006,23823060.0,1.2308620303185234,0.05049490893945592,0.07942492456236949,0.1132355909372269,0.02502186858863875,0.044250375592954194,1,1,1,1,709.1335236960656,582.4894031220041,0.03462878897721069,0.15014551476418792
2025-01-31,689.3897407126141,703.6564047890081,683.9823881610954,687.573974609375,19303900,META,0.003173316323491049,2.17498779296875,0.008873433826056534,0.007819061797558756,0.017600633097732847,675.7974487304688,0.017426117694035792,650.8347595214843,0.05644937451543397,630.1824951171875,0.09107120546329228,608.3449755859375,0.1302369579811633,78.60041647396513,23870780.0,0.8086832520763879,0.028613672643863386,0.06438717302008334,0.1274006852745826,0.022766105067530074,0.04442952338580053,1,1,1,1,709.1335236960656,586.4501962447986,0.03135597024151331,0.14707330716237033
2025-02-03,674.3347681841834,702.3593313663864,673.6763331039097,695.8345947265625,21415700,META,0.012014154726959436,8.2606201171875,0.008097616747220692,0.0070489661297246835,0.01726618191709737,683.2959228515625,0.018350280538296015,659.2840148925782,0.05543980895690259,635.0820465087891,0.09566094420673044,611.2084228515625,0.138457142786385,84.56522234264055,22474080.0,0.952906637335099,0.041221000622638095,0.056949667257818914,0.1382083155455327,0.020832759530808875,0.04003103708819755,1,1,1,1,709.1335236960656,587.1783838616758,0.01911219860336074,0.1561523552987253
2025-02-04,700.8628861544697,706.0607666337353,689.9982497177888,702.5489501953125,13826300,META,0.009649355636576873,6.71435546875,0.005463000123431014,0.006733263984787768,0.017269269077894785,689.2539916992188,0.0192889104106857,668.0365661621094,0.051662417570160546,640.0484436035156,0.09764965014197191,614.0727758789062,0.1440809262220959,95.21301487526455,21049320.0,0.6568525729097187,0.022863199655313745,0.0442808816929261,0.14231248332761703,0.014669309804334452,0.03460717209116293,1,1,1,1,709.1335236960656,587.1783838616758,0.009372405294922934,0.16421712152806298
2025-02-05,701.9104247968392,716.466450844178,697.3810267994947,703.2273559570312,17778200,META,0.0009656348664817127,0.67840576171875,0.006083742432698731,0.007803840474195681,0.015282153816521236,694.9167724609375,0.011959106220250204,676.1546020507812,0.04003929548676899,643.7732421875,0.0923525705534296,616.8623754882813,0.14000688630164437,94.14425976433743,20329400.0,0.8745068718211064,0.02713976338236961,0.0419519031936062,0.13050518573203984,0.01777631849946837,0.04511461308974374,1,1,1,1,716.466450844178,587.1783838616758,0.018826194366585013,0.16502340404181645
2025-02-06,704.2350030352095,717.2246803609337,701.860544580122,710.3307495117188,13080700,META,0.010101133715170185,7.1033935546875,0.0048133054359008115,0.007236398361219242,0.014094778290087404,699.903125,0.014898668314588193,683.6909973144532,0.03896460872222529,648.4672760009765,0.09539953024653336,619.842490234375,0.14598589271143436,100.0,17080960.0,0.7658059031810859,0.021629551855066105,0.03637554646982699,0.11868959606647733,0.0109692690164227,0.006151799024218807,1,1,1,1,717.2246803609337,587.1783838616758,0.009705240627628505,0.17337327116233933
2025-02-07,715.1295132827424,723.3204021183071,710.091294290037,712.8548583984375,16427100,META,0.0035534275947561866,2.52410888671875,0.0047365785818297675,0.007270788388926245,0.013421522106194775,704.9593017578125,0.01120001767610912,690.3783752441407,0.032556760119185846,653.6451812744141,0.09058381950981742,622.9518395996093,0.14431776757672243,100.0,16505600.0,0.9952440383869717,0.018557926164649834,0.03676823836071619,0.1035228143057747,0.015199050226321287,-0.015045018525758236,1,0,1,1,723.3204021183071,587.1783838616758,0.014681170502761869,0.1763002286596146
2025-02-10,716.885419282827,719.5192814719111,709.6722880239806,715.7281494140625,12904300,META,0.004030681676323811,2.873291015625,0.004023928943377574,0.006690064369356742,0.013449549990808595,708.9380126953125,0.009577899050630112,696.1169677734375,0.0281722505678208,658.7103515625,0.08655974164716396,625.99962890625,0.14333637971093793,100.0,14803320.0,0.8717166149215176,0.013758007779897705,0.028589487844187245,0.08716731692180413,0.015556232086498145,-0.03144692060454579,1,0,1,1,723.3204021183071,587.1783838616758,0.010607732433690217,0.179606971805741
2025-02-11,711.6576791372714,721.9735485962613,708.3852936539699,718.12255859375,12998000,META,0.0033454170855899967,2.3944091796875,0.0034008459516705744,0.004855794048297573,0.012660073514894099,712.052734375,0.008524402654078278,700.6533630371093,0.024932722053766065,664.2708618164063,0.08106888300066273,628.927236328125,0.14182136996701766,100.0,14637660.0,0.8879834618374794,0.018921916293648065,0.022167292961021268,0.06742976193100692,0.023436984731916022,-0.05036121886293399,1,0,1,1,723.3204021183071,587.1783838616758,0.007238100881743234,0.18234237758592792
2025-02-12,713.6330486346045,725.4055376689322,710.9393285513713,723.6895751953125,12016500,META,0.007752181761932153,5.5670166015625,0.0030209222730725274,0.004717770507845949,0.010247437875628259,716.1451782226562,0.010534731227793914,705.5309753417969,0.025737494862955623,670.8120849609375,0.07882608471112174,632.0527099609375,0.14498294808361534,100.0,13485320.0,0.8910800781887267,0.019989522598355347,0.02909758709604504,0.07227018944667196,-0.012421090450900896,-0.07892413972250822,0,0,1,1,725.4055376689322,602.2632108119018,0.002371130568181234,0.167787914245745
2025-02-13,719.8386103490428,727.3011596897542,716.3666786322259,726.8621826171875,12569100,META,0.004383934121227062,3.172607421875,0.0018010752334179628,0.0036837243934168366,0.007819825081799792,719.45146484375,0.010300511063726647,709.677294921875,0.024215073271020016,676.3710998535156,0.07464997066640922,635.1395581054687,0.14441333930658384,100.0,13383000.0,0.9391840394530374,0.015043403438815411,0.023272867064860314,0.06049497679209104,-0.034026035968027335,-0.09753487094956637,0,0,1,1,727.3011596897542,602.2632108119018,0.0006039343950816957,0.17142035283311413
2025-02-14,724.4477576855079,739.1832950443513,723.9289500509375,734.9531860351562,16901200,META,0.011131413370325305,8.09100341796875,0.0032732012897752653,0.0038841149707955266,0.00661622884756963,723.8711303710937,0.015309431747031033,714.4152160644531,0.028747945884806336,682.6249877929688,0.0766573143057252,638.0191857910156,0.1519296008692308,100.0,13477820.0,1.2540010179687813,0.020755532846529017,0.030999757350839596,0.06890780217895598,-0.05678250493108272,-0.0854790771859888,0,0,1,1,739.1832950443513,602.2632108119018,0.00575561694210103,0.1805420777057592
2025-02-18,734.2848205070356,735.2824901001159,704.7937097713013,714.7005615234375,21938700,META,-0.027556346304144053,-20.25262451171875,0.015601198675758945,0.01117475640703335,0.01052110255928108,723.6656127929688,-0.012388389210495787,716.3018127441406,-0.0022354420890947635,687.7929138183594,0.03912172859661678,640.0786669921876,0.11658238022821155,75.43564440726524,15284700.0,1.4353372980823962,0.042659516404779954,-0.0014357237331886763,0.027112717504780948,-0.04581433405291058,-0.08114518157410966,0,0,0,1,739.1832950443513,607.5907866326766,0.03425593155926316,0.1498666443782393
2025-02-19,702.4591309680515,705.3523971238884,693.7694678476539,702.1299438476562,17535500,META,-0.017588649502367826,-12.57061767578125,0.01714797122450387,0.0125386751734764,0.011967397927289916,720.46708984375,-0.025451746866148484,716.259912109375,-0.019727431373488757,692.1482391357422,0.0144213394581163,641.8841430664063,0.09385774899103128,64.65411343131333,16192200.0,1.082959696644063,0.01649684560205523,-0.02227003532295513,-0.0005964087591900924,-0.05064154593084291,-0.05054201271121794,0,0,0,1,739.1832950443513,617.9864744815644,0.05277278304588969,0.11984030891060923
2025-02-20,695.65501914406,703.9855351233361,692.0234875447729,693.220703125,12587400,META,-0.01268887732352475,-8.90924072265625,0.015926990772269528,0.013151765709093875,0.012662375267541546,714.3733154296875,-0.02961002580557548,715.2592468261719,-0.030811966149286052,695.7069244384766,-0.00357366187706587,643.6081311035156,0.07708506096158207,54.28414973914194,16306380.0,0.7719309865218399,0.017255756391346907,-0.04210212930328505,-0.014229612581571294,-0.053738916797444025,-0.05726488607580671,0,0,0,0,739.1832950443513,619.7024649482253,0.06630297062992282,0.10605314850719062
2025-02-21,694.9566951444989,702.2296844827868,680.7698020105673,681.95703125,15660400,META,-0.016248320086552526,-11.263671875,0.014362072911736114,0.013241074679962462,0.013014687290772018,705.39228515625,-0.033223008529302045,712.421875,-0.04276236429433056,698.0564361572266,-0.02306318525741724,644.8109753417968,0.057607666942258495,47.202030950716,16924640.0,0.925301808487507,0.0314680859480022,-0.06177945756580572,-0.03994437560421371,-0.014409947961118386,-0.06371147203876715,0,0,0,0,739.1832950443513,623.6432460146609,0.08391476467286783,0.08550947136427678
2025-02-24,684.6807257344343,685.6684089004975,660.9062419977378,666.572998046875,15677000,META,-0.022558654721876903,-15.384033203125,0.005803674076076992,0.014133174919488848,0.013838341441575459,691.7162475585938,-0.03634908042201068,707.7936889648438,-0.05823828547871701,699.0860321044922,-0.0465079154274356,645.9095007324219,0.03199131966788227,36.38980048374459,16679800.0,0.9398793750524587,0.03714846982298318,-0.09304019533158447,-0.06492466145989861,-0.014802494832953261,-0.0174517623264695,0,0,0,0,739.1832950443513,623.6432460146609,0.10893075058580486,0.06440367695361575
2025-02-25,664.4180058682373,666.4433044201521,640.3642060071343,655.9677734375,20579700,META,-0.015910072325835856,-10.605224609375,0.0035910962262281874,0.0138709667767742,0.013727640118393012,679.9696899414063,-0.03529850941734558,701.8176513671875,-0.06533018632456578,698.9673095703125,-0.06151866552850138,646.6812805175781,0.014360231538617318,29.090886176937317,16408000.0,1.254247927840078,0.03975667627138795,-0.08217817537563454,-0.08349591395208622,0.016273832794162946,-0.04497348934288703,1,0,0,0,739.1832950443513,640.3642060071343,0.12685916134381567,0.023787094522338487
2025-02-26,658.1128192943592,681.4183680693286,656.4666399888893,672.1300659179688,14488700,META,0.024638851381025395,16.16229248046875,0.01889647657042389,0.017153414113178087,0.01397024214165945,673.9697143554688,-0.002729571371407058,697.2184020996094,-0.03598346817308529,698.9358825683594,-0.03835232575538694,647.5099450683593,0.03802276866498189,37.74476883584709,15798640.0,0.9170852680990262,0.03712336249437267,-0.042726959863424785,-0.06404546428097901,-0.02768298626457122,-0.07130786740753126,0,0,0,0,739.1832950443513,640.3642060071343,0.09976228192500795,0.047261477386002546
2025-02-27,680.8596586153011,687.0452225675066,656.0376330781108,656.7060546875,12500000,META,-0.022947956076631137,-15.42401123046875,0.01998348280332789,0.017073370447404857,0.014855031962591306,666.6667846679687,-0.014941092326100525,690.5200500488281,-0.048968882741257214,698.0255126953125,-0.05919476760708087,648.0678112792968,0.013329227679355293,30.167524371100768,15781160.0,0.7920837251507494,0.047216847275987135,-0.05267391506470309,-0.09255836038502374,-0.027710281694120265,-0.09153200082680635,0,0,0,0,739.1832950443513,640.3642060071343,0.12559232516304258,0.024884571359924734
2025-02-28,656.5065253896072,668.0695436166545,641.1025033038951,666.6428833007812,17534200,META,0.015131318711550268,9.93682861328125,0.0225330173878747,0.018338266879837865,0.01483119782653553,663.603955078125,0.004579430546489904,684.4981201171875,-0.02608515099113695,697.0877075195312,-0.04367430940230288,649.0325598144532,0.027133189575824224,33.79742355030301,16155920.0,1.0853111429123194,0.04045200359634263,-0.022456177218597717,-0.08284830433683688,-0.017554764450672722,-0.09351996840951748,0,0,1,0,739.1832950443513,640.3642060071343,0.10881449957794076,0.03941942223028331
2025-03-03,672.1100891704203,679.6624558029707,649.3233482384725,653.5234985351562,10843800,META,-0.01967977922552233,-13.119384765625,0.021980774323646247,0.017236176362656386,0.015341492903552098,660.9940551757812,-0.011302002767087371,676.3551513671875,-0.03375689944237026,695.3851837158203,-0.06019927683384674,649.64732421875,0.005966582439276058,29.65212832267784,15189280.0,0.7139113901383081,0.046423896971573335,-0.019576999893417657,-0.11079574733091213,-0.04140154841604293,-0.05417905810123136,0,0,0,0,739.1832950443513,640.3642060071343,0.131073781893379,0.02013591333367193
2025-03-04,644.005714168679,648.2358235359192,622.196671295492,638.508544921875,21495200,META,-0.022975384430608203,-15.01495361328125,0.02315346752701864,0.016819056327539987,0.015601194887177549,657.5022094726562,-0.02888760566449644,668.7359497070313,-0.045200807281855715,692.5188812255859,-0.07799113896811893,650.0575659179688,-0.017766151186602963,25.943577520417776,15372380.0,1.3983000680441156,0.04078121185302724,-0.02661598514837482,-0.10660690742869094,-0.02240634168294564,-0.07712494135541548,0,0,0,0,739.1832950443513,622.196671295492,0.15767173505061616,0.025546836853027274
2025-03-05,639.5062052303152,657.9630925887565,636.173962017042,654.9401245117188,13770000,META,0.02573431431814943,16.43157958984375,0.023508476013416546,0.020197380697837726,0.0167253655310235,654.0642211914062,0.0013391702097953484,664.0169677734375,-0.013669595360123021,690.1384399414062,-0.051001818465112314,651.2404028320312,0.005681038313345876,30.50635088917987,15228640.0,0.9042173168451024,0.03326888940872127,-0.025575319834521437,-0.06720952403388236,-0.08908247759036148,-0.07362016018021089,0,0,1,0,739.1832950443513,622.196671295492,0.12862728573156038,0.049994575062320606
2025-03-06,646.4898483233629,649.0438798563313,622.6555088997344,626.4666137695312,13446500,META,-0.04347498294354091,-28.4735107421875,0.028664754680928755,0.023309643417651647,0.018926375501684207,648.0163330078125,-0.03325490136684783,657.3415588378906,-0.04696940981936837,686.3004028320313,-0.08718308894413407,651.8860925292969,-0.03899374300368774,25.105118485506807,15417940.0,0.8721333719031207,0.04212254951275792,-0.04604714803849108,-0.09629557953844292,-0.03538600680103299,-0.03581887775258619,0,0,0,0,739.1832950443513,622.196671295492,0.17992448248213758,0.006815913857478255
2025-03-07,623.9126020486227,633.3106321661818,599.2102942304716,624.201904296875,21375700,META,-0.0036150521398565783,-2.26470947265625,0.025792833367810197,0.023265383200729794,0.01857303083844119,639.5281372070312,-0.02396490790395789,651.5660461425781,-0.04199749512379469,681.9939605712891,-0.08473983585720202,652.6924072265625,-0.04365073442596046,21.72009494435345,16186240.0,1.3206093570835475,0.054630301030757195,-0.0636637397128822,-0.08469027271008878,-0.009749559104966443,-0.06837882045471344,0,0,0,0,739.1832950443513,599.2102942304716,0.18420544691704485,0.040037702375411516
2025-03-10,606.65296218488,608.6881862514739,585.502354444259,596.596435546875,21999900,META,-0.04422522353739988,-27.60546875,0.029498693582365194,0.02560459072042466,0.020239968654494712,628.142724609375,-0.05022153059580181,644.5683898925781,-0.07442492541978052,676.181039428711,-0.11769718350735636,652.6552941894531,-0.08589351705512305,20.934014367325744,18417460.0,1.1945132499269715,0.038863510449842674,-0.08710790524882539,-0.10497959369047094,-0.012291097080239122,-0.022425694419720643,0,0,0,0,739.1832950443513,585.502354444259,0.23900052196385135,0.01859562082774848
2025-03-11,593.6632701142687,613.4969461931333,591.9473076689873,604.2984619140625,17401500,META,0.012909943654167755,7.7020263671875,0.03214454797304168,0.026561141604180362,0.02062681558085918,621.3007080078125,-0.02736556690602754,639.4014587402344,-0.05489977594879547,670.6095550537109,-0.09888181974135068,652.61458984375,-0.07403470391499434,25.332074239349524,17598720.0,0.9887935031638665,0.03566058807412728,-0.05357811305720006,-0.07876806394416647,0.004012695506415254,-0.031679680059017334,1,0,0,0,739.1832950443513,585.502354444259,0.22320896317202749,0.031104013421229714
2025-03-12,628.4321419951534,631.8541416152899,607.9299818068337,618.1162109375,15747000,META,0.02286576897725512,13.8177490234375,0.03135121585832786,0.026325031194881002,0.021639924956473666,613.9359252929687,0.006808993369359362,634.0000732421875,-0.025053407680948103,665.6092376708984,-0.0713527157459325,652.9380346679687,-0.05333097764503225,31.52005906314747,17994120.0,0.875119205607165,0.03870495448124608,-0.05622485506086883,-0.08036220624455892,-0.022793332343261974,-0.036767360348589406,0,0,1,0,739.1832950443513,585.502354444259,0.19586459951151947,0.05276330876968163
2025-03-13,618.8045942687469,619.0540116787705,585.1432303548188,589.2636108398438,16480300,META,-0.04667827762338628,-28.85260009765625,0.0321992483254265,0.028774999844966957,0.023032308485269028,606.4953247070313,-0.028411948394674535,627.2558288574219,-0.06056893578300082,658.887939453125,-0.10566945370265723,652.7550634765626,-0.09726688644675441,29.00910713076314,18600880.0,0.8859957163317005,0.05754772685796873,-0.05938545185326349,-0.10269806919893465,-0.013141650599021504,0.04869379496286452,0,1,0,0,739.1832950443513,585.1432303548188,0.254418704034406,0.006992423101016555
2025-03-14,601.9302652875026,607.9815194546456,593.921878023224,606.7233276367188,12364500,META,0.029629721699581335,17.459716796875,0.03732335783553426,0.03051691131327417,0.024504963400271577,602.999609375,0.006175324500754309,621.2638732910157,-0.02340478221801534,652.8809967041016,-0.0706984416768105,653.0922875976562,-0.0709990928410772,36.57296735070463,16798640.0,0.736041727187439,0.023173068828894507,-0.02800147923266072,-0.08988254006009921,-0.038742504819901935,0.0307933510754681,0,1,1,0,739.1832950443513,585.1432303548188,0.21832021511944275,0.03556826694954646
2025-03-17,606.5835867430537,612.2154031063742,597.1372135641119,604.0272827148438,15473900,META,-0.004443615069782303,-2.696044921875,0.03051734690508007,0.030301319066556535,0.024085274709768123,604.4857788085938,-0.0007584894629839578,616.3142517089843,-0.019936207803194383,646.3347015380859,-0.06545744599905123,653.489921875,-0.07568998006616168,37.91861766270037,15493440.0,0.9987388210752421,0.024962762401215213,0.012455399873714024,-0.07573746916714708,-0.031244950806774585,0.010051146969554337,0,1,0,0,735.2824901001159,585.1432303548188,0.21730013054267386,0.03126357517354056
2025-03-18,599.1841923852631,599.383916000254,573.8308122814993,581.5197143554688,20297700,META,-0.03726250287605082,-22.507568359375,0.034388452049354326,0.03143160876987851,0.024561665157857134,599.930029296875,-0.030687436938243162,610.6153686523437,-0.04764972483593133,639.6756591796875,-0.09091473778883075,653.1634448242188,-0.10968729348904549,29.528280031330326,16072680.0,1.2628696645487871,0.04394193883362423,-0.03769453174916926,-0.089253042922674,0.023851289603415093,0.03472084683487031,1,1,0,0,705.3523971238884,573.8308122814993,0.21294666321961317,0.013222083248702
2025-03-19,583.437060479347,591.465438844832,573.9407712608652,583.2173461914062,20537500,META,0.0029193022936790936,1.6976318359375,0.031024290593958247,0.0294045161344177,0.024654740357677153,592.9502563476562,-0.016414378865777013,603.4430908203125,-0.033517236234176795,633.730029296875,-0.07970694265744793,652.7633715820313,-0.10654094334685771,32.29868270593214,17030780.0,1.2059048381812225,0.03004826193598049,-0.05646003798082311,-0.10951043558948903,0.059565694197217356,-0.012533079348680531,1,0,0,0,703.9855351233361,573.8308122814993,0.2070723542785282,0.016094401120275232
2025-03-20,581.9191646208485,609.3195747902407,578.6738539383629,585.1544799804688,24336500,META,0.003321461204322196,1.9371337890625,0.023973442347574675,0.027337372441117048,0.024786316544028242,592.1284301757812,-0.011777766173534543,599.3118774414063,-0.023622754685554637,628.3267181396484,-0.06870985573716193,651.8918334960938,-0.10237488811251527,29.585035719528307,18602020.0,1.3082718973530831,0.0523720178180995,-0.006973332111104735,-0.0659446694860274,0.06878848828293571,-0.016450421088765377,1,0,0,0,702.2296844827868,573.8308122814993,0.20007572104075103,0.019351586779866023
2025-03-21,582.5782039839329,596.6778262742098,580.1117970416443,595.3897094726562,25015900,META,0.017491499838690583,10.2352294921875,0.020427523972538865,0.028376297777519346,0.025347492036890795,589.8617065429687,0.009371693175483031,596.4306579589844,-0.0017452967456272894,623.9983520507812,-0.04584730469896625,651.4706262207031,-0.08608356922150462,35.222421436164964,21132300.0,1.183775547384809,0.027823842046645737,-0.0186800435186969,-0.04615845390070372,0.024704391091009414,-0.01719080684355956,1,0,1,0,687.0452225675066,573.8308122814993,0.15394205112485185,0.03620972423297656
2025-03-24,614.0826855144928,621.6417707519487,611.3167235438618,617.9570922851562,15741300,META,0.037903548639576234,22.5673828125,0.027531202651637318,0.027421165116316343,0.02688489911433183,592.6476684570313,0.04270568362146521,598.5667236328125,0.03239466526749113,621.5675567626953,-0.005808643707762684,651.6438330078125,-0.05169501960475453,44.96900405061551,21185780.0,0.7430125301027387,0.016708356190080532,0.02306155693448808,0.03580419772153154,-0.026290694287552263,-0.056427265487487,0,0,1,0,687.0452225675066,573.8308122814993,0.11180085340046493,0.07140670534337819
2025-03-25,625.8557350102046,632.9654575641416,620.2837686391537,625.4063720703125,15312500,META,0.012054687741521741,7.44927978515625,0.014330418201394315,0.02739113942740193,0.02692901766267087,601.425,0.039874252101779195,600.6775146484375,0.04116827552026514,620.0394866943359,0.008655715468363967,651.8634655761718,-0.04058686351209195,42.437560932459256,20188740.0,0.7584673436777134,0.020277517932871636,0.07546890781421878,0.034929610923371435,-0.07914619576451176,-0.15118714804378164,0,0,1,1,687.0452225675066,573.8308122814993,0.09855807879466924,0.0824672758259244
2025-03-26,623.9884142880119,625.8457160257799,605.7347596820686,610.0984497070312,12609800,META,-0.02447676110591379,-15.30792236328125,0.022745637134344618,0.027813929819571162,0.026606071140159962,606.801220703125,0.005433787690943825,599.8757385253906,0.0170413812813468,616.9379058837891,-0.011086133809463439,651.9271875,-0.06416167111142101,45.50573246358178,18603200.0,0.6778296207104154,0.03296346082073901,0.04609105626087273,-0.012971284507015568,-0.05666299814533082,-0.17390091671015973,0,0,1,0,687.0452225675066,573.8308122814993,0.1261218954046271,0.059445549227256034
2025-03-27,601.1313910896048,613.3637159082887,599.2341081674626,601.7105712890625,10436500,META,-0.013748401462086335,-8.38787841796875,0.025026297661650564,0.023397739344383498,0.02634845866195546,610.1124389648437,-0.013771015208338233,601.1204345703125,0.0009817279280679436,614.1881317138672,-0.02031553489968385,652.1040966796875,-0.07727834504830322,44.02536953735843,15823200.0,0.6595694928965063,0.023482399038720146,0.02829353935587453,0.02112290699824282,-0.02751504144779293,-0.1432672923649272,0,0,0,0,679.6624558029707,573.8308122814993,0.12955046534567205,0.04633416851533043
2025-03-28,599.4438360887048,600.8817608125378,573.091898457094,575.9078369140625,17602800,META,-0.04288230190093223,-25.802734375,0.03168186313668321,0.02516932832828036,0.02730388790547003,606.216064453125,-0.049995751211911466,598.0388854980469,-0.03700603609672237,609.6513793945312,-0.05534891516850293,651.3086157226562,-0.11576812741058728,44.451105319678355,14340580.0,1.2274817336537296,0.048254009711610556,-0.032721211416047224,-0.05079002128150789,0.01246662400587395,-0.11493905999719789,1,0,0,0,679.6624558029707,573.091898457094,0.1801583729870142,0.004889564399848098
2025-03-31,562.6870107661883,577.86509316616,552.5017146196878,575.5284423828125,21124700,META,-0.0006587764689623965,-0.37939453125,0.021218102804520966,0.025205590551859232,0.027167401110715864,597.7303344726563,-0.03714365962274824,595.1890014648437,-0.03303246369412716,605.7516265869141,-0.04989369054507209,650.6216760253906,-0.11541766345892168,41.96809101585157,15417260.0,1.370198076701048,0.04406972215215341,-0.06865954033385391,-0.047181379297870696,-0.07762514027847622,0.01632660116838114,0,1,0,0,657.9630925887565,552.5017146196878,0.143232973620985,0.040009712930587776
2025-04-01,570.01638065981,589.0588115540622,569.1775658513092,585.1544799804688,12836600,META,0.01672556365381772,9.62603759765625,0.022699904840004583,0.0231113733654156,0.027310322936410624,589.6799560546875,-0.00767446142225503,595.5524780273438,-0.017459415300086545,603.0839233398438,-0.029729599257235728,650.0979248046875,-0.09989794205808311,40.57733115722716,14922080.0,0.8602420037957175,0.033976063386572136,-0.06436118000620294,0.006250459847313428,-0.1386859585585779,-0.06776441142021983,0,0,0,0,657.9630925887565,552.5017146196878,0.12442630980235837,0.05580195739400438
2025-04-02,574.080458474082,591.8048477070258,572.5327070966798,583.0874633789062,13470800,META,-0.003532428909424845,-2.0670166015625,0.02197538025292611,0.023137691039962154,0.026402498145548323,584.2777587890625,-0.002037208146726699,595.5394897460938,-0.020908817268350033,599.4912902832032,-0.027362911138454793,649.4592053222656,-0.10219539795486499,47.9151677878898,15094280.0,0.8924440251538993,0.03305188641626213,-0.04427316007948501,-0.00022270053068240703,-0.11590428652701867,-0.06911775558301547,0,0,0,0,649.0438798563313,552.5017146196878,0.11311581987240349,0.052454821412174564
2025-04-03,545.4318768443412,551.7627562198618,529.5348635095143,530.8529663085938,34777500,META,-0.08958261041597648,-52.2344970703125,0.04266123787086542,0.03652991525527147,0.031430819685465065,570.1062377929687,-0.06885255568564685,590.1093383789063,-0.10041591992612109,594.7106079101562,-0.10737599220898641,647.6353247070313,-0.18032116832303113,29.258577490752742,19962480.0,1.7421432607571805,0.04187203259861994,-0.11776027937928424,-0.09279859512258626,-0.03982163829930341,-0.0002634091770101765,0,0,0,0,633.3106321661818,529.5348635095143,0.19300573296227505,0.0024829903621811206
2025-04-04,505.8890272194756,517.2526126590658,493.48696426685154,504.00177001953125,38589800,META,-0.05058123057271091,-26.8511962890625,0.04364144968843775,0.0373632473668064,0.03282795787596389,555.7250244140625,-0.09307346641275782,580.9705444335938,-0.13248309256212254,588.7006011962891,-0.1438742053339893,645.0160241699218,-0.21862131926391026,25.84518804523863,24159880.0,1.597267867224506,0.047153898668437756,-0.12485689946473355,-0.15349264187664313,0.16056113394202765,0.03326537544663588,1,1,0,0,632.9654575641416,493.48696426685154,0.25587943379566447,0.020862636558344295
2025-04-07,484.40007792998455,538.5917633076846,481.2046828713169,515.505126953125,36606100,META,0.022824040743245844,11.50335693359375,0.04802957098908001,0.035192751779018865,0.032583644108098754,543.720361328125,-0.05189291478082547,570.7253479003906,-0.09675445667589877,584.6460357666016,-0.11826114363850493,642.4065051269531,-0.1975406182238919,33.16355487450457,27256160.0,1.3430395184061144,0.1113220362628632,-0.1042925266754462,-0.16579139006750776,0.058188953966097134,-0.027002371289916338,1,0,0,0,632.9654575641416,481.2046828713169,0.2278548252376495,0.06653754208913437
2025-04-08,542.466195243981,546.6401569981987,502.1344555804991,509.7135314941406,28034200,META,-0.011234797010100328,-5.791595458984375,0.04402467278830071,0.03376984106610533,0.03226220601394255,528.6321716308594,-0.03578790915875152,559.1560638427734,-0.08842349309214559,579.9167892456055,-0.12105746730111056,639.433931274414,-0.20286755743746054,31.636960639711234,30295680.0,0.9253530536366901,0.08731512637547312,-0.12892484133223447,-0.18498826641818245,0.06488396533338259,-0.017572736869123307,1,0,0,0,632.9654575641416,481.2046828713169,0.24180626656841622,0.055931119857176984
2025-04-09,508.5352100791647,587.0418020934284,501.38553692930896,584.9248657226562,39216600,META,0.14755608705942347,75.21133422851562,0.09073505649988743,0.06259299977425002,0.047147926317057165,528.9996520996094,0.10571880983490001,556.638705444336,0.05081601405303093,578.2572219848632,0.01153058446015831,637.6772564697266,-0.08272584636170832,49.95800991555328,35444840.0,1.1064121039903128,0.1464397740354119,0.0031511607762968463,-0.04126151114867338,-0.09268152908844862,-0.1726104458236104,0,0,1,1,632.9654575641416,481.2046828713169,0.08213121830977851,0.1773222321865157
2025-04-10,574.6597156332648,580.4613309550042,534.5276963693453,545.5018310546875,28173500,META,-0.06739845914955733,-39.42303466796875,0.08541376866324626,0.06587629044376508,0.048398580413394204,531.9294250488281,0.025515426232744165,551.0178314208985,-0.010010565995635656,576.0691329956055,-0.05306186391547418,635.0890240478516,-0.14106241739491,41.756867201496135,34124040.0,0.8256202958383592,0.08420436370827496,0.027594956938750803,-0.09341491227910015,-0.04534219964370356,-0.08422269443967678,0,0,1,0,632.9654575641416,481.2046828713169,0.1603360823562217,0.11786788700425958
2025-04-11,534.7373976799885,546.6102578983532,527.8273986400332,542.7857666015625,17642300,META,-0.004979019864834733,-2.716064453125,0.07981473429465373,0.06471861613463627,0.04779416494068647,539.6862243652344,0.005743230225996099,547.7056243896484,-0.00898266800449321,572.8722549438477,-0.05251866900978508,632.2367596435547,-0.14148337893611773,36.70716733893163,29934540.0,0.5893626559820194,0.03460455379278177,0.07695210391925467,-0.05751279664812503,-0.0759056390631645,-0.04286482787252266,0,0,1,0,632.9654575641416,481.2046828713169,0.16614232817342178,0.11345375564250902
2025-04-14,555.3675132456816,556.9652412544987,527.5178006421743,530.713134765625,14130900,META,-0.0222419830783801,-12.0726318359375,0.08156785480042165,0.06495108998224579,0.04795849342565773,542.7278259277343,-0.022137599341938152,543.2240936279297,-0.023030935131669317,569.2065475463867,-0.06762644060700074,629.0995428466797,-0.15639243296196903,33.524430123778046,25439500.0,0.5554708229328407,0.055486549480877355,0.029501176646654192,-0.07786810228117036,-0.05644605922989265,0.0031423069545004623,0,1,0,0,632.9654575641416,481.2046828713169,0.19266966671867575,0.09328665271526052
2025-04-15,531.3422648985347,537.163870525552,516.7533586187461,520.767578125,15558700,META,-0.018739985858871155,-9.945556640625,0.08208555387343319,0.06452435438879386,0.04748712008505374,544.9386352539062,-0.04435555779164768,536.7854034423829,-0.029840277352292333,566.1689407348633,-0.08019048616643343,625.5982025146484,-0.16756861507637366,34.161885427736024,22944400.0,0.6781044612192954,0.03919313099385537,0.021686782766893176,-0.11003402359256964,-0.07067808326426206,0.0493748663893816,0,1,0,0,632.9654575641416,481.2046828713169,0.2154471287231532,0.07597035014377722
2025-04-16,507.7763329602169,512.629306338645,494.91491131205976,501.58526611328125,18735100,META,-0.036834689442042046,-19.18231201171875,0.023761178319917413,0.06502291525687412,0.04799117877172892,528.2707153320313,-0.05051472369044263,528.6351837158203,-0.05116934785233729,562.0873367309571,-0.10763820257817891,621.5789288330078,-0.19304654188489045,32.90249442087354,18848100.0,0.9940047007390665,0.03531681694690083,-0.14247915329503313,-0.13977696723803956,-0.00404132503234067,0.09442377092258636,0,1,0,0,632.9654575641416,481.2046828713169,0.26192992563140527,0.04063234033944186
2025-04-17,504.52101935573154,506.5680494021945,497.2914750644452,500.7564697265625,14593500,META,-0.0016523539320462133,-0.82879638671875,0.014176689601127501,0.05922071813879203,0.04795074409713638,519.3216430664063,-0.03574889201656062,525.6255340576172,-0.0473132728904464,557.8674362182617,-0.10237372318923976,617.5295111083984,-0.18909710269917468,35.97047108215652,16132100.0,0.904624940336348,0.018525121288627128,-0.08202605157458986,-0.056694599996895634,0.037469068404077044,0.1056074342602269,1,1,0,0,632.9654575641416,481.2046828713169,0.2640185316223107,0.03904450174337606
2025-04-21,490.62108316605304,492.78796564319924,479.1077201623686,483.9607238769531,16166000,META,-0.033540746580429937,-16.795745849609375,0.013929806722237122,0.05797397373523118,0.04795351102704791,507.5566345214844,-0.04648921724129784,523.6214294433594,-0.07574309097427112,552.2959869384765,-0.12372942168260881,613.0021105957031,-0.21050724701967205,33.89305471589475,15836840.0,1.020784449422991,0.028267263862322943,-0.10837617038655789,-0.03976384079326045,0.10004959508904565,0.13275284273186028,1,1,0,0,632.9654575641416,479.1077201623686,0.3078860046607272,0.010027680915318256
2025-04-22,491.16032727526476,506.1486806655398,485.6582673272301,499.5581970214844,17399400,META,0.032228799518237095,15.59747314453125,0.028235733301180593,0.05850651262029162,0.04767580043638122,501.3256469726563,-0.003525552626012618,522.0267364501954,-0.04304097445563426,546.3760421752929,-0.08568795397289408,608.736177368164,-0.1793518841260665,35.253238476883524,16490540.0,1.0551140229489149,0.041017069603661235,-0.05870391309968115,-0.0309345709632306,0.09392741621121159,0.1437794491629354,1,1,0,0,632.9654575641416,479.1077201623686,0.26705048848777035,0.040937126006634766
2025-04-23,527.7674399584153,534.5676117147929,515.7747588305107,519.5193481445312,18173900,META,0.03995760902745915,19.961151123046875,0.0357764143905855,0.059803213040298196,0.04873727588394871,501.0760009765625,0.036807484557280556,523.0073181152344,-0.006669065326414092,541.081690979004,-0.03985043884123851,604.8120013427734,-0.14102341390197237,39.684343894557855,17013580.0,1.06819963817139,0.0361735380046981,-0.002396904171651726,0.019237897455157693,0.05664368485885185,0.14751970939183878,1,1,1,0,625.8457160257799,479.1077201623686,0.20466296060193787,0.07778656969464796
2025-04-24,517.981559558718,533.1297162437559,516.7533536993726,532.3807983398438,13910000,META,0.024756441201366775,12.8614501953125,0.030055336743735044,0.03393406769937299,0.04911060161512713,507.235107421875,0.049574034900259134,517.7529113769531,0.028252640673691376,537.1958084106445,-0.008963230902799713,601.0971661376954,-0.11431823616701353,50.284256599495265,16048560.0,0.8667444306529682,0.030760618330808863,0.06139640517193223,-0.0898304559473565,0.039932464525475275,0.12401761553733226,1,1,1,0,613.3637159082887,479.1077201623686,0.15211464767508331,0.10006573930464795
2025-04-25,546.0110541474862,549.0666366821536,535.4762880818677,546.4804077148438,17098900,META,0.02648406820638094,14.099609375,0.029405230009506098,0.028483573770289386,0.04958432703138416,516.3798950195312,0.05829141100501989,517.8507690429688,0.05528549996128218,534.4343002319335,0.022539922077760455,597.552982788086,-0.08546953415736591,58.29692938388828,16549640.0,1.0331886373359178,0.024868867041574535,0.09130972988376707,0.0017939016964696464,0.003161097823373593,0.07316316963076597,1,1,1,1,600.8817608125378,479.1077201623686,0.099548588256216,0.12328472640803358
2025-04-28,554.8383503772915,557.6842140858612,539.8100763507483,548.9468383789062,15179000,META,0.004513301170989914,2.4664306640625,0.013193021269154058,0.028437202731456866,0.048736780574188274,529.3771179199218,0.03696744682860409,518.4668762207032,0.05878863926733913,533.0862503051758,0.02975238634395616,593.9946759033203,-0.07583879006307137,56.7708604943895,16352240.0,0.928252031525956,0.032560780908943654,0.1342797282832311,0.011350835184789076,0.04087383233942399,0.08562227142816647,1,1,1,1,591.8048477070258,479.1077201623686,0.07807315086226468,0.12722382812656213
2025-04-29,545.2122501842537,555.767007469421,543.3349577071189,553.6400756835938,11835000,META,0.008549529711378012,4.6932373046875,0.014407402647022059,0.027222746049553225,0.048786592677568866,540.1934936523437,0.024892158438146517,520.7595703125,0.06313951244595017,531.9918319702149,0.04069281220579124,590.368413696289,-0.06221257296395588,58.933431278953734,15239360.0,0.7766074165844234,0.02245511173834718,0.1082594159890915,0.04320025154096441,0.07679829837129737,0.07858380024163147,1,1,1,1,591.8048477070258,479.1077201623686,0.06893426559901583,0.13462239963246542
2025-04-30,537.623204130374,548.3077170802433,528.7360209480661,548.2078857421875,29244000,META,-0.009811771546160197,-5.43218994140625,0.015084397928831659,0.02651031350105786,0.04864448782743774,545.931201171875,0.0041702774368370665,523.5036010742188,0.04719028602148301,530.1445022583008,0.03407256588899932,587.038560180664,-0.06614671858442522,39.57352337612278,17453380.0,1.6755493778282486,0.03570123057547808,0.05522130734902886,0.05269204299542807,0.09156655909402955,0.07921685962271874,1,1,1,1,591.8048477070258,479.1077201623686,0.07952633134019019,0.12604737614503322
2025-05-01,591.2257247848668,592.0944646154164,569.676844774487,571.3843994140625,31159000,META,0.04227687027978022,23.176513671875,0.020256661064694675,0.024187126308763306,0.04964481251276765,553.7319213867188,0.03187910493427282,530.4835144042969,0.07710114244680155,529.5593490600586,0.07898085536255994,584.4236492919922,-0.02231129745301419,58.096947997071766,20903180.0,1.4906344393532467,0.03923386753981738,0.07326259924446199,0.13915706464355626,0.026388972267662236,0.11747430610404552,1,1,1,1,592.0944646154164,479.1077201623686,0.03624541591018494,0.16149667254884953
2025-05-02,582.6182570229101,603.4681380658725,577.4956532612366,596.15869140625,24739300,META,0.04335836263221893,24.7742919921875,0.023858237505594754,0.025244652175081685,0.04574810390562049,563.667578125,0.05764233129982288,540.0237365722656,0.10394905081449579,532.8246353149414,0.11886472939426529,582.4824090576171,0.023479305359211278,64.6719694984267,22431260.0,1.1028939078767754,0.0435663946177999,0.0909058824252098,0.19051620387806834,-0.00035188253573292805,0.09884080453227173,0,1,1,1,603.4681380658725,479.1077201623686,0.012260907649237813,0.19634196889384523
2025-05-05,590.3669612530514,602.3397133318473,587.2015519796344,598.4053955078125,13887700,META,0.0037686343149050394,2.2467041015625,0.023963827267397153,0.018713263615672698,0.043731568040557264,573.5592895507813,0.043319158820513515,551.4682037353516,0.08511314243420265,537.5448165893555,0.11321954382261312,580.8113763427734,0.03029213937892239,69.67095356422631,22173000.0,0.6263338294321923,0.025297501436073358,0.0900971709299978,0.236475122844797,-0.0021025524174457244,0.10027188142640653,0,1,1,1,603.4681380658725,479.1077201623686,0.008460389221196282,0.19935929094390395
2025-05-06,591.6751469367607,595.1700972546984,585.7337192068476,586.462646484375,10600700,META,-0.01995762256338407,-11.9427490234375,0.029431307556152513,0.02234639593063386,0.04408996423439447,580.1238037109375,0.010926706907886219,560.1586486816407,0.04695812135480182,541.092692565918,0.08384876480831394,579.2091693115234,0.012523070346889487,68.87153168007175,21926140.0,0.4834731512249762,0.016090330909254578,0.05928503416277153,0.17396261332721785,0.00881990765776175,0.09632044363572478,1,1,1,1,603.4681380658725,479.1077201623686,0.02899671732452029,0.1830550112024341
2025-05-07,589.5082075152634,602.2098866527917,585.8235290496914,595.9489135742188,13139100,META,0.016175398632309212,9.48626708984375,0.026810543796055353,0.020769329503494846,0.04390740333632162,589.6720092773437,0.010644738427668443,567.8016052246094,0.049572435320035746,545.4044616699218,0.09267333778227571,578.0087921142579,0.03103780029770653,78.7059348654266,18705160.0,0.7024318423365531,0.02749624544966909,0.08708562768555828,0.14711591724669448,0.07141295287282601,0.0729378359973809,1,1,1,1,603.4681380658725,479.1077201623686,0.012617229967845742,0.1960590761229719
2025-05-08,605.4152389401659,610.4180203966848,595.7592076246763,597.147216796875,14622800,META,0.0020107482291886747,1.19830322265625,0.023166348876111416,0.020707231493984565,0.029326403173460337,594.8245727539063,0.0039047546946746614,574.2782470703125,0.03982210686758347,546.0155792236328,0.09364501585457519,576.5091351318359,0.035798360177448973,79.2568167646114,15397920.0,0.9496607333977576,0.024548071831665064,0.04508841580069656,0.12165430958253265,0.09702176894945236,0.07093521238473133,1,1,1,1,610.4180203966848,479.1077201623686,0.022223671527759975,0.19767235501435587
2025-05-09,602.8489716185445,606.0942827774223,590.8563498854548,591.6351928710938,10427300,META,-0.00923059468542442,-5.51202392578125,0.013719833190505184,0.02095947808891517,0.02465120625061223,593.919873046875,-0.003846781829441981,578.7937255859375,0.022186604169138535,548.3222473144531,0.07899177129649004,575.2077178955078,0.02855920472640494,85.08491214644135,12535520.0,0.8318202994371194,0.025755622849311384,-0.007587742324926872,0.08262836968862008,0.11286251782278378,0.07529233182621775,1,1,0,1,610.4180203966848,479.1077201623686,0.0317473127898994,0.19019739539605582
2025-05-12,630.0096542338201,639.4660220500658,620.1339704306981,638.5073852539062,21965100,META,0.07922482122023644,46.8721923828125,0.03903492268828169,0.030607981861486142,0.029655819616192142,601.9402709960938,0.060748742059242966,587.7497802734375,0.08635920707083011,553.1083282470703,0.15439842910607693,574.6450079345703,0.1111336154278526,87.6101250172022,14151000.0,1.552194191223235,0.03027694286054371,0.06701475295366088,0.16314976353535626,0.006959361188685342,-0.006145982743070766,1,0,1,1,639.4660220500658,479.1077201623686,0.0015013715084569608,0.24964419953913522
2025-05-13,644.608580079292,659.966394384485,641.9025291274511,655.08349609375,18570800,META,0.025960719049870074,16.57611083984375,0.03426289516957491,0.03065523075635824,0.02897119786140662,615.6644409179687,0.06402685059576707,597.8941223144532,0.0956513396684957,559.3268463134766,0.1711998099347556,574.6762078857422,0.13991755201390643,87.37884305275958,15745020.0,1.179471350306319,0.02757490513003066,0.11700804820346433,0.1832299085012974,-0.023916582377455198,-0.029663311496402445,0,0,1,1,659.966394384485,479.1077201623686,0.007453856370755305,0.26863106303352396
2025-05-14,660.2559976740721,661.7138521126336,653.365928933295,658.4086303710938,12348200,META,0.005075893832116707,3.32513427734375,0.03514978363705197,0.029528885367839996,0.028163751366605025,628.1563842773437,0.04816037351678504,608.9141967773437,0.08128310007501471,566.2088989257812,0.16283695226308703,575.0742095947265,0.14491072523508874,86.67827199090522,15586840.0,0.7922195903723911,0.012678939482663769,0.10480716614159302,0.2010199916765365,-0.028709600776537947,-0.048986838030077196,0,0,1,1,661.7138521126336,479.1077201623686,0.005020015821598466,0.2723246657743037
2025-05-15,653.336007607732,656.3616041086932,637.6586480133124,642.9509887695312,14341800,META,-0.023477276707096317,-15.4576416015625,0.040030523701277756,0.0310199963815597,0.02707805900113762,637.317138671875,0.008839947579939222,616.0708557128906,0.04363156089494935,573.2771850585938,0.12153597862753984,574.8344268798828,0.11849770769537105,77.85594191149258,15530640.0,0.9234519633447172,0.02908924073851141,0.07670432128671689,0.12525121341929912,-0.010529889143922833,-0.0024227962706669937,0,0,1,1,661.7138521126336,479.1077201623686,0.02918241618853471,0.25483010597856476
2025-05-16,637.039566707962,639.515969035449,625.2466087350075,639.4161376953125,18519000,META,-0.005497854635831079,-3.53485107421875,0.039484845995276324,0.029387680639772144,0.02719971345682977,646.8733276367187,-0.011528052901253916,620.3966003417969,0.0306570625033038,580.2101684570313,0.10204228132666016,575.0934173583985,0.1118474292965661,75.9628733725572,17148980.0,1.0798892995385148,0.022316234231862537,0.08076082254733175,0.07256028791096636,-0.007558470184878208,0.005059757388990782,0,1,0,1,661.7138521126336,479.1077201623686,0.03487199196706258,0.2507106218975854
2025-05-19,627.3435620408461,642.0722807676308,626.89419911061,639.5059814453125,9592400,META,0.0001405090436470413,0.08984375,0.01788981937615352,0.029459873622659803,0.02515576012859665,647.073046875,-0.011694298605439135,624.5066589355469,0.024017874421597973,587.9874313354492,0.08761845468848439,575.3994989013672,0.11141212786306953,75.31053749496695,14674440.0,0.6536808218916701,0.023734073014794417,0.0015639540191210166,0.06868351496500402,-0.006027201096121981,0.007213915770936108,0,1,0,1,661.7138521126336,485.6582673272301,0.034726603521565695,0.24057275237735792
2025-05-20,635.0923928837207,638.427539897765,631.3478032754666,636.1807861328125,6743500,META,-0.005199631291930906,-3.3251953125,0.010799446904230424,0.028303987700006812,0.025145972319181843,643.2925048828125,-0.011055186709031495,629.4784729003907,0.01064740657697194,594.8185607910157,0.0695375498820876,576.191185913086,0.1041140539570411,76.25777341205242,12308980.0,0.5478520559786433,0.011128498025434475,-0.028855420833609702,0.0847763108980244,-0.015758905194630524,0.016308257379269664,0,1,0,1,661.7138521126336,515.7747588305107,0.040134921607787595,0.1892638538083186
2025-05-21,630.8784605589066,645.6770862594399,629.2608026960274,634.5831298828125,11464600,META,-0.0025113242726360063,-1.59765625,0.00932276424757571,0.028359091368645686,0.024485659202385084,638.5274047851562,-0.006177142708026606,633.34189453125,0.001959818799735613,600.5717498779297,0.056631668092606446,576.796879272461,0.10018474906320551,71.65245263196636,12132260.0,0.9449682087261565,0.025869398019521896,-0.036186494813794656,0.06482806735376712,0.010731643039681549,0.055704188030982094,1,1,0,1,661.7138521126336,516.7533536993726,0.042753614069178464,0.185680599806048
2025-05-22,633.1351667006269,642.321904930245,629.8000198555354,635.6515502929688,8228400,META,0.0016836571283473933,1.06842041015625,0.0031820489058774068,0.02836522423659493,0.02431313622987402,637.0675170898437,-0.002222632231106636,637.1923278808594,-0.0024180730377197923,605.7352874755859,0.04938834410994852,577.1475860595704,0.10136742428887136,66.15473266399256,10909580.0,0.7542361850777024,0.01969929133176542,-0.011353024731375005,0.06448047049877048,0.011012130665710274,0.04756736151419427,1,1,0,1,661.7138521126336,528.7360209480661,0.04100092544044434,0.168198330194626
2025-05-23,623.0996908529319,631.5375113559843,621.7516630159821,626.1552734375,8454100,META,-0.014939437890290619,-9.49627685546875,0.006569585512075764,0.028774114422989664,0.02452463974838337,634.4153442382812,-0.013019973233306392,640.6443359375,-0.022616390541870923,609.7190307617187,0.02695707669686409,577.8854193115235,0.08352841672919142,60.71567290958423,8896600.0,0.9502618978036553,0.015628469095659497,-0.02073902029687502,0.058346901912455174,0.02868944981385968,0.09710390793268076,1,1,0,1,661.7138521126336,528.7360209480661,0.05678875541512614,0.15558321812833517
2025-05-27,634.4931853284312,642.1521627133571,631.8370500697896,641.3932495117188,9508400,META,0.02433577855308089,15.23797607421875,0.014571585789283184,0.015382685793006489,0.024813209346594083,634.7927978515625,0.010397804893967466,640.9329223632812,0.0007182142348689524,614.3413513183593,0.044033985560807176,578.5788177490234,0.10856676711234714,70.68514635936845,8879800.0,1.0707898826550148,0.016082352989246856,0.002951134346141693,0.004519703803684161,0.00804894130866507,0.06585500029642422,1,1,1,1,661.7138521126336,528.7360209480661,0.03168197142140891,0.1756445498131086
2025-05-28,641.6728007707804,649.9408832345952,641.6228851026552,642.6514282226562,9042900,META,0.0019616338523913424,1.2581787109375,0.01419708514005926,0.012599279533263478,0.02485058158276646,636.0869262695312,0.010320133431485523,639.6897155761719,0.004629920685557121,618.7919189453125,0.03855821084090838,579.3513006591797,0.10926035290065683,68.74852986145414,9339680.0,0.9682237507066623,0.012943250052278784,0.01017107437207776,-0.018977837092868155,0.042450134630348524,0.08410771149681717,1,1,1,1,661.7138521126336,528.7360209480661,0.02966215128891444,0.177258467455117
2025-05-29,650.7098379625838,652.3774114577973,638.5773433389169,644.1193237304688,8858800,META,0.0022841239330506635,1.4678955078125,0.013967293011729704,0.012459090177476088,0.024545554634185344,637.9941650390625,0.00960065001696564,638.2607849121093,0.0091789108102045,623.5874908447265,0.03292534437778616,580.6032928466797,0.10939660809082219,68.81602862729892,8818520.0,1.0045676598794355,0.021424707519961055,0.015027493481299059,-0.021702793647421115,0.03379574692196741,0.07597857759660975,1,1,1,1,661.7138521126336,569.676844774487,0.02731563506007667,0.115572497537944
2025-05-30,641.5729954990708,648.4729988751875,631.8670488528962,646.5557861328125,16241000,META,0.003782625846765031,2.43646240234375,0.013946919074836136,0.010008695763612595,0.023220505569046347,640.1750122070313,0.009967233653471075,638.6212646484375,0.012424455500621212,627.346060180664,0.030620621011976157,581.8700616455078,0.1111686762236499,72.55580048840625,10421040.0,1.5584816870485096,0.025683708008577236,0.017154423417701237,0.005606644093012481,0.06248743294028136,0.08480445419076621,1,1,1,1,661.7138521126336,577.4956532612366,0.02344432809191103,0.10681233445398303
2025-06-02,643.4603060358205,672.2886482991516,643.3304887205626,669.9320678710938,15766300,META,0.03615508860898098,23.37628173828125,0.015682924568103333,0.014737389157137726,0.022667133382242684,648.93037109375,0.032363559655785856,641.6728576660156,0.044039902681666465,631.0347290039062,0.06164056759377923,583.5656134033203,0.14799784717281295,65.99254268202529,11883480.0,1.3267409883300179,0.043225516387970696,0.0699136400996283,0.04772467940169878,0.020450035062330896,0.03463996129067648,1,1,1,1,672.2886482991516,585.7337192068476,0.003517640878942582,0.12568192015619015
2025-06-03,670.4812168844167,674.6052628286036,664.0704969861027,665.8878173828125,11585000,META,-0.00603680683794261,-4.04425048828125,0.016401016284467464,0.015078483926491207,0.02282541300045139,653.8292846679688,0.018442937625480216,644.3110412597656,0.03348813653861904,634.4088500976562,0.049619369717668116,584.9755755615234,0.1383172993908688,56.30238996505199,12298800.0,0.9419618174130809,0.015820631595133274,0.03818962530357317,0.04125346236461436,0.04627739230750483,0.03975414636936381,1,1,1,1,674.6052628286036,585.7337192068476,0.013091462583072795,0.12037177446946007
2025-06-04,668.3542730450752,688.0058702697532,667.6053551891937,686.9573974609375,14031900,META,0.03164133586485529,21.069580078125,0.01900164375462337,0.016927172819899614,0.02270072320653544,662.690478515625,0.03661878317562128,649.3887023925781,0.05785240015716786,639.4335876464844,0.07432172899983325,586.355581665039,0.17157134500233706,63.79693905422522,13296600.0,1.0552998510897522,0.029696914475281697,0.06894245821691514,0.07981475145891093,0.008881476946915656,-0.007384201487146691,1,0,1,1,688.0058702697532,585.8235290496914,0.001526255940602728,0.14722000051975115
2025-06-05,690.6620226565076,693.3781298406639,681.2656265406558,683.6322021484375,13083100,META,-0.004840468018526667,-3.3251953125,0.0202830279080189,0.017100501288479113,0.022797194383043756,670.5930541992187,0.019444203705314633,654.2936096191406,0.0448401025135714,643.8177520751954,0.061841180900821024,587.5200982666015,0.1635894740714432,72.27202220916797,14141460.0,0.9251590712698688,0.017717865340372063,0.061344035122447016,0.07729337569166517,0.025970682006279944,0.026350749913174543,1,1,1,1,693.3781298406639,590.8563498854548,0.014256098032828214,0.13571018446968677
2025-06-06,695.1655520394484,701.7959865050877,690.8717682492216,696.703369140625,11728000,META,0.019120174490184993,13.0711669921875,0.019858392718579417,0.017317481159221736,0.022915842718585253,680.6225708007812,0.02362660162874719,660.3987915039063,0.054973719067600735,648.7955596923828,0.07384114877567449,589.2521966552735,0.1823517554881735,78.39814784558764,13238860.0,0.8858768806377588,0.015679869998821712,0.07756110777038416,0.09604604727152433,-0.005116783596856966,8.086002122853486e-05,0,1,1,1,701.7959865050877,590.8563498854548,0.007309591987109837,0.15192551657347536
2025-06-09,697.4522697198046,704.1725400365549,692.9387717641956,693.05859375,12773200,META,-0.005231459401611294,-3.644775390625,0.017420057150524918,0.016028945579058675,0.02277476252636784,685.2478759765625,0.011398383048333072,667.0891235351562,0.03892953624730344,653.8667297363281,0.05993861169458192,591.0791571044922,0.172530929943584,75.64305947021462,12640240.0,1.0105187876179567,0.016208973344628223,0.034520702901112976,0.10684781099935581,-0.0010085360973492996,0.0032351181921170813,0,1,1,1,704.1725400365549,620.1339704306981,0.016036084664096832,0.10522144011622664
2025-06-10,700.3380628694553,702.2153552678959,690.5622098918083,701.3865966796875,10850100,META,0.012016304255930699,8.3280029296875,0.01586161218960202,0.015288097765447,0.015554358807387874,692.3476318359375,0.013055529372983932,673.0884582519532,0.04204222800258095,657.0106903076172,0.06754213748225801,593.5887322998046,0.18160362303750288,79.79553451303345,12493260.0,0.8684762824114762,0.016614439784353997,0.05331045015419922,0.09353598157392606,-0.02780468167913064,-0.027797633002010658,0,0,1,1,704.1725400365549,621.7516630159821,0.003972051034416458,0.11353928638028059
2025-06-11,702.6946882022667,707.8472163839234,690.9915664747034,693.1384887695312,9582500,META,-0.01175971703651335,-8.24810791015625,0.013055132086303226,0.016561242373614244,0.015137489007477047,693.5838500976563,-0.0006421160585881047,678.1371643066407,0.02212137197675723,658.9134399414063,0.05194164628235298,595.9409332275391,0.16309931089241148,75.22359868604057,11603380.0,0.8258369544046649,0.024317867471394326,0.008997779675187445,0.07856056694140423,0.012274508930265826,0.007098740346946686,1,1,0,1,707.8472163839234,621.7516630159821,0.021220474483394064,0.1029907109620705
2025-06-12,692.2997081453341,694.3767242272471,686.0088098513999,692.359619140625,7322700,META,-0.00112368544169128,-0.77886962890625,0.012678544086025052,0.0167196709079337,0.015154810960945515,695.3293334960938,-0.004270946460056768,682.9611938476562,0.013761287431310887,660.6109893798828,0.048059493818812804,598.0850360107422,0.15762738984191782,74.48894010455516,10451300.0,0.7006496799441218,0.012086080910139914,0.012766246184366503,0.07489341436112906,0.006355202307552599,0.027962414114718337,1,1,0,1,707.8472163839234,621.7516630159821,0.022369295977315986,0.1019816207829731
2025-06-13,686.9574533802801,693.5678973171928,680.0274638185289,681.884765625,9274400,META,-0.015129209194243098,-10.474853515625,0.0106075763398001,0.01817689145406116,0.01449880795996859,692.3656127929687,-0.01513773499768345,686.494091796875,-0.0067142983850162485,662.5576782226562,0.0291704224969358,600.0609820556641,0.1363591135171418,73.86464975311313,9960580.0,0.9311104373440101,0.01985736326907531,-0.02126960220373786,0.05464181165788906,0.01967481203007515,0.038594880057286174,1,1,0,1,707.8472163839234,621.7516630159821,0.03807454289600798,0.08818660518673015
2025-06-16,698.8583271202571,706.6730599404123,693.042245323344,701.6464233398438,13720300,META,0.02898093447905481,19.76165771484375,0.018159106584945444,0.016930567492692766,0.015448578452440692,694.0831787109375,0.010896740997170973,689.66552734375,0.017372038359287245,665.6691925048829,0.054046711549891935,603.4768511962891,0.1626733021307285,74.8394424544244,10150000.0,1.3517536945812807,0.019426899594507243,0.012391202803469614,0.04733965873514867,-0.02815764922330155,0.03413949907683467,0,1,1,1,707.8472163839234,621.7516630159821,0.008837489706801076,0.1138675516131926
2025-06-17,701.5265067822095,705.4937997727949,695.5905108235235,696.7597045898438,10066100,META,-0.006964645706792227,-4.88671875,0.017675238753901305,0.016998739077420374,0.015641054408264823,693.1578002929688,0.00519636985308769,692.7527160644531,0.005784154190191293,668.5318786621094,0.042223604929992,607.3320098876953,0.14724679952022446,71.6582428901176,9993200.0,1.0072949605731898,0.014213349141797919,-0.006596778597918962,0.04636199431965782,0.0018646232372210303,0.05220664748783488,1,1,1,1,707.8472163839234,621.7516630159821,0.01591296356698248,0.10765266860260822
2025-06-18,697.7090678240436,701.1168019237268,694.4313119124115,695.3007202148438,10068300,META,-0.0020939563028531394,-1.458984375,0.016735054459957422,0.01416243017280366,0.015555800071748924,693.5902465820312,0.0024661154640532867,693.5870483398437,0.002470737997634087,671.4878753662109,0.03546280688336467,610.9279217529297,0.13810597855770612,70.48814478983523,10090360.0,0.9978137549106275,0.009615249656651509,0.0031194797004432395,0.012145327766676539,0.02361416410934636,0.060824766430821686,1,1,1,1,707.8472163839234,621.7516630159821,0.018044704692960576,0.10578021144021744
2025-06-20,700.2773225024961,701.3466080737581,678.2121990654855,681.8897094726562,22538600,META,-0.019288072559515812,-13.4110107421875,0.019050508582789966,0.015529132375024205,0.016387654309502533,691.4962646484375,-0.013892418031593246,693.4127990722657,-0.0166179361197637,673.8532043457031,0.011926195609259338,614.3714453125,0.10989811566814134,63.00193733944406,13133540.0,1.7161100510601102,0.03392690736770877,-0.015122068616543971,-0.0025488744829531562,0.03858735002010816,0.05403389037369144,1,1,0,1,707.8472163839234,621.7516630159821,0.03806701663138686,0.08819321603076
2025-06-23,683.2288810707365,698.578506730811,678.2922104620159,698.0588989257812,11080100,META,0.023712323603812147,16.169189453125,0.020667234418843727,0.016214955915688032,0.016972877103188195,694.7310913085937,0.004790065766193452,693.5483520507812,0.006503579543751581,676.9735717773438,0.03114645538241545,616.6341259765625,0.1320471403042549,60.92963179405057,13494680.0,0.8210717112224966,0.029061009464979255,0.023719745793054026,0.0019456340319241594,0.0394542378563183,0.021530826667174985,1,1,1,1,707.8472163839234,621.7516630159821,0.014022194220580904,0.10931346341580304
2025-06-24,704.4145982313105,712.7089880581048,701.6364439383941,711.7196655273438,13823200,META,0.01956964752198509,13.6607666015625,0.018204075533107014,0.017143014719514436,0.01660759877252232,696.7457397460937,0.0214912340715665,695.4144592285156,0.0234467461561223,681.2517913818359,0.044723367381841905,619.9584826660156,0.14801181922171036,66.57105341557337,13515260.0,1.0227846153163165,0.015557451418047466,0.014356578830048372,0.026925676913365226,0.030089835058698666,0.009561853095173989,1,1,1,1,712.7089880581048,631.8370500697896,0.0013900452364597362,0.11223887624120331
2025-06-25,712.8389115768144,716.0967226422507,704.9042642374237,708.2020263671875,9320400,META,-0.004942450420489464,-3.51763916015625,0.01794837249672226,0.016967027901459635,0.016244165561402964,699.0342041015625,0.013114983804559222,696.0960021972656,0.017391314030979155,684.5922302246094,0.03448738548322683,623.2668078613282,0.1362742527510894,58.797899455755214,13366120.0,0.6973153016731857,0.015804047416017906,0.016422192187591333,0.009717080023718294,0.04149973688252073,0.013645050125043356,1,1,1,1,716.0967226422507,631.8670488528962,0.011147520031197964,0.1077870080460815
2025-06-26,713.8781511444844,727.7287879670295,710.5703861718163,725.6002807617188,13964800,META,0.024566795556598242,17.39825439453125,0.019778271924199214,0.017778135952082132,0.016792171714349192,705.0941162109375,0.02908287571732715,699.3421813964844,0.03754685483549802,688.7396728515625,0.05351892647267387,627.16455078125,0.15695359353115346,65.56564029868788,14145420.0,0.987231202749724,0.023647181857758784,0.04357763434721118,0.04683305359339385,-0.009461707309789902,-0.007464690931832996,0,0,1,1,727.7287879670295,631.8670488528962,0.0029334431942008798,0.12918025859971208
2025-06-27,726.0300029969949,734.933966624867,725.3704139910845,733.1351928710938,18775700,META,0.010384384225244458,7.534912109375,0.012315952410018953,0.017729605731956578,0.016789906986363234,715.343212890625,0.024871949100590873,703.4197387695312,0.04224427104298023,693.1904663085937,0.057624460381308085,631.4119030761718,0.16110448551783207,64.09096038235693,13392840.0,1.4019207277918648,0.01304473271338923,0.07515215831320954,0.05889363360197186,-0.0273435363408987,-0.0011586215991142845,0,0,1,1,734.933966624867,631.8670488528962,0.00245353622532966,0.13813024528479206
2025-06-30,744.0478281561813,747.3956053545359,733.7547871608941,737.5922241210938,15402100,META,0.006079412492183689,4.45703125,0.011577598548134506,0.016133955318288967,0.01677728566623037,723.2498779296875,0.019830416331989342,708.9904846191406,0.040341499811972215,697.7422882080078,0.05711268556680338,636.1320422363282,0.15949547444282386,67.11699601516237,14257240.0,1.080300254467204,0.018493712037021506,0.05663322286435846,0.0816962943071966,-0.025850597502910855,-0.014700227419588319,0,0,1,1,747.3956053545359,643.3304887205626,0.013291058274270318,0.12779654166345414
2025-07-01,736.3829859262192,737.2523942395003,714.8874844693272,718.73486328125,13431200,META,-0.025566105800957972,-18.85736083984375,0.018736548970886727,0.01742199829156503,0.016758546974672904,724.6529174804688,-0.008166743079977001,710.6993286132813,0.011306517882390121,700.1824279785156,0.026496573694796632,640.4916101074218,0.12216124604771239,56.168695596312595,14178840.0,0.9472707217233568,0.031117051520320387,0.00985668668956663,0.024354773819077025,-0.0012096042783509287,-0.002377512705770246,0,0,0,1,747.3956053545359,664.0704969861027,0.03987665485216702,0.07605637222826132
2025-07-02,714.8475066710681,719.814124987759,712.3191839508311,713.0886840820312,9336700,META,-0.00785571910821492,-5.64617919921875,0.019053093950050375,0.017478233200624978,0.016818736720096376,725.6302490234375,-0.01728368540077385,712.3322265625,0.0010619448219852945,702.5424713134765,0.015011494961774341,645.0741693115234,0.10543673581457869,57.22762836921085,14182100.0,0.6583439688057481,0.010510531444733627,0.006900089992555536,0.02343559678411622,0.009949975370712405,0.010300306122143388,1,1,0,1,747.3956053545359,667.6053551891937,0.04811031508187285,0.06378355162287966
2025-07-03,726.1198736779997,728.5382852595793,713.9380936153356,718.5250244140625,8601700,META,0.007623652504077372,5.43634033203125,0.015006887952935179,0.0174672547464133,0.01551539082200959,724.2151977539063,-0.007857020064604314,714.6546569824219,0.00541571707932742,704.1208526611329,0.020456959481445436,649.453505859375,0.10635329231657642,59.16984667510866,13109480.0,0.6561434931057525,0.020319670363812044,-0.009750900785524541,0.033401812372699125,0.019151374997302906,-0.011988637068294339,1,0,0,1,747.3956053545359,678.2121990654855,0.040180341615821284,0.05610497057002435
2025-07-07,717.1159843593155,726.5096688493239,713.0287770502092,717.865478515625,9457100,META,-0.0009179163926480438,-0.6595458984375,0.013472986964680495,0.015688111058240417,0.015444170361070526,721.1612548828125,-0.004570096278568192,718.2522338867187,-0.000538467341759441,705.8325164794921,0.017047899827780766,653.4204284667969,0.0986272348418058,63.541286696503796,11245760.0,0.840948055089207,0.018779133699241245,-0.020827965297464,0.052758926470368506,0.012375538918989015,-0.02149375743314552,1,0,0,1,747.3956053545359,678.2121990654855,0.041136017433199515,0.05523775782077313
2025-07-08,721.0833162832664,722.4223783113574,714.3278660699458,720.1838989257812,7770700,META,0.003229602870652215,2.31842041015625,0.012984683929549531,0.014286562648889644,0.014948117921209706,717.67958984375,0.0034894528386635315,720.4647338867187,-0.00038979695705909645,707.00654296875,0.018638237634547306,657.1764904785156,0.09587593189979682,58.030975463743495,9719480.0,0.7994975039816945,0.011239507372332693,-0.0236015573727828,0.031695033232936876,-0.004384764667431096,-0.02672513132555776,0,0,1,1,747.3956053545359,678.2121990654855,0.03778438600105238,0.0582791422064563
2025-07-09,722.2324935525554,737.0325627099321,722.2324935525554,732.2857666015625,11418000,META,0.016803857589474447,12.10186767578125,0.009248753849597217,0.013957802400577266,0.01521501883114614,720.3897705078125,0.01651327736839514,722.5213439941406,0.013514372535271546,708.9679016113281,0.032889874051050816,660.89259765625,0.10802537235020782,64.48535658984565,9316840.0,1.2255228167490264,0.02021078359348944,0.01885382776403577,0.028896350726771658,-0.016185007713933497,-0.038892977611672874,0,0,1,1,747.3956053545359,678.2121990654855,0.02063380095873779,0.0738421665452068
2025-07-10,731.0565410529589,735.3036743334181,719.1145893949879,726.7494506835938,9913600,META,-0.007560321626435607,-5.53631591796875,0.009156353352445,0.014145370354049424,0.015225096503576847,723.121923828125,0.005016480258633438,724.3760864257813,0.003276425467774846,710.2360443115234,0.023250589018018353,664.4486499023437,0.09376315354152132,62.410233090486585,9432220.0,1.05103570527405,0.022276019504662174,0.019157177650558577,0.026189453892906167,-0.0231696934836072,-0.019622135198243296,0,0,1,1,747.3956053545359,678.2121990654855,0.028408903029127797,0.06678677441373122
2025-07-11,722.0126865863356,724.6708656262394,709.2213321577215,717.0260620117188,10873900,META,-0.013379285891071513,-9.723388671875,0.011501530850821458,0.012629806327221231,0.015305596814708548,722.8221313476563,-0.008018666120711004,723.5186645507813,-0.008973648997837036,711.4304229736329,0.007865335607517787,667.7163696289062,0.07384826046756521,64.28107172661663,9886660.0,1.0998557652432672,0.021546683289547546,-0.002086165897375869,-0.011816724686212865,-0.020348228235948063,-0.01770014781547624,0,0,0,1,747.3956053545359,678.2121990654855,0.04235486679188624,0.05413173244684501
2025-07-14,717.1159478712506,727.5089573741911,716.0666683046045,720.4337158203125,8939400,META,0.004752482495591792,3.40765380859375,0.011711009235436363,0.012177475776824142,0.015302788509346138,723.3357788085938,-0.004012055083271626,722.2485168457031,-0.002512709937178448,712.8341278076172,0.010661088907272909,671.1608862304688,0.07341433417936694,60.14678683745666,9783120.0,0.9137575742707847,0.015882500802392396,0.003577602463901819,-0.017324877013528583,-0.027062623172313893,-0.010181397416005655,0,0,0,1,747.3956053545359,678.2121990654855,0.03742452489681657,0.05860569241509196
2025-07-15,723.4117865461602,723.9813484321952,709.3412657918492,709.910888671875,11529500,META,-0.014606239154778877,-10.5228271484375,0.013372737538965696,0.012466612146955788,0.015272214547450785,721.2811767578125,-0.015764016104021228,719.4803833007812,-0.013300563644284447,714.2354339599609,-0.00605478961483219,673.931416015625,0.05338743943555202,49.155706184042664,10534880.0,1.0944120863265647,0.020622423002604123,-0.01426442644611936,-0.037529321139744276,-0.008600933009376477,0.006207796629404738,0,1,0,0,747.3956053545359,678.2121990654855,0.05280200273134072,0.04465164587867144
2025-07-16,712.8888186148534,713.4883895101593,698.7983536292803,702.4358520507812,13067600,META,-0.01052954214447721,-7.47503662109375,0.0077692793516249805,0.010252834093268945,0.014128218628520284,715.3111938476562,-0.01799963695188178,717.8504821777344,-0.021473315836175177,714.2749053955079,-0.016574925501787185,676.0569592285157,0.03901874311355047,47.404381118275914,10864800.0,1.2027464840586113,0.020912992749431904,-0.04076265839401827,-0.022677362770547438,0.014311944111194297,0.01389938697728832,1,1,0,0,747.3956053545359,678.2121990654855,0.06400549341622205,0.0344852172829364
2025-07-17,703.9149211888315,705.4239124906103,696.6398020897627,700.9368896484375,11803300,META,-0.0021339491684080336,-1.49896240234375,0.008256003440234257,0.010062756766190888,0.014041194057691922,710.148681640625,-0.01297163851787475,716.635302734375,-0.021905721119290456,714.4837646484375,-0.018960367849178095,678.1075891113281,0.03366619236193413,37.043250408340334,11242740.0,1.049859731702414,0.012531956201154333,-0.03551782668824377,-0.017041070353313703,0.004847376601664122,0.023124915644605837,1,1,0,0,747.3956053545359,678.2121990654855,0.0662808826189762,0.032420451710495395
2025-07-18,701.7163755426589,704.2346953216606,691.1835067266235,703.8049926757812,12779800,META,0.004091813499475405,2.86810302734375,0.008663095860558119,0.009757608536643167,0.014051667094572347,707.5044677734375,-0.0052289070474688115,715.1632995605469,-0.015882116562392246,714.9089782714843,-0.015532027059655062,680.4544360351563,0.03431612082167179,33.797086789399145,11623920.0,1.0994397759103642,0.018543756766228846,-0.018438757022086305,-0.020486456613372672,0.013204937828789065,-0.006077195656526979,1,0,0,0,747.3956053545359,678.2121990654855,0.06193564003152121,0.03636347266164603
2025-07-21,706.323253430884,716.5163857618587,705.283976865439,712.4890747070312,9404400,META,0.012338761619513638,8.68408203125,0.010888729693534082,0.010772470316972376,0.01345040364931127,705.9155395507812,0.009312070336960243,714.6256591796875,-0.0029897953497903806,716.4389465332031,-0.005513200873968338,682.7852392578125,0.043503921498811104,36.75100956347171,11716920.0,0.8026341393472004,0.015765026152911088,-0.011027580940232928,-0.007489430777073869,0.0025667711290460193,-0.02490983577136474,1,0,1,0,747.3956053545359,678.2922104620159,0.0489923731979439,0.04799633490390965
2025-07-22,715.7069236590216,716.1166202717292,700.936863669917,704.3345947265625,8921100,META,-0.011445059678735103,-8.15447998046875,0.01004504979073046,0.01116998000760851,0.012783212006013542,704.8002807617188,-0.0006607347469456126,713.0407287597657,-0.012209869201085133,716.7527313232422,-0.017325551831178676,684.9289868164062,0.028332291790357456,41.43179837303893,11195240.0,0.7968654535320369,0.02155191114488035,-0.007854920996837822,-0.022007301500157728,0.011166120644190425,0.09737380606869195,1,1,0,0,747.3956053545359,691.1835067266235,0.06113715122099114,0.018671648529552283
2025-07-23,705.8935351714335,714.1479734039639,704.4545040389586,713.0986938476562,8771600,META,0.012443090523611477,8.76409912109375,0.010155987182463595,0.01040607704128446,0.012315170980782346,706.9328491210938,0.008721966639728684,711.122021484375,0.002779652863449833,716.8216827392578,-0.005193744806064604,687.3582568359375,0.03744835645127442,50.00574276341775,10336040.0,0.84864222661677,0.013593447090335243,0.015179808612764578,-0.026201619134222476,0.005675655110593203,0.05105247963158699,1,1,1,0,747.3956053545359,691.1835067266235,0.048095602758468484,0.03073233384117606
2025-07-24,716.5663535187755,723.1319295191287,713.518422874761,714.31787109375,10920800,META,0.001709689355221533,1.21917724609375,0.009804030255378609,0.010327985984831417,0.012259564170952876,709.6090454101562,0.006635802790354806,709.8788635253907,0.006253190222222482,717.127474975586,-0.003917858372295191,688.8744665527344,0.03693474758665327,47.46355213094003,10159540.0,1.0749305578795891,0.013458303415603595,0.019090137276158936,-0.017105729599314334,-0.020705122552588162,0.08613602698159784,0,1,1,0,747.3956053545359,691.1835067266235,0.04630674325722505,0.03238665208208164
2025-07-25,716.4364100852231,720.1639356225638,711.4198376232321,712.1992797851562,8271700,META,-0.00296589430885974,-2.11859130859375,0.010254223263532505,0.009509381544530975,0.010883646932524187,711.2879028320312,0.0012813052907216793,709.3961853027344,0.003951380822869277,716.4574249267578,-0.00594333311855455,690.0167822265626,0.03214776528625096,46.642968984483204,9257920.0,0.8934728319104075,0.012277600171077851,0.011927007049866045,-0.00673166915721346,-0.024513070166590545,0.0712522323660969,0,1,1,0,747.3956053545359,691.1835067266235,0.049419209718938525,0.029508276201672713
2025-07-28,714.7176423374738,724.2511860836681,712.199322444747,717.14599609375,8715700,META,0.006945691253838371,4.94671630859375,0.00917656675249242,0.009671341810142552,0.010722378856698389,712.219287109375,0.006917404616168854,709.0674133300781,0.011393250644154529,715.6579650878906,0.0020792488569265632,691.1915295410156,0.037550324972832616,48.25450620266988,9120180.0,0.9556499981360017,0.01680531398706377,0.006536130239798599,-0.004563528405689632,0.07776985323905583,0.0757492944512721,1,1,1,1,747.3956053545359,691.1835067266235,0.04218054541969643,0.036202515957061185
2025-07-29,719.5143415178571,723.9812971110003,699.4378659012062,699.52783203125,13267000,META,-0.02456705351276456,-17.6181640625,0.014230709010464216,0.011613301980329884,0.011787280302661593,711.2579345703125,-0.016492051573595345,708.0291076660156,-0.01200695782520822,713.7547454833984,-0.019932495779783732,692.32306640625,0.01040665257969664,32.3002026203454,9989360.0,1.328113112351542,0.03508571079799106,-0.0068245443732301014,-0.01462585911317682,0.07144293060399987,0.08832862289225507,1,1,0,0,737.2523942395003,691.1835067266235,0.05392860795646658,0.011928510807635394
2025-07-30,707.6124059283386,708.0221025377599,690.7337839335887,694.7410888671875,27077300,META,-0.006842820177952014,-4.7867431640625,0.01202101113175922,0.011347141206678414,0.01054344503739051,707.5864135742188,-0.01815371869867588,707.2596313476563,-0.01770006646161215,712.5550567626954,-0.025000128378066533,693.4295654296875,0.00189135782909311,32.563977245146646,13650500.0,1.9836123218929709,0.024884548907796317,-0.025743428138140123,-0.01095439983754909,0.11674174299490159,0.10657213204882732,1,1,0,0,737.0325627099321,690.7337839335887,0.06087371903064366,0.0057680551759691
2025-07-31,774.6771576404832,784.2207041864842,764.9936908827026,772.9183349609375,38831100,META,0.11252716637391091,78.17724609375,0.05459272777082257,0.03762534015128767,0.027514407324674982,719.3065063476563,0.07453266186274354,714.4577758789062,0.08182507218164825,715.5465393066406,0.08017898557638148,696.0978125,0.11035880458385638,67.43997016838938,19232560.0,2.0190291880020133,0.02487586648433349,0.0820369561487515,0.10269319017950829,-0.012903389854332481,-0.00978742517665343,0,0,1,1,784.2207041864842,690.7337839335887,0.014622979834108783,0.10633018691619253
2025-08-01,760.2168907933417,765.4833558536491,744.8073082016023,749.504150390625,19028700,META,-0.030293219233175295,-23.4141845703125,0.05833348115393019,0.03977789247022561,0.028565090981901988,726.76748046875,0.03128465504154132,719.0276916503906,0.042385653701711545,717.0954956054687,0.045194336017677195,698.3642797851562,0.07322807320729718,58.063991819016046,21383960.0,0.8898585668884529,0.027586301745321763,0.05237982073882774,0.0649315622799167,0.029306240551614682,0.05331926804472609,1,1,1,1,784.2207041864842,690.7337839335887,0.04631936164431608,0.07841232957336723
2025-08-04,759.4874200926632,776.3260312589632,757.898465626429,775.8463745117188,15801700,META,0.03514620180203765,26.34222412109375,0.05913434802562837,0.04076068032964738,0.029463469643875355,738.5075561523438,0.05055983252752583,725.3634216308594,0.06959677228740979,719.9945404052735,0.07757258002957523,701.1895446777344,0.10647168144570163,66.81445970660337,22801160.0,0.6930217585421092,0.023751565049371585,0.08185275904447087,0.08892388957787101,-0.018728208160395665,0.004778677394198461,0,1,1,1,784.2207041864842,690.7337839335887,0.010793798811054425,0.10970289141545052
2025-08-05,775.9262968482556,782.6017838704779,762.485356671436,762.945068359375,11640300,META,-0.016628686523750602,-12.90130615234375,0.05782488346452001,0.041085000044844396,0.029833137796607068,751.1910034179688,0.01564723870217355,731.2244689941406,0.04338011200427783,722.1325988769531,0.05651658649103042,703.7354150390624,0.08413624219412918,65.01513504311511,22475820.0,0.5179032400152698,0.026366809398611073,0.09065720250755072,0.08321396403305492,0.007649383700536028,0.024454460015174373,1,1,1,1,784.2207041864842,690.7337839335887,0.02788619614890495,0.0946480781127117
2025-08-06,769.4806512883487,773.1182108239055,759.9471077743785,771.4692993164062,9733900,META,0.011172797768208342,8.52423095703125,0.05637205519258468,0.04107426629052278,0.02972526710100449,766.5366455078125,0.006434987599746034,737.0615295410156,0.046682357437400235,724.0917755126953,0.0654302747330131,706.6416955566406,0.09174041691482593,66.91267747947316,19007140.0,0.5121180777328941,0.017072750738360985,0.11044144599872197,0.08185487643204126,-0.007927528330656464,0.017150493368027098,0,1,1,1,784.2207041864842,690.7337839335887,0.016528726264774127,0.10465162444488295
2025-08-07,772.9682705923176,774.4772618550992,759.037670694158,761.316162109375,9019700,META,-0.013160779328520111,-10.15313720703125,0.0259306650649138,0.04161784680060329,0.029856163144662117,764.2162109375,-0.0037948015059342532,741.7613586425781,0.026362661304684565,725.8201110839843,0.04890474992815874,709.0401538085938,0.073727853098279,63.324838173858424,13044860.0,0.6914370870979067,0.020280130554647332,-0.015010865089840175,0.06579464537778135,0.03697675470144324,0.0072719523876561,1,1,0,1,784.2207041864842,690.7337839335887,0.03008545360924392,0.09271099405038773
2025-08-08,762.2355578226991,769.3807598518028,758.0683873872562,768.7811279296875,7320800,META,0.009805342631409975,7.4649658203125,0.021019311601298163,0.041469186894875984,0.02964718117943988,768.0716064453125,0.0009237699693895873,747.4195434570313,0.028580446764681522,728.4078643798828,0.05542672659661063,711.5627478027344,0.08041227608336743,63.116476783857856,10703280.0,0.6839772480959108,0.0147146854333049,0.025719640817220002,0.07944665173152088,0.01401278689331531,-0.023163918508762094,1,0,1,1,784.2207041864842,690.7337839335887,0.02008318843410634,0.1015208895752667
2025-08-11,769.5606371158788,772.9383623565644,764.1542517302764,765.3534545898438,7612000,META,-0.004458581532918782,-3.42767333984375,0.012799964307883258,0.041670269428044845,0.029704533948145487,765.9730224609375,-0.0008088638280016047,752.2402893066406,0.017432149633051175,730.6538513183593,0.04749116590417479,713.9874304199219,0.07194247683003563,64.5380986824674,9065340.0,0.8396816887176873,0.011477194717825427,-0.013524481478022987,0.06722126144282581,0.02123074422680693,-0.023698615684086266,1,0,0,1,784.2207041864842,690.7337839335887,0.02465168149891153,0.09749700639457366
2025-08-12,772.4786291967464,793.13467067664,771.9090063294184,789.4671630859375,14563100,META,0.03150663050056579,24.11370849609375,0.01705586129438743,0.04067088575874034,0.0300190599495783,771.27744140625,0.023583889146975068,761.2342224121094,0.037088375486281855,734.6316650390625,0.07464352634998295,716.8456579589844,0.10130703076827219,66.9550917134193,9649900.0,1.509145172488834,0.026886063587816474,0.03476278414590861,0.1285714834155014,-0.006037977120335047,-0.06443044756595284,0,0,1,1,793.13467067664,690.7337839335887,0.004645547987539613,0.1250633132940086
2025-08-13,790.6164352280034,794.9235259193555,777.7051051745191,779.5538940429688,8811800,META,-0.012556911175657937,-9.91326904296875,0.01880673298274241,0.04101739551414088,0.03008022661566564,772.8943603515625,0.008616356947380277,769.7155029296875,0.012781853913341079,738.4875671386719,0.055608690967420715,719.0380944824219,0.08416216056550851,63.94515184670741,9465480.0,0.9309406390378512,0.022087530928153295,0.0104794769328167,0.12207829151730909,-0.016293263554759574,-0.03241983709789953,0,0,1,1,794.9235259193555,690.7337839335887,0.019715932399074855,0.11393710016473127
2025-08-14,777.3553445445746,787.2786396920953,771.9889713529242,781.6024780273438,8116200,META,0.002627892696104084,2.048583984375,0.016795006129979324,0.021038161881065418,0.03003433501521014,776.9516235351563,0.005986028410656985,770.5839172363281,0.014298975808544334,742.5208465576172,0.05263371614536072,721.3523876953125,0.08352379691225198,64.84038812812801,9284780.0,0.8741402596507403,0.019561949672626627,0.02664637495907285,0.011235524729588775,-0.039187866411833694,-0.03686094750220115,0,0,1,1,794.9235259193555,690.7337839335887,0.017043251865874597,0.11625947543448815
2025-08-15,783.621150744718,795.7129654452535,780.293379600551,784.7003784179688,13375400,META,0.003963524269323893,3.097900390625,0.01661282076209586,0.01786973786935299,0.030034748424468745,780.1354736328125,0.005851425732378512,774.1035400390625,0.013689174420222328,746.5656158447266,0.05108025572553765,723.3072473144531,0.08487835747735217,64.56017985616242,10495700.0,1.274369503701516,0.01965028470585152,0.02070712964969812,0.04695935040386412,-0.047769495519436767,-0.03964444219051,0,0,1,1,795.7129654452535,690.7337839335887,0.014034129879594568,0.119748374116788
2025-08-18,774.5672416992095,775.2867267942328,756.0497105947067,766.8524169921875,16513700,META,-0.02274493796188104,-17.84796142578125,0.020547065400560935,0.01622719221768811,0.03065478307259959,780.4352661132813,-0.017404197005011057,773.2041442871093,-0.008214812791488724,749.2837829589844,0.023447236458025378,724.9716516113281,0.05776883177124903,64.4962913120502,12276040.0,1.3451976370230139,0.025085682425021433,0.001958523076304619,-0.011592446410787938,-0.03684017411499896,-0.02604999478673775,0,0,0,1,795.7129654452535,690.7337839335887,0.03763507529423364,0.09926112426841874
2025-08-19,766.6026107662994,766.6525648449835,748.854579245516,750.97314453125,12286700,META,-0.020707077540709218,-15.8792724609375,0.012629217838533694,0.01670648326253065,0.030970463216438805,772.7364624023437,-0.02816395877507083,772.0069519042969,-0.02724561912449508,751.6157104492188,-0.0008549128351571511,726.0570471191406,0.03431699686818246,61.55584599329707,11820760.0,1.039417093317181,0.02369989623340909,-0.04875949292712667,-0.015691724508907656,0.004404603922124384,-0.000492362448983874,1,0,0,0,795.7129654452535,690.7337839335887,0.05957579340860409,0.08021506632605631
2025-08-20,747.0657749776972,749.6940059349637,730.506944043105,747.2156372070312,11898200,META,-0.005003517571276372,-3.75750732421875,0.01268113709807236,0.016120779677503905,0.030955343042812517,766.2688110351562,-0.024864869290955438,769.5815856933593,-0.02906247875743717,753.3215576171875,-0.008105330782607334,727.1401879882812,0.02760877414063878,42.39051516302515,12438040.0,0.9565976632974327,0.025678078638151542,-0.041483029054249054,-0.03143827256750986,0.007462682300117818,-0.012063257956111628,1,0,0,0,795.7129654452535,690.7337839335887,0.06490405958244837,0.07558976346448314
2025-08-21,744.2077027473434,744.9971479214436,732.6154905427838,738.6014404296875,8876300,META,-0.011528394680740628,-8.61419677734375,0.01109173947663865,0.01601519854074889,0.03112038541150269,757.668603515625,-0.025165571065588366,767.3101135253906,-0.037414693993542913,754.5357360839844,-0.02111801322624607,727.8844848632813,0.014723429045776726,46.46213335952948,12590060.0,0.7050244399152983,0.016763651816677466,-0.055016506224730644,-0.02983612171946004,0.020295017554390782,-0.005398452357715855,1,0,0,0,795.7129654452535,690.7337839335887,0.07732387440558054,0.0648085068291383
2025-08-22,738.7313812096488,756.389506981927,733.8946798718869,754.2808837890625,10612700,META,0.021228557786528768,15.679443359375,0.017708121446042984,0.017372747620053645,0.031381762156174685,751.5847045898438,0.0035873257967511396,765.8600891113281,-0.01511921757889434,756.6398162841797,-0.003117642561690448,729.1073327636718,0.03452653662111804,42.48186582519273,12037520.0,0.8816350876260226,0.029822878444220064,-0.03876574481872286,-0.018861342472953124,-0.009817255641586087,-0.02350321707040337,0,0,1,0,795.7129654452535,690.7337839335887,0.05492924790571475,0.0842485885844682
2025-08-25,754.3108643612958,758.3681233608074,749.6240254313439,752.7918701171875,6861200,META,-0.001974083798060855,-1.489013671875,0.01562515794378559,0.017347730038375614,0.03139092802176686,748.7725952148437,0.005367817850211898,764.6039306640625,-0.015448600344777463,758.4221099853515,-0.0074236230643022205,730.3159777832032,0.030775572516169802,46.154408086307704,10107020.0,0.6788548949146237,0.011615558398767484,-0.018335401393333894,-0.01641278862377127,-0.0029071469145374174,-0.006172741411325178,0,0,1,0,795.7129654452535,690.7337839335887,0.057015885840244904,0.08243724281179893
2025-08-26,750.2936075268326,754.3608698171868,747.4355511046348,753.5913696289062,7601800,META,0.001062045890046992,0.79949951171875,0.012356688826643836,0.013046013170591456,0.0307278066757931,749.296240234375,0.005732217998568601,761.0163513183594,-0.00975666511841744,761.1252868652343,-0.00989839303244966,731.7501098632813,0.029847976066181614,42.80775365564278,9170040.0,0.8289822072749955,0.009189753215940151,0.0034864430462298035,-0.04544304707595037,-0.02042166089285513,-0.002188009062399021,0,0,1,0,795.7129654452535,690.7337839335887,0.055894477450145655,0.08341070270784912
2025-08-27,751.7925800305345,753.6413688476172,742.338999603057,746.8759155273438,8315400,META,-0.008911267262613931,-6.7154541015625,0.012922733354029292,0.012847239189666907,0.030770229835565984,749.2282958984375,-0.003139737759467409,757.7485534667969,-0.014348609297516246,763.7320281982422,-0.022070715969139787,732.6546997070312,0.019410529716112013,44.02547297171033,8453480.0,0.9836658985411925,0.01513286077323828,-0.00045465012075673883,-0.04191881891083693,-0.016417425612792247,0.006582922108408162,0,1,0,0,795.7129654452535,730.506944043105,0.06538843856469465,0.021916587673979488
2025-08-28,743.4982035863915,752.5420875468095,740.3003496517379,750.6033935546875,7468000,META,0.004990759441897197,3.72747802734375,0.011249768172756445,0.013007474766645882,0.017237506726336137,751.6286865234375,-0.001364095047372893,754.6486450195313,-0.005360443554151106,762.6162811279297,-0.01575220444477643,733.7315734863281,0.0229945400716407,42.23909782743521,8171820.0,0.9138723075153393,0.016309196041730582,0.016249566366967505,-0.039660934226940614,-0.01871898958894236,0.019424558009401016,0,1,0,0,795.7129654452535,730.506944043105,0.06009774573085438,0.026773725890593496
2025-08-29,744.7773613013366,746.6360921511391,734.8540051000575,738.2017822265625,9070500,META,-0.01652218926082094,-12.401611328125,0.008531135754144187,0.013231736173052348,0.016267122013853316,748.4128662109375,-0.013643651045273542,749.9987854003906,-0.0157293630382751,762.0511627197266,-0.03129629828008751,734.5895947265625,0.004917286503826057,39.23278188573296,7863380.0,1.1535115942508183,0.01596052371418623,-0.02131712722418211,-0.05925649772866415,0.013469621151350752,0.01797746417479784,1,1,0,0,795.7129654452535,730.506944043105,0.07790713136078585,0.01042375996471903
2025-09-02,725.5502463590637,735.5035500540433,721.2431559989143,734.6141357421875,9350900,META,-0.004859980794890473,-3.587646484375,0.008433961242833191,0.01185572037749354,0.01392711582868111,744.7773193359375,-0.013645935946078103,746.7749572753906,-0.016284452785577996,759.98955078125,-0.033389163065435934,735.6440832519531,-0.001400062249141909,24.017794985301904,8361320.0,1.118352126219305,0.019412087735994395,-0.024147091774742835,-0.0420397465479051,0.023588395999374567,0.021479873824331364,1,1,0,0,795.7129654452535,721.2431559989143,0.08317132318906076,0.018201364624932496
2025-09-03,735.5035768564753,739.7507102826166,733.4949228182503,736.5528564453125,7699300,META,0.00263910073165996,1.938720703125,0.008734383524356387,0.010466133240152897,0.013570003378483604,741.3696166992188,-0.00649711040944978,745.3329284667968,-0.011780067250678927,758.6699401855469,-0.029152445047216813,736.4139624023437,0.0001886086495639372,27.96723335507852,8380820.0,0.918680988256519,0.008493331346995888,-0.02260975094763107,-0.019202135510369644,0.020690551839201543,0.025154375131860363,1,1,0,0,795.7129654452535,721.2431559989143,0.08032024922889365,0.020785610037933406
2025-09-04,748.0651174458885,760.6465916805791,745.3169722452417,748.1450805664062,11439100,META,0.015738482336541626,11.59222412109375,0.011993597602781129,0.011755937525642104,0.013833301840372072,741.6234497070312,0.008793722558194883,745.4258728027344,0.003647858040461971,757.5037292480469,-0.01235459090205493,737.142470703125,0.014926028957178872,34.384372236756946,9005560.0,1.270226393472477,0.020490169398336085,0.0016992983876931156,0.0012438756807193752,0.022774262093039566,0.021438520350910206,1,1,1,0,795.7129654452535,721.2431559989143,0.06358109692151494,0.03595816542310889
2025-09-05,752.1123731440612,757.4387952805295,744.5275265518461,751.9425048828125,9663400,META,0.005075785987299852,3.79742431640625,0.012001796329676025,0.011070087941203583,0.013619672263359485,741.8912719726562,0.0135481212542512,746.7599792480469,0.0069400152375387325,757.0350463867187,-0.006726956074507462,738.0172802734374,0.018868426230095547,34.810049557211556,9444640.0,1.0231623439326434,0.017170553127190926,0.001784046461318578,0.0180626028096611,-0.000624684147324861,0.03528467041661143,0,1,1,0,795.7129654452535,721.2431559989143,0.058209850192286305,0.04082672369835323
2025-09-08,755.4900579545978,765.992978439962,751.5127620882034,751.7925415039062,13087800,META,-0.0001994346348722642,-0.14996337890625,0.007687977039206739,0.008727586515740035,0.01340202328270622,744.609423828125,0.009646826169419143,746.5111450195312,0.0070747724526427636,756.1856170654297,-0.005809520126251466,738.5411254882813,0.017942692097022928,41.645419694571814,10248100.0,1.2770952664396327,0.019260920469883862,0.018410629186441874,-0.003298959762384923,-0.0018608681772869229,0.031131242394378145,0,1,1,0,795.7129654452535,721.2431559989143,0.05842093598519569,0.04063539316828036
2025-09-09,756.9790485610613,765.7831036056251,752.9217895494754,765.1835327148438,10999000,META,0.01781208308365212,13.3909912109375,0.00806930606586587,0.010389511042342115,0.014013555380450704,750.7233032226562,0.019261729894507917,747.7503112792969,0.023314228255848057,756.1771209716796,0.011910452582314157,739.1820922851563,0.035175960972356535,58.10714158866171,10577720.0,1.0398271082993311,0.01680814276088537,0.041612862433924924,0.016460941050980393,-0.013203563566268728,0.019002267490494162,0,1,1,1,795.7129654452535,721.2431559989143,0.03989818314841728,0.05742462407682844
2025-09-10,764.6139331888977,765.1835560495044,750.4934588375091,751.4727783203125,12478300,META,-0.017918255958653484,-13.71075439453125,0.014385030157444611,0.01210719898683385,0.012451085991219668,753.7072875976562,-0.002964691086463911,747.5384521484375,0.005263041868371676,754.2774017333984,-0.0037182917142163374,739.4597033691406,0.01624574658556477,52.181037119126046,11533520.0,1.0819160152321234,0.01954840898539334,0.020256417098163615,-0.0028113263951483614,0.016915350958769837,0.03510732911364656,1,1,0,0,795.7129654452535,721.2431559989143,0.05887131031389645,0.04022716882568558
2025-09-11,754.1410253741255,756.5893240941964,747.8652318538085,750.3935546875,7923300,META,-0.0014361446800837951,-1.0792236328125,0.012883874933526171,0.011735720117377137,0.012219285754700432,754.156982421875,-0.004990244500938323,747.8902160644532,0.0033472006576311664,752.819384765625,-0.003222326798718478,740.0928771972656,0.013918087590902184,56.546850157298984,10830360.0,0.7315823296732519,0.011626022353058504,0.0030053985242961545,0.0047098039808561865,0.03742168822870284,0.019678231995450268,1,1,0,0,795.7129654452535,721.2431559989143,0.060394189788352745,0.03884681379056532
2025-09-12,748.2249639979328,757.0590282777322,743.2583455274284,755.0803833007812,8248600,META,0.006245827384848912,4.68682861328125,0.01299412855046032,0.01179526202599872,0.012315210769788677,754.7845581054687,0.00039193329028219814,748.3379150390625,0.009009924696073757,751.4932800292969,0.004773300529506308,740.9327111816406,0.019094408852023737,50.50558462781885,10547400.0,0.7820505527428561,0.018277104074635092,0.004173029716491028,0.005964521056708527,0.026641394065928914,0.0004233206428749803,1,1,1,1,795.7129654452535,721.2431559989143,0.053812260314391666,0.04481274848374405
2025-09-15,756.9590394303372,773.547878937133,751.4827553370264,764.1842041015625,10533800,META,0.01205675713754406,9.10382080078125,0.013861738297854696,0.010568706488623784,0.012638188113588866,757.262890625,0.009139908428432486,750.9361572265625,0.017642041533769026,750.4674713134766,0.018277584722064866,741.8458947753907,0.030111792062872178,56.571364998535415,10036600.0,1.0495386884004543,0.028874090149570788,0.016482821940302372,0.035196910249433166,0.02033482332904213,-0.0046117558281313364,1,0,1,1,775.2867267942328,721.2431559989143,0.014528594850666028,0.056192012177395396
2025-09-16,766.4826425887807,780.8329418323293,764.583899780601,778.4745483398438,11782500,META,0.01870013036330964,14.29034423828125,0.014097024836732868,0.011106545222990958,0.012321696736045178,759.92109375,0.02441497511049162,755.3221984863281,0.030652283091789245,751.0485778808594,0.03651690618517489,743.058076171875,0.047663127962257246,62.420166387810085,10193300.0,1.1559063306289425,0.020872926528401805,0.01736970943146665,0.05970537519448049,-0.0007958742805593833,-0.03797757455058903,0,0,1,1,780.8329418323293,721.2431559989143,0.0030295062279364366,0.07351735835549121
2025-09-17,779.4639169106475,782.7616789884555,765.7931508650867,775.19677734375,9400900,META,-0.004210505023040101,-3.27777099609375,0.009450144540484299,0.011531136187731732,0.011315562045674075,764.6658935546875,0.013771875897469199,759.1865905761719,0.021088605839873376,752.2597595214844,0.030490821198326357,744.1583337402344,0.04170946181239743,64.63840373827293,9577820.0,0.9815281556763439,0.021889317163459262,0.03157000454023806,0.052465916818159375,-0.012947427662961086,-0.04056618688677205,0,0,1,1,782.7616789884555,721.2431559989143,0.009758685621252223,0.06959990407817543
2025-09-18,780.223417654285,788.2480310412486,772.8383872533639,779.7237548828125,10955000,META,0.0058397785844446215,4.5269775390625,0.00847667222718808,0.01093408219816152,0.011239541298451365,770.53193359375,0.01192918928900455,762.3444580078125,0.0227971708752448,753.8851654052735,0.03427390624359705,745.1070935058593,0.046458638870388036,64.92826667300793,10184160.0,1.0756900912790057,0.01976295282962199,0.03908642340022106,0.04220929220372427,-0.031195317978231496,-0.04658538391485745,0,0,1,1,788.2480310412486,721.2431559989143,0.010932431011694992,0.07500168940304694
2025-09-19,785.8895354575697,790.2665859871321,768.6711767678263,777.85498046875,23696800,META,-0.002396713454425159,-1.8687744140625,0.009653528843911331,0.01112106312067872,0.01083091618093054,775.0868530273438,0.003571377105152207,764.9357055664062,0.016889360515309537,755.8478424072266,0.029115831026830685,746.1292041015626,0.04252048598659197,72.78881069037317,13273800.0,1.7852310566680227,0.027762770389786532,0.030161818094665893,0.03446071397436934,-0.022105672337350946,-0.05589084942252176,0,0,1,1,790.2665859871321,721.2431559989143,0.015956194702131523,0.07277940733338284
2025-09-22,781.8499755859375,785.72998046875,764.469970703125,765.1599731445312,11706900,META,-0.01632053228812458,-12.69500732421875,0.012972186022589243,0.012756907128419686,0.010694170320079667,775.2820068359375,-0.013055937842174403,766.2724487304688,-0.001451801624579696,756.391796875,0.011592109149989094,747.0918823242188,0.024184563167922946,65.89127594946677,13508420.0,0.8666372529133681,0.02778505216138533,0.001276876750044842,0.017780745222457872,-0.021237389004051477,-0.06249666470730264,0,0,0,1,790.2665859871321,721.2431559989143,0.03281224021614947,0.05739560181792403
2025-09-23,769.25,770.5999755859375,751.0700073242188,755.4000244140625,10872600,META,-0.012755435559911543,-9.75994873046875,0.008782236549108534,0.012151641489237341,0.011103693992592095,770.6671020507813,-0.019810210655278215,765.2940979003906,-0.012928459155078897,756.5222045898438,-0.0014833406990211184,747.7912084960938,0.010175053987691474,59.06723671151463,13326440.0,0.8158668031372219,0.02585380941292326,-0.029640691497222926,-0.012785832264410768,-0.015422324645937069,-0.037529832810217156,0,0,0,0,790.2665859871321,721.2431559989143,0.04615642103018777,0.04521692786764536
2025-09-24,757.5,761.1099853515625,752.530029296875,760.6599731445312,8828200,META,0.006963130209783452,5.25994873046875,0.010579239823887407,0.010827745389693265,0.011204867626485142,767.7597412109375,-0.009247382592903586,766.2128173828125,-0.007247130447710859,756.875634765625,0.004999947422112516,748.8061901855468,0.01583024167581626,56.411463863988565,13211900.0,0.6682006373042484,0.011279620799840932,-0.01875240535574696,0.012225585662269722,-0.0226907545287508,-0.06586382530268631,0,0,0,1,790.2665859871321,721.2431559989143,0.03892226998642842,0.05181923400368993
2025-09-25,753.4500122070312,756.77001953125,744.5499877929688,748.9099731445312,10591100,META,-0.015447112264138307,-11.75,0.010032405197293232,0.012053722908505383,0.01158352274827984,761.5969848632812,-0.016658432177259153,766.0644592285156,-0.02239300606800143,756.9773376464843,-0.010657339527541554,749.7356726074219,-0.0011013207628483013,48.56346680837801,13139120.0,0.8060737705417106,0.01631709040670356,-0.03951884439241227,-0.001977071276400566,-0.01940148854035173,-0.04439785981269495,0,0,0,0,790.2665859871321,721.2431559989143,0.055222409001915475,0.03694278102540047
2025-09-26,750.0,751.9299926757812,737.3499755859375,743.75,9696300,META,-0.0068899778739298645,-5.15997314453125,0.009597811591051426,0.011997020401696416,0.01162944423505213,754.7759887695313,-0.01460829296849564,764.9314208984375,-0.02769061424298569,756.63466796875,-0.01702891568970799,750.5919348144531,-0.00911538546726387,46.362827857245776,10339020.0,0.9378355008501773,0.019603384322478993,-0.043844908530633386,-0.01500553259144577,-0.03550920758928566,-0.04123695181197484,0,0,0,0,790.2665859871321,721.2431559989143,0.06254330889026163,0.030261302858602637
2025-09-29,748.719970703125,750.780029296875,739.1500244140625,743.4000244140625,9246800,META,-0.00047055540966389753,-0.3499755859375,0.009136484213951728,0.011046814369823806,0.010994372895592408,750.4239990234375,-0.009360007966850326,762.8530029296875,-0.025500297489709167,756.894580078125,-0.0178288443585759,751.3838354492187,-0.010625476166096992,38.83118646953197,9847000.0,0.9390474256118615,0.015644342885217294,-0.028438430516749658,-0.027197866137439464,-0.021993591719317807,-0.034382562172687314,0,0,0,0,790.2665859871321,721.2431559989143,0.06304352977390491,0.029804772245752807
2025-09-30,742.25,742.969970703125,726.2999877929688,734.3800048828125,16226800,META,-0.012133466821391936,-9.02001953125,0.009020243858680405,0.008395222805317551,0.01129402435318147,746.2199951171875,-0.015866621521600566,758.4435485839844,-0.03172753429849662,756.8828735351562,-0.02973097878042885,751.8216540527344,-0.023199184375578663,40.793370258740865,10917840.0,1.4862646823913888,0.02269939649679914,-0.02782634213912627,-0.05664224161350706,-0.032435533600918,-0.001184666128438927,0,0,0,0,790.2665859871321,726.2999877929688,0.07610035776128954,0.01100250147896266
2025-10-01,721.489990234375,721.8499755859375,710.2000122070312,717.3400268554688,20419600,META,-0.023203216201485355,-17.03997802734375,0.00859889767660658,0.009995940751950011,0.012405188699096176,737.556005859375,-0.0274094154793727,752.6578735351562,-0.046924170890291994,755.922232055664,-0.05103991331922386,752.0817626953125,-0.04619409426354948,34.8084750659923,13236120.0,1.542717956621729,0.01624050372593179,-0.05695047434924172,-0.07463492132478966,-0.0023420604567434555,-0.016784284456115905,0,0,0,0,790.2665859871321,710.2000122070312,0.10166247023931475,0.009953459142293319
2025-10-02,722.5800170898438,727.77001953125,718.1400146484375,727.0499877929688,11415300,META,0.013536064591382901,9.7099609375,0.013660654884077809,0.011356373104408889,0.012255338725097358,733.1840087890625,-0.008366277663672483,747.3904968261719,-0.027215370170720732,754.8674774169922,-0.036850825418004995,752.3607885742188,-0.033641839348400815,37.68571312122461,13400960.0,0.8518270332871675,0.013245313313387599,-0.029189069628458242,-0.06755439572026412,-0.01921459450887586,-0.015610997560692397,0,0,0,0,790.2665859871321,710.2000122070312,0.08694945224614266,0.023175814412826342
2025-10-03,729.6300048828125,731.0,710.1799926757812,710.5599975585938,16154300,META,-0.02268068291209524,-16.489990234375,0.01564717401370256,0.012237616693709482,0.013035252050608011,726.5460083007813,-0.02200275076808289,740.6609985351563,-0.040640726372922154,752.7983520507812,-0.05610845769935768,752.2856311035156,-0.055465147571295725,27.877559715146006,14692560.0,1.0994884485753333,0.029300843554033455,-0.04462521336659664,-0.0865135334990117,0.010245481482054064,-0.0026879829304966574,1,0,0,0,790.2665859871321,710.1799926757812,0.11217432546498739,0.0005347963354511302
2025-10-06,705.1900024414062,716.8800048828125,690.510009765625,715.6599731445312,21654700,META,0.0071774031798306215,5.0999755859375,0.01700329110748282,0.012901011497428816,0.013214221832246109,720.997998046875,-0.00740366119851088,735.7109985351562,-0.02725394269019732,750.9917236328125,-0.04704679076537499,752.3548449707031,-0.048773357507388315,21.95985710113213,17174140.0,1.260889919378787,0.036847100727627174,-0.03731510675076388,-0.06469235419695685,0.024942063676780313,0.002640939439623846,1,1,0,0,790.2665859871321,690.510009765625,0.10424868742454267,0.0351423361968954
2025-10-07,717.719970703125,718.5,705.75,713.0800170898438,12062900,META,-0.003605002587124484,-2.5799560546875,0.016844388565386444,0.012738639795605645,0.012330301183304738,716.7380004882813,-0.005103654886367881,731.4789978027344,-0.02515312232908773,748.3865478515625,-0.04717686450013736,752.273525390625,-0.052100076605021584,22.097525320623717,16341360.0,0.7381821341675356,0.017880181318267928,-0.029004041029640604,-0.05602330679965872,-0.01091045760702447,-0.0014164045288310723,0,0,0,0,790.2665859871321,690.510009765625,0.10824390958576434,0.03165143712248364
2025-10-08,713.4500122070312,719.6500244140625,707.8099975585938,717.8400268554688,10790600,META,0.006675281387145127,4.760009765625,0.014199169110818277,0.012707194494825946,0.012033970280931222,716.8380004882813,0.0013978421435594246,727.1970031738281,-0.01286718217693572,746.7049102783203,-0.038656346068613234,752.6397692871094,-0.04623691685147402,22.260276033923404,14415560.0,0.7485383849118591,0.016493963017546586,0.0006970195183333416,-0.05629315042310812,-0.0029811860141206736,-0.0012816838165778943,0,0,1,0,790.2665859871321,690.510009765625,0.10089512484965656,0.038072573369256305
2025-10-09,718.280029296875,733.510009765625,712.4400024414062,733.510009765625,12717200,META,0.02182935239596384,15.66998291015625,0.016449515653027737,0.014822911445396875,0.013183123917359653,718.1300048828125,0.021416741785245774,725.6570068359375,0.010821921177236016,745.8607330322266,-0.01655902063162762,753.4151477050781,-0.026419880194982315,32.31079522878312,14675940.0,0.8665339324090995,0.0287249076954671,0.008885251469801014,-0.020563170382475682,-0.033891814727253555,-0.001826869214636817,0,0,1,0,790.2665859871321,690.510009765625,0.0773766894328303,0.058622240225105565
2025-10-10,730.9199829101562,735.27001953125,704.510009765625,705.2999877929688,16980100,META,-0.038458946158989815,-28.21002197265625,0.022674522860151834,0.018810860431918413,0.015471492780227088,717.0780029296875,-0.016425012465308697,721.8120056152344,-0.02287578717701111,743.371713256836,-0.051214923550250036,752.0627807617187,-0.062179374069524895,28.751918455564194,14841100.0,1.1441267830551645,0.04361266170141234,-0.007402625793314854,-0.05169749540441182,0.01736849597620549,0.03965692928168818,1,1,0,0,790.2665859871321,690.510009765625,0.12046873623242445,0.020969769294374562
2025-10-13,713.010009765625,719.9400024414062,707.6400146484375,715.7000122070312,9251800,META,0.014745533239843622,10.4000244140625,0.023613110334649193,0.01981837659852745,0.015622805817288915,717.0860107421875,-0.0019328204906990942,719.0420043945312,-0.004647839996933301,740.9475036621094,-0.03407460222255043,751.3866979980469,-0.04749443380631735,35.97170898227304,12360520.0,0.7484960179668817,0.017185954426686134,5.5947047484128376e-05,-0.03726124737332903,-0.005071964260023543,0.0247449498888328,0,1,0,0,790.2665859871321,690.510009765625,0.10418691142697772,0.03519631411452249
2025-10-14,707.780029296875,715.5499877929688,699.3300170898438,708.6500244140625,8829800,META,-0.00985047879380141,-7.04998779296875,0.024028701650937977,0.01972221932826775,0.014803590238065925,716.2000122070312,-0.010541730891211243,716.4690063476562,-0.010913217270140607,737.4562774658203,-0.03906164193319639,750.0427709960937,-0.05518718156173896,31.851489631595015,11713900.0,0.7537882344906479,0.02288854885249776,-0.006212476257377864,-0.03503633037075382,0.011670017937178034,0.03577220731333175,1,1,0,0,790.2665859871321,690.510009765625,0.11517188846575306,0.025597987756278313
2025-10-15,717.0599975585938,723.9000244140625,709.510009765625,717.5499877929688,10246800,META,0.012559039119860449,8.89996337890625,0.02463568221254952,0.018956502038566452,0.015292624118603994,716.1420043945312,0.001966067329939536,716.4900024414062,0.0014794140154792412,734.5739379882813,-0.023175271153690336,749.1348693847656,-0.04216180941855796,38.83508057050821,11605140.0,0.8829535878067821,0.020054372368813113,-0.00040404414862538207,0.00029269374305007645,0.02037488030925272,0.029001460403617063,1,1,1,0,790.2665859871321,690.510009765625,0.10134011487871966,0.037683755121386005
2025-10-16,717.5499877929688,725.489990234375,703.8800048828125,712.0700073242188,9017000,META,-0.007637071370602655,-5.47998046875,0.021479848601189285,0.018476931215695862,0.015144288143480582,711.85400390625,0.0003034378071675725,714.9920043945312,-0.004086754890059052,731.1912506103515,-0.026150809750761672,747.9468835449219,-0.04796714447243011,38.74679181288427,10865100.0,0.8299049249431667,0.0303481190462823,-0.02922932496620856,-0.02060378339902491,0.02977237067840499,0.05441880658000575,1,1,1,0,790.2665859871321,690.510009765625,0.10981585779291077,0.030277918374361584
2025-10-17,707.0800170898438,718.5399780273438,706.1199951171875,716.9199829101562,12232400,META,0.006811093763326115,4.8499755859375,0.011419382162735959,0.017098054604494473,0.015347570843367882,714.1780029296875,0.003839350931029273,715.6280029296875,0.001805379296477394,728.1445007324219,-0.015415233941855178,747.0589599609375,-0.04034350521993224,40.88528393818828,9915560.0,1.2336569997055133,0.017324085262263797,0.01647525211725709,0.008950666197667712,0.023001158605508554,0.04815044963752402,1,1,1,0,785.72998046875,690.510009765625,0.09598002454789568,0.03683810435486344
2025-10-20,721.1900024414062,733.77001953125,720.1799926757812,732.1699829101562,8900200,META,0.02127155102874445,15.25,0.013273407199195546,0.01820655621967174,0.01604013695113817,717.4719970703125,0.020485797215585855,717.27900390625,0.020760372076710887,726.4950012207031,0.007811453182634098,746.3267370605469,-0.018968574281752026,49.27057073523907,9845240.0,0.904010465971373,0.018561300207162915,0.02301239405087596,0.023069628573862744,0.00249944293341553,0.026633159587468036,1,1,1,1,770.5999755859375,690.510009765625,0.05248780142970837,0.05689931862399677
2025-10-21,736.02001953125,738.5,728.75,733.27001953125,7647300,META,0.001502433378546053,1.10003662109375,0.010943425727221703,0.018089584230652357,0.01585640563330929,722.39599609375,0.015052718310039959,719.2980041503906,0.01942451570870496,725.3885009765625,0.010865237791992888,745.685068359375,-0.01664918523236636,55.87606361350996,9608740.0,0.7958691774363756,0.01329660253426532,0.03474210720241522,0.028313796428911076,0.006941461787250303,-0.09109884087559939,1,0,1,1,761.1099853515625,690.510009765625,0.03796686770053611,0.05831413889382762
2025-10-22,733.8300170898438,740.5999755859375,724.030029296875,733.4099731445312,8734500,META,0.00019086231477283278,0.13995361328125,0.010740839933227046,0.018057193568437453,0.015741083282428858,725.5679931640625,0.010808056659543874,720.8549987792969,0.01741678199706609,724.0260009765625,0.012960822063450284,744.5639245605469,-0.014980515504560366,52.524207215508895,9306280.0,0.9385597682425201,0.022593020133088785,0.02210296930022171,0.02168999457618348,0.02373847481926261,-0.115978784954198,1,0,1,1,756.77001953125,690.510009765625,0.03185127996904842,0.05849383693948223
2025-10-23,734.7000122070312,742.4099731445312,733.0999755859375,734.0,9856000,META,0.0008044979984918044,0.59002685546875,0.008870994720967888,0.016703434758106712,0.015410288124515878,729.9539916992187,0.005542826461381267,720.9039978027344,0.0181660834690629,723.2805023193359,0.01482066452267139,743.6528466796875,-0.012980312954877005,60.64681358809769,9474080.0,1.0403120936280885,0.012683920379555519,0.030797523347723565,0.0006680075634299953,0.02376022130981781,-0.13118525616804322,1,0,1,1,751.9299926757812,690.510009765625,0.024427782937031677,0.059250667894243866
2025-10-24,736.7899780273438,741.2100219726562,731.1500244140625,738.3599853515625,9151300,META,0.005940034538913563,4.3599853515625,0.008862482747587242,0.009734791572694065,0.015414476317216352,734.2419921875,0.005608495847253092,724.2099975585937,0.019538514851590305,723.0110015869141,0.021229253401344517,742.7879968261718,-0.0059613395659725565,60.380479227430676,8857860.0,1.0331276403104135,0.013624787039080653,0.029905711868116747,0.04687366812814697,0.018026434019519977,-0.1503873181514207,1,0,1,1,750.780029296875,690.510009765625,0.016821122747326053,0.0648057540159821
2025-10-27,749.72998046875,755.75,748.010009765625,750.8200073242188,11321100,META,0.016875267105277203,12.46002197265625,0.00697941692782764,0.010000269489849039,0.01588228292802846,737.9719970703125,0.017409888593214795,727.7219970703125,0.031740156745151404,723.3820007324218,0.037930175984494996,742.1103894042968,0.011736283502125966,65.82788102186043,9342040.0,1.2118445221814507,0.010308716015651833,0.025472260334866936,0.04907083207793539,-0.1123438850833256,-0.1529927199550296,0,0,1,1,755.75,690.510009765625,0.006566144518911818,0.08032550673966087
2025-10-28,752.6300048828125,758.4000244140625,745.52001953125,751.4400024414062,12193800,META,0.0008257573201826407,0.6199951171875,0.007071660693179478,0.008748401336229884,0.015596475706883533,741.6059936523437,0.013260422479369316,732.0009948730469,0.02655598517558122,724.2350006103516,0.03756377668592048,741.8021411132812,0.012992495968885631,64.59853511326088,10251340.0,1.1894835211786947,0.017140430162043207,0.024779388801101643,0.060382384185655,-0.13718996396323369,-0.1763281161097512,0,0,1,1,758.4000244140625,690.510009765625,0.0092622457548751,0.08108430809887884
2025-10-29,754.75,759.1599731445312,742.510009765625,751.6699829101562,26818600,META,0.0003060530022394037,0.22998046875,0.00705253450269121,0.008570609877213442,0.014502852891564881,745.2579956054688,0.008603714877930546,735.4129943847656,0.02210593047650855,725.9514984130859,0.035427276551244,741.8160778808593,0.013283488081636818,59.1127968681183,13868160.0,1.933825395726614,0.02215062960801555,0.024897411317348572,0.04755068733557266,-0.15160903525280334,-0.17289497238448792,0,0,1,1,759.1599731445312,690.510009765625,0.009964466327864852,0.08136545895812555
2025-10-30,669.1500244140625,680.9600219726562,650.1699829101562,666.469970703125,88440100,META,-0.1133476314661016,-85.20001220703125,0.05378203504751714,0.038477050003328704,0.02944685700607347,731.7519897460937,-0.08921331264930421,730.8529907226563,-0.08809298290737011,722.9224975585937,-0.0780893208416068,740.2011645507813,-0.09960967015284661,37.60453584545392,29584980.0,2.9893581134751486,0.046198689237290834,-0.09200276470963897,-0.06403869865611567,-0.058742276621410405,-0.05208030738561409,0,0,0,0,759.1599731445312,650.1699829101562,0.13907603720482473,0.024457197637535392
2025-10-31,674.510009765625,674.8900146484375,645.5700073242188,648.3499755859375,56953200,META,-0.027188014334795785,-18.1199951171875,0.05212910380102852,0.03873211060052168,0.02961489892654188,713.7499877929688,-0.09162874021092282,723.9959899902344,-0.10448402401416235,719.8119964599609,-0.09927873003711252,738.3961352539062,-0.12194830846047866,29.510169869822548,39145360.0,1.4549157294759838,0.04522250085337196,-0.12190531929051873,-0.0956452727762952,-0.019125416589550914,-0.03280629181310801,0,0,0,0,759.1599731445312,645.5700073242188,0.17091077617216027,0.0042877587204447586
2025-11-03,656.0,659.3300170898438,636.1799926757812,637.7100219726562,33003600,META,-0.016410818252388326,-10.63995361328125,0.04743765097023513,0.03723334543286599,0.029610637468601955,691.1279907226562,-0.07729099308240317,714.5499938964844,-0.10753617322815312,715.9144989013672,-0.10923717433956504,736.0647180175781,-0.13362234819489482,28.879345905019278,43481860.0,0.7590199683270219,0.03630180429413908,-0.15064860319141626,-0.12901370329612527,-0.029433471146004364,-0.045004800329548345,0,0,0,0,759.1599731445312,636.1799926757812,0.1904469852868057,0.0023992555301892444
2025-11-04,628.0399780273438,641.739990234375,626.010009765625,627.3200073242188,27356600,META,-0.016292694626779736,-10.3900146484375,0.04511253261822934,0.03688415446574107,0.029707982343424713,666.3039916992187,-0.05850780553720292,703.9549926757812,-0.10886347301873323,711.626498413086,-0.11847014027283853,733.5552807617188,-0.14482245063683008,23.372479232260062,46514420.0,0.5881315944603845,0.025074890462755878,-0.1651761880042656,-0.14448976418640547,-0.00894278085516742,-0.02778485059025526,0,0,0,0,759.1599731445312,626.010009765625,0.21016381476921944,0.002088244505673325
2025-11-05,632.3099975585938,642.22998046875,626.5399780273438,635.9500122070312,20219900,META,0.013756941883016127,8.6300048828125,0.04802077282653609,0.03773760540513117,0.029907815745719758,643.1599975585938,-0.011210251537613236,694.2089965820312,-0.08392139062132675,707.5319976806641,-0.1011713755819994,731.2024536132812,-0.13026821906238728,27.946455411929065,45194680.0,0.4473955784176368,0.024671754289232448,-0.15395050132919363,-0.13288605896595007,-0.006588571996193671,-0.04165420194339309,0,0,0,0,759.1599731445312,626.010009765625,0.1937415812131307,0.015630163142713045
2025-11-06,635.8499755859375,636.0,618.0,618.9400024414062,23628800,META,-0.02674740064331893,-17.010009765625,0.016705351632184732,0.03758485283404528,0.029534155274572958,633.65400390625,-0.02322087665214323,682.7029968261719,-0.09339785335818707,701.8034973144531,-0.11807221706665094,728.6437353515626,-0.1505588089043618,23.481653770673788,32232420.0,0.7330755804249262,0.029081978752381613,-0.0713159937447364,-0.15675748986184435,0.013151540724996469,-0.0273532048486137,1,0,0,0,759.1599731445312,618.0,0.22654856714710297,0.0015187295015646335
2025-11-07,616.489990234375,622.1300048828125,601.2000122070312,621.7100219726562,29946800,META,0.004475424952860907,2.77001953125,0.016730805833691693,0.03749160686879682,0.028755098355170258,628.3260131835938,-0.01052955165331404,671.0380004882812,-0.07350996289290834,697.6239990234375,-0.10881789783185314,726.0658679199219,-0.1437277946231389,17.93801385249236,26831140.0,1.116121044428228,0.03366520071426769,-0.04108884802410262,-0.15798521817696365,-0.020427549433310932,-0.0386354066724478,0,0,0,0,759.1599731445312,601.2000122070312,0.22108369869244324,0.032989672099136697
2025-11-10,631.0900268554688,635.0,618.1099853515625,631.760009765625,19245000,META,0.0161650728438969,10.04998779296875,0.018950782957275095,0.0374222324304955,0.028810362520150894,627.1360107421875,0.007373199663602836,659.1320007324218,-0.041527328268664454,693.4269989013671,-0.08893075872938949,723.9370324707031,-0.12732740358714612,21.991051363717204,24079420.0,0.7992302140167828,0.026734858787126274,-0.009330278656474289,-0.15857328840090612,-0.03461756803077953,-0.06559453241869484,0,0,1,0,759.1599731445312,601.2000122070312,0.2016587967101147,0.04837279518520193
