date,Open,High,Low,Close,Volume,symbol,daily_return,price_change,volatility_5,volatility_10,volatility_20,MA_5,price_vs_MA_5,MA_10,price_vs_MA_10,MA_20,price_vs_MA_20,MA_50,price_vs_MA_50,RSI_14,volume_MA_5,volume_ratio,price_range,momentum_5,momentum_10,target_3_days,target_7_days,target_direction_3d,target_direction_7d,trend_5,trend_20,resistance_20,support_20,distance_to_resistance,distance_to_support
2024-02-01,62.068873584965374,63.15933018552209,61.61910217787421,62.99541091918945,369146000,NVDA,0.02437941865603621,1.4992408752441406,0.01965964798104821,0.018387234866872045,0.01904271632685228,62.133645629882814,0.013869543313778765,61.25138778686524,0.028473201919813507,57.4078649520874,0.09733067014015262,51.84711875915527,0.21502240484801471,82.1688980346245,394543600.0,0.9356279001864433,0.02444984460254861,0.022883245443382494,0.1036650001954853,0.08244094706092198,0.14630229899486302,1,1,1,1,63.46118374572972,47.48418951664503,0.007393758049102345,0.24622779939386735
2024-02-02,63.941929855443355,66.5666129335565,63.658071823684544,66.12683868408203,476578000,NVDA,0.049708823534933,3.131427764892578,0.02583472590135892,0.020012332190264565,0.020557957533829534,63.158930969238284,0.04699110116808769,61.91795310974121,0.06797520529919865,58.31550960540771,0.13394942668819554,52.162069396972655,0.2677188510454276,86.29390801374406,411797400.0,1.1573118237269104,0.043984275791065376,0.0840392143227533,0.11210091386032284,0.05953750482989251,0.09020583736002252,1,1,1,1,66.5666129335565,48.281787612444646,0.006650465351526468,0.2698609434044066
2024-02-05,68.19080896214494,69.46217469854224,67.17132346877767,69.29725646972656,680078000,NVDA,0.04794449347247731,3.1704177856445312,0.029531210974222552,0.02287524625258249,0.02170721814480386,64.53164367675781,0.07384923924826614,62.88526802062988,0.10196328410325273,59.32675285339356,0.16806083489807389,52.54972297668457,0.31869879695602954,87.48408641084436,478066400.0,1.422559711370638,0.03305832505454757,0.10993364664587402,0.16223553755439335,0.004456601559188478,0.06588589805272083,1,1,1,1,69.46217469854224,49.45420606560053,0.00237986663855482,0.2863468399040406
2024-02-06,69.59510487406826,69.71904328530657,66.26677937017486,68.18881225585938,683111000,NVDA,-0.01599549924969146,-1.1084442138671875,0.03365015264414698,0.024761359044459676,0.01997899103455831,65.62089767456055,0.03913257319389474,63.71985015869141,0.07013453556526295,60.12485275268555,0.13412023703980958,52.93975326538086,0.2880455243914106,83.70444548171224,532541600.0,1.2827373485939877,0.05062801067978803,0.08680346368259251,0.13946196970692748,0.057312083587128804,0.06500728827418056,1,1,1,1,69.71904328530657,51.66409858423947,0.022441086430797934,0.24233760825185746
2024-02-07,68.28475901119934,70.1848072130282,67.56611760223609,70.0638656616211,495575000,NVDA,0.027497962550309785,1.8750534057617188,0.026503121107505693,0.02490999792711062,0.02020949832909147,67.33443679809571,0.0405354079326401,64.59311218261719,0.0846956168257853,60.972377395629884,0.14910831189998563,53.386073455810546,0.31239967890905707,84.41406953729354,540897600.0,0.9162085392872884,0.03737575119590559,0.139320800166145,0.14238452487178144,0.030656582831803947,0.03586358053668737,1,1,1,1,70.1848072130282,53.462196710132666,0.0017261615565318132,0.23695051357382255
2024-02-08,70.03886831926252,70.75850859222243,69.42018296485597,69.60608673095703,414422000,NVDA,-0.006533737845338727,-0.4577789306640625,0.030487983463216423,0.025584154181469254,0.020608924139365385,68.65657196044921,0.01382991814760004,65.39510879516601,0.0643928577132713,61.73654346466064,0.12746977437765183,53.81392349243164,0.2934586852925971,79.9409607722385,549952800.0,0.7535592145362293,0.01922713501391601,0.10493900611661622,0.1302235965935501,0.03571208963666983,-0.0027136786260486545,1,0,1,1,70.75850859222243,53.53315663291465,0.016556337461115456,0.2309127096911485
2024-02-09,70.49765087243433,72.14882343134643,70.17681258949254,72.09685516357422,436637000,NVDA,0.035783773368047056,2.4907684326171875,0.027660464896764308,0.025240563144290913,0.02121495011012762,69.85057525634765,0.03215835945491996,66.50475311279297,0.08408575010115404,62.60166015625,0.15167640895824142,54.30000389099121,0.32775046035559563,82.36420550087045,541964600.0,0.8056559413659121,0.027352244940223328,0.09028129271404728,0.1819076759445315,0.024496398313671452,-0.06461670038314782,1,0,1,1,72.14882343134643,54.30276844931097,0.0007208118530871279,0.24680808440107146
2024-02-12,72.5636052877806,74.57359879264203,71.21428354571269,72.21178436279297,613710000,NVDA,0.001594094485231068,0.11492919921875,0.02224329366130527,0.025575415690516735,0.021085146789434156,70.43348083496093,0.025247985854893962,67.48256225585938,0.07008065415481401,63.47812061309814,0.13758541786274492,54.78200668334961,0.31816610479770824,82.26854786782495,528691000.0,1.1608103788413269,0.04652031903895487,0.042058344609063436,0.1566156184497005,0.0056749417297072835,0.08706138008438091,1,1,1,1,74.57359879264203,54.71256826860131,0.03270677287218489,0.24233186104743465
2024-02-13,70.36473436037795,73.41320187519852,69.58512632462431,72.09186553955078,602580000,NVDA,-0.001660654480433732,-0.1199188232421875,0.01898715313786527,0.025945135564981226,0.021000694124281082,71.21409149169922,0.012325847728519745,68.41749458312988,0.053705137535493996,64.26502666473388,0.12179001987580218,55.288995056152345,0.303909855231284,80.23144454680569,512584800.0,1.1755713396105385,0.05309996518919415,0.057238909940919624,0.1490109092637999,0.006723937677428626,0.09273787003696077,1,1,1,1,74.57359879264203,54.71256826860131,0.03442459471006101,0.24107154310516357
2024-02-14,73.1653201816801,74.19879860297466,71.90195366370614,73.86296844482422,504917000,NVDA,0.024567305784336746,1.7711029052734375,0.01839966230935366,0.02309499064530344,0.020694379743685556,71.97391204833984,0.02624640432516201,69.65417442321777,0.06042414624045178,65.15692958831787,0.13361646890843182,55.83150527954101,0.3229621532681599,81.78341349876276,514453200.0,0.9814634256332743,0.031096028058827233,0.05422342526104962,0.20109867642231327,-0.06018943399212118,0.07025712381319704,0,1,1,1,74.57359879264203,56.07888171171816,0.00962092863013831,0.2407713514301934
2024-02-15,73.8319812576461,73.93792331267274,72.36371572931519,72.62158203125,420122000,NVDA,-0.01680661418991758,-1.2413864135742188,0.021176204198039998,0.02552035775517605,0.02177370420697315,72.57701110839844,0.0006141190188309054,70.61679153442383,0.028389713738961042,65.93408966064453,0.10142693112205303,56.37427307128906,0.28820431865108254,79.09806894164493,515593200.0,0.8148323135371064,0.021676856098785436,0.043322293234908216,0.15280749774628832,-0.07137530760645205,0.0831704601994232,0,1,1,1,74.57359879264203,57.19631847450879,0.02687929272254153,0.21240605237852733
2024-02-16,74.06286100719595,74.36471160286108,72.46466337072968,72.57660675048828,495327000,NVDA,-0.000619310121092731,-0.04497528076171875,0.014846604239671254,0.022628177566715542,0.0208010232034699,72.67296142578125,-0.0013258669166987813,71.26176834106445,0.01845082489576888,66.58986072540283,0.08990476868202268,56.89495193481445,0.2756247133074403,77.2942693309737,527331200.0,0.9393091097207978,0.026179898967494973,0.006654265096939227,0.09753631346600011,0.08159702530106672,0.06954679088437099,1,1,0,1,74.57359879264203,58.55563444803404,0.027515643560179454,0.19318858968781852
2024-02-20,71.91094295214619,71.91994112607156,67.70005682448759,69.41719818115234,704833000,NVDA,-0.04353205131507032,-3.1594085693359375,0.02497306022258248,0.023851517340671147,0.024003375959935406,72.11404418945312,-0.03739695975468815,71.27376251220703,-0.026048355883228624,67.07951526641845,0.034849430641371804,57.373691940307616,0.20991339119983699,65.57226889604556,545555800.0,1.2919540036051307,0.060790184740266956,-0.038699863274401114,0.0017308291487438954,0.13484141770027236,0.13908886053547942,1,1,0,1,74.57359879264203,58.55563444803404,0.07428131279561952,0.15646790734442745
2024-02-21,67.97192330584859,68.85348517508466,66.21480851806203,67.43819427490234,673755000,NVDA,-0.028508841585417444,-1.97900390625,0.026228813176540355,0.025104322841507213,0.025343240958433894,71.18330993652344,-0.05261227196319962,71.19870071411133,-0.05281706550107956,67.45927543640137,-0.00031250204456911845,57.79100280761719,0.16693241159701078,63.404761552339174,559790800.0,1.2035835529987273,0.03912733259533067,-0.06455196061052626,-0.011007934529502439,0.17221952654628625,0.21945368950044353,1,1,0,0,74.57359879264203,59.90795933203634,0.10580657733291628,0.1116612777644973
2024-02-22,74.98740205219113,78.53561836150196,74.1828051803666,78.49864196777344,865100000,NVDA,0.16400865728677028,11.060447692871094,0.08482066647704871,0.05790375055141686,0.04338551460694016,72.11044464111328,0.08858907136758898,72.04217834472657,0.08962060519814186,68.31764526367188,0.14902440891819402,58.41133186340332,0.3438940606823502,74.43372750791045,631827400.0,1.3692030450088108,0.05545080872765097,0.0627604552125749,0.1203869673261928,0.002075328404950838,0.08529616266889195,1,1,1,1,78.53561836150196,60.54264514796327,0.0004710450117557824,0.22874277018934622
2024-02-23,80.7495226358578,82.35271526115802,77.53113473497731,78.77751159667969,829388000,NVDA,0.00355254080727585,0.27886962890625,0.08339424069339894,0.05761612181774911,0.043392380049176935,73.34163055419921,0.07411726466134905,72.95932083129883,0.07974568155361594,69.17721481323242,0.1387783074147544,59.054809494018556,0.33397283424745905,71.90781996613974,713680600.0,1.1621277081092019,0.06120503717946748,0.08476721923767383,0.13176182280110438,-0.014641675397456755,0.0907294214357699,0,1,1,1,82.35271526115802,60.54264514796327,0.04538355670311659,0.23147299374057634
2024-02-26,79.66005756473585,80.60559027528652,78.46565670997347,79.0523681640625,503973000,NVDA,0.003489023222642551,0.2748565673828125,0.08317279845568454,0.05715256346753166,0.043130513827656584,74.63678283691407,0.05916098148009352,73.65487213134766,0.0732809096876792,70.0798126220703,0.12803338374176043,59.683194427490236,0.3245331273295715,68.7764806085437,715409800.0,0.7044535873005933,0.027069822384977776,0.08922656629342418,0.09647456861616965,0.00025285787302897766,0.12153131113948956,1,1,1,1,82.35271526115802,60.66958477846298,0.04174887070107882,0.23253931302157244
2024-02-27,79.34121192660028,79.44016895851776,77.12332991849851,78.66155242919922,391705000,NVDA,-0.004943757460272313,-0.39081573486328125,0.07741803270183033,0.057304331173460635,0.04326513711530661,76.48565368652343,0.02844845585805822,74.29984893798829,0.05870406943695494,70.89120559692383,0.10960946095988766,60.2951473236084,0.3046083461247222,70.73045126101361,652784200.0,0.600052819905874,0.02945325852937571,0.13317095028702597,0.08931738944439505,0.045463155533282285,0.1775371430993411,1,1,1,1,82.35271526115802,60.66958477846298,0.04692461206230458,0.2287263230271261
2024-02-28,77.5810991271791,78.89343695625473,77.08634447899664,77.62407684326172,393110000,NVDA,-0.013189106417284324,-1.0374755859375,0.07490874968740927,0.0576787121502425,0.04361928846022167,78.52283020019532,-0.011445758572917075,74.85307006835937,0.037019280202825744,71.63528232574463,0.08360118538075212,60.88111351013183,0.27501079345967483,65.47844646339307,596655200.0,0.6588562372371849,0.023280051122630038,0.15104026253784397,0.07673835684937114,0.09752384011429527,0.1270760185694546,1,1,0,1,82.35271526115802,60.66958477846298,0.06091716140398497,0.21841795425191582
2024-02-29,79.05436845454679,79.94991557245726,78.31073797222054,79.07235717773438,507289000,NVDA,0.018657617499233226,1.4482803344726562,0.011830510907550346,0.05752931413169586,0.043005583428285844,78.6375732421875,0.0055289592191232195,75.37400894165039,0.04906662506099435,72.51409168243408,0.090441255528944,61.4852507019043,0.28603781028879127,68.62541592448495,525093000.0,0.9660936253197052,0.0207300965690484,0.007308600449374314,0.07052774675311868,0.08666230162911237,0.08426056611179367,1,1,1,1,82.35271526115802,61.61910217787421,0.04148552288697106,0.2207251133367597
2024-03-01,79.95989790136245,82.25874801625466,79.39517868225165,82.23775482177734,479135000,NVDA,0.04003165906548056,3.1653976440429688,0.021054731548670328,0.057590733432303025,0.04335556163854706,79.32962188720703,0.036658852839424494,76.33562622070312,0.07731813955399902,73.47620887756348,0.11924330443904085,62.12896774291992,0.3236620180471126,69.43679008720605,455042400.0,1.0529458353770988,0.034820616640238125,0.04392425141343881,0.13241480730052646,0.07809006104146121,0.11714204949278084,1,1,1,1,82.35271526115802,63.658071823684544,0.0013979034280522272,0.22592643778223287
2024-03-04,84.08782752325428,87.65104302544864,83.67703804923654,85.19427490234375,615616000,NVDA,0.03595088517401357,2.9565200805664062,0.023826594929755168,0.05772763468170179,0.04286980890131738,80.55800323486328,0.05755196853580924,77.59739303588867,0.09790125117916704,74.42958068847656,0.14462924705867408,62.84127052307129,0.355705799599737,72.43895961480187,477371000.0,1.2895965611652154,0.04664638534417261,0.07769415238180533,0.17385310111333618,0.08724324287535024,0.06634759564787229,1,1,1,1,87.65104302544864,66.21480851806203,0.02883724435616162,0.22277865978714473
2024-03-05,85.23126463609206,86.05789246708638,83.37910949267872,85.9249496459961,520639000,NVDA,0.008576570954913265,0.7306747436523438,0.021619562680115233,0.053820813367132576,0.04210512374565643,82.01068267822265,0.04772874508472835,79.24816818237305,0.08425155579947075,75.26096534729004,0.1416934296483887,63.59803184509278,0.3510630306183926,73.41477941320804,503157800.0,1.0347429772528618,0.03117584572867397,0.09233732353978685,0.2378049229495669,0.018193619362913083,0.023032838158626667,1,1,1,1,87.65104302544864,66.21480851806203,0.02008838395092364,0.22938786940391898
2024-03-06,87.98202031125847,89.68324305114874,86.99046652196165,88.65970611572266,582520000,NVDA,0.0318272688083443,2.7347564697265625,0.013060079478005816,0.05072747612712976,0.04181264448743965,84.21780853271484,0.052742972779710184,81.37031936645508,0.08958287009344867,76.28451004028321,0.16222423227080474,64.39191703796386,0.37687632538492544,74.25466574889097,541039800.0,1.0766675575438258,0.03037204438363863,0.14216760728432298,0.3146809025507682,-0.032987559811906264,-0.009729446454010748,0,0,1,1,89.68324305114874,66.21480851806203,0.011544555923635852,0.2531578163406557
2024-03-07,90.11703886606277,92.7248547713437,89.56129169773,92.62689971923828,608119000,NVDA,0.04474629769624383,3.967193603515625,0.014062498148374595,0.0203008543517555,0.04228123567070577,86.92871704101563,0.0655500606955246,82.78314514160157,0.11891013032663666,77.41266174316407,0.19653423139681303,65.26834442138671,0.4191703580102897,80.10249006451608,561205800.0,1.08359357654536,0.03415382662274986,0.1714194824246451,0.1799809193802997,-0.008157951461654989,-0.045473635865466155,0,0,1,1,92.7248547713437,66.21480851806203,0.001057522732622286,0.28514493393640544
2024-03-08,95.09477882297772,97.35575222228928,86.46669660091352,87.48823547363281,1142269000,NVDA,-0.05547701867579824,-5.138664245605469,0.04061289060607984,0.03058212599936947,0.04491815186407627,87.97881317138672,-0.005576089061331557,83.65421752929687,0.04583173517812433,78.30676918029785,0.11724996943999888,66.03302314758301,0.3249164024808868,69.45551742199714,693832600.0,1.646317858226898,0.12446308423556561,0.0638451361328396,0.11057373735730258,0.03838772965603465,0.021364654043712905,1,1,0,1,97.35575222228928,66.21480851806203,0.11278678436291403,0.24315757244849412
2024-03-11,86.38973999977979,88.75666054013853,84.12776749206648,85.73503875732422,678364000,NVDA,-0.020039228209568494,-1.7531967163085938,0.04046440307707286,0.03208929109971394,0.0451227151999613,88.08696594238282,-0.026700058968962326,84.32248458862304,0.01675180914785046,78.98867835998536,0.08540920721059275,66.75987915039063,0.2842299873579468,72.10122029299762,706382200.0,0.9603356369965155,0.053990680066924264,0.006347420124184877,0.08453472993235,0.025298948703991186,0.05360596070483159,1,1,0,1,97.35575222228928,66.21480851806203,0.1355421731114844,0.2276808936252403
2024-03-12,88.00901063110172,91.9182296909345,86.11087110664366,91.87125396728516,668075000,NVDA,0.07157184855692078,6.1362152099609375,0.051385812141029365,0.03721095918904189,0.04713648906912038,89.27622680664062,0.02906739289357496,85.64345474243164,0.0727177487594739,79.97165184020996,0.14879775336955148,67.60736061096192,0.3588942555522434,79.74319261872424,735869400.0,0.9078716957112227,0.06321192248403192,0.06920346588257953,0.16793085224164073,-0.044346381908475285,-0.005200656482708621,0,0,1,1,97.35575222228928,66.21480851806203,0.05969765316316599,0.27926521453989567
2024-03-13,91.01363415420467,91.4624276728691,88.39482167096672,90.84671020507812,635713000,NVDA,-0.01115195143164005,-1.0245437622070312,0.05136285883295436,0.03703695815828496,0.04734036454298573,89.71362762451172,0.012629994021742474,86.96571807861328,0.04462668982916451,80.90939407348633,0.12282030097229724,68.43435119628906,0.32750159265051093,69.8922014029992,746508000.0,0.8515823005245757,0.03376683641022924,0.024667396105519268,0.1703419080720987,-0.026769185031904397,0.037419651210249816,0,1,1,1,97.35575222228928,66.21480851806203,0.07164862659877932,0.27113696942257826
2024-03-14,89.53630642599725,90.60482099682989,86.56065394827854,87.90404510498047,602318000,NVDA,-0.03239154278074419,-2.9426651000976562,0.04828135730046688,0.04009381729478584,0.04828858069416499,88.76905670166016,-0.00974451716420588,87.8488868713379,0.0006278762953861872,81.61144790649413,0.0771043445485251,69.229554977417,0.26974736633299434,63.540346334438915,745347800.0,0.8081032774229695,0.046006609180744173,-0.05098793793782663,0.11169121855561648,0.016533326204792198,0.08025554084233155,1,1,0,1,97.35575222228928,66.21480851806203,0.10752300540914811,0.2467376394455546
2024-03-15,86.89051059382359,89.5053195385714,86.2178197951128,87.7970962524414,642086000,NVDA,-0.0012166545056184752,-0.1069488525390625,0.040896164891504126,0.038921520797336816,0.04796141050458013,88.83082885742188,-0.011637092868284071,88.40482101440429,-0.006874339600369317,82.3702236175537,0.06588391285769424,70.03459373474121,0.25362469560366674,63.03885324335202,645311200.0,0.9950021013117392,0.0374442878384737,0.0035303121286709427,0.06760084151995716,0.02886031237581732,0.0537813633448998,1,1,0,1,97.35575222228928,66.21480851806203,0.10887211966969894,0.2458200630271896
2024-03-18,90.34693832973477,92.36302032319799,87.04543743889901,88.4148178100586,668976000,NVDA,0.007035785737617761,0.6177215576171875,0.039108693545892664,0.03760328166426069,0.04789794234927378,89.36678466796874,-0.010652356593638945,88.72687530517578,-0.003517057194270201,83.16213417053223,0.06316196297650589,70.84341117858887,0.24803162833554193,64.44489340622786,643433600.0,1.0396970254584157,0.06014357113445312,0.03125652115606514,0.03780233955164802,0.03368943575845007,0.02029277295560239,1,1,0,1,97.35575222228928,66.21480851806203,0.10112484121653097,0.2510892386804303
2024-03-19,86.66061131736247,90.50286685393166,84.97138422754449,89.35739135742188,672171000,NVDA,0.010660809700340224,0.9425735473632812,0.017260694321352254,0.03763508543681516,0.046154775071598056,88.8640121459961,0.005552069949477323,89.07011947631835,0.0032252329152864245,84.15914382934571,0.06176687750789078,71.64911117553712,0.24715282424788576,67.42639518558849,644252800.0,1.0433342315314733,0.061902910798522746,-0.027362885574180318,0.03994697379011769,0.05471031531766912,0.010716128717175755,1,1,1,1,97.35575222228928,66.21480851806203,0.08950978473481452,0.25898901576917693
2024-03-20,89.7562045087411,90.36893262675873,88.18292203943432,90.33094787597656,479063000,NVDA,0.010895086615281269,0.9735565185546875,0.018217555157409308,0.036515242936638756,0.04508870674651707,88.76085968017578,0.017688970132309967,89.23724365234375,0.012256140809253857,85.30378150939941,0.05893251480326489,72.41119384765625,0.24747215280031365,66.960496620741,612922800.0,0.7816041432950447,0.024200018252058943,-0.005677281300965897,0.018850071057900042,0.05123254011999134,-9.966335744904242e-05,1,0,1,1,97.35575222228928,74.1828051803666,0.0777674153929803,0.17876644799278749
2024-03-21,92.25807569846366,92.60591719212168,90.36393223327248,91.39346313476562,480372000,NVDA,0.011762472151270797,1.0625152587890625,0.005369945984977991,0.03364867339088205,0.028531188418792566,89.45874328613282,0.02162695090008837,89.11389999389648,0.025580331923810595,85.94852256774902,0.06335118282835661,73.17679565429688,0.24894049155320008,64.72559060924974,588533600.0,0.8162184792847851,0.02453113036698531,0.039695761732214674,-0.013316181241208924,0.012314673426871536,-0.02168756246283121,1,0,1,1,97.35575222228928,77.08634447899664,0.06523758793046143,0.15654422280368355
2024-03-22,91.0995900463856,94.73493865721083,90.7927303211633,94.24616241455078,586719000,NVDA,0.031213384217410267,2.8526992797851562,0.009619078061663422,0.028828866571976194,0.028970408191468344,90.7485565185547,0.03854172485135843,89.78969268798828,0.049632308488329,86.72195510864258,0.08676242707492143,73.97526359558105,0.27402266424881816,64.60739327156884,577460200.0,1.0160336591162473,0.0418288472978597,0.07345420791100521,0.07724383632076659,-0.04283636253541945,-0.056475280200417144,0,0,1,1,97.35575222228928,77.08634447899664,0.03299433874093115,0.18207444734009476
2024-03-25,93.8983168748369,96.7220301978138,93.46751295712747,94.95883178710938,552136000,NVDA,0.007561786647862112,0.7126693725585938,0.009521972167762197,0.027135273317438063,0.02894096771002992,92.05735931396484,0.03151809366211511,90.71207199096679,0.04681581737616436,87.51727828979492,0.0850295352270134,74.7785498046875,0.2698672551838772,64.5868139692739,554092200.0,0.9964695406287979,0.03427292837787549,0.07401490088583662,0.10758487035730391,-0.04890408858947981,-0.09575594442878621,0,0,1,1,97.35575222228928,77.08634447899664,0.025241679895068894,0.18821300738178334
2024-03-26,95.80744995656973,96.33121396198779,92.45997248331167,92.5189437866211,513648000,NVDA,-0.02569416614094755,-2.4398880004882812,0.0205745949211381,0.01908866064094712,0.029847693672178984,92.68966979980469,-0.0018419098217993257,90.77684097290039,0.01919104911615932,88.21014785766602,0.04884694146423674,75.53527717590332,0.22484416878708124,56.291335871900216,522387600.0,0.9832698938489352,0.04184268994255338,0.035380983947408184,0.007049972557973128,-0.023746472952159925,-0.04918904597092533,0,0,0,1,97.35575222228928,77.08634447899664,0.0522791142841346,0.1668047502057208
2024-03-27,93.06969894575073,93.1976391484463,89.08251272541551,90.20899963378906,586067000,NVDA,-0.024967255983374792,-2.3099441528320312,0.024765715735091096,0.020502774483842127,0.030410423938602108,92.66528015136718,-0.02650702089893675,90.71306991577148,-0.005556754748245907,88.83939399719239,0.015416647671414374,76.21238227844238,0.18365279941269863,45.833189802405904,543788400.0,1.077748256490944,0.04561769268849544,-0.001350016191072556,-0.007019633070360909,-0.008842110462273234,-0.034537411342509206,0,0,0,1,97.35575222228928,78.31073797222054,0.07922438578759389,0.1318966146379021
2024-03-28,89.95911557929476,91.25852807692272,89.15248296936366,90.31495666503906,435212000,NVDA,0.0011745727330991773,0.10595703125,0.023944945324463136,0.017182940386265742,0.030338461133903444,92.44957885742187,-0.02308958265429073,90.95416107177735,-0.007027764306834161,89.40152397155762,0.010217193766988153,76.89818321228027,0.17447451802237368,55.89364511254275,534756400.0,0.8138509422234124,0.02331889628613757,-0.011800695944043982,0.027426628173701673,-0.015405783627006508,-0.055359028167655366,0,0,0,1,97.35575222228928,79.39517868225165,0.07795824542509816,0.12090774757592788
2024-04-01,90.25797890351257,92.18309875741171,89.16347516442184,90.32194519042969,452441000,NVDA,7.737949115727005e-05,0.006988525390625,0.015747019974438017,0.017153821906716035,0.029355632635498032,91.66473541259765,-0.014648929232423447,91.20664596557617,-0.009699959534532065,89.80573348999023,0.0057480929154372085,77.56305450439453,0.16449701172240805,60.31466137976256,507900800.0,0.8908058424007208,0.03343178212806942,-0.04163795239598245,0.028757772702739937,-0.049334478055742426,-0.03678493493952617,0,0,0,1,97.35575222228928,83.37910949267872,0.07787484001844638,0.07686765030484101
2024-04-02,88.40781242384669,90.0530682986896,87.5801933164325,89.41136169433594,433064000,NVDA,-0.010081531062843374,-0.91058349609375,0.013026329904910585,0.017552657359713137,0.028604929904439004,90.55524139404297,-0.01263184418811869,91.30630035400391,-0.020753646268889425,90.01658782958984,-0.006723495633934151,78.1620580291748,0.14392281816533314,42.76895915874726,484086400.0,0.8946006332753822,0.02765727906830155,-0.058419738199922855,0.011271231553269923,-0.01614265188970765,0.013012608404271653,0,1,0,0,97.35575222228928,83.37910949267872,0.08885213665699725,0.06746628266639348
2024-04-03,88.44380630032965,90.33294713635686,88.3598448243253,88.923583984375,370067000,NVDA,-0.005455433187881331,-0.4877777099609375,0.010583009863521306,0.01733211116421447,0.02862797176384432,89.83616943359375,-0.010158329935175292,91.26291961669922,-0.025632925641096538,90.1665195465088,-0.013784890094295732,78.7480475616455,0.12921636456781838,44.16261170256618,455370200.0,0.8126728538670295,0.022188740305139638,-0.03886079601749637,-0.004854745270166605,-0.020581375555622672,-0.00874505121749658,0,0,0,0,97.35575222228928,84.12776749206648,0.09482488064579045,0.05393188485465457
2024-04-04,90.36491313450377,90.59281397321942,85.84096900356977,85.86595916748047,434965000,NVDA,-0.034384858098294724,-3.0576248168945312,0.01450303281538992,0.019805686170517905,0.028837320812063756,88.96756134033203,-0.03486216915609097,90.81642074584961,-0.054510643975091755,90.02683219909667,-0.04621814330214713,79.26850692749024,0.08322917253916695,43.85654163696157,425149800.0,1.023086450940351,0.0553402654057732,-0.048144203837084176,-0.04942922457347043,-0.0064140753537457185,0.0011176740438130217,0,1,0,0,97.35575222228928,84.12776749206648,0.13381080426060482,0.02024308226760346
2024-04-05,86.82653804838375,88.44080991811138,85.88697023320091,87.96802520751953,399678000,NVDA,0.024480784474077977,2.1020660400390625,0.021120897524776392,0.02134187049687898,0.027460796497844362,88.49817504882813,-0.005990517217062341,90.473876953125,-0.027696964361367704,89.79388847351075,-0.02033393694193175,79.80124252319337,0.10233904167535468,50.45991754165411,418043000.0,0.956069112507565,0.029031454086707955,-0.02598607743592074,-0.0374801195813651,-0.011010442626697259,-0.0067381633101751826,0,0,0,0,97.35575222228928,84.12776749206648,0.10671749186848048,0.043655154317648395
2024-04-08,88.65969605555898,88.78964187058105,86.69259552509367,87.09341430664062,283220000,NVDA,-0.009942372797566712,-0.8746109008789062,0.02098499417099367,0.01750407303625334,0.02454596494416673,87.85246887207032,-0.00864010511229929,89.75860214233398,-0.029692840263566667,89.77414741516114,-0.02986085845096853,80.3113883972168,0.08444662761749555,46.492988974719815,384198800.0,0.7371704440513609,0.02407812763091424,-0.03574470054849033,-0.075894316804626,0.03997342912816504,-0.03555479090374247,1,0,0,0,96.7220301978138,84.12776749206648,0.1105550398710114,0.034051332562673696
2024-04-09,87.40226463843116,87.59517772557601,82.98427507127602,85.3152084350586,501700000,NVDA,-0.020417225409504303,-1.7782058715820312,0.021846370314603156,0.017018823495849447,0.024562391775122223,87.03323822021484,-0.01973992718516604,88.7942398071289,-0.039180822760881306,89.75315589904785,-0.04944614392145674,80.79768432617188,0.05591155423031613,39.72766187138235,397926000.0,1.2607871815362655,0.05404549480541657,-0.045812446893277015,-0.10155583393939671,0.0331797144360777,-0.00800183502072671,1,0,0,0,96.7220301978138,82.98427507127602,0.13370209101039707,0.027321428459696834
2024-04-10,83.88787363370758,87.36029436616496,83.67096935278308,86.99945831298828,431929000,NVDA,0.019741496373553602,1.6842498779296875,0.025508997859274313,0.018517012942830192,0.01863722503903257,86.6484130859375,0.004051375144084934,88.24229125976562,-0.014084323163353951,89.509566116333,-0.028042899907283703,81.28899963378906,0.07024884922837193,41.82888879324702,410298400.0,1.0527191916907304,0.04240629867038039,-0.021637968075205016,-0.05965789542909772,-0.011925694847048529,-0.12453038372673342,0,0,1,0,96.7220301978138,82.98427507127602,0.11175439564057625,0.046151818868426585
2024-04-11,87.38028930692866,90.69778195869354,86.88651802850721,90.57483673095703,431637000,NVDA,0.04109655953380775,3.57537841796875,0.025443923160753026,0.022372661983890894,0.020894005380184568,87.5901885986328,0.03407514220571972,88.27887496948242,0.02600805416095664,89.49597244262695,0.012054892068150913,81.84564552307128,0.10665431437552897,48.21250022073246,409632800.0,1.0537168898584293,0.042078617723676215,0.0548398644716932,0.004055439021085627,-0.03532498162666653,-0.12247291381063985,0,0,1,1,96.7220301978138,82.98427507127602,0.06786866737741246,0.08380430960342744
2024-04-12,89.65825596730527,90.13404531847848,87.49024241419995,88.14594268798828,426805000,NVDA,-0.02681643302525094,-2.42889404296875,0.028769805135353207,0.023989407446751584,0.020471217376090433,87.62577209472656,0.005936274007370734,88.06197357177734,0.0009535229884722884,89.50806732177735,-0.015217897945358216,82.37864097595215,0.07000967294082594,36.4287794714005,415058200.0,1.0283015731287806,0.02999347245779474,0.0020225244348617277,-0.024016110477639296,-0.04707098692902956,-0.06535061126683639,0,0,1,0,96.7220301978138,82.98427507127602,0.09729418335433133,0.05855819858870996
2024-04-15,89.05752248069292,90.57183360831459,85.88996343395554,85.96192932128906,443077000,NVDA,-0.0247772421520297,-2.1840133666992188,0.030836598771659795,0.024997062865719143,0.021229154572124535,87.39947509765625,-0.016447990960597125,87.62597198486328,-0.01899029050270251,89.41630897521972,-0.03863254582436393,82.83797134399414,0.03771166684324423,31.2143280888681,447029600.0,0.9911580799123817,0.05446446131822161,-0.012991625077044322,-0.04827194387751743,-0.01546497524407564,-0.07353396167034199,0,0,0,0,96.7220301978138,82.98427507127602,0.12517286386521245,0.03463922079835881
2024-04-16,86.39372622024712,88.07795816892963,86.02489821377218,87.37528228759766,370453000,NVDA,0.016441615229761508,1.4133529663085938,0.02979118714953567,0.025753066172115036,0.021515111033667284,87.81148986816406,-0.004967545605037649,87.42236404418945,-0.0005385550608995038,89.36433219909668,-0.022257760591413378,83.26294021606445,0.04938982530357228,38.77892523744026,420780200.0,0.8803955129067385,0.02349703373088695,0.024146619229175048,-0.022772043375190676,-0.12829600785089446,-0.054715788835806634,0,0,0,0,96.7220301978138,82.98427507127602,0.10697244879222378,0.05025456972909734
2024-04-17,88.29986306960333,88.73467063272588,83.91185807695048,83.996826171875,495400000,NVDA,-0.03866603949389702,-3.3784561157226562,0.03381275462416504,0.028266446220704695,0.022962440995711556,87.21096343994141,-0.03685473868523259,86.92968826293945,-0.03373832518751607,89.09630393981934,-0.057235570303666106,83.55693161010743,0.005264608851605512,37.05158362636188,433474400.0,1.142858724759755,0.05741660459773707,-0.034513228005524366,-0.05540439995497359,-0.053751478705191924,0.0440293553862654,0,1,0,0,96.7220301978138,82.98427507127602,0.15149624820228774,0.012054635237373055
2024-04-18,84.93139797129201,86.15084492565727,82.36456386223763,84.63253021240234,447260000,NVDA,0.007568191198398022,0.6357040405273438,0.023863620743398616,0.026534313837977896,0.02286958314022513,86.02250213623047,-0.016158236383625346,86.80634536743165,-0.025042122736857908,88.81138305664062,-0.04705312202573353,83.88580596923828,0.008901675730908387,38.4116808163776,436599000.0,1.0244182877193946,0.04473789279272643,-0.06560659376296396,-0.014364586001681223,-0.02654982373948145,0.0364470062305311,0,1,0,0,96.7220301978138,82.36456386223763,0.14284696386921697,0.026797808649614934
2024-04-19,83.11222985815499,84.28569253115833,75.57165807203599,76.1653823852539,875198000,NVDA,-0.10004602019930664,-8.467147827148438,0.04624629389892428,0.03932010374276412,0.03121347432970897,83.62639007568359,-0.08921833985273453,85.62608108520507,-0.11048851681693783,88.04997901916504,-0.1349755759887724,84.00783630371093,-0.0933538377313331,28.53639594299689,526277600.0,1.6629968670526734,0.11440938371510673,-0.13591732004208257,-0.13416969170812687,0.045629991097999145,0.13388460895454934,1,1,0,0,96.7220301978138,75.57165807203599,0.26989489409482414,0.007795199008058388
2024-04-22,78.0685134774025,80.03662072603697,76.36529285459991,79.48187255859375,596341000,NVDA,0.043543274772318785,3.3164901733398438,0.05638078070387713,0.043305871620522775,0.032148848451987254,82.33037872314453,-0.034598482464529456,84.86492691040038,-0.06343084885337869,87.31176452636718,-0.08967739926283236,84.20535202026367,-0.056094765336688335,35.96894507970076,556930400.0,1.0707639590153455,0.046190757128055426,-0.07538286790278548,-0.08739514702280438,0.039161158811301444,0.04430444752121554,1,1,0,0,96.7220301978138,75.57165807203599,0.21690678747547953,0.04919630553086387
2024-04-23,80.73230354195947,82.7313949346547,80.22753571063816,82.38555145263672,438559000,NVDA,0.03653259291170308,2.9036788940429688,0.059729819326838365,0.045227550841897966,0.03350975636529273,81.33243255615234,0.012948326557886913,84.5719612121582,-0.025852655279409054,86.68310050964355,-0.04957770351706248,84.41112594604492,-0.023996534469910236,41.35177984480791,570551600.0,0.7686579092933926,0.030391970192200517,-0.05710689229634913,-0.03433921145081553,0.06444820404134344,0.04117789617554912,1,1,1,0,96.33121396198779,75.57165807203599,0.1692731585024153,0.08270738327846267
2024-04-24,83.91186206206669,84.04380588258387,79.14702921409854,79.64080810546875,512208000,NVDA,-0.033315833890435465,-2.7447433471679688,0.05913766191391238,0.04543512101258518,0.03378140941311172,80.46122894287109,-0.010196474105371278,83.83609619140626,-0.05004154864700805,86.03919372558593,-0.07436594118401718,84.55970642089844,-0.05817071183934486,41.69691838497852,573913200.0,0.8924833929590746,0.061485773248313884,-0.05185931736864591,-0.08458271292961539,0.10140937359896074,0.11436168174520156,1,1,0,0,93.1976391484463,75.57165807203599,0.17022467960174595,0.051093781319295074
2024-04-25,78.83217672410076,83.2851552261899,78.18747301927324,82.59447479248047,424641000,NVDA,0.03708735204067937,2.9536666870117188,0.06259550822266693,0.044970599260005115,0.03486797512220713,80.05361785888672,0.03173943916029631,83.03805999755859,-0.005341950487417035,85.65846748352051,-0.03576987519219288,84.76975860595704,-0.025661083023583164,42.9919826726388,569389400.0,0.7457831143326518,0.06171940943658328,-0.024081229933773263,-0.08810793622715973,0.0456238754319187,0.1150640464009065,1,1,1,0,92.18309875741171,75.57165807203599,0.11609280147398199,0.08502768179214634
2024-04-26,83.77993152652552,88.29088225677599,83.34912752628662,87.69515228271484,551011000,NVDA,0.061755674372285574,5.100677490234375,0.03636542547814986,0.04940969521422103,0.03782925555485052,82.35957183837891,0.06478397501636346,82.99298095703125,0.056657457913436016,85.5274772644043,0.025344779100747727,85.04640228271484,0.031144762493243716,50.706851632943696,504552000.0,1.092079706353359,0.056351515469839825,0.15137808721476564,-0.00511413675464456,-0.05350215092089794,0.032130661430252117,0,1,1,1,92.18309875741171,75.57165807203599,0.051176676907162016,0.13824588811471233
2024-04-29,87.55520360857133,87.9520187834122,85.22725937914602,87.71713256835938,388971000,NVDA,0.0002506442496805761,0.02198028564453125,0.03721689182800891,0.04860809424797585,0.037829481811082186,84.00662384033203,0.04416923997659716,83.16850128173829,0.05469175488941813,85.39723663330078,0.027165936820887193,85.34831329345702,0.0277547286348534,52.94292616178864,463078000.0,0.839968644591192,0.031063024114961025,0.10361180159280492,0.020418378937379522,-0.022106484501524748,0.030254077928132395,0,1,1,1,90.69778195869354,75.57165807203599,0.03398024197851311,0.13846182770347884
2024-04-30,87.20037162224358,88.77865678653,86.26080377564183,86.36275482177734,363709000,NVDA,-0.015440287511981121,-1.3543777465820312,0.03882934236588189,0.048682400584531306,0.0379177770589747,84.80206451416015,0.018403918779083428,83.06724853515625,0.03967275123150782,85.24480628967285,0.01311456475489603,85.62403625488281,0.008627467230060804,49.213529990730564,448108000.0,0.811654779651334,0.02915438508283035,0.0482754961156886,-0.011588259737892015,0.027626608705377365,0.02714046675457804,1,1,1,1,90.69778195869354,75.57165807203599,0.05019556342154882,0.1249508167266135
2024-05-01,85.03835112197719,85.9609283053191,81.21808131802283,83.0032730102539,559863000,NVDA,-0.0388996601423407,-3.3594818115234375,0.04043607521176494,0.04870303036604973,0.03884886531807671,85.47455749511718,-0.02891251569222164,82.96789321899413,0.0004264274996881312,84.9487907409668,-0.022902241618074748,85.89575775146484,-0.033674360840732054,40.597289375568,457639000.0,1.2233725709565837,0.057140481517040445,0.04222037652270205,-0.01182846075145838,0.1095722606153553,0.08233299523273563,1,1,0,0,90.69778195869354,75.57165807203599,0.09270127152081199,0.08953399870508535
2024-05-02,84.41063276835533,86.19782250273573,83.16219963332766,85.77801513671875,377898000,NVDA,0.03342930978302583,2.7747421264648438,0.03982825609619137,0.04982883411989145,0.03889819385066434,86.11126556396485,-0.0038699980201609696,83.08244171142579,0.03244456192868794,84.94439353942872,0.009813732991137192,86.26255416870117,-0.005617026259561286,47.084444389333946,448290400.0,0.8429758924125969,0.0353892878562146,0.03854422892375009,0.013534806550643985,0.055198763756886926,0.05339267760410471,1,1,0,1,90.69778195869354,75.57165807203599,0.05735463584851358,0.11898569870630822
2024-05-03,87.74911915331617,89.24043810826264,87.00045887297132,88.74866485595703,398341000,NVDA,0.034631830947632114,2.9706497192382812,0.031739127586797686,0.035042741274706364,0.03928935240202096,86.32196807861328,0.02811215767385833,84.3407699584961,0.052262919814818565,84.98342552185059,0.044305572657086456,86.46755462646485,0.026381111844164584,53.366017017017946,417756400.0,0.9535245899284847,0.025239582352330592,0.012013350177508597,0.16520999536318648,0.01827935867419339,0.028911327048910085,1,1,1,1,90.69778195869354,75.57165807203599,0.021962213244559912,0.148475549523003
2024-05-06,89.34937892324267,92.17809474920628,89.01453206854012,92.09812927246094,376203000,NVDA,0.03774101190074508,3.3494644165039062,0.03522492291002452,0.03458021772472297,0.040018400716851914,87.19816741943359,0.056193404036325,85.6023956298828,0.07588261513922578,85.2336612701416,0.08053705425797597,86.73396697998047,0.061846154156866895,55.449699490185345,415202800.0,0.9060704792934923,0.03434991248635628,0.04994459549492669,0.15873124660678473,-0.03682429818499566,0.027024261967416363,0,1,1,1,92.17809474920628,75.57165807203599,0.0008682638548365654,0.17944415734583954
2024-05-07,91.05660706952696,91.73929539036573,88.97055735995299,90.51285552978516,437342000,NVDA,-0.017212876691403145,-1.5852737426757812,0.03555601758565742,0.03509959613925778,0.03992360470060965,88.02818756103515,0.028225822178006732,86.41512603759766,0.04741912301793838,85.49354362487793,0.05870983576175748,86.96317672729492,0.04081818231665535,57.843441034486496,429929400.0,1.0172414354542862,0.030589445158998693,0.048054288177492355,0.09864962889543571,-0.0074649554974455246,0.04201918102959601,0,1,1,1,92.17809474920628,75.57165807203599,0.018397819952472305,0.16507265592601322
2024-05-08,89.44235467047578,91.15257599630715,89.37937974936176,90.37093353271484,325721000,NVDA,-0.0015679761315630092,-0.1419219970703125,0.025127011340983656,0.032049313243987486,0.03975787384550524,89.50171966552735,0.009711700182251093,87.48813858032227,0.032950694793282054,85.66211738586426,0.05496964458209397,87.19736434936523,0.036395242069867884,56.990500316185226,383101000.0,0.850222265146789,0.019621311605722,0.08876349395945815,0.13473149861859923,-0.00014385696565299977,0.02286186042007743,0,1,1,1,92.17809474920628,75.57165807203599,0.019997151139721638,0.1637614538453498
2024-05-09,90.48786834493905,91.0306209060013,88.19091589664993,88.70668029785156,378013000,NVDA,-0.018415802181138363,-1.6642532348632812,0.027450675305645305,0.032253892569951884,0.03894910572588976,90.0874526977539,-0.015327022338336826,88.09935913085937,0.0068935934720035785,85.56870956420899,0.03667194176029853,87.41901641845703,0.014729791436118855,68.31306152796881,383124000.0,0.9866596715423727,0.03201230166450219,0.03414237501841133,0.07400259546087162,0.029398307141624835,0.06797975257853262,1,1,0,1,92.17809474920628,75.57165807203599,0.039133630519130075,0.14807252601170445
2024-05-10,90.26398912545034,91.35949205828037,89.18647576081177,89.8371810913086,335325000,NVDA,0.012744257700334716,1.1305007934570312,0.02339533111093298,0.02628667095776149,0.038534401486627436,90.30515594482422,-0.005182149885235354,88.31356201171874,0.01725237941809743,85.653271484375,0.04884704967395015,87.63431289672852,0.0251370510221951,66.1521998816156,370520800.0,0.9050099211704175,0.02418838470966698,0.012265156181428427,0.024425851975126367,0.05287156270511972,0.06128292837986882,1,1,0,1,92.17809474920628,75.57165807203599,0.026057291974894363,0.15879308373192869
2024-05-13,90.43689190742707,90.95665993755156,88.48877985590597,90.3579330444336,289680000,NVDA,0.005796619470903819,0.520751953125,0.013822922406555105,0.026287146548229532,0.03803321612532923,89.95711669921874,0.004455637974202897,88.57764205932617,0.020098649543132563,85.87307167053223,0.052226632710989485,87.79671646118165,0.029172122677097567,63.43396331203692,353216200.0,0.8201209344305272,0.027312267982402903,-0.018895022534922368,0.0301058687026301,0.04380576684303783,0.0503435036997415,1,1,1,1,92.17809474920628,75.57165807203599,0.020143905946560563,0.16364113779723627
2024-05-14,89.55830082348145,91.60937070385219,88.89360196869727,91.31450653076172,296507000,NVDA,0.01058649145789703,0.956573486328125,0.012579447258923404,0.02550444305039784,0.03794834865249387,90.11744689941406,0.013283328284741325,89.07281723022462,0.02516692937580567,86.07003288269043,0.06093263209529942,87.91912109375,0.03861941969814686,70.93237402434517,325049200.0,0.9121911390644862,0.029740824742233538,0.008856764006442752,0.05733665767382101,0.012292402522396717,0.13620341262994762,1,1,1,1,92.17809474920628,75.57165807203599,0.009457294916811923,0.17240249174891326
2024-05-15,92.42999634545237,94.81891011999194,91.55739179218557,94.5870132446289,417735000,NVDA,0.03583775281931523,3.2725067138671875,0.019353353554838033,0.021570231781287155,0.0373040986539104,90.96066284179688,0.03986723809542991,90.2311912536621,0.048274016229282735,86.59954223632812,0.092234563856044,88.09236236572265,0.07372547068204605,71.2609869925262,343452000.0,1.216283498130743,0.03448167159450481,0.046653050345970115,0.1395576320580032,0.001585050915455355,0.1251083567133251,1,1,1,1,94.81891011999194,75.57165807203599,0.0024516777452659715,0.20103558110471048
2024-05-16,94.86688376052464,95.77546736350578,94.06024356723809,94.31613159179688,323952000,NVDA,-0.002863835568329587,-0.27088165283203125,0.01439898297379875,0.020859256490656227,0.03736318053413639,92.08255310058594,0.024256261539263635,91.08500289916992,0.03547377273736019,87.08372230529785,0.08305121893094625,88.20549087524414,0.06927732792956731,64.16351649843827,332639800.0,0.9738822594289679,0.01818590062293092,0.0632359510592706,0.0995373516333935,0.010883981529507203,0.20710271404678315,1,1,1,1,95.77546736350578,75.57165807203599,0.015472811989628221,0.19874090681419745
2024-05-17,94.32612955185614,94.69695556940256,91.76429043608688,92.43698120117188,359691000,NVDA,-0.01992395530764579,-1.879150390625,0.02038334810170468,0.020756134150338636,0.02866506311405506,92.60251312255859,-0.0017875532294424623,91.4538345336914,0.010750196232813813,87.89730224609374,0.05164753455536086,88.20169250488281,0.048018224775614016,59.353447337418395,337513000.0,1.0657100615383703,0.03172610242358825,0.02893902144170024,0.041559119240848874,0.02671968240081224,0.2416333082973614,1,1,0,1,95.77546736350578,76.36529285459991,0.03611634779664985,0.17386643459931825
2024-05-20,93.70740764472103,95.15674583258804,93.39755092373957,94.7369384765625,318764000,NVDA,0.024881354253501575,2.299957275390625,0.022078666939795977,0.018753938636724896,0.027810644450313636,93.47831420898437,0.01346434494704618,91.71771545410157,0.03291864616898188,88.6600555419922,0.0685413842504543,88.3466665649414,0.07233178296459863,65.99585246673303,343329800.0,0.928448389857216,0.01856926070377172,0.04846287740972932,0.028652147714042897,0.09515734423420108,0.16585779908128617,1,1,1,1,95.77546736350578,78.18747301927324,0.010962238210813728,0.17468862434670637
2024-05-21,93.55647591838027,95.35666020460762,93.13766755607001,95.34266662597656,328946000,NVDA,0.0063937906286037904,0.6057281494140625,0.02211633675292468,0.017363029975025146,0.027056950345723415,94.28394622802735,0.011229063274342366,92.2006965637207,0.03407750894901773,89.30791130065919,0.06757246068605394,88.53881912231445,0.07684592556246717,76.34106022283278,349817600.0,0.9403357635522055,0.023273868112401133,0.04411303579522552,0.05336049854931435,0.11619113251329116,0.14936150619592903,1,1,1,1,95.77546736350578,78.18747301927324,0.00453942345903824,0.17993196764678393
2024-05-22,95.41563946312446,95.97638165173369,93.20664422258311,94.90686798095703,548648000,NVDA,-0.0045708669627329,-0.43579864501953125,0.016454125227377953,0.01752115534499317,0.02548260883813749,94.34791717529296,0.005924357658320778,92.65429000854492,0.024311642474453832,90.07121429443359,0.05368700449309127,88.59953140258789,0.07118927694672794,71.64937243187399,376000200.0,1.4591694366120018,0.02918374073524717,0.0033815925184241813,0.05019240447040585,0.19958924833232627,0.21116370555304975,1,1,1,1,95.97638165173369,78.18747301927324,0.011269086142335398,0.17616633355805736
2024-05-23,101.98165468043742,106.27170489938443,101.4738822009577,103.7518539428711,835065000,NVDA,0.09319647934951125,8.844985961914062,0.04405771993943652,0.03115750143243085,0.031176970832821598,96.23506164550781,0.07810866610188483,94.15880737304687,0.10188156410921412,91.12908325195312,0.1385152822839073,88.85763427734375,0.16761890845573602,77.8272295909386,478222800.0,1.7461839962461012,0.0462432478658989,0.1000435682828078,0.16960586952980505,0.10622442314167624,0.1217544308341747,1,1,1,1,106.27170489938443,81.21808131802283,0.024287286065276904,0.21718910813156211
2024-05-24,104.40155233715765,106.4266330182304,102.95321303565972,106.42063903808594,429494000,NVDA,0.025722770184755994,2.6687850952148438,0.03803569866715714,0.03126731197863164,0.029118532613613416,99.03179321289062,0.07461084552221897,95.81715316772461,0.11066375403368833,92.06535758972169,0.15592489753134786,89.22796615600586,0.1926825593224939,77.25286772963612,492183400.0,0.8726299993051371,0.03263859354694927,0.15127774247063774,0.1845945937453477,0.037860696781349734,0.15000610089810085,1,1,1,1,106.4266330182304,81.21808131802283,5.632347445613371e-05,0.23682020656767144
2024-05-28,110.19392203047549,114.88678889703833,109.83308596330244,113.84925842285156,652728000,NVDA,0.06980431100500217,7.428619384765625,0.04189292111684914,0.0349398721463504,0.031899013341543915,102.85425720214843,0.10689884424612295,98.16628570556641,0.15975925547721803,93.3719638824463,0.21930881272012037,89.74900939941406,0.26852941536304953,86.32643458436844,558976200.0,1.1677205576910072,0.04438942338092142,0.20174094976710033,0.25998077409391485,-0.037471192733096736,0.062308535126604614,0,1,1,1,114.88678889703833,81.21808131802283,0.009113194838153779,0.2866173882629268
2024-05-29,112.99864721739439,115.4395315931238,110.85062138095752,114.77283477783203,557442000,NVDA,0.008112273788821511,0.9235763549804688,0.0415735035197302,0.0350532522167694,0.031197789364981222,106.74029083251953,0.07525315775948127,100.51211853027344,0.14188056580723019,94.79246788024902,0.21078011095590554,90.27616973876952,0.2713525076434684,87.0826241611672,604675400.0,0.92188635423237,0.039982546576017956,0.203793000966491,0.25689596470816767,0.0015240464240215967,0.05280218938339165,1,1,1,1,115.4395315931238,81.21808131802283,0.005808838098164165,0.2923579741213309
2024-05-30,114.59791471662285,115.76638234537347,109.61318085591911,110.44979858398438,484553000,NVDA,-0.03766602264565344,-4.323036193847656,0.051568931930397466,0.0396242509791224,0.03108711380523645,109.848876953125,0.005470439457617715,102.09839706420898,0.08179757723838943,96.16479415893555,0.14854713255497032,90.69801788330078,0.21777521892592833,80.57170600845478,591856400.0,0.8187002793245118,0.055710391221542685,0.1637703459579556,0.1677057430530109,0.0537285115932471,0.10217197411927814,1,1,1,1,115.76638234537347,83.16219963332766,0.04813574881575222,0.24705883849944402
2024-05-31,112.46887260592086,112.66578932071855,106.891413703224,109.58319091796875,613263000,NVDA,-0.007846167916337743,-0.866607666015625,0.040014528271545516,0.03992231324360742,0.031157570842243628,111.01514434814453,-0.012898721508528221,103.62510299682617,0.05749656935274716,97.35505294799805,0.1256035264702935,91.08306274414062,0.20311271510265771,77.9712621553967,547496000.0,1.1201232520420241,0.05269399046626682,0.056204653251869185,0.16187113560009192,0.11681712432417979,0.1029520538751294,1,1,0,1,115.76638234537347,87.00045887297132,0.056424633884162995,0.2060784309694203
2024-06-03,113.56938260132851,114.94775390625,111.95211383768398,114.94775390625,438392000,NVDA,0.048954250586634496,5.36456298828125,0.0432764811040062,0.03900323387359908,0.031843548904788396,112.72056732177734,0.019758475648147034,105.87618026733398,0.08568096824054838,98.66500740051269,0.1650306115078921,91.55414855957031,0.25551660645348573,80.62948329994825,549275600.0,0.7981275702033733,0.02606088389521057,0.08012651441711771,0.24352561510081783,0.05215660881089823,0.08878518815868275,1,1,1,1,115.76638234537347,88.19091589664993,0.0071217436731398475,0.2327739090180277
2024-06-04,115.66343635588582,116.54702983384996,113.99319020529364,116.38410186767578,403324000,NVDA,0.01249565922442697,1.4363479614257812,0.03155582480250884,0.03912267860600277,0.03132763078757333,113.22753601074218,0.027878076024140608,108.04089660644532,0.07722265848664511,99.87930603027344,0.16524740202339538,91.99690734863282,0.26508711240286487,80.85827096421332,499394800.0,0.8076255499656785,0.021943200038265834,0.022264909582541792,0.22849760335530256,0.038226783527722574,0.11322565108962834,1,1,1,1,116.54702983384996,88.19091589664993,0.001399915998487691,0.24224258742040572
2024-06-05,118.31723225166974,122.39337512542777,117.41464256080789,122.38438415527344,528402000,NVDA,0.05155585850049982,6.000282287597656,0.03801276660906952,0.03979125594536781,0.03169853458795159,114.74984588623047,0.06653201326834268,110.745068359375,0.10510008227299195,101.47288246154785,0.20607970510397,92.5454183959961,0.3224250997666709,82.06280071055559,493586800.0,1.0705351115548472,0.040681109759094586,0.0663183879022875,0.28362661215864526,-0.00530877867606383,0.07718753113084165,0,1,1,1,122.39337512542777,88.19091589664993,7.346501121353835e-05,0.279394046018494
2024-06-06,123.99164893221229,125.5299513206976,118.26625399255828,120.94303894042969,664696000,NVDA,-0.011777198739792327,-1.44134521484375,0.030277371372925712,0.0404654779652295,0.03207061117322381,116.84849395751954,0.035041487007943184,113.34868545532227,0.06699992553597656,103.0014877319336,0.17418730159694262,93.11390029907227,0.2988720110743195,79.9052503390649,529615400.0,1.2550541392867351,0.060058829278442825,0.09500461287366146,0.27433389714953815,-0.0006452082562937722,0.08258615214525444,0,1,1,1,125.5299513206976,88.19091589664993,0.03792622064447376,0.2708061855458401
2024-06-07,119.71559570112827,121.63672740368239,117.96839619109423,120.83309173583984,412386000,NVDA,-0.0009090825363169408,-0.10994720458984375,0.028885098411978474,0.033199840597096276,0.03133673913037075,119.09847412109374,0.014564566234344989,115.05680923461914,0.05020374317387821,104.60780830383301,0.1551058539041421,93.72638214111328,0.2892110948432325,83.21215118378134,489440000.0,0.8425670153644982,0.030358663838608933,0.1026608252929273,0.16463549463293625,0.03575444497306601,0.12162603032548325,1,1,1,1,125.5299513206976,88.48877985590597,0.0388706398006089,0.2676775990358968
2024-06-10,120.31531947295237,123.04407498199869,116.95684528802722,121.73467254638672,313434100,NVDA,0.007461373350587275,0.901580810546875,0.024068833449969778,0.03309820321031405,0.0313880829084249,120.45585784912109,0.010616459175172954,116.58821258544921,0.044142197970190145,106.20268287658692,0.14624856217473137,94.35477645874023,0.2901802867353436,82.64443536282849,464448420.0,0.674852333441031,0.05000407498243314,0.05904350811127679,0.14390097303230975,0.06429634933100736,0.07390389086693183,1,1,1,1,125.5299513206976,88.48877985590597,0.03117664585547478,0.2731012619088656
2024-06-11,121.7246784169854,122.8242751394822,118.6958072896019,120.86500549316406,222551200,NVDA,-0.007143955251461054,-0.8696670532226562,0.02548097062197901,0.027086512951895163,0.031735773172478936,121.35203857421875,-0.004013390189212318,117.28978729248047,0.030481922452192833,107.72803649902343,0.12194568304658304,94.96563766479493,0.2727235710224729,80.66472579007,428293860.0,0.51962267215318,0.034157677261792654,0.03850099415281738,0.06162312488900956,0.09072871903061852,0.046811586756182244,1,1,0,1,125.5299513206976,88.89360196869727,0.03859633157256081,0.2645215907947404
2024-06-12,123.01420873797917,126.8327870669311,122.52439319522972,125.15341186523438,299595000,NVDA,0.03548095955957131,4.2884063720703125,0.018696936390452185,0.028626240897877055,0.032035590145357964,121.90584411621094,0.026639967694473965,118.32784500122071,0.057683522115553165,109.41998176574707,0.14378936868377834,95.68047866821288,0.3080349681278616,83.26153539470856,382532460.0,0.7831884384399692,0.03442490146685475,0.02262566199988214,0.09044454733122365,0.04616611887705191,-0.05662947354406589,1,0,1,1,126.8327870669311,91.55739179218557,0.013418533116021527,0.26843870712230455
2024-06-13,129.34184822861945,129.75169931207168,127.11268237111577,129.561767578125,260704500,NVDA,0.03522361593815404,4.408355712890625,0.020149269040833678,0.024369826424837662,0.03201622591529177,123.62958984375,0.04798347824232385,120.23904190063476,0.07753492983746924,111.16871948242188,0.16545165026040842,96.49324234008789,0.34270301666813063,81.45163164734454,301734160.0,0.8640205006950489,0.02036879389874486,0.07126270939777246,0.17303760839009752,0.04606122275926405,-0.027158472069118256,1,0,1,1,129.75169931207168,91.76429043608688,0.0014659551000039523,0.2917332624321172
2024-06-14,129.9116488754234,132.7905668615139,128.27225972601377,131.8309326171875,309320400,NVDA,0.01751415623203978,2.2691650390625,0.0183393395679463,0.02284392904472737,0.031695931136991165,125.82915802001953,0.047697804639311725,122.46381607055665,0.0764888507249688,113.04445953369141,0.16618658854215695,97.41254180908203,0.3533260724841958,81.26920422137984,281121040.0,1.1003103858750665,0.0342734974698271,0.09101679617195146,0.2030214808754096,-0.008340941646858835,-0.04155302423517926,0,0,1,1,132.7905668615139,91.76429043608688,0.007279279796290256,0.303924438564405
2024-06-17,132.94052101290185,133.68023590303568,129.53178618492996,130.93125915527344,288504400,NVDA,-0.006824448891115331,-0.8996734619140625,0.021221064119691112,0.021453718483950588,0.031013187569696697,127.66847534179688,0.02555669130332583,124.06216659545899,0.05536814927804001,114.96917343139648,0.13883796192900122,98.27180648803711,0.3323379699060691,75.04504585124019,276135100.0,1.044794377824478,0.03168418103415634,0.07554615637859774,0.13905017458679003,-0.033669354439276655,-0.05336702284927208,0,0,1,1,133.68023590303568,93.13766755607001,0.020995572527887994,0.28865216635840496
2024-06-18,131.09119107562512,136.2792618770274,130.64136160940566,135.529541015625,294335100,NVDA,0.035119816994186204,4.5982818603515625,0.018514959059826263,0.022524757738197326,0.031216537059549576,130.60138244628905,0.037734352248244285,125.97671051025391,0.07583013135267991,117.00880355834961,0.15828499133434448,99.24052902221679,0.3656672566233927,77.47248785782043,290491880.0,1.0132300427812302,0.04159905084435991,0.12132987097982095,0.16450218578579445,-0.12885383397372507,-0.08880362717494494,0,0,1,1,136.2792618770274,93.13766755607001,0.0055317892747528356,0.3127869624723933
2024-06-20,139.74798663394793,140.70762089792785,129.47181280958608,130.73133850097656,517768400,NVDA,-0.03540337020764539,-4.7982025146484375,0.030267172297155497,0.02383604450739537,0.03339388392131739,131.7169677734375,-0.007482933209913223,126.81140594482422,0.030911514046756183,118.7782371520996,0.10063376621401265,100.14885162353515,0.3053703200951581,76.51013538175069,334126560.0,1.5496176059754125,0.08594578941190784,0.04456871412941199,0.06820277279095555,-0.035861872314667975,-0.0495488297843657,0,0,0,1,140.70762089792785,93.20664422258311,0.07631133063689062,0.2870367175052915
2024-06-21,127.07268651484108,130.5813821684496,124.25373647196925,126.52288818359375,649445800,NVDA,-0.0321915951113082,-4.2084503173828125,0.030746937436884548,0.026352312842535176,0.03484739738069443,131.10919189453125,-0.03498079459315773,127.36939086914063,-0.006646044860311728,120.35903816223144,0.05121219075425043,100.93932022094727,0.2534549262531818,70.3630184576081,411874820.0,1.576803845401377,0.05001186573688149,-0.023455062796197357,0.04613617527762304,-0.001343073232314751,-0.030812956987405826,0,0,0,1,140.70762089792785,101.4738822009577,0.11211198952201473,0.19798003619936458
2024-06-24,123.19412790624048,124.41367504218907,117.99606639814192,118.0660400390625,476060900,NVDA,-0.06684046077307182,-8.45684814453125,0.03802688812083958,0.034831953677313905,0.03432747839854358,128.35621337890626,-0.08016887588812915,127.09268569946289,-0.07102411606711789,121.07474746704102,-0.0248499996153001,101.48914428710937,0.16333663928683495,53.48906534160948,445222920.0,1.0692641340207731,0.05435609292836335,-0.10441322309458045,-0.022899783966684795,0.049784066741315414,0.08610616554848693,1,1,0,0,140.70762089792785,102.95321303565972,0.19177047736482328,0.12800316668876724
2024-06-25,121.15488851140898,126.45291899832442,119.27559095881188,126.0430679321289,414192600,NVDA,0.06756411827166553,7.977027893066406,0.05557433041392035,0.041202747486605094,0.036717663121840896,127.37857513427734,-0.010484551273560738,127.52352523803711,-0.011609287801170542,122.05586891174316,0.03266699959564279,102.24708679199219,0.23273016265535662,59.427569411431094,470360560.0,0.8805853109793049,0.05694345716320837,-0.03733402744830816,0.035391686654436816,-0.02022357746337522,-0.0020619565119358585,0,0,0,1,140.70762089792785,106.891413703224,0.11634557303615815,0.15194531950949972
2024-06-26,126.08305489542055,128.0723121328984,122.55436989135586,126.35295867919922,362975900,NVDA,0.0024586099985854926,0.3098907470703125,0.05123109487177553,0.04101919032456619,0.033835887591629095,125.54325866699219,0.006449569820031531,128.07232055664062,-0.013424929523948137,122.68105392456054,0.029930495681073976,103.0549073791504,0.22607415689902788,54.357542507838936,484088720.0,0.7498127615946102,0.043670858990743334,-0.0677090932918295,0.04540564213473308,-0.016613817666269015,0.014240337509023204,0,1,1,1,140.70762089792785,106.891413703224,0.11360764614285017,0.15402524150927588
2024-06-27,124.0538073233716,126.3629527063705,122.8742462250665,123.94384765625,252571700,NVDA,-0.01906651849020624,-2.4091110229492188,0.0499404033942647,0.04016446285844879,0.03427961118150813,124.18576049804688,-0.001947991789289505,127.95136413574218,-0.03132062332091001,123.13960456848145,0.006531148858134328,103.78627868652343,0.19422190702694508,53.22635630630837,431049380.0,0.5859460927655202,0.02814747603269266,-0.05191938614378877,-0.00966465229319391,-0.01064598049141774,0.059601732607933444,0,1,0,1,140.70762089792785,106.891413703224,0.13525296784533478,0.13758193145915387
2024-06-28,124.53364006899224,127.66247251115811,122.70431926304767,123.49402618408203,315516700,NVDA,-0.003629235986085555,-0.44982147216796875,0.04831963959838841,0.0381825485270188,0.0328979227617446,123.57998809814453,-0.0006955973647951863,127.34458999633789,-0.030237356862718667,123.79181594848633,-0.0024055690767814664,104.57622268676758,0.180899663530381,52.84017915309447,364263560.0,0.866176951655554,0.040148931906388345,-0.023939241689745705,-0.046832808068816734,0.038368073263522984,0.09203502722528234,1,1,0,0,140.70762089792785,106.891413703224,0.13938807605306333,0.1344406121807862
2024-07-01,123.42406065709774,124.79354602821576,118.78578771261802,124.25375366210938,284885500,NVDA,0.006151937073416658,0.7597274780273438,0.03321711106634635,0.03763199624561698,0.03273387748432819,124.81753082275391,-0.004516810715035846,126.58687210083008,-0.018430966813543725,124.52534408569336,-0.0021810052048287787,105.36864715576172,0.17922889793232955,52.696937158401646,326028480.0,0.8738055644709322,0.048350718900090496,0.05240891979607043,-0.05747648753332302,0.012308834946520353,0.024939599125344714,1,1,0,0,140.70762089792785,111.95211383768398,0.13242149030412761,0.09900417059333254
2024-07-02,121.0849161012404,123.36407395616142,120.98495484371743,122.62434387207031,218374000,NVDA,-0.01311356592469648,-1.6294097900390625,0.010542835614785374,0.03771339735231858,0.03144484201396414,124.13378601074218,-0.01215980102742742,125.75618057250976,-0.02490403800577945,124.90917358398437,-0.0182919288180049,106.29782638549804,0.15359220448556288,51.8534033500788,286864760.0,0.7612437303208662,0.01940168678844096,-0.027123459593188404,-0.0634448590565514,0.04508014811277161,0.0535585428584191,1,1,0,0,140.70762089792785,113.99319020529364,0.14746889936245605,0.0703869508633722
2024-07-03,121.61472281837746,128.2322540283203,121.31483142526585,128.2322540283203,215749000,NVDA,0.04573243761532808,5.60791015625,0.025623669713595504,0.039118932542488244,0.032783573144401314,124.5096450805664,0.029898157249947488,125.0264518737793,0.02564099121822183,125.5015811920166,0.021758075160230872,107.27283401489258,0.1953842294361119,53.15572343679278,257419380.0,0.8381225997825028,0.05394448265353533,0.014873378263286163,-0.05384277798493686,0.024166008137481043,0.0012474075805206652,1,1,1,1,140.70762089792785,116.95684528802722,0.09728727740255065,0.08792958390798382
2024-07-05,127.33259117942191,128.80205294716893,125.63322690650442,125.78317260742188,214176700,NVDA,-0.019098794133007746,-2.4490814208984375,0.025630689286010335,0.03802780313549196,0.03131858102152637,124.87751007080078,0.007252407067594557,124.53163528442383,0.010049954938274208,125.67152061462403,0.0008884430796396448,108.14078643798828,0.1631427581632241,45.9649882062175,249740380.0,0.8575973977456108,0.0251927660511048,0.014839985896461183,-0.03784988320545435,0.07216092145330655,0.004212013451851737,1,1,1,1,140.70762089792785,116.95684528802722,0.11865218519401026,0.07017097069845932
2024-07-08,127.44253270774867,130.72131795385047,126.99270329559334,128.1522674560547,237677300,NVDA,0.01883475189504824,2.3690948486328125,0.026097056318101313,0.03711844503932119,0.03136628673331428,125.80915832519531,0.018624312904175433,124.69457321166992,0.027729308143308762,126.03198204040527,0.01682339181946424,109.111015625,0.1745126440440894,46.080065298370954,234172500.0,1.0149667446006683,0.02909519068428287,0.037720377381080805,0.012878138460581168,-0.006240037758732497,-0.07964107533803011,0,0,1,1,140.70762089792785,116.95684528802722,0.09797215212113654,0.08736031277688114
2024-07-09,130.30150022676182,133.77021018974597,128.60212062869667,131.33111572265625,285366600,NVDA,0.02480524402497708,3.1788482666015625,0.027132907183569917,0.028596113906770946,0.0317069945146025,127.2246307373047,0.03227743685757423,126.0210807800293,0.04213608477057629,126.5568832397461,0.03772400489561645,110.08574844360352,0.19298926136598538,50.406344210839386,234268720.0,1.2181165287452802,0.039351600209985425,0.05695893968557897,0.11235301598330016,-0.016288528899317756,-0.0783225373641383,0,0,1,1,140.70762089792785,116.95684528802722,0.07139591500214476,0.10945060776750323
2024-07-10,133.98012482225403,135.0497339856147,132.37072330988062,134.85980224609375,248978600,NVDA,0.02686862518467703,3.5286865234375,0.023774287072156362,0.02173461602902355,0.032092136979566,129.67172241210938,0.04000933848550381,126.90275421142579,0.06270193333559293,127.21313972473145,0.060109062144904524,111.02904144287109,0.21463538272087623,49.30427030807263,240389640.0,1.0357293267713201,0.019865153523252143,0.09978001094781197,0.06995017225947286,-0.04795788088306041,-0.12586177322640923,0,0,1,1,140.70762089792785,117.99606639814192,0.043362206932225325,0.12504642278192493
2024-07-11,135.6994836774376,136.0993287251507,127.00272423823502,127.35259246826172,374782700,NVDA,-0.055666771364033196,-7.507209777832031,0.03588836888784447,0.029476033392719574,0.03482575563562198,129.49579010009765,-0.016550326695402906,127.00271759033203,0.0027548613491741314,127.53751907348632,-0.0014499780658117079,111.82175064086914,0.13888927456762867,46.677152101481326,272196380.0,1.3768834839023207,0.07142849871063844,-0.006859908739218712,0.007911439506537388,-0.008163315921973613,-0.030298293967916723,0,0,0,0,140.70762089792785,117.99606639814192,0.10486656118126861,0.07346945899394701
2024-07-12,128.2122786505662,131.87092070175893,127.17267226738277,129.19192504882812,252680500,NVDA,0.014442835790914765,1.8393325805664062,0.034741320527016055,0.028815700100903525,0.03410963237805203,130.17754058837892,-0.0075713178717004,127.52752532958985,0.013051297866375933,127.73944473266602,0.01137064842580049,112.67833404541015,0.1465551575936761,52.75317385141191,279897140.0,0.9027619932093626,0.03636642485666549,0.027100226292154472,0.042342379164582056,-0.0870475610277508,-0.051454919625328444,0,0,0,1,140.70762089792785,117.99606639814192,0.08913634381365064,0.08666066897334897
2024-07-15,130.51141821403814,131.3411112143201,127.13267860503073,128.3922119140625,208326200,NVDA,-0.006190117025219433,-0.799713134765625,0.034202691529708965,0.02890752916769993,0.033241794238122936,130.22552947998048,-0.01407801967278477,128.0173439025879,0.0029282595627031505,127.68096694946288,0.005570485418403326,113.58611282348633,0.1303513142806898,62.650013477426526,274026920.0,0.7602399063566455,0.032777943043042435,0.0018723387636514488,0.039663341469482694,-0.05722529661367437,-0.11047973975768899,0,0,0,1,140.70762089792785,117.99606639814192,0.09592021821470369,0.08097177672177727
2024-07-16,128.3922007361648,128.9919682814133,124.53363670793642,126.31297302246094,214769500,NVDA,-0.01619443158276046,-2.0792388916015625,0.03185875732962907,0.029601839310618584,0.03316542949542359,129.2219009399414,-0.02251110606113471,128.22326583862304,-0.01489817626830936,127.40506896972656,-0.008571840634732708,114.39681198120117,0.10416514966534174,50.38649440387742,259907500.0,0.8263305214355107,0.03529591194630582,-0.0382098535642732,0.016572693376743608,-0.06671416579297029,-0.11142779208670839,0,0,0,0,140.70762089792785,117.99606639814192,0.11396016997325574,0.06584364555206935
2024-07-17,121.30483311779221,121.80464702237855,116.67655910688254,117.94608306884766,390086200,NVDA,-0.06623935573209483,-8.366889953613281,0.03399824276573739,0.03657084403651987,0.03618081924617439,125.83915710449219,-0.06272351323118297,127.75543975830078,-0.07678230146607723,126.75581016540528,-0.06950156434692578,114.98076034545899,0.02578972964241477,40.21866608151191,288129020.0,1.3538594619868558,0.04347823837865506,-0.1254170545673925,-0.03815115869735719,0.047037959810805496,-0.04178317323362979,1,0,0,0,140.70762089792785,116.67655910688254,0.19298256658335827,0.01076359577981129
2024-07-18,121.80464878579994,122.35444713942657,116.51661668353269,121.04492950439453,320979500,NVDA,0.026273415402341183,3.098846435546875,0.035805336988561344,0.03410853127339683,0.03572105186380494,124.57762451171875,-0.028357379755558854,127.03670730590821,-0.047165720275520795,126.03157958984374,-0.03956667131902758,115.55969635009765,0.04746666292440671,46.68041095888017,277368380.0,1.1572317652069786,0.04822862452641552,-0.04952912886668681,-0.05604927230194712,0.0123874286262462,-0.07845407179973829,1,0,0,0,140.70762089792785,116.51661668353269,0.16244126436390274,0.037410181817631956
2024-07-19,120.30520587770535,121.55474064508192,117.3263192631504,117.8861083984375,217223800,NVDA,-0.02609626953306088,-3.1588211059570312,0.03352227332135144,0.03449456951311731,0.035363303446086125,122.31646118164062,-0.036220413347505365,126.24700088500977,-0.06622646421666412,125.38931808471679,-0.05983930530039172,116.1071614074707,0.015321595751735861,43.953441961298594,270277040.0,0.8037079287238014,0.0358686993690562,-0.08751179027727618,-0.0627831533048675,-0.03120498838693908,-0.12041036870821131,0,0,0,0,136.0993287251507,116.51661668353269,0.15449844408431262,0.011617074594371482
2024-07-22,120.30521088452835,124.02382772725001,119.81539537076715,123.49402618408203,258068900,NVDA,0.04757064137438993,5.607917785644531,0.04484295291102333,0.037822003881240907,0.0365604478722435,121.33682403564453,0.017778627103374633,125.7811767578125,-0.018183567944624168,125.23787498474121,-0.01392429247838678,116.76962326049805,0.05758691974695074,49.25838282338386,280225580.0,0.9209327000054741,0.03407802374351054,-0.03815017793492803,-0.0363492692282642,-0.09114472339450463,-0.05277658835151944,0,0,1,0,136.0993287251507,116.51661668353269,0.10207216438371708,0.05649997587857984
2024-07-23,122.73429664640844,124.64358935199353,122.05454945627272,122.54436492919922,173911000,NVDA,-0.007689936786636431,-0.9496612548828125,0.04456446648707022,0.036537706932233606,0.03315103837105772,120.58310241699219,0.016264820467338126,124.90250167846679,-0.018879820000227587,125.46179122924805,-0.023253504285763116,117.446376953125,0.04340694117885757,49.9208775609125,272053880.0,0.63925204816046,0.021127368012528656,-0.029835479310518553,-0.06690532357931689,-0.07773873149491028,-0.10914420779055833,0,0,1,0,136.0993287251507,116.51661668353269,0.11061270588641885,0.04918829396316264
2024-07-24,119.12564059736765,119.90534904476712,113.39777769436101,114.20747375488281,327776900,NVDA,-0.06803161597135121,-8.336891174316406,0.04518075682539755,0.03919546160995577,0.032984802454374657,119.83538055419922,-0.046963649410459496,122.8372688293457,-0.07025388269135169,124.87001152038575,-0.0853890989171745,117.93378280639648,-0.031596621110940526,36.836194021514025,259592020.0,1.2626616950705958,0.05698025826552254,-0.03169761315246511,-0.1531392464414587,-0.02328229277295113,-0.0610940904653372,0,0,0,0,136.0993287251507,113.39777769436101,0.19168495940338526,0.007089694167122612
2024-07-25,112.99791651674128,116.58657631149408,106.26042793071078,112.23819732666016,460067000,NVDA,-0.01724297336660474,-1.9692764282226562,0.04155288438364218,0.036651922589930205,0.03306348010382233,118.07403411865235,-0.049425234223197445,121.32582931518554,-0.07490269829450036,124.16427345275879,-0.09605078654639088,118.37138809204102,-0.05181311856047455,37.170993158747486,287409520.0,1.6007368162335054,0.09200208687181506,-0.07275589497050883,-0.11868148773939025,-0.07614875247131714,-0.10536149629349167,0,0,0,0,136.0993287251507,106.26042793071078,0.21259367993094785,0.05325967040036796
2024-07-26,116.14676147619508,116.15675226350169,111.53847651152583,113.0179214477539,293399100,NVDA,0.006947047793581573,0.77972412109375,0.04183405182802833,0.03612527895942819,0.033008314613116325,117.10039672851562,-0.03486303543639124,119.70842895507812,-0.055890028511149326,123.61797714233398,-0.08574849661530337,118.80545639038085,-0.04871438668279493,35.22067046390083,302644580.0,0.969451030644593,0.04086321614144003,-0.04129567950644231,-0.12519361093939307,0.03502551897814721,-0.07792325708636416,1,0,0,0,136.0993287251507,106.26042793071078,0.204227851492269,0.05979134486354002
2024-07-29,113.64768638350331,116.23671871019991,111.2585765650607,111.5484619140625,248152100,NVDA,-0.013002004592437277,-1.4694595336914062,0.028465321123957027,0.03605326219092962,0.033068084566422705,114.71128387451172,-0.0275720212835312,118.02405395507813,-0.05486671423335743,123.02069892883301,-0.09325452638996268,119.14468536376953,-0.0637562928343336,30.01415760696979,300661220.0,0.8253545302583419,0.04462761798521617,-0.09672989568105339,-0.13118981088412218,-0.021327991201623986,-0.11363016453182029,0,0,0,0,136.0993287251507,106.26042793071078,0.22009148660429154,0.04740570952404213
2024-07-30,111.4784927394089,111.94831904183755,102.5018390571419,103.69139862060547,486833300,NVDA,-0.07043632120638432,-7.857063293457031,0.0348947369824325,0.0403496513727796,0.03606289963819206,110.94069061279296,-0.06534385131501563,115.76189651489258,-0.10427004271422124,121.99258117675781,-0.1500188157313873,119.3321907043457,-0.13106934508972057,21.043870966095724,363245680.0,1.3402314929113541,0.09110186679282056,-0.1538460484860823,-0.1790914571999893,0.03412697145523613,0.011954052960925221,1,1,0,0,136.0993287251507,102.5018390571419,0.3125421253417751,0.01147211417039549
2024-07-31,112.85797146215744,118.29594108970943,110.83871919064549,116.97643280029297,473174200,NVDA,0.12812088906521413,13.2850341796875,0.07357714168912846,0.05793527830898287,0.047196019347814214,111.494482421875,0.04916790732007037,115.66493148803711,0.011338798159332253,121.71018562316894,-0.03889364557813024,119.82297973632812,-0.023756268975275163,41.29485693861906,392325140.0,1.2060766740566256,0.06374978036640268,0.024244989880023216,-0.008221131582544228,-0.14159963241084939,-0.10485376167426552,0,0,1,0,136.0993287251507,102.5018390571419,0.1634764838273462,0.12373940114811591
2024-08-01,117.4862607613273,120.11528690507727,106.77024891874801,109.16935729980469,523462300,NVDA,-0.06674058452284015,-7.807075500488281,0.08062597049814221,0.06076056696435466,0.047989274767640505,110.8807144165039,-0.015434217985562437,114.47737426757813,-0.04636738920449501,120.75704078674316,-0.095958657246349,120.11162811279297,-0.09110084497991111,34.73089253947256,405004200.0,1.2924861026132568,0.12224160988399567,-0.02734220701998502,-0.09810879524828586,-0.04541714381238271,-0.001739738624084386,0,0,0,0,136.0993287251507,102.5018390571419,0.24668068120425038,0.06107499766946711
2024-08-02,103.72138389300983,108.67953692460011,101.3322740328123,107.23007202148438,482027500,NVDA,-0.017764007467723553,-1.9392852783203125,0.08061947108607445,0.06055166495319327,0.047972398076467956,109.72314453125,-0.022721482513250235,113.41177062988281,-0.05450667575389767,119.82938575744629,-0.10514377300960986,120.34937622070312,-0.109010155359342,34.137559986741664,442729880.0,1.0887620686455588,0.06851867907274874,-0.051211784397797055,-0.09039263846879486,-0.07793410962471348,0.08268855043735757,0,1,0,0,136.0993287251507,101.3322740328123,0.26922724343486554,0.05500134316323514
2024-08-05,92.02573599453234,103.37151801623692,90.65625074239716,100.41261291503906,552842400,NVDA,-0.06357786559240008,-6.8174591064453125,0.08448948520923108,0.059444113489873766,0.04917255833323497,107.49597473144532,-0.06589420519328704,111.10362930297852,-0.09622562696656067,118.44240303039551,-0.15222411614470133,120.45949111938477,-0.16642008046072254,31.873512290919805,503667940.0,1.0976326982416234,0.1266301802603063,-0.09982969561339672,-0.18690307525189498,0.04499751619940984,0.1755102580432515,1,1,0,0,136.0993287251507,90.65625074239716,0.3554007287939696,0.09716271581237444
2024-08-06,103.80134584558614,107.66990813072123,100.51257713442128,104.21119689941406,409012100,NVDA,0.037829749411949276,3.798583984375,0.08153865395440865,0.06208562023501209,0.049754403480420574,107.59993438720703,-0.03149386202781801,109.2703125,-0.04629908604485722,117.0864070892334,-0.10996332119070784,120.46867797851563,-0.1349519339956642,39.730941458473396,488103700.0,0.8379614823653252,0.06868101710038214,0.0050129353613068695,-0.14960433342142876,0.004796191862316723,0.17851326251887922,1,1,0,0,136.0993287251507,90.65625074239716,0.3059952555435619,0.13007187864947278
2024-08-07,107.76987337493198,108.75951041282163,98.65327249174283,98.8731918334961,411440400,NVDA,-0.0512229513213468,-5.338005065917969,0.04373789414795349,0.060683697792960144,0.04974481357923695,103.97928619384766,-0.04910684182647995,107.73688430786133,-0.08227166147702003,115.28707656860351,-0.14237402164795165,120.31772903442383,-0.1782325628402801,33.960084089271334,475756940.0,0.8648121875006174,0.10221413644760102,-0.15475972837796725,-0.13426688654630292,0.10221415058458638,0.2595288539911278,1,1,0,0,136.0993287251507,90.65625074239716,0.3765038449890844,0.08310585446595455
2024-08-08,101.9620353134048,105.46073260357065,97.48369942630838,104.9309310913086,391910000,NVDA,0.06126776273202372,6.0577392578125,0.05464044333125806,0.0649599844195861,0.051462422305212814,103.13160095214843,0.01744693306947709,107.00615768432617,-0.0193935249889039,114.16599349975586,-0.08089153455724107,120.13936248779297,-0.12658991259446428,41.00499517370171,449446480.0,0.8719836898044012,0.07602175158744023,-0.03882432134189795,-0.0651049857303424,0.10641133203334974,0.23844892797160755,1,1,1,0,131.87092070175893,90.65625074239716,0.2567402131122591,0.13603882287568683
2024-08-09,105.60068194063821,106.5603237294343,103.39150538103131,104.71101379394531,290844200,NVDA,-0.0020958290856288864,-0.21991729736328125,0.05429501609832261,0.06484022444534301,0.051208319570679346,102.62778930664062,0.020298834276554878,106.17546691894532,-0.013792763691050869,112.94194793701172,-0.07287756492084618,119.93812606811524,-0.1269580639064024,35.90396779001213,411209820.0,0.7072890428540836,0.03026251235269984,-0.023492087434524467,-0.07350080011557036,0.1272554074476917,0.21479718072885046,1,1,1,0,131.3411112143201,90.65625074239716,0.2543199273457385,0.13422430499245952
2024-08-12,106.28043885191414,111.02867141394987,106.22046361794415,108.97943115234375,325559900,NVDA,0.040763786002473434,4.2684173583984375,0.044656401294500284,0.06638395047777736,0.05241687751863109,104.34115295410156,0.04445300887448034,105.91856384277344,0.02889830827119111,111.97130889892578,-0.02672003905288578,119.90871871948242,-0.09114672964446335,40.30299450537764,365753320.0,0.8901078464578257,0.04412032385528111,0.08531615689109917,-0.023030624695640767,0.1269491531593896,0.17868264073359064,1,1,1,0,128.9919682814133,90.65625074239716,0.18363591108393448,0.16813430035556323
2024-08-13,112.3981514576694,116.18674170739067,111.53847094577725,116.09677124023438,312646700,NVDA,0.06530902219466728,7.117340087890625,0.049266324396880355,0.06431471483395021,0.05476989593921267,106.71826782226563,0.08788095617882608,107.15910110473632,0.083405609447605,111.46049880981445,0.041595654782873526,120.03899032592773,-0.03284115498630491,51.37454675603769,346480240.0,0.9023507372310756,0.04003789865951516,0.11405275723195474,0.1196374316930442,0.0726709853351204,0.06543830217658675,1,1,1,1,124.64358935199353,90.65625074239716,0.07361805173783485,0.21913202431094458
2024-08-14,118.48588599342114,118.55585963676825,114.02754676709954,118.03605651855469,339246400,NVDA,0.016704041444076223,1.9392852783203125,0.02890950938540665,0.050320182895228834,0.05281917517038315,110.55084075927735,0.0677083566969543,107.2650634765625,0.10041473610226936,111.46499748229981,0.058951771270602915,120.10075637817383,-0.017191397638810835,54.22003838109906,332041440.0,1.021698978296203,0.038363810205374674,0.193812542406127,0.009058437609144265,0.10094832845136592,0.09561300329088418,1,1,1,1,124.64358935199353,90.65625074239716,0.055978935829664615,0.23196137336097428
2024-08-15,118.71580500966671,123.1941334844724,117.42628417440801,122.81427764892578,318086700,NVDA,0.04048102987598523,4.778221130371094,0.025760651240599414,0.045196872655333356,0.0532657538192981,114.12751007080078,0.07611458072410437,108.6295555114746,0.13057884726365132,111.55346488952637,0.10094543249330012,120.22935989379883,0.021499887859423472,56.73818078543644,317276780.0,1.0025527238394187,0.046963996535909616,0.1704296947680326,0.12498855619025884,0.03573173073380964,0.02930160702463791,1,1,1,1,124.64358935199353,90.65625074239716,0.014894943308602731,0.2618427394773664
2024-08-16,121.89462111591769,124.95347986245288,121.13490182291852,124.53363800048828,302589900,NVDA,0.013999678086919376,1.7193603515625,0.020956121126334944,0.043910442229900135,0.05290378197396998,118.09203491210937,0.054547312129671566,110.359912109375,0.12843183380814982,111.8858413696289,0.11304197632188151,120.27234497070313,0.03543036456820681,58.90093221697821,319625920.0,0.9467001299519138,0.03066302487300167,0.1893079198483434,0.16136859420869354,0.03146560044913671,0.029860368330991705,1,1,1,1,124.95347986245288,90.65625074239716,0.0033713129135676018,0.2720340287333314
2024-08-19,124.23372753951698,129.95159912109375,123.37404711982235,129.95159912109375,318333600,NVDA,0.04350600534599525,5.417961120605469,0.02116475081280327,0.03438667271559403,0.05273537408270591,122.28646850585938,0.062681756280067,113.31381072998047,0.14682930777749648,112.20872001647949,0.15812388825047163,120.4525161743164,0.0788616398268549,68.62328224503274,318180660.0,1.0004806703210685,0.05061539870042069,0.1924415254052183,0.29417605367015165,-0.04815371511422284,-0.03376906356455012,0,0,1,1,129.95159912109375,90.65625074239716,0.0,0.3023844927223998
2024-08-20,128.35221027833737,129.8316704836438,125.84314985736411,127.20264434814453,300087400,NVDA,-0.021153681767221988,-2.7489547729492188,0.026000690932403123,0.03720034193304438,0.052975909343426435,124.50764312744141,0.02164526733466965,115.61295547485352,0.10024558948163764,112.44163398742675,0.13127708871936483,120.5799072265625,0.05492405222321417,58.52644644312509,315668800.0,0.9506400379131545,0.03135564238242866,0.09566048210702793,0.22062358108142743,0.016659984087765034,-0.07591365648225645,1,0,1,1,129.95159912109375,90.65625074239716,0.021610830396147477,0.2873084423129012
2024-08-21,127.27260266623372,129.30185337062085,126.61285232823225,128.45216369628906,257883600,NVDA,0.009823061104961672,1.2495193481445312,0.026313458394648815,0.027929874470273192,0.05025827223187878,126.59086456298829,0.014703265829854928,118.57085266113282,0.08333676290071335,113.15386848449707,0.13519904725031973,120.71425704956054,0.06410101702859872,68.05166499489613,299396240.0,0.8613454865031037,0.02093387113934836,0.08824513021660474,0.29916068566497156,-0.015875406750650134,-0.07105047242054485,0,0,1,1,129.95159912109375,90.65625074239716,0.011673103680448207,0.2942411545768599
2024-08-22,129.9716160825352,130.70134013517236,123.05418563063326,123.6939468383789,376189100,NVDA,-0.03704271474290177,-4.758216857910156,0.03157616596781439,0.03154179710156472,0.05095272496987856,126.76679840087891,-0.024240192236950064,120.44715423583985,0.026956158683348663,113.72665596008301,0.08764252139616535,120.77083587646484,0.024203781821168224,64.64002594285381,311016720.0,1.209546226325067,0.06182319102915387,0.007162597104285684,0.17881301111054793,0.03685153218013437,-0.12720223196307756,1,0,0,1,130.70134013517236,90.65625074239716,0.056651060750365245,0.26709226231700317
2024-08-23,125.81315043381734,129.5517637458536,125.1733892777955,129.32183837890625,323230300,NVDA,0.04549852021361134,5.627891540527344,0.03724527694025626,0.03192378962522652,0.05171059801084762,127.7244384765625,0.012506611274997859,122.90823669433594,0.05218203317423287,114.54185180664062,0.129035687298088,120.85420440673828,0.07006486877088625,76.26229428207935,315144800.0,1.0256564601414968,0.033856419943781677,0.03844905244315755,0.2350356824296549,-0.02906379244188595,-0.1790213865431004,0,0,1,1,130.70134013517236,90.65625074239716,0.010667198777550938,0.2989873026953184
2024-08-26,129.5217841101186,131.2111423152786,124.32371486411647,126.41293334960938,331964700,NVDA,-0.022493532923449022,-2.908905029296875,0.03302838644671664,0.03394912964379602,0.051956588084938055,127.01670532226562,-0.004753484757177073,124.6515869140625,0.014130156535922644,115.28507537841797,0.09652470568861338,120.79122772216797,0.04654067794038719,70.50031884403468,317871020.0,1.044337731700109,0.05448356642523415,-0.02723064429693489,0.15997057438201434,-0.07014082035121072,-0.1522220510880552,0,0,0,1,131.2111423152786,90.65625074239716,0.0379566302159862,0.2828562051346679
2024-08-27,125.00346773520825,129.15191727923408,123.83389733541988,128.25225830078125,303134600,NVDA,0.014550132667873639,1.839324951171875,0.032538713856898376,0.02911942087501925,0.04861132517575832,127.22662811279297,0.008061442822166143,125.86713562011718,0.018949526966774544,116.51311836242675,0.10075380440714521,120.71965423583984,0.06239749535916994,79.00143622433417,318480460.0,0.9518153798195343,0.0414653123014974,0.008251510477753854,0.10470133605519494,-0.06960252892872698,-0.19851917993037593,0,0,1,1,131.2111423152786,90.65625074239716,0.02307081414159655,0.29314109596583277
2024-08-28,128.0723157316594,128.28224429229948,122.59435936439931,125.5632553100586,448101100,NVDA,-0.020966515727281143,-2.6890029907226562,0.03360008964108988,0.030609940339657346,0.040604873775466954,126.64884643554687,-0.008571662167019767,126.61985549926757,-0.008344664310686145,116.94245948791504,0.07371827016375043,120.61229415893554,0.04104856130668555,71.81822406471888,356523960.0,1.2568611096993312,0.04529896038339273,-0.022490149664282644,0.06377033436660651,-0.14019590800170645,-0.15237637386758285,0,0,0,1,131.2111423152786,90.65625074239716,0.044980412392729464,0.27800334167399615
2024-08-29,121.31482748729027,124.38368445408784,116.66655680427645,117.54622650146484,453023300,NVDA,-0.06384852629694071,-8.01702880859375,0.041404437476412086,0.03521921131758616,0.040342744247264486,125.41930236816407,-0.06277403651623004,126.09305038452149,-0.0677818789932757,117.36130294799804,0.0015756774066213453,120.25262786865234,-0.02250596444464903,61.65154831355806,371890800.0,1.218162159429596,0.06565185356856368,-0.049701060513064554,-0.04289445208088971,-0.09677693004727261,-0.08070412582732589,0,0,0,1,131.2111423152786,90.65625074239716,0.11625142057319444,0.22876085910535446
2024-08-30,119.48551326917712,121.70468827145996,117.17637542296369,119.32557678222656,333751600,NVDA,0.015137451313586459,1.7793502807617188,0.03262680363068205,0.03528492550655015,0.040057834104744915,123.42005004882813,-0.033175106192078974,125.5722442626953,-0.04974560673934292,117.96607818603516,0.011524487522993176,120.02451263427734,-0.0058232759018191915,59.836541457835374,373995060.0,0.8923957444785501,0.03794922237636113,-0.07729755254012982,-0.04182051774831552,-0.10186818081203608,-0.020608184962866982,0,0,0,1,131.2111423152786,90.65625074239716,0.09960618547642662,0.24026136569322387
2024-09-03,115.96682140906611,116.1667439153335,107.25006590844444,107.95980072021484,477155100,NVDA,-0.09525012464640892,-11.365776062011719,0.04875187343842836,0.04141015545464769,0.0434415165465738,119.72942352294922,-0.09830184140557918,123.37306442260743,-0.12493216225541193,118.34343757629395,-0.08774155178131404,119.65325088500977,-0.09772780997009989,42.84206322840009,403033140.0,1.1839103355123601,0.08259257563838261,-0.14597503705068127,-0.16923068703745714,-0.04787036959170443,0.10324259053050189,0,1,0,0,131.2111423152786,97.48369942630838,0.2153703641536093,0.09703705660828325
2024-09-04,105.37076592928464,113.22783311293709,104.08124520263415,106.17046356201172,372470300,NVDA,-0.016574105789990412,-1.789337158203125,0.04331303653711216,0.041391494859558814,0.042947784165584466,115.31306457519531,-0.07928504065748532,121.26984634399415,-0.12451061197151603,118.44140090942383,-0.10360344654143461,119.41533935546875,-0.11091435878292355,39.53445618298321,416900280.0,0.8934278000484912,0.08615002330625249,-0.17217470500193932,-0.1653438959065131,0.002448121673113146,0.12145933001460563,1,1,0,0,131.2111423152786,97.48369942630838,0.23585353132268472,0.08181902804474056
2024-09-05,104.95092237696757,109.60919166518133,104.72101224991617,107.17009735107422,306850700,NVDA,0.009415366152928595,0.9996337890625,0.04789119407951868,0.041362202092436864,0.04110708812028562,111.63443298339844,-0.03999066876604396,119.14163970947266,-0.10048159810114321,118.85624618530274,-0.09832170549967767,119.03787994384766,-0.09969752988184677,35.21630833732513,388650200.0,0.7895292476370783,0.04561141154189835,-0.14648519515972547,-0.16568087086126426,0.008301417263573585,0.08935723566293419,1,1,0,0,131.2111423152786,97.48369942630838,0.2243260532408522,0.0903834013795337
2024-09-06,107.99978491199205,108.10974457653745,100.91242007486422,102.7917251586914,413638100,NVDA,-0.04085442022171426,-4.3783721923828125,0.044863450060721184,0.04158279015619868,0.04005973109182076,108.68353271484375,-0.0542106739538073,117.05141754150391,-0.12182417507038157,118.74928588867188,-0.13438026688380067,118.5666552734375,-0.13304693531554956,30.43710946381283,380773160.0,1.086311072975837,0.07001852036787883,-0.12552084215642234,-0.16898338369781973,0.13692510797612756,0.12418447787546127,1,1,0,0,131.2111423152786,100.91242007486422,0.27647572907948453,0.018282649512165416
2024-09-09,104.840969477339,106.51035383580418,103.6514174842849,106.43038177490234,273912000,NVDA,0.035398341749722784,3.6386566162109375,0.050077673225806675,0.03997304139520662,0.04083877680312375,106.1044937133789,0.003071387932011227,114.76227188110352,-0.07260129979679397,118.83525428771972,-0.10438714156981677,118.21638595581055,-0.09969856619803819,28.136056617826128,368805240.0,0.7427009442707484,0.02686203228666281,-0.10806731762846122,-0.17701153100633427,0.11909633540197695,0.06489793615689932,1,1,1,0,131.2111423152786,100.91242007486422,0.23283540025992736,0.05184573810614043
2024-09-10,107.7698680771714,109.3592802066297,104.910932028029,108.05976104736328,268283700,NVDA,0.01530934349091262,1.6293792724609375,0.029658052268861743,0.04132323524428035,0.03994145781682558,106.12448577880859,0.018235897722871597,112.92695465087891,-0.04310037066493888,118.78927078247071,-0.09032389595820922,117.90770065307618,-0.0835224463810792,31.827663018239434,327030960.0,0.8203617785912379,0.04116563034644294,0.0009259032202875161,-0.1451842925872806,0.10185193618377908,0.0904726330697212,1,1,1,0,131.2111423152786,100.91242007486422,0.21424608978885237,0.06614248359633464
2024-09-11,109.34928767526075,117.14638779715078,107.38001963060195,116.86649322509766,441422400,NVDA,0.08149871971190392,8.806732177734375,0.04431811390970009,0.05091173840438433,0.04146241126749281,108.26369171142578,0.07946155703430513,111.78837814331055,0.04542614506203013,118.82775688171387,-0.016505097025171778,117.75995544433594,-0.007587148074802208,40.38176103250089,340821380.0,1.2951722688289098,0.08356859093681998,0.10074392918929509,-0.08877633210154734,-0.0010265750746266677,-0.007698888720241159,0,0,1,0,131.2111423152786,100.91242007486422,0.12274389942163821,0.13651537502288316
2024-09-12,116.80650641923144,120.75537880467239,115.34692581517743,119.10585021972656,366052700,NVDA,0.019161668437467805,2.2393569946289062,0.04394046993681311,0.05136204731940908,0.04151452217699139,110.65084228515624,0.07641160030920569,111.14263763427735,0.07164858379241212,118.88124656677246,0.001889311051495035,117.68958557128906,0.012033899529535041,46.02478238699334,352661780.0,1.0379709987285834,0.04540879377056159,0.11137204466235096,-0.05142750619507663,-0.02979692715125226,-0.02417323140296712,0,0,1,1,131.2111423152786,100.91242007486422,0.10163473979842462,0.15275009675258683
2024-09-13,119.04586602282129,119.92561101375162,117.56628692781244,119.06585693359375,238358300,NVDA,-0.00033577935977979756,-0.0399932861328125,0.03136316082807855,0.04687860686367943,0.040476261604783494,113.90566864013672,0.04530229579494982,111.29460067749024,0.06982599523064992,118.69382553100586,0.0031343787338853346,117.50625762939453,0.013272478722946568,40.16134471888218,317605820.0,0.7504846731083202,0.019815286654805142,0.15832141886691842,0.012927938882920875,-0.04811087900962441,0.014861529392164563,0,1,1,1,131.2111423152786,100.91242007486422,0.10200477025465506,0.15246551216487023
2024-09-16,116.75652026497235,118.14612117800917,114.32721657757573,116.74652099609375,248772300,NVDA,-0.019479437659391752,-2.3193359375,0.03799345322884555,0.04710213167466324,0.04052593927016255,115.968896484375,0.00670545754329499,111.03669509887695,0.05142287324142947,118.30446968078613,-0.01316897568533204,117.32552459716797,-0.0049350182158759415,40.62083043888434,312577880.0,0.7958730157105167,0.03271107839317301,0.0969285184282227,-0.021613604188477353,0.00933382128060023,0.057629752584595684,1,1,1,0,131.2111423152786,100.91242007486422,0.12389766475070235,0.13562803230564216
2024-09-17,118.13612413784692,118.76594842655497,114.7970852268969,115.5568618774414,231925900,NVDA,-0.010190103383827198,-1.1896591186523438,0.04029324564556597,0.03411491424907185,0.03907488367033527,117.46831665039062,-0.016272087891053055,111.79640121459961,0.033636687961210665,117.58473281860351,-0.017246039452166628,117.0736164855957,-0.012955562949923172,37.52457395277212,305306320.0,0.759649849370953,0.03434554326914325,0.06937920977626533,0.07036935143030565,0.003547078161625139,0.07310321769671457,1,1,0,0,131.2111423152786,100.91242007486422,0.13546820312964186,0.12672931373049018
2024-09-18,115.85676793047314,117.66624647223807,113.18753538354541,113.33749389648438,310318900,NVDA,-0.019205851949414043,-2.2193679809570312,0.016115514229935946,0.03432932828998825,0.03903522431011195,116.76251678466797,-0.029333239660292554,112.51310424804687,0.007327054514646214,116.8914752960205,-0.030404111082830365,116.71374404907226,-0.0289276141391569,37.87415065593417,279085620.0,1.1119128961212692,0.03951658833027707,-0.03019684454650351,0.06750493587405848,0.02549185574080548,0.07083013471490318,1,1,0,0,131.2111423152786,100.91242007486422,0.1577028731120431,0.10962897973523636
2024-09-19,117.31635695887289,119.62569992209964,117.21638715198857,117.83621215820312,293506400,NVDA,0.039693115729448,4.49871826171875,0.024544291349090933,0.03586008254301934,0.04018752499694234,116.50858917236329,0.011395065336133658,113.57971572875977,0.03747585034997192,116.36067771911621,0.012680696503407418,116.37327224731445,0.012571098866925867,50.309194889340134,264576360.0,1.1093447653448705,0.020446284940629333,-0.010659745589164715,0.09952510141134052,0.025451815302633296,0.03028761100335986,1,1,1,1,131.2111423152786,100.91242007486422,0.1135044135593796,0.1436213178731303
2024-09-20,117.02644483175867,118.58600287786223,115.35692533181683,115.96675109863281,382462400,NVDA,-0.01586491134881729,-1.8694610595703125,0.025268151715876288,0.0326409895918433,0.03953165522491766,115.88876800537109,0.0006729132995710874,114.8972183227539,0.009308604607593862,115.97431793212891,-6.524576846855812e-05,116.14555541992188,-0.00153948483558064,46.42554761427664,293397180.0,1.3035653580583153,0.02784485652528962,-0.026028501492996403,0.12817204808657112,0.06474134134526621,0.008620661297629395,1,1,1,0,131.2111423152786,100.91242007486422,0.1314548443603463,0.1298159246607201
2024-09-23,116.51659472951452,116.9564634197924,114.82707671663402,116.22667694091797,206228500,NVDA,0.002241382463703534,0.25992584228515625,0.0239935025286893,0.0317392277750731,0.03791954080023527,115.78479919433593,0.0038163709714638117,115.87684783935546,0.003018973229643729,115.31955986022949,0.007866116396801459,115.88625045776367,0.0029375916625966614,61.520837869838594,284888420.0,0.723892182069036,0.018320980683641287,-0.0044527584268928555,0.0920441607240925,0.06691891716609022,0.022277576244761566,1,1,1,1,131.2111423152786,100.91242007486422,0.12892449279934037,0.131761978137244
2024-09-24,116.48659840876869,121.76509140434464,115.34692577819862,120.83535766601562,354966800,NVDA,0.039652520801574775,4.608680725097656,0.028899383168086698,0.033154768708986,0.038912200956926546,116.84049835205079,0.034190707591198244,117.1544075012207,0.03141964731251412,115.04068107604981,0.050370673537086796,115.73511337280273,0.04406825331206199,68.94822667167969,309496600.0,1.146916638179547,0.053114963617566215,0.04567877409281462,0.11822714111918797,0.004384860537846258,0.0163811616167866,1,1,1,1,129.15191727923408,100.91242007486422,0.06882554720618378,0.1648767213170971
2024-09-25,121.98501577990396,124.90418446690079,121.57513728542474,123.47459411621094,284692900,NVDA,0.02184159091488813,2.6392364501953125,0.02422890774596119,0.02302241810229103,0.03910442581705954,118.8679183959961,0.03875457551858674,117.81521759033203,0.04803604017910268,114.80179786682129,0.07554582254409237,115.67834579467774,0.06739591812084766,70.21041093921262,304371400.0,0.9353470792590894,0.026961394004201653,0.08944171845713456,0.0565440162424089,-0.016759760312336947,0.011416046231162547,0,1,1,1,128.28224429229948,100.91242007486422,0.038936351323930765,0.1827272582091812
2024-09-26,126.76365118817954,127.63339688941237,121.76508462125145,124.00444030761719,302582900,NVDA,0.004291135315719785,0.52984619140625,0.02109704707627371,0.02253508374423832,0.03883808279373553,120.1015640258789,0.03249646508264714,118.3050765991211,0.04817514068148143,114.72385711669922,0.080894971840753,115.79951293945312,0.07085459307980058,79.06779177271949,306186700.0,0.9882300570207654,0.04732340433619496,0.05234577755378633,0.04112803929323117,-0.056755863810340035,0.02966786866344573,0,1,1,1,127.63339688941237,100.91242007486422,0.02926473094667292,0.1862193013046042
2024-09-27,123.93446689659378,123.99444725769884,119.22581786965418,121.36520385742188,271009200,NVDA,-0.021283402784998406,-2.6392364501953125,0.022851764279254477,0.023940010351032614,0.03622780565571953,121.18125457763672,0.0015179681084032115,118.5350112915039,0.0238764271845211,114.91480598449706,0.05613199985557138,115.80591842651367,0.04800519270900594,71.04152222727424,283896060.0,0.9546071192393442,0.03929156987736598,0.046551728901998324,0.019311555663774627,-0.02100501773368424,0.09464569720850058,0,1,1,1,127.63339688941237,100.91242007486422,0.05164736541253024,0.1685226336090969
2024-09-30,118.27608190267567,121.46516987339125,118.11613173565692,121.40518951416016,226553700,NVDA,0.0003294655755305964,0.03998565673828125,0.023015830723115048,0.022739057705273482,0.03610122738835698,122.21695709228516,-0.006642020857318798,119.00087814331054,0.020204148140437583,115.01878662109375,0.055524867551464574,115.87630004882813,0.04771372112332073,69.68379215354423,287961100.0,0.7867510576949456,0.027585625879227416,0.04455528377426288,0.0399041314320816,0.0116106377367029,0.09230877416392724,1,1,0,1,127.63339688941237,100.91242007486422,0.05130099792419319,0.1687964865530378
2024-10-01,121.7350904738439,122.4049042106216,115.7568089513518,116.96646118164062,302094500,NVDA,-0.03656127345365101,-4.438728332519531,0.022849044664856155,0.02589687696687811,0.029629052770530576,121.44317779541015,-0.03686264387210991,119.14183807373047,-0.01825871521928024,115.46911964416503,0.012967463007337976,115.74574874877929,0.010546499081454996,50.169256297928285,277386640.0,1.089073720349329,0.05683761987930689,-0.03201791726448544,0.012198317618682175,0.06769226434130826,0.1522221471384697,1,1,0,1,127.63339688941237,100.91242007486422,0.09119653274973197,0.13725337113384684
2024-10-02,116.4066204825267,119.34577243311742,115.10699012612709,118.81592559814453,221845900,NVDA,0.015811920766174214,1.8494644165039062,0.02108503804097991,0.025140431327213678,0.029304252659202775,120.51144409179688,-0.014069356702429148,119.68968124389649,-0.0073001752253936125,116.10139274597168,0.023380708775063708,115.6711799621582,0.027186941786321528,49.50255952569513,264817240.0,0.8377320902521301,0.035675203350488606,-0.03772977389730714,0.048337328745453156,0.07463193266022583,0.13420290352016617,1,1,0,1,127.63339688941237,100.91242007486422,0.07421119051910607,0.15068270884690144
2024-10-03,120.88533415502995,124.3243504544059,120.30549859251518,122.81478118896484,277118000,NVDA,0.033655888894432495,3.9988555908203125,0.02810516883616647,0.02427265824720069,0.029945337149292782,120.27351226806641,0.021129082147650635,120.18753814697266,0.021859529552718193,116.88362693786621,0.050744098266659377,115.84332611083984,0.060180032049965915,55.66294168856915,259724260.0,1.066970024286526,0.03272286790713939,-0.009593681610925886,0.04224990721933297,0.08172564334052956,0.12389111430979782,1,1,1,1,127.63339688941237,100.91242007486422,0.039234818918363924,0.1783365235199279
2024-10-04,124.90418432860164,125.00415413490973,121.79507530101387,124.88418579101562,243678100,NVDA,0.016849800830298856,2.0694046020507812,0.026563394191809832,0.023426042356542668,0.027766639344325307,120.97730865478516,0.03229429700224973,121.07928161621093,0.03142489882674737,117.98824996948242,0.05844595392606333,116.09624588012696,0.07569529784763662,62.38588040754426,254258040.0,0.9583889657923895,0.025696438773008562,0.028994982266315805,0.0768964777222938,0.06187947573496433,0.053474349403316745,1,1,1,1,127.63339688941237,103.6514174842849,0.02201408513802814,0.17001967200444557
2024-10-07,124.95416700886946,130.60254885006705,124.91417756039569,127.68338775634766,346250200,NVDA,0.022414382954910606,2.7992019653320312,0.02720949263819865,0.023771426611180497,0.02729276440767891,122.23294830322266,0.0445905913976985,122.2249526977539,0.04465892551492123,119.05090026855468,0.07251089633358365,116.38955520629882,0.09703475994929844,67.59501730888275,278197340.0,1.2446208148503504,0.04455059808192295,0.051712766705538815,0.09857212747511945,0.055511992703987545,0.0626369936824338,1,1,1,1,130.60254885006705,104.910932028029,0.02286249718945347,0.17835096740833892
2024-10-08,130.2226473652744,133.44172537204778,129.38289186465897,132.85189819335938,285722500,NVDA,0.04047911422020345,5.168510437011719,0.010822576704008763,0.02388830075523704,0.02814222657244391,125.4100357055664,0.05934024694215645,123.42660675048828,0.07636353044951405,120.29050712585449,0.10442545606996623,116.81562393188477,0.13727850540630904,76.08232078520084,274922940.0,1.0392821348411303,0.03055156578554399,0.13581189728438292,0.09944556592911336,0.014372919246611326,0.030401137897742236,1,1,1,1,133.44172537204778,107.38001963060195,0.0044397346722885745,0.1917313859203153
2024-10-09,134.0715417617464,134.48142784672734,131.34232891760084,132.61195373535156,246191600,NVDA,-0.0018061048526275547,-0.2399444580078125,0.016357389149678273,0.023731900916989294,0.022772331673187315,128.16924133300782,0.034662859482804675,124.34034271240235,0.06652395226287378,121.0777801513672,0.09526251282080622,117.3940350341797,0.12963110686791812,72.28586223562174,279792080.0,0.8799091096502804,0.023671311979846704,0.11611261762894909,0.07400194092187729,0.040859721889337175,0.04033181077539294,1,1,1,1,134.48142784672734,113.18753538354541,0.014097327267394127,0.14647562157609637
2024-10-10,131.87218458812737,134.9612950129192,130.96244182735123,134.77134704589844,242311300,NVDA,0.016283549481943993,2.159393310546875,0.015147486336551212,0.023858994928078046,0.02269764235096807,130.56055450439453,0.032251644131629176,125.41703338623047,0.07458567155595763,121.86105499267578,0.10594272348945788,117.7499333190918,0.14455561244930926,78.11657132323181,272830740.0,0.8881378249386415,0.02967138990015519,0.09735445311372604,0.08682678387622111,-0.023811149322803926,0.06601893601664321,0,1,1,1,134.9612950129192,113.18753538354541,0.0014094091302365734,0.1601513388079614
2024-10-11,133.97158567859756,135.74108264717918,133.62169514533127,134.76136779785156,170209500,NVDA,-7.404576911651528e-05,-0.009979248046875,0.01742428409726179,0.021755630390982487,0.022693604633131796,132.5359909057617,0.016790736439826315,126.75664978027343,0.0631502807265254,122.64583053588868,0.09878474636296453,118.26177352905273,0.13951756156223594,77.92170774658814,258137020.0,0.6593765590073055,0.015726966388669283,0.07909073470170735,0.11037895141812903,0.006824830630405954,0.06520778905945956,1,1,1,1,135.74108264717918,113.18753538354541,0.007269997814189893,0.160089146962859
2024-10-14,136.43089368651033,139.56000161928338,136.26094423310064,138.0304412841797,232347700,NVDA,0.024258239135950932,3.269073486328125,0.0176266176775403,0.02179947712250319,0.02216421746707992,134.60540161132812,0.025445038845776313,128.4191749572754,0.07484292225130651,123.71002655029297,0.11575791496629351,118.87778091430664,0.1611121962621367,76.99312247230736,235356520.0,0.9872159054697104,0.023900940658376776,0.08103680290482917,0.13694020689354836,-0.008256832357152022,0.010791443652820698,0,1,1,1,139.56000161928338,113.18753538354541,0.011081326125405976,0.17998135534093695
2024-10-15,137.8304782609884,138.53028982768672,128.70310551155586,131.56228637695312,377831000,NVDA,-0.04686035085485096,-6.4681549072265625,0.027565070065911114,0.024485802903983552,0.025123211295936056,134.34747924804688,-0.020731262593706168,129.87875747680664,0.012962311411449434,124.51029777526855,0.05663779404345215,119.50077438354492,0.1009325006940629,61.333719652227465,253778220.0,1.4888235877767604,0.07469605908165765,-0.009707138806020588,0.12478641353991393,0.048632079596699906,0.06694520779590407,1,1,0,1,139.56000161928338,113.18753538354541,0.06079033332861936,0.13966579252628872
2024-10-16,133.9415846620271,136.58082718354044,131.54227882589296,135.68109130859375,264879700,NVDA,0.031306881668500264,4.118804931640625,0.031246962844826066,0.025225800393822016,0.024908576990797952,134.9613067626953,0.005333265979441393,131.56527404785157,0.03128346207256194,125.62747764587402,0.08002718713384849,120.13017227172851,0.12945056801957988,64.86761691009498,257515840.0,1.0285957555077,0.037135228712066974,0.023143747503842294,0.14194364623720612,0.05887125905139867,0.04288238546216161,1,1,1,1,139.56000161928338,114.82707671663402,0.02858843685055142,0.15369875338435515
2024-10-17,139.30005999950754,140.84961880375567,136.83076670766295,136.8907470703125,306435900,NVDA,0.008915433610181545,1.20965576171875,0.030750578842570927,0.024239721675102008,0.02386296184099934,135.38518676757812,0.011120568938749908,132.97287063598634,0.029463727567793585,126.5802043914795,0.0814546218217913,120.89052337646484,0.1323530020961312,70.51518109932668,270340760.0,1.133517195113308,0.029358098937311575,0.015725894790472594,0.11461133379124888,0.04863814183763471,0.02621790979027283,1,1,1,1,140.84961880375567,114.82707671663402,0.028919936651450533,0.16117722217079947
2024-10-18,138.63024003343975,138.86016981880368,137.24063917112105,137.96043395996094,176090200,NVDA,0.007814165037020482,1.0696868896484375,0.03072311913902109,0.02417306829915695,0.023205712219958215,136.025,0.01422851652241075,134.28049545288087,0.027404862446097855,127.6798885345459,0.08051812656958468,121.55111343383788,0.13499934358935262,71.29628339234003,271516900.0,0.648542319096896,0.011739095052083265,0.02373874808771692,0.10470699781658044,0.011304364656924415,0.023550732051264234,1,1,1,1,140.84961880375567,114.82707671663402,0.020942126382649973,0.1676810994233369
2024-10-21,138.090405825162,143.66880798339844,137.96043821210023,143.66880798339844,264554500,NVDA,0.04137689234214936,5.7083740234375,0.03415572697480264,0.025912484218550802,0.024234948845308225,137.15267333984374,0.04751008117361799,135.87903747558593,0.05732871421916075,129.05199508666993,0.11326297502732907,122.33026931762696,0.1744338403307737,83.26275785330412,277958260.0,0.9517777957021317,0.03973284007449854,0.04084871892577935,0.12519577141511173,-0.02296293157257323,-0.03040854320847619,0,0,1,1,143.66880798339844,115.10699012612709,0.0,0.19880319366589158
2024-10-22,142.86906078072698,144.37862268295584,141.7393796377136,143.54885864257812,226311600,NVDA,-0.0008349017612380161,-0.1199493408203125,0.017777669638180327,0.024129504372983508,0.02338598117311568,139.54998779296875,0.028655472586224473,136.9487335205078,0.04819413040487852,130.18767013549805,0.10263021446788234,123.02165786743164,0.16685843071036022,82.19680303864874,247654380.0,0.9138203006948635,0.018385677672392242,0.09110948582393119,0.0805179345924727,-0.014276940241408576,-0.07542313048850413,0,0,1,1,144.37862268295584,115.10699012612709,0.005780359720196298,0.19813371409150915
2024-10-23,141.9892821435429,142.3891613712536,137.42060018656866,139.51998901367188,285930000,NVDA,-0.028066190612756614,-4.02886962890625,0.02485161164986737,0.026620256551529504,0.024566444077894187,140.31776733398436,-0.005685511788493747,137.63953704833983,0.013662149740242269,130.98993988037108,0.06511987974871203,123.4901222229004,0.12980687444650418,71.72950197061417,251864440.0,1.1352535514739595,0.03561182322196186,0.02829353499484255,0.05209210092859662,0.006878923380355673,-0.02980790241723652,1,0,0,1,144.37862268295584,115.10699012612709,0.03482392525710314,0.1749785035114395
2024-10-24,140.77963709898057,141.30948393843238,138.42031305269128,140.3697509765625,172354900,NVDA,0.006090610878756175,0.849761962890625,0.024796295568415894,0.026351517322078726,0.024561550752067184,141.01356811523436,-0.00456563965636092,138.19937744140626,0.015704654936498752,131.80820541381837,0.06495457195449039,123.93679611206055,0.1325914125587342,70.80310494225995,225048240.0,0.7658575779130732,0.020582574704599274,0.025414456277772057,0.04154001613382574,0.005982429914019205,-0.03105191367316895,1,0,0,1,144.37862268295584,115.10699012612709,0.028559370366502225,0.17997296906691476
2024-10-25,140.88959441527413,144.0886893234089,140.7596420534019,141.49942016601562,205122100,NVDA,0.008047810739806316,1.129669189453125,0.02480249370931838,0.026323699040625502,0.02367465271461255,141.72136535644532,-0.0015660672607230586,138.87318267822266,0.01891104846266911,132.81491622924804,0.0653880165220111,124.31049896240235,0.138274090660774,69.43192604838154,230854620.0,0.8885336581091597,0.023526932238316898,0.025652182328462114,0.04999988111037479,-0.015543324031364825,-0.011516173412157382,0,0,0,1,144.37862268295584,115.10699012612709,0.02034780434832989,0.18651970452545566
2024-10-28,142.95902137870084,143.09898064959424,140.00986979275078,140.479736328125,173586700,NVDA,-0.007206275733810608,-1.019683837890625,0.014540240739280551,0.025665449284905547,0.023861905590126277,141.08355102539062,-0.004279837676873788,139.11811218261718,0.009787540415445273,133.76864356994628,0.050169401281770165,124.62942092895508,0.12717956387043938,62.14585187978401,212661060.0,0.8162599208336495,0.021989725618704773,-0.022197383691259898,0.017744600547227485,-0.05522349475586763,0.03622242159870015,0,1,0,1,144.37862268295584,115.10699012612709,0.027754083661746254,0.18061499021277788
2024-10-29,140.2497716969522,142.2192081120129,138.86017082456863,141.20950317382812,157593600,NVDA,0.005194819301187925,0.729766845703125,0.015146605479232609,0.019073704020943185,0.02150550069073269,140.6156799316406,0.004223022940800014,140.08283386230468,0.008042879205534259,134.98079566955568,0.04614513845007151,124.85457901000977,0.1309917849509321,63.479660497120335,198917460.0,0.7922562453793649,0.023787614940541997,-0.016296580069471323,0.07332813272364191,-0.04141585549472859,0.054017880973462606,0,1,1,1,144.37862268295584,115.10699012612709,0.02244267870007688,0.18484954950637414
2024-10-30,139.49998843906093,140.28977049571748,136.77077537646986,139.300048828125,179418100,NVDA,-0.013522137694603975,-1.909454345703125,0.009529405315520866,0.018034806361172374,0.022058666411402826,140.57169189453126,-0.009046224380370615,140.44472961425782,-0.00815040044063442,136.0050018310547,0.024227395703897647,125.09652709960938,0.1135404959500268,57.15640834348869,177615080.0,1.010151277695565,0.025261980515093162,-0.0015764062705403425,0.026672526618320536,-0.023611242557919798,0.05949479733531038,0,1,0,1,144.37862268295584,120.30549859251518,0.036457803838224216,0.13635709675196309
2024-10-31,137.5605791178224,137.5705707608992,132.07214669412372,132.72195434570312,270039600,NVDA,-0.04722248511583971,-6.578094482421875,0.0221240604040602,0.023746020389670955,0.02443494377785962,139.04213256835936,-0.04545513008115687,140.02785034179686,-0.05217459225618781,136.5003604888916,-0.0276805579828191,125.18192291259766,0.06023258995925418,47.33123940472791,197152020.0,1.3697024255698724,0.0414281427204849,-0.054483224324707424,-0.030453429569407775,0.05385645498666025,0.09415460862219249,1,1,0,0,144.37862268295584,121.79507530101387,0.08782773275693627,0.08232909994851215
2024-11-01,134.6613944536623,137.2706470867555,134.53144208222884,135.36119079589844,207127800,NVDA,0.01988545499654748,2.6392364501953125,0.025097714545520407,0.024637483318633954,0.024527094133270227,137.81448669433593,-0.01780143696996639,139.76792602539064,-0.03152894483596802,137.02421073913575,-0.012136686898371107,125.41526779174805,0.07930392510635609,46.4484965819226,197553160.0,1.0484661445051044,0.020236265567853347,-0.04337989062368908,-0.018840497158894576,0.0754061168312905,0.0951991938704757,1,1,0,0,144.37862268295584,124.91417756039569,0.06661755732227671,0.0771787923412632
2024-11-04,137.17067271068436,138.9201710380497,135.53114345978716,136.01100158691406,187528200,NVDA,0.004800569403939692,0.649810791015625,0.02582517991595756,0.019780309733908513,0.02415676038900971,136.92073974609374,-0.006644268507946305,139.00214538574218,-0.0215186880067747,137.44059143066406,-0.01040151114651744,125.54905105590821,0.08332958666766066,57.003464366889474,200341460.0,0.9360428939671299,0.024917304767415185,-0.03181052910558646,-0.05330180227686765,0.09430369287798657,0.0751194492650964,1,1,0,0,144.37862268295584,128.70310551155586,0.0615216489725993,0.05373018351525257
2024-11-05,137.41058693125512,140.32974787080795,137.29062621937655,139.86988830566406,160537400,NVDA,0.02837187193481605,3.85888671875,0.03010163641595821,0.02248190152036622,0.02331690067009258,136.65281677246094,0.023541933559700023,138.63424835205078,0.008912948772048512,137.7914909362793,0.015083640907448403,125.8181901550293,0.11168256460628379,56.64869410296142,200930220.0,0.7989709064171632,0.021728205321719207,-0.00948671893927,-0.02562869793395095,0.05517834317149828,0.04895994801949222,1,1,1,1,144.37862268295584,128.70310551155586,0.032235203959258406,0.07983693223308308
2024-11-06,142.91901845044762,146.44800513885863,141.91930516184587,145.56825256347656,242043900,NVDA,0.0407404647765186,5.6983642578125,0.03420279970218517,0.02420442209827837,0.024766726649807846,137.90645751953124,0.055557913543390125,139.23907470703125,0.04545547196261057,138.43930587768554,0.05149510567533189,126.1645100402832,0.15379715354974155,62.055570748087334,213455380.0,1.13393206580223,0.031110492138647996,0.04499785741701756,0.04335051624188413,-0.0024037834116932277,-0.024929661662138836,0,0,1,1,146.44800513885863,128.70310551155586,0.006043574473757219,0.11585731610377391
2024-11-07,146.3480493601011,148.88731477688594,146.12811118371621,148.83734130859375,207323300,NVDA,0.02245742933330641,3.2690887451171875,0.013081281895997878,0.024866860777685375,0.024953001802305565,141.12953491210936,0.05461511937444241,140.08583374023436,0.062472466592072395,139.14260559082032,0.06967481797978503,126.6299917602539,0.1753719576195234,64.24088654302957,200912120.0,1.0319103695685456,0.018538382699600234,0.12142216442137821,0.06032346907450936,-0.003963214220248035,-0.05863810106903644,0,0,1,1,148.88731477688594,128.70310551155586,0.00033575894229782594,0.13527677678205982
2024-11-08,148.7273495355645,149.72706281958904,146.21805942983792,147.58767700195312,175665800,NVDA,-0.008396174613530705,-1.249664306640625,0.019459800483108074,0.025268232623653096,0.025115730118595254,143.5748321533203,0.027949500538838157,140.6946594238281,0.048992745043438424,139.7839210510254,0.055827278933455515,127.23082077026368,0.15999940980061056,55.80912253019499,194619720.0,0.9026104857205631,0.023775720717554745,0.09032490135588533,0.04302672639078242,-0.009212177530363519,-0.004199722382645876,0,0,1,1,149.72706281958904,128.70310551155586,0.014495694092451905,0.12795493413821638
2024-11-11,148.63735542204353,148.80732009469307,143.52883547102425,145.2183380126953,182325600,NVDA,-0.016053772492309437,-2.3693389892578125,0.024475957897766992,0.02587175267750557,0.02509439692756832,145.41629943847656,-0.0013613427555623225,141.16851959228515,0.028687829497019646,140.14331588745117,0.03621308724648631,127.74867599487305,0.13675023934121522,52.32003019552877,193579200.0,0.941865654987726,0.03634860924525496,0.06769552696733538,0.03373156733083649,0.010326331883616202,0.004337172871911932,1,1,0,1,149.72706281958904,128.70310551155586,0.031047902548640663,0.11372690754590273
2024-11-12,146.73790556674717,149.60707763368606,145.96812211424654,148.24746704101562,198634700,NVDA,0.020859135766004178,3.0291290283203125,0.023541684537633775,0.026445170488356214,0.022466164809334166,147.09181518554686,0.007856670026207713,141.8723159790039,0.044935835564672066,140.9775749206543,0.051567720075004875,128.55442932128906,0.15318832516076775,62.47497214765364,201198660.0,0.9872565751680453,0.024546493724798214,0.059895513157511404,0.04984058231919275,-0.04255170013090359,-0.010924347432455184,0,0,1,1,149.72706281958904,131.54227882589296,0.009980580498984525,0.1126844764942988
2024-11-13,149.02727349633594,149.28719347067064,145.8581688148386,146.2280731201172,191903300,NVDA,-0.013621776892415505,-2.0193939208984375,0.0190243933583469,0.02645302260618968,0.022069239122263145,147.223779296875,-0.006763215708176951,142.56511840820312,0.025693204290168747,141.50492401123046,0.03337798413652293,129.35558151245118,0.13043497165247508,58.10289059258393,191170540.0,1.0038330173676342,0.02344983820593275,0.004532722932515165,0.04973454316976089,-0.041840603814820576,-0.029534488625567068,0,0,0,1,149.72706281958904,132.07214669412372,0.023928303401752744,0.09680717336926997
2024-11-14,147.59766330614426,148.9572739334313,145.50826627914395,146.71791076660156,194463300,NVDA,0.003349819470588322,0.489837646484375,0.015179441104045389,0.019146294733214723,0.022038819858809174,146.79989318847657,-0.0005584637706088635,143.96471405029297,0.01912410783761076,141.99628219604492,0.03325177601507767,130.14653778076172,0.12732857337899484,57.34796858154142,188598540.0,1.031096529167193,0.023507747869815486,-0.014239911324388954,0.10545321224281357,0.001703534105262472,-0.07318062193554964,1,0,0,1,149.72706281958904,132.07214669412372,0.020509779871214395,0.09982260513357695
2024-11-15,144.8284560077565,145.19836028928967,140.03983617411208,141.9392852783203,250132900,NVDA,-0.03257015768090554,-4.77862548828125,0.020378036741489525,0.023006443242813396,0.023447364535766527,145.67021484375,-0.025612164912584112,144.62252349853514,-0.018553390960862393,142.1952247619629,-0.0017999161650542606,130.9294889831543,0.08408950787688907,51.8584129942223,203491960.0,1.229202863837962,0.03634317380887568,-0.038271431859165705,0.04859660618929196,0.027539167629617944,-0.03563870781034839,1,0,0,0,149.72706281958904,132.07214669412372,0.054866963194848656,0.06951661455000784
2024-11-18,139.45999475223928,141.50940991238423,137.1106625740026,140.10980224609375,221205300,NVDA,-0.01288919433854574,-1.8294830322265625,0.020097328452962488,0.02369279580983087,0.021686057263885755,144.64850769042968,-0.031377478529190705,145.03240356445312,-0.0339413896300198,142.01727447509765,-0.013431269090707465,131.60307739257811,0.06463925481119026,48.637918886718396,211267900.0,1.0470369611285009,0.03139500069135438,-0.03517831037396224,0.0301358023347873,0.04652178401862028,-0.034320289742062804,1,0,0,0,149.72706281958904,132.07214669412372,0.0686408832167445,0.05736683246367313
2024-11-19,141.2794937524248,147.08782570288798,140.94958652618317,146.9678497314453,227834900,NVDA,0.048947663728094115,6.8580474853515625,0.030864181557487904,0.02680797422655521,0.02439710493668013,144.39258422851563,0.017835164573646534,145.74219970703126,0.008409712676752834,142.188224029541,0.03361477882240993,132.38123916625977,0.11018638786773982,58.46018125219915,217107940.0,1.0494084186879578,0.041765863676451916,-0.00863163017292079,0.050746887065997726,-0.03441941882443211,-0.05958770453975604,0,0,1,1,149.72706281958904,132.07214669412372,0.018774263168343557,0.10135348012875298
2024-11-20,147.36774356025674,147.5176944558783,142.68907730947365,145.84817504882812,309871700,NVDA,-0.007618500812682338,-1.1196746826171875,0.030380755982446522,0.023905605626463055,0.023506862203923444,144.3166046142578,0.010612572535669162,145.77019195556642,0.0005349728378314378,142.50463333129883,0.02346268776928917,132.96087280273437,0.09692552383597719,66.46599075405447,240701620.0,1.2873685686037344,0.03310714820249282,-0.0025979831586578905,0.0019229638360156454,-0.06765372441518402,-0.04976352504303583,0,0,1,1,149.72706281958904,132.07214669412372,0.026595380912118435,0.0944545816229265
2024-11-21,149.30720000657334,152.84617867409492,140.65967008206871,146.62796020507812,400946600,NVDA,0.0053465540860482275,0.77978515625,0.030451402155600396,0.02273898104171465,0.02350143908748072,144.29861450195312,0.01614253685778433,145.54925384521485,0.007411280589665115,142.81754379272462,0.02668031049381203,133.5113150024414,0.09824369719073545,64.82503590916957,281998280.0,1.4218051259036049,0.08311176514344056,-0.0006130850763443885,-0.014844266123611893,-0.06647577738903843,-0.04370351561646346,0,0,1,1,152.84617867409492,132.07214669412372,0.0424081359402382,0.09927038124649777
2024-11-22,145.88815647311117,147.11781483152527,141.05955459424152,141.9093017578125,236406200,NVDA,-0.032181164088117775,-4.718658447265625,0.030346928169086924,0.02472504671307996,0.024688267907531133,144.29261779785156,-0.01651724167467805,144.98141632080078,-0.021189712729737686,142.83803787231446,-0.006502022348782055,133.9681838989258,0.05927614772234291,57.01043937051115,279252940.0,0.8465665571864704,0.04269107213016234,-0.00021124187323484644,-0.038474589203443266,-0.04656571795262188,0.022472819845835046,0,1,0,0,152.84617867409492,132.07214669412372,0.07706948579697531,0.06932001596679846
2024-11-25,141.9492922301626,142.0092725854583,135.78106320516017,135.9810028076172,344941900,NVDA,-0.041775266855394455,-5.9282989501953125,0.03575770459612384,0.02735736184041749,0.026401925120527543,143.46685791015625,-0.05217828850219164,144.05768280029298,-0.056065597028049474,142.61310119628905,-0.04650413133884246,134.35287353515625,0.012118306290150871,45.5945679094292,304000260.0,1.134676332184716,0.04580205507904404,-0.029468312511244488,-0.06360997744148933,0.01639471743226939,0.06653436046811079,1,1,0,0,152.84617867409492,132.07214669412372,0.12402597067428744,0.028745604406401025
2024-11-26,137.66052777043362,139.26007526155422,135.63111085304342,136.88075256347656,190287700,NVDA,0.006616731288063171,0.899749755859375,0.02203436128338677,0.02613464896417673,0.026422227035544726,141.4494384765625,-0.03229907422957323,142.92101135253907,-0.04226291664115911,142.39666366577148,-0.0387362383380111,134.77935134887696,0.015591418073827246,38.95809559420753,296490820.0,0.6417996348082547,0.026511867742894782,-0.06863471967781343,-0.07667392033345322,0.012488996018891418,0.040387188528949514,1,1,0,0,152.84617867409492,132.07214669412372,0.1166374805195099,0.03512989064786827
2024-11-27,134.97128602051475,137.18065910710888,131.76221489663718,135.3011932373047,226370900,NVDA,-0.01153967447278148,-1.579559326171875,0.02182267157514075,0.026089949574103072,0.02637734173783116,139.3400421142578,-0.02898555803249503,141.8283233642578,-0.046021344482720106,142.19672088623048,-0.04849287385777912,135.21862533569336,0.0006106252108859511,32.02334783318831,279790660.0,0.8090723971986771,0.04004727586524901,-0.07231480138844681,-0.07472491191097586,0.036353039477736715,0.025709761445090518,1,1,0,0,152.84617867409492,131.76221489663718,0.12967354549503557,0.02615629807832145
2024-11-29,136.74079305563075,139.31006372977,136.0110065692894,138.2103729248047,141863200,NVDA,0.021501507990381086,2.9091796875,0.026275541878978473,0.027515846685050777,0.024462967310327752,137.65652465820312,0.004023407302899296,140.97756958007812,-0.019628630735484598,142.47114181518555,-0.029906188973398917,135.6261085510254,0.019054328118593977,38.072246877982906,227973980.0,0.6222780336598063,0.023869823159188633,-0.057407790904956735,-0.05798568012143146,0.04983729411979021,-0.022934490941739938,1,0,1,0,152.84617867409492,131.76221489663718,0.10589513246775656,0.046654660512895976
2024-12-02,138.79019534076207,140.40972595950504,137.78049042793322,138.5902557373047,171682800,NVDA,0.0027485839482299657,0.3798828125,0.023933261891333955,0.025890378457938,0.024112635647264073,136.99271545410156,0.011661498043218144,140.64266662597657,-0.014593088554912259,142.63259506225586,-0.028340922516250866,136.07857864379883,0.0184575494434025,41.11976736864399,215029300.0,0.7984158437943109,0.018971287105173474,-0.023388502229207075,-0.023594803471418846,0.04645460890218067,0.004974318621292495,1,1,1,0,152.84617867409492,131.76221489663718,0.10286381867865278,0.04926782770074355
2024-12-03,138.22037595856943,140.4997214017946,137.91046723010535,140.2198028564453,164414000,NVDA,0.011758020868576802,1.629547119140625,0.012163554991360813,0.025920647429484578,0.024213423397312524,137.8404754638672,0.017261456655391694,140.6536666870117,-0.0030846250992648816,142.84303512573243,-0.018364439449064518,136.55844116210938,0.026811683431487765,38.825548473153546,178923720.0,0.9189055537186461,0.018465681158745337,0.03117200168633172,0.0007851028877934318,0.015612477140893644,-0.020751089973333525,1,0,1,0,152.84617867409492,131.76221489663718,0.09004702303408794,0.06031664420800017
2024-12-04,141.95930442882306,145.74821154635353,140.2497877832653,145.09840393066406,231224300,NVDA,0.034792525555134235,4.87860107421875,0.017673653891780005,0.02321948282521761,0.024623325753676595,139.4840057373047,0.040251197000559014,140.4667221069336,0.032973516817773385,143.1044609069824,0.013933479159519147,137.04370208740235,0.05877469537509028,48.543449793343555,187111040.0,1.2357597926878072,0.03789444690043368,0.06003511241200021,-0.012720100377036858,-0.04354733836363622,-0.07496732890118996,0,0,1,1,152.84617867409492,131.76221489663718,0.05339669171780251,0.09191134204618574
2024-12-05,145.0784040292141,146.50808533514203,143.91865294893697,145.02841186523438,172621200,NVDA,-0.0004823765357414578,-0.0699920654296875,0.014404353045966427,0.0231040422169863,0.022884631822106705,141.42944946289063,0.02544705092193733,140.3847457885742,0.03307813858675024,143.0774688720703,0.013635571054925855,137.4747784423828,0.05494559444601954,47.7977851952006,176361100.0,0.9787940764715122,0.01785465587674817,0.07189307348434926,-0.005620661234323365,-0.0688680470114309,-0.09003183938020631,0,0,1,1,152.84617867409492,131.76221489663718,0.05390507079485288,0.09147308998270372
2024-12-06,144.56851457164973,145.66826585624298,141.27922253713282,142.4089813232422,188505600,NVDA,-0.01806149918007971,-2.6194305419921875,0.019323553664716546,0.023645436503940607,0.022589329171073,142.26917114257813,0.000982715928835587,139.9628479003906,0.017477019505865332,142.75605087280275,-0.002431207275898961,137.8428692626953,0.033125486178359864,50.648753412162215,185689580.0,1.0151652020538793,0.030819989570375742,0.030378388463808026,-0.028773358614108457,-0.021974270632487247,-0.08459704176026461,0,0,1,0,152.84617867409492,131.76221489663718,0.07329030271737012,0.0747619028496441
2024-12-09,138.93972344033872,139.91950565348523,137.1001279875636,138.77975463867188,189308600,NVDA,-0.02548453511041293,-3.6292266845703125,0.02410088496925096,0.02279611585146356,0.023161377703202483,142.30707092285155,-0.024786655092436938,139.64989318847657,-0.006230857252646271,142.31565475463867,-0.02484547551752414,138.19116027832033,0.00425927649182567,48.249920492911826,189214740.0,1.0004960501491587,0.02031548242221768,0.0013673320707798808,-0.022053150007612765,-0.010589912996821327,-0.07132039665445122,0,0,0,0,152.84617867409492,131.76221489663718,0.10135789670508136,0.050566019231736106
2024-12-10,138.97971741196267,141.78911819403848,133.76085313448985,135.04058837890625,210020900,NVDA,-0.026943168111955185,-3.739166259765625,0.025741898391644903,0.020261724125904185,0.023612497693128755,141.27122802734374,-0.04410409490622902,139.55585174560548,-0.03235452551950346,141.80676727294923,-0.04771407616266621,138.46386825561524,-0.02472327199749569,32.90280387323405,198336120.0,1.0589140293759907,0.059450755924006844,-0.036936398226443456,-0.006915778007913431,-0.006070946732323779,-0.03250184745345208,0,0,0,0,152.84617867409492,131.76221489663718,0.13185361904102866,0.02427694903898365
2024-12-11,137.33007570041752,140.1394610798945,135.18055019628483,139.27964782714844,184905200,NVDA,0.031391002506208965,4.2390594482421875,0.024361429092237447,0.02260853842276625,0.02428885361092601,140.10747680664062,-0.005908528212485442,139.79574127197264,-0.003691768004721596,141.35837631225587,-0.014705378905283895,138.9101319885254,0.0026601071738494575,41.35723225840906,189072300.0,0.9779602829182276,0.03560398781136973,-0.04010213721093825,0.017525438885641842,-0.052472925933882864,-0.03309165123675051,0,0,0,0,152.84617867409492,131.76221489663718,0.09740497666811364,0.0539736641195467
2024-12-12,137.05015122102654,138.4098556769623,135.77043117490655,137.31008911132812,159211400,NVDA,-0.014141037449093896,-1.9695587158203125,0.02408367855101213,0.022795422047827096,0.02430126426913142,138.56381225585938,-0.00904798391528261,139.996630859375,-0.01919004572863947,140.9124771118164,-0.025564719848262363,139.28001525878906,-0.014143638222617327,38.11190063659548,186390340.0,0.854182679209663,0.01922236391468489,-0.05321938408232996,0.014847584311396655,-0.05060433922296359,0.016965126505291694,0,1,0,0,152.84617867409492,131.76221489663718,0.11314601616907011,0.04040398087712878
2024-12-13,138.90974525213795,139.56960518418134,132.51112983721956,134.22076416015625,231514900,NVDA,-0.022498892624467803,-3.089324951171875,0.024503271402309828,0.022796832087288863,0.02463855087338496,136.9261688232422,-0.019758127218021726,139.59766998291016,-0.03851716023205953,140.28761978149413,-0.043245837592706726,139.5081349182129,-0.03790008920380439,39.765149884017106,194992200.0,1.1873033895714804,0.05258854985015135,-0.057497898566524985,-0.028866203601223495,-0.03977653311190665,0.04446930593027143,0,1,0,0,152.84617867409492,131.76221489663718,0.13876701291697505,0.018317205083003846
2024-12-16,134.1507548377073,134.37070812011547,130.39157963416955,131.9712371826172,237951100,NVDA,-0.01675990292273155,-2.2495269775390625,0.02355383816000311,0.023112051792742592,0.02392206942521402,135.56446533203126,-0.026505678612853023,138.9357681274414,-0.050127703173137306,139.789217376709,-0.055926918690900385,139.64987594604492,-0.0549849307878687,44.08271552341433,204720700.0,1.1623206642024964,0.03015148278438689,-0.04905987529507749,-0.04775962436517711,-0.010000038155286717,0.060075845772631364,0,1,0,0,152.84617867409492,130.39157963416955,0.15817796314655833,0.011969710841323455
2024-12-17,129.06188284882555,131.5613383936032,126.8323727744144,130.36160278320312,259410300,NVDA,-0.012196857692458485,-1.6096343994140625,0.021721049759104792,0.022455355111852458,0.02390805664323642,134.62866821289063,-0.03169507272358907,137.9499481201172,-0.055007960788116206,139.30180740356445,-0.0641786692290438,139.70344024658203,-0.06686905810544252,40.57700018659012,214598580.0,1.2088164795871437,0.036275755423575674,-0.03464873525709544,-0.07030533400004024,0.03305460673752236,0.05077078410904923,1,1,0,0,152.84617867409492,126.8323727744144,0.17247851676298115,0.027072619033826923
2024-12-18,133.83084634553458,136.67022414162827,128.2520598203989,128.88192749023438,277444500,NVDA,-0.011350545416578761,-1.47967529296875,0.004485706338398639,0.01697720655138748,0.02053239862402146,132.54912414550782,-0.02766669850830339,136.32830047607422,-0.054620889131869466,138.39751129150392,-0.06875545457769872,139.62404083251954,-0.07693598665555335,40.69450619454933,233106440.0,1.1902052126916784,0.06531687169147303,-0.07465355132013285,-0.11176192157274734,0.08346899261058494,0.0665580129584109,1,1,0,0,152.84617867409492,126.8323727744144,0.18593957780214262,0.015902576534442957
2024-12-19,131.7312862928068,134.0007959707685,129.52177635647746,130.65151977539062,209719200,NVDA,0.013730336903056806,1.76959228515625,0.013888186024807367,0.01853931109850602,0.021011990643323982,131.2174102783203,-0.004312617523310247,134.89061126708984,-0.03142614190772408,137.63767852783204,-0.050757603783826766,139.58483215332032,-0.06399916266057704,38.668140441061766,243208000.0,0.8623038715831716,0.034282185327741674,-0.048492935799778536,-0.09913155570650034,0.07300296716636434,0.02762491915213272,1,1,0,0,152.84617867409492,126.8323727744144,0.1698767755389314,0.02923155434810028
2024-12-20,129.7817201303188,135.25052978203578,128.19207015255643,134.670654296875,306528600,NVDA,0.030762248524884184,4.019134521484375,0.020553754753430478,0.022296382787604437,0.022410306175932704,131.30738830566406,0.025613684306794227,134.1167785644531,0.00412980194089374,137.03981323242186,-0.01728810686226434,139.58281829833984,-0.03519175254769358,44.702019945773436,258210740.0,1.1871256788156836,0.05241275217924851,0.0033518669002803314,-0.054338756969285584,0.03882706744426789,0.02680036293692467,1,1,1,0,147.11781483152527,126.8323727744144,0.09242667305388669,0.05820333734461176
2024-12-23,136.25031123897003,139.75954112073697,135.09056027465786,139.6395721435547,176053500,NVDA,0.03689681224631136,4.9689178466796875,0.022938351027728426,0.02464030270696188,0.023150292449428976,132.84105529785157,0.05117782925210679,134.2027603149414,0.04051192252569469,136.92632675170898,0.019815366819601277,139.6803823852539,-0.00029216874268456205,49.28066127859403,245831220.0,0.7161559870223155,0.03343594351090694,0.058106108002354606,0.006195554294799344,-0.019044806056852992,0.034366801476361175,0,1,1,1,146.50808533514203,126.8323727744144,0.04918744082462708,0.09171611723340153
2024-12-24,139.9695150682445,141.8690952419841,138.61980292789985,140.18946838378906,105157000,NVDA,0.0039379685270666265,0.549896240234375,0.01965986593550553,0.02261661839740336,0.021025152249594267,134.80662841796874,0.03993008377251894,134.7176483154297,0.04061695061323789,137.1367500305176,0.02226039593757423,139.7235629272461,0.00333448021781102,43.18243851496714,214980560.0,0.48914655353023545,0.02317786315580307,0.07538926640024579,0.038128388410421765,-0.01946947887756101,0.06568237543860067,0,1,1,1,146.50808533514203,126.8323727744144,0.04507198025785241,0.09527888052765615
2024-12-26,139.6695752314167,140.81933395538283,137.70000300728188,139.89952087402344,116205600,NVDA,-0.0020682545779533434,-0.289947509765625,0.01680462867169871,0.020484888223731398,0.021008677094484556,137.01014709472656,0.02108875758887563,134.77963562011718,0.03798708336277823,137.2876884460449,0.01902452038884017,139.8903076171875,6.586058028523745e-05,42.92021698076249,182732780.0,0.6359318782322471,0.022296938035333544,0.08548594514637342,0.004450564433105653,-0.04030580943026929,0.0015006890473912016,0,1,1,1,146.50808533514203,126.8323727744144,0.04723793491093842,0.0934038088048617
2024-12-27,138.51983681592935,138.98973570413628,134.6806765533369,136.98016357421875,170582600,NVDA,-0.020867528934809587,-2.9193572998046875,0.02392355720274184,0.021124307799764742,0.021408446672956598,138.2758758544922,-0.009370486878252926,134.74664306640625,0.016575704277187686,137.37163696289062,-0.002849739562888254,139.9162890625,-0.020984872511660813,42.56774682505629,174905460.0,0.9752845908869855,0.0314575412845426,0.04843911352663954,-0.002402777095584563,0.009488331017077689,0.022626045823989305,1,1,0,0,146.50808533514203,126.8323727744144,0.06955694541685116,0.07408219215847313
2024-12-30,134.80062832550155,140.23944563051566,133.99080722961983,137.46005249023438,167734700,NVDA,0.0035033460575160102,0.479888916015625,0.020840316483929304,0.019598030602495944,0.020865313647310473,138.83375549316406,-0.009894589381739594,135.07057189941406,0.017690608377668893,137.3341209411621,0.0009169720402275594,139.92767517089842,-0.017634986628987104,48.02278072636426,147146680.0,1.1399149474524333,0.04545784966392147,0.02071273959366282,0.024134032840201325,0.05076736827172135,-0.011491597678746746,1,0,0,1,146.50808533514203,126.8323727744144,0.06582299861663776,0.0773146781431282
2024-12-31,137.99994871496077,138.0399485497518,133.80086613446198,134.26075744628906,155659200,NVDA,-0.023274362158217543,-3.1992950439453125,0.013309807959489496,0.020403270180340577,0.021482766254575285,137.75799255371095,-0.02538680364450241,135.29952392578124,-0.007677532406263343,137.11764602661134,-0.020835309408446356,139.853681640625,-0.03999125463645503,48.81242125525914,143067820.0,1.0880098683267838,0.031573502905237756,-0.03851927225712204,0.017348630751288008,0.11274097152682372,-0.007893361373160546,1,0,0,0,146.50808533514203,126.8323727744144,0.0912204587684715,0.055328040845042815
2025-01-02,135.97038221662075,138.84975989825128,134.60068545398187,138.27987670898438,198247200,NVDA,0.029935174947178123,4.0191192626953125,0.02154757891335929,0.021488403129065223,0.022430882805343704,137.37607421875,0.0065790385652977346,136.0913513183594,0.01608129663952962,137.0206497192383,0.009190052684221683,139.74590301513672,-0.010490656788654129,48.46721380122836,161685860.0,1.2261257725319952,0.03072807515739807,-0.013621505929225064,0.06074084513174993,0.013231063602988646,-0.04735746183919998,1,0,1,1,146.50808533514203,126.8323727744144,0.059504020555892254,0.08278503139442131
2025-01-03,139.97950221326124,144.86843662681642,139.69956441393234,144.43853759765625,229322500,NVDA,0.04453765099626916,6.158660888671875,0.03016698722854134,0.02360332378215579,0.02332496437134905,138.28387756347655,0.04450743024149384,137.64701232910156,0.049340157506047255,136.9876564025879,0.05439089470347036,139.76369659423827,0.033448178012849494,59.68487313079482,184309240.0,1.2442268222689215,0.035785963350600664,0.03244483394421405,0.12070435638542598,-0.03017930420738646,-0.05696675781466232,0,0,1,1,146.50808533514203,126.8323727744144,0.014328224114610249,0.12189381806318941
2025-01-06,148.55763229845726,152.12686204773377,147.78781099429082,149.39744567871094,265377400,NVDA,0.03433230606964521,4.9589080810546875,0.027508993545992372,0.024674147795288256,0.024551693792425364,140.767333984375,0.06130763047124188,139.5216049194336,0.07078359487751107,137.20610809326172,0.08885418991086413,139.96124572753905,0.06742009119825365,69.62253869685631,203268200.0,1.3055529590954218,0.029043676307387203,0.09065022102827491,0.14348035090251798,-0.09047697400170418,-0.10613659954625265,0,0,1,1,152.12686204773377,126.8323727744144,0.018269498227517347,0.15104055361712287
2025-01-07,152.99665754898407,153.09664186378797,139.97948999458222,140.10946655273438,351782200,NVDA,-0.062169597905649465,-9.287979125976562,0.04570566229171496,0.033489117847210446,0.028144877291659858,141.297216796875,-0.008406041329519609,140.06548614501952,0.0003139988938412053,137.09113235473632,0.022016990786740465,139.9560400390625,0.0010962478906166861,58.902021630690626,240077700.0,1.4652847807189089,0.09362073949706111,0.019274065552159048,0.04038602384651502,-0.04930771598222394,-0.017339717850182956,0,0,0,1,153.09664186378797,126.8323727744144,0.09269306086584435,0.09476228912286058
2025-01-08,142.54894625810496,143.91864297451565,137.5300354006173,140.07948303222656,227349900,NVDA,-0.0002140006756540247,-0.0299835205078125,0.043279721701539986,0.031494057666308944,0.027521530535000567,142.4609619140625,-0.016716712072129103,140.1094772338867,-0.00021407689367136662,137.15611877441407,0.021314136649059456,139.92764129638672,0.0010851446821591448,61.010425890702585,254415840.0,0.8936153503649773,0.0456070184984092,0.04333898971384298,0.003150331112584892,-0.05959609592288839,0.005138858434014182,0,1,0,1,153.09664186378797,126.8323727744144,0.09292694797115068,0.09456852617570376
2025-01-10,137.42007490895548,139.88953842521914,134.19078233209814,135.8804168701172,207602500,NVDA,-0.029976311100058384,-4.199066162109375,0.04441170386063415,0.03290869859142737,0.027690451304192617,141.98106994628907,-0.04296807369094868,139.67857208251954,-0.02719211082826989,137.1981101989746,-0.009604311072116123,139.83565490722657,-0.028284903730264377,57.46907920771118,256286900.0,0.8100394518799049,0.04193949521488608,-0.017352198280570885,-0.03073734113803195,0.0024280580285880315,0.08211321227630264,1,1,0,0,153.09664186378797,126.8323727744144,0.12670129655347687,0.06658828626020089
2025-01-13,129.96170394882952,133.46094192558937,129.4817974709377,133.20098876953125,204808900,NVDA,-0.019719015898715497,-2.6794281005859375,0.03578520429667968,0.03334590028745115,0.02705777540538404,139.73356018066406,-0.04675019660764901,139.00871887207032,-0.04177961029828581,136.89417724609376,-0.026978419030367462,139.67548461914063,-0.046353845610514144,52.66906541016981,251384180.0,0.8147246974730072,0.029873235111914382,-0.07780159654778551,-0.04788102248415904,0.0025519333383736686,0.10500638069250567,1,1,0,0,153.09664186378797,126.8323727744144,0.14936565620155293,0.04781207747741306
2025-01-14,136.02036676060487,136.35029670610186,130.021673763493,131.73129272460938,195590500,NVDA,-0.01103367218590845,-1.469696044921875,0.023679754492967185,0.03294865501806668,0.02699250872780135,136.20032958984376,-0.032812232383669926,138.48383178710938,-0.048760486876768816,136.6152374267578,-0.03574963374613915,139.5241094970703,-0.05585283289426446,46.74922339390028,237426800.0,0.8237928489959853,0.04804191025316324,-0.11824936412965048,-0.038318474096181276,0.04515795060477412,0.08242259886377412,1,1,0,0,153.09664186378797,126.8323727744144,0.16218886718013073,0.037188733586911715
2025-01-15,133.6208947252083,136.42028814155947,131.26140794998662,136.21034240722656,185217300,NVDA,0.03400140991541667,4.4790496826171875,0.02459742138853533,0.03500666540242461,0.02765243261858866,135.42050476074218,0.005832481926425048,138.3588607788086,-0.015528592527346952,136.71471633911133,-0.0036892438896900526,139.59387725830078,-0.024238418743921075,46.16591169337393,204113820.0,0.9074216532716893,0.03787436475381143,-0.027829127049315172,-0.009091441916163956,0.0336904612139719,-0.1307987257526061,1,0,1,0,153.09664186378797,126.8323727744144,0.12397222676437168,0.06884917449788765
2025-01-16,138.6097963703303,138.7197730168145,133.46092441099125,133.54090881347656,209235600,NVDA,-0.01959787741939023,-2.66943359375,0.025100416529833986,0.03475767139187463,0.02775599404373711,134.1127899169922,-0.004264180201378198,138.28687591552733,-0.034319721742429476,136.7931999206543,-0.023775239624953648,139.55747161865236,-0.04311172118119444,42.90287566122226,200490960.0,1.0436161311213235,0.0393800570368181,-0.046677601010604364,-0.005361571366826801,0.1010707931465491,-0.03428907884229149,1,0,0,0,153.09664186378797,126.8323727744144,0.14644001769993867,0.05023581237141589
2025-01-17,136.66022586007293,138.46982912838536,135.4304980750839,137.6800079345703,201188800,NVDA,0.030994989908860404,4.13909912109375,0.02724217085863644,0.03486052129117537,0.028352446039140236,134.47270812988282,0.02385093487958656,138.22688903808594,-0.003956401734288795,137.15912017822265,0.0037976895424147727,139.59085174560548,-0.013688889974806773,47.81065469940565,199208220.0,1.0099422604147559,0.022075325959785203,0.01324393246580402,-0.004338077156928022,0.06905820759998038,-0.10173554307953336,1,0,1,1,153.09664186378797,128.19207015255643,0.11197438292234921,0.06891296655446767
2025-01-21,139.1296971907641,141.79911388356058,137.0601406758009,140.79933166503906,197749000,NVDA,0.02265633026365843,3.11932373046875,0.024928047924112316,0.0323594218993565,0.02845859710050472,135.99237670898438,0.03534723837014253,137.86296844482422,0.02129914402205868,137.7549903869629,0.02209968052354694,139.60944061279298,0.008522998495110734,53.75245460572338,197796240.0,0.9997611683619466,0.033657639931371726,0.05704419288249207,-0.025195532945331056,0.012710263155755852,-0.114890286293305,1,0,1,1,153.09664186378797,128.19207015255643,0.08733926541643071,0.08954063462797715
2025-01-22,144.6285153116103,147.7578236263026,143.63872531436203,147.03799438476562,237651400,NVDA,0.044308894409870625,6.2386627197265625,0.024760488526948433,0.033731227137623214,0.02975449324072966,139.05371704101563,0.057418654557755744,137.62702331542968,0.06838025587290941,138.57431411743164,0.061076833186860524,139.63883544921876,0.05298783043945998,58.45395403160811,206208420.0,1.1524815524021763,0.028013836350092036,0.11619639755722777,-0.015793116697720988,-0.19480537203041592,-0.18358615906010223,0,0,1,1,153.09664186378797,128.19207015255643,0.041204639007576586,0.12817043860713728
2025-01-23,145.0184168760411,147.19793483530896,143.68870466698334,147.1879425048828,155915500,NVDA,0.0010197916582350697,0.1499481201171875,0.02530854165802935,0.026061241968597257,0.02920826393401789,141.24923706054688,0.04204415944413409,138.33487091064453,0.06399739657802406,139.20017852783204,0.05738328830845352,139.60584747314454,0.05431072672795323,62.05931068016997,200348060.0,0.7782231582377189,0.023841831800924862,0.08059299979466061,0.05052103991477441,-0.12382827106763983,-0.207580486598275,0,0,1,1,153.09664186378797,129.4817974709377,0.04014390892589002,0.12029616511119949
2025-01-24,148.3376757009225,148.93755110518853,141.8490991802554,142.58892822265625,234657600,NVDA,-0.031245862969203397,-4.5990142822265625,0.029567879189523995,0.028515338993785066,0.029248898654330318,143.0588409423828,-0.0032847513416931484,138.5858154296875,0.028885443871416783,139.3476463317871,0.02326039926897394,139.50587249755858,0.02209982755494133,53.976735370044615,205432460.0,1.1422615491242232,0.0497124988124207,0.06775466401698305,0.017914437832786456,-0.1326601644481561,-0.16806892200376944,0,0,0,1,153.09664186378797,129.4817974709377,0.07369235306070646,0.09192249998016282
2025-01-27,124.77281833637456,128.37202500863236,116.67457662673027,118.39420318603516,818830900,NVDA,-0.16968165297406834,-24.194725036621094,0.08472168120967986,0.06133498928164779,0.04813806517097589,139.2016799926758,-0.1494771960204463,136.8371940612793,-0.13478053976307702,138.2578830718994,-0.1436712283200111,138.9693898010254,-0.1480555296705952,31.967333225923184,328960880.0,2.489143693924943,0.09880085398709648,-0.14007701653896154,-0.12868825462021083,0.052609441902441434,0.05412946698272636,1,1,0,0,153.09664186378797,116.67457662673027,0.29310927177088375,0.014524584084600846
2025-01-28,121.78346978934897,128.97190639273322,116.22468308647471,128.9619140625,579666400,NVDA,0.08925868490249966,10.567710876464844,0.09851319108510102,0.06898214521495545,0.052762728021210695,136.83419647216797,-0.05753154264525673,136.41328659057618,-0.05462351002831811,137.71100273132325,-0.06353224139898894,138.5836787414551,-0.06942927743248661,36.87052666004734,405344360.0,1.430059123062672,0.09884486748607578,-0.08407296726876679,-0.03182464894735759,-0.06915266703014611,-0.0024034365842022787,0,0,0,0,153.09664186378797,116.22468308647471,0.1871461661897429,0.09876738468577882
2025-01-29,126.47245082309266,126.86236527865272,120.02385855553806,123.67305755615234,467120600,NVDA,-0.041010995725330734,-5.288856506347656,0.09329800190096715,0.07011201478841562,0.05331788366006668,132.1612091064453,-0.0642257407274206,135.60746307373046,-0.08800699642238219,137.04564743041993,-0.09757763289094645,138.13257843017578,-0.10467857067717401,38.86784138374138,451238200.0,1.035197374690352,0.05529504047403143,-0.15890407731944745,-0.06117176110389477,-0.05691182798352257,0.04963610594028722,0,1,0,0,153.09664186378797,116.22468308647471,0.2379142627267558,0.06022633075353362
2025-01-30,123.07319063695674,124.97277839409357,118.07427950119299,124.62285614013672,392925500,NVDA,0.007679915114519931,0.949798583984375,0.09390309916342228,0.06901528595743717,0.05335561855543999,127.6481918334961,-0.023700576168800058,134.44871444702147,-0.07308257536933582,136.40378761291504,-0.0863680670379191,137.6906773376465,-0.09490708775776246,39.6602632629503,498640200.0,0.787994028560072,0.055355005546842126,-0.1533079814876651,-0.08507053181355984,-0.04813479292104894,0.0715603296983629,0,1,0,0,153.09664186378797,116.22468308647471,0.22847964334594337,0.06738870632380929
2025-01-31,123.75304497053646,127.8221583994493,119.16404813082586,120.04385375976562,388161100,NVDA,-0.03674287784916486,-4.579002380371094,0.09396812377960363,0.06958571935903986,0.05370273539289099,123.13917694091796,-0.02513678634247707,133.0990089416504,-0.09808604350771732,135.69294242858888,-0.11532721148750169,137.25276870727538,-0.12538118618366023,39.45968261190135,529340900.0,0.7332913440091253,0.07212456112872076,-0.15811237761522345,-0.10107056462048625,0.03964355016540844,0.10602153703086503,1,1,0,0,153.09664186378797,116.22468308647471,0.275339278678676,0.03181479562405519
2025-02-03,114.72501007137596,118.54417785753162,112.98539113939225,116.63459777832031,371235700,NVDA,-0.02840008775682923,-3.4092559814453125,0.054423375440789803,0.06838575933675135,0.05333792650053303,122.787255859375,-0.050108279055451455,130.99446792602538,-0.10962195866022606,134.61067848205568,-0.13354126809584177,136.7832646179199,-0.1473035966489129,39.08001987471687,439821860.0,0.8440592288887142,0.04765984385443325,-0.01486225980971334,-0.15285741533550323,0.1030343031215637,0.12412129362951374,1,1,0,0,153.09664186378797,112.98539113939225,0.3126177376182036,0.03128751424053324
2025-02-04,116.93452639047727,121.17360082598954,116.67458088005824,118.62416076660156,256550000,NVDA,0.017058085904001485,1.98956298828125,0.026752352699158405,0.06807257303108874,0.052282585392468585,120.7197052001953,-0.017358760362433,128.77695083618164,-0.07884011854338391,133.31995964050293,-0.11022954787511607,136.21639083862306,-0.12914914250564158,41.41905134849487,375198580.0,0.6837712445500194,0.037926674607066946,-0.08016128925388277,-0.15749485907498573,0.09431085289934482,0.1402443455898026,1,1,0,0,153.09664186378797,112.98539113939225,0.29060252881377663,0.04753474832419552
2025-02-05,121.73348714021286,124.97277944773282,120.733704904631,124.80281829833984,262230800,NVDA,0.05208599573484074,6.178657531738281,0.03602854806283991,0.06886244269835393,0.053189584909025055,120.9456573486328,0.03189168618587557,126.55343322753906,-0.013833010172483173,132.09022827148436,-0.05516994003649345,135.7954837036133,-0.08095015464038546,42.69432672565185,334220620.0,0.7846038942779773,0.03396617641252586,0.009135059523166955,-0.15122061600106762,0.07001516980368505,0.11231272719936936,1,1,1,0,153.09664186378797,112.98539113939225,0.22670821020893958,0.09468878443672768
2025-02-06,127.39224223836113,128.74195426970414,125.18272455855072,128.65196228027344,251483600,NVDA,0.03084180336963427,3.8491439819335938,0.038304517789113306,0.0702174850418028,0.05221869482901906,121.75147857666016,0.0566767959147898,124.69983520507813,0.03169312187699158,131.51735305786133,-0.021787168848564464,135.4359637451172,-0.05009010367150979,46.91559863678783,305932240.0,0.8220238573090564,0.027665568780050914,0.03233039480018052,-0.12593409425499957,0.032017586775996865,0.08330756635811531,1,1,1,0,148.93755110518853,112.98539113939225,0.15767803666081773,0.12177483237100525
2025-02-07,129.19184651154228,130.3415898450845,124.97276475304243,129.81170654296875,228186300,NVDA,0.009014586657984713,1.1597442626953125,0.029764448010265628,0.07008274418886216,0.052284279851117006,123.70504913330078,0.049364657727815286,123.42211303710937,0.051770248852717415,131.00396423339845,-0.009100928337600234,135.1940118408203,-0.03981171373321457,44.84204147756576,273937280.0,0.8329873903982693,0.041358558754213445,0.08136903704166953,-0.08960879248447362,0.010012412810584737,0.07231990257824417,1,1,1,0,148.93755110518853,112.98539113939225,0.14733528332353424,0.1296209398341655
2025-02-10,130.06165595495793,134.97058996230598,129.93169464945112,133.54090881347656,216989100,NVDA,0.028727780951507853,3.7292022705078125,0.01633921615823131,0.04092640777960967,0.052303926458543336,127.08631134033203,0.05078908503260737,124.93678359985351,0.06886783031953403,130.8869888305664,0.02027642324590162,135.1452099609375,-0.01187094346832307,45.27958333060441,243087960.0,0.8926361470144387,0.03773297154876298,0.14495108104448517,0.12793452060859,0.012877100854378876,0.04896308012912187,1,1,1,1,148.93755110518853,112.98539113939225,0.11529532357172476,0.153926746917645
2025-02-11,132.55113432807275,134.45071452657314,130.991476437857,132.77108764648438,178902400,NVDA,-0.005764684199262349,-0.7698211669921875,0.022154534295054217,0.031055967310774625,0.05211258737894158,129.9156967163086,0.021978798577442005,125.31770095825195,0.059475929028696584,130.86549377441406,0.01456146931562552,135.06301666259765,-0.016969330855675757,40.011189652103745,227558440.0,0.786182222026131,0.02605415192445134,0.11925839380830294,0.029537197952399286,0.045557173962561315,0.012273932841651236,1,1,1,1,148.93755110518853,112.98539113939225,0.12176192682663639,0.1490211224282008
2025-02-12,129.9916837727306,132.21120144058102,129.05188607934784,131.11143493652344,160278600,NVDA,-0.012500106306125303,-1.6596527099609375,0.019626775317361626,0.027653327192551858,0.05213174665190454,131.17742004394532,-0.0005030218417146903,126.06153869628906,0.04005897669074732,130.83450088500976,0.002116674498243265,134.97922149658203,-0.02865468119592418,38.977240128332255,207168000.0,0.7736648517145505,0.024096413579507696,0.050548671289641245,0.060145495933855875,0.06298618600668782,-0.0065577975445849646,1,0,0,1,148.93755110518853,112.98539113939225,0.13596156717600924,0.13824914513296852
2025-02-13,131.53134519031366,136.4702717517269,131.1414307383845,135.26052856445312,197430000,NVDA,0.031645551205647715,4.1490936279296875,0.019841613304290358,0.028810120379440043,0.05205618294470535,132.49913330078124,0.020840855293772664,127.1253059387207,0.0639937309543539,130.7870101928711,0.03420460766696132,134.920224609375,0.002522260514043584,44.94413402528301,196357280.0,1.0054631027685859,0.039396866697908345,0.05136778457978486,0.08535892013544033,0.02912267156594539,-0.06401057303827862,1,0,1,1,148.93755110518853,112.98539113939225,0.10111613998475658,0.16468320552545032
2025-02-14,136.45026901957874,139.21966995740726,135.47048674490975,138.81976318359375,195479600,NVDA,0.02631391919664594,3.559234619140625,0.02104938398662657,0.024337501714426845,0.05211152303298133,134.30074462890624,0.03364849962056615,129.0028968811035,0.07609802988794923,131.05095291137695,0.059280837717146984,134.92481475830078,0.02886754695398497,69.70105850124959,189815940.0,1.0298376416648676,0.02700756093020483,0.06939325335533786,0.15640875259971976,0.009074499334556396,-0.05451921212544897,1,0,1,1,148.93755110518853,112.98539113939225,0.07288434794557078,0.18610010168389846
2025-02-18,141.239247408195,143.408773131914,137.89996298841217,139.36964416503906,219176600,NVDA,0.003961114533224563,0.5498809814453125,0.019479939983600387,0.01963759128890481,0.05170472438763126,135.46649169921875,0.028812678448089102,131.2764015197754,0.06165039985533505,131.13543472290038,0.06279164330783837,134.90781158447265,0.03307319663822894,62.44321405441892,190253440.0,1.1520243733832092,0.03952661410958604,0.04364756390645641,0.1949254065241408,-0.03565290802913024,-0.1380917914249481,0,0,1,1,148.93755110518853,112.98539113939225,0.06865129775906814,0.1893113323472581
2025-02-19,139.47961431944915,141.32921755912488,137.1901197103136,139.19967651367188,167536000,NVDA,-0.0012195457080016459,-0.1699676513671875,0.018725835398200823,0.020577417229169007,0.05147688445441683,136.75220947265626,0.017897093220310856,133.3339530944824,0.043992721156575376,131.05545196533203,0.06214334792034615,134.7898370361328,0.03271640929691855,71.1522683104232,187980160.0,0.8912429907496621,0.029734967440134406,0.048418590079673196,0.17345130717134083,-0.0642820734024,-0.10277958342970583,0,0,1,1,148.93755110518853,112.98539113939225,0.06995615819955031,0.1883214532593035
2025-02-20,139.9994986264957,140.62936628696042,136.7601988439899,140.07948303222656,143903600,NVDA,0.00632046381564888,0.8798065185546875,0.014599767665000884,0.016402405618801644,0.050476857930811476,138.5458190917969,0.011069723723770464,134.8616195678711,0.03869049979582595,130.70752639770507,0.07170173663913859,134.69085845947265,0.040007351904845834,71.09714953848153,184705160.0,0.7790989704889674,0.027621228742544475,0.06840019789307417,0.12240640830215876,-0.09621008101196382,-0.18592534908366865,0,0,1,1,148.93755110518853,112.98539113939225,0.06323601344905086,0.19341941665076728
2025-02-21,140.00948969645043,141.42919381606555,134.00080428998024,134.4007110595703,228217600,NVDA,-0.04053964113609554,-5.67877197265625,0.02443193654021678,0.021805343764357075,0.05123338293173726,138.3738555908203,-0.028713115742028728,135.43649444580078,-0.007647742142683489,130.06816482543945,0.03330981289653345,134.53069305419922,-0.0009661883966994855,69.02487917498891,190862680.0,1.195716208113603,0.05527046298730393,-0.006356751034527375,0.04468450132748858,-0.023432108114306294,-0.1371717007726424,0,0,0,1,148.93755110518853,112.98539113939225,0.10816044000820106,0.15933933497335567
2025-02-24,136.53026411475935,138.55982089892026,130.05167928786804,130.2516326904297,251381100,NVDA,-0.03087095549146035,-4.149078369140625,0.021657191029095604,0.024400701382430653,0.05122265264341514,136.6602294921875,-0.04689438050536998,135.48048706054686,-0.03859488907639064,129.45130004882813,0.006182499838160549,134.36013061523437,-0.030578251941196344,67.69750713527594,202042980.0,1.2441961606386918,0.06532080585334087,-0.06172125853458221,0.0033889558898552163,-0.07775558854198217,-0.09963161469000559,0,0,0,1,143.408773131914,112.98539113939225,0.10101324773989594,0.13256065351652277
2025-02-25,129.9516936613149,130.17164697857655,124.41290666278033,126.60242462158203,271428700,NVDA,-0.028016601354401205,-3.6492080688476562,0.020269154443661872,0.02372324696119917,0.03383022926183844,134.1067855834961,-0.055958100324772886,134.78663864135743,-0.0607197723919215,129.86171112060546,-0.02509813301317476,134.19136734008788,-0.05655313653130023,59.94021009166202,212493400.0,1.2773512024373463,0.045486809063959424,-0.09160688914680959,-0.051957742788660166,-0.013503950486298266,-0.12682619107723847,0,0,0,0,143.408773131914,112.98539113939225,0.13274902562542995,0.10755744625658989
2025-02-26,129.96170661334043,133.7008826502409,128.46203316398234,131.2514190673828,322553800,NVDA,0.03672121177534127,4.648994445800781,0.03214785598560387,0.027142420441497065,0.02846742683032519,132.5171340942383,-0.009551331120361994,134.63467178344726,-0.025129134057727986,129.9761863708496,0.009811279528503025,134.03080276489257,-0.020736902563996074,58.35276343592335,243496960.0,1.324672800843181,0.039914612150357125,-0.057099683313620364,-0.011445779393988387,-0.13117010802408313,-0.14160578620976128,0,0,0,1,143.408773131914,112.98539113939225,0.09262645806739617,0.1391682319153671
2025-02-27,134.97060540054449,134.98059773119874,119.98387142553824,120.12384033203125,443175800,NVDA,-0.08478063562603311,-11.127578735351562,0.04349468701845337,0.03803673315595322,0.03318077878413966,128.52600555419923,-0.06537326968140156,133.53591232299806,-0.100437940308713,129.79872550964356,-0.07453759765070656,133.68707778930664,-0.10145511205392121,40.70606433297393,303351400.0,1.460932107120653,0.12484387998425985,-0.14245942566481584,-0.08380348067894872,-0.034623463436222246,-0.10961308545410853,0,0,0,0,143.408773131914,112.98539113939225,0.1938410621532033,0.059425749067860266
2025-02-28,117.99429297871988,125.06275289296238,116.37465068149442,124.89279174804688,389091100,NVDA,0.039700290989980846,4.768951416015625,0.05231118203883744,0.03904263631181261,0.03436898005092524,126.62442169189453,-0.013675323612226231,132.49913864135743,-0.05740676483866858,129.81222229003907,-0.03789651278753037,133.50051834106446,-0.0644771024111438,45.03031917534063,335526100.0,1.1596448085558768,0.06956448078280572,-0.07074307298351457,-0.07665012791566839,-0.06099903310627497,-0.12936278111573718,0,0,0,0,143.408773131914,112.98539113939225,0.1482550043498141,0.09534097558389185
2025-03-03,123.48310269608358,123.67305612882248,112.25554513947324,114.03515625,411381400,NVDA,-0.08693564573326684,-10.857635498046875,0.06207639213430823,0.04429910461564476,0.03879307479394117,123.3811264038086,-0.07574878286668074,130.02067794799805,-0.12294599559303543,129.51178741455078,-0.1194997881931168,133.1417967224121,-0.14350595337276106,32.77414933205695,367526160.0,1.1193254923676725,0.10012272850592283,-0.12450113757093195,-0.1785380292056491,-0.030597887871236296,0.014822487946596796,0,1,0,0,143.408773131914,112.25554513947324,0.2575838701664776,0.015605811129203924
2025-03-04,110.62590357369604,119.28401358591904,110.0860202624711,115.96473693847656,398163300,NVDA,0.01692092817627522,1.9295806884765625,0.06466828608297938,0.045211541529964275,0.0384818799084254,121.2535888671875,-0.04361810630202434,127.6801872253418,-0.09175621168371817,129.4782943725586,-0.10436928830092829,132.85385940551757,-0.1271255689719134,35.45595644740186,392873080.0,1.0134654682881301,0.0793171576660223,-0.0840243598406728,-0.1679340387699263,-0.02845070274274608,-0.003443087475895945,0,0,0,0,143.408773131914,110.0860202624711,0.23665846116649641,0.0506940026011902
2025-03-05,117.55438999810913,118.25423446970035,114.48505902516025,117.27445220947266,284337900,NVDA,0.011294082197512711,1.3097152709960938,0.06037512152022496,0.0458734761590051,0.03837225475750289,118.45819549560547,-0.009992920128322647,125.48766479492187,-0.06545035800029952,129.41080894470215,-0.09378163102600978,132.62170989990236,-0.1157220616595368,37.952650523034194,385229900.0,0.7380992493054148,0.03213978299218734,-0.10649002469630109,-0.15750916132370307,-0.08797957661232747,0.037350346230729636,0,1,0,0,143.408773131914,110.0860202624711,0.22284752075209757,0.06129580493935513
2025-03-06,113.50527582346177,115.32487918451908,110.1959990692751,110.5459213256836,321181900,NVDA,-0.05737422564780548,-6.7285308837890625,0.05401937015978533,0.04683888293134252,0.038380301975541015,116.54261169433593,-0.0514549166306677,122.53430862426758,-0.09783698486718939,128.69796409606934,-0.14104374453690482,132.2195979309082,-0.16392181601210332,29.406874230871097,360831120.0,0.8901169610869484,0.04639592355590924,-0.07973370631403032,-0.21083431397122232,-0.01636974424539195,0.08113406455375372,0,1,0,0,143.408773131914,110.0860202624711,0.29727783180178924,0.004160271656315265
2025-03-07,111.22576986878714,113.45528753337068,107.53657110597264,112.66545867919922,341755500,NVDA,0.019173365494608907,2.119537353515625,0.04937698111641535,0.048058117052687054,0.037887077094981327,114.0971450805664,-0.012547959901680672,120.36078338623047,-0.0639354820609419,127.89863891601563,-0.11910353672191343,131.7794940185547,-0.1450455966742762,27.67155711731546,351364000.0,0.9726537152354823,0.05253354929527108,-0.09790263231135488,-0.16171977223198908,0.027159897413790324,0.02440868116127226,1,1,0,0,143.408773131914,107.53657110597264,0.27287258058614494,0.04552315885768009
2025-03-10,109.87605754375717,111.82562964494369,105.43702244846195,106.95669555664062,366487400,NVDA,-0.050670038443757504,-5.708763122558594,0.03842173622043129,0.049115967264279616,0.038984298077089086,112.68145294189453,-0.05080478850593051,118.03128967285156,-0.09382761255008298,126.75588836669922,-0.15619939290536466,131.1258364868164,-0.18432020399431948,24.56855320009913,342385200.0,1.0703949820260923,0.05973078322243561,-0.062072618007741553,-0.17884564402470382,0.08048831916164234,0.09862416994958556,1,1,0,0,143.408773131914,105.43702244846195,0.3408115535503767,0.014208302717934215
2025-03-11,106.96669412251354,112.2155506077548,104.74717644545998,108.73631286621094,354865700,NVDA,0.016638671382923187,1.7796173095703125,0.03836855054412811,0.050162992075115875,0.038460458058591884,111.2357681274414,-0.022469888088217038,116.24467849731445,-0.06459104819389194,125.51565856933594,-0.13368328616828273,130.49677337646483,-0.16675094676462254,26.687070643612742,333725680.0,1.0633454998129002,0.06868334933780496,-0.062332949335284216,-0.14111982301107873,0.11880466052954586,0.08993104685101039,1,1,0,0,143.408773131914,104.74717644545998,0.3188673530650613,0.03668633150784856
2025-03-12,114.10564961231475,116.74531696319002,112.8658000774832,115.7254409790039,323857500,NVDA,0.06427593440097956,6.989128112792969,0.05153264285481957,0.05387402457879354,0.0418571874242815,110.92596588134765,0.043267372607690646,114.69208068847657,0.009009866106920894,124.66337623596192,-0.07169656018332404,130.01329177856445,-0.10989530842658202,32.956112429869094,341629600.0,0.9479784538576282,0.033523457356370606,-0.013208428615824608,-0.1182918874226272,0.03274578374135917,0.016934455361536926,1,1,1,0,143.408773131914,104.74717644545998,0.23921561169883704,0.09486474573499971
2025-03-13,117.01527472285696,117.74518623487266,113.77568449740161,115.56546020507812,299033100,NVDA,-0.0013824166282918604,-0.15998077392578125,0.041484155954652026,0.047263322433038935,0.04184009947007981,111.92987365722657,0.032480931399825996,114.23624267578126,0.011635690199207405,123.88607749938964,-0.0671634574462373,129.58499771118164,-0.10818796738608727,35.71491890145366,337199840.0,0.8868126983690147,0.03434851321862882,0.04540682115811645,-0.037947339298788796,-0.001297846837832739,0.0504412771673759,0,1,1,0,143.408773131914,104.74717644545998,0.24093109547979272,0.09361173953204029
2025-03-14,118.59508095437823,121.86466627272753,118.13513973204245,121.65469360351562,277593500,NVDA,0.052690772724235835,6.0892333984375,0.045890485577667714,0.048718469626586665,0.04306851272790577,113.72772064208985,0.06970132626127801,113.91243286132813,0.06796677542312324,123.20578575134277,-0.012589442438665999,129.26889053344726,-0.05890200572241722,43.666282497724666,324367440.0,0.8557995216782548,0.030656659683349106,0.07978696425416532,-0.025927021881804402,-0.0341086940761558,-0.008054548724770627,0,0,1,0,143.408773131914,104.74717644545998,0.1788182509365155,0.1389795712540189
2025-03-17,122.72455649146468,122.87453914631989,118.01514995099303,119.51496124267578,255501500,NVDA,-0.01758857219116783,-2.1397323608398438,0.03488416168687417,0.039221884985291285,0.04253681477300487,116.23937377929687,0.028179672316527293,114.46041336059571,0.0441597905658111,122.24054565429688,-0.02229689336735463,128.973974609375,-0.07334048125094883,44.659594630299,302170260.0,0.8455547544619381,0.040659254245665855,0.11741448836538448,0.048053645672764045,-0.008366131899229301,-0.04827238188925487,0,0,1,0,143.408773131914,104.74717644545998,0.19992318652659472,0.12356431900797532
2025-03-18,117.98515020944649,119.00501849033903,114.52558655092061,115.41547393798828,299686900,NVDA,-0.03430103864873846,-4.0994873046875,0.04354348696967904,0.040860273850110415,0.04289648572469932,117.57520599365235,-0.01836894128665756,114.40548706054688,0.008828133190035725,121.04283714294434,-0.04649067501871651,128.51668655395508,-0.10194172420144465,37.967973398000375,291134500.0,1.0293761131023633,0.038811363732952985,0.06142530398281365,-0.004736465713535698,0.01966559836411741,-0.034652968913988946,1,0,0,0,141.42919381606555,104.74717644545998,0.22539195993818134,0.09243385768411157
2025-03-19,117.2552423301898,120.43484254394583,115.6654460375291,117.50521087646484,273426200,NVDA,0.01810621112728228,2.0897369384765625,0.03365470915137911,0.04112033873175175,0.04328495756056224,117.93115997314453,-0.003611845222048937,114.42856292724609,0.026887062727292133,119.95811386108399,-0.020447995601695634,127.97802001953124,-0.08183287365649272,47.693635280313195,281048240.0,0.9728799582591231,0.04058880853744337,0.015379244895544097,0.001967680621351553,0.03310081917883689,-0.06679709431000314,1,0,0,0,141.42919381606555,104.74717644545998,0.2035993362434997,0.10857420139790727
2025-03-20,116.53533674228605,120.18487133427746,116.4553449784264,118.51508331298828,248829700,NVDA,0.008594277896195823,1.0098724365234375,0.033588186121741574,0.03565041644027451,0.04332622033621968,118.52108459472656,-5.063471836086464e-05,115.22547912597656,0.028549277572672782,118.87989387512206,-0.0030687322325253508,127.36037277221679,-0.06945087601971967,43.98449152075236,271007560.0,0.91816516114901,0.03146879073612682,0.02552339689277283,0.07208915436894703,0.018223306037739473,-0.08563230522140164,1,0,0,0,141.42919381606555,104.74717644545998,0.19334341134084213,0.11617008133191302
2025-03-21,116.92528940681295,117.97515272195331,115.40547637665556,117.68518829345703,266498500,NVDA,-0.00700244218990731,-0.82989501953125,0.020792970302707586,0.03566342347343138,0.04262005014837878,117.72718353271485,-0.0003567165882818468,115.72745208740234,0.016916783103253064,118.0441177368164,-0.0030406381126047988,126.91188720703126,-0.07270161303741962,54.24592059097139,268788560.0,0.9914800689434103,0.021835172144943727,-0.032629282048053154,0.04455429084570506,-0.03347489143275828,-0.06414612991583335,0,0,0,0,138.55982089892026,104.74717644545998,0.17737688920895242,0.10993746991962253
2025-03-24,119.86491568880827,122.20462527069279,119.32498270837338,121.39472961425781,228452500,NVDA,0.031520885292299905,3.7095413208007812,0.025316077542826432,0.030525190759596307,0.042965787469582996,118.10313720703125,0.027870490869827513,117.17125549316407,0.03604530909323711,117.60127258300781,0.03225693861920087,126.53819213867187,-0.040647510743455184,56.06529989197474,263378760.0,0.8673915087154332,0.023721314520570337,0.015728310096383202,0.13498952994458668,-0.082200805080618,-0.09051978292361795,0,0,1,1,134.98059773119874,104.74717644545998,0.11191481014135617,0.13713571603723537
2025-03-25,120.53483816820751,121.27474294212928,118.90503833586045,120.67481994628906,167447200,NVDA,-0.005930320618171225,-0.71990966796875,0.016349724281706658,0.03106851443134731,0.0425606271801911,119.1550064086914,0.01275492808405243,118.36510620117187,0.019513468278325563,117.30489234924316,0.02872793733967094,126.23408020019531,-0.04403929782741545,53.84892395108051,236930820.0,0.7067345649671073,0.019637109111275686,0.045568811779316265,0.10979319387781028,-0.09130832536199773,-0.15651671704466497,0,0,1,1,134.98059773119874,104.74717644545998,0.1185481593531858,0.13198812733193457
2025-03-26,118.7150653108018,118.82504445296345,112.69581844673802,113.74568939208984,293463300,NVDA,-0.05741985409452688,-6.929130554199219,0.032656582966680815,0.0316657758090937,0.043308368168316444,118.40310211181641,-0.03933522548529378,118.16713104248046,-0.03741684858881045,116.42960586547852,-0.02305183852026127,125.84497421264649,-0.09614436250836589,53.605489008846426,240938240.0,1.2180021735030522,0.05388534755895267,-0.03199450863781217,-0.017107315125921563,-0.04729256902348433,-0.17097400038567634,0,0,0,0,134.98059773119874,104.74717644545998,0.1866875874821998,0.07911080406406713
2025-03-27,111.33599333866172,114.43560190798578,110.64608531130148,111.41598510742188,236902100,NVDA,-0.020481692951346053,-2.3297042846679688,0.031979259030703984,0.032243936128076495,0.039378082097374416,116.98328247070313,-0.0475905381153543,117.75218353271484,-0.05380960450327943,115.99421310424805,-0.03946945174507588,125.43866806030273,-0.11178915696186809,48.598733777129105,238552720.0,0.9930806909265172,0.03401232411157735,-0.05990037729474729,-0.03590584150569509,-0.01148709666904879,-0.123754923129471,0,0,0,0,125.06275289296238,104.74717644545998,0.12248482811854111,0.05985504374019714
2025-03-28,111.47597500465491,112.85580631482036,109.05628121542107,109.65620422363281,229872500,NVDA,-0.015794689443281995,-1.7597808837890625,0.031886791977906434,0.025658965902293815,0.03814618020585879,115.37748565673829,-0.04958750314707816,116.55233459472656,-0.059167672574494845,115.23238372802734,-0.048390732917193535,124.90758529663086,-0.1221013202423138,53.3216749735922,231227520.0,0.9941398843874639,0.03464943115895695,-0.06822425307935376,-0.09862742673116298,0.006838653801491734,-0.12191117452075295,1,0,0,0,123.67305612882248,104.74717644545998,0.12782543408673627,0.04476744214272964
2025-03-31,105.11677236112796,110.94604080353734,103.63696281055644,108.36636352539062,299212700,NVDA,-0.011762587510431133,-1.2898406982421875,0.02035946011587377,0.02553410615872512,0.0330987263267123,112.77181243896484,-0.039065160152130796,115.43747482299804,-0.06125490278135115,114.94894409179688,-0.05726525474779032,124.40409439086915,-0.12891642308081175,49.53923330093681,245379560.0,1.2193872219837707,0.06744784779336403,-0.10732233705916183,-0.09328202596031365,-0.06071229127762745,0.0548994085806358,0,1,0,0,122.87453914631989,103.63696281055644,0.1338808016523499,0.04364270019752088
2025-04-01,108.5063391727533,110.18612804634962,106.45660174663486,110.13613891601562,222614000,NVDA,0.016331408871262276,1.769775390625,0.02637397277700723,0.02507403818512561,0.03308122428804262,110.66407623291016,-0.004770629592419917,114.90954132080078,-0.041540522657373846,114.65751419067382,-0.03943374585235826,123.85321701049804,-0.11075269924817321,41.99827820133422,256412920.0,0.8681855812881816,0.03386287495114311,-0.08733123475936466,-0.045742003579253177,-0.14380388873079386,-0.023422591280932603,0,0,0,0,122.87453914631989,103.63696281055644,0.11566049396391079,0.05901038632210573
2025-04-02,107.27650160670082,111.96591394846298,106.77656451707789,110.4061050415039,220601200,NVDA,0.002451203829599846,0.26996612548828125,0.015073709349942371,0.02397863112009246,0.03295227357333913,109.99615936279297,0.003726909021967151,114.19963073730469,-0.033218370946637266,114.3140968322754,-0.034186438060263,123.24535247802734,-0.10417632128410248,42.636983206476565,241840500.0,0.9121764137933887,0.047002377535502356,-0.029360095916023177,-0.06041524271144316,-0.11573994573616786,0.0046187071945704705,0,1,1,0,122.87453914631989,103.63696281055644,0.11293246963226214,0.061311303649402425
2025-04-03,103.49697720927654,105.61670556208404,101.58721388778805,101.78719329833984,338769400,NVDA,-0.07806553577742859,-8.618911743164062,0.03621649418235441,0.03234020918784737,0.035025488659181536,108.07040100097656,-0.058139949925603895,112.52684173583984,-0.09544077014719421,113.8761604309082,-0.1061588930187286,122.34033645629883,-0.16799972726330348,23.556036579384397,262213960.0,1.2919579110128232,0.03958741314818928,-0.08642199590838262,-0.14114566304165266,-0.05402748171844274,0.08752451288844076,0,1,0,0,122.87453914631989,101.58721388778805,0.20717091379239339,0.001964681450304342
2025-04-04,98.89756129670621,100.11740141914926,92.09841365005991,94.29813385009766,532273800,NVDA,-0.07357565530166099,-7.4890594482421875,0.04397621625822863,0.03710070750967233,0.03788458344825269,104.99878692626953,-0.10191215907747497,110.18813629150391,-0.14420792452074038,112.95779418945312,-0.1651914369721087,121.28254028320312,-0.22249209465843156,20.6197652439935,322694220.0,1.6494680319963586,0.08503866875920202,-0.14005655660133842,-0.19872555571769968,0.2122786329440216,0.18969356007296212,1,1,0,0,122.87453914631989,92.09841365005991,0.3030431688250492,0.023327293025061997
2025-04-07,87.44898959160196,101.73719167720878,86.60909899272106,97.6277084350586,611041300,NVDA,0.03530901884287374,3.3295745849609375,0.052734883482753875,0.03771391670652929,0.03768557359086791,102.85105590820312,-0.05078555029912846,107.81143417358399,-0.09445867979206068,112.49134483337403,-0.13213137793251517,120.38331588745118,-0.18902625571193987,28.896793803030064,385059940.0,1.5868732021305567,0.15495695768123913,-0.09909583325471583,-0.1957829738961565,0.10170019222024185,0.07015573848575585,1,1,0,0,122.87453914631989,86.60909899272106,0.25860312728793944,0.11286354682458877
2025-04-08,103.79693724960859,105.83668151314755,94.448115096381,96.28788757324219,476243400,NVDA,-0.013723776613149163,-1.3398208618164062,0.049224201352998695,0.037449943253315576,0.037426619649249225,100.08140563964844,-0.037904324406325074,105.3727409362793,-0.08621635237267744,111.86892356872559,-0.13927939501367725,119.94118957519531,-0.19720749882277966,24.371983912850283,435785820.0,1.092838220390007,0.11827621005917013,-0.12573757786563977,-0.20208799469434646,0.15192098724581937,0.053893992431132354,1,1,0,0,122.87453914631989,86.60909899272106,0.27611626179725196,0.10051927427693205
2025-04-09,98.8775535578917,115.08551252786717,97.51772411084168,114.31561279296875,612918300,NVDA,0.18722734161151489,18.027725219726562,0.10879227638291003,0.07378563549830057,0.05530104314841298,100.86330718994141,0.13337164899515486,105.42973327636719,0.08428248123618642,111.79843215942383,0.022515348247061695,119.64826354980468,-0.044569395314426496,46.40534067477585,514249240.0,1.1918701134103766,0.15367794466396834,0.0354102497320703,0.005010505487503147,-0.03166273525091745,-0.1523658971663373,0,0,1,1,122.87453914631989,86.60909899272106,0.0748710184395528,0.24236858923571153
2025-04-10,109.3562417228181,110.84605211383005,99.13752639108027,107.55646514892578,437812400,NVDA,-0.05912707353705149,-6.759147644042969,0.10516652530096317,0.07611526494766127,0.0569029950684326,102.0171615600586,0.05429776229959238,105.04378128051758,0.02392034861824066,111.39798240661621,-0.03448462148684539,119.32593170166015,-0.09863293238020132,42.12898207370201,534057840.0,0.8197846135916664,0.10885933919953414,0.05667974195610359,-0.03464063037969756,0.043041740103894055,-0.08069165614303841,1,0,1,0,122.87453914631989,86.60909899272106,0.14241890504847163,0.19475692258201677
2025-04-11,108.4863440509602,111.53596322542542,107.46647578597839,110.9160385131836,313417300,NVDA,0.03123543860990652,3.3595733642578125,0.09275550091787382,0.07655624587240827,0.05601038864971813,105.34074249267579,0.05292630266865128,105.16976470947266,0.054638077964563214,110.86104965209961,0.0004960160602534014,119.0517953491211,-0.06833796006250281,41.81248896429696,490286540.0,0.6392533231689371,0.03668980152913888,0.17622729087622058,0.0114889467355761,-0.05805459861808926,-0.07410076787109521,0,0,1,1,122.87453914631989,86.60909899272106,0.10781579285952317,0.21914720221073697
2025-04-14,114.09564149423704,114.27561914894163,109.0562747909433,110.6960678100586,264705000,NVDA,-0.0019832181718143493,-0.219970703125,0.09432944227492299,0.07640007440701477,0.05590799694082391,107.95441436767578,0.025396399567739536,105.40273513793946,0.05022006938616741,110.42010498046875,0.0024992081798749233,118.86483963012695,-0.06872319725065223,42.1417225455211,421019280.0,0.6287241762420002,0.047150223682327214,0.13385912242007603,0.021498407890397697,-0.08328065969382781,-0.03865959113401163,0,0,1,1,122.20462527069279,86.60909899272106,0.10396536831264433,0.21759552343510463
2025-04-15,110.95604157012,113.6057097347757,110.48609947397975,112.18588256835938,228966900,NVDA,0.013458605962924697,1.4898147583007812,0.0920265208061296,0.07635648226011367,0.05549301563456239,111.13401336669922,0.009464871912700401,105.60770950317382,0.0622887580474214,110.25862541198731,0.017479423030812846,118.77586532592774,-0.055482506816389665,48.656558829261726,371563980.0,0.6162246943312427,0.027807511866700763,0.16510898095073734,0.018610999736487832,-0.13627446099909502,-0.010605988889877294,0,0,1,1,122.20462527069279,86.60909899272106,0.08930484364847412,0.227985758903785
2025-04-16,104.53685005598037,106.776566115048,100.43735975697352,104.47685241699219,397016900,NVDA,-0.06871657979487544,-7.7090301513671875,0.04452296983986817,0.07978949114179153,0.05736391372663942,109.1662612915039,-0.04295657668434483,105.01478424072266,-0.005122438974853205,109.60720748901367,-0.04680673095823307,118.49291915893555,-0.11828611229624186,44.53025790464891,328383700.0,1.2090030656211013,0.060675701951406265,-0.08606663722999097,-0.05370402861583412,-0.0535936567793609,0.040578019992712155,0,1,0,0,122.20462527069279,86.60909899272106,0.16968134513609584,0.17102116890884728
2025-04-17,104.43685285244638,104.45685460754896,100.03741265575106,101.47722625732422,292517500,NVDA,-0.028710916248660956,-2.9996261596679688,0.03907755787253377,0.07605536890078286,0.05752636516680379,107.95041351318359,-0.059964450762097554,104.9837875366211,-0.03340097896614458,108.75531463623047,-0.06692168013352096,118.02640731811523,-0.14021591808845113,43.676553532184286,299324720.0,0.9772580761121233,0.043551071652186885,-0.056521371199621306,-0.0030452459781173946,0.012020910285025277,0.074194506610606,1,1,0,0,122.20462527069279,86.60909899272106,0.20425665716175948,0.1465168867239317
2025-04-21,98.75757087400713,99.42749238220217,95.02804439894429,96.89781188964844,288501100,NVDA,-0.045127508275239814,-4.579414367675781,0.032906956364305566,0.07339409467188446,0.05818098028476938,105.14676818847656,-0.07845182919975047,105.24375534057617,-0.0793010798970416,107.71594581604003,-0.10043205622375606,117.39132431030274,-0.17457433537834022,41.56245320132674,294341480.0,0.9801578085426492,0.04540296522142496,-0.12638592949629135,0.027568711419924785,0.09823535757000257,0.12392936076198025,1,1,0,0,122.20462527069279,86.60909899272106,0.2611701222919758,0.10618106535413437
2025-04-22,98.7675690784311,99.79743825075411,97.26775782667495,98.87755584716797,241004800,NVDA,0.020431255555844352,1.9797439575195312,0.038143560006176816,0.07285992520757459,0.05783487832946241,102.78306579589844,-0.037997601243825896,105.36874008178711,-0.061604459060445205,106.59008712768555,-0.07235692819425743,116.77264129638672,-0.15324724396529066,41.74244146206101,289601440.0,0.8321947570426446,0.02558397001630188,-0.10676541811015183,0.01280217913688686,0.12256051834251935,0.12862776530914655,1,1,0,0,121.27474294212928,86.60909899272106,0.22651436823114804,0.12407726656805607
2025-04-23,104.50684469329865,104.78681586825162,102.0071592730487,102.69707489013672,247526000,NVDA,0.03862877687705457,3.81951904296875,0.044994759678866326,0.07336423080900945,0.058797397641416664,100.8853042602539,0.017958717012033665,106.00965881347656,-0.031247944389372284,105.69119987487792,-0.028328990382224695,116.15576461791993,-0.11586760047642841,44.62567625959433,293313260.0,0.8438963857276688,0.02706656054397405,-0.08458112073451618,0.06656275756407393,0.05861161420076555,0.11478925593157752,1,1,1,0,118.82504445296345,86.60909899272106,0.157044098676424,0.15665466533127897
2025-04-24,103.4669774804407,106.52658985205171,103.09702130913817,106.4166030883789,220815000,NVDA,0.036218443438834624,3.7195281982421875,0.03869841019456569,0.04089991173347755,0.058252492435653516,101.27325439453125,0.050786841250411996,105.21975784301758,0.011374719633426178,105.32474555969239,0.010366581213981707,115.62867492675781,-0.07966944051044489,53.46400966200122,258072880.0,0.8556303940189298,0.03222775810711877,0.018566319969563372,-0.06909825798594404,0.024335261868578817,0.06943537021918966,1,1,1,1,115.08551252786717,86.60909899272106,0.08146200111545318,0.1861317080306325
2025-04-25,106.83655988818872,111.90592192622726,105.71670563343305,110.99604034423828,251064700,NVDA,0.04303310877209787,4.579437255859375,0.036650648997415734,0.03897116522638005,0.05890741550731246,103.17701721191406,0.0757826049212571,105.56371536254883,0.05146015335887544,105.3037483215332,0.05405592975972984,115.22636703491212,-0.03671318292446124,63.06321642045471,249782320.0,1.005133990268006,0.05576069446801209,0.09380246620829413,0.03197925099667387,-0.01882719925314502,0.022790708000764104,0,1,1,1,115.08551252786717,86.60909899272106,0.03684340604354871,0.21971001195974763
2025-04-28,109.67619446115806,110.35610916663857,106.0066506499314,108.71631622314453,207708500,NVDA,-0.02053878781642582,-2.27972412109375,0.0260815939542958,0.038362628870498766,0.05898973658950726,105.54071807861328,0.030088843456284486,105.34374313354492,0.032014935004959666,105.25675392150879,0.03286784147091959,114.69548278808594,-0.0521307938167771,58.819791301806504,233623800.0,0.889072517440432,0.040007412574389827,0.12196874318437168,-0.019832319288770828,0.026487640235753007,0.07661183613790223,1,1,1,1,115.08551252786717,86.60909899272106,0.05858546836382506,0.20334774023291532
2025-04-29,107.65645038374015,110.18613082106049,107.42648359585715,109.00627899169922,170444300,NVDA,0.0026671504207291807,0.2899627685546875,0.02776875182770538,0.038382021127122495,0.058911690177208834,107.56646270751953,0.01338536424772685,105.17476425170898,0.036429981728511196,105.28874969482422,0.03530794417874783,114.09921310424805,-0.04463601434214637,60.28792679598774,219511700.0,0.7764702291495169,0.025316406088987626,0.1024370298977344,-0.015265120539411203,0.05026606505706921,0.07659155925412886,1,1,1,1,115.08551252786717,86.60909899272106,0.05576957210539109,0.2054668795793286
2025-04-30,104.45685864823317,108.90629577636719,104.06690832142748,108.90629577636719,235044600,NVDA,-0.0009172243677783021,-0.09998321533203125,0.026750109837952302,0.038053716352390375,0.05881503442481069,108.80830688476563,0.0009005644367330312,104.84680557250977,0.03871830125573039,105.2272575378418,0.034962787443190146,113.48994613647461,-0.04038816226589326,43.83686721861132,217015420.0,1.0830778752956818,0.044436250635841244,0.06046151648304465,-0.029233507076915854,0.044987147069830424,0.07096951318870226,1,1,1,1,115.08551252786717,86.60909899272106,0.05673883871864162,0.2047374453854545
2025-05-01,113.06577112138011,114.92553765737502,111.28599634849851,111.59595489501953,236121500,NVDA,0.024697003047237986,2.6896591186523438,0.024558796873911718,0.030692810260098274,0.05905361888592146,109.84417724609375,0.015947842597073825,105.5587158203125,0.057193184170447164,105.28675003051758,0.059924015725371094,112.93787170410157,-0.011881902756215146,55.072825626649134,220076720.0,1.0729053940825726,0.03261355944577283,0.048670523737157634,0.06814047622351116,0.017292417057237275,0.10205184142726798,1,1,1,1,115.08551252786717,86.60909899272106,0.03126957098158557,0.223904674016223
2025-05-02,114.1656362648126,115.38548400726445,113.35574060530446,114.485595703125,190194800,NVDA,0.025893777340082025,2.8896408081054688,0.019416192055197717,0.0283975962839668,0.05612680991359004,110.54208831787109,0.03567426167953425,106.85955276489258,0.07136510251929362,105.92167015075684,0.08085149658402524,112.42599395751954,0.01831962229645656,54.5362209098833,207902740.0,0.9148258459700916,0.017729246980758704,0.03143855715991628,0.12819003756384095,0.022358071408921987,0.13475978977807057,1,1,1,1,115.38548400726445,86.60909899272106,0.007860275335186894,0.2434934852650902
2025-05-05,112.89579778060671,114.65557085202862,112.64582923459892,113.80567932128906,133163200,NVDA,-0.005938881460677781,-0.6799163818359375,0.014941796219642456,0.02140459149111721,0.05294349126536547,111.5599609375,0.020130146738283727,108.55033950805664,0.048413849620823735,106.89704742431641,0.06462883740417613,112.01409332275391,0.015994290944916445,53.906056384109775,192993680.0,0.6899873612441609,0.017659414094404902,0.04681324087268024,0.17449173621067993,0.03118966090307418,0.18907042545092634,1,1,1,1,115.38548400726445,86.60909899272106,0.013881597960637659,0.23897384111902115
2025-05-06,111.46598025800552,114.72556468927546,110.8060596179303,113.52571868896484,158525600,NVDA,-0.002459988236033883,-0.27996063232421875,0.0156674253940275,0.022139094443134933,0.052692538633159196,112.46384887695312,0.00944187685745601,110.01515579223633,0.03190981162048456,107.69194793701172,0.054170909373514764,111.67957504272461,0.01653071875975498,51.73575728199673,190609940.0,0.8316754100022276,0.03452526102991452,0.04146036117433005,0.14814446732925002,0.02739118428622822,0.18751095006916318,1,1,1,1,115.38548400726445,94.448115096381,0.016381885442143296,0.1680465344143931
2025-05-07,113.03578272910664,117.66519758488604,112.2658753138673,117.04527282714844,206758800,NVDA,0.031002262560666072,3.5195541381835938,0.017402689475131343,0.021317434113575895,0.05263482109821734,114.09164428710938,0.025888210819420943,111.4499755859375,0.050204562287198495,108.72981719970703,0.07647815329412522,111.48843200683594,0.04984230848247817,68.26504228737676,184952780.0,1.1179004716771492,0.04613020364344338,0.07473376073220028,0.13971379372159465,0.05074322625154837,0.1566717887686344,1,1,1,1,117.66519758488604,95.02804439894429,0.005296452755107053,0.18810865143369798
2025-05-08,118.23512643493164,118.66507265437788,115.83542678286972,117.35523986816406,198428100,NVDA,0.002648266209549277,0.309967041015625,0.017005822713654837,0.01991597874404489,0.032416878735237104,115.24350128173828,0.018324144641034268,112.54383926391601,0.042751345926322015,108.8817985534668,0.07782238562615551,111.21050842285156,0.05525315487227722,75.03154256556464,177414100.0,1.118446053611297,0.024111798286015725,0.051608366795753424,0.1027906967740797,0.10701192940885518,0.15506515218516004,1,1,1,1,118.66507265437788,95.02804439894429,0.011161263763639982,0.19025307684856652
2025-05-09,117.33523143311392,118.21512557823269,115.19550133583151,116.63532257080078,132972200,NVDA,-0.006134513449693735,-0.7199172973632812,0.015604603942639813,0.016660195607528957,0.029176934581417728,115.67344665527344,0.008315442682311547,113.10776748657227,0.031187558225364898,109.33574142456055,0.06676299123353724,111.14073806762696,0.0494380782304189,85.42710099586192,165969580.0,0.8011841688097301,0.025889449060923934,0.018777269354044224,0.05080615676985478,0.16022285999296826,0.15199306628727483,1,1,1,1,118.66507265437788,95.02804439894429,0.017402533287846706,0.18525501276631093
2025-05-12,121.95465837416761,122.98452758789062,120.26486852149502,122.98452758789062,225023300,NVDA,0.054436382368091785,6.349205017089844,0.026035305300652765,0.020313860247915237,0.03071768270267845,117.50921630859375,0.04659473913023149,114.53458862304687,0.07377630693426562,109.9391658782959,0.11865982068698,111.10257278442383,0.10694581147568716,87.40301373865006,184341600.0,1.2206864863926536,0.022113831062627036,0.08065369251642007,0.13124259412414263,0.09617881778887472,0.07154468397553626,1,1,1,1,122.98452758789062,95.02804439894429,0.0,0.2273170758733638
2025-05-13,124.96428378706925,131.20349680462547,124.45434579721417,129.9136505126953,330430100,NVDA,0.05634142002011444,6.9291229248046875,0.028802886942885863,0.02413289420497296,0.032663851614398005,120.78680267333985,0.0755616312159404,116.62532577514648,0.11394030112437759,110.90004501342773,0.171448131486019,111.42014266967773,0.16597993324999094,88.51157453138883,218722500.0,1.5107275200310897,0.05195105349419586,0.14435435435233623,0.19179969919520112,0.04209961427156461,0.022319771116373843,1,1,1,1,131.20349680462547,95.02804439894429,0.009928489322252671,0.26852918054474934
2025-05-14,133.18323739959362,135.4229610498005,131.66342437777934,135.32296752929688,281180800,NVDA,0.041637787832564666,5.4093170166015625,0.029495916835430836,0.02418684775087346,0.033484378641970104,124.44234161376953,0.08743507856270849,119.26699295043946,0.13462211280475023,112.05689926147461,0.20762727169108075,111.80730728149415,0.2103231069557736,89.03589107661278,233606900.0,1.2036493785072273,0.02778195557385516,0.15615918747219126,0.2425633115570729,0.0016994932416052322,-0.02992458949773613,1,0,1,1,135.4229610498005,95.02804439894429,0.0007389249757768035,0.29776854488229354
2025-05-15,134.27309347043854,136.28285028501523,132.64330897356982,134.8130340576172,226632600,NVDA,-0.0037682699470013015,-0.5099334716796875,0.031069409403303685,0.02550125152686129,0.028182788793390774,127.93390045166015,0.053770998786645485,121.58870086669921,0.10876284635540401,113.57370834350586,0.18700917689393903,112.15807891845704,0.20199129084255385,86.13468265861282,239247800.0,0.9472714064664336,0.026996954240269707,0.14876024461340687,0.20804588467779506,-0.00333759398726019,0.004969153174941843,0,1,1,1,136.28285028501523,95.02804439894429,0.01090262701727982,0.2951123378891492
2025-05-16,136.20286928250525,136.3328578150344,133.44322189103337,135.38296508789062,226542500,NVDA,0.004227566230946556,0.5699310302734375,0.02841349459615207,0.02580360586783955,0.026517843377790718,131.6834289550781,0.0280941661541525,123.67843780517578,0.09463676523107756,115.26899528503418,0.17449592367070732,112.65481979370117,0.20175031424141743,92.67200343793226,257961860.0,0.8782015294819164,0.02134416189012462,0.16073726298231406,0.18253273921860913,-0.026587897063023558,-0.00435741707653059,0,0,1,1,136.3328578150344,95.02804439894429,0.007016338625225899,0.2980797522254585
2025-05-19,132.3733402168265,135.85289804232983,132.3733402168265,135.55294799804688,193154600,NVDA,0.0012555708914034902,0.16998291015625,0.027175024835442457,0.02517954883724023,0.022758183895242434,134.19711303710938,0.01010330945467186,125.85316467285156,0.07707222420993043,117.20175209045411,0.1565778290876545,113.11256958007813,0.19838978551435038,92.6437566532729,251588120.0,0.7677413385019929,0.025669362982452114,0.10219513508456779,0.19109124260277288,-0.020210955065729008,0.026702131276088892,0,1,1,1,136.3328578150344,97.26775782667495,0.00575354375176528,0.28243716375628775
2025-05-20,134.2730826239034,134.5630546490785,132.6032947519003,134.3630828857422,161514200,NVDA,-0.008777862303089301,-1.1898651123046875,0.020033232496149987,0.025818835537761785,0.023464023174207906,135.08699951171874,-0.0053588918888805015,127.9369010925293,0.050229306309093724,118.97602844238281,0.1293290307703534,113.66069732666016,0.1821419896763743,89.50957369514414,217804940.0,0.7415543467471399,0.014585553227032722,0.03424915207514756,0.18354752066240665,-0.022994408456691096,0.005581322562332014,0,1,0,1,136.3328578150344,102.0071592730487,0.014660090308937343,0.24080962506797993
2025-05-21,133.04325269152105,137.3827028648009,130.57356230685332,131.78341674804688,270608700,NVDA,-0.01919921813560177,-2.5796661376953125,0.009238082964370998,0.027669906005533238,0.02404660931621233,134.37908935546875,-0.019316045523687264,129.41071548461915,0.018334658413272864,120.43034553527832,0.09427085143953895,114.12163940429687,0.15476273768886117,81.43878788886921,215690520.0,1.2546156409655835,0.051669176031198194,-0.02615631955073483,0.1259183183131507,0.028072757688884842,0.04233688930242807,1,1,0,1,137.3827028648009,103.09702130913817,0.04248854867269948,0.21767834031616773
2025-05-22,132.21336282687446,134.23311300774128,131.53345568577518,132.81329345703125,187344000,NVDA,0.007814918860036713,1.029876708984375,0.010989629465113797,0.027518171386135094,0.023422390051164796,133.97914123535156,-0.008701711084058594,130.95652084350587,0.014178542630528757,121.75018005371093,0.09086732683631138,114.46339645385743,0.16031235811328592,80.29750541817845,207832800.0,0.9014169082069817,0.020326710163538816,-0.014833436652210374,0.1317201822963563,0.01490627583566817,0.06316334047636674,1,1,0,1,137.3827028648009,104.06690832142748,0.03440475940947872,0.21644207735051776
2025-05-23,129.98365220977007,132.66330787048915,129.14376150329426,131.2734832763672,198821300,NVDA,-0.011593795625301828,-1.5398101806640625,0.010684938495856954,0.02798536802486461,0.022713293622916096,133.15724487304686,-0.014146895262632353,132.4203369140625,-0.008660706236078952,122.76405220031738,0.06931533232680143,114.7775569152832,0.14372083536557212,78.07777020166097,202288560.0,0.9828598315198843,0.026810794376388013,-0.030354497028895477,0.1255036671817893,0.060172223185049,0.08096579632155199,1,1,0,1,137.3827028648009,104.06690832142748,0.04653810835179951,0.20725110872286603
2025-05-27,134.13310453484723,135.64292419162265,133.2932139517279,135.48294067382812,192953600,NVDA,0.03206631904936086,4.2094573974609375,0.02042902010560602,0.02496891310259683,0.02219342000417602,133.14324340820312,0.017572782559095,133.67017822265626,0.013561457576216629,124.10238342285156,0.09170297086237111,115.05412185668945,0.1775583393925222,81.33558149962099,202248360.0,0.9540428411879335,0.017343218476130007,-0.0005164574083609264,0.10162589824159407,-0.002730484592313731,0.03313668978861384,0,1,1,1,137.3827028648009,104.06690832142748,0.014022150549170696,0.23188183099770457
2025-05-28,136.01289284806998,137.23274065219468,134.773043287045,134.7930450439453,304021100,NVDA,-0.0050921217568175026,-0.6898956298828125,0.020094052511286407,0.01918885970907569,0.02241885550750021,133.22923583984374,0.011737733045181109,134.15811767578126,0.004732679461845857,125.39172172546387,0.07497562988300754,115.35968353271484,0.1684588663570612,77.55356290884936,230749740.0,1.3175360457610916,0.01824795459103819,0.0032000021804259315,0.03755875161689182,0.019063829517476982,0.05125723400707538,1,1,1,1,137.3827028648009,104.06690832142748,0.019212102671998472,0.2279504607415055
2025-05-29,142.2321134030903,143.47196297724966,137.89266277883826,139.17250061035156,369241900,NVDA,0.032490219098310735,4.37945556640625,0.020525021604918602,0.017314150203134936,0.022733836098384443,134.7070526123047,0.03314932597403564,134.5430709838867,0.034408532469273556,126.90503196716308,0.09666652655950414,115.83482406616211,0.20147375137255374,80.07167233054325,250476380.0,1.4741585613781227,0.040089099311595024,0.05606990655305033,0.028447004609334137,0.014584232604805125,0.0247143647016399,1,1,1,1,143.47196297724966,110.8060596179303,0.030893045307388164,0.2038221693798565
2025-05-30,138.7025513364048,139.6024320207408,132.9032778793795,135.11300659179688,333170900,NVDA,-0.0291687941278016,-4.0594940185546875,0.027500344735891632,0.02005434778980436,0.024355369317911473,135.1669952392578,-0.0003994218216167855,134.57306823730468,0.004012231879413353,128.08088455200195,0.05490375917055612,116.18697998046875,0.16289283544945943,73.32156746210195,279641760.0,1.1914204087400966,0.04958185973613018,0.01731538368566743,0.0022251003864468544,0.05024785522282582,0.06534447098884377,1,1,0,1,143.47196297724966,110.8060596179303,0.0618664079521733,0.17990086659312282
2025-06-02,135.4729551269194,138.10261378714853,135.38295485750098,137.3627166748047,197663100,NVDA,0.016650581167249268,2.2497100830078125,0.026443638456116712,0.020692277486250913,0.024122166111566666,136.3848419189453,0.007169966560070851,134.7710433959961,0.019230193767911352,129.22474060058593,0.06297537171594714,116.56393264770507,0.17843241519622066,70.24212206423506,279410120.0,0.7074299957353012,0.019799105575977558,0.04638585985882604,0.014623343384662979,0.018998460710117238,0.03974316064634409,1,1,1,1,143.47196297724966,110.8060596179303,0.044475287402098544,0.19333235174538052
2025-06-03,138.76252943263086,141.9821253260672,137.93263208053457,141.2022247314453,225578800,NVDA,0.02795160251329598,3.839508056640625,0.025612444603487033,0.022296420569005257,0.024176617231299942,137.52869873046876,0.0267109776714749,135.33597106933593,0.043345857097400575,130.59456787109374,0.0812258659243934,117.03427337646484,0.20650319481404633,67.4067228092895,285935160.0,0.7889159206583758,0.028678678776020875,0.04221405314331217,0.04167579397446852,0.0035405884418222566,0.02683807967491081,1,1,1,1,143.47196297724966,110.8060596179303,0.01607438020272838,0.21526689945095373
2025-06-04,142.17211569309742,142.37208748278405,139.52243989492337,141.9021453857422,167120800,NVDA,0.004956867043901525,0.699920654296875,0.024648876308772695,0.021818240059820235,0.02401374429765711,138.9505187988281,0.021242285472769185,136.08987731933593,0.04270904038489021,132.0133892059326,0.07490722145148276,117.44442169189453,0.20824934331926315,61.868699519772036,258555100.0,0.6463643532848511,0.020081779455231617,0.05274085424421693,0.056109627273221774,0.0050028500922449926,0.00042173407978052246,1,1,1,1,143.47196297724966,112.2658753138673,0.011062676940085238,0.20885004938658688
2025-06-05,142.15211531599257,143.98188696027037,138.81253909953503,139.97239685058594,231397900,NVDA,-0.013599149821945877,-1.92974853515625,0.022965387366992582,0.02117075727290575,0.02417650737788623,139.110498046875,0.006195785478537497,136.90877532958984,0.02237710120202907,133.15974540710448,0.05116149345775178,117.83037322998047,0.18791439773672636,58.85383335131382,230986300.0,1.001781923863017,0.0369311948430331,0.005747516475786307,0.06213968574054607,0.028359146302976646,0.03364550614717987,1,1,1,1,143.98188696027037,115.19550133583151,0.028644862843667532,0.1770127258819653
2025-06-06,142.4920575502711,143.2519716576077,141.49218341482276,141.70216369628906,153986200,NVDA,0.012357914021787986,1.729766845703125,0.01544212691145092,0.021256694769695005,0.024134262003714897,140.42832946777344,0.009071063035097637,137.79766235351562,0.02833503323704112,134.37709159851073,0.05451131595900316,118.38950271606446,0.19691493287319362,60.429042920912686,195149360.0,0.7890684345569978,0.012418922879376057,0.04876774835156561,0.06692756431142644,0.007902359885912924,0.017005375383631005,1,1,1,1,143.98188696027037,115.19550133583151,0.01608813305679264,0.18705898109833674
2025-06-09,143.17198765195985,144.98175749406252,141.9221449149421,142.612060546875,185114500,NVDA,0.006421192357627836,0.9098968505859375,0.014954962381405376,0.020274542549725348,0.023861281552016167,141.4781982421875,0.00801439599016196,138.9315200805664,0.026491759855317598,135.67592849731446,0.05112279036069278,119.01342422485351,0.19828549994021105,61.372432373966305,192639640.0,0.9609367002554614,0.021454094186618707,0.038215201323498205,0.08637370615539286,0.01668695293414757,0.0200524832274509,1,1,1,1,144.98175749406252,120.26486852149502,0.016616385305004606,0.1566991735459478
2025-06-10,142.6720500430919,144.27183958658884,141.51219232566982,143.94189453125,155881900,NVDA,0.009324835355968286,1.329833984375,0.010181582361987723,0.018539035806231372,0.02149098869278477,142.02613220214843,0.01348880166908173,139.77741546630858,0.029793647643636678,136.72379684448242,0.052793279980206,119.69913803100586,0.20253075251021868,65.36245694766862,178700260.0,0.8723093072164528,0.01917195316836615,0.019402454918931333,0.06243556432530206,-0.013754884783560017,-0.0006947671756113438,0,0,1,1,144.98175749406252,124.45434579721417,0.0072241856076638265,0.13538482870117463
2025-06-11,144.6018435649776,144.9818270127783,141.8619926278542,142.8219451904297,167694000,NVDA,-0.007780565515463356,-1.1199493408203125,0.011372481437326847,0.018739861508520046,0.018491354691878247,142.21009216308593,0.004302458552956079,140.58030548095704,0.015945617003772394,137.36921157836915,0.03969400092938402,120.38824966430664,0.18634456094077012,68.5731729421835,178814900.0,0.9378077553939856,0.021844222754173498,0.006481930221612586,0.059564647002868565,0.013022465114505,0.009381751818033024,1,1,1,1,144.9818270127783,129.14376150329426,0.015122898791700114,0.09577088219109332
2025-06-12,141.9619934165529,144.9918212890625,141.84200506767834,144.9918212890625,162365000,NVDA,0.015192875966922648,2.1698760986328125,0.008944022454777998,0.01670705644745251,0.016572726019064832,143.21397705078124,0.012413901735658595,141.16223754882813,0.027128953229504482,137.85265426635743,0.05178839000742674,121.08536331176758,0.1974347462272643,69.73424982692117,165008320.0,0.9839806865496237,0.0217240958378234,0.03586010207308643,0.04181372507636105,-0.006069025815538809,0.019999928437504533,0,1,1,1,144.9918212890625,129.14376150329426,0.0,0.10930312927218706
2025-06-13,142.47195608609783,143.57190012016565,140.84205843661482,141.9619903564453,180820600,NVDA,-0.020896564410876506,-3.0298309326171875,0.014621800724185553,0.014985701528438151,0.01739496260810689,143.2659423828125,-0.009101619021797847,141.84713592529297,0.0008097056764884147,138.21010208129883,0.02714626657998931,121.7164810180664,0.16633334425248347,66.52197089416704,170375200.0,1.0613082185670215,0.019229384405618763,0.0018336110993557586,0.05069078053558962,0.024723492068303266,0.08691981326410447,1,1,0,1,144.9918212890625,129.14376150329426,0.021342550389789095,0.09029338642665125
2025-06-16,143.3419182543515,146.17174515794912,143.19191756263837,144.6818389892578,183133700,NVDA,0.019158991966676142,2.7198486328125,0.016860079859270585,0.01522046240682702,0.017778798561350558,143.67989807128907,0.006973424476342638,142.57904815673828,0.014748245690404005,138.6750457763672,0.04331560288487224,122.57437393188476,0.18035960003889784,64.90581917855909,169979040.0,1.0773898946599534,0.02059572656891647,0.014513347850426017,0.05328317968390617,-0.005805501004074176,0.0713940468909664,0,1,1,1,146.17174515794912,129.14376150329426,0.010297810555213683,0.10739480223994947
2025-06-17,144.48185167828373,145.2118062109318,143.77188503129375,144.1118621826172,139108000,NVDA,-0.003939518675062925,-0.569976806640625,0.01665841879807911,0.013149114085759802,0.017850763258450152,143.7138916015625,0.0027691865874597266,142.87001190185546,0.008692168945956258,139.1029914855957,0.03600836073708846,123.57064849853515,0.16623052426827356,65.15904740345358,166624260.0,0.8348604218857446,0.009991690883942599,0.0011808073800938512,0.020606172860985428,0.000346973878489365,0.09457404641741785,1,1,1,1,146.17174515794912,129.14376150329426,0.014293639289190967,0.10386445954293128
2025-06-18,144.00186822839106,145.64177507521472,143.1119190601379,145.47178649902344,161494100,NVDA,0.009436588326663609,1.35992431640625,0.016334682231020702,0.013331555997713242,0.017670322718611648,144.24385986328124,0.008512852033397245,143.2269760131836,0.015673098380805106,139.65842666625977,0.041625557236555366,124.52753005981445,0.16818976839216848,61.3634611996829,165384280.0,0.9764779336947864,0.01739069874620543,0.01855346042977235,0.02515565288726007,0.016634571541884524,0.08599129881045431,1,1,1,1,146.17174515794912,129.14376150329426,0.004811645445286256,0.11224186757229926
2025-06-20,145.4417889825313,146.1917466588846,142.6419439392267,143.84188842773438,242956200,NVDA,-0.011204221179341944,-1.6298980712890625,0.015990248381647264,0.013026890441463207,0.01719897969832906,144.0138732910156,-0.0011942242740301534,143.61392517089843,0.0015873339341201387,140.26135025024413,0.02552761805801884,125.4786100769043,0.14634588588107134,67.25915279130417,181502520.0,1.3385830676069952,0.02467850470025842,-0.007931018805781953,0.027644676123385503,0.07271464338671074,0.06569350731349344,1,1,0,1,146.1917466588846,129.14376150329426,0.016336397254203053,0.10218252196976961
2025-06-23,142.49196127355907,144.77183143330174,142.02198656661903,144.161865234375,154308900,NVDA,0.002224503655632759,0.319976806640625,0.011757650867972392,0.012588145707350755,0.01718816325026008,144.45384826660157,-0.00202128939955748,143.85989532470703,0.0020990555358488816,140.82877883911132,0.023667651049303906,126.07553512573242,0.1434563025301101,64.55424562659599,176200180.0,0.8757590372495647,0.01907470371732548,0.015496224534511827,0.017358249683172344,0.07525843075292094,0.09072627763185293,1,1,0,1,146.1917466588846,129.14376150329426,0.014080571316203928,0.1041752873179371
2025-06-24,145.55178305584516,147.9516567694991,145.4917888831412,147.8916473388672,187566100,NVDA,0.025872182622140638,3.7297821044921875,0.014178889023442921,0.014707042531198106,0.017410965035923515,145.09580993652344,0.019268905170775508,144.38785400390626,0.024266537924070297,141.65968704223633,0.043992475394730945,126.88223876953126,0.16558195042174018,64.38695034641728,177086660.0,1.05917690242732,0.016632906121611803,0.022185288575490736,0.037020619236175056,0.06659914176587067,0.07734961222018422,1,1,1,1,147.9516567694991,132.9032778793795,0.0004057661924233425,0.10134696400496872
2025-06-25,149.2615908362584,154.44129154756814,149.2515816348226,154.30130004882812,269146500,NVDA,0.043340194157648115,6.4096527099609375,0.021192649902167567,0.01934490609479171,0.018446853921675957,147.13369750976562,0.048714894414902954,145.42379455566407,0.06104575609712892,142.60060501098633,0.0820522117486131,127.74994400024414,0.20783849461830872,71.40888686782355,203094360.0,1.3252288246704635,0.03363361106551452,0.07070506002690458,0.07196935646368807,0.023848109577553567,0.02546821738696181,1,1,1,1,154.44129154756814,132.9032778793795,0.0009072606562337243,0.138676875455212
2025-06-26,155.9711982969104,156.71116205301092,153.99131424314706,155.01126098632812,198145700,NVDA,0.004601133867798479,0.7099609375,0.02155638848873461,0.018668182625113945,0.01824740533466499,149.04159240722657,0.040053709053178954,146.6427261352539,0.057067507346771684,143.61151580810548,0.0793790464091686,128.63624786376954,0.20503562223371663,77.10860473009583,210424680.0,0.9416466737646934,0.01754613047179684,0.06557611422039367,0.08534623849049239,-0.011095286872941368,0.03212489878251579,0,1,1,1,156.71116205301092,132.9032778793795,0.010966306937098772,0.14262178738677925
2025-06-27,156.03119384319848,158.7010567029259,155.25123904977087,157.74110412597656,263234500,NVDA,0.017610611785741304,2.7298431396484375,0.01680760041199682,0.018781552540009273,0.01744645550431003,151.821435546875,0.03899099331908151,147.91765441894532,0.06641161087647052,144.53994598388672,0.09133224765118908,129.54735229492186,0.21763279087997134,77.90521347145307,214480340.0,1.2273129555837146,0.021870124925713174,0.0966284289657744,0.08793104827269183,-0.0031695573908407937,0.032519836818966086,0,1,1,1,158.7010567029259,132.9032778793795,0.006085621007081975,0.1574594420662916
2025-06-30,158.39105963903748,158.65105473929458,155.95121007936535,157.98109436035156,194580300,NVDA,0.0015214185022018878,0.239990234375,0.016982243240313437,0.01599864103836454,0.015378035081952466,154.5852813720703,0.02196724654598836,149.51956481933593,0.056591453775562295,145.68335037231446,0.08441420352159978,130.61743713378905,0.20949467258750776,77.37787763653671,222534620.0,0.8743821523140983,0.017089669310499506,0.09585911713551698,0.11284079607284081,0.008544785414019929,0.03867339279886339,1,1,1,1,158.7010567029259,135.38295485750098,0.00455726899151698,0.14304331536851303
2025-07-01,156.28118836420296,157.19114075936278,151.4814709885328,153.29136657714844,213143600,NVDA,-0.029685373444153784,-4.689727783203125,0.026521879355644228,0.02011163086534664,0.017362238261390463,155.66522521972655,-0.01524976846451953,150.380517578125,0.01935655659325164,146.47978286743165,0.04650186924349464,131.65371994018554,0.16435271746817004,64.874317916221,227650120.0,0.9362771256171531,0.037247171176834765,0.03651131984424216,0.05950662258674955,0.032224336143079624,0.07579904366897283,1,1,0,1,158.7010567029259,137.93263208053457,0.03529024658446688,0.10019308223000363
2025-07-02,152.97137110311218,157.5911210146133,152.9613771597412,157.2411346435547,171224100,NVDA,0.02576640912401551,3.94976806640625,0.02121454411032855,0.020670144184108882,0.017220763679897774,156.25319213867186,0.006322702860406482,151.69344482421874,0.03657171755684341,147.2817283630371,0.06762146527754265,132.86058639526368,0.18350474666548777,71.04496119611463,208065640.0,0.8229330897691709,0.029443592259538954,0.019052558817043375,0.09110473115877316,0.017488091893657076,0.043370495067664105,1,1,1,1,158.7010567029259,138.81253909953503,0.009284606491047509,0.11719958384804904
2025-07-03,158.36106240246136,160.97091579811564,157.76110539966962,159.3310089111328,143716100,NVDA,0.013290887733134138,2.089874267578125,0.02163174876662579,0.020716143680093065,0.01730668032114253,157.1171417236328,0.014090551566894982,153.0793670654297,0.04083921932490764,148.15317153930664,0.07544784398260806,134.06965545654296,0.18841961940282603,70.97718507089401,197179720.0,0.7288584241827709,0.020145547438517142,0.02786731684729471,0.0952708614202824,0.022216705993736596,0.07129409283755073,1,1,1,1,160.97091579811564,138.81253909953503,0.010292452788631307,0.12877888586673045
2025-07-07,158.19107281354107,159.3010108082469,157.33112071622008,158.2310791015625,140139000,NVDA,-0.006903425874769886,-1.0999298095703125,0.021027155356022013,0.02028249164142228,0.01697008598289979,157.21513671875,0.006462115569889404,154.5182861328125,0.024028178552011337,149.06610565185548,0.061482611420142996,135.1803355407715,0.1705184668212243,75.22483752599467,172560620.0,0.812114606449606,0.012449451164789304,0.0031061971976222846,0.10003477311866082,0.037032422511762864,0.08297521117024842,1,1,1,1,160.97091579811564,140.84205843661482,0.017315414342807738,0.1098963665272505
2025-07-08,159.32102164925746,160.21097087662494,158.3810721884118,159.99098205566406,138133000,NVDA,0.01112235955220875,1.7599029541015625,0.021541812968772594,0.020109427724424103,0.016949052487564432,157.6171142578125,0.01506097741371315,156.1011978149414,0.024918349731909206,149.9805465698242,0.06674489268632877,136.2518231201172,0.17423002784057307,74.46471696714563,161271160.0,0.8565263621840383,0.011437511444091832,0.012722330500686274,0.10980099900590523,0.03075000507860204,0.08125000178824004,1,1,1,1,160.97091579811564,140.84205843661482,0.006124931104620883,0.11968751846517792
2025-07-09,161.2109090473586,164.41072552837133,161.15091487239096,162.87081909179688,183656400,NVDA,0.01799999599434221,2.8798370361328125,0.012093018388406361,0.019594980996134766,0.017152681755047774,159.5330047607422,0.02092240621970687,157.59911499023437,0.033450086962031333,150.9934844970703,0.07866123915404444,137.28931869506835,0.18633277985410723,77.91671946238742,155373720.0,1.1820300112528683,0.02001470044884521,0.06249179408174488,0.10128477180734619,0.007306044218880814,0.058509343630848365,1,1,1,1,164.41072552837133,140.84205843661482,0.009454771856378621,0.13525296169086162
2025-07-10,164.31074810125853,164.4907306346819,161.6008940928153,164.09075927734375,167704100,NVDA,0.007490231782154355,1.219940185546875,0.00946459784513412,0.01567836562390523,0.017143386719773383,160.9029296875,0.019812128940318363,158.57806091308595,0.03476331046372949,152.000927734375,0.07953787995357486,138.39680755615234,0.18565422262913467,77.82432598215267,154669720.0,1.0842723449683622,0.01761120830078092,0.04356127707496049,0.06344378968562014,0.040219262827868585,0.04436317330757378,1,1,1,1,164.4907306346819,140.84205843661482,0.0024375008019929642,0.14168196273279668
2025-07-11,163.71077623333997,167.88053943905462,163.4607903198708,164.91070556640625,193633300,NVDA,0.004996907154757091,0.8199462890625,0.009158799596873803,0.01567415169409448,0.016809755234385066,162.01886901855468,0.017848763945638835,159.56800537109376,0.033482277245287406,153.10536575317383,0.07710598355033627,139.5148960876465,0.18202937600874902,82.26649679290045,164653160.0,1.1760071899014874,0.026800862345495665,0.03501952754460702,0.06386274466182984,0.03910983653336886,0.012794066539175919,1,1,1,1,167.88053943905462,140.84205843661482,0.018008739107919666,0.14594957341989823
2025-07-14,165.36067502496692,165.48067863727533,162.0108729824689,164.06076049804688,136975800,NVDA,-0.005153971450429062,-0.849945068359375,0.008507963635001444,0.015504509716935825,0.016925410176770593,163.18480529785157,0.005367872324855805,160.1999710083008,0.024099813910366086,154.05881271362304,0.06492291877528777,140.61798538208006,0.16671249450964098,79.9879964679262,164020520.0,0.8351138016145785,0.02114951585176727,0.03684283409798739,0.04006347240363706,0.05442793943313751,0.04089710400575308,1,1,1,1,167.88053943905462,140.84205843661482,0.02328270897569815,0.14152501787109825
2025-07-15,171.18034650685541,172.39026971263084,169.19045325951484,170.69036865234375,230627400,NVDA,0.040409468627178535,6.629608154296875,0.01732153536933938,0.019230536878966864,0.017282210324141456,165.3246826171875,0.032455444342697426,161.4708984375,0.057096791459374296,155.49523162841797,0.09772091957287232,141.79987365722656,0.20374133100396352,81.59649602880728,182519400.0,1.263577460806906,0.018746321062984378,0.06687493544453127,0.0804480709761548,0.010017642908813018,0.017809093285360733,1,1,1,1,172.39026971263084,142.02198656661903,0.00995897468444391,0.1679554758248574
2025-07-16,171.05035621730414,171.74031976856003,168.89047429804987,171.36033630371094,158831500,NVDA,0.0039250466013800445,0.6699676513671875,0.017478968312667875,0.014205844335236315,0.01716466172931545,167.0225860595703,0.025971039884351566,163.27779541015624,0.04950177624122887,156.82915649414062,0.09265611149361264,142.9373684692383,0.1988491053029955,78.11474127711497,177554420.0,0.8945510903079743,0.016630718239600262,0.052124237228335035,0.11787336840962115,5.8413550305225215e-05,0.01242926372836406,1,1,1,1,172.39026971263084,142.02198656661903,0.006010337229348669,0.17120852100274828
2025-07-17,172.01030913929756,174.15018791751396,170.82037376702192,172.99024963378906,160841100,NVDA,0.009511613744672687,1.629913330078125,0.017420040981701513,0.013264703648374183,0.01690758330747693,168.80248413085937,0.024808672244913454,164.8527069091797,0.049362505943517876,158.27307586669923,0.09298595915002572,144.12105987548827,0.20031208335021966,78.7588410655995,176181820.0,0.9129267707644296,0.019248565497425874,0.05423517080205298,0.1001590011795297,-0.03450868207879465,0.021676287449097442,0,1,1,1,174.15018791751396,142.02198656661903,0.006705223480400915,0.17901739047563753
2025-07-18,173.63021019833226,174.24017641906912,171.2503394915346,172.40028381347656,146456400,NVDA,-0.0034103992656315807,-0.5899658203125,0.018485863925392153,0.013798661858026322,0.017144841360969294,170.30039978027344,0.01233047036831647,166.15963439941407,0.03755815566529974,159.61950073242187,0.08007031109864049,145.2985511779785,0.1865244520043472,75.17174990488907,166746440.0,0.8783180018715842,0.017342413025081167,0.04541596145226845,0.08202593450991813,-0.009454238090707334,0.01798029371350429,0,1,1,1,174.24017641906912,142.02198656661903,0.010672213321778349,0.176207930607147
2025-07-21,172.7402639749064,173.37023335124513,170.99036260323587,171.37034606933594,123126100,NVDA,-0.005974107010490393,-1.029937744140625,0.018646417489249507,0.013689846540714104,0.016863386911342457,171.76231689453124,-0.0022820536674291736,167.47356109619142,0.02326806062782838,160.99592361450195,0.06443903809437512,146.38505264282227,0.17068199912102688,72.38386627402723,163976500.0,0.7508764975469046,0.013887296154764014,0.044554136827715585,0.08303847159722544,0.013770546278147888,0.04603805189010668,1,1,0,1,174.24017641906912,142.02198656661903,0.01674636490826746,0.17125693082770949
2025-07-22,171.33033873133073,171.38033896465845,164.5707252526767,167.0205841064453,193114300,NVDA,-0.025382232472884958,-4.349761962890625,0.013289665542697044,0.017207133154998416,0.01849215941251527,171.02835998535156,-0.023433399462226667,168.17652130126953,-0.006873356553460219,162.13885955810548,0.030108294591713047,147.3783595275879,0.13327753573739964,73.21611032785836,156473880.0,1.2341631715146324,0.04077110464205925,-0.021499657976443487,0.04393748922883356,0.03873555492802261,0.06489850364443694,1,1,0,1,174.24017641906912,145.4917888831412,0.04322576376587584,0.12889905360158133
2025-07-23,169.52044095634585,171.25033914956657,167.96053134785282,170.77037048339844,154082200,NVDA,0.022451043366986,3.749786376953125,0.017920142804674643,0.017648735292513672,0.018328831585340214,170.91036682128907,-0.0008191213938298914,168.9664764404297,0.01067604699447422,163.28279571533204,0.045856483135677584,148.46106048583985,0.15027044751365248,73.03372712998822,155524020.0,0.9907292777025697,0.019264511708918325,-0.00344283766616138,0.048501944274923936,0.034957267530927316,0.017215132732948835,1,1,0,1,174.24017641906912,149.2515816348226,0.020318547801054267,0.12601008469831598
2025-07-24,172.43027959809626,173.82020061413024,171.29034448608226,173.73020935058594,128984600,NVDA,0.017332274087179744,2.9598388671875,0.01930674988151668,0.018079253807855713,0.016471473161334592,171.05835876464843,0.015619526606200917,169.9304214477539,0.02236084551817763,164.2542411804199,0.05769085840381716,149.47597412109374,0.16226176395307057,73.80955504779745,149152720.0,0.8647820837595185,0.014561981692791008,0.004277464876565773,0.05874462471679909,0.010187532777197195,0.036030829514834606,1,1,1,1,174.24017641906912,151.4814709885328,0.0029353966151854974,0.1280648797075665
2025-07-25,173.60021352539138,174.71015156060187,172.9502562716434,173.49021911621094,122316800,NVDA,-0.0013813961041784228,-0.239990234375,0.01921187759960346,0.018225422239821584,0.01655378325802765,171.2763458251953,0.012925738696428768,170.7883728027344,0.015819849262205032,165.17818908691407,0.05032159557653948,150.34750549316405,0.15392815163201456,75.97004994964523,144324800.0,0.8475106149462878,0.010144060558132157,0.006322120118512187,0.0520252067343796,0.033256536692860106,0.027435090421118025,1,1,1,1,174.71015156060187,151.4814709885328,0.007031707323937227,0.1268587257529242
2025-07-28,174.0101941822023,176.9900219174052,173.96019394928393,176.7400360107422,140023500,NVDA,0.018731989106281377,3.24981689453125,0.01999922910220142,0.018278057485306542,0.01659781510539643,172.35028381347655,0.025469944697140035,172.0563003540039,0.027222110710863667,166.12813568115234,0.06387780303486412,151.17584686279298,0.16910233796243412,77.12990031547488,147704280.0,0.9479989340864057,0.017142850236474445,0.03133383379662247,0.07728402254264966,0.006336617935073674,0.015106059958550633,1,1,1,1,176.9900219174052,151.4814709885328,0.001414427157001402,0.14291365777855888
2025-07-29,177.94996552058157,179.36988356772682,175.01012896550742,175.50009155273438,154077500,NVDA,-0.00701563995343113,-1.2399444580078125,0.013267476594015002,0.014609932837986674,0.016822782998680504,174.0461853027344,0.008353565735848001,172.53727264404296,0.01717205136772937,167.00408554077148,0.0508730429225861,151.98958801269532,0.15468496130192344,71.60448131307066,139896920.0,1.1013644903690518,0.02484189360613168,0.050769235969650994,0.028178056784134764,-0.010198778010731435,0.029969898033086695,0,1,1,1,179.36988356772682,151.4814709885328,0.02205008544869986,0.13685816543853163
2025-07-30,176.50004870661488,179.87986313645385,176.03007396904806,179.25990295410156,174312200,NVDA,0.021423415612506602,3.7598114013671875,0.013032719358220897,0.015752387508449393,0.014994128030395338,175.744091796875,0.020005287923363646,173.32722930908204,0.03422816869956535,168.30251235961913,0.06510532992561213,152.86712677001952,0.1726517449614171,73.87470382518805,143942920.0,1.210981408463855,0.021476019477660344,0.04971314664641091,0.046099154686471966,0.004072020229525464,0.019133081380734662,1,1,1,1,179.87986313645385,152.9613771597412,0.0034584431439250753,0.1467061253575148
2025-07-31,182.88968537366165,183.28967198380855,175.92007699286586,177.85997009277344,221685400,NVDA,-0.0078095147785869345,-1.399932861328125,0.014206130825772646,0.01610418192908313,0.014773728811007117,176.5700439453125,0.007305464271507134,173.81420135498047,0.02327639920244673,169.33345413208008,0.050353404791723344,153.71326721191406,0.15708925663241513,70.01542000770765,162483080.0,1.364359907505446,0.041434815192528354,0.023771114750996913,0.028150259735986838,0.002192561214684252,0.023556499523731178,1,1,1,1,183.28967198380855,157.33112071622008,0.03052795909165466,0.11542141475591901
2025-08-01,174.08017933113513,176.53003812303805,170.88036283204175,173.710205078125,204529000,NVDA,-0.02333164124835896,-4.1497650146484375,0.019128672675995127,0.018081779136792573,0.01607193406746623,176.61404113769532,-0.016441705545406693,173.9451934814453,-0.001350933582107694,170.0524139404297,0.02150978661776981,154.50020965576172,0.12433637122670982,63.534326671603395,178925520.0,1.1430957417365617,0.03252356583457717,0.0012680020985316176,0.007598138678621025,0.03281140858194531,0.054340321454020124,1,1,0,1,183.28967198380855,157.33112071622008,0.05514625292955728,0.09428970712767584
2025-08-04,175.150129411279,180.18983857913796,174.5101661001552,179.98985290527344,148174600,NVDA,0.03615013766361175,6.2796478271484375,0.024212426072180333,0.02097633055181115,0.01730685042984471,177.26400451660157,0.015377337300402472,174.80714416503906,0.029648151767420083,171.14035263061524,0.05170902208994921,155.46433837890626,0.1577565297746435,63.172790327217236,180555740.0,0.8206584847427171,0.03155551486545132,0.01838755365158873,0.05029753999825659,0.004277788351207512,0.008833302319509073,1,1,1,1,183.28967198380855,158.3810721884118,0.018333361716072766,0.12005554962164502
2025-08-05,179.6098628583566,180.24982614601393,175.8900714807458,178.24993896484375,156407600,NVDA,-0.009666733498278846,-1.7399139404296875,0.024537611101880408,0.018925939908420935,0.017642260630100205,177.81397399902343,0.0024518037363177037,175.9300796508789,0.013186257395940704,172.0533004760742,0.036015807145944434,156.3730712890625,0.13990175863042875,59.47206004829206,181021760.0,0.8640265126137322,0.02445866007352744,0.015668638049018302,0.06723335880110293,0.024907488476935136,0.02109283270677409,1,1,1,1,183.28967198380855,161.15091487239096,0.028273406702028565,0.09592723673148205
2025-08-06,176.32005948301483,179.88985025482887,176.2400621628547,179.40988159179688,137192300,NVDA,0.006507394244785081,1.159942626953125,0.02262351729126049,0.018104242736450237,0.01740143489728238,177.8439697265625,0.008804975887807709,176.79403076171874,0.014796035922749917,172.88025360107423,0.03776965763707141,157.3357992553711,0.1402991718407165,58.941475762077516,173597780.0,0.7902883320282091,0.020343294692531794,0.0008366546853131318,0.05059139406878743,0.014714054645909247,0.005740696861302075,1,1,1,1,183.28967198380855,161.6008940928153,0.021625288181390038,0.09926425089283289
2025-08-07,181.5597693442696,183.86963665167795,178.78992126086553,180.7598114013672,151878400,NVDA,0.007524277913753652,1.3499298095703125,0.02227414713714386,0.01762694977101175,0.017401694000410355,178.42393798828124,0.013091704170543395,177.4969909667969,0.018382398579256165,173.71370620727538,0.040561596133838584,158.24133666992188,0.14230462915272857,61.402044605023264,159636380.0,0.9514021803801865,0.028102017541571763,0.01630406947151264,0.040462750128825276,0.013221202445494518,0.006859455820500626,1,1,1,1,183.86963665167795,162.0108729824689,0.017204185079644545,0.10372293638472165
2025-08-08,181.5397681998595,183.2896695438941,180.3898238761652,182.689697265625,123396700,NVDA,0.01067652067844116,1.9298858642578125,0.01650084316537358,0.017621737786318002,0.01744806150101295,180.21983642578124,0.013704711361564925,178.41693878173828,0.023948166093768153,174.60265579223633,0.046316829699381,159.19926971435547,0.14755361374092613,65.0691740753937,143409920.0,0.8604474502182275,0.01587306624911975,0.05169236996445625,0.05302591809658086,-0.006075545538736571,-0.038642577746536455,0,0,1,1,183.86963665167795,162.0108729824689,0.006458707873040899,0.11319097131728097
2025-08-11,182.0397344504628,183.82962677132744,180.23983292857787,182.0497283935547,138323200,NVDA,-0.003503037563961864,-0.6399688720703125,0.008544574376008392,0.017137392928038685,0.017399959883255076,180.6318115234375,0.007849762775219649,178.94790802001953,0.017333649819410768,175.50210418701172,0.03730795272725573,160.05681427001954,0.13740692155994427,72.20081919546458,141439640.0,0.9779662900725709,0.019718754180117003,0.011444397864835976,0.03004238599617448,-0.00021968330568644667,-0.0365813355018364,0,0,1,1,183.86963665167795,164.5707252526767,0.00999676447848903,0.09601224508883589
2025-08-12,182.94968779347354,184.46959107996432,179.4498851930147,183.14967346191406,145485700,NVDA,0.006042003347467295,1.099945068359375,0.0053208217839210165,0.016775008480354327,0.015330136971550015,181.61175842285155,0.008468146844774926,179.7128662109375,0.01912387979468666,176.12506942749025,0.03988418035693564,161.01754760742188,0.13745163917446246,69.8396861216836,139255260.0,1.044741146582183,0.027407670415494734,0.027488000980671723,0.043587338567747436,-0.014795844703157868,-0.0446604682186309,0,0,1,1,184.46959107996432,164.5707252526767,0.007206770250260541,0.10144133952333168
2025-08-13,182.60969839497247,183.95962838065756,179.33989375414814,181.5797576904297,179871700,NVDA,-0.008571763966649049,-1.569915771484375,0.00811238280739572,0.016059555857293625,0.015570700510595057,182.0457336425781,-0.0025596642273600922,179.94485168457032,0.009085594783924344,176.63604049682618,0.027988156775357043,161.90188842773438,0.12154193785996892,63.16666700793028,147791140.0,1.2170668688258308,0.02544190324554505,0.012094518314045954,0.012941291934773114,0.0023128550049238417,-0.019824855624082982,1,0,0,1,184.46959107996432,164.5707252526767,0.015914953441349047,0.09367251423890105
2025-08-14,179.73985890356857,183.0096786896392,179.44988197821397,182.00973510742188,129554000,NVDA,0.0023679810043872873,0.4299774169921875,0.007616016753626731,0.015730055378300883,0.015495587904359889,182.29571838378905,-0.0015687876758854191,180.35982818603514,0.009147862569955922,177.0870147705078,0.02779831340707606,162.71803863525392,0.11855905241957787,64.19995167792062,143326260.0,0.9039097231728506,0.019558276425841997,0.006914831877531169,0.023331641248358848,-0.03505108486702513,-0.012141490033274138,0,0,0,1,184.46959107996432,164.5707252526767,0.013514969246511122,0.09581361043381931
2025-08-15,181.86974661621798,181.88973450248375,178.02995160113952,180.4398193359375,156602200,NVDA,-0.008625449460479717,-1.569915771484375,0.006558349558863791,0.013598013733869188,0.015646225151018364,181.84574279785156,-0.007731407072185115,181.0327896118164,-0.0032754854916084986,177.48899154663087,0.01662541301065068,163.48879211425782,0.10368311492467974,56.53245008704761,149967360.0,1.0442418937027365,0.021390970771025895,-0.012315297268330583,0.03874046579350887,-0.027985580751243244,0.007315076212839777,0,1,0,1,184.46959107996432,164.5707252526767,0.022333051312384146,0.08794674114429356
2025-08-18,180.58981649127065,182.92968080449612,180.5798072904055,181.99972534179688,132008000,NVDA,0.008645020880647225,1.559906005859375,0.008135093665346975,0.007961028077750391,0.015575877409105217,181.8357421875,0.0009018202490014282,181.23377685546876,0.004226300966728491,178.0204605102539,0.022352851015761566,164.32933868408202,0.10753032172596777,61.3477368995924,148704320.0,0.8877213520091414,0.012911412419318343,-0.00027466699455724886,0.011166587471912681,-0.038624245380478484,-0.002252519255027896,0,0,1,1,184.46959107996432,164.5707252526767,0.01357071134876174,0.09576388127173473
2025-08-19,182.41970688751834,182.4897102645763,175.48011099603517,175.63009643554688,185229200,NVDA,-0.034998013839239506,-6.36962890625,0.01668744341697522,0.01372502057675384,0.01661592778583102,180.33182678222656,-0.026072659666214193,180.97179260253907,-0.029516733465330347,178.450936126709,-0.015807368413910616,165.0078973388672,0.06437388311703329,44.19198910877407,156653020.0,1.1824170386245985,0.03991115082666675,-0.041057004821419385,-0.014697578829542146,0.01337964746421716,0.025791361912422373,1,1,0,0,184.46959107996432,167.96053134785282,0.05033018157945031,0.043668854275831066
2025-08-20,175.1601234390134,175.99007848098316,168.79048741289236,175.39010620117188,215142700,NVDA,-0.001366452784833938,-0.239990234375,0.016960130635255578,0.013444381140824805,0.01596255025309712,179.093896484375,-0.020680717522532976,180.56981506347657,-0.02868535286744267,178.68192291259766,-0.018422774155144817,165.66345825195313,0.0587132977414111,45.8956451975258,163707220.0,1.3141918847562128,0.04104901481633685,-0.034087783616334466,-0.02240554062552147,0.025142578546741845,-0.006955581543166445,1,0,0,0,184.46959107996432,168.79048741289236,0.05176737203396355,0.03762822733404228
2025-08-21,174.8401410010552,176.89001313294924,173.80019113380274,174.97012329101562,140040900,NVDA,-0.0023945644326968107,-0.41998291015625,0.016442686235542785,0.013007602307712455,0.01553365275914283,177.68597412109375,-0.015284553795041012,179.9908462524414,-0.027894323883471794,178.74391860961913,-0.021112859939283135,166.28402282714845,0.05223653070323153,52.38996106363543,165804600.0,0.8446140818771011,0.017659140549426307,-0.03867711698086629,-0.03202973086476546,0.038804493861518186,-0.02400268530777694,1,0,0,0,184.46959107996432,168.79048741289236,0.05429194202000354,0.03531823468995964
2025-08-22,172.60026380920357,178.57992220965232,171.19033968434712,177.97996520996094,172789400,NVDA,0.017202033480534507,3.0098419189453125,0.019810127575194226,0.01391182976329581,0.015966825234574104,177.19400329589843,0.004435601089445518,179.519873046875,-0.00857792405251967,178.96840591430663,-0.005522989933871236,166.98718322753905,0.06583009408238816,45.64747307592668,169042040.0,1.0221682133036256,0.04151918176064252,-0.013632545937085405,-0.025779954349676615,0.020282070747880576,-0.041406812958913686,1,0,1,0,184.46959107996432,168.79048741289236,0.03646267635993547,0.05163209120884957
2025-08-25,178.3399565343825,181.89975349617023,176.56005805348863,179.79986572265625,163012800,NVDA,0.010225311093573941,1.8199005126953125,0.020045246467957425,0.014470226374856624,0.015589656666049986,176.7540313720703,0.017232050250522546,179.29488677978514,0.002816471523202635,179.12139739990235,0.0037877569771251896,167.68334411621095,0.0722583490346429,53.344867510633,175243000.0,0.9302100511860674,0.029697994607616424,-0.012087159005373604,-0.012358506056294072,0.0020020598531964584,-0.045325596323766315,1,0,1,1,184.46959107996432,168.79048741289236,0.025971795576928754,0.06123129327997389
2025-08-26,180.04984011627135,182.379710508586,178.79991063056144,181.75975036621094,168688200,NVDA,0.010900367670896083,1.9598846435546875,0.008484026302374744,0.014815861525505339,0.015621101560513715,177.97996215820314,0.021237155925721618,179.15589447021483,0.01453402302891571,179.43438034057618,0.01295944523686643,168.47929931640624,0.07882541715029245,54.90195828778892,171934800.0,0.981117260729067,0.019695228843635275,0.034900931304296945,-0.0075890012219550496,-0.04175613322143312,-0.08114646249725166,0,0,1,1,184.46959107996432,168.79048741289236,0.014908915248252552,0.07135387745190014
2025-08-27,181.96973565618129,182.47971666734583,179.0899084065932,181.5897674560547,235518900,NVDA,-0.0009352065559826706,-0.16998291015625,0.008380368874264407,0.01455739416184613,0.014932989148157374,179.2198944091797,0.013223269965020323,179.15689544677736,0.013579561105980797,179.55087356567384,0.011355521974862892,169.2174578857422,0.07311485307069465,51.82097942928003,176010040.0,1.3380992357026906,0.01866739689268546,0.03534783910656758,5.512599946344565e-05,-0.05958153437954361,-0.07318287285914316,0,0,1,1,184.46959107996432,168.79048741289236,0.015858953201240023,0.07048458854522072
2025-08-28,180.80980830742462,184.45959632874283,176.40005338826177,180.1598358154297,281787800,NVDA,-0.007874516613228466,-1.429931640625,0.010098332109377488,0.01473944405177905,0.014934957520681972,180.2578369140625,-0.0005436717776632349,178.97190551757814,0.006637523886311225,179.66586685180664,0.002749375673179344,169.93841735839842,0.060147779506939836,44.324807611604434,204359420.0,1.378883341908095,0.04473551446138036,0.02966056391114491,-0.010163738169831293,-0.053005453141813486,-0.0522284534835612,0,0,0,1,184.46959107996432,168.79048741289236,0.023921842762722606,0.06310700912374835
2025-08-29,178.099952232122,178.13994326196564,173.14022534545884,174.170166015625,243257900,NVDA,-0.03324642128304889,-5.9896697998046875,0.01805522967774057,0.017889039194178086,0.015909110482999596,179.49587707519532,-0.02967038099342667,178.34494018554688,-0.023408425075466255,179.68886489868163,-0.030712525710306915,170.51238494873047,0.02145170315924183,35.74530106580026,218453120.0,1.1135473826146314,0.028705937594721394,-0.021405775587390208,-0.03474650630546161,-0.014467669655635507,0.01808484989508008,0,1,0,0,184.46959107996432,168.79048741289236,0.059134266791795696,0.030887486219942067
2025-09-02,169.99041567915194,172.37028638119727,167.2105736316213,170.77037048339844,231164900,NVDA,-0.019519964928560563,-3.3997955322265625,0.016988584681537473,0.01800151576934046,0.014060578661655955,177.68997802734376,-0.038942024872559156,177.22200469970704,-0.03640425029183336,179.2278907775879,-0.04718863932112438,171.05095458984374,-0.0016403539349902907,29.325323974357275,232083540.0,0.9960417701315656,0.030214332468626887,-0.05021969956966443,-0.06169984508113746,-0.022016587966321555,0.0374750471491716,0,1,0,0,184.46959107996432,167.2105736316213,0.08022012576179109,0.020845518117109305
2025-09-03,171.0503597309562,172.40028977270214,168.8704898798795,170.61038208007812,164424900,NVDA,-0.0009368627758283843,-0.1599884033203125,0.013861272997326922,0.014903021854947037,0.013962547560059302,175.4601043701172,-0.027640028526422222,176.72003326416015,-0.03457248774364674,178.8459129333496,-0.04604819153088846,171.57992492675783,-0.005650677648294633,30.774637001728152,231230880.0,0.7110853879032074,0.02068924440463349,-0.06134123899086008,-0.028581174054703617,-0.013538891714087398,0.04225783423166307,0,1,0,0,184.46959107996432,167.2105736316213,0.08123309279842769,0.019927324509836072
2025-09-04,170.56039467979372,171.85031526705663,169.40045639085815,171.65032958984375,141670100,NVDA,0.0060954526746064275,1.039947509765625,0.015578321607912862,0.015166946466445197,0.013949488888907947,173.472216796875,-0.01050247261879722,176.34605560302734,-0.026627904985604745,178.45793533325195,-0.03814683684811038,172.05509857177734,-0.002352554415960717,32.22377111161849,212461120.0,0.6668048252781497,0.01427238084571339,-0.05473567153841041,-0.02132262014277253,-0.005243004083107183,0.035535442458696886,0,1,0,0,184.46959107996432,167.2105736316213,0.07468241698546124,0.025865117584284298
2025-09-05,168.02052717453523,169.02047080600087,164.06075893837155,167.01058959960938,224441400,NVDA,-0.027030183986951672,-4.639739990234375,0.01688824324666121,0.017106213559390713,0.014806381873060916,170.84236755371094,-0.02242873362719522,175.55010223388672,-0.048644304535351846,177.77047424316407,-0.06052683770667533,172.30928436279297,-0.03075106940858341,29.15246191484161,200991840.0,1.1166692140337637,0.0296969903496522,-0.07298655749937222,-0.045490816041591886,0.06172912597533564,0.04711925933600525,1,1,0,0,184.46959107996432,164.06075893837155,0.10453829018992804,0.017662536658961208
2025-09-08,167.5405549408978,170.95036631358883,167.34056927044318,168.30050659179688,163769100,NVDA,0.007723564088240931,1.2899169921875,0.015673535003900216,0.015995931906628933,0.014668057819706651,169.6684356689453,-0.008062366295505385,174.5821563720703,-0.03598105276512875,177.05101470947267,-0.0494236541486911,172.57506927490235,-0.02476929431965824,28.553553529641647,185094080.0,0.8847884275931461,0.02144852155377643,-0.03370071670771413,-0.05438510231612481,0.05270032608197006,0.011821038062359124,1,1,0,0,184.46959107996432,164.06075893837155,0.09607270242735881,0.02519153233274923
2025-09-09,169.08046220477644,170.97035502688004,166.7306038641957,170.7503662109375,157548400,NVDA,0.0145564601601742,2.449859619140625,0.016125862094150935,0.016517939784809903,0.015244178413068219,169.66443481445313,0.006400465705567404,173.67720642089844,-0.016852183831584044,176.4860466003418,-0.03249934201536586,172.83525451660157,-0.012062864787020677,41.29192861841962,170370780.0,0.9247383853029257,0.02483011460980845,-0.00011714135423090966,-0.05033095812027877,0.041403373065377336,0.032150087897585555,1,1,1,0,184.46959107996432,164.06075893837155,0.08034667903481209,0.039177703808271215
2025-09-10,176.63004377208136,179.2798883121013,175.46011154547278,177.32000732421875,226852000,NVDA,0.03847512165898026,6.56964111328125,0.023465566620399964,0.02112997614790343,0.01778052503957665,171.00635986328126,0.03692054182069726,173.2332321166992,0.02359117334234373,176.19456329345704,0.006387507138272186,173.22203277587892,0.023657351681364513,52.80932868243777,182856200.0,1.2406032718606206,0.02154171333663595,0.03932718022395254,-0.02442643672786171,0.002424952955224269,-0.0036657406295101946,1,0,1,1,184.45959632874283,164.06075893837155,0.04026386594643989,0.07477581681802821
2025-09-11,179.67999267578125,180.27999877929688,176.47999572753906,177.1699981689453,151159300,NVDA,-0.0008459798617036496,-0.1500091552734375,0.02380661671334413,0.021130620906273174,0.01770175919949059,172.11029357910155,0.02939803590259027,172.79125518798827,0.025341230238724588,175.9740753173828,0.006796017250868092,173.69960540771484,0.019979278324119498,53.22769498460381,184754040.0,0.8181650587992555,0.02144834391280072,0.03215646944745609,-0.024339308040465246,-0.012925401082575672,0.0363492832193022,0,1,1,1,184.45959632874283,164.06075893837155,0.04114465335629978,0.07399243306461566
2025-09-12,177.77000427246094,178.60000610351562,176.4499969482422,177.82000732421875,124911000,NVDA,0.003668844397986648,0.6500091552734375,0.015472737153142763,0.021105132155195088,0.01771747476983784,174.27217712402344,0.020357984038211985,172.5572723388672,0.030498482700958673,175.76458892822265,0.011694155281957608,174.11118286132813,0.021301471863783394,49.747845877858595,164847960.0,0.7577345816108371,0.012090929404548563,0.06472294811079848,-0.012987514562391445,-0.042346269980500506,0.003430352752434196,0,1,1,1,184.45959632874283,164.06075893837155,0.0373388186427084,0.07737739185197536
2025-09-15,175.6699981689453,178.85000610351562,174.50999450683594,177.75,147061600,NVDA,-0.00039369767931174415,-0.07000732421875,0.016518002976529337,0.017852512369281922,0.01762673364837252,176.16207580566407,0.009013995702955135,172.91525573730468,0.027960194964175678,175.63009796142578,0.012070266219630588,174.47956268310546,0.018743956407286433,46.57995283114937,161506460.0,0.9105617199460628,0.02441638029074367,0.0561465535639909,0.02055365776050211,-0.008495046451960309,-0.004388178786480346,0,0,1,1,184.45959632874283,164.06075893837155,0.03774737737689358,0.07701401441141181
2025-09-16,177.0,177.5,174.3800048828125,174.8800048828125,140737800,NVDA,-0.016146245385021074,-2.8699951171875,0.020203806484037717,0.01742360870925272,0.017812909052023717,176.98800354003907,-0.011910404180301981,173.3262191772461,0.00896451623385075,175.27411193847655,-0.0022485183425284827,174.81254119873046,0.0003859201612161911,38.85997253481698,158144340.0,0.8899325767839684,0.017840776704450667,0.024185240497659688,0.024065266051604528,0.010235551441871715,0.016068146615599188,1,1,0,0,184.45959632874283,164.06075893837155,0.05477808313391597,0.061866683682282334
2025-09-17,172.63999938964844,173.1999969482422,168.41000366210938,170.2899932861328,211843800,NVDA,-0.026246634655319623,-4.5900115966796875,0.012693487459011724,0.019673954771870353,0.01704657905449049,175.58200073242188,-0.030139806040562322,173.29418029785157,-0.017335763997124887,175.00710678100586,-0.02695383965621334,175.01852142333985,-0.02701730136189151,33.99398441376998,155142700.0,1.3654770736876436,0.028128448382074574,-0.039645915563447875,-0.0018778974060027487,0.07821955399245084,0.04639150547148896,1,1,0,0,184.45959632874283,164.06075893837155,0.08320866522556784,0.036580154990636944
2025-09-18,173.97999572753906,177.10000610351562,172.9600067138672,176.24000549316406,191763300,NVDA,0.03494046885675561,5.95001220703125,0.023348174147513195,0.022570594148820396,0.018884936125713427,175.39600219726563,0.00481198707681596,173.7531478881836,0.014312590218974464,175.04960174560546,0.006800379639186893,175.2859051513672,0.005443109307465166,45.07789076439174,163263500.0,1.1745632061054676,0.023490690312132443,-0.005249154401945844,0.026738520772358942,0.012426163835441706,0.03183159575292427,1,1,1,1,184.45959632874283,164.06075893837155,0.04663862108139567,0.06910602686780395
2025-09-19,175.77000427246094,178.0800018310547,175.17999267578125,176.6699981689453,237182100,NVDA,0.0024398131092768782,0.42999267578125,0.023295308078070218,0.020011639235432938,0.018878075630336208,175.16600036621094,0.008586128584257446,174.71908874511718,0.011165977557690665,175.13459548950195,0.00876698675753862,175.5374899291992,0.006451660213455668,53.64843913195881,185717720.0,1.2771107678901077,0.016414836618157586,-0.006467265256471566,0.0578371023807136,0.0016980984596541848,0.05609330256874001,1,1,1,1,184.45959632874283,164.06075893837155,0.04409123360237154,0.07137170635229105
2025-09-22,175.3000030517578,184.5500030517578,174.7100067138672,183.61000061035156,269637000,NVDA,0.03928229191902566,6.94000244140625,0.029515217252591312,0.022659008431006905,0.020474947618697757,176.33800048828124,0.04123898480154087,176.25003814697266,0.04175864323638634,175.41609725952148,0.04671123961165047,175.91147583007813,0.04376363022336216,66.98402715319368,210232800.0,1.2825639005902028,0.05359183217243487,0.03296765462926343,0.09096522837977528,-0.03224224252092045,0.019770191551362837,0,1,1,1,184.5500030517578,164.06075893837155,0.0051195601453162595,0.1064715516965031
2025-09-23,181.97000122070312,182.4199981689453,176.2100067138672,178.42999267578125,192559600,NVDA,-0.028212014146021813,-5.1800079345703125,0.03223386505459029,0.025362955845764625,0.021420321656995533,177.047998046875,0.007805762528533933,177.01800079345702,0.007976544057639146,175.34760360717775,0.01757873506791019,176.1988604736328,0.01266258020143285,59.130973032532296,220597160.0,0.872901536901019,0.034803517962151566,0.02029956366565533,0.04497575399256637,-0.0013450106160743935,0.05862246899753942,0,1,1,1,184.5500030517578,164.06075893837155,0.034299224498075355,0.08053149317513855
2025-09-24,179.77000427246094,179.77999877929688,175.39999389648438,176.97000122070312,143564100,NVDA,-0.008182432970958109,-1.459991455078125,0.028759576905646587,0.02259957316424617,0.021326277868850482,178.38399963378907,-0.007926711005408538,176.98300018310547,-7.344751975557617e-05,175.10811614990234,0.010632774263911848,176.324453125,0.0036611376599335888,56.15144594180661,206941220.0,0.6937433731182217,0.02474998504040298,0.039227248798736625,-0.0019738669583724278,0.027575322648760947,0.06017965656903934,1,1,0,1,184.5500030517578,164.06075893837155,0.04283212848940145,0.07294593543135133
2025-09-25,174.47999572753906,180.25999450683594,173.1300048828125,177.69000244140625,191586700,NVDA,0.004068493053832389,0.720001220703125,0.024550031583769824,0.022631808755207365,0.02135787905362309,178.6739990234375,-0.005507217543735399,177.03500061035157,0.0036998436964241765,174.91312789916992,0.015875735432717697,176.4510464477539,0.007021528172229896,63.58031542509429,206905900.0,0.9259605453493593,0.04012600329821353,0.008227399586062889,0.0029350582933633795,0.0500309486606032,0.04417801078772077,1,1,0,1,184.5500030517578,164.06075893837155,0.038606564894463694,0.07670236544416155
2025-09-26,178.1699981689453,179.77000427246094,174.92999267578125,178.19000244140625,148573700,NVDA,0.0028138893192084513,0.5,0.02455273686847546,0.02262021158551146,0.021307028758363773,178.97799987792968,-0.004402761440293612,177.0720001220703,0.006313828942832389,174.81463623046875,0.01930825864310104,176.55504150390624,0.009260346935286101,62.83365385224659,189184220.0,0.7853387560548126,0.027162082778865306,0.00860363552507315,0.002080728275490884,0.050788500632821476,0.03844206044600629,1,1,0,1,184.5500030517578,164.06075893837155,0.03569224155795668,0.07929313266427943
2025-09-29,180.42999267578125,184.0,180.32000732421875,181.85000610351562,193063500,NVDA,0.02053989343938012,3.660003662109375,0.01798004318158614,0.023486889721895443,0.02030521044169527,178.6260009765625,0.018048912864461197,177.48200073242188,0.02461097662336531,175.1986282348633,0.037964782804896124,176.74403594970704,0.028889066193223734,63.965435151552384,173869520.0,1.110393011955172,0.020236417664382507,-0.00958550460751273,0.023066138416403037,0.03871318696643544,0.03992298192557264,1,1,1,1,184.5500030517578,164.06075893837155,0.014847384424640883,0.0978237369704447
2025-09-30,182.0800018310547,187.35000610351562,181.47999572753906,186.5800018310547,236981000,NVDA,0.026010423804146532,4.7299957275390625,0.013967237207360532,0.023545550351500986,0.020275975273849306,180.2560028076172,0.035083430925664905,178.6520004272461,0.04437678494978381,175.9891098022461,0.0601792465494555,177.0482290649414,0.053837153957733364,62.216338804348304,182753800.0,1.2967226946854182,0.03146109078341507,0.04567622871611343,0.06690299989459847,0.0055739804691099515,0.03210422035791338,1,1,1,1,187.35000610351562,164.06075893837155,0.004126938926488834,0.12069483691544802
2025-10-01,185.24000549316406,188.13999938964844,183.89999389648438,187.24000549316406,173844900,NVDA,0.003537376222704669,0.660003662109375,0.011026049837959932,0.020609177204886184,0.020235952855731234,182.31000366210938,0.02704186129134123,180.3470016479492,0.03822078427824649,176.8205909729004,0.05892647718760635,177.45261749267578,0.055154937350486044,63.108563347158,188809960.0,0.9207400923129268,0.022644762704404325,0.0580324586179608,0.09953616110930663,-0.00907932149731383,-0.021790224905775535,0,0,1,1,188.13999938964844,164.06075893837155,0.004806632504169804,0.12379430610323691
2025-10-02,189.60000610351562,191.0500030517578,188.05999755859375,188.88999938964844,136805800,NVDA,0.008812186755381202,1.649993896484375,0.010425894899699379,0.01861697750333639,0.020253829953637524,184.5500030517578,0.023516641918848613,181.61200103759765,0.0400744351170057,177.6825744628906,0.06307554334259446,177.81501007080078,0.06228377072575553,64.04464190647656,177853780.0,0.7692037807686741,0.015829347783501136,0.06303110357565234,0.07177708523718263,-0.020382265424087942,-0.0030175873115119156,0,0,1,1,191.0500030517578,164.06075893837155,0.011435246276080764,0.1314481472365211
2025-10-03,189.19000244140625,190.36000061035156,185.3800048828125,187.6199951171875,137596900,NVDA,-0.0067235125023275,-1.2700042724609375,0.013127528190965845,0.01909189360299938,0.019036540268049323,186.43600158691407,0.00635067004331491,182.70700073242188,0.02689001715900763,178.71304473876953,0.0498393969586135,178.0928057861328,0.05349564396495432,62.15216850566127,175658420.0,0.7833208336953048,0.026542990390915188,0.05292099751153034,0.06197994601081591,0.007941613537690406,-0.04045409090406338,1,0,1,1,191.0500030517578,166.7306038641957,0.018281675854580043,0.11133883272912506
2025-10-06,185.5,187.22999572753906,183.3300018310547,185.5399932861328,157678100,NVDA,-0.011086248188821868,-2.0800018310546875,0.014580449009016852,0.01574322774777074,0.019408230392474985,187.1739990234375,-0.008729875654898356,182.9,0.014434080295969487,179.57501907348632,0.033217171538795665,178.33380126953125,0.04040844733472726,63.38521139848524,168581340.0,0.9353235654669728,0.021019694069245497,0.020291377832105884,0.010511370128890585,0.037889480933873454,-0.030774990092149013,1,0,0,1,191.0500030517578,166.7306038641957,0.029697154063855494,0.1013764692387909
2025-10-07,186.22999572753906,189.05999755859375,184.0,185.0399932861328,140088000,NVDA,-0.002694836790410604,-0.5,0.007941023438483167,0.012100444862856663,0.019347474036211173,186.86599731445312,-0.009771729766585469,183.56100006103514,0.008057230155675166,180.28950042724608,0.026349248556511107,178.49980041503906,0.03663977694029241,70.64091164937508,149202740.0,0.9389103712170433,0.02734542662228336,-0.008253877852977709,0.03704534485052835,-0.010159909707283421,-0.017455662801200034,0,0,0,1,191.0500030517578,168.41000366210938,0.032479517853913585,0.08987240719528125
2025-10-08,186.57000732421875,189.60000610351562,186.5399932861328,189.11000061035156,130168900,NVDA,0.02199528465138445,4.07000732421875,0.013375257050646369,0.01255949343568446,0.018123223666141962,187.23999633789063,0.009987205239452956,184.775,0.023460969342993243,180.87900009155274,0.04550556181000931,178.7719985961914,0.05782785948213043,69.01032909393011,140467540.0,0.9266831326297876,0.016181126368286378,0.009987155855193386,0.06859919368203182,-0.0041774273363814896,-0.031145890596153025,0,0,1,1,191.0500030517578,168.41000366210938,0.0102585925395003,0.10946008609504021
2025-10-09,192.22999572753906,195.3000030517578,191.05999755859375,192.57000732421875,182997200,NVDA,0.018296265150970603,3.4600067138671875,0.015129555789422733,0.01302218948820092,0.018391833999867612,187.9759979248047,0.02443934039521256,186.26300048828125,0.0338607604269443,181.6490005493164,0.0601214801175709,179.03820068359374,0.0755805553728679,71.55639977178028,149705820.0,1.2223786623659654,0.022017995180451,0.01948228040902822,0.083741373619032,-0.06511921933828979,-0.05156570367602331,0,0,1,1,195.3000030517578,168.41000366210938,0.014176640305895247,0.12546088561669214
2025-10-10,193.50999450683594,195.6199951171875,182.0500030517578,183.16000366210938,268774400,NVDA,-0.04886536482426518,-9.410003662109375,0.028445511413039606,0.022314438401620146,0.02190755398185742,187.08399963378906,-0.020974514011678047,186.76000061035157,-0.019276059844062,181.91600036621094,0.006838339087238854,179.14420135498048,0.022416591085588244,49.42821257439868,175941320.0,1.5276366006575375,0.07408818406917807,-0.02377140801166966,0.02789158287562965,-0.018180835141267115,-0.01091941450104772,0,0,0,1,195.6199951171875,168.41000366210938,0.0680279056887557,0.08053068194522732
2025-10-13,187.97000122070312,190.11000061035156,185.9600067138672,188.32000732421875,153482800,NVDA,0.028172109406748413,5.160003662109375,0.031425126343429415,0.023098441813890112,0.022680778599873302,187.64000244140624,0.003623986751038588,187.40700073242186,0.0048717848758514926,182.4445007324219,0.032204350189836806,179.43639739990235,0.04950840550213376,62.57311257435408,175102260.0,0.876532375995604,0.022036925101322827,0.014983368215383708,0.03557877923314545,-0.03456886954351657,-0.042693331734423134,0,0,1,1,195.6199951171875,168.41000366210938,0.03876373995887128,0.10572431439975238
2025-10-14,184.77000427246094,184.8000030517578,179.6999969482422,180.02999877929688,205641400,NVDA,-0.04402085929536681,-8.290008544921875,0.038139812568184786,0.02602836887897869,0.02469512876818174,186.63800354003905,-0.035405462099923124,186.7520004272461,-0.03599426850888243,182.7020004272461,-0.014624917306328311,179.4372003173828,0.0033036542080768783,53.31455296012355,188212940.0,1.092599690542,0.028328645992870587,-0.02707519827396898,-0.035105600747548205,0.017719282691974758,0.011831388642199236,1,1,0,0,195.6199951171875,168.41000366210938,0.08659665857690071,0.06454477140464092
2025-10-15,184.8000030517578,184.8699951171875,177.2899932861328,179.8300018310547,214450500,NVDA,-0.0011109090129327592,-0.1999969482421875,0.03536777678874251,0.025934872097362203,0.023819752440285506,184.7820037841797,-0.026799157124136386,186.01100006103516,-0.03322920810033991,183.1790008544922,-0.01828265798926243,179.46880157470704,0.0020126075015733935,52.34443250146687,205069260.0,1.0457466906546597,0.042150930066585275,-0.04907196208209896,-0.03957489556033955,0.01562585514086612,0.03575595067736281,1,1,0,0,195.6199951171875,172.9600067138672,0.08780511107911279,0.038202719497504485
2025-10-16,182.22999572753906,183.27999877929688,179.77000427246094,181.80999755859375,179723300,NVDA,0.011010374839450998,1.9799957275390625,0.03406193259112708,0.026061923547961673,0.022705901251595773,182.6300018310547,-0.004489975711764571,185.3029998779297,-0.018850220026858655,183.45750045776367,-0.00898029731713923,179.51680389404297,0.012774256308085263,53.84124909570998,204414480.0,0.8792102203327279,0.01930583880957776,-0.05587583401556928,-0.03748214227292057,-0.0035751273594011312,0.0532424402648739,0,1,0,0,195.6199951171875,173.1300048828125,0.07595840572047234,0.0477421087527591
2025-10-17,180.17999267578125,184.10000610351562,179.75,183.22000122070312,173135200,NVDA,0.007755369237354204,1.410003662109375,0.02698823650103946,0.026264516486466934,0.022744810489417726,182.64200134277343,0.0031646602297406012,184.86300048828124,-0.008887658770216023,183.78500061035157,-0.0030742410304001044,179.5660076904297,0.02034902695265628,51.526626180625605,185286640.0,0.9344181534081464,0.023741982723140008,0.0003275691056681129,-0.023451625684864474,-0.016046296374950808,0.09720553127352183,0,1,1,0,195.6199951171875,173.1300048828125,0.06767816730634987,0.055070386806385936
2025-10-20,183.1300048828125,185.1999969482422,181.72999572753906,182.63999938964844,128544700,NVDA,-0.0031656032485013474,-0.5800018310546875,0.022113581333955624,0.026080682278572895,0.02100345577825135,181.50599975585936,0.006247725338635712,184.5730010986328,-0.010472830248620113,183.73650054931642,-0.005967791682054302,179.56501373291016,0.017124636881169275,45.16208328774186,180299020.0,0.7129528491058909,0.018999130706851042,-0.03016146831808153,-0.015630020488424323,-0.0026280975095440695,0.13359611245085956,0,1,1,0,195.6199951171875,173.1300048828125,0.07106874600808137,0.05206961530123034
2025-10-21,182.7899932861328,182.7899932861328,179.8000030517578,181.16000366210938,124240200,NVDA,-0.008103349389427028,-1.4799957275390625,0.007907870151475324,0.0261696068305792,0.020043896811532156,181.73200073242188,-0.0031474757775582507,184.18500213623048,-0.016423695952636264,183.8730010986328,-0.014754735172175404,179.54721923828126,0.008982508504839393,42.681754517300575,164018780.0,0.7574754549448545,0.016504692945092787,0.006276758820610739,-0.02096838394294409,0.02815185880785709,0.11994919015385297,1,1,0,0,195.6199951171875,173.1300048828125,0.07981889579803819,0.04432545052424502
2025-10-22,181.13999938964844,183.44000244140625,176.75999450683594,180.27999877929688,162249600,NVDA,-0.00485761131057294,-0.8800048828125,0.008355578296288623,0.02479799163451034,0.019977820618890352,181.8220001220703,-0.008480829282144997,183.302001953125,-0.016486471187591945,184.0385009765625,-0.020422369109299954,179.48982574462892,0.004402327716291676,39.44077353049603,153578600.0,1.0564596890452185,0.03705351663968081,0.0025023463474407315,-0.04669241077973618,0.062181089359728325,0.12319728679972552,1,1,0,0,195.6199951171875,173.1300048828125,0.08508984048014233,0.039660494480242205
2025-10-23,180.4199981689453,183.02999877929688,179.7899932861328,182.16000366210938,111363700,NVDA,0.010428249919804289,1.8800048828125,0.008175107890265954,0.024110001696177386,0.020077600994613858,181.89200134277343,0.0014734145391632758,182.26100158691406,-0.0005541389761128945,184.26200103759766,-0.011407655206454481,179.5014306640625,0.014810873585862527,43.40262592546431,139906680.0,0.7959855812460134,0.01778659106295356,0.0019251202255960997,-0.05405828148815861,0.1035902214417479,0.13570487880839388,1,1,1,0,195.6199951171875,174.92999267578125,0.07389103636627728,0.03969044159517669
2025-10-24,183.83999633789062,187.47000122070312,183.5,186.25999450683594,131296700,NVDA,0.02250763483915863,4.0999908447265625,0.012826857293581802,0.019983555511181847,0.020624166534242594,182.5,0.02060270962649824,182.5710006713867,0.020205803889354446,184.66550064086914,0.008634497837621158,179.58643585205078,0.03716070550162853,50.829494027277356,131538980.0,0.9981581125229951,0.02131429903246036,0.016592038346680882,0.016925042491511277,0.11156447649596712,0.06673471653148866,1,1,1,1,195.6199951171875,176.75999450683594,0.05025234020399394,0.051003974445255014
2025-10-27,189.99000549316406,192.0,188.42999267578125,191.49000549316406,153452700,NVDA,0.028079089125798262,5.230010986328125,0.0160561537339801,0.01996996459215352,0.021037506859661298,184.27000122070314,0.039181658569662714,182.88800048828125,0.04703427771049418,185.14750061035156,0.034256497451512935,179.8074395751953,0.06497265043965617,56.70061028770706,136520580.0,1.1240261358397394,0.018643308902856523,0.04845601255524978,0.01683303974966255,0.05953310130794964,0.019426607728808776,1,1,1,1,195.6199951171875,176.75999450683594,0.021567651081251197,0.07692313208928268
2025-10-28,193.0500030517578,203.14999389648438,191.91000366210938,201.02999877929688,297986200,NVDA,0.049819797443545255,9.539993286132812,0.020390893705603885,0.017966431918750372,0.02300206792148476,188.24400024414064,0.06792247571542043,184.98800048828124,0.08671912907146573,185.87000045776367,0.08156237307901715,180.18804504394532,0.11566779433268448,61.11939684536049,171269780.0,1.7398644407670751,0.055912004688986515,0.1096820198472066,0.11664722625335577,0.007262631063685632,-0.06441823124348467,1,0,1,1,203.14999389648438,176.75999450683594,0.010545665473116583,0.12072827150094173
2025-10-29,207.97999572753906,212.19000244140625,204.77999877929688,207.0399932861328,308829600,NVDA,0.029896008274039154,6.0099945068359375,0.014304984543139321,0.018271781736113067,0.02371877264180572,193.59599914550782,0.0694435535856317,187.70899963378906,0.10298384035958619,186.8599998474121,0.10799525556673162,180.81624298095704,0.1450298373246124,62.88511451698943,200585780.0,1.5396385526431635,0.035790204319938436,0.14843573712021252,0.15130952109226548,-0.0007727415403225857,-0.09123840804777339,0,0,1,1,212.19000244140625,176.75999450683594,0.024874465428309962,0.1462519308404797
2025-10-30,205.14999389648438,206.16000366210938,201.41000366210938,202.88999938964844,178864400,NVDA,-0.020044407027916655,-4.149993896484375,0.025696400190790634,0.021289790424248257,0.024363267703009683,197.74199829101562,0.02603392877145172,189.81699981689454,0.06887159519623998,187.55999984741212,0.0817338427954144,181.36624084472658,0.11867566116314365,69.38494396165424,214085920.0,0.8354795121510092,0.02341170099211084,0.11380102827617078,0.11594522916299477,-0.020700857414741924,-0.01892649391020962,0,0,1,1,212.19000244140625,176.75999450683594,0.0458376611944152,0.12878902341869528
2025-10-31,206.4499969482422,207.97000122070312,202.07000732421875,202.49000549316406,179802200,NVDA,-0.0019714815796129104,-0.399993896484375,0.027831080578775827,0.021684789875795606,0.024277596592061353,200.98800048828124,0.007473107853373628,191.74400024414064,0.05604350193664964,188.30350036621093,0.07533850990217039,181.91663848876954,0.11309227773392805,65.35877016712563,223787020.0,0.8034523181907511,0.029137210412508757,0.0871363226939883,0.10517413024819633,-0.03595238570697079,-0.04607635724208459,0,0,1,1,212.19000244140625,176.75999450683594,0.0479035838071013,0.12706805416723027
2025-11-03,208.0800018310547,211.33999633789062,205.55999755859375,206.8800048828125,180267300,NVDA,0.02168007936469052,4.3899993896484375,0.027346103899596,0.021397221023548487,0.02430427535246893,204.06600036621094,0.013789678395968119,194.16800079345703,0.06546909911730325,189.37050094604493,0.09246162337478503,182.49463928222656,0.1336223666431875,81.79021847214032,229149940.0,0.7866783643932004,0.027938895218853867,0.08036972660799169,0.13272013564482044,-0.09087394918811564,-0.06322506536319872,0,0,1,1,212.19000244140625,176.75999450683594,0.02566704095739753,0.1455916940500755
2025-11-04,203.0,203.97000122070312,197.92999267578125,198.69000244140625,188919300,NVDA,-0.03958817792007252,-8.19000244140625,0.02879485155202411,0.026510893596028446,0.02629660881031156,203.5980010986328,-0.024106320448838203,195.9210006713867,0.01413325657040665,190.0530014038086,0.04544522303673859,182.87244201660155,0.08649504676800213,68.77738538662143,207336560.0,0.9111721541053831,0.030399156830767445,-0.011640035577275332,0.09676528165672238,-0.053047503223168646,-0.059539995398325885,0,0,0,1,212.19000244140625,176.75999450683594,0.06794503917720347,0.11037298135338984
2025-11-05,198.77000427246094,202.9199981689453,194.64999389648438,195.2100067138672,171350300,NVDA,-0.017514699706973502,-3.4799957275390625,0.022857377479537408,0.02755899308004749,0.026349346780612282,201.23200378417968,-0.029925642825537113,197.41400146484375,-0.011164328439839943,190.35800170898438,0.025488841873327006,183.1414471435547,0.0658974784711217,62.95438204985306,179840700.0,0.9527893296678672,0.04236465338881349,-0.05713865415324071,0.0828156647196785,0.019671103969168824,-0.025818392354800546,1,0,0,1,212.19000244140625,176.75999450683594,0.0869832239308706,0.09451366001987137
2025-11-06,196.4199981689453,197.6199951171875,186.3800048828125,188.0800018310547,223029800,NVDA,-0.03652479195527836,-7.1300048828125,0.02544187350627831,0.03095247169580267,0.02738712699541126,198.27000427246094,-0.05139457417574489,198.0060012817383,-0.050129790947902264,190.13350143432618,-0.010800303932659627,183.27125183105468,0.026238430479172292,54.23050286806325,188673780.0,1.1820921804820999,0.05976175098334733,-0.07299520727067121,0.032498891358864856,0.02700979254358926,-0.007868969125534586,1,0,0,0,212.19000244140625,176.75999450683594,0.12819013385595712,0.060187192758468254
2025-11-07,184.89999389648438,188.32000732421875,178.91000366210938,188.14999389648438,264942300,NVDA,0.000372139859359244,0.0699920654296875,0.025756573310367653,0.030235966369176893,0.02494518052744249,195.402001953125,-0.037113274092147264,198.19500122070312,-0.05068244538131905,190.38300094604492,-0.011729025377603897,183.43105499267577,0.025725954113914984,54.83927339938777,205701800.0,1.2879921323002521,0.05001330835698317,-0.07081836736462432,0.010147103218018483,0.03002928162932572,-0.03608819296517496,1,0,0,0,212.19000244140625,176.75999450683594,0.1277704455209715,0.06053680445992968
2025-11-10,195.11000061035156,199.94000244140625,193.7899932861328,199.0500030517578,198897100,NVDA,0.0579325512031128,10.900009155273438,0.039732937781224276,0.03435394239080656,0.027379916251296314,193.83600158691405,0.02689903538123617,198.9510009765625,0.000497620392505338,190.91950073242188,0.04258602336662842,183.92865173339842,0.08221313632134675,63.481538702480705,209427760.0,0.9497169811681125,0.03089680512928345,-0.03784803579973817,0.03947985451837921,-0.061240905574045934,-0.0629490006892327,0,0,1,1,212.19000244140625,176.75999450683594,0.06601356035263019,0.11198195530359241
