date,Open,High,Low,Close,Volume,symbol,daily_return,price_change,volatility_5,volatility_10,volatility_20,MA_5,price_vs_MA_5,MA_10,price_vs_MA_10,MA_20,price_vs_MA_20,MA_50,price_vs_MA_50,RSI_14,volume_MA_5,volume_ratio,price_range,momentum_5,momentum_10,target_3_days,target_7_days,target_direction_3d,target_direction_7d,trend_5,trend_20,resistance_20,support_20,distance_to_resistance,distance_to_support
2024-02-01,188.5,189.8800048828125,184.27999877929688,188.86000061035156,91843300,TSLA,0.008382761388752824,1.57000732421875,0.022984148092148327,0.042476371816455256,0.031177185731454136,188.38399658203124,0.0025267752938507027,196.2509994506836,-0.03766094879017079,212.0365005493164,-0.10930429373679629,231.67679962158203,-0.1848126315676274,19.439130044718766,107480660.0,0.8545100113825129,0.029651625995010637,0.034112662547080674,-0.10864642128544855,-0.019908898097450556,-0.0038652744105680537,0,0,1,0,242.6999969482422,180.05999755859375,0.2850788741072344,0.04659537765179631
2024-02-02,185.0399932861328,188.69000244140625,182.0,187.91000366210938,110612700,TSLA,-0.0050301649114266045,-0.9499969482421875,0.023609354095835002,0.042321332539681664,0.031140767072499763,189.3159973144531,-0.007426702826430431,193.8229995727539,-0.030507194314805752,209.5355010986328,-0.10320684238774336,230.7229995727539,-0.18556015650769275,22.029612195791955,108134560.0,1.0229171876225325,0.035602162263994666,0.025429760775494525,-0.11442574343718903,-0.001756169573856603,-0.020701395954646706,0,0,0,0,241.25,180.05999755859375,0.28385926932237204,0.041775349638282826
2024-02-05,184.25999450683594,184.67999267578125,175.00999450683594,181.05999755859375,134294400,TSLA,-0.03645365318513305,-6.850006103515625,0.018691452261942982,0.04306592266152836,0.031549986624725884,187.3419982910156,-0.033532260730257946,191.0489990234375,-0.052285023820607957,206.7140007019043,-0.12410384906780147,229.52019958496095,-0.21113698103259448,18.26497996489057,109990820.0,1.220960076486383,0.053407700758506614,-0.05169431464834218,-0.13285443049676493,0.04694576446820764,0.04225123858624702,1,1,0,0,241.25,175.00999450683594,0.33243125623001213,0.0334143550940894
2024-02-06,177.2100067138672,186.49000549316406,177.11000061035156,185.10000610351562,122676000,TSLA,0.0223130928940527,4.040008544921875,0.023479616598049913,0.044338791834000066,0.03204099265265415,186.04400024414062,-0.005074036998700349,188.6449996948242,-0.01879187678996741,203.94650115966797,-0.09240901387858369,228.5379995727539,-0.19006901937727871,24.99589649082931,112529560.0,1.0901668859275733,0.05067533535124148,-0.033874369008960015,-0.11494689373764377,0.04575905424857929,0.08292809475188356,1,1,0,0,238.9600067138672,175.00999450683594,0.29097784351358047,0.0545111359479747
2024-02-07,188.17999267578125,189.7899932861328,182.67999267578125,187.5800018310547,111535200,TSLA,0.01339813963135228,2.4799957275390625,0.022915408214774155,0.045012772785258615,0.03244659053238644,186.102001953125,0.00794188059461054,186.61999969482423,0.005144154634017406,201.57750091552734,-0.06943978877056534,227.58059967041015,-0.17576453308096418,29.64823760977319,114192320.0,0.9767311847241565,0.03790383058400456,0.0015484465551707238,-0.09743540307746934,0.002932098552025586,0.06594517004178635,1,1,1,0,235.5,175.00999450683594,0.2554643229618092,0.06701144685743217
2024-02-08,189.0,191.6199951171875,185.5800018310547,189.55999755859375,83034000,TSLA,0.010555473441792307,1.9799957275390625,0.02312141034821248,0.021962060944431996,0.03276889141442652,186.24200134277345,0.01781550988444125,187.31299896240233,0.011995956546734021,199.3585006713867,-0.04915016455177079,226.65019958496094,-0.16364513287120996,31.562647316819934,112430460.0,0.7385365140372102,0.0318632272838357,0.0037064330508311816,0.03794553189782812,-0.029225539974067516,0.02215655730288746,0,1,1,0,230.92999267578125,175.00999450683594,0.21824222225155848,0.07675671681342129
2024-02-09,190.17999267578125,194.1199951171875,189.47999572753906,193.57000732421875,84476300,TSLA,0.021154303741671487,4.010009765625,0.024358675266644966,0.022620511775211776,0.0331585185342234,187.3740020751953,0.033067582377500404,188.34499969482422,0.02774168487541817,197.6760009765625,-0.020771331026828044,225.58719970703126,-0.1419282318517764,37.715765141189934,107203180.0,0.7880018111403039,0.023970652549889625,0.03012082141346184,0.0563165474718621,-0.025107198566208355,0.00619929174374767,0,1,1,0,225.33999633789062,175.00999450683594,0.16412660955505856,0.09588268902782984
2024-02-12,192.11000061035156,194.72999572753906,187.27999877929688,188.1300048828125,95498600,TSLA,-0.028103539988478476,-5.44000244140625,0.02071800618602308,0.020949467159150657,0.032814939973040705,188.78800354003906,-0.0034853838426603945,188.06500091552735,0.0003456462763868906,196.13800125122071,-0.04082837755724489,224.46699981689454,-0.1618812340509892,34.34193555283592,99444020.0,0.9603252161366767,0.0396002591552732,0.03904787042720903,-0.014664997121344947,0.06548658770887661,0.049327584853237294,1,1,0,0,223.49000549316406,175.00999450683594,0.18795513577101938,0.06973906360205066
2024-02-13,183.99000549316406,187.25999450683594,182.11000061035156,184.02000427246094,86759500,TSLA,-0.021846598116614713,-4.1100006103515625,0.02236529744774575,0.021824023921001977,0.032854355765293664,188.57200317382814,-0.024139314557586333,187.30800170898436,-0.01755396142462673,194.34350128173827,-0.05311984677229542,223.34579986572265,-0.17607582330585447,32.96609488611256,92260720.0,0.9403731078621541,0.02798605465120666,-0.005834693654470757,-0.039511416097524954,0.08656663572399026,0.043201808301620126,1,1,0,0,217.8000030517578,175.00999450683594,0.1835669926910883,0.0489621212717979
2024-02-14,185.3000030517578,188.88999938964844,183.35000610351562,188.7100067138672,81203000,TSLA,0.025486372853585015,4.69000244140625,0.02482468357792555,0.022528186027540864,0.033574217443295584,188.79800415039062,-0.0004660930443594058,187.45000305175782,0.006721811905020081,193.00150146484376,-0.022235551114395236,222.3433999633789,-0.15126778332548352,56.15633794155991,86194280.0,0.9420926771474859,0.029357178151834123,0.006024122357298323,0.007581896943981148,0.026760572377202196,0.056647696477622134,1,1,0,0,217.8000030517578,175.00999450683594,0.15415184835427687,0.0725982286027046
2024-02-15,189.16000366210938,200.8800048828125,188.86000061035156,200.4499969482422,120831800,TSLA,0.06221180550417671,11.739990234375,0.03721744918604622,0.029761728061272065,0.036738484219067155,190.97600402832032,0.04960828962845487,188.60900268554687,0.06278064193169453,192.43000106811525,0.04167747147331813,221.64079986572267,-0.09560876395644924,64.21486992579187,93753840.0,1.2888197432766488,0.05996510080049839,0.05744882638691906,0.06136818966660207,-0.028336207344756725,-0.0035919243285846836,0,0,1,1,217.8000030517578,175.00999450683594,0.08655528245278815,0.1269144566162057
2024-02-16,202.05999755859375,203.1699981689453,197.39999389648438,199.9499969482422,111346700,TSLA,-0.0024943876658132247,-0.5,0.03723105128840297,0.02966446096020604,0.03672893518281958,192.252001953125,0.04004116949062575,189.81300201416016,0.05340516627689085,191.81800079345703,0.04239433275890203,220.86539978027344,-0.09469750740876026,58.45836501514861,99127920.0,1.1232627497883543,0.028857236111659083,0.032959597988428735,0.06407318956675945,-0.012703142410101176,0.010452594997696574,0,1,1,1,217.8000030517578,175.00999450683594,0.0892723499672579,0.12473119690950565
2024-02-20,196.1300048828125,198.60000610351562,189.1300048828125,193.75999450683594,104545800,TSLA,-0.030957752117438453,-6.19000244140625,0.037920302715647995,0.028816520081311324,0.037172658196795015,193.37799987792968,0.0019753779082800627,191.08300170898437,0.014009581040225427,191.06600036621094,0.014099809152133158,219.9531997680664,-0.11908535674339071,51.84366812340298,100937360.0,1.0357493003581628,0.048874904465219825,0.029926058990592086,0.07014247829166287,-0.009238198476877346,0.041907569189624905,0,1,1,1,215.64999389648438,175.00999450683594,0.11297481425597454,0.09676920175252426
2024-02-21,193.36000061035156,199.44000244140625,191.9499969482422,194.77000427246094,103500300,TSLA,0.00521268473502845,1.010009765625,0.03465751166031809,0.02832129101986657,0.03720501548680755,195.5279998779297,-0.003876660150679112,192.0500015258789,0.014162992579906275,190.34750061035157,0.023233841515799103,218.99579986572266,-0.11062219279144059,56.73146796836851,104285520.0,0.9924704791230844,0.03845564167409681,0.058417561952033736,0.052242019719531685,0.023771574279716212,0.04040660750912273,1,1,0,1,212.72999572753906,175.00999450683594,0.09221128028499785,0.1014530437550487
2024-02-22,194.0,198.32000732421875,191.36000061035156,197.41000366210938,92739500,TSLA,0.013554445406056326,2.6399993896484375,0.03388970690900249,0.028326200576480134,0.037373364169201805,197.26799926757812,0.0007198551972873446,193.0330017089844,0.022674889342101823,189.8265007019043,0.03994965366881975,218.06720001220702,-0.09472858068036505,57.54900230511909,106592820.0,0.8700351487088905,0.03525660597109387,0.046102467482996845,0.05240431674538604,0.01175215046042255,-0.046958128263487886,1,0,1,1,203.1699981689453,175.00999450683594,0.029177824831485497,0.1134694733789363
2024-02-23,195.30999755859375,197.57000732421875,191.5,191.97000122070312,78841900,TSLA,-0.027556873210526134,-5.44000244140625,0.019862057963347918,0.03007689209762522,0.025658289250743614,195.5720001220703,-0.018417763785812502,193.2740020751953,-0.006746902534697119,190.29350051879882,0.008810078627665474,217.1117999267578,-0.11580116195681767,53.32133168828744,98194840.0,0.8029128618163642,0.03161956183581108,-0.042304793497845106,0.012713672152081745,0.052456071268408566,-0.058498701131059594,1,0,0,1,203.1699981689453,175.00999450683594,0.05834243307299785,0.08834717198531812
2024-02-26,192.2899932861328,201.77999877929688,192.0,199.39999389648438,111747100,TSLA,0.03870392576202142,7.42999267578125,0.02926787834675372,0.031802844674331754,0.026886214258427563,195.46199951171874,0.02014710989656865,193.85700073242188,0.028593206039091656,191.10100021362305,0.043427264501934904,216.35959991455078,-0.0783861960586193,64.86223072075876,98274920.0,1.1370866544587368,0.04904713680369529,-0.0027507029765055924,0.03011823294763194,0.01243736741343926,-0.11464393836550968,1,0,1,1,203.1699981689453,175.00999450683594,0.01890674216579004,0.12231695153566631
2024-02-27,204.0399932861328,205.60000610351562,198.25999450683594,199.72999572753906,108645400,TSLA,0.0016549741281637331,0.3300018310546875,0.02383110787309302,0.02985809620170666,0.02541023396501225,196.65599975585937,0.015631335812260616,195.01699981689453,0.024167102945228613,191.54100036621094,0.042753224352339414,215.5683999633789,-0.07347275499809114,62.61423369389751,99094840.0,1.0963779748774003,0.036749670824068596,0.030811320138081966,0.061659440512704444,0.014569687700184186,-0.1055424937765026,1,0,1,1,205.60000610351562,175.00999450683594,0.029389728641381015,0.1237670943248045
2024-02-28,200.4199981689453,205.3000030517578,198.44000244140625,202.0399932861328,99806200,TSLA,0.01156560160219966,2.30999755859375,0.023926885850577173,0.02816802492121362,0.025489864253511633,198.10999755859376,0.01983744271349397,196.81899871826172,0.026526883084822206,192.06350021362306,0.051943722057618436,214.5881997680664,-0.058475752606602205,62.50431479020355,98356020.0,1.014744191560415,0.03395367668932903,0.03732601968577254,0.09792407670522274,-0.0687982298474884,-0.1321520383859306,0,0,1,1,205.60000610351562,175.00999450683594,0.01762033723858353,0.13378538743572657
2024-02-29,204.17999267578125,205.27999877929688,198.4499969482422,201.8800048828125,85907000,TSLA,-0.0007918650199801869,-0.1599884033203125,0.02389215843039621,0.027758392267777404,0.024804481198677928,199.00399780273438,0.014452006551793017,198.13599853515626,0.018896143938184506,192.79300079345703,0.04713347503258469,213.55579986572266,-0.05467327504217423,61.00000653948103,96989520.0,0.8857348711489653,0.033831987645430134,0.02264323558979342,0.06978961210527856,-0.10471566712077207,-0.1194273827383101,0,0,1,1,205.60000610351562,175.00999450683594,0.01842679379199795,0.13309891879373636
2024-03-01,200.52000427246094,204.52000427246094,198.5,202.63999938964844,82243100,TSLA,0.003764585340074067,0.7599945068359375,0.01617524427655289,0.01991135929646783,0.024783490551629084,201.13799743652345,0.007467519674391632,198.35499877929686,0.021602685269955568,193.48200073242188,0.04733256128507635,212.56699981689454,-0.046700571752893105,58.59715136404935,97669760.0,0.8420528523874738,0.02970787747035722,0.05558159140020158,0.010925430155889426,-0.1287998725924241,-0.1238650127275801,0,0,1,1,205.60000610351562,175.00999450683594,0.014607218331932126,0.13635020216163668
2024-03-04,198.72999572753906,199.75,186.72000122070312,188.13999938964844,134334900,TSLA,-0.07155546804023882,-14.5,0.034126574036045104,0.030514073423208776,0.029957572002705095,198.88599853515626,-0.05403094850645451,197.1739990234375,-0.04581739822964792,193.49350051879884,-0.027667601830534294,211.18539978027343,-0.10912402284723488,50.008084864664305,102187320.0,1.314594609194174,0.06925693006042283,-0.05646938240470256,-0.05906475488294616,-0.05044119019852733,-0.09918148040100427,0,0,0,0,205.60000610351562,175.00999450683594,0.09280326762256727,0.06978848158503247
2024-03-05,183.0500030517578,184.58999633789062,177.57000732421875,180.74000549316406,119660800,TSLA,-0.03933237971984138,-7.399993896484375,0.03521057074396671,0.03138850269978361,0.030150713305138844,195.08800048828124,-0.0735462712171221,195.87200012207032,-0.07725450610335205,193.47750091552734,-0.06583450459143825,209.85739990234376,-0.13874847597811346,47.480798763920426,104390400.0,1.146281650419962,0.038840261150359344,-0.09507830892000879,-0.06719647699624864,-0.029877221374089658,-0.10091847371252816,0,0,0,0,205.60000610351562,177.11000061035156,0.1375456448754607,0.020084125110584848
2024-03-06,179.99000549316406,181.5800018310547,173.6999969482422,176.5399932861328,107920900,TSLA,-0.02323786698783792,-4.20001220703125,0.0307481589958792,0.03150029710336759,0.03012449711702393,189.98800048828124,-0.07078345562659849,194.0489990234375,-0.09022981734211322,193.04950027465821,-0.08551955309408599,208.2981997680664,-0.15246510299798743,40.581940731364014,106013340.0,1.0179935845809593,0.04463580595044394,-0.12621263535624072,-0.0935976309823684,0.006967322040930091,-0.07346769262017894,1,0,0,0,205.60000610351562,173.6999969482422,0.16460866615239342,0.016086985645726238
2024-03-07,174.35000610351562,180.0399932861328,173.6999969482422,178.64999389648438,102129000,TSLA,0.011951969472048907,2.1100006103515625,0.03376423925076361,0.03137480976149278,0.030087479264011317,185.3419982910156,-0.03610624929177553,192.172998046875,-0.07036890868035517,192.60299987792968,-0.0724443855510486,206.82039978027345,-0.13620709520781016,30.17460463275522,109257740.0,0.934752997819651,0.0354883658242061,-0.1150684090770292,-0.09503069458290969,-0.006213269791628062,-0.027148004536383108,0,0,0,0,205.60000610351562,173.6999969482422,0.15085369788843633,0.027707792428531382
2024-03-08,181.5,182.72999572753906,174.6999969482422,175.33999633789062,85544600,TSLA,-0.018527834714126334,-3.30999755859375,0.030553080344485842,0.030923572652639064,0.030151314027926913,179.88199768066406,-0.025249893826710945,190.50999755859374,-0.07962837339304141,191.89199981689453,-0.08625687102535806,205.195,-0.14549576579404644,28.70738581980686,109918040.0,0.7782580548197547,0.04579673176120404,-0.13472168937023987,-0.08662814386135986,-0.03342078665873238,-0.022926822730879426,0,0,0,0,205.60000610351562,173.6999969482422,0.17257904869184643,0.009353253244559564
2024-03-11,175.4499969482422,182.8699951171875,174.8000030517578,177.77000427246094,85391500,TSLA,0.013858834181150304,2.4300079345703125,0.023205039637291196,0.027512397692147875,0.029880807798608956,177.80799865722656,-0.0002136820899653058,188.3469985961914,-0.05615695711938118,191.10199966430665,-0.06976376707342125,203.5216000366211,-0.12653003789045725,35.20267388891557,100129360.0,0.8528118026520892,0.04539569033851816,-0.05511850298091403,-0.10847537756321268,-0.08589752998518929,-0.011869272428646882,0,0,0,0,205.60000610351562,173.6999969482422,0.1565506056263618,0.022894792295672185
2024-03-12,177.77000427246094,179.42999267578125,172.41000366210938,177.5399932861328,87391700,TSLA,-0.0012938683737420131,-0.230010986328125,0.017032073326585705,0.027376381283629025,0.02933046688111511,177.16799621582032,0.002099685486420144,186.12799835205078,-0.04614031817864517,190.57249908447267,-0.06838607805926444,202.00880004882814,-0.12112742987820779,33.82158592833039,93675540.0,0.9329190949953424,0.03954032487969114,-0.017705057595299722,-0.11109999957981609,-0.07868641709025692,-0.026585480119440397,0,0,1,0,205.60000610351562,172.41000366210938,0.15804896856202882,0.0288948395742906
2024-03-13,173.0500030517578,176.0500030517578,169.14999389648438,169.47999572753906,106524500,TSLA,-0.04539820808488959,-8.05999755859375,0.024648799970309256,0.02799552457279238,0.03059442077737597,175.75599670410156,-0.03570860223408834,182.87199859619142,-0.0732315661853945,189.84549865722656,-0.10727408905521751,200.42880004882812,-0.15441296018211637,26.197367644240032,93396260.0,1.1405649433928082,0.04071282351438155,-0.039990924589823895,-0.16115619996325026,0.025489777160271565,0.007965577870829854,1,1,0,0,205.60000610351562,169.14999389648438,0.21312255892455967,0.001947143258046855
2024-03-14,167.77000427246094,171.1699981689453,160.50999450683594,162.5,126325700,TSLA,-0.04118477639544138,-6.9799957275390625,0.025403041883095324,0.028300460575270272,0.030882479617606113,172.5259979248047,-0.05811296874326455,178.93399810791016,-0.09184391050156526,188.5349983215332,-0.13809106295019213,198.7104000854492,-0.18222700004568482,25.52731655618129,98235600.0,1.2859462353769917,0.06560002253605769,-0.09040019282531975,-0.19506639553368266,0.054276968149038485,0.06233849158653837,1,1,0,0,205.60000610351562,160.50999450683594,0.26523080679086536,0.012246187650240384
2024-03-15,163.16000366210938,165.17999267578125,160.75999450683594,163.57000732421875,97146800,TSLA,0.006584660456730784,1.07000732421875,0.027770626017243533,0.02858829749680874,0.02651830963270379,170.1720001220703,-0.03879599930138744,175.0269989013672,-0.06545842440916672,186.69099884033204,-0.12384631106873867,197.21280029296875,-0.17059132530328702,16.731678262589412,100556040.0,0.9660961191391387,0.027022057657454614,-0.06712666396428113,-0.1928049357634647,0.07391328358827143,0.0862015663836122,1,1,0,0,205.60000610351562,160.50999450683594,0.25695419023848004,0.018707664488376755
2024-03-18,170.02000427246094,174.72000122070312,165.89999389648438,173.8000030517578,108214400,TSLA,0.06254200201423088,10.229995727539062,0.04371327899170891,0.033217790371630807,0.03105709204186602,169.37799987792968,0.02610730541755757,173.59299926757814,0.0011924661999795916,185.3834991455078,-0.062483965116324036,195.93020050048827,-0.1129493941832378,29.662750842524503,105120620.0,1.0294307624897951,0.050748027441588385,-0.022332233364963372,-0.07621981707458014,-0.0056386404506979515,0.034695044150840015,0,1,1,0,205.60000610351562,160.50999450683594,0.18296894415063814,0.0764672515049617
2024-03-19,172.36000061035156,172.82000732421875,167.4199981689453,171.32000732421875,77271400,TSLA,-0.014269250195585559,-2.4799957275390625,0.043915691922528644,0.03143896355711922,0.030586641658836664,168.13400268554688,0.018949198780632726,172.6509994506836,-0.007709148112085118,184.26149978637696,-0.07023438144789818,194.60680053710936,-0.11966073718194692,25.969972745682156,103096560.0,0.749505124128293,0.03152001473508029,-0.03503428070930248,-0.05211905434683406,-0.0028601766998336275,0.026091441576083563,0,1,1,0,205.60000610351562,160.50999450683594,0.2000933768022952,0.06309836770509318
2024-03-20,173.0,176.25,170.82000732421875,175.66000366210938,83846700,TSLA,0.025332688257929448,4.339996337890625,0.039345009560675805,0.032036879405598274,0.03128688737302067,169.37000427246093,0.03713762313856872,172.56300048828126,0.01794708694833136,183.30599975585938,-0.04171165212231742,193.31100067138672,-0.09130880781731943,30.748899507551187,98561000.0,0.8507086981666176,0.03091194672992326,0.036464527321002915,-0.004984647431118705,-0.017249224161040244,-0.0025048527395719056,0,0,1,0,205.60000610351562,160.50999450683594,0.17044291140399445,0.08624620767067284
2024-03-21,176.38999938964844,178.17999267578125,171.8000030517578,172.82000732421875,73178000,TSLA,-0.016167575308454918,-2.839996337890625,0.03256466685273081,0.03210132218580288,0.03108029789036329,171.4340057373047,0.008084752969244047,171.9800018310547,0.004884320759510397,182.07649993896484,-0.05083848062681906,192.06820068359374,-0.10021540937473439,28.754639004008638,87931460.0,0.8322163648823754,0.0369169618888759,0.06350773737980764,-0.03263356715054644,0.028063827330059965,-0.035817626311017925,1,0,1,0,205.60000610351562,160.50999450683594,0.18967710560155226,0.07123025283923654
2024-03-22,166.69000244140625,171.1999969482422,166.3000030517578,170.8300018310547,75580600,TSLA,-0.01151490226146512,-1.9900054931640625,0.03438407472884011,0.03179597214563566,0.03070397402111216,172.88600463867186,-0.011892245482300168,171.52900238037108,-0.004075115809082486,181.0194999694824,-0.05628950549606837,190.80600067138673,-0.10469271810133196,34.99220259391416,83618220.0,0.9038771693537605,0.028683450471014508,0.044384631544618136,-0.02572142466653704,0.05268395424417727,-0.014341725235507252,1,0,0,0,205.60000610351562,160.50999450683594,0.20353570157335327,0.06041097707430163
2024-03-25,168.75999450683594,175.24000549316406,168.72999572753906,172.6300048828125,74228600,TSLA,0.010536808713131895,1.8000030517578125,0.0183232481600088,0.031627021592610396,0.02918456045856701,172.65200500488282,-0.00012742465440640505,171.01500244140624,0.009443630198231245,179.68100051879884,-0.03924174295349969,189.7142007446289,-0.09005227755624445,42.21240916746008,76821060.0,0.9662532644043182,0.037710766271739554,-0.0067318650656000845,-0.02891376084893693,0.018304977778720533,-0.008804983082128626,1,0,0,0,205.60000610351562,160.50999450683594,0.1909865045945191,0.07020801733860846
2024-03-26,178.5800018310547,184.25,177.3800048828125,177.6699981689453,113186200,TSLA,0.029195349264770964,5.0399932861328125,0.020734229060621882,0.03318563236005786,0.030234052634325086,173.92200317382813,0.02154986101080736,171.0280029296875,0.03883571769231531,178.57800064086913,-0.005084626710262441,188.88980072021485,-0.05939866794548854,51.067855608203004,84004020.0,1.347390279655664,0.03866716490116054,0.03706508623192728,0.0007322568870609114,-0.013789592916596427,-0.0718748489000266,0,0,1,0,205.3000030517578,160.50999450683594,0.15551305885948902,0.0965835753867236
2024-03-27,181.41000366210938,181.91000366210938,176.0,179.8300018310547,81804000,TSLA,0.012157391142962881,2.160003662109375,0.018627814678480265,0.029063149359177115,0.030251811784167883,174.7560028076172,0.02903476242257197,172.06300354003906,0.04514043188376782,177.46750106811524,0.013312300836606061,188.08820068359375,-0.043905991032532676,51.1140556882344,83595480.0,0.9785696547229588,0.03286439193645596,0.023739030411080497,0.061069190255082395,-0.07340264034831756,-0.03809156444290651,0,0,1,1,205.27999877929688,160.50999450683594,0.14152253066288548,0.10743483916754537
2024-03-28,177.4499969482422,179.57000732421875,175.3000030517578,175.7899932861328,77654800,TSLA,-0.022465709302040393,-4.040008544921875,0.020520416513805696,0.02611688764270352,0.030466716433449403,175.35,0.002509228891547366,173.39200286865236,0.01382987898984589,176.16300048828126,-0.0021173980978670404,187.29300048828125,-0.06141717614731779,50.4190694727975,84490840.0,0.9190913476537812,0.024290371668145325,0.017185428978383488,0.0817845740685097,-0.04215250404645676,0.0062006464435406805,0,1,1,0,204.52000427246094,160.50999450683594,0.1634337111530824,0.08692189181909615
2024-04-01,176.1699981689453,176.75,170.2100067138672,175.22000122070312,81562100,TSLA,-0.003242460249155976,-0.5699920654296875,0.019295878003015344,0.02636781502166071,0.030383231625100836,176.22799987792968,-0.005719855289311404,174.55700225830077,0.0037981802724893488,174.792000579834,0.002448628309358103,186.55980041503906,-0.060783722801526996,47.54003187182029,85687140.0,0.9518592871695799,0.03732446775807966,0.02569805855291163,0.07122328895781282,-0.023456229778098803,-0.019746642448136065,0,0,0,1,199.75,160.50999450683594,0.13999542636915888,0.08395164143012873
2024-04-02,164.75,167.69000244140625,163.42999267578125,166.6300048828125,116650600,TSLA,-0.049024062767074494,-8.589996337890625,0.030397009948163623,0.023835996574117606,0.028194774690725264,175.0279998779297,-0.04798086592416195,173.84000244140626,-0.041474904839718496,173.71650085449218,-0.0407934533381803,185.64860046386718,-0.10244405577814353,40.93704043313777,94171540.0,1.238703327990601,0.02556568229486027,-0.03475641447193967,-0.041254304045150514,-0.010382349730739149,0.047830528639234426,0,1,0,0,184.58999633789062,160.50999450683594,0.10778365797749945,0.036728141370941214
2024-04-03,164.02000427246094,168.82000732421875,163.27999877929688,168.3800048828125,82950100,TSLA,0.01050231020055925,1.75,0.025663063708517588,0.02393097082479605,0.02724998154008098,173.1700012207031,-0.027660658913929437,173.54600219726564,-0.029767308085732025,173.0985008239746,-0.0272590225721272,184.8402005004883,-0.08905095089221304,48.97922136548063,88124320.0,0.9412849937451999,0.03290181960012151,-0.05228791231988994,-0.01716088206698685,0.027319103880107498,0.01585697880697623,1,1,0,0,184.25,160.50999450683594,0.09425106697337696,0.04673957802444451
2024-04-04,170.07000732421875,177.19000244140625,168.00999450683594,171.11000061035156,123162000,TSLA,0.016213301154368365,2.7299957275390625,0.026601836634078196,0.02294979773342922,0.027149571302868863,171.4260009765625,-0.0018433631095094993,173.09100189208985,-0.011444854210118316,172.82700119018554,-0.009934793568190936,184.07960052490233,-0.07045647577226377,58.67419142697532,96395920.0,1.277668183466686,0.05364974520381688,-0.04849024707732208,-0.02590232811625104,0.033721023037106335,-0.056279614566431824,1,0,0,0,184.25,160.50999450683594,0.07679270260521238,0.06194848965989871
2024-04-05,169.0800018310547,170.86000061035156,160.50999450683594,164.89999389648438,143157600,TSLA,-0.036292482565110196,-6.2100067138671875,0.028893187524823866,0.02507690074655633,0.02804694155223662,169.2480010986328,-0.025690153939333937,172.29900054931642,-0.04294282978567976,172.13950119018554,-0.0420560489814753,183.22100036621094,-0.09999403143257413,51.21415632558702,109496480.0,1.3074173708597756,0.06276535164708871,-0.06194891521454704,-0.045828104918871126,0.04160097552615993,-0.04724071300465282,1,0,0,0,184.25,160.50999450683594,0.11734388611113322,0.02662219255389573
2024-04-08,169.33999633789062,174.5,167.7899932861328,172.97999572753906,104423300,TSLA,0.04899940648952894,8.080001831054688,0.04023734784098745,0.029988038208746792,0.030144336878895533,168.8,0.024763007864567754,172.51399993896484,0.002701205633972137,172.02150115966796,0.005571946305604092,183.02800018310546,-0.05489872831213882,49.220821550446225,114068720.0,0.9154420247724354,0.03879065140246694,-0.012783960036289455,0.012585575563071494,0.009365304751933534,-0.10134119096007144,1,0,1,1,184.25,160.50999450683594,0.06515206700670943,0.07208926771130596
2024-04-09,172.91000366210938,179.22000122070312,171.9199981689453,176.8800048828125,102951700,TSLA,0.02254601255405486,3.9000091552734375,0.03094979110958352,0.030616981494232583,0.03041961379605198,170.85,0.035294146226587664,172.93899993896486,0.02278841062593484,171.97700119018555,0.02850964756156449,182.90060028076172,-0.032917308028007075,55.14433445543582,111328940.0,0.9247523599883373,0.041270934250562975,0.06151353117470415,0.024619126917623912,-0.03296020844706116,-0.15236324888664676,0,0,1,1,184.25,160.50999450683594,0.04166663791122297,0.09254867663997471
2024-04-10,173.0399932861328,174.92999267578125,170.00999450683594,171.75999450683594,84532400,TSLA,-0.028946236061948905,-5.1200103759765625,0.03614462073213047,0.03058051372700019,0.031111066710882155,171.5259979248047,0.0013642047553270586,172.3479995727539,-0.0034117313074455424,171.6880012512207,0.00041932607456884874,182.51720031738282,-0.05893803867164826,46.4428971646554,111645400.0,0.7571507648322278,0.028644610656118178,0.02007358074597887,-0.03326393720390308,-0.0598509496277827,-0.14386348535947746,0,0,1,1,184.25,160.50999450683594,0.07271777999892151,0.06549837191309561
2024-04-11,172.5500030517578,175.8800048828125,168.50999450683594,174.60000610351562,94516000,TSLA,0.01653476762638495,2.8400115966796875,0.036170932388086434,0.03085100957519801,0.02952134011346506,172.2239990234375,0.013796027810007994,171.825,0.01615018829341275,171.94400177001953,0.0154469147289511,182.1774005126953,-0.04159349286933989,51.62349284073253,105916200.0,0.8923658514939169,0.04221082542005802,0.020396268369558657,-0.029082998800458726,-0.1001718492655419,-0.1864261278001319,0,0,1,1,184.25,160.50999450683594,0.05526914982330043,0.0806988035746465
2024-04-12,172.33999633789062,173.80999755859375,170.36000061035156,171.0500030517578,64722700,TSLA,-0.020332204625772565,-3.5500030517578125,0.03214354946064772,0.030704760133780692,0.028260847695651386,173.4540008544922,-0.013859569631668789,171.3510009765625,-0.0017566160867997782,172.37150192260742,-0.0076665739760330975,181.8526007080078,-0.05940304188222867,50.195105607100786,90229220.0,0.7173141915667673,0.020169522868691545,0.03729538740392013,-0.02696393660280616,-0.09120143715399542,-0.15416550660918316,0,0,0,0,184.25,160.50999450683594,0.07717039878828892,0.06161945838570133
2024-04-15,170.24000549316406,170.69000244140625,161.3800048828125,161.47999572753906,100245300,TSLA,-0.05594859487563397,-9.57000732421875,0.032742114310036326,0.03509367063595893,0.031148590431960027,171.15400085449218,-0.05652222605755819,169.97700042724608,-0.04998914369796714,172.26700134277343,-0.0626179449990576,181.30500061035156,-0.10934615601374975,41.309429259798144,89393620.0,1.1213921082958718,0.05765418506885685,-0.06648167582402797,-0.0784157367734376,-0.07152590634969935,0.004025323089370092,0,1,0,0,184.25,160.50999450683594,0.14100820457587926,0.006006943561850116
2024-04-16,156.74000549316406,158.19000244140625,153.75,157.11000061035156,97000000,TSLA,-0.027062145360474688,-4.3699951171875,0.026016676421379396,0.03282541897554071,0.027929634163563453,167.2,-0.06034688630172502,169.025,-0.07049252707971276,171.43250122070313,-0.08354600503619036,180.6890005493164,-0.1304949380830146,33.80593563621993,88203280.0,1.0997323455544963,0.028260469888342105,-0.11177071306369013,-0.05713259313144814,-0.0640315544491884,0.08319007074441154,0,1,0,0,184.25,153.75,0.17274520580620667,0.021386293662391986
2024-04-17,157.63999938964844,158.3300018310547,153.77999877929688,155.4499969482422,82439700,TSLA,-0.010565868854054306,-1.660003662109375,0.02629020102501693,0.032365776468468645,0.02787481252742711,163.93800048828126,-0.05177569272992211,167.73199920654298,-0.07322396630577865,170.6390007019043,-0.08901249826349111,180.1768005371094,-0.13723633406274438,30.644657973669027,87784740.0,0.9391119686633462,0.029269881898246402,-0.09495806986617372,-0.07679063760313598,-0.08620131334544812,0.08259888446421626,0,1,0,0,184.25,153.75,0.18526859837344936,0.010935972863403847
2024-04-18,151.25,152.1999969482422,148.6999969482422,149.92999267578125,96098800,TSLA,-0.03550983840996058,-5.5200042724609375,0.017200312591143817,0.032290527183823955,0.027770110392594374,159.00399780273438,-0.05706777975614574,165.61399841308594,-0.09470217425814786,169.35250015258788,-0.11468686591167421,179.47340026855468,-0.1646116223828501,29.941059824786777,88101300.0,1.090776186049468,0.023344228446463253,-0.14129445913712158,-0.12378007047525541,-0.03501634266969489,0.29427074322203595,0,1,0,0,184.25,148.6999969482422,0.22890688321738703,0.008203800357670186
2024-04-19,148.97000122070312,150.94000244140625,146.22000122070312,147.0500030517578,87074500,TSLA,-0.0192088959161848,-2.8799896240234375,0.017362827355722643,0.031339067328169844,0.02782822580285794,154.20399780273436,-0.04639305629500157,163.8289993286133,-0.10241774255850544,168.06399993896486,-0.1250356822093882,178.66280029296874,-0.17694112702461118,28.905209307193743,92571660.0,0.940617247222314,0.03209793351069708,-0.14030984841747052,-0.10824737116686522,0.1025501633328556,0.24637874855933894,1,1,0,0,184.25,146.22000122070312,0.2529751525074688,0.005644350995100274
2024-04-22,140.55999755859375,144.44000244140625,138.8000030517578,142.0500030517578,107097600,TSLA,-0.03400203941675628,-5.0,0.010455417772728697,0.023776462997430556,0.028439260528998714,150.31799926757813,-0.055003367900756994,160.73600006103516,-0.11625271875735266,166.625,-0.14748685340280387,177.71260040283204,-0.2006756823671233,30.547652048620392,93942120.0,1.1400381426350608,0.03970432431172443,-0.12032445621663856,-0.17880676054876954,0.19802878577745542,0.26708906459919124,1,1,0,0,184.25,138.8000030517578,0.29707846562217993,0.02287926737189734
2024-04-23,143.3300018310547,147.25999450683594,141.11000061035156,144.67999267578125,124545100,TSLA,0.018514534090260826,2.6299896240234375,0.0219981126770913,0.02301090035981099,0.02877861138109172,147.83199768066407,-0.021321534270892784,157.51599884033203,-0.08149017407153769,165.22749938964844,-0.12435887966452208,176.73480010986327,-0.18137235798584017,31.501715719785295,99451140.0,1.2523245082962347,0.04250756295147266,-0.07911659274572835,-0.18204438782305876,0.16318773711345202,0.24419410851248102,1,1,0,0,184.25,138.8000030517578,0.27350020270523956,0.0406413458784182
2024-04-24,162.83999633789062,167.97000122070312,157.50999450683594,162.1300048828125,181178000,TSLA,0.12061109407252757,17.45001220703125,0.06551290542109339,0.04957185820175433,0.04009724988250627,149.16799926757812,0.0868953507379493,156.5529998779297,0.035623750482145944,164.45049972534179,-0.014110597695992877,176.2148001098633,-0.07992969499877112,44.300589839604605,119198800.0,1.5199649660902625,0.06451616849964123,0.042972068611840886,-0.05606654594787008,0.19687903045470878,0.11755996413107073,1,1,1,0,181.91000366210938,138.8000030517578,0.12200085230117552,0.14389687983983965
2024-04-25,158.9600067138672,170.8800048828125,158.36000061035156,170.17999267578125,126427500,TSLA,0.04965143743002587,8.04998779296875,0.0616534152681532,0.05218515123948155,0.041727236664827784,153.21799926757814,0.11070496605676783,156.11099853515626,0.09012173564091741,163.96799926757814,0.037885401029171595,175.93799987792968,-0.032727479033201945,53.27461988366077,125264540.0,1.009284032017361,0.07356919033551405,0.13506303601168024,-0.025315081748129353,0.07697735731175603,0.08567400669026837,1,1,1,1,179.57000732421875,138.8000030517578,0.05517695999862278,0.18439294261698017
2024-04-26,168.85000610351562,172.1199951171875,166.3699951171875,168.2899932861328,109815700,TSLA,-0.011105884774887609,-1.8899993896484375,0.0602212673142992,0.05189369613008376,0.04151004847860146,157.46599731445312,0.06873862393329655,155.83499755859376,0.07992425272029147,163.59299926757814,0.028711461001287297,175.529599609375,-0.0412443618589301,46.84938802906037,129812780.0,0.8459544584131085,0.03416721272442883,0.1444405970321474,-0.0161356896602326,0.06952292277496541,0.056569045411242413,1,1,1,1,179.22000122070312,138.8000030517578,0.06494746194437546,0.17523317731812513
2024-04-29,188.4199981689453,198.8699951171875,184.5399932861328,194.0500030517578,243869700,TSLA,0.1530691710339953,25.760009765625,0.06897601929993542,0.06696688748116475,0.053982975054461264,167.86599731445312,0.15598159339116058,159.0919982910156,0.21973452553406259,164.53449935913085,0.17938793266817088,175.40159973144532,0.10631831949574444,58.915772107371524,157167200.0,1.5516577250215058,0.07384695493785966,0.36606827795035746,0.20169685525118086,-0.07235252936933512,-0.09961350954423287,0,0,1,1,198.8699951171875,138.8000030517578,0.0248389177512359,0.28472042840042366
2024-04-30,186.97999572753906,190.9499969482422,182.83999633789062,183.27999877929688,127031800,TSLA,-0.05550118063944742,-10.770004272460938,0.08727067984319471,0.06975413919825041,0.0543513516423179,175.58599853515625,0.04381898504623716,161.70899810791016,0.1333939417334844,165.36699905395508,0.10832269937665884,175.0681997680664,0.0469062857909639,55.65038369246765,157664540.0,0.8057093877925879,0.04424923976629609,0.2667957427259193,0.16657117985665026,-0.011403297423672298,-0.06170884784985775,0,0,1,1,198.8699951171875,138.8000030517578,0.08506108927174248,0.24268876049645347
2024-05-01,182.0,185.86000061035156,179.00999450683594,179.99000549316406,92829700,TSLA,-0.017950640048260635,-3.2899932861328125,0.08159180295517635,0.07012351615345569,0.0546020858094762,179.15799865722656,0.004643983758321202,164.16299896240236,0.09641031554489632,165.94749908447267,0.08462017497198504,174.79279998779296,0.029733521665274987,52.63209269546756,139994880.0,0.6630935359921735,0.038057702619358966,0.11015851521907227,0.15786432310508558,0.026501410456665875,-0.0640035775369675,1,0,1,1,198.8699951171875,138.8000030517578,0.10489465552430627,0.22884605358251756
2024-05-02,182.86000061035156,184.60000610351562,176.02000427246094,180.00999450683594,89148000,TSLA,0.0001110562423569661,0.019989013671875,0.08064477751481408,0.06804168631536238,0.05454184531669061,181.1239990234375,-0.006150507512024506,167.1709991455078,0.07680157100785712,166.3924987792969,0.08183960110846877,174.49759979248046,0.03159008903796412,54.531657284398186,132538980.0,0.6726172179686308,0.04766403029210058,0.05776238250158072,0.2006269812611925,-0.012221526667279825,-0.04510857932879464,0,0,0,1,198.8699951171875,138.8000030517578,0.1047719637013563,0.22893168553212284
2024-05-03,182.10000610351562,184.77999877929688,178.4199981689453,181.19000244140625,75491500,TSLA,0.006555235656792835,1.1800079345703125,0.0796661592455144,0.06685182737868299,0.05371608010018349,183.7040008544922,-0.0136850498704012,170.58499908447266,0.062168440448166606,167.20699920654297,0.08362690139298978,174.1731997680664,0.040286351072860827,60.89311914017799,125674140.0,0.6006923938369501,0.035101277800403355,0.07665345338353169,0.2321659209869722,-0.035708378682733355,-0.020089405268513882,0,0,0,1,198.8699951171875,138.8000030517578,0.09757708724298217,0.23395330216056837
2024-05-06,183.8000030517578,187.55999755859375,182.1999969482422,184.75999450683594,84390300,TSLA,0.019703030064167848,3.5699920654296875,0.029113772664337546,0.063854193833055,0.0528753167990387,181.84599914550782,0.016024522810625275,174.85599822998046,0.05664087235846038,167.7959991455078,0.10109892636127427,174.02899963378906,0.06166210743972678,65.41764200188817,93778260.0,0.899891936574639,0.029010612522795066,-0.04787430249328062,0.3006687119852871,-0.06922490618313804,-0.058291780330581244,0,0,1,1,198.8699951171875,138.8000030517578,0.07636934958790284,0.24875510295264514
2024-05-07,182.39999389648438,183.25999450683594,177.39999389648438,177.80999755859375,75045900,TSLA,-0.03761635178001177,-6.9499969482421875,0.022348979037004134,0.06719602357650326,0.05350569677393708,180.7519989013672,-0.01627645260166022,178.16899871826172,-0.0020149473940506146,167.84249877929688,0.059386024706433505,173.59719970703125,0.024267660185026907,61.77338153714984,83381080.0,0.9000351158800054,0.03295653051466083,-0.02984505269061044,0.22898815703602327,-0.05252795942934996,-0.016703229635467554,0,0,0,1,198.8699951171875,138.8000030517578,0.11844102045867161,0.21939145741217936
2024-05-08,171.58999633789062,176.05999755859375,170.14999389648438,174.72000122070312,79969500,TSLA,-0.017378079862311324,-3.089996337890625,0.022272747034357998,0.05846923440427486,0.05322044142509301,179.697998046875,-0.027702016050692668,179.4279983520508,-0.026238921319905906,167.99049911499023,0.04005882559528873,173.09699981689454,0.009376253808705215,63.39566467525632,80809040.0,0.9896108158196162,0.033825570174097964,-0.029279427254982116,0.07765370973121644,-0.016197354689116983,0.015682265762480885,0,1,0,1,198.8699951171875,138.8000030517578,0.13822111794732958,0.20558606866979026
2024-05-09,175.00999450683594,175.6199951171875,171.3699951171875,171.97000122070312,65950300,TSLA,-0.01573946875450305,-2.75,0.022362259221028143,0.05705136322420777,0.05324992229047199,178.08999938964843,-0.03436463692469993,179.60699920654298,-0.04252060342624797,167.8589988708496,0.024490807031540385,172.49559997558595,-0.0030470270253688536,63.48485061163153,76169500.0,0.8658360629910923,0.024713612664022888,-0.04466414938881347,0.010518325431662978,0.03244753033346437,0.01732857885902206,1,1,0,1,198.8699951171875,138.8000030517578,0.15642259525230462,0.19288246748556773
2024-05-10,173.0500030517578,173.05999755859375,167.75,168.47000122070312,72627200,TSLA,-0.02035238689978358,-3.5,0.02090474599952032,0.057368890578664705,0.05325033833273434,175.5459991455078,-0.04030851149697512,179.625,-0.06210159376087332,167.72999877929686,0.0044118669694857005,171.82739990234376,-0.019539367315973943,64.53245565339947,75596640.0,0.960719947341575,0.03151895008083617,-0.07020255560080668,0.0010696294595737843,0.03276550265604561,0.1076156274199902,1,1,0,1,198.8699951171875,138.8000030517578,0.1804475198920373,0.17611442959554743
2024-05-13,170.0,175.39999389648438,169.0,171.88999938964844,67018900,TSLA,0.020300339194899042,3.4199981689453125,0.021147764608979793,0.02411902010647403,0.051702181606106304,172.9720001220703,-0.006255351916253926,177.40899963378905,-0.031108907978360967,168.25049896240233,0.021631439132072883,171.21239990234375,0.00395765428024597,64.8380469612639,72122360.0,0.9292388657276329,0.03723307882488593,-0.0696579102610404,-0.11419738888743414,0.0171621208838042,0.047821288323293576,1,1,0,1,198.8699951171875,138.8000030517578,0.1569608227549034,0.1925068151456598
2024-05-14,174.5,179.49000549316406,174.07000732421875,177.5500030517578,86407400,TSLA,0.03292805679333921,5.660003662109375,0.024800691604458903,0.022464911950839366,0.051525210048523666,172.9200012207031,0.026775397862421224,176.83600006103515,0.004037656305708293,169.27249908447266,0.04890046529740433,171.00059997558594,0.03830046840249057,59.6495633865354,74394660.0,1.1614731487448158,0.030526601384317197,-0.0014622040965399652,-0.03126361722884474,-0.000506878830435098,-0.02145872989640607,0,0,1,1,198.8699951171875,138.8000030517578,0.1200788042747297,0.2182483769865323
2024-05-15,179.89999389648438,180.0,173.11000061035156,173.99000549316406,79663000,TSLA,-0.02005067585133169,-3.55999755859375,0.025291512359575493,0.022629992023365353,0.05174174591440488,172.7740020751953,0.00703811570816959,176.23600006103516,-0.012744243895079554,170.19949951171876,0.02227095844770277,170.86559997558595,0.018285749255698924,52.526199047403026,74333360.0,1.0716991671034377,0.03959997225196444,-0.004178089070735247,-0.03333518427070592,0.0055175091946062516,0.03017414698688703,1,1,1,1,198.8699951171875,138.8000030517578,0.14299665979952483,0.20225301069255291
2024-05-16,174.10000610351562,175.7899932861328,171.42999267578125,174.83999633789062,59812200,TSLA,0.004885285464054867,0.8499908447265625,0.023841889403613738,0.02275653342599976,0.05078062096752947,173.3480010986328,0.00860693650807609,175.71900024414063,-0.005002327039356769,171.44499969482422,0.019802249404238026,170.8316000366211,0.023464021295885873,54.40366063311374,73105740.0,0.8181601061695019,0.02493708934839803,0.016688928864425634,-0.028720617336327803,0.06726155348858476,0.010924294795900957,1,1,1,1,198.8699951171875,138.8000030517578,0.13743994098957316,0.20613128598151526
2024-05-17,173.5500030517578,179.6300048828125,172.75,177.4600067138672,77445800,TSLA,0.014985188920464187,2.6200103759765625,0.019899685992241282,0.023286482130518347,0.05035933321608396,175.14600219726563,0.013211860319799484,175.34600067138672,0.01205619765712429,172.9654998779297,0.02598499029638557,170.80780029296875,0.038945565773276236,33.80831284133474,74069460.0,1.045583429391817,0.03876932617221004,0.053362648709112115,-0.02058610120470239,0.01493290767624722,-0.007156566124268626,1,0,1,1,198.8699951171875,138.8000030517578,0.12064683643251142,0.21785192268387524
2024-05-20,177.55999755859375,177.75,173.52000427246094,174.9499969482422,61727400,TSLA,-0.014144086952910362,-2.510009765625,0.021595969435982267,0.022244868363289524,0.049624461567037016,175.75800170898438,-0.004597257324762238,174.36500091552733,0.0033550083425186727,174.6104995727539,0.0019443124916256327,170.8000003051758,0.024297404189996596,40.30718576631852,73011160.0,0.8454515720610384,0.024178312668336192,0.017802068587231767,-0.05309589656991898,-0.006916213067646337,0.021949107772929244,0,1,0,1,198.8699951171875,141.11000061035156,0.1367247704269574,0.19342667578269215
2024-05-21,175.50999450683594,186.8800048828125,174.7100067138672,186.60000610351562,115266500,TSLA,0.06659050790792542,11.650009155273438,0.034418203404563655,0.02881830936964999,0.05112021821523971,177.56800231933593,0.050865041371229935,175.24400177001954,0.06480110142884699,176.7065002441406,0.055988352696171306,170.97660034179688,0.0913774500749589,56.43873015250168,78782980.0,1.4630888549785752,0.06521970938304286,0.05097157361985305,0.04943483867955911,-0.03944266007295105,-0.04565918539002889,0,0,1,1,198.8699951171875,157.50999450683594,0.06575556598248526,0.15589501953468382
2024-05-22,182.85000610351562,183.8000030517578,178.1199951171875,180.11000061035156,88313500,TSLA,-0.03478030697150003,-6.4900054931640625,0.038113788515391024,0.0307912541623383,0.04556750866534659,178.79200134277343,0.00737169033110896,175.7830017089844,0.024615570671222775,177.6055000305176,0.014101480975553304,171.02800048828124,0.053102416540808495,50.086510442763455,80513080.0,1.0968838852022553,0.03153632732953232,0.035174406138104075,0.03084935526551358,-0.01865526955174779,-0.02120930160054202,0,0,1,1,198.8699951171875,158.36000061035156,0.10415853891101333,0.12075953542998295
2024-05-23,181.8000030517578,181.89999389648438,173.25999450683594,173.74000549316406,71975500,TSLA,-0.03536724832380789,-6.3699951171875,0.04277248987747249,0.03271664675630145,0.04526606800345665,178.57200317382814,-0.027059099941665776,175.96000213623046,-0.012616484519860638,177.78350067138672,-0.02274392822141924,171.11320068359376,0.015351269212873442,44.08636585287273,82945740.0,0.8677419720409993,0.04972947574810791,-0.006291414251695326,0.010292517647827015,0.014101513012433786,0.005928391543290168,1,1,0,0,198.8699951171875,166.3699951171875,0.14464135391668442,0.04241976598916673
2024-05-24,174.83999633789062,180.0800018310547,173.72999572753906,179.24000549316406,65584500,TSLA,0.03165649721483632,5.5,0.04488331073884129,0.03298966385348581,0.045625076654674544,178.9280029296875,0.00174373244192072,177.03700256347656,0.012443742820925863,178.33100128173828,0.005097286533986667,171.44800079345703,0.04544820974082997,45.748623019143054,80573480.0,0.8139712967591818,0.03542739293074729,0.01003042213430616,0.06392832073617516,-0.0025106683398780083,-0.023655463976906432,0,0,1,1,198.8699951171875,167.75,0.10951790349488745,0.06410402332643464
2024-05-28,176.39999389648438,178.25,173.16000366210938,176.75,59736600,TSLA,-0.01389201861667555,-2.4900054931640625,0.044859668766338304,0.03319477182540581,0.029278874959561302,179.28800354003906,-0.014156014289446128,177.52300262451172,-0.004354380069532371,177.46600112915038,-0.00403458197398221,171.71160064697267,0.02934221877871801,49.123389701153975,80175320.0,0.7450746688631863,0.02879771619740099,0.01028867152418611,0.02827389974756289,0.007524762834821397,0.0067326870800918925,1,1,0,0,190.9499969482422,167.75,0.08033944525172383,0.05091937765205092
2024-05-29,174.19000244140625,178.14999389648438,173.92999267578125,176.19000244140625,54782600,TSLA,-0.0031683030189180172,-0.55999755859375,0.027606525453851796,0.03153374799365406,0.026681007928727598,177.20600280761718,-0.005733442152712764,177.38700256347656,-0.006747958445500912,177.11150131225585,-0.005202930718908871,171.75940063476563,0.025795396294273187,51.268773202279355,68078540.0,0.804697045500682,0.023951422681355194,-0.055787799151166495,-0.007659817442836725,0.0005675171311709803,0.007321603202552929,1,1,0,0,187.55999755859375,167.75,0.06453257823734185,0.04790284536271039
2024-05-30,178.5800018310547,182.6699981689453,175.3800048828125,178.7899932861328,77618400,TSLA,0.014756744473008343,2.5999908447265625,0.02581922478361152,0.031031957018720226,0.026630737811185117,176.94200134277344,0.010444054714739082,177.86700134277345,0.0051892252997542965,177.0515007019043,0.009819134982400168,171.90880035400392,0.04002815980309782,55.90168778856151,65939520.0,1.1771150290447974,0.040774056490208696,-0.007328895229279597,0.02758772137148613,-0.02248441839380988,-0.027965770947807278,0,0,1,1,187.55999755859375,167.75,0.04905198613898684,0.06174838470106419
2024-05-31,178.5,180.32000732421875,173.82000732421875,178.0800018310547,67314600,TSLA,-0.003971091681523098,-0.709991455078125,0.018095881958854605,0.031103297120594182,0.02664547442219691,177.81000061035155,0.0015184816364453013,178.19100189208984,-0.0006229274197716572,176.95500106811522,0.006357552802400912,171.9572003173828,0.03560654338620872,58.73795203707172,65007340.0,1.035492299792608,0.036500448860993275,0.024979833087788172,0.018531260358199297,-0.01729560758864268,-0.0416666559560388,0,0,1,1,187.55999755859375,167.75,0.0532344768085345,0.05800764670282746
2024-06-03,178.1300048828125,182.63999938964844,174.49000549316406,176.2899932861328,68568900,TSLA,-0.0100517100545634,-1.790008544921875,0.011003228472622138,0.0309731583925365,0.02668245397925682,177.21999816894532,-0.005247742311372372,178.0740005493164,-0.010018347752509316,176.71000061035156,-0.0023768169473603606,172.0266000366211,0.024783337278096118,54.12293158539801,65604220.0,1.045190385618486,0.0462306098296588,-0.016458447425922174,-0.0065931104669734175,0.009359630257602447,0.005672471711862359,1,1,0,0,187.55999755859375,167.75,0.063928780428103,0.04844287033508316
2024-06-04,174.77999877929688,177.75999450683594,174.0,174.77000427246094,60056300,TSLA,-0.008622094682395387,-1.519989013671875,0.009930981485504033,0.030746062972591807,0.026272337782739394,176.8239990234375,-0.011616040595848642,178.05600128173828,-0.018454851201998523,176.21050109863282,-0.008174863684006994,172.10540008544922,0.015482397331453734,47.175946047998536,65668160.0,0.9145421464527101,0.021513957858433328,-0.01120223891111205,-0.0010288235434179338,0.015506044451731649,0.04405788613610229,1,1,0,0,186.8800048828125,167.75,0.06929107005955354,0.04016710019367495
2024-06-05,175.35000610351562,176.14999389648438,172.1300048828125,175.0,57953800,TSLA,0.0013159908560766986,0.2299957275390625,0.01002498927648074,0.02024949660893866,0.024938159753316452,176.58599853515625,-0.008981451237995541,176.89600067138673,-0.010718165838632276,176.07000122070312,-0.006077135305757597,172.15279998779297,0.01653879583956175,51.10045164553191,66302400.0,0.8740829894543787,0.022971365792410714,-0.006754086071381948,-0.0621650896253485,-0.006914324079241085,0.017199968610491112,0,1,0,0,186.8800048828125,167.75,0.0678857421875,0.041428571428571426
2024-06-06,174.60000610351562,179.72999572753906,172.72999572753906,177.94000244140625,69887000,TSLA,0.01680001395089281,2.94000244140625,0.010851464068433082,0.018671925496220553,0.024892057612302593,176.41600036621094,0.008638683974422579,176.6790008544922,0.007137246536460751,176.2310012817383,0.009697505814744822,172.1582000732422,0.03358424034233787,53.23051833439447,64756120.0,1.0792339009810965,0.0393391025287022,-0.004754129854271261,-0.012048182563942467,-0.04091265976965519,0.0533887820032386,0,1,1,1,186.8800048828125,167.75,0.050241667521332634,0.057266507258600885
2024-06-07,176.1300048828125,179.35000610351562,175.5800018310547,177.47999572753906,56244900,TSLA,-0.0025851787543875737,-0.4600067138671875,0.010770993206370618,0.014357605092133845,0.02459279108666415,176.2959991455078,0.006715958318793236,177.0529998779297,0.002411683789056207,176.5065010070801,0.005515347677873539,172.11119995117187,0.03119376181149347,50.0218125387131,62542180.0,0.8993114726733222,0.02124185464962774,-0.003369306476562417,0.021526361897819424,-0.001070556941515477,0.04158217861432689,0,1,1,1,186.8800048828125,167.75,0.052963767081130625,0.05482305590358591
2024-06-10,176.05999755859375,178.57000732421875,173.1699981689453,173.7899932861328,50774600,TSLA,-0.020791089307163446,-3.69000244140625,0.013772448845323259,0.011754917930226191,0.024613833998383718,175.7959991455078,-0.011410986991317151,176.50799865722655,-0.015398766014972698,176.77250061035156,-0.01687200958249102,172.07119995117188,0.009988849589290139,48.76595355094747,58983320.0,0.860829807477775,0.03107203730874601,-0.014181179279656009,-0.03040622651196645,0.049945383911024654,0.044766754926313324,1,1,0,0,186.8800048828125,169.0,0.07532085909646086,0.02756196254778853
2024-06-11,173.9199981689453,174.75,167.41000366210938,170.66000366210938,64761900,TSLA,-0.018010183238054034,-3.1299896240234375,0.01532146214244109,0.012240209424024954,0.024592271635976163,174.9739990234375,-0.024655065240580476,175.8989990234375,-0.029784111282123216,176.71100082397462,-0.034242334283946296,171.98,-0.007675289788874329,29.287928102833504,59924440.0,1.0807259942687826,0.04300947017687356,-0.023516624763275762,-0.034455424825406644,0.04306803402675907,0.0723660528519523,1,1,0,0,186.8800048828125,167.41000366210938,0.09504278022176298,0.0190437122363755
2024-06-12,171.1199951171875,180.5500030517578,169.8000030517578,177.2899932861328,90389400,TSLA,0.03884911216309472,6.6299896240234375,0.02507054272486745,0.018133882126393983,0.02504202547975688,175.43199768066407,0.01059097331178327,176.00899810791014,0.00727800960174374,176.69800033569337,0.003350309280890418,172.1931997680664,0.029599272938370946,46.349029118158136,66411560.0,1.361049190833644,0.06063511990014181,0.013085675920758932,0.006243208067906014,0.057250885778376004,0.029838167664568704,1,1,1,1,186.8800048828125,167.41000366210938,0.05409223283799286,0.05572784701998308
2024-06-13,188.38999938964844,191.0800018310547,181.22999572753906,182.47000122070312,118984100,TSLA,0.029217711832219218,5.1800079345703125,0.027312446737585615,0.019867052274634582,0.0253642202173162,176.33799743652344,0.03477414892605335,176.3769989013672,0.03454533390004699,177.12200012207032,0.030193883848121716,172.47499969482422,0.057950436547696604,61.66176996352645,76230980.0,1.5608365522783518,0.05398150949537035,0.025458012347665093,0.020582851796861368,0.013098040081436002,0.026744148902098086,1,1,1,1,191.0800018310547,167.41000366210938,0.04718584179729083,0.08253410126510723
2024-06-14,185.8000030517578,186.0,176.9199981689453,178.00999450683594,82038200,TSLA,-0.024442410719736185,-4.4600067138671875,0.030464500652026764,0.02155805156205257,0.02606823246628747,176.44399719238282,0.008875322138307995,176.3699981689453,0.009298612887208124,177.28050003051757,0.0041149166219227595,172.6129995727539,0.031266445444088964,48.30995943567195,81389640.0,1.0079685817506994,0.051008382176574905,0.002986245165965018,-0.00039312288577564303,0.01999894908847999,0.10314027962989747,1,1,1,1,191.0800018310547,167.41000366210938,0.07342288482412619,0.05954716685483354
2024-06-17,177.9199981689453,188.80999755859375,177.0,187.44000244140625,109786100,TSLA,0.052974598199923895,9.430007934570312,0.03484176234179412,0.026811289140474086,0.02840367410836573,179.1739990234375,0.046133945008882016,177.48499908447266,0.05608926618184551,177.77949981689454,0.05433980090202528,173.06379974365234,0.0830688030601916,62.33557091412606,93191940.0,1.1780643261638293,0.06300681500623409,0.07854312493585103,0.06324811152029519,-0.02363427164356302,0.053243681164903967,0,1,1,1,191.0800018310547,167.41000366210938,0.019419544079371753,0.10686085423818885
2024-06-18,186.55999755859375,187.1999969482422,182.3699951171875,184.86000061035156,68982300,TSLA,-0.013764414198944475,-2.5800018310546875,0.033851930129067974,0.027179709617262574,0.028391654946860148,182.01399841308594,0.015636172064120712,178.4939987182617,0.03566507522831652,178.275,0.036937319368119725,173.30139984130858,0.06669652281878369,59.55898557800204,94036020.0,0.7335731563288195,0.026127890377082595,0.08320635558145684,0.05773299817605215,-0.012333651259163747,0.07043170090594408,0,1,1,1,191.0800018310547,167.41000366210938,0.033647090772295635,0.09439574213257383
2024-06-20,184.67999267578125,185.2100067138672,179.66000366210938,181.57000732421875,55893100,TSLA,-0.017797215597047833,-3.2899932861328125,0.03400900274244049,0.02819534930350239,0.024463995851482626,182.87000122070313,-0.007108841733507898,179.1509994506836,0.013502620029764545,178.02350006103515,0.019921568006289636,173.39519989013672,0.04714552328589017,53.01912949987688,87136760.0,0.6414411093549955,0.030566739152284673,0.02414131761615179,0.037542898995535756,0.03183344465573468,0.15580763421800747,1,1,0,1,191.0800018310547,167.41000366210938,0.052376461547718654,0.07798646852959971
2024-06-21,182.3000030517578,183.9499969482422,180.69000244140625,183.00999450683594,61937300,TSLA,0.00793075466503601,1.4399871826171875,0.03149615760093449,0.027887359758346424,0.023199178870462273,182.97799987792968,0.00017485505868242157,179.65799865722656,0.018657648836469143,178.1684997558594,0.027173685346235432,173.62019989013672,0.054082385705355174,55.27046593312231,75727400.0,0.8178981451891918,0.01781320476851972,0.0029593537705940864,0.02849270538309212,0.07300148085547598,0.26364680317061984,1,1,1,1,191.0800018310547,167.41000366210938,0.044095992385362937,0.08524119618037505
2024-06-24,184.97000122070312,188.8000030517578,182.5500030517578,182.5800018310547,61992100,TSLA,-0.0023495584322592578,-0.42999267578125,0.028439358050016454,0.027882067066690955,0.02159013143435221,183.89200134277343,-0.007134619788454977,180.16799926757812,0.013387519278017512,178.6104995727539,0.022224350011875282,173.7797998046875,0.05063995951346345,56.9258007760784,71718180.0,0.8643847348050383,0.034231569379560324,0.02567275695322402,0.028735667265537668,0.08127941827726781,0.3494906173658523,1,1,0,1,191.0800018310547,167.41000366210938,0.046554934356202046,0.08308685516928874
2024-06-25,184.39999389648438,187.97000122070312,182.00999450683594,187.35000610351562,62905700,TSLA,0.026125557150967316,4.7700042724609375,0.017728210568954933,0.027342057331667908,0.021232201490714704,183.8740020751953,0.018904271343910928,181.5240005493164,0.03209496009656543,179.0159996032715,0.04655453433611312,174.10579986572264,0.07606987388132636,62.92643323995973,62342100.0,1.0090404397670274,0.03181215115933401,-0.0004801341054120334,0.07802527959741168,0.05620495562449457,0.34251399027705265,1,1,1,1,191.0800018310547,167.41000366210938,0.019909237288618743,0.10643182168026669
2024-06-26,186.5399932861328,197.75999450683594,186.36000061035156,196.3699951171875,95737100,TSLA,0.04814512260377568,9.019989013671875,0.025570977538691652,0.028367612284844315,0.02316624014418635,186.1760009765625,0.05475460901057971,184.09499969482422,0.06667750586768584,179.99699935913085,0.09096260391201949,174.80359985351564,0.12337500647437682,68.59878322738498,67693060.0,1.4142823503620607,0.058053644548298804,0.06226330449439277,0.15065036272928634,0.06869687746905351,0.2880786715427657,1,1,1,1,197.75999450683594,167.41000366210938,0.007078471376540643,0.14747666229657796
2024-06-27,195.1699981689453,198.72000122070312,194.0500030517578,197.4199981689453,72746500,TSLA,0.0053470646120412635,1.0500030517578125,0.02028382400752191,0.027121965402771286,0.023076073775173702,189.34599914550782,0.04264150845475645,186.10800018310547,0.06078190069588807,181.05849914550782,0.09036581602440297,175.6097998046875,0.12419693199647752,67.53059929215235,71063740.0,1.0236795868047475,0.023655142398233065,0.08729410257953107,0.1135428148520723,0.17141118757853246,0.3287913534867555,1,1,1,1,198.72000122070312,167.41000366210938,0.006584961320105546,0.15201091472584458
2024-06-28,199.5500030517578,203.1999969482422,195.25999450683594,197.8800048828125,95438100,TSLA,0.002330091774560339,0.4600067138671875,0.021052679500483677,0.02645511228580103,0.022993727890642246,192.32000122070312,0.02891016860866591,187.6490005493164,0.05452202944618012,182.01299972534179,0.08717512035631558,176.4583999633789,0.1213974790878718,68.35854540521079,77763900.0,1.2272802675791723,0.04012533982960248,0.08125244971482215,0.08445225822884983,0.2451485410846046,0.3304022805211244,1,1,1,1,203.1999969482422,167.41000366210938,0.026884940035150427,0.15398221381057633
2024-07-01,201.02000427246094,213.22999572753906,200.85000610351562,209.86000061035156,135691400,TSLA,0.060541719385108106,11.979995727539062,0.025686392768858386,0.028300510342414244,0.02595433029581219,197.7760009765625,0.06109942345947772,190.83400115966796,0.09969921154021621,183.60199966430665,0.1430158767009857,177.65700012207031,0.1812650245481695,78.24590533763877,92503760.0,1.4668744275908352,0.05899165914427612,0.1494139473420515,0.17892257225080987,0.19851331145023576,0.1485275806646873,1,1,1,1,213.22999572753906,167.41000366210938,0.016058301283647627,0.20227769381864902
2024-07-02,218.88999938964844,231.3000030517578,218.05999755859375,231.25999450683594,205047900,TSLA,0.10197271435359379,21.399993896484375,0.04147747428379811,0.03785856463934494,0.032888478575333585,206.55799865722656,0.11958866763906428,195.21600036621095,0.18463647484329715,186.3504997253418,0.2409947644234136,179.3411999511719,0.2894973077563865,86.89722705072545,120932200.0,1.6955608183759163,0.05725160342323148,0.23437409646551566,0.23378143136296536,0.09374733395113632,0.07338061758970382,1,1,1,1,231.3000030517578,167.41000366210938,0.0001730024469091318,0.2760961357838274
2024-07-03,234.55999755859375,248.35000610351562,234.25,246.38999938964844,166561500,TSLA,0.06542422054051067,15.1300048828125,0.04264716072782469,0.037863744209712356,0.03432532336014934,216.56199951171874,0.1377342282818903,201.36900024414064,0.2235746271319028,189.93149948120117,0.29725716936192215,181.4279998779297,0.35805939301225376,88.12624686977594,135097080.0,1.2329022951495325,0.05722637338546139,0.25472325465308776,0.3328464707137484,0.0646941321567569,0.02536628927911999,1,1,1,1,248.35000610351562,167.41000366210938,0.007954895566875566,0.32054870702214566
2024-07-05,249.80999755859375,252.3699951171875,242.4600067138672,251.52000427246094,154501200,TSLA,0.02082067005771515,5.1300048828125,0.03928680931549004,0.034272620424402454,0.03410687600540033,227.3820007324219,0.10615617534496113,208.36399993896484,0.20711833304283656,193.75749969482422,0.29811751632125194,183.56480010986328,0.37019735876337156,88.11969145468989,151448020.0,1.02015992021553,0.03940039851695153,0.27403508563108536,0.3852508350860868,0.04667622969840046,0.02003814090537781,1,1,1,1,252.3699951171875,167.41000366210938,0.0033794164690209034,0.33440680336200523
2024-07-08,247.7100067138672,259.44000244140625,244.57000732421875,252.94000244140625,157219600,TSLA,0.005645666924397386,1.4199981689453125,0.03829182952346584,0.034470046255828335,0.0342329027858264,238.3940002441406,0.06101664547920249,215.35700073242188,0.17451488264215165,197.50749969482422,0.28066024243247845,185.38100006103517,0.3644332610037051,92.80248031636759,163804320.0,0.959801304385623,0.05878862565691698,0.2782494249037497,0.38211032202374184,-0.04708627954120592,-0.017553579499291705,0,0,1,1,259.44000244140625,167.41000366210938,0.025697793695189555,0.3381434251354132
2024-07-09,251.0,265.6099853515625,250.3000030517578,262.3299865722656,160210900,TSLA,0.03712336538398886,9.389984130859375,0.038246947268782264,0.03209993482680706,0.034110408263237454,248.88799743652345,0.05400818550589381,223.33199920654297,0.17461889699763233,201.74999923706054,0.30027255298287425,187.22399993896485,0.40115576345866644,92.79918768580798,168708220.0,0.9496330409982394,0.05836154112555925,0.2500237577876283,0.4367947417100224,-0.0537490625031628,-0.04993706977954593,0,0,1,1,265.6099853515625,167.41000366210938,0.012503331480152056,0.3618342841793577
2024-07-10,262.79998779296875,267.5899963378906,257.8599853515625,263.260009765625,128519400,TSLA,0.003545241645880992,0.930023193359375,0.02560287612943466,0.033729860383424674,0.032984230609352384,255.28800048828126,0.03122751269975854,230.9229995727539,0.14003373528275653,206.22350006103517,0.27657618888103896,189.1234002685547,0.39200125099166216,95.66637140974426,153402520.0,0.8377919736911753,0.036959700012890506,0.13837246397514358,0.4051774816605407,-0.04034038586198996,-0.09139258499155622,0,0,1,1,267.5899963378906,167.41000366210938,0.016447566708367608,0.3640887432498727
2024-07-11,263.29998779296875,271.0,239.64999389648438,241.02999877929688,221707300,TSLA,-0.08444127539962887,-22.230010986328125,0.04724011542727873,0.050109431679299224,0.03980916026346455,254.21600036621095,-0.051869282688418394,235.38899993896484,0.02396458136019408,209.74199981689452,0.14917374197689015,190.06300018310546,0.2681584450792114,78.37373169870023,164431680.0,1.3483247267193281,0.13006682264568145,-0.02175413216294997,0.22742783914343767,0.06443180872899212,0.0434800472165926,1,1,0,1,271.0,169.8000030517578,0.12434137398866128,0.2955233626033496
2024-07-12,235.8000030517578,251.83999633789062,233.08999633789062,248.22999572753906,155955800,TSLA,0.029871787680814776,7.1999969482421875,0.04855823702083419,0.049812299663176116,0.03961373461560561,253.55799865722656,-0.021012955449653092,240.46999969482422,0.03227012119001493,213.28899993896485,0.16381996164158963,191.3620001220703,0.2971749645655486,79.500631526638,164722600.0,0.9467784019921978,0.07553478758699363,-0.013080504488851452,0.25737006397453355,0.001087718152955608,-0.007452728826362831,1,0,0,1,271.0,176.9199981689453,0.09172946325734797,0.28727389431559536
2024-07-15,255.97000122070312,265.6000061035156,251.72999572753906,252.63999938964844,146912900,TSLA,0.01776579679334911,4.410003662109375,0.04931024666975476,0.04929287920797536,0.03952131624622835,253.497998046875,-0.003384636817005182,245.9459991455078,0.027217357742747028,216.7974998474121,0.16532708895380832,192.815,0.31027150060756914,80.58853720308522,162661260.0,0.9031830935036407,0.05490029452772737,-0.0011860640818460721,0.27673333917323095,-0.013497481279083234,-0.14506805725548955,0,0,0,1,271.0,176.9199981689453,0.072672580172211,0.299715015055552
2024-07-16,255.30999755859375,258.6199951171875,245.8000030517578,256.55999755859375,126332500,TSLA,0.015516142251486675,3.9199981689453125,0.04617531197248816,0.047803489432406567,0.03829977458891896,252.34400024414063,0.016707341210308924,250.61599884033203,0.023717554927722873,220.725,0.16235133110700528,194.34600006103517,0.32011977338365605,80.44338140202575,155885580.0,0.8104181284760271,0.049968787758901616,-0.021995156135466765,0.22252929006204658,-0.06766448696425031,-0.14152634044323764,0,0,1,1,271.0,177.0,0.05628314070321274,0.3101028933414441
2024-07-17,252.72999572753906,258.4700012207031,246.17999267578125,248.5,115584800,TSLA,-0.031415644041518975,-8.05999755859375,0.04746168002319518,0.040912762813010095,0.03901752791883534,249.39199829101562,-0.0035766917027335587,252.33999938964843,-0.015217561222701459,223.7779998779297,0.11047556120599933,195.69220001220702,0.26985132766916053,73.12571853435509,153298660.0,0.7539844118663529,0.049456774828659456,-0.056066281311641375,0.07454815317248675,0.0121126539510501,-0.11549294546576327,1,0,0,1,271.0,179.66000366210938,0.09054325955734406,0.27702211805992205
2024-07-18,251.08999633789062,257.1400146484375,247.1999969482422,249.22999572753906,110869000,TSLA,0.002937608561525362,0.7299957275390625,0.02347226782423239,0.03559106710224002,0.038547250768540035,251.03199768066406,-0.0071783755448471265,252.6239990234375,-0.013434999481516274,226.99649963378906,0.0979464270577699,196.9816000366211,0.26524505680329735,73.04919957553989,131131000.0,0.8454827615132958,0.03988291084778514,0.034020648839444556,0.011526426985371874,-0.01143518394086962,-0.06873165316244734,0,0,0,1,271.0,179.66000366210938,0.08734905366792263,0.27913972338018395
2024-07-19,247.7899932861328,249.44000244140625,236.8300018310547,239.1999969482422,87403900,TSLA,-0.040243947162209914,-10.029998779296875,0.027020003635423555,0.03715707411849081,0.03987924097784872,249.2259979248047,-0.04022855183666474,251.39199829101562,-0.04849796901116865,229.87799911499025,0.04055193567518778,198.20940002441407,0.2068045053301164,66.93997613593584,117420620.0,0.7443658532888006,0.052717394528563055,-0.03637754878426669,-0.04898221658295221,-0.0970317380902821,-0.06931438981013971,0,0,0,1,271.0,180.69000244140625,0.13294315826700726,0.2446070035673799
2024-07-22,244.2100067138672,253.2100067138672,243.75,251.50999450683594,101225400,TSLA,0.05146320115237035,12.30999755859375,0.03709363794073597,0.04114054242192791,0.040674448544026805,248.9999969482422,0.010080311603841041,251.2489974975586,0.0010387982116419892,233.30299911499023,0.07804012576311492,199.74519989013672,0.2591541355946012,67.02918921670724,108283120.0,0.9348216046970201,0.037612846091530046,-0.004472786912375182,-0.0056535459823188194,-0.12428927354609087,-0.07729310010417423,0,0,1,1,271.0,182.00999450683594,0.07749197216349321,0.27633096703085896
2024-07-23,253.60000610351562,255.75999450683594,245.6300048828125,246.3800048828125,111928200,TSLA,-0.020396762498772203,-5.1299896240234375,0.03672890044795796,0.039390269464135666,0.04131690081838862,246.96399841308593,-0.0023646909429146934,249.65399932861328,-0.0131141277712572,236.4929992675781,0.041806758110618736,201.2333999633789,0.22434946150912083,57.13073465698022,105402260.0,1.0619146116980793,0.04111530734339273,-0.039678799394501585,-0.060801214142018334,-0.10788213858383977,-0.11981493500863327,0,0,0,1,271.0,182.00999450683594,0.09992692032333422,0.2612631264724316
2024-07-24,225.4199981689453,225.99000549316406,214.7100067138672,215.99000549316406,167942900,TSLA,-0.12334604589403697,-30.389999389648438,0.06432036494439829,0.05390318217944769,0.05160764010693068,240.46199951171874,-0.10177073328944874,244.9269989013672,-0.11814538020717003,237.92499923706055,-0.09219289193751845,202.18380004882812,0.0682854187180264,37.46702085980157,115873880.0,1.4493594242291705,0.0522246330497634,-0.1308249275929012,-0.1795563417115439,0.0745867873542021,-0.038520334796149025,1,0,0,0,271.0,186.36000061035156,0.2546876851141011,0.13718229607503885
2024-07-25,216.8000030517578,226.0,216.22999572753906,220.25,100636500,TSLA,0.01972310939623889,4.2599945068359375,0.06660053355585163,0.049577363543512304,0.05084211567412451,234.66600036621094,-0.06143199416921863,242.8489990234375,-0.09305782240945726,239.11899948120117,-0.07891049863097388,203.15100006103515,0.08416891836037022,37.015195048553515,113827380.0,0.8841150521078496,0.04435870271264898,-0.1162781215115869,-0.0862133298117983,0.010760477263053403,-0.09702608452752559,1,0,0,0,271.0,194.0500030517578,0.2304199772985244,0.11895571826670687
2024-07-26,221.19000244140625,222.27999877929688,215.3300018310547,219.8000030517578,94604100,TSLA,-0.0020431189477511102,-0.4499969482421875,0.0662549825393608,0.04788012861798769,0.05088167148963436,230.78600158691407,-0.04760253420751315,240.00599975585936,-0.08418954828069147,240.2379997253418,-0.08507395456568179,203.99600006103515,0.07747212193373465,36.12692441980121,115267420.0,0.8207358158966341,0.031619639907855795,-0.08110365444813161,-0.11453085108612915,0.055823494550050645,-0.0871701701368841,1,0,0,0,271.0,195.25999450683594,0.23293901836837452,0.11164698910010147
2024-07-29,224.89999389648438,234.27000427246094,224.6999969482422,232.10000610351562,129201800,TSLA,0.055959976710561854,12.300003051757812,0.06740194296356256,0.051793555246287724,0.05204251865710484,226.90400390625,0.022899561522997436,237.9520004272461,-0.024593171367431887,241.94899978637696,-0.04070689976630304,205.1582000732422,0.1313221017763615,37.64610585994839,120862700.0,1.0689964728572172,0.04123225796017673,-0.07717382540355766,-0.08130143023968994,-0.06566137480568224,-0.1738044400511054,0,0,1,0,271.0,200.85000610351562,0.16760014163521883,0.13464023773468853
2024-07-30,232.25,232.41000366210938,220.0,222.6199951171875,100560300,TSLA,-0.04084450985365373,-9.480010986328125,0.06849695901437254,0.052114372792130645,0.051727603344991366,222.152001953125,0.002106634916399619,234.55800018310546,-0.05089574884079273,242.58699951171874,-0.08230863333451921,206.11380004882812,0.0800829205247251,34.47669345172943,118589120.0,0.8479723940948377,0.05574523373597565,-0.09643643678360236,-0.13228875414864683,-0.06715478068523217,-0.10681879121764892,0,0,1,0,271.0,214.7100067138672,0.21732102211818483,0.03553134748366373
2024-07-31,227.89999389648438,234.67999267578125,226.7899932861328,232.07000732421875,67497000,TSLA,0.04244907202543402,9.45001220703125,0.03828362650957775,0.05437169808839327,0.047335125701324,225.36800231933594,0.02973805037055066,232.91500091552734,-0.003627905407496912,242.62750015258788,-0.04351317481212791,207.20600006103516,0.11999656021476013,46.20725032785987,98499940.0,0.6852491483751157,0.0339983588599863,0.07444789769017168,-0.06611667072748995,-0.14301719909474297,-0.13819109024034548,0,0,1,0,271.0,214.7100067138672,0.16775107272433187,0.07480501599717009
2024-08-01,227.69000244140625,231.8699951171875,214.3300018310547,216.86000061035156,83861900,TSLA,-0.06554059651757449,-15.210006713867188,0.052156936359141856,0.05742657847204704,0.04705174714486614,224.69000244140625,-0.03484802058826164,229.6780014038086,-0.05580856988963889,241.15100021362304,-0.1007294167627476,208.04420013427733,0.0423746514941743,37.5644200813544,95145020.0,0.8814113444928594,0.08088164362614855,-0.015391597682853253,-0.12988001312881592,-0.07479480390598547,-0.08932027604293424,0,0,0,0,271.0,214.3300018310547,0.24965415123707294,0.011666507295841575
2024-08-02,214.8800048828125,216.1300048828125,205.77999877929688,207.6699981689453,82880100,TSLA,-0.042377581921705376,-9.19000244140625,0.055195217484254655,0.05754585197804227,0.04732847271007629,222.26400146484374,-0.06566067019272492,226.5250015258789,-0.08323586019170404,238.95849990844727,-0.13093696918707476,208.46559997558595,-0.0038164656745948156,32.8240776248182,92800220.0,0.8931024085934279,0.049838716207314684,-0.05518655466058464,-0.13181437784934125,-0.07661195070250904,0.0007704707638087616,0,1,0,0,271.0,205.77999877929688,0.30495498815160565,0.009100974653598593
2024-08-05,185.22000122070312,203.8800048828125,182.0,198.8800048828125,100308800,TSLA,-0.04232673647438423,-8.789993286132812,0.04163648841563641,0.05346160657974189,0.04779080856918007,215.62000122070313,-0.07763656545366582,221.26200256347656,-0.10115608383433583,236.25550003051757,-0.15819947109327492,208.84100006103515,-0.04769654988872629,28.75976093889315,87021620.0,1.152688262985681,0.11001611195507066,-0.14312796358086755,-0.20925605651266865,-0.00020116926759650156,0.012570393898939658,0,1,0,0,271.0,182.0,0.3626306986450613,0.0848753241571913
2024-08-06,200.75,202.89999389648438,192.6699981689453,200.63999938964844,73783900,TSLA,0.008849529684359148,1.7599945068359375,0.04417336633682524,0.05434409665390165,0.04670342898333171,211.2240020751953,-0.05010795450120764,216.68800201416016,-0.07406041163028032,233.1710006713867,-0.1395156395438083,209.37899993896485,-0.04173771272125615,31.518380371643687,81666340.0,0.903479940450374,0.05098682096620289,-0.09873325042509662,-0.18564820434563967,-0.003189789631156903,0.06728468919989683,0,1,0,0,271.0,182.0,0.35067783504978234,0.09290270856435283
2024-08-07,200.77000427246094,203.49000549316406,191.47999572753906,191.75999450683594,71159800,TSLA,-0.044258397676563366,-8.8800048828125,0.027507437090092818,0.04176119084716066,0.0470745695587228,203.16199951171876,-0.056122724881062847,214.26500091552734,-0.10503351603169131,229.59599990844725,-0.16479383533118452,209.62939971923828,-0.08524283920258924,29.121558097147144,82398900.0,0.8636013344838341,0.06263042401785666,-0.17369764099273188,-0.11218116750821139,0.029881159524771883,0.12703379906220835,1,1,0,0,271.0,182.0,0.41322490489714364,0.05089692733844967
2024-08-08,195.6999969482422,200.6999969482422,192.0399932861328,198.83999633789062,65033900,TSLA,0.036921162045623124,7.0800018310546875,0.037428336974099155,0.043487331796486534,0.04539472904060709,199.55799865722656,-0.0035979631193296946,212.1240005493164,-0.06262376806502568,227.48649978637695,-0.12592616913701282,210.0711996459961,-0.053463793832909334,35.01633567249303,78633300.0,0.8270529152407441,0.04355262432912819,-0.08309510385383989,-0.09720773512875991,0.04521225939819096,0.12009658681663304,1,1,0,0,265.6000061035156,182.0,0.33574738983689734,0.08469119215469238
2024-08-09,197.0500030517578,200.8800048828125,195.11000061035156,200.0,58648300,TSLA,0.005833854775063374,1.160003662109375,0.03528863247218687,0.04370460379013092,0.04463531166534838,198.0239990234375,0.009978593434670557,210.1440002441406,-0.04827166244268477,225.075,-0.11140730867488613,210.54739959716798,-0.0500951311550174,29.150818160291507,73786940.0,0.7948330693751496,0.028850021362304686,-0.036933588079995805,-0.09008190526319226,0.006900024414062456,0.10550003051757817,1,1,1,0,265.6000061035156,182.0,0.32800003051757814,0.09
2024-08-12,199.02000427246094,199.25999450683594,194.6699981689453,197.49000549316406,64044900,TSLA,-0.012549972534179665,-2.5099945068359375,0.029943329237258974,0.037384197968571495,0.04416330038219777,197.74599914550782,-0.0012945579351791858,206.68300018310546,-0.0444787170778298,222.31750030517577,-0.11167584548193887,210.92139984130858,-0.06367961884498174,29.782486254661336,66534160.0,0.9625867373992547,0.02324166393346677,-0.006989135938866631,-0.14911675872561436,0.08430803298074085,0.13053824528952807,1,1,0,0,258.6199951171875,182.0,0.3095345988338605,0.07843437673963828
2024-08-13,198.47000122070312,208.49000549316406,197.05999755859375,207.8300018310547,76247400,TSLA,0.05235706137163754,10.339996337890625,0.03860485950721413,0.041700310038731675,0.04606725911843968,199.18399963378906,0.0434071120831081,205.2040008544922,0.012797026206251116,219.88100051879883,-0.054806912190277335,211.51639984130858,-0.017428426415254994,45.954787637205776,67026860.0,1.1375648508672493,0.05499691013745832,0.03583533923085325,-0.06643605071659142,0.039888337646610594,0.013616907116977162,1,1,1,0,258.4700012207031,182.0,0.24366067912954054,0.12428427851360908
2024-08-14,207.38999938964844,208.44000244140625,198.75,201.3800048828125,70250000,TSLA,-0.0310349655555765,-6.4499969482421875,0.03438069810236432,0.03855766966938208,0.046057780134172936,201.10800170898438,0.00135252288082377,202.13500061035157,-0.0037351063658412897,217.52500076293944,-0.0742213346672822,212.01820007324218,-0.050175858425147934,40.84425435989651,66844900.0,1.0509403110783322,0.048117996853982985,0.050166930807007404,-0.13224458772274728,0.10596879442082074,0.09405105761333088,1,1,1,0,257.1400146484375,182.0,0.27688950448716587,0.09623599370796597
2024-08-15,205.02000427246094,215.8800048828125,204.82000732421875,214.13999938964844,89848500,TSLA,0.06336276788880446,12.759994506835938,0.04091143458837148,0.04068276039866537,0.048810878411404086,204.16800231933593,0.04884211510634007,201.86300048828124,0.060818470307439476,215.77050094604493,-0.007556647221226065,212.80559997558595,0.0062705089255901125,47.546808736343344,71807820.0,1.2512355896614045,0.05164844302847416,0.07694630523809898,-0.012542659840669934,0.032502132874310696,-0.004342919017614411,1,0,1,0,255.75999450683594,182.0,0.19435880842352996,0.15008872457857161
2024-08-16,211.14999389648438,219.8000030517578,210.8000030517578,216.1199951171875,88765100,TSLA,0.009246267550119258,1.9799957275390625,0.04073600370774186,0.03796613098991131,0.04825626566824241,207.39200134277343,0.042084524561719405,202.70800018310547,0.06616411252623,214.6165008544922,0.007005492386229273,213.62799987792968,0.011665115250256486,42.39336934198075,77831180.0,1.1404825161329946,0.0416435323123152,0.08059997558593746,0.040689541208392965,0.03308351525455322,-0.03197292503904359,1,0,1,1,255.75999450683594,182.0,0.1834166217158866,0.1578752354620705
2024-08-19,217.07000732421875,222.97999572753906,214.08999633789062,222.72000122070312,76435200,TSLA,0.030538618603692225,6.600006103515625,0.03754606597532422,0.03481181745747438,0.04720758323311764,212.43800048828126,0.04840000710225589,205.09199981689454,0.08595167739135023,213.17700119018554,0.04476561719715644,214.52359985351563,0.03820745770061795,50.048945820247994,80309240.0,0.9517609679782799,0.03991558612124352,0.12775327877750442,0.11987125780662589,-0.05414869563799507,-0.076194329775918,0,0,1,1,255.75999450683594,182.0,0.14834767019147066,0.18283046424892874
2024-08-20,224.8800048828125,228.22000122070312,219.55999755859375,221.10000610351562,74001200,TSLA,-0.007273684933137958,-1.6199951171875,0.03608392075263749,0.035339543870741376,0.04707294171005352,215.09200134277344,0.027932255607997947,207.13800048828125,0.06740436608600109,211.9130012512207,0.04335271926711015,215.39600006103515,0.0264814854540667,44.185305426552205,79860000.0,0.9266366140746306,0.03916781285865227,0.06385028222849232,0.10197371798298938,-0.003527809849682595,-0.06702852517009994,0,0,1,1,234.67999267578125,182.0,0.06142010944091826,0.17684308016350575
2024-08-21,222.6699981689453,224.66000366210938,218.86000061035156,223.27000427246094,70146000,TSLA,0.009814554993405888,2.1699981689453125,0.027148481546748864,0.029757604743966593,0.037868723200920516,219.47000122070312,0.01731445313993718,210.28900146484375,0.061729347313427496,212.27700119018556,0.05178612388831705,216.3856002807617,0.03181544420130855,53.9426776938931,79839200.0,0.8785909678453692,0.025977529183364687,0.10869996453911468,0.16432003894587988,-0.04505754183762778,-0.04102657538775889,0,0,1,1,234.67999267578125,182.0,0.05110399151243116,0.1848434786703292
2024-08-22,223.82000732421875,224.8000030517578,210.32000732421875,210.66000366210938,79514500,TSLA,-0.056478704568676985,-12.610000610351562,0.032852380250088555,0.03630233865863599,0.039811360639194375,218.7740020751953,-0.03708849468456066,211.47100219726562,-0.0038350342445520047,211.79750137329103,-0.0053706852243587955,217.18560028076172,-0.030046175299911826,51.76484850275229,77772400.0,1.0223999773698638,0.06873633093999383,-0.016251030809087075,0.059444817651942206,-0.006883114606643259,-0.00028480754557469457,0,0,0,0,234.67999267578125,182.0,0.11402254151765336,0.13604862415211447
2024-08-23,214.4600067138672,221.47999572753906,214.2100067138672,220.32000732421875,81525200,TSLA,0.04585589810206048,9.660003662109375,0.0396029864842504,0.038381829525544885,0.04119186087175439,219.61400451660157,0.003214744019495397,213.5030029296875,0.03192931387843889,211.82350158691406,0.04011125146006744,218.04620056152345,0.010428096232998785,62.52629458132822,76324420.0,1.0681404457446253,0.03299740728028162,0.019433704895069237,0.10160003662109385,-0.0661311131075708,-0.004130372330508503,0,0,1,1,234.67999267578125,182.0,0.06517785436721876,0.1739288582531125
2024-08-26,218.75,219.08999633789062,211.00999450683594,213.2100067138672,59301200,TSLA,-0.0322712435275504,-7.1100006103515625,0.03923517801471832,0.04015675517383369,0.039684648387602765,217.71200561523438,-0.02067868920983451,215.07500305175782,-0.008671376549704513,210.87900161743164,0.01105375631787342,218.66100067138672,-0.02492897197388899,56.911914844774145,72897620.0,0.8134860918641789,0.03789691654528316,-0.04269932855025471,0.07959897100335667,-0.032503202084086746,0.07954594494168754,0,1,0,1,234.67999267578125,182.0,0.10069877250521025,0.14638152868571383
2024-08-27,213.25,215.66000366210938,206.94000244140625,209.2100067138672,62821400,TSLA,-0.018760845523390857,-4.0,0.03951218562879065,0.03773365066656168,0.03888975651157388,215.3340057373047,-0.02843953514201769,215.21300354003907,-0.027893281202476472,210.20850219726563,-0.004750024251927831,219.28500091552735,-0.045944748430565174,60.13946233729571,70661660.0,0.8890450634757237,0.04168061249875737,-0.05377656744198245,0.006640065778059867,0.02342141264392783,0.007265374336279828,1,1,0,0,234.67999267578125,182.0,0.12174363149248836,0.1300607324729062
2024-08-28,209.72000122070312,211.83999633789062,202.58999633789062,205.75,64116400,TSLA,-0.01653843794670573,-3.4600067138671875,0.03787047132706362,0.03661527360352189,0.0375236277948217,211.8300048828125,-0.0287022836362395,215.6500030517578,-0.04590773434573858,208.8925018310547,-0.015043631549763514,219.6512008666992,-0.06328761605603739,54.19143775087318,69455740.0,0.9231260080160402,0.04495747266099635,-0.0784700315187925,0.021700243376846062,0.02357232614102367,0.051130032915970514,1,1,0,0,231.8699951171875,182.0,0.1269501585282503,0.11543134872417983
2024-08-29,209.8000030517578,214.88999938964844,205.97000122070312,206.27999877929688,62308800,TSLA,0.002575935743848623,0.529998779296875,0.03042640027129302,0.029856442914162132,0.034760715307171744,210.95400390625,-0.022156512985789467,214.86400299072267,-0.0399508716767063,208.36350173950194,-0.00999936621726527,220.07960083007814,-0.06270277662597101,53.83863063353457,66014600.0,0.943863933129944,0.04324218645400031,-0.0207918200259688,-0.036704962327236856,0.0636513717302305,0.09642233618068397,1,1,0,0,228.22000122070312,182.0,0.10636029945336727,0.11770408630491866
2024-08-30,208.6300048828125,214.57000732421875,207.02999877929688,214.11000061035156,63370600,TSLA,0.03795812428442069,7.8300018310546875,0.027240516460755475,0.03246660897244285,0.03448074980770355,209.71200256347657,0.0209716086495515,214.66300354003906,-0.002576144564120697,208.68550186157228,0.025993654089001117,220.73040069580077,-0.02999315030725236,59.538565225371904,62383680.0,1.0158201632221762,0.03521558322090509,-0.028186304046044497,-0.009300363465888695,0.0750081617524283,0.06548038033018022,1,1,1,1,228.22000122070312,182.0,0.06590070790775285,0.1499696441960551
2024-09-03,215.25999450683594,219.89999389648438,209.63999938964844,210.60000610351562,76714200,TSLA,-0.016393416920415627,-3.5099945068359375,0.024066496244765978,0.03083939373857182,0.03318578445010569,209.19000244140625,0.006740301379863034,213.4510040283203,-0.013356685473479568,209.27150192260743,0.006348232648511809,221.28220092773438,-0.04827408069620254,51.72499969117531,65866280.0,1.1646961085399083,0.04871792122262746,-0.012241454566690457,-0.05441808122646896,0.0006172346640842541,0.091215531331162,1,1,1,1,228.22000122070312,191.47999572753906,0.0836656913890439,0.09078827075901678
2024-09-04,210.58999633789062,222.22000122070312,210.57000732421875,219.41000366210938,80651800,TSLA,0.04183284569452206,8.80999755859375,0.028508511099638013,0.034191393593908936,0.034273230185700686,211.2300018310547,0.038725568149155176,213.2820037841797,0.02873191253459262,210.21000213623046,0.04376576486554007,222.01880096435548,-0.011750344074081043,60.90744108334641,69432360.0,1.1615880549069626,0.05309691309437889,0.04875482348314497,-0.007643611012000728,-0.014311104039194222,0.04958748207660846,0,1,1,1,228.22000122070312,191.47999572753906,0.04015312616356871,0.12729596403262644
2024-09-05,223.49000549316406,235.0,222.25,230.1699981689453,119355000,TSLA,0.04904058305110959,10.759994506835938,0.028396818406756733,0.03755753767162938,0.03355239421420334,216.11400146484374,0.06503973184906364,213.9720031738281,0.07570146914013876,212.13050231933593,0.08503961312670238,222.87520080566406,0.03273041297062895,59.938003715084996,80480080.0,1.4830377902208844,0.05539383977681344,0.11868771892561503,0.030904258361835968,-0.017378459537823798,-0.01472824180656318,0,0,1,1,235.0,192.0399932861328,0.02098449784714972,0.16566018675824548
2024-09-06,232.60000610351562,233.60000610351562,210.50999450683594,210.72999572753906,112177000,TSLA,-0.0844593239607937,-19.44000244140625,0.05665982637741407,0.043161728115086194,0.03891844871384134,217.00400085449218,-0.028911932970120846,213.9790023803711,-0.015183763905285308,212.72500228881836,-0.009378336066818593,223.1624008178711,-0.05571012430753719,47.2530836020198,90453720.0,1.2401590559238471,0.1095715468363301,0.021572605073569617,0.00033225132541980784,0.08257015853486083,0.08133630587554985,1,1,0,0,235.0,194.6699981689453,0.11517109459747041,0.07621125556021147
2024-09-09,216.1999969482422,219.8699951171875,213.6699981689453,216.27000427246094,67443500,TSLA,0.026289605928169646,5.540008544921875,0.05521554475479181,0.04129985558936813,0.03924674431764211,217.43600158691407,-0.00536248508040682,213.57400207519532,0.012623269550927851,213.53850250244142,0.012791612463369573,223.5394009399414,-0.03251953184500811,46.67697231044787,91268300.0,0.7389586526756826,0.028667854190409674,0.010088289458465072,-0.018382366181560195,0.06260689424630006,0.05053864363923277,1,1,0,1,235.0,194.6699981689453,0.08660468561300193,0.09987518230361497
2024-09-10,220.07000732421875,226.39999389648438,218.63999938964844,226.1699981689453,78891100,TSLA,0.04577608406578748,9.899993896484375,0.056663746750812635,0.04211546384618211,0.04005956080686366,220.55,0.02548174186780905,214.87000122070313,0.05258992360052828,214.97250213623047,0.05208803880237145,224.10520080566405,0.009213518275605681,52.40671792333288,91703680.0,0.8602828152588861,0.03431045041190365,0.07393158411294931,0.060785099418296795,0.018216364462761092,0.07848078942256986,1,1,1,1,235.0,197.05999755859375,0.03904143742557233,0.1287084973516552
2024-09-11,224.5500030517578,228.47000122070312,216.8000030517578,228.1300048828125,83548600,TSLA,0.008666077418469476,1.9600067138671875,0.054748050800505314,0.0411528805455519,0.03865545516452616,222.29400024414062,0.026253540951453047,216.76200103759766,0.052444634164652504,215.98750228881835,0.05621854257917769,224.4706008911133,0.01630237535415313,52.3116438977551,92283040.0,0.9053516225733352,0.05115503405586671,0.039742951894444545,0.0904354359819024,-0.005917705144525387,0.04436064919380511,0,1,1,1,235.0,198.75,0.030114386403123646,0.12878623703140074
2024-09-12,224.66000366210938,231.4499969482422,223.8300018310547,229.80999755859375,71894900,TSLA,0.007364189890953776,1.67999267578125,0.050116508822767324,0.04015617897625916,0.03769282992756526,222.2220001220703,0.03414602259162103,219.16800079345703,0.048556343656963374,217.40900192260742,0.05703993637025584,224.44160095214843,0.023918901770754397,60.16561917407169,82791020.0,0.8683900741892056,0.03315780513528207,-0.0015640640101466374,0.1169380197258505,-0.008441766946677864,0.08785519627473337,0,1,1,1,235.0,202.58999633789062,0.022583884498249367,0.11844567908218592
2024-09-13,228.0,232.6699981689453,226.32000732421875,230.2899932861328,59515100,TSLA,0.0020886633855721204,0.4799957275390625,0.01798356747009349,0.04016899683129503,0.03531179271224769,226.13399963378907,0.018378455513430758,221.56900024414062,0.039360167859144424,218.21650161743165,0.055328041551449214,224.11960083007813,0.027531694832585885,55.864008120311276,72258640.0,0.8236399135106888,0.027573889573381367,0.09282018675634407,0.11639516506166325,-0.013417848920822761,0.10412962649459634,0,1,1,1,235.0,202.58999633789062,0.020452502719104496,0.1202831115367885
2024-09-16,229.3000030517578,229.9600067138672,223.52999877929688,226.77999877929688,54323000,TSLA,-0.015241628421408637,-3.5099945068359375,0.022293616878984814,0.03984365906335307,0.035552922351629344,228.23599853515626,-0.006379360684572788,222.83600006103515,0.017699109287464543,218.7495018005371,0.03671092693999478,223.62480072021484,0.014109338717889441,58.334353272599316,69634540.0,0.7801157299236844,0.028353505464245195,0.04859663522082913,0.05917518160210933,0.07557985484570517,0.1333450498154587,1,1,0,1,235.0,202.58999633789062,0.036246588168927805,0.10666726594768196
2024-09-17,229.4499969482422,234.57000732421875,226.5500030517578,227.8699951171875,66761600,TSLA,0.004806404196833203,1.089996337890625,0.009712049146885629,0.03904644668691053,0.03496536899747231,228.57599792480468,-0.003088700537356659,224.56299896240233,0.014726362624587264,219.00700149536132,0.04046899670471915,223.12340057373046,0.02127340534991773,61.885345242318365,67208640.0,0.9933484742437877,0.035195525713407165,0.00751645647966237,0.08200374412706912,0.04555231098975687,0.11563613757030411,1,1,0,1,235.0,202.58999633789062,0.0312897925817119,0.11094044552156172
2024-09-18,230.08999633789062,235.67999267578125,226.8800048828125,227.1999969482422,78010200,TSLA,-0.0029402649901351108,-0.6699981689453125,0.008938264784053483,0.03734431627260911,0.03492001934060328,228.38999633789064,-0.005210383154820475,225.3419982910156,0.008245239109076596,219.31200103759767,0.03596700533178865,222.42080078125,0.021487181730329707,64.16589862122659,66100960.0,1.1801674287332589,0.03873234115832075,-0.0040766576717869984,0.035504275812917596,0.10035212745602196,0.14639082285909022,1,1,0,1,235.67999267578125,202.58999633789062,0.03732392535846234,0.10831866611317736
2024-09-19,234.0,244.24000549316406,232.1300048828125,243.9199981689453,102694600,TSLA,0.07359155565707187,16.720001220703125,0.03502769484076719,0.04122918330541429,0.038413353124626966,231.21199645996094,0.054962553429553695,226.7169982910156,0.07587873872539452,220.34450073242186,0.10699380904973288,222.0340005493164,0.09857047823974052,70.47878571225769,72260900.0,1.4211641427106498,0.049647428260326004,0.061398549933642466,0.05973845466126937,0.04243197024110734,0.07260580045429799,1,1,1,1,244.24000549316406,202.58999633789062,0.0013119355797842564,0.16944080904112035
2024-09-20,241.52000427246094,243.99000549316406,235.9199981689453,238.25,99879100,TSLA,-0.02324531900421767,-5.6699981689453125,0.0385575822726886,0.028912809597326936,0.03626647930546574,232.8039978027344,0.023393078506668274,229.46899871826173,0.03826661261776554,221.7240005493164,0.07453410280231632,221.97840057373048,0.07330262486896721,63.44996998061109,80333700.0,1.2433026239299323,0.03387201395264953,0.034565143714155866,0.1305936735653077,0.07878274507312444,0.0829800168464716,1,1,1,1,244.24000549316406,202.58999633789062,0.02514168097865294,0.14967472680843388
2024-09-23,242.61000061035156,250.0,241.9199981689453,250.0,86927200,TSLA,0.04931794333683115,11.75,0.03986974727441314,0.03095876362720539,0.03647039715672425,237.447998046875,0.052862108993848356,232.8419982910156,0.07368946253218289,223.20800018310547,0.12003153916936715,222.01380065917968,0.12605612469912542,70.1061450043107,86854540.0,1.0008365711222464,0.03232000732421875,0.10238998741375305,0.15596243150319355,0.016880004882812605,-0.003919982910156272,1,0,1,1,250.0,202.58999633789062,0.0,0.1896400146484375
2024-09-24,254.0800018310547,257.19000244140625,249.0500030517578,254.27000427246094,88491000,TSLA,0.017080017089843746,4.2700042724609375,0.03904621173945923,0.02906290577328008,0.03532703116141547,242.72799987792968,0.047551186514682486,235.6519989013672,0.07900635453080262,225.26100006103516,0.12877952332434695,222.04640075683594,0.1451210350890273,68.65368439221952,91200420.0,0.9702915841834939,0.03201321136143958,0.115855574322967,0.12424285418495407,0.02434415022852776,-0.053525781184035726,1,0,1,1,257.19000244140625,202.58999633789062,0.011483848349711012,0.20324854314783047
2024-09-25,252.5399932861328,257.04998779296875,252.27999877929688,257.0199890136719,65034300,TSLA,0.010815214909361437,2.7499847412109375,0.03722477869156972,0.02904222939991299,0.0346978111224002,248.69199829101564,0.033487167982425126,238.54099731445314,0.07746673279335337,227.6514991760254,0.12900635376417213,222.0556005859375,0.15745780937510223,65.71461895258915,88605240.0,0.733978035610535,0.018558825062505706,0.13124996683966894,0.12663824798364343,0.017936409875480175,-0.027001741028975124,1,0,1,1,257.19000244140625,202.58999633789062,0.0006614793984966335,0.21177338340359944
2024-09-26,260.6000061035156,261.75,251.52999877929688,254.22000122070312,67142200,TSLA,-0.01089404681602335,-2.79998779296875,0.02796832981560069,0.02995116459196291,0.03448502821806536,250.7519989013672,0.013830407472444683,240.98199768066405,0.05493357872143356,230.07499923706055,0.10494404895668175,222.17000061035156,0.14425890319261336,81.61072033102208,81494760.0,0.8238836460160138,0.040201404970612635,0.04222697248719953,0.10621819729964388,0.014947635019755046,-0.05267091230175791,1,0,1,1,261.75,205.97000122070312,0.029620009216975995,0.18979623856626204
2024-09-27,257.3800048828125,260.70001220703125,254.1199951171875,260.4599914550781,70988100,TSLA,0.024545630573566513,6.239990234375,0.021856593625018454,0.03008884583224415,0.034545667715297615,255.19399719238282,0.020635259138660045,243.9989974975586,0.06746336717094192,232.78399887084962,0.11889130145746551,222.39460052490233,0.17116148881462379,81.79595805355754,75716560.0,0.9375505173504977,0.02526306268031424,0.09322137022068477,0.1310087239937492,-0.04392224356112007,-0.06127617284296338,0,0,1,1,261.75,207.02999877929688,0.0049528088276251225,0.2051370438019706
2024-09-30,259.0400085449219,264.8599853515625,255.77000427246094,261.6300048828125,80705700,TSLA,0.004492104223754234,1.170013427734375,0.013473368763709366,0.028659772800850847,0.03404430675043314,257.51999816894534,0.015959951627410263,247.48399810791017,0.05715927851114744,235.15999908447264,0.11256168524150856,222.84320068359375,0.17405424118948365,79.18040464946327,74472260.0,1.0837015017403795,0.03474364908250139,0.04652001953125007,0.15367319115929523,-0.0801513619590225,-0.07866070957829452,0,0,1,1,264.8599853515625,209.63999938964844,0.01234560412975855,0.19871576089466905
2024-10-01,262.6700134277344,263.9800109863281,248.52999877929688,258.0199890136719,87397600,TSLA,-0.013798172234708361,-3.610015869140625,0.01583300442422954,0.02995220422255228,0.03394068572427022,258.2699951171875,-0.0009680028971316146,250.4989974975586,0.03002403838437151,237.53099822998047,0.08625817655956514,222.97340057373046,0.15717833763921352,73.9464805261485,74253580.0,1.1770153035045583,0.05987912900117436,0.014748042152831653,0.13231225936955426,-0.030772759943790473,-0.0746065636805795,0,0,0,1,264.8599853515625,210.50999450683594,0.026509559836963598,0.18413299949531622
2024-10-02,247.5500030517578,251.16000366210938,241.5,249.02000427246094,93983900,TSLA,-0.03488095932262847,-8.999984741210938,0.022146870287070113,0.033340116616812986,0.03457273549629005,256.6699981689453,-0.029804784162771547,252.68099822998047,-0.01448860018428233,239.01149826049806,0.04187457961145724,223.02620056152344,0.11655044853695085,63.77457070000304,80043500.0,1.1741603003366918,0.03879207893491179,-0.031125924376198544,0.09603876592124028,-0.032888933824148925,-0.12537145885896095,0,0,0,1,264.8599853515625,210.50999450683594,0.06360927157390343,0.15464624971851634
2024-10-03,244.47999572753906,249.7899932861328,237.80999755859375,240.66000366210938,80729200,TSLA,-0.03357160254966751,-8.360000610351562,0.025448308880665287,0.027175337155466044,0.03420873470857443,253.95799865722657,-0.05236296972502852,252.35499877929686,-0.04634342562564264,239.53599853515624,0.004692426749327128,223.51960052490233,0.07668411672602926,56.680849357099646,82760900.0,0.9754509677879288,0.0497797537822661,-0.0533396172350008,-0.013365015297261418,0.01595610520841695,-0.08933765342323507,1,0,0,1,264.8599853515625,210.50999450683594,0.10055672451260451,0.12528051481958982
2024-10-04,246.69000244140625,250.9600067138672,244.5800018310547,250.0800018310547,86573200,TSLA,0.03914235030998814,9.419998168945312,0.030774106634349385,0.028627025369493096,0.028265346423984643,251.8820007324219,-0.007154139224427869,253.53799896240236,-0.013638969880252372,241.50349884033204,0.03551295543089794,224.11620056152344,0.11584972975839714,63.9487609994583,85877920.0,1.0080961439215108,0.02551185555061939,-0.03985253000291866,0.049653732764133096,-0.036108440151872756,-0.12200093683399538,0,0,0,1,264.8599853515625,213.6699981689453,0.05910102132233929,0.14559342368649975
2024-10-07,249.0,249.8300018310547,240.6999969482422,240.8300018310547,68113300,TSLA,-0.03698816351676526,-9.25,0.032215213129255495,0.02680883374764482,0.029728305621140098,247.7220001220703,-0.027821502682924604,252.62099914550782,-0.04667465236198198,242.73149871826172,-0.007833745917805612,224.53680053710937,0.07256361208929096,57.06806822983856,83359440.0,0.8171036177786223,0.03791057930239653,-0.07950159639019383,-0.03667999267578126,-0.008553741406516546,-0.08096997820761342,0,0,0,0,264.8599853515625,216.8000030517578,0.09977985856332448,0.09977992192249463
2024-10-08,243.55999755859375,246.2100067138672,240.55999755859375,244.5,56303200,TSLA,0.015238957526229946,3.6699981689453125,0.035195151127220756,0.026658418663491158,0.028318151860097198,245.01800231933595,-0.00211413983638975,251.6439987182617,-0.028389306936185132,243.64799880981445,0.0034968528136798405,224.78480041503906,0.0877069959737451,59.13604096860135,77140560.0,0.7298780304420917,0.023108421902958844,-0.052398998485948645,-0.038423738971553933,-0.10920244150610303,-0.09656441967423957,0,0,0,1,264.8599853515625,216.8000030517578,0.08327192372827198,0.11329242105620527
2024-10-09,243.82000732421875,247.42999267578125,239.50999450683594,241.0500030517578,66289500,TSLA,-0.014110416966225725,-3.4499969482421875,0.032692303479563554,0.026325079636569063,0.028589143074240327,243.42400207519532,-0.009752526469038014,250.0470001220703,-0.0359812237936078,244.29399871826172,-0.013279064092954318,225.15340057373047,0.07060343053900153,48.23731970031961,71601680.0,0.9258092826872218,0.03285624587710437,-0.03200546576162966,-0.06213519043090676,-0.090811031373222,-0.08442234327267817,0,0,0,0,264.8599853515625,223.52999877929688,0.09877611283287249,0.07268203298341827
2024-10-10,241.80999755859375,242.7899932861328,232.33999633789062,238.77000427246094,83087100,TSLA,-0.009458613360014412,-2.279998779296875,0.029212217369964724,0.02629982948193601,0.02870557880145253,243.04600219726564,-0.01759336868801542,248.5020004272461,-0.03916264713383821,244.74199905395508,-0.024401184939972564,225.2874005126953,0.059846239643596366,50.333250735314685,72073260.0,1.1528145112348185,0.04376595368452427,-0.00785340048569938,-0.0607741203447999,-0.08041209785435621,-0.08342755711565242,0,0,0,0,264.8599853515625,223.52999877929688,0.10926825234433649,0.06382713582303103
2024-10-11,220.1300048828125,223.33999633789062,214.3800048828125,217.8000030517578,142628900,TSLA,-0.08782510719719305,-20.970001220703125,0.03891252616532028,0.034542176970192996,0.03507463304739593,236.59000244140626,-0.07942009043388032,244.23600158691406,-0.10823956486099251,244.11749954223632,-0.107806677275609,225.30620056152344,-0.03331553899119588,31.545159224739947,83284400.0,1.7125524107756074,0.0411386195111709,-0.1290786889913097,-0.16378710666846485,0.01620752401210024,0.00078052418073149,1,1,0,0,264.8599853515625,214.3800048828125,0.21606970450143378,0.01570247071177766
2024-10-14,220.1300048828125,221.91000366210938,213.74000549316406,219.16000366210938,86291900,TSLA,0.00624426350457119,1.3600006103515625,0.04079289386690165,0.034668514008850036,0.034982961325623375,232.2560028076172,-0.05638605240423222,239.98900146484374,-0.08679146825728856,243.73649978637695,-0.10083223540917208,225.53600067138672,-0.02827041798336838,29.1829642157481,86920120.0,0.992772444400675,0.03727869151499665,-0.0899804758717192,-0.16232848078616213,0.007893756609925529,-0.025141493308788565,1,0,0,0,264.8599853515625,213.74000549316406,0.20852336615175102,0.024730781522077413
2024-10-15,220.00999450683594,224.25999450683594,217.1199951171875,219.57000732421875,62988800,TSLA,0.0018707960177875016,0.410003662109375,0.03844150036665369,0.03517966544431,0.03496293116865977,227.27000427246094,-0.033880392500063916,236.14400329589844,-0.07018597017224182,243.3215003967285,-0.09761362244513394,225.94980072021485,-0.028235445995794306,27.161857452111335,88257240.0,0.7136955563079017,0.03251809970159294,-0.10196316022814422,-0.14901939123567576,0.005146375125610225,0.18631872431329555,1,1,0,0,264.8599853515625,213.74000549316406,0.2062666872368785,0.026551904342955467
2024-10-16,221.39999389648438,222.82000732421875,218.92999267578125,221.3300018310547,49632800,TSLA,0.008015641700267029,1.7599945068359375,0.04059647006757687,0.03516019920130767,0.03502114222770645,223.3260040283203,-0.008937616584105967,233.3750030517578,-0.051612216660718246,243.02800064086915,-0.08928188831162032,226.36360076904296,-0.02223678595360401,29.684990346153043,84925900.0,0.5844247750097438,0.01757563193537052,-0.08180875739905669,-0.11119589577674938,-0.01120496863065179,0.2162381973271026,0,1,0,0,264.8599853515625,213.74000549316406,0.19667457263084948,0.034292668301174146
2024-10-17,221.58999633789062,222.0800018310547,217.89999389648438,220.88999938964844,50791800,TSLA,-0.001987992760882462,-0.44000244140625,0.04104303719589832,0.03433050329730161,0.030346056073803824,219.7500030517578,0.005187696573647482,231.39800262451172,-0.04541095046492061,241.8765007019043,-0.08676535856668532,226.94620086669923,-0.026685626170089516,23.67266317714548,78466840.0,0.6473027332310056,0.018923482032325092,-0.07488379847918247,-0.08214910650553442,-0.01321924114723938,0.18841962284838054,0,1,1,0,264.8599853515625,213.74000549316406,0.1990582918348934,0.03236902492752438
2024-10-18,220.7100067138672,222.27999877929688,219.22999572753906,220.6999969482422,49611900,TSLA,-0.0008601676940163117,-0.19000244140625,0.004363142277981731,0.030325897937033237,0.030029441918550313,220.3300018310547,0.001679277057652806,228.46000213623046,-0.033966581088277215,240.9990005493164,-0.0842285800140502,227.38340087890626,-0.029392664129530455,22.407975633665615,59863440.0,0.8287512378172721,0.01381967872193985,0.013314939650369118,-0.11748242429500866,-0.031943829403002444,0.17589484640787556,0,1,1,0,264.8599853515625,213.74000549316406,0.20009057097393873,0.03153598346768604
2024-10-21,218.89999389648438,220.47999572753906,215.72999572753906,218.85000610351562,47329000,TSLA,-0.008382378207102636,-1.8499908447265625,0.005965428237431874,0.029026796390026435,0.02735246871560387,220.26800231933595,-0.006437595115447392,226.26200256347656,-0.032758467511050715,239.44150085449218,-0.08599801904637216,227.76040100097657,-0.0391217914014067,22.95263262149507,52070860.0,0.908934478900483,0.021704363114128766,-0.0014144805320942533,-0.09126768077242431,0.19022162998305592,0.17683335896800534,1,1,0,0,264.8599853515625,213.74000549316406,0.21023522031013445,0.023349328160103145
2024-10-22,217.30999755859375,218.22000122070312,215.25999450683594,217.97000122070312,43268700,TSLA,-0.004021041161846095,-0.8800048828125,0.006018799545439607,0.027845462557526002,0.026806076947996537,219.9480010986328,-0.008993034117380616,223.60900268554687,-0.025218132530977155,237.6265007019043,-0.08272014873399869,228.17000091552734,-0.044703509023521604,25.85160499740229,48126840.0,0.8990554958522106,0.013579881163876607,-0.007286997541303686,-0.10850715247156184,0.23498647031176034,0.1462586810307569,1,1,0,0,264.8599853515625,213.74000549316406,0.21512127296536296,0.01940632061223887
2024-10-23,217.1300048828125,218.72000122070312,212.11000061035156,213.64999389648438,80938900,TSLA,-0.019819274670942355,-4.32000732421875,0.007712582602388237,0.027973371943525657,0.026589600001828854,218.41199951171876,-0.02180285710437302,220.86900177001954,-0.03268456784647389,235.45800094604493,-0.09261952009249352,228.28640075683595,-0.06411423024686369,27.58505413641079,54388060.0,1.4881740587915804,0.030938454477813727,-0.03469935332324536,-0.11366939974437651,0.22869186644027617,0.16536392623616192,1,1,0,0,264.8599853515625,212.11000061035156,0.23969105040035665,0.007208019331275783
2024-10-24,244.67999267578125,262.1199951171875,242.64999389648438,260.4800109863281,204491900,TSLA,0.21919035070290427,46.83001708984375,0.10197694215430439,0.07823354573822454,0.057484789977184474,226.3300018310547,0.15088591383817018,223.04000244140624,0.1678623033316975,235.77100143432617,0.10480088476395877,229.46840087890624,0.1351454491713966,55.32459919124996,85128080.0,2.402167416438853,0.07474662315537545,0.17922953373205086,0.09092434696735974,-0.003685587884540764,-0.06772118360116075,0,0,1,1,264.8599853515625,212.11000061035156,0.016815011442333928,0.18569567082256982
2024-10-25,256.010009765625,269.489990234375,255.32000732421875,269.19000244140625,161611900,TSLA,0.03343823359841336,8.709991455078125,0.099907470566485,0.07015234765428803,0.05769704501717851,236.0280029296875,0.14050027581514413,228.1790023803711,0.17973170025816154,236.20750198364257,0.13963358564304928,230.5694009399414,0.16750098384271173,64.60049298829495,107528080.0,1.502973920858626,0.05263933571693691,0.21971004152091478,0.23595040711471515,-0.04324088763649814,-0.06593855581194397,0,0,1,1,269.489990234375,212.11000061035156,0.0011144091171589755,0.21204354290044303
2024-10-28,270.0,273.5400085449219,262.239990234375,262.510009765625,107653600,TSLA,-0.024815158866218545,-6.67999267578125,0.10230626074358813,0.07166600385756569,0.05803093312282036,244.76000366210937,0.07252004346273622,232.51400299072264,0.12900731306105118,236.2515022277832,0.11114641511368895,231.49720123291016,0.13396623530455876,58.993313136608286,119593000.0,0.900166397698862,0.043046047351244975,0.19949738379928705,0.19780071810160504,-0.04822674637592872,0.09911998798408916,0,1,1,1,273.5400085449219,212.11000061035156,0.04201744074119197,0.19199271372650412
2024-10-29,264.510009765625,264.9800109863281,255.50999450683594,259.5199890136719,80521800,TSLA,-0.01139012091242797,-2.990020751953125,0.10316276824646331,0.07216509163437852,0.05799972536659149,253.07000122070312,0.025486971043018558,236.50900115966797,0.09729434288409644,236.3265022277832,0.09814170889532159,232.23320098876954,0.11749736001882827,59.265566693075215,127043620.0,0.6338122292170201,0.03649050894107927,0.1906225056671802,0.18194644239576263,-0.04061341604625901,0.14407373701941606,0,1,1,1,273.5400085449219,212.11000061035156,0.054022888890117075,0.18268337858484837
2024-10-30,258.0400085449219,263.3500061035156,255.82000732421875,257.54998779296875,53993600,TSLA,-0.007590942139718337,-1.970001220703125,0.10154245855586617,0.0725949930934978,0.05741057243027248,261.85,-0.016421662047092833,240.13099975585936,0.072539522405767,236.75300140380858,0.08784254588472384,232.96220062255858,0.10554410588800578,59.45047183828269,121654560.0,0.4438271775427078,0.029237037997259994,0.20547622349923578,0.16364697809726425,-0.057115092806382606,0.2472141970315893,0,1,0,1,273.5400085449219,212.11000061035156,0.06208511554971101,0.17643171941884955
2024-10-31,257.989990234375,259.75,249.25,249.85000610351562,66575300,TSLA,-0.029897037679701755,-7.699981689453125,0.024954980820875047,0.07394606894663432,0.05729274235537304,259.7239990234375,-0.03801725276465828,243.0270004272461,0.028075093155388364,237.2125015258789,0.05327503608092088,233.4938006591797,0.07004984885320509,68.61424017568254,94071240.0,0.7077115173564206,0.04202521410245527,-0.04080929220849283,0.1311060111090947,0.0063638034782831365,0.4008404700818424,1,1,0,1,273.5400085449219,212.11000061035156,0.09481689758931293,0.15105064867410073
2024-11-01,252.0399932861328,254.0,246.6300048828125,248.97999572753906,57544800,TSLA,-0.003482130697311625,-0.8700103759765625,0.011378700379325236,0.07401153952297262,0.05667876437588911,255.68199768066407,-0.026212255903505288,245.8550003051758,0.012710725502772968,237.15750122070312,0.04985081410447867,234.26020050048828,0.06283523703814176,67.41821531750307,73257820.0,0.7855106799519833,0.029600752042957493,-0.07507710736124473,0.12813773978406084,0.15884811523186682,0.319342902527175,1,1,0,1,273.5400085449219,212.11000061035156,0.09864251441412604,0.1480841663983907
2024-11-04,244.55999755859375,248.89999389648438,238.8800048828125,242.83999633789062,68802400,TSLA,-0.024660613282231236,-6.1399993896484375,0.011347016090447226,0.0747418247346994,0.05630779060013428,251.74799499511718,-0.035384586309810895,248.25399932861328,-0.02180832133768018,237.25800094604492,0.023527111286397062,234.71060028076172,0.03463582832392098,62.739507642257735,65487580.0,1.0506175369436463,0.04126169150377492,-0.07493052720273874,0.10961841245290072,0.22265692694619,0.35990773848832935,1,1,0,1,273.5400085449219,212.11000061035156,0.12642074069345177,0.12654421096589444
2024-11-05,247.33999633789062,255.27999877929688,246.2100067138672,251.44000244140625,69282500,TSLA,0.03541429020427711,8.600006103515625,0.025706476446001544,0.07480216202904384,0.05674056930708382,250.13199768066406,0.005229258043235596,251.6009994506836,-0.000639890181791225,237.60500106811523,0.05822689468276332,235.4752001953125,0.06779823197029633,65.33563808283016,63239720.0,1.0955535540005554,0.036072192083052866,-0.03113435155023825,0.15355324601211273,0.277521468747034,0.23759143196912902,1,1,1,1,273.5400085449219,212.11000061035156,0.08789375552390734,0.15641903217138198
2024-11-06,284.6700134277344,289.5899963378906,275.6199951171875,288.5299987792969,165228700,TSLA,0.14751032444224466,37.089996337890625,0.0731579240570484,0.08390241006788146,0.0650997064693164,256.3279998779297,0.12562809726874402,259.08899993896483,0.11363276266945976,239.9790008544922,0.20231352639993228,237.0616000366211,0.21710980915814715,75.08529448880745,85486740.0,1.932799168619601,0.04841784660107074,0.12028737120823063,0.3504797894779845,0.21304544234834633,0.11156553071637143,1,1,1,1,289.5899963378906,212.11000061035156,0.0036737863067214933,0.2648598013803088
2024-11-07,288.8900146484375,299.75,285.5199890136719,296.9100036621094,117309200,TSLA,0.02904379065700735,8.3800048828125,0.0665561903072619,0.05294769493156041,0.06503602926354876,265.73999938964846,0.11729511682114913,262.731999206543,0.13008695004333237,242.8860008239746,0.22242534627299193,238.88480010986328,0.2429003583549907,76.64498754575315,95633520.0,1.2266535833879166,0.04792701765118772,0.18835299743437384,0.13985715271523613,0.10636215076203492,0.1408843961346251,1,1,1,1,299.75,212.11000061035156,0.00956517565208954,0.28560844028772514
2024-11-08,299.1400146484375,328.7099914550781,297.6600036621094,321.2200012207031,204782800,TSLA,0.08187665372925301,24.30999755859375,0.06456951418821157,0.05695154035754407,0.062226380846558293,280.18800048828126,0.1464445324600474,267.9349990844727,0.198872869607569,248.05700073242187,0.29494430825277096,241.1836001586914,0.3318484383239584,80.93309224690998,125081120.0,1.63719992273814,0.0966626849977346,0.29014381369102815,0.1932835480791011,0.028080409001288942,0.07714338672911936,1,1,1,1,328.7099914550781,212.11000061035156,0.02331732210295583,0.3396737444608392
2024-11-11,346.29998779296875,358.6400146484375,336.0,350.0,210521600,TSLA,0.08959591143118995,28.779998779296875,0.047913536053166145,0.05859498951707835,0.06393381855611381,301.6200012207031,0.1604004992490402,276.68399810791016,0.2649809977933588,254.5990005493164,0.37471081679365903,243.90140014648438,0.4350061122641937,84.1392101350478,153424960.0,1.372147009195896,0.06468575613839286,0.4412782296084603,0.3332824920180686,-0.11091430664062496,-0.022771432059151775,0,0,1,1,358.6400146484375,212.11000061035156,0.024685756138392856,0.393971426827567
2024-11-12,342.739990234375,345.8399963378906,323.30999755859375,328.489990234375,155726000,TSLA,-0.06145717075892854,-21.510009765625,0.07855987914715137,0.0644336381660516,0.06667272661309795,317.0299987792969,0.036147971798265344,283.5809982299805,0.15836389703365783,260.04499969482424,0.2632044093132895,246.25919982910156,0.3339196686350796,77.27013227229108,170713660.0,0.9122058539427952,0.06858656107975132,0.30643488325181645,0.26575988031915987,-0.023653655346173696,0.033943269948977894,0,1,1,1,358.6400146484375,212.11000061035156,0.09178369299031211,0.3542877807052423
2024-11-13,335.8500061035156,344.6000061035156,322.5,330.239990234375,125405600,TSLA,0.005327407385385952,1.75,0.061665677322241125,0.06382004414321825,0.06670571139740333,325.3719970703125,0.014961315687565202,290.8499984741211,0.13543060672822627,265.49049911499026,0.24388628344602337,248.47579956054688,0.3290629945388479,71.07806823079387,162749040.0,0.7705458661998866,0.06692104759278548,0.14456032867134572,0.28223648179645044,0.025738857350278588,0.06758723347944029,1,1,1,1,358.6400146484375,212.11000061035156,0.08599813848682192,0.35770952373207515
2024-11-14,327.69000244140625,329.9800109863281,310.3699951171875,311.17999267578125,120726100,TSLA,-0.05771559508909463,-19.05999755859375,0.07280709066491671,0.06709446133145837,0.06889510048979507,328.2259948730469,-0.05193373609503049,296.98299713134764,0.04780406852098218,270.0049987792969,0.15249715406247333,250.0959994506836,0.2442421844382312,61.94050678301402,163432420.0,0.7386912584418686,0.06301824130953149,0.04806166460430705,0.2454672206285875,0.11189667762637212,0.08808408094111586,1,1,0,1,358.6400146484375,212.11000061035156,0.15251630274991648,0.3183687717630703
2024-11-15,310.57000732421875,324.67999267578125,309.2200012207031,320.7200012207031,114440300,TSLA,0.030657525449785616,9.540008544921875,0.06343412634717426,0.06639744315237436,0.06876846784688521,328.12599487304686,-0.02257057888756775,304.15699768066406,0.0544554413225391,275.0059989929199,0.1662291091655792,252.29579956054687,0.27120626573783113,66.28797938283422,145363920.0,0.7872675695592138,0.04820401408155193,-0.0015565655877588513,0.2881356202273766,0.06644424257135517,0.05459593944555863,1,1,0,1,358.6400146484375,212.11000061035156,0.11823401497694483,0.3386443009384117
2024-11-18,340.7300109863281,348.54998779296875,330.010009765625,338.739990234375,126085600,TSLA,0.056186046847983784,18.019989013671875,0.052648341520696855,0.06421884878626631,0.06883497445107609,325.8739929199219,0.039481510013027465,313.7469970703125,0.07965970478583229,281.00049819946287,0.205478255038277,254.74519927978517,0.3297208002037315,70.44703714678606,128476720.0,0.9813886904958345,0.05473217973028781,-0.03217145647321429,0.3949102097788204,0.002656977150645057,-0.017269810930471752,1,0,1,1,358.6400146484375,212.11000061035156,0.058747195453048295,0.3738265137706589
2024-11-19,335.760009765625,347.3800048828125,332.75,346.0,88852500,TSLA,0.021432396454288627,7.260009765625,0.042693341742941704,0.06437641920537711,0.06852091805378512,329.37599487304686,0.0504712103666225,323.2029968261719,0.07053462807490307,287.40199813842776,0.20388863766127474,257.14179931640626,0.3455610908837736,72.22250335829821,115102020.0,0.7719456183305905,0.04228325110639451,0.05330454591061273,0.37607380146533886,0.018959530516166945,-0.002427735080608784,1,0,1,1,358.6400146484375,212.11000061035156,0.03653183424403902,0.3869653161550533
2024-11-20,345.0,346.6000061035156,334.29998779296875,342.0299987792969,66340700,TSLA,-0.011473991967350106,-3.970001220703125,0.04391268810442489,0.05167498124821738,0.06825568386607432,331.73399658203124,0.031036922062100514,328.55299682617186,0.0410192635079063,293.82099838256835,0.16407608939493912,259.41979919433595,0.31844215376589724,73.6020019578255,103289040.0,0.6422820853015964,0.03596181140381127,0.03570133507015427,0.18542266047324718,-0.010057604460671832,0.044031218350269796,0,1,1,1,358.6400146484375,238.8800048828125,0.048563038120696074,0.3015817158279277
2024-11-21,343.80999755859375,347.989990234375,335.2799987792969,339.6400146484375,58011700,TSLA,-0.006987644766217049,-2.389984130859375,0.027943067873544263,0.0521007049181791,0.051125349494872505,337.4260009765625,0.006561479155332783,332.8259979248047,0.02047321052477491,297.7789985656738,0.1405774627639882,261.6163995361328,0.2982367131825334,73.03354103532588,90746160.0,0.6392744332101766,0.037421949437360255,0.09145839270684974,0.1439156999066824,-0.004151465084492156,0.03468377773888154,0,1,1,1,358.6400146484375,238.8800048828125,0.05594158279514551,0.29666707519702007
2024-11-22,341.0899963378906,361.5299987792969,337.70001220703125,352.55999755859375,89140700,TSLA,0.038040225983177356,12.91998291015625,0.02895818241316326,0.04746240883955718,0.05122508980628492,343.79400024414065,0.025497819357603868,335.9599975585937,0.04941064448336552,301.9474983215332,0.16762019728067123,264.06179962158205,0.3351419935175608,76.9476393696871,85686240.0,1.0403152244747815,0.06759129435353822,0.09927661579166669,0.09756551964009752,-0.0557918738551364,0.015231436221844863,0,1,1,1,361.5299987792969,238.8800048828125,0.025442481514688444,0.3224415516876335
2024-11-25,360.1400146484375,361.92999267578125,338.20001220703125,338.5899963378906,95890900,TSLA,-0.039624464821427674,-13.970001220703125,0.030234912791439146,0.0405854118061114,0.05192976586688028,343.7640014648438,-0.015051038226532532,334.8189971923828,0.011262799235197019,305.75149765014646,0.10740257673347298,266.2979995727539,0.271470295988409,70.85427172374892,79647300.0,1.2039441387215888,0.0700847063569741,-0.00044279949462300294,-0.032600010463169626,0.01940402077816361,0.09126079987799818,1,1,0,1,361.92999267578125,238.8800048828125,0.0689329176595012,0.29448593441483156
2024-11-26,341.0,346.9599914550781,335.6600036621094,338.2300109863281,62295900,TSLA,-0.001063189566898104,-0.3599853515625,0.027882111299767445,0.034949782499918265,0.051714494083196866,342.2100036621094,-0.011630263970047516,335.7929992675781,0.007257482210961896,309.6869987487793,0.09216729263052859,268.50519989013674,0.2596776938574017,64.42922444015066,74335980.0,0.8380315965431545,0.03340918140296402,-0.022456615646450517,0.029650890564439036,0.05576082765856305,0.15075536935850464,1,1,0,1,361.92999267578125,238.8800048828125,0.07007060556318026,0.2937350408788283
2024-11-27,341.79998779296875,342.54998779296875,326.5899963378906,332.8900146484375,57896400,TSLA,-0.015788061864523528,-5.339996337890625,0.028227248781528387,0.03545976558206709,0.05193128766833731,340.3820068359375,-0.022010541206753942,336.05800170898436,-0.009426905606878644,313.45400009155276,0.06200595478509752,270.61900024414064,0.23010584751299312,60.633650264291525,72647120.0,0.7969538228081168,0.04794373742911257,-0.02672275579183092,0.008024541219801229,0.05566402704769091,0.17092730749697016,1,1,0,1,361.92999267578125,238.8800048828125,0.08723595406732954,0.28240561635622574
2024-11-29,336.0799865722656,345.45001220703125,334.6499938964844,345.1600036621094,37167600,TSLA,0.03685898787510977,12.269989013671875,0.03375740736898691,0.030168371041473414,0.051089956009839003,341.4860046386719,0.01075885680095423,339.4560028076172,0.016803358336028085,318.2194999694824,0.08466012829261116,272.64380035400393,0.2659741509396125,57.61741425109561,68478300.0,0.5427646422297282,0.031289889314984,0.016252469601927277,0.10919728705608622,0.036997302347270056,0.16175103134753632,1,1,1,1,361.92999267578125,238.8800048828125,0.048586130593765646,0.30791516297276006
2024-12-02,352.3800048828125,360.0,351.1499938964844,357.0899963378906,77986500,TSLA,0.034563659025395044,11.92999267578125,0.03289772350452933,0.030477412561770962,0.050976366973667434,342.3920043945312,0.042927380764485434,343.09300231933594,0.040796501018481646,323.625,0.10340670942569519,275.0206002807617,0.29841181341814504,52.526908186845354,66247460.0,1.1771998503791692,0.02478368532940209,0.012848873413507489,0.11340108187440268,0.034725122584366996,0.18953203217639336,1,1,1,1,361.92999267578125,238.8800048828125,0.01355399587646487,0.33103697294063605
2024-12-03,351.79998779296875,355.69000244140625,348.20001220703125,351.4200134277344,58267200,TSLA,-0.01587830229999254,-5.66998291015625,0.02625030558882132,0.026981664584238986,0.05061350233458508,344.9580078125,0.018732731140848724,344.3610046386719,0.020498862223001346,329.0540008544922,0.06797064468191172,277.0490005493164,0.2684399248182072,59.21255034667942,58722720.0,0.9922428661342663,0.021313499368797995,0.037892487163265764,0.037432908894476924,0.1075635602658751,0.1897444372202588,1,1,1,1,361.92999267578125,246.2100067138672,0.02990717331529593,0.299385358527688
2024-12-04,353.0,358.1000061035156,348.6000061035156,357.92999267578125,50810900,TSLA,0.018524782309774723,6.509979248046875,0.026069359144501807,0.026788002588267804,0.050480449225157306,348.89800415039065,0.025887188857341314,345.55400390625,0.035814919316891736,334.3785003662109,0.07043363219757492,279.1222003173828,0.2823415416931656,60.71512417482493,56425720.0,0.9004918324480397,0.0265415030715385,0.058244333883930244,0.034479747617864875,0.08901186411053286,0.21875791331483163,1,1,1,1,361.92999267578125,275.6199951171875,0.011175369714331999,0.22996116347576234
2024-12-05,359.8699951171875,375.42999267578125,359.5,369.489990234375,81403600,TSLA,0.03229681165351517,11.55999755859375,0.02195940016044772,0.027593894873786697,0.04065979670002841,356.21799926757814,0.03725805825108641,348.3000030517578,0.060838320404689616,338.42649993896487,0.09178799621487221,281.37160034179686,0.31317442764492265,73.95450066320812,61127160.0,1.3317091780478596,0.043113462060708416,0.10994615030610166,0.0802853303893889,0.0852526477916733,0.25313269980593756,1,1,1,1,375.42999267578125,285.5199890136719,0.016076220191075775,0.22725920441698366
2024-12-06,377.4200134277344,389.489990234375,370.79998779296875,389.2200012207031,81455800,TSLA,0.053397958017247005,19.730010986328125,0.025803280873609453,0.030392111460098806,0.04151432444423199,365.0299987792969,0.0662685327844299,353.25800170898435,0.10180094813915752,343.04199981689453,0.13461325851778216,284.07160034179685,0.37014752883565616,75.9666606202176,69984800.0,1.1639070198100159,0.0480191212753434,0.12765093606189026,0.14597804862182095,0.09133648754296808,0.23287596692509882,1,1,1,1,389.489990234375,297.6600036621094,0.000693666853771938,0.23523970317927112
2024-12-09,397.6099853515625,404.79998779296875,378.010009765625,389.7900085449219,96359200,TSLA,0.0014644862094215227,0.57000732421875,0.026827433193741857,0.02937926253974083,0.03841768899477077,371.57000122070315,0.04903519461840644,356.9810028076172,0.09190686753430954,346.47050018310546,0.125030870850253,286.65820068359375,0.3597727454347712,72.30233888267456,73659340.0,1.3081735459481445,0.06872925790825217,0.09157358800969995,0.10559907886356479,0.07262884357727484,0.12914645125412227,1,1,1,1,404.79998779296875,309.2200012207031,0.038507860435106636,0.20670105841087344
2024-12-10,392.67999267578125,409.7300109863281,390.8500061035156,400.989990234375,97563600,TSLA,0.02873337295448497,11.199981689453125,0.019050832530778702,0.023861558018596782,0.033968672098051066,381.48399658203124,0.051131879258660806,363.22100219726565,0.10398349161703213,349.0199996948242,0.1489026147068715,289.445400390625,0.3853735097991311,73.22410682064236,81518620.0,1.1968259521566975,0.04708348173922573,0.14105621453695072,0.18429367249885686,0.08788254472725288,0.08773292114548048,1,1,1,1,409.7300109863281,309.2200012207031,0.021796107047072827,0.22885855320237083
2024-12-11,409.70001220703125,424.8800048828125,402.3800048828125,424.7699890136719,104287600,TSLA,0.05930322291934931,23.779998779296875,0.02291469156923292,0.026216375371926996,0.03174994360687032,394.85199584960935,0.07577014546852556,371.875,0.14223862591911773,353.83399963378906,0.20047816053092715,292.780400390625,0.4508142910076889,79.93489725372493,92213960.0,1.1309307180821646,0.05296984387302325,0.18674041769513106,0.2558613228169213,0.09004873458413942,-0.008734118584255102,1,0,1,1,424.8800048828125,309.2200012207031,0.0002590010405303939,0.2720295472410354
2024-12-12,424.8399963378906,429.29998779296875,415.0,418.1000061035156,87752200,TSLA,-0.015702575706076027,-6.66998291015625,0.032429725496638674,0.026202206195098332,0.032373915107748265,404.5739990234375,0.03343271468934539,380.3959991455078,0.09911778000479288,358.2270004272461,0.1671370544511186,296.1620004272461,0.41172738400051534,77.53370740670852,93483680.0,0.9386900472895376,0.03420231424112507,0.13155976387426982,0.2559704037535271,0.14771580566003628,0.029897153354513817,1,1,1,1,429.29998779296875,309.2200012207031,0.02678780561098621,0.26041617625773333
2024-12-13,420.0,436.29998779296875,415.7099914550781,436.2300109863281,89000200,TSLA,0.04336284290396253,18.1300048828125,0.030521199047810917,0.026651475731749922,0.028518528285659796,413.9760009765625,0.053756763573900024,389.5029998779297,0.11996572843609088,364.47950134277346,0.19685746215965416,300.07340057373045,0.4537443510563439,78.3262454842987,94992560.0,0.9369175859667326,0.047199862043732554,0.12078004629306927,0.2638486683218684,0.008940223731206398,0.059716175267421345,1,1,1,1,436.29998779296875,309.2200012207031,0.00016041263754963924,0.291153764222805
2024-12-16,441.0899963378906,463.19000244140625,436.1499938964844,463.0199890136719,114083800,TSLA,0.06141250567967771,26.78997802734375,0.03149339673818558,0.02907532988362419,0.030057780033127774,428.6219970703125,0.08025251195336258,400.0959991455078,0.15727222967125876,371.59450073242186,0.24603563319975974,304.3322003173828,0.5214295054246523,88.76084970914071,98537480.0,1.1577706269736145,0.05839922505834505,0.1878703375238273,0.29664788642117745,-0.05798880442102183,-0.01920000073819028,0,0,1,1,463.19000244140625,326.5899963378906,0.00036718377557854186,0.294652489985163
2024-12-17,475.8999938964844,483.989990234375,457.510009765625,479.8599853515625,131223000,TSLA,0.036369912179738284,16.839996337890625,0.031272334179493426,0.024981922753013277,0.029076438205214994,444.39599609375,0.07980267502304628,412.93999633789065,0.16205741659113637,378.65050048828124,0.2672899804246094,309.112799987793,0.5523782430572672,90.01075073216194,105269360.0,1.2465450535654439,0.05518272262137011,0.1966881893263437,0.3654884952937958,-0.12253571789256357,-0.10044592831415211,0,0,1,1,483.989990234375,326.5899963378906,0.008606687385668783,0.3194056468396314
2024-12-18,466.5,488.5400085449219,427.010009765625,440.1300048828125,149340800,TSLA,-0.0827949436951747,-39.72998046875,0.058550000271490335,0.04418350954681876,0.03674959907874508,447.46799926757814,-0.016398925502553396,421.1599975585938,0.04504228187431192,383.35700073242185,0.1480943455888979,313.02540008544923,0.40605204805318174,75.36665003488056,114280000.0,1.3067973398669934,0.139799600337813,0.03616078411002399,0.22965388173404433,-0.021652690508647043,-0.05162111414501824,0,0,0,1,488.5400085449219,326.5899963378906,0.10999023725955438,0.2579692529146079
2024-12-19,451.8800048828125,456.3599853515625,420.0199890136719,436.1700134277344,118566100,TSLA,-0.008997322180141931,-3.959991455078125,0.057929727682659346,0.045013729208340715,0.0366677552993416,451.0820007324219,-0.03305826275593993,427.8279998779297,0.01949852172411548,388.0640014648437,0.12396411875696423,316.92780029296875,0.37624409415815796,72.40854414524134,120442780.0,0.9844184931633095,0.0833161272420015,0.04321934240714853,0.18046503276330395,0.059861944993356175,-0.07412251208140486,1,0,0,1,488.5400085449219,326.5899963378906,0.12006784855663691,0.25123234912158676
2024-12-20,425.510009765625,447.0799865722656,417.6400146484375,421.05999755859375,132216200,TSLA,-0.034642491239586515,-15.110015869140625,0.05715359079716968,0.04584814222065824,0.03795502025458861,448.047998046875,-0.06023461907190075,431.0119995117187,-0.023089848923926293,392.13500061035154,0.0737628543823452,320.5736001586914,0.3134581180426561,65.50788596763405,129085980.0,1.0242491090047114,0.06991871014707667,-0.03477526315402868,0.08180462524544341,0.07853989340228607,-0.09922576122535331,1,0,0,1,488.5400085449219,326.5899963378906,0.16026222243289154,0.22436232785936142
2024-12-23,431.0,434.510009765625,415.4100036621094,430.6000061035156,72698100,TSLA,0.022657123925894362,9.540008544921875,0.04760097770373981,0.045958446430015516,0.037542329380878287,441.5640014648437,-0.024829912141742017,435.09299926757814,-0.010326512197681548,396.03700103759763,0.08727216137725669,324.82960021972656,0.32561812658773137,68.84161848367734,120808840.0,0.6017614273922339,0.04435672511096995,-0.07001853846357153,0.1046973926061796,0.0024616756701552056,-0.0468184007811252,1,0,0,1,488.5400085449219,326.5899963378906,0.13455643664686237,0.24154669830780529
2024-12-24,435.8999938964844,462.7799987792969,435.1400146484375,462.2799987792969,59551800,TSLA,0.07357174228224572,31.67999267578125,0.05890612036352742,0.04990211216815349,0.03808135052550682,438.0480041503906,0.055318125865919665,441.2220001220703,0.04772653823109585,402.221501159668,0.14931697446921843,329.69200012207034,0.40215716064731644,72.17476930228491,106474600.0,0.559305223968909,0.05979056892758915,-0.03663565854399364,0.15284672943855382,-0.09706237612631274,-0.11082030613828597,0,0,1,1,488.5400085449219,326.5899963378906,0.05680542059999904,0.2935234117844406
2024-12-26,465.1600036621094,465.3299865722656,451.0199890136719,454.1300048828125,76366400,TSLA,-0.017629994630971146,-8.149993896484375,0.04264267256508917,0.04829528595132458,0.03865663388149113,440.84800415039064,0.030128299566693384,444.1580017089844,0.02245147703172945,408.01650085449216,0.11301872334022445,334.38320007324216,0.35811250320991417,68.25082696760646,91879720.0,0.8311562116210193,0.031510795157185044,0.03180878341554472,0.06911979807546054,-0.11073923326845392,-0.13161433705899606,0,0,1,1,488.5400085449219,326.5899963378906,0.07577126217632067,0.2808447078449119
2024-12-27,449.5199890136719,450.0,426.5,431.6600036621094,82666800,TSLA,-0.04947922616674816,-22.470001220703125,0.04969697901749434,0.0512116610861797,0.040770619565120354,439.9460021972656,-0.018834126219519298,445.5140014648438,-0.03109666083935103,412.95500030517576,0.04529550034049845,338.5898001098633,0.27487598126714774,59.04441530244565,84699860.0,0.975996890667824,0.054440994765859986,-0.01034002711507409,0.032432426119688884,-0.12134551368769853,-0.08506695294717748,0,0,0,1,488.5400085449219,334.6499938964844,0.13177038502584196,0.22473708229303901
2024-12-30,419.3999938964844,427.0,415.75,417.4100036621094,64941000,TSLA,-0.03301209257078741,-14.25,0.04942652396919542,0.05044178391021921,0.04168043311034362,439.21600341796875,-0.04964755288096423,443.6320007324219,-0.05910754189738532,416.56750030517577,0.0020224894076383837,342.5202001953125,0.21864346518568278,55.56182103592152,71244820.0,0.9115189006021771,0.02695191754222259,-0.008668583854196332,-0.04314239472352255,-0.016698213170629472,-0.054311140674255576,0,0,0,1,488.5400085449219,348.20001220703125,0.17040800234484021,0.1658081762484618
2024-12-31,423.7900085449219,427.92999267578125,402.5400085449219,403.8399963378906,76825100,TSLA,-0.03251001941775111,-13.57000732421875,0.049043104427477745,0.04557202578731696,0.0423252726212481,433.86400146484374,-0.06920142031969434,437.71400146484376,-0.07738844316972082,418.9050003051758,-0.035962817240926204,346.1830001831055,0.16655062820614752,50.56847780843158,72070220.0,1.0659756554094049,0.06287139550589664,-0.062145864807981344,-0.1278130406461433,0.017853584390996158,-0.0013123979400332386,1,0,0,0,488.5400085449219,348.20001220703125,0.20973656144787411,0.13777729951321047
2025-01-02,390.1000061035156,392.7300109863281,373.0400085449219,379.2799987792969,109710700,TSLA,-0.06081615932376483,-24.55999755859375,0.01673266973136068,0.0443025394893203,0.044729480348538214,417.2640014648438,-0.09103110393468061,427.6560028076172,-0.11311896409900846,420.2979995727539,-0.09759266243273368,349.39160003662107,0.08554412510072673,40.95446429351641,82102000.0,1.3362731723953132,0.05191415973628461,-0.17954486505834333,-0.20960277923273207,0.039759509124657644,0.04503265826628655,1,1,0,0,488.5400085449219,348.6000061035156,0.28807216335497676,0.08089008852173601
2025-01-03,381.4800109863281,411.8800048828125,379.45001220703125,410.44000244140625,95423300,TSLA,0.08215567328200035,31.160003662109375,0.057637977639386086,0.04968396689428524,0.047908908180635985,408.5260009765625,0.004685139893833901,424.68700256347654,-0.03354705944866032,422.92350006103516,-0.029517152907859945,353.24100006103515,0.16192628367173656,48.612016300374215,85913380.0,1.1106919550831313,0.07901274847207639,-0.09620593656365073,-0.06745734694754879,-0.037764350228539856,0.04331936135254044,0,1,1,0,488.5400085449219,359.5,0.190283611828662,0.12411071566709281
2025-01-06,423.20001220703125,426.42999267578125,401.70001220703125,411.04998779296875,85516500,TSLA,0.0014861742226248698,0.6099853515625,0.055300251578053766,0.04972124258997206,0.047579290669916,404.40399780273435,0.01643403632591256,422.175,-0.02635166034708658,425.00149993896486,-0.03282697154715852,357.18899993896486,0.15079128378311601,45.12808067638927,86483320.0,0.98882073444914,0.06016295147344856,-0.047745947491752205,-0.057592280215126634,-0.03967886642246665,0.006738887272866645,0,1,1,0,488.5400085449219,370.79998779296875,0.18851726810166478,0.09791996398324306
2025-01-07,405.8299865722656,414.3299865722656,390.0,394.3599853515625,75699500,TSLA,-0.040603340073111505,-16.69000244140625,0.05623640104863367,0.05015233237149741,0.04733630333555034,399.793994140625,-0.013592022063120601,419.5049987792969,-0.05993972300902972,425.2584991455078,-0.07265819226665937,359.86659942626954,0.09585047898383814,36.17509462084621,88635020.0,0.8540585876778727,0.06169486630489659,-0.055221528253562635,-0.06341141965953612,0.022695031289882373,0.08149917801570417,1,1,0,0,488.5400085449219,373.0400085449219,0.23881739195572832,0.054062221316988776
2025-01-08,392.95001220703125,402.5,387.3999938964844,394.94000244140625,73038800,TSLA,0.0014707807875757872,0.58001708984375,0.054881645869327936,0.04927436124220636,0.047336301593089596,398.0139953613281,-0.0077233287164467646,415.9389984130859,-0.05048575885357287,425.51599884033203,-0.0718562791581403,362.38159942626953,0.08984562976344246,31.703011332507998,87877760.0,0.8311408938962486,0.03823367096311263,-0.022038416147958317,-0.08281468452542651,0.0035954395639294923,0.07375805110330469,1,1,0,0,488.5400085449219,373.0400085449219,0.2369980390056898,0.055451445184344125
2025-01-10,391.3999938964844,399.2799987792969,377.2900085449219,394.739990234375,62287300,TSLA,-0.0005064369418008585,-0.20001220703125,0.04476484134263858,0.040515785105666266,0.046907568902297685,401.1059936523437,-0.015871125135782482,409.18499755859375,-0.03530189867762756,425.20349884033203,-0.07164453888324274,365.02619903564454,0.08140180424646437,38.21222465549839,78393080.0,0.7945509986340631,0.05570753097834995,0.04076142033546648,-0.14610194843659463,0.0848153514075165,0.051603576078250724,1,1,0,0,488.5400085449219,373.0400085449219,0.23762481793358092,0.05497284852383176
2025-01-13,383.2099914550781,403.7900085449219,380.07000732421875,403.30999755859375,67580500,TSLA,0.021710512074366584,8.57000732421875,0.022751571576354775,0.042104852241580615,0.04513666310986804,399.67999267578125,0.00908227819588947,404.1029968261719,-0.0019623691826250456,424.1304992675781,-0.0490898479240206,367.901999206543,0.09624301696760407,41.66581912835909,72824520.0,0.9279910118185468,0.05881332316156391,-0.017371613001660013,-0.11190629726686474,0.026059383177323925,0.02248892261318436,1,1,1,0,488.5400085449219,373.0400085449219,0.21132630359341817,0.07505390195360626
2025-01-14,414.3399963378906,422.6400146484375,394.5400085449219,396.3599853515625,84565000,TSLA,-0.017232432245921525,-6.95001220703125,0.023302875073869085,0.04001422751473434,0.045163064767949825,396.7419921875,-0.0009628596000923473,400.5729949951172,-0.010517457981924272,423.04349822998046,-0.0630751045461333,370.67819915771486,0.0692832388098461,43.46491512794998,72634220.0,1.1642583895029093,0.07089516384604652,-0.035737751800652195,-0.08177736647145717,0.07604202180425457,0.02578464425877458,1,1,0,0,488.5400085449219,373.0400085449219,0.23256642093070456,0.05883534581816155
2025-01-15,409.8999938964844,429.79998779296875,405.6600036621094,428.2200012207031,81375500,TSLA,0.08038151439752794,31.860015869140625,0.03794325011696405,0.047447666082647805,0.04778936388862554,403.5139953613281,0.061227134977690056,401.65399475097655,0.06614152184941502,422.6429977416992,0.013195542121372972,374.24559906005857,0.1442218754107054,49.436818662368495,73769420.0,1.103106138017623,0.05637285521938456,0.08586067838235478,0.025897792251630802,-0.009691265902233015,-0.07255617961713412,0,0,1,1,488.5400085449219,373.0400085449219,0.14086219035137976,0.12885898024025663
2025-01-16,423.489990234375,424.0,409.1300048828125,413.82000732421875,68335200,TSLA,-0.03362756026209679,-14.399993896484375,0.0442886637904929,0.04754326491968588,0.04607131772089718,407.2899963378906,0.016032829298637585,402.65199584960936,0.027736138376874386,420.18299865722656,-0.015143381225185104,377.5423992919922,0.09608883161270954,37.51160216614664,72828700.0,0.9383004227728904,0.035933485220634075,0.047804741900292935,0.02471278495649032,0.003117244223363791,-0.03801172178222889,1,0,1,0,488.5400085449219,373.0400085449219,0.18056159658361243,0.09854525653068934
2025-01-17,421.5,439.739990234375,419.75,426.5,94991400,TSLA,0.030641323404759335,12.67999267578125,0.04460533906466532,0.04231827382688227,0.04582030606872612,413.6419982910156,0.031084855411461776,407.3739959716797,0.046949496574273164,417.51499938964844,0.021520186396863483,381.21559936523437,0.1187894742769422,43.042055379515304,79369520.0,1.1968246752657696,0.04686984814624853,0.08045804973235082,0.12449905445232945,-0.03310667084920871,-0.08769048979246041,0,0,1,1,488.5400085449219,373.0400085449219,0.1454630915472963,0.12534581818306711
2025-01-21,432.6400146484375,433.20001220703125,406.30999755859375,424.07000732421875,87320900,TSLA,-0.00569752092797482,-2.42999267578125,0.045461564865790366,0.0347056524648786,0.04200539047157404,417.79400024414065,0.015021774071457994,408.73699645996095,0.037513146588284974,416.7119995117188,0.017657297656707094,384.66819946289064,0.10243063480772396,47.87407018511417,83317600.0,1.0480486715891961,0.06340937624451944,0.05147407674318538,0.03320827600072507,-0.04124323920550532,-0.05609924808177591,0,0,1,1,465.3299865722656,373.0400085449219,0.0972952072427559,0.12033390218111409
2025-01-22,416.80999755859375,428.0,414.5899963378906,415.1099853515625,60963300,TSLA,-0.021128638710367298,-8.96002197265625,0.04609318102338928,0.03559866597434002,0.04221350844455621,421.54400024414065,-0.015262973470982488,409.1429962158203,0.014584116533659763,415.6589981079102,-0.0013208249041806175,387.1997991943359,0.07208212973069861,49.33609932920196,78597260.0,0.7756415427204459,0.032304700285039525,0.04730548161507575,0.00987713825365355,-0.04326562137470036,-0.02531854115517318,0,0,0,0,465.3299865722656,373.0400085449219,0.12097998841962594,0.10134657871698984
2025-01-23,416.05999755859375,420.7300109863281,408.95001220703125,412.3800048828125,50690600,TSLA,-0.006576523247056931,-2.72998046875,0.024119517976445796,0.03262474141053185,0.04151947962503786,418.3760009765625,-0.01433159664931627,410.9449981689453,0.0034919678308804603,415.2249984741211,-0.006851691496811196,389.50919921875,0.05871698463074848,52.6296362492668,72460280.0,0.6995639542104999,0.028565882535076935,-0.03699032341491859,0.045694340705448644,-0.03465252528182772,-0.06959603246327872,0,0,0,0,465.3299865722656,373.0400085449219,0.128400943456267,0.09539743894486352
2025-01-24,414.45001220703125,418.8800048828125,405.7799987792969,406.5799865722656,56427100,TSLA,-0.014064741844588391,-5.800018310546875,0.020013844598712333,0.03317375478502944,0.04126493261620397,416.92799682617186,-0.024819657908990433,412.10899658203124,-0.013416377840868243,414.0239974975586,-0.017979660527616792,391.2163989257813,0.03927132832026037,59.50423935359366,70078660.0,0.8051966176293897,0.032219997383435464,-0.017495579294890762,0.029472790952813854,-0.04299272233273854,-0.03534358697371198,0,0,0,0,465.3299865722656,373.0400085449219,0.1444980125443478,0.08249293899118752
2025-01-27,394.79998779296875,406.69000244140625,389.0,397.1499938964844,58125500,TSLA,-0.023193450212053546,-9.42999267578125,0.008051289071881589,0.034228817160450155,0.03742276429709788,411.05799560546876,-0.03383464585939644,412.34999694824216,-0.03686189684552288,410.76749725341796,-0.033151365305158054,392.1593988037109,0.012725935188592663,44.548361793278225,62705480.0,0.9269604506655559,0.04454237117782024,-0.06881595803872365,0.006105293919368204,0.007881165632419362,-0.04779045892091105,1,0,0,0,465.3299865722656,373.0400085449219,0.17167315554221588,0.06070750528035177
2025-01-28,396.9100036621094,400.5899963378906,386.5,398.0899963378906,48910700,TSLA,0.0023668700890153715,0.94000244140625,0.010575457930140504,0.03347424127089444,0.03738844113221526,405.86199340820315,-0.019149359133255217,411.8279968261719,-0.03335858803713132,407.9654968261719,-0.02420670513832468,393.55139892578126,0.01153241336328037,44.69809161610994,55023440.0,0.8889066187065003,0.03539399750686356,-0.06126349550220689,-0.012942900628057807,0.016353110667215676,-0.05971008875464534,1,0,0,0,450.0,373.0400085449219,0.13039765917164425,0.0629254390298892
2025-01-29,395.2099914550781,398.5899963378906,384.4800109863281,389.1000061035156,68033600,TSLA,-0.02258280870425211,-8.989990234375,0.010886824874768084,0.03380694599907612,0.03620384118957584,400.6599975585938,-0.028852372399337356,411.1019989013672,-0.05351954711154394,405.8374969482422,-0.04124185411793313,394.72859924316407,-0.014259400384062593,47.70346797534398,56437500.0,1.2054679955703211,0.036263133205422515,-0.0626580428462078,-0.018316630125030042,-0.01392961537577675,-0.07062454524613238,0,0,0,0,439.739990234375,373.0400085449219,0.13014644907866485,0.04127472964963452
2025-01-30,410.7799987792969,412.5,384.4100036621094,400.2799987792969,98092900,TSLA,0.028732954254456988,11.17999267578125,0.021861553208214042,0.021716771353453526,0.036283081749497695,398.2399963378906,0.005122545349953711,408.30799865722656,-0.019661627752409427,404.9809967041016,-0.01160794694828482,396.5105993652344,0.009506427873799295,52.133949506004114,65917960.0,1.4881058212359728,0.07017586795132039,-0.029341883603095975,-0.0652468412539331,-0.0201609057380564,-0.12378831803756751,0,0,1,0,439.739990234375,373.0400085449219,0.09858097225795999,0.06805233915620741
2025-01-31,401.5299987792969,419.989990234375,401.3399963378906,404.6000061035156,83283600,TSLA,0.010792463618949588,4.32000732421875,0.022319074470120163,0.020032002499199904,0.03561988481444489,397.8440002441406,0.016981545166520284,407.38599853515626,-0.006838704426902931,405.0189971923828,-0.0010344973736334806,398.1881994628906,0.016102452682610346,53.81461400724498,71289260.0,1.1682489059361816,0.04609489277099228,-0.004869842427421278,-0.022280221007969447,-0.06532375748165264,-0.18808701175364217,0,0,1,0,439.739990234375,373.0400085449219,0.08685117054068685,0.07800295868141738
2025-02-03,386.67999267578125,389.1700134277344,374.3599853515625,383.67999267578125,93732100,TSLA,-0.05170542044525339,-20.920013427734375,0.0313097283463432,0.0219264170830285,0.03484171205814114,395.15,-0.029026970325746526,403.1039978027344,-0.04818608903119492,405.238996887207,-0.05320071458331643,399.0869995117188,-0.03860563449771082,43.0680128682897,78410580.0,1.1954011818303092,0.038599948808607024,-0.03391665977014724,-0.10039861037331477,-0.024395291728104063,-0.12294095029869334,0,0,0,0,439.739990234375,374.3599853515625,0.14611133921170028,0.024291095449676937
2025-02-04,382.6300048828125,394.0,381.3999938964844,392.2099914550781,57072200,TSLA,0.022232065633156273,8.529998779296875,0.03386869686226387,0.024235817308029393,0.02970633750239488,393.9739990234375,-0.004477472048236453,399.9179962158203,-0.01927396324666142,404.32749633789064,-0.029969529632696723,400.0111993408203,-0.01950247367723168,48.550676291380285,80042880.0,0.7130203211078862,0.03212566323660006,-0.014770541678775784,-0.07512914216727984,-0.0779939241843467,-0.09247594350952704,0,0,0,0,439.739990234375,374.3599853515625,0.12118507894957779,0.04551134976774318
2025-02-05,387.510009765625,388.3900146484375,375.5299987792969,378.1700134277344,57223300,TSLA,-0.035797094243459227,-14.03997802734375,0.03625826046245737,0.02555923339094316,0.030640743226520707,391.7880004882812,-0.03475856086346418,396.2239990234375,-0.04556509863158287,402.6834976196289,-0.060875313582007595,400.73399963378904,-0.056306642877007596,30.035900462279926,77880820.0,0.7347547188126679,0.03400591113128562,-0.028090445911926998,-0.08898839639461609,-0.07255996368588291,-0.059047561406163296,0,0,0,0,439.739990234375,374.3599853515625,0.1628103091743582,0.010074907953800373
2025-02-06,373.0299987792969,375.3999938964844,363.17999267578125,374.32000732421875,77918200,TSLA,-0.010180622383618276,-3.850006103515625,0.03095610776586242,0.025546990809109472,0.029445124218626047,386.59600219726565,-0.0317540657515204,392.4179992675781,-0.04611916878720668,401.6814987182617,-0.06811738026608549,401.4275994873047,-0.06752797315806691,32.79616541805099,73845880.0,1.0551462045005084,0.032645867123310676,-0.06485458062917537,-0.09229350867632247,-0.12240865149516722,-0.0539912950876581,0,0,0,0,439.739990234375,363.17999267578125,0.17477020097804302,0.029760671164949334
2025-02-07,370.19000244140625,380.54998779296875,360.3399963378906,361.6199951171875,70298300,TSLA,-0.0339282217314959,-12.70001220703125,0.02877129884576288,0.026701313306989626,0.030265463332259213,378.0,-0.04333334625082674,387.9220001220703,-0.0678023030315531,400.01549835205077,-0.09598503906234068,401.6087994384766,-0.09957153423231968,21.747082065754455,71248820.0,0.9866591474778109,0.05588737273371409,-0.10622839925348848,-0.11058092611522807,-0.06943749153977308,-0.0029312470906102117,0,0,0,0,439.739990234375,360.3399963378906,0.2160278639787928,0.0035396239051495903
2025-02-10,356.2099914550781,362.70001220703125,350.510009765625,350.7300109863281,77514900,TSLA,-0.030114441341470455,-10.889984130859375,0.024474415011083626,0.02712935231718945,0.03080650842532973,371.4100036621094,-0.05567968679323698,383.2800018310547,-0.08492483481847357,397.81499938964845,-0.11835900726609339,401.85159973144533,-0.1272150932814039,20.254705927930686,68005380.0,1.139834818951089,0.03475608604785586,-0.08587881129704,-0.11688274864296089,0.01485470673133027,0.010463840547421333,1,1,0,0,439.739990234375,350.510009765625,0.2537848956744012,0.0006272665977012754
2025-02-11,345.79998779296875,349.3699951171875,325.1000061035156,328.5,118543400,TSLA,-0.06338211812502892,-22.230010986328125,0.01901767916429079,0.030953396971702317,0.032677384394838305,358.6680053710937,-0.08411122519802283,376.3210021972656,-0.12707502881329513,394.0744995117187,-0.16640127588303566,401.65699951171877,-0.1821379923682479,18.286344527955265,80299620.0,1.476263524036602,0.07388124509489155,-0.16243847133704437,-0.1748097088046997,0.08322677728429406,0.028310465123192463,1,1,0,0,439.739990234375,325.1000061035156,0.3386301072583714,0.010350057523544521
2025-02-12,329.94000244140625,346.3999938964844,329.1199951171875,336.510009765625,105382700,TSLA,0.0243835913717656,8.010009765625,0.032440967747094866,0.03372030394357306,0.03348766039888616,350.33600463867185,-0.03946495561398733,371.06200256347654,-0.09311649416849366,391.0820007324219,-0.13954104475428164,401.7293994140625,-0.16234656896797317,23.253195383482606,89931500.0,1.171810767083836,0.05135062339254686,-0.11016210218389066,-0.1351580455228768,0.05230149200671819,-0.017770677878179986,1,0,0,0,439.739990234375,325.1000061035156,0.30676644816791154,0.03390687745085592
2025-02-13,345.0,358.69000244140625,342.8500061035156,355.94000244140625,89441500,TSLA,0.05773971683431944,19.42999267578125,0.04897266186973815,0.03867798504080941,0.03061555206763232,346.6600036621094,0.026769741767908473,366.6280029296875,-0.02915216623627903,387.468000793457,-0.08136929575471452,401.94499938964844,-0.1144559504860132,33.71285638932628,92236160.0,0.969701036990265,0.044501871745922,-0.049102384385488085,-0.11077245046744999,0.01297970187531261,-0.14929486510071388,1,0,1,0,439.739990234375,325.1000061035156,0.23543290222560373,0.08664380549069477
2025-02-14,360.6199951171875,362.0,347.5,355.8399963378906,68277300,TSLA,-0.0002809633725618932,-0.100006103515625,0.04697212391485787,0.03813964304864085,0.030093241984681687,345.50400390625,0.029915695085389604,361.752001953125,-0.016342703242318013,384.5690002441406,-0.07470441946181727,401.9199993896484,-0.11464968929571662,35.86532670284865,91831960.0,0.7435025888590421,0.04074865149849938,-0.015983626064216327,-0.12051411030663683,-0.004046769492541458,-0.1827788028728582,0,0,1,0,439.739990234375,325.1000061035156,0.2357801111733839,0.08638711373295317
2025-02-18,355.010009765625,359.1000061035156,350.0199890136719,354.1099853515625,51631700,TSLA,-0.004861766535893763,-1.730010986328125,0.04453217773913841,0.035522098249413284,0.028768541066398888,346.17999877929685,0.022907119418303923,358.7950012207031,-0.01305763974749119,380.9494995117187,-0.07045425757103685,401.973798828125,-0.11907197338756892,35.032668470330435,86655320.0,0.5958283923018229,0.025641799060902096,0.009636969347815993,-0.07706945342132054,-0.04605912917818766,-0.2037784195011908,0,0,1,0,433.20001220703125,325.1000061035156,0.2233487620433739,0.08192364081246
2025-02-19,354.0,367.3399963378906,353.6700134277344,360.55999755859375,67094400,TSLA,0.018214714280444966,6.45001220703125,0.02485707752870451,0.03517047846197932,0.0293970199662302,352.5919982910156,0.02259835534044563,355.6300018310547,0.013862710407321233,377.7739990234375,-0.04556693025285674,402.0263989257812,-0.10314347883120645,40.11635907077612,76365520.0,0.8785954708355289,0.037913198920339945,0.0975951219439688,-0.08069655181160629,-0.08328710612002033,-0.1874306274402594,0,0,1,0,428.0,325.1000061035156,0.18704238655994204,0.0983469927201661
2025-02-20,361.510009765625,362.29998779296875,348.0,354.3999938964844,45965400,TSLA,-0.01708454543992588,-6.160003662109375,0.029171590075927296,0.03399475125260233,0.02931333928006577,356.1699951171875,-0.0049695405142725635,353.2529998779297,0.0032469477087271326,374.7384994506836,-0.054273861863706974,401.72459899902344,-0.11780360281759616,33.53903931852274,64482060.0,0.7128401294871783,0.040349853383873334,0.053163304542766854,-0.06285537902859739,-0.1455982138605435,-0.19681151580485934,0,0,0,0,420.7300109863281,325.1000061035156,0.18716145099375447,0.08267491054620868
2025-02-21,353.44000244140625,354.9800109863281,334.4200134277344,337.79998779296875,74058600,TSLA,-0.046839747148427646,-16.600006103515625,0.02410468671345688,0.03639369802866562,0.030603344489904514,352.5419921875,-0.04181630762071231,349.6009979248047,-0.0337556534503205,371.0094985961914,-0.08951121448070543,400.6961987304687,-0.15696732621066756,27.974149823875962,61405480.0,1.2060584820768439,0.06086441178676,-0.05096368636291071,-0.0975636322309057,-0.13913558821324,-0.1946713487993076,0,0,0,0,419.989990234375,325.1000061035156,0.24330966670069554,0.03759615792892421
2025-02-24,338.1400146484375,342.3999938964844,324.70001220703125,330.5299987792969,76052300,TSLA,-0.021521578674915554,-7.269989013671875,0.023795780194977627,0.03567719793715013,0.030707416684525025,347.47999267578126,-0.04877976935005779,346.49199829101565,-0.04606744049053746,367.20699920654295,-0.09988099493336822,399.51099853515626,-0.17266358125003956,30.741363177260027,62960480.0,1.2079371059432837,0.053550303315348526,-0.07112746689262117,-0.085974218123131,-0.14697602865603643,-0.15559856250785375,0,0,0,0,419.989990234375,324.70001220703125,0.2706561939475055,0.01763829786644707
2025-02-25,327.0199890136719,328.8900146484375,297.25,302.79998779296875,134228800,TSLA,-0.0838955952220366,-27.730010986328125,0.0379190243217646,0.04268399205283597,0.0348201130572239,337.2179931640625,-0.10206455784922708,341.69899597167966,-0.11383998383751437,362.4894989013672,-0.16466549041918555,397.5471984863281,-0.2383294639079636,21.559900466005004,79479900.0,1.6888395682430402,0.10449146606330281,-0.14489847697362412,-0.13665788980694826,-0.03243057200304367,-0.1299536894725437,0,0,0,0,419.989990234375,297.25,0.3870211597284863,0.018328890411856303
2025-02-26,303.7099914550781,309.0,288.0400085449219,290.79998779296875,100118300,TSLA,-0.039630120487999076,-12.0,0.02657166945076541,0.04020428493509026,0.035116952770662714,323.2659912109375,-0.10043123712566482,337.9289947509766,-0.13946422973482253,357.12499847412107,-0.1857193166665384,394.86779846191405,-0.2635510190355086,21.84337908444151,86084680.0,1.1630211089824578,0.07207700252725016,-0.19347684223979522,-0.11476411630755323,-0.021148535607445673,-0.09673306583926389,0,0,0,0,419.989990234375,288.0400085449219,0.44425724850229836,0.009490988183987841
2025-02-27,291.1600036621094,297.2300109863281,280.8800048828125,281.95001220703125,101748200,TSLA,-0.030433204805490277,-8.8499755859375,0.024016032027794402,0.03848697134323909,0.03524996340207161,308.7759948730469,-0.08687845917894343,332.4729949951172,-0.15196116240607127,351.7674987792969,-0.19847622880040416,392.14479858398437,-0.2810053500004618,21.161417097768293,97241240.0,1.0463482366123673,0.05798902427963041,-0.20442997442775024,-0.16213484287315583,-0.03514808736675146,-0.21209439872851188,0,0,0,0,419.989990234375,280.8800048828125,0.4895902537715915,0.0037950249260250476
2025-02-28,279.5,293.8800048828125,273.6000061035156,292.9800109863281,115697000,TSLA,0.03912040539724382,11.029998779296875,0.044187008083636445,0.034745532980952856,0.03600259008010662,299.81199951171874,-0.022787575335601495,326.1769958496094,-0.10177598446760916,346.4024993896484,-0.15422085145877773,389.27979858398436,-0.24737936041877662,28.344277078331075,105568920.0,1.0959380848075362,0.06921973519976159,-0.13268199652544077,-0.1768837192314241,-0.047375262346686875,-0.21298384468346998,0,0,0,0,419.989990234375,273.6000061035156,0.4335107327645427,0.06614787410775565
2025-03-03,300.3399963378906,303.94000244140625,277.29998779296875,284.6499938964844,115551400,TSLA,-0.02843203214376444,-8.33001708984375,0.04407009737339354,0.03422194871152291,0.03559780774236843,290.63599853515626,-0.02059622575607334,319.05799560546876,-0.10784246808699827,340.4049987792969,-0.16379020602738414,385.71239868164065,-0.2620149238929993,28.809646464369692,113468740.0,1.0183544824768478,0.09358867106853123,-0.13880738526685965,-0.2000618344594609,-0.07447736569129415,-0.1284384273406629,0,0,0,0,394.0,273.6000061035156,0.3841560107086522,0.03881956096927647
2025-03-04,270.92999267578125,284.3500061035156,261.8399963378906,272.0400085449219,126706600,TSLA,-0.04429996705409467,-12.6099853515625,0.034089229552950635,0.03435901879770659,0.03525268646750669,284.4840026855469,-0.04374233356938506,310.8509979248047,-0.12485399641300576,334.82299957275393,-0.18751098672416588,381.5559991455078,-0.28702468535639936,30.704038144673333,111964300.0,1.1316696482718152,0.08274521783036898,-0.10158514031737076,-0.2317640851758559,-0.034443445165677655,-0.11527721983570716,0,0,0,0,394.0,261.8399963378906,0.448316378562894,0.037494529799453835
2025-03-05,272.9200134277344,279.54998779296875,267.7099914550781,279.1000061035156,94042900,TSLA,0.025952056083059283,7.05999755859375,0.03745247459897807,0.03551982831542726,0.035476621842460504,282.1440063476563,-0.010788817680535301,302.7049987792969,-0.07798018787589212,329.1675003051758,-0.15210339464024214,378.33539916992186,-0.2622947609029749,30.25111756059266,110749220.0,0.8491518044099995,0.04242205689346807,-0.04023377641192605,-0.2259263146401599,-0.20404876732933142,-0.10433539856382601,0,0,0,0,388.3900146484375,261.8399963378906,0.39158010087748696,0.06184166746031321
2025-03-06,272.05999755859375,272.6499938964844,260.0199890136719,263.45001220703125,98451600,TSLA,-0.056073068986891905,-15.649993896484375,0.04273933463549961,0.03671010460692546,0.03634332260331826,278.4440063476562,-0.053849225692809366,293.61000061035156,-0.10272125724813264,323.43150024414064,-0.18545345147838932,374.8809991455078,-0.2972436244900887,17.334186109577004,110089900.0,0.8942836717991387,0.047940802040605926,-0.06561446781004487,-0.25663087826129716,-0.12476754166990045,-0.0965648757693105,0,0,0,0,380.54998779296875,260.0199890136719,0.4444865065859815,0.013019635735161414
2025-03-07,259.32000732421875,266.25,250.72999572753906,262.6700134277344,102369600,TSLA,-0.0029607088371812473,-0.779998779296875,0.03300766161968141,0.03691024808819127,0.03645321553986148,272.3820068359375,-0.03565578182281659,286.0970031738281,-0.08188477854086385,317.84900054931643,-0.1736012604293864,371.7131994628906,-0.2933530103120333,17.25132410890818,107424420.0,0.9529453358929003,0.059085557844732024,-0.10345414848116774,-0.22240964203728786,-0.055506972035294755,-0.14223175071112215,0,0,0,0,380.54998779296875,250.72999572753906,0.4487759102264844,0.04545634099752404
2025-03-10,252.5399932861328,253.3699951171875,220.0,222.14999389648438,189076900,TSLA,-0.1542620682219512,-40.52001953125,0.06865488114015939,0.05518015662629243,0.04762701863276674,259.8820068359375,-0.14518901634953585,275.2590026855469,-0.19294195020292837,310.87550048828126,-0.2854052714107057,367.54419921875,-0.3955829139225018,13.555019546319073,122129520.0,1.5481670606746019,0.15021380163862158,-0.21956789509972274,-0.32789763495924173,0.08341210573218083,0.06171508931148417,1,1,0,0,367.3399963378906,220.0,0.6535674383545592,0.009678118188408375
2025-03-11,225.30999755859375,237.05999755859375,217.02000427246094,230.5800018310547,174896400,TSLA,0.037947369642955975,8.430007934570312,0.0784209706510511,0.05720988881585468,0.04948235240595513,251.59000549316406,-0.08350889623348023,268.0370040893555,-0.13974563842615462,304.8680000305176,-0.24367266552090283,362.91019927978516,-0.3646362039737292,14.490221644285796,131767480.0,1.3273108053671512,0.08691123743166616,-0.15240407811934364,-0.23850722877602137,0.08413563076774833,0.024633500870309577,1,1,0,0,367.3399963378906,217.02000427246094,0.5931129908093227,0.05880821168753881
2025-03-12,247.22000122070312,251.83999633789062,241.10000610351562,248.08999633789062,142215700,TSLA,0.0759389121683911,17.509994506835938,0.08969393723437125,0.06512102935922316,0.05268693192146863,245.38800354003905,0.011011103879863038,263.76600494384763,-0.059431497282199874,300.8474998474121,-0.1753629448018672,358.7893991088867,-0.3085358793931384,22.65267267859464,141402040.0,1.005754230985635,0.04329070253903941,-0.1111071626208553,-0.14687067829413025,-0.040630424361512985,0.0024991349313905342,0,1,1,0,367.3399963378906,217.02000427246094,0.48067234374732837,0.12523677908847786
2025-03-13,248.1300048828125,248.2899932861328,232.60000610351562,240.67999267578125,114813500,TSLA,-0.02986820819658198,-7.410003662109375,0.08779606607455295,0.06510518995754735,0.05207762370526902,240.83399963378906,-0.0006394734889675346,259.63900299072264,-0.0730206559744756,296.0559989929199,-0.18704571603179354,354.96979888916013,-0.32197050726860865,23.77686603346288,144674420.0,0.793599172542043,0.06519024289548274,-0.0864301327621737,-0.14637353340827697,-0.0638607095933077,0.15668116636290264,0,1,0,0,367.3399963378906,217.02000427246094,0.526258964253553,0.09830475786656916
2025-03-14,247.30999755859375,251.5800018310547,240.72999572753906,249.97999572753906,100242300,TSLA,0.038640532386444715,9.300003051757812,0.09108917577759497,0.06506209933394837,0.05082836841446508,238.29599609375,0.04903145594268543,255.33900146484376,-0.020987807215352317,290.75799865722655,-0.14024722662147815,351.62119873046873,-0.2890644914752184,28.486726092886983,144248960.0,0.694925634125889,0.04340349743561634,-0.048311634566107764,-0.1467677440315055,-0.0564845001940768,0.15265229047563555,0,1,1,0,367.3399963378906,217.02000427246094,0.46947756867019813,0.13185051611490642
2025-03-17,245.05999755859375,245.39999389648438,232.8000030517578,238.00999450683594,111900600,TSLA,-0.04788383640805238,-11.970001220703125,0.05188094641516088,0.06583627214217472,0.051155639066579404,241.4679962158203,-0.014320745453545114,250.6750015258789,-0.050523614009973294,284.86649856567385,-0.16448583562744035,348.30459869384765,-0.31666134929202683,31.105280128499558,128813700.0,0.8687010776027705,0.052938914900755044,0.07139320749989242,-0.16385034389499942,-0.007352632412038207,0.14306123203905985,0,1,0,0,367.3399963378906,217.02000427246094,0.5433805504639856,0.08818953287178931
2025-03-18,228.16000366210938,230.10000610351562,222.27999877929688,225.30999755859375,111477600,TSLA,-0.05335909096824687,-12.699996948242188,0.05752676334070174,0.06633418105194405,0.051616917473657806,240.41399536132812,-0.06282495234952501,246.0020004272461,-0.08411314880657605,278.4264991760254,-0.19077387308544436,345.2251986694336,-0.3473535581209507,30.978799722248368,116129940.0,0.9599384964807525,0.034707768891547267,-0.02285542644900429,-0.17177624437036298,0.1038569500192199,0.2122409473276159,1,1,0,0,367.3399963378906,217.02000427246094,0.6303759279139879,0.03679372143252068
2025-03-19,231.61000061035156,241.41000366210938,229.1999969482422,235.86000061035156,111993800,TSLA,0.046824389357219776,10.550003051757812,0.04822100956372914,0.06812580058202482,0.053136038620229885,237.9679962158203,-0.008858315567598196,241.6779998779297,-0.02407335078292927,272.1914993286133,-0.1334777125952754,341.7335986328125,-0.30981325349931577,36.7443181095078,110085560.0,1.0173341535438436,0.051768026296406734,-0.04929660973061645,-0.15492656591747522,0.18031889225823794,0.11740009798593176,1,1,0,0,362.29998779296875,217.02000427246094,0.5360806701238849,0.07987787793240497
2025-03-20,233.35000610351562,238.0,230.0500030517578,236.25999450683594,99028300,TSLA,0.0016958954271570903,0.399993896484375,0.046874522545907564,0.06664251931964668,0.05334846289626864,237.08399658203126,-0.0034755702074991124,238.95899810791016,-0.011294839794462996,266.28449935913085,-0.11275348330284019,338.2377987670898,-0.3014973626010252,32.62467505429434,106928520.0,0.9261168114923877,0.03364935720428184,-0.018364626489329572,-0.10320750214590291,0.21958867920019554,0.09692715520066963,1,1,0,0,354.9800109863281,217.02000427246094,0.5024973302285298,0.08143566698431592
2025-03-21,234.99000549316406,249.52000427246094,234.5500030517578,248.7100067138672,132728700,TSLA,0.05269623506518384,12.45001220703125,0.0502800828575808,0.06944303000169108,0.05519284140567705,236.8299987792969,0.05016259762616193,237.56299743652343,0.046922329645727956,261.83000030517576,-0.05010882471839195,335.3247991943359,-0.2583011834751642,39.26138858253482,113425800.0,1.1701808583232387,0.060190586693705604,-0.005080362570515695,-0.05314655651665334,0.09388440438421908,0.07940969083697813,1,1,1,0,342.3999938964844,217.02000427246094,0.37670372985999107,0.12741748054337262
2025-03-24,258.0799865722656,278.6400146484375,256.3299865722656,278.3900146484375,169079900,TSLA,0.11933580126800525,29.680007934570312,0.06416736612504703,0.05586735390447586,0.06262725449626544,244.9060028076172,0.13672189108048616,243.18699951171874,0.1447569779938931,259.22300109863284,0.07394025016519157,332.9937994384766,-0.16397838302730194,51.72170840154182,124861660.0,1.354137851442949,0.08013946945742974,0.16965682565251172,0.2531623781099872,-0.018894390922273407,0.015697384558516214,0,1,1,1,328.8900146484375,217.02000427246094,0.18140018442749645,0.22044616238652512
2025-03-25,283.6000061035156,288.20001220703125,271.2799987792969,288.1400146484375,150361500,TSLA,0.03502280788451673,9.75,0.042942385569294625,0.05579498191843152,0.06051677026250294,257.4720062255859,0.1191120109421977,248.94300079345703,0.1574537694574567,258.49000244140626,0.11470467688108066,330.86179992675784,-0.12912274940104163,52.41582222755768,132638440.0,1.1336193338823948,0.05872149846448315,0.27886031587881166,0.2496314179906931,-0.0853405483631674,-0.07239541475900924,0,0,1,1,309.0,217.02000427246094,0.07239530884668682,0.2468244837939319
2025-03-26,282.6600036621094,284.8999938964844,266.510009765625,272.05999755859375,153629800,TSLA,-0.05580626179068926,-16.08001708984375,0.06458199435905367,0.057665920339371936,0.06116901841932931,264.7120056152344,0.02775843855771276,251.34000091552736,0.08243811795811262,257.5530029296875,0.056326249214289525,328.23679992675784,-0.1711471790509147,52.295628060930994,140965640.0,1.0898386301796665,0.0675953256483387,0.15348086515121206,0.09661816911011911,-0.0474159891650594,-0.11993679767561183,0,0,1,1,303.94000244140625,217.02000427246094,0.11718005281517538,0.2023082914800027
2025-03-27,272.4800109863281,291.8500061035156,271.82000732421875,273.1300048828125,162572100,TSLA,0.0039329829222258805,1.07000732421875,0.06433907695037859,0.055988064137877214,0.06079532699777289,272.0860076904297,0.003837011690695391,254.58500213623046,0.07284405047811293,257.11200256347655,0.06229970658558193,325.77220031738284,-0.16159204310031305,52.78457769354657,153674400.0,1.0578996892130375,0.07333503614108902,0.15605693402701637,0.1348263802332108,-0.01709813401767435,-0.14586464644839447,0,0,1,1,303.94000244140625,217.02000427246094,0.11280341598431451,0.2054333087074259
2025-03-28,275.5799865722656,276.1000061035156,260.57000732421875,263.54998779296875,123809400,TSLA,-0.03507493471452938,-9.58001708984375,0.06877291709890329,0.057238269710449756,0.06055916749626579,275.05400390625,-0.041824572447243136,255.94200134277344,0.02972543158325247,255.6405014038086,0.03093987981453039,322.47880004882813,-0.18273701169483603,63.194791082677156,151890540.0,0.8151225217844377,0.05892619805961228,0.05966780860640841,0.05428431193438388,0.07288948154968855,-0.158186261102644,1,0,0,1,303.94000244140625,217.02000427246094,0.15325371473803978,0.1765508847492695
2025-03-31,249.30999755859375,260.55999755859375,243.36000061035156,259.1600036621094,134008900,TSLA,-0.016657121359109794,-4.389984130859375,0.035083480498351895,0.054723777775159334,0.060360954992868115,271.2080017089844,-0.0444234608527625,258.05700225830077,0.004274254890028306,254.36600189208986,0.018846865282150738,319.38559997558593,-0.18856703720543522,59.349644712113225,144876340.0,0.9249881657695107,0.06636825399442191,-0.06907579286064758,0.08886185304569638,0.03133197639468421,0.050316439113511136,1,1,0,1,291.8500061035156,217.02000427246094,0.1261383005844806,0.16260224878137527
2025-04-01,263.79998779296875,277.45001220703125,259.25,268.4599914550781,146486900,TSLA,0.035885119854736525,9.29998779296875,0.03538380373705979,0.050372210297312855,0.06012984623754684,267.2719970703125,0.004444889093461857,262.3720016479492,0.02320365652161982,254.18700103759767,0.05615153551998242,316.2247998046875,-0.1510470032050325,57.04210403489001,144101420.0,1.0165541741365214,0.06779413240827988,-0.06830020890146471,0.19151388914849576,-0.10813528906840675,-0.05982268520365763,0,0,1,1,291.8500061035156,217.02000427246094,0.08712663112913564,0.19161137160069056
2025-04-02,254.60000610351562,284.989990234375,251.27000427246094,282.760009765625,212787800,TSLA,0.05326685079977622,14.300018310546875,0.036422060233467,0.050809961784299265,0.06102761257264421,269.41199951171876,0.04954497304536587,267.06200256347654,0.05878038452294354,254.37000122070313,0.11160910645390687,313.39859985351563,-0.09776237067495286,63.88595670219329,155933020.0,1.3646102666388427,0.11925302304899477,0.03932960487778714,0.1988468118116975,-0.17495407685300712,-0.10768853853227245,0,0,1,1,291.8500061035156,217.02000427246094,0.03214739009743694,0.23249399923155628
2025-04-03,265.2900085449219,276.29998779296875,261.510009765625,267.2799987792969,136174300,TSLA,-0.05474611137253549,-15.480010986328125,0.04628689676808228,0.05588069368541602,0.06096131037182567,268.24199829101565,-0.0035863120534730397,270.1640029907227,-0.010675012879213353,254.5615005493164,0.04996237923855462,310.44200012207034,-0.13903402672899134,55.48509723870204,150653460.0,0.9038909561054888,0.05533514701770255,-0.02141839416736946,0.13129605093410524,-0.1699341453770744,-0.05585899709655984,0,0,0,1,291.8500061035156,217.02000427246094,0.09192609786154304,0.18804248255155637
2025-04-04,255.3800048828125,261.0,236.0,239.42999267578125,181229400,TSLA,-0.10419786826814681,-27.850006103515625,0.06473445942393367,0.06501993952650995,0.06547690207466692,263.4179992675781,-0.09106441723228653,269.2360015869141,-0.11070588158883699,253.39949951171874,-0.055128391582681346,306.9829998779297,-0.2200545542554817,50.40903262318778,162137460.0,1.1177515670962157,0.10441465465796171,-0.09151962145463999,-0.03731258810491811,0.13686681089960517,0.06131231835457185,1,1,0,0,291.8500061035156,217.02000427246094,0.21893670396890402,0.09359724800086468
2025-04-07,223.77999877929688,252.0,214.25,233.2899932861328,183453800,TSLA,-0.025644236634809525,-6.1399993896484375,0.06483718678368747,0.04922844457297722,0.055318537796687155,258.24399719238284,-0.09662956032879311,264.7259994506836,-0.11874922081617101,253.95649948120118,-0.0813781345911101,303.517200012207,-0.2313780132501544,52.388933243691866,172026440.0,1.0664279281719717,0.16181577044198034,-0.0998225420991492,-0.16200301371893266,0.08191521779896038,0.03540661838630177,1,1,0,0,291.8500061035156,214.25,0.25101810837449123,0.08161513067035003
2025-04-08,245.0,250.44000244140625,217.8000030517578,221.86000061035156,171603500,TSLA,-0.048994783337158565,-11.42999267578125,0.057547855777738736,0.0465747446050427,0.05591484044175379,248.9239990234375,-0.10872394192308354,258.097998046875,-0.14040402370708038,253.520499420166,-0.12488338766382234,300.0114001464844,-0.26049476619213274,45.83085306145372,177049760.0,0.9692388173810572,0.14711980212680806,-0.17358262805623392,-0.23002710719979258,0.13724870127320044,0.08793831449185374,1,1,0,0,291.8500061035156,214.25,0.3154692387118765,0.03430091314079125
2025-04-09,224.69000244140625,274.69000244140625,223.8800048828125,272.20001220703125,219433400,TSLA,0.22689989839624536,50.34001159667969,0.13075461679490527,0.0906299501983688,0.07402562176998008,246.81199951171874,0.10286376977431799,258.11199951171875,0.05458100639243191,254.72600021362305,0.06859924773581727,297.4936004638672,-0.08502229364731517,58.24917501770583,178378880.0,1.2301534800532439,0.18666420014687005,-0.03734614936301195,0.0005146462166212284,-0.07292433950523858,-0.16421752462315498,0,0,1,1,291.8500061035156,214.25,0.07218954083491695,0.2128949654967515
2025-04-10,260.0,262.489990234375,239.3300018310547,252.39999389648438,181722600,TSLA,-0.07274069589492627,-19.800018310546875,0.13282346038565943,0.09377490673826562,0.07575303007678422,243.83599853515625,0.03512194841113003,256.03899841308595,-0.014212696265631042,255.3120002746582,-0.011405677661219027,294.75960021972656,-0.1437089963877869,50.81930500742747,187488540.0,0.9692464403424337,0.09175906879307932,-0.05567197302742988,-0.07589796293242268,0.006774987144288591,-0.057171129258027475,1,0,1,0,291.8500061035156,214.25,0.1562995767076393,0.1511489493622201
2025-04-11,251.83999633789062,257.739990234375,241.36000061035156,252.30999755859375,128948100,TSLA,-0.00035656236159631316,-0.089996337890625,0.12101615572253838,0.09314540547166714,0.07534110201978976,246.41199951171876,0.02393551474182365,254.91499938964844,-0.010219099846191626,255.42850036621093,-0.012208907005859304,291.8002001953125,-0.1353330210544288,43.33333125306288,177032280.0,0.7283875008557761,0.06492009742982748,0.05379445047326903,-0.04264841872504488,-0.04264593005014461,-0.006222472674968338,0,0,1,0,291.8500061035156,214.25,0.15671201667599213,0.15084617306833079
2025-04-14,258.3599853515625,261.79998779296875,245.92999267578125,252.35000610351562,100135200,TSLA,0.00015856900364230597,0.040008544921875,0.11934385582980422,0.09297753009846979,0.07439311781724407,250.2240020751953,0.008496403265428665,254.23399963378907,-0.007410470405167069,256.14550094604493,-0.014817729878178865,288.7552001953125,-0.1260763237066297,40.37334069252826,160368560.0,0.6244066792144296,0.06288882398789214,0.08170094460076349,-0.026277193480335637,-0.04351103911534704,0.028373304889766082,0,1,1,0,291.8500061035156,214.25,0.15652862708391155,0.15098080119675825
2025-04-15,249.91000366210938,258.75,247.5399932861328,254.11000061035156,79594300,TSLA,0.0069744183248166,1.7599945068359375,0.11362604486384856,0.09221702216062842,0.07309668255092121,256.6740020751953,-0.009989330606582358,252.79900054931642,0.005185938465683826,257.5855010986328,-0.013492609147090162,286.1638003540039,-0.11201207037367977,44.76890150004247,141966720.0,0.560654637932045,0.04411477976837457,0.14536193956223786,-0.0534529959825607,-0.10471843117719293,0.12136480863643495,0,1,0,0,291.8500061035156,214.25,0.14851837945187374,0.15686120386687294
2025-04-16,247.61000061035156,251.97000122070312,233.88999938964844,241.5500030517578,112378700,TSLA,-0.049427403598542585,-12.55999755859375,0.03577717200805804,0.09109754161301846,0.07360216517113773,250.54400024414062,-0.03589787495856489,248.6779998779297,-0.02866356022515404,257.8700012207031,-0.06328769570593629,283.1506005859375,-0.14692039306324456,41.3744143026149,120555780.0,0.9321718129151502,0.07484993418601042,-0.11260105724007641,-0.1457419907009675,-0.014820955437071959,0.18352308536943363,0,1,0,0,291.8500061035156,214.25,0.2082384699493456,0.11302008986482248
2025-04-17,243.47000122070312,244.33999633789062,237.67999267578125,241.3699951171875,83404800,TSLA,-0.0007452201709629014,-0.1800079345703125,0.022998762778184936,0.08988826220846781,0.07360753227714577,248.33800048828124,-0.028058554701226868,246.08699951171874,-0.019168035710503295,258.1255012512207,-0.0649122463794305,280.41460021972654,-0.13923884516692275,43.613961675018615,100892220.0,0.8266722647197178,0.027592508583661683,-0.04370047165619406,-0.09693955320429437,0.03882011254724227,0.20988525784869583,1,1,0,0,291.8500061035156,214.25,0.2091395451278838,0.11235860159014577
2025-04-21,230.25999450683594,232.2100067138672,222.7899932861328,227.5,97768000,TSLA,-0.05746362595919796,-13.8699951171875,0.030717171063002462,0.08536316994339989,0.0738527819303224,243.3760009765625,-0.0652324013578125,244.8940002441406,-0.07102664919026247,257.0650009155273,-0.1150098255703137,277.4782000732422,-0.18011577147339908,41.356340544360535,94656200.0,1.0328747615053213,0.04140665242960165,-0.09833140897570714,-0.04982664261254843,0.14070333962912085,0.24026375236092035,1,1,0,0,291.8500061035156,214.25,0.28285716968578295,0.05824175824175824
2025-04-22,230.9600067138672,242.7899932861328,229.85000610351562,237.97000122070312,120858500,TSLA,0.04602198338770602,10.470001220703125,0.04276463128461594,0.08617456102926821,0.06918421213890191,240.5,-0.010519745444061868,245.36200103759765,-0.030126913644471842,255.04400024414062,-0.0669453075041696,275.0052001953125,-0.13467090421674377,41.7286146868468,98800860.0,1.2232535222871541,0.054376547952429154,-0.056984365108014856,0.020060903035949096,0.19741988799149923,0.1788039987170742,1,1,0,0,291.8500061035156,214.25,0.22641511369679734,0.09967643442042186
2025-04-23,254.86000061035156,259.45001220703125,244.42999267578125,250.74000549316406,150381900,TSLA,0.0536622440095611,12.770004272460938,0.051794556526779625,0.08513161082459468,0.06988344911646523,239.8260009765625,0.045508011942658966,248.2500015258789,0.010030227399719038,253.17399978637695,-0.009613918867129478,273.0054000854492,-0.0815566087165902,41.24083694412561,112958380.0,1.331303618199907,0.05990276462548571,-0.013261953914025626,0.13017220230488458,0.14014516479144956,0.14544941039697123,1,1,1,0,291.8500061035156,214.25,0.16395469294776077,0.145529252188514
2025-04-24,250.5,259.5400085449219,249.1999969482422,259.510009765625,94464200,TSLA,0.0349764859229853,8.770004272460938,0.045701914666434654,0.043659132446882166,0.06933901770820525,243.41800231933593,0.06610853467270772,246.9810012817383,0.05072863264326366,252.5465003967285,0.027573177050394415,271.6256002807617,-0.044604008247431826,47.793494819188545,109375480.0,0.8636688954416475,0.03984436517889314,0.07435316285224314,-0.04662013913413943,0.12531304300378276,0.07995838009770884,1,1,1,1,291.8500061035156,214.25,0.12461945636354571,0.17440564164172828
2025-04-25,261.69000244140625,286.8500061035156,259.6300048828125,284.95001220703125,167560700,TSLA,0.09803091011549903,25.44000244140625,0.05699160328751028,0.047007798003576136,0.07274401334211138,252.13400573730468,0.13015303657181865,250.23600311279296,0.13872507817586532,253.13750076293945,0.12567285111139603,270.59440032958986,0.05305213951196319,63.10607237476127,126206660.0,1.3276692371068215,0.09552553098655898,0.18055275291647255,0.12896204079900442,-0.009791221005089112,-0.03369014105021595,0,0,1,1,286.8500061035156,214.25,0.0066678147572912854,0.24811373636883355
2025-04-28,288.9800109863281,294.8599853515625,272.4200134277344,285.8800048828125,151731800,TSLA,0.0032637046356942534,0.92999267578125,0.03430284861189426,0.04690576651855269,0.07214920877726677,263.8100067138672,0.08365868468697912,253.59300384521484,0.12731818523394534,254.25400161743164,0.12438743565172095,269.19320037841794,0.06198820951248818,65.60997418280343,136999420.0,1.1075360757001744,0.07849437365522183,0.2566154060782968,0.13305064265803734,-0.018749180696767453,-0.033790413799905994,0,0,1,1,294.8599853515625,214.25,0.03141171231066356,0.2505596881886684
2025-04-29,285.5,293.32000732421875,279.4700012207031,292.0299987792969,108906600,TSLA,0.021512501019458785,6.149993896484375,0.03620987666634831,0.04671430314941328,0.07201167058871169,274.62200622558595,0.06338892062208323,257.56100311279295,0.13382847267219655,255.89750137329102,0.14119910203147112,267.9170004272461,0.09000174798015026,71.50211001793518,134609040.0,0.8090585892299655,0.04742665534845561,0.2271714807802867,0.15724189306935954,-0.01650517872946844,-0.024689215098504746,0,0,1,1,294.8599853515625,214.25,0.009690739253142282,0.26634249599158305
2025-04-30,279.8999938964844,284.45001220703125,270.7799987792969,282.1600036621094,128961100,TSLA,-0.03379788089732105,-9.8699951171875,0.048411409643100124,0.049268109455549144,0.07229281926043339,280.906005859375,0.004464118874560885,260.3660034179687,0.08370524553143932,256.5825019836426,0.09968529217981259,266.47800079345706,0.05884914635338778,54.05867582077851,130324880.0,0.9895355361155905,0.04844773621460684,0.1253090750602297,0.11038527796774611,-0.006733746356055614,0.05705984510404116,0,1,1,1,294.8599853515625,214.25,0.04500985796931564,0.24067905720412652
2025-05-01,280.010009765625,290.8699951171875,279.80999755859375,280.5199890136719,99659000,TSLA,-0.005812356915055328,-1.6400146484375,0.04968710836774206,0.045011658348488574,0.07141122954156441,285.1080017089844,-0.016092191968696712,264.2630020141602,0.061518210553895836,256.4705009460449,0.09377097162798598,264.8772006225586,0.05905675669460031,63.44939392515166,131363840.0,0.7586486509529563,0.0394267716802695,0.08096018826796669,0.16133299718304617,-0.018429998262634584,0.13496370081240605,0,1,0,1,294.8599853515625,214.25,0.0511193387263099,0.2362398103845713
2025-05-02,284.8999938964844,294.7799987792969,279.80999755859375,287.2099914550781,114454700,TSLA,0.023848576584252656,6.69000244140625,0.023462853177780595,0.044667766771971026,0.07028481927653948,285.55999755859375,0.00577809886045344,268.84700164794924,0.06830275098687877,257.467000579834,0.11552156512586387,263.5334005737305,0.08984284659857944,65.7009129461074,120742640.0,0.9479227885028851,0.05212214639491241,0.007931142836396399,0.1899158854257541,-0.03826465151402614,0.1631559390804478,0,1,1,1,294.8599853515625,214.25,0.02663554236998365,0.2540301299597707
2025-05-05,284.57000732421875,284.8500061035156,274.3999938964844,280.260009765625,94618900,TSLA,-0.024198258752220814,-6.949981689453125,0.02610132575483678,0.0393049817113446,0.06582999595055944,284.4359985351563,-0.01468164645487069,274.12300262451174,0.022387786075434235,259.50850143432615,0.07996465709833567,262.3826010131836,0.06813488654891087,61.82126495051266,109320060.0,0.8655218447556652,0.03728684736638079,-0.019658580597447628,0.23191213083791218,0.0162705965878156,0.2405622656137707,1,1,0,1,294.8599853515625,214.25,0.052094394766299776,0.23553131900918597
2025-05-06,273.1099853515625,277.7300109863281,271.3500061035156,275.3500061035156,76715800,TSLA,-0.017519458684867262,-4.910003662109375,0.022229182486401225,0.04007388248803493,0.06562445010032614,281.1,-0.020455332253590863,277.86100311279296,-0.009036881682378595,261.6115020751953,0.052514908248840975,261.279001159668,0.05385432767805498,58.76237872441305,102881900.0,0.7456685772716095,0.023170527479174953,-0.057117394601597926,0.15707864306873187,0.08320320738796916,0.24503359260990298,1,1,0,1,294.8599853515625,217.8000030517578,0.07085519816808086,0.20900672517189758
2025-05-07,276.8800048828125,277.9200134277344,271.0,276.2200012207031,71592600,TSLA,0.003159597232260225,0.8699951171875,0.018846608657822318,0.03783543640033524,0.06416787732907091,279.91199951171876,-0.01318985358775615,280.40900268554685,-0.014938897912422977,264.3295021057129,0.04498362468157224,260.74740142822264,0.05933942086375765,65.8296045603313,91408200.0,0.7832185733883831,0.025052542890278248,-0.021051893834391544,0.10161918788118451,0.15263197261527428,0.26703355817701935,1,1,0,1,294.8599853515625,222.7899932861328,0.06748238378279421,0.19343279885035947
2025-05-08,279.6300048828125,289.79998779296875,279.4100036621094,284.82000732421875,97539400,TSLA,0.031134624811778533,8.600006103515625,0.024426589112880526,0.03757616747487583,0.04027717260605099,280.7720031738281,0.014417406666733967,282.94000244140625,0.0066445354725046535,264.96050186157225,0.07495270171635626,260.6278018188477,0.09282281221166944,68.42195154140563,90984280.0,1.0720467315892372,0.0364791231784225,0.015328741191192874,0.09752994723190955,0.17291622334640744,0.20107431901186557,1,1,1,1,294.8599853515625,222.7899932861328,0.0352502554917603,0.21778671597137977
2025-05-09,290.2099914550781,307.0400085449219,290.0,298.260009765625,132387800,TSLA,0.04718770485146129,13.44000244140625,0.030750106074892918,0.025988998102597215,0.03721300018466114,282.9820068359375,0.05398930872147334,284.2710021972656,0.04921011098645911,267.2535026550293,0.11601908600845867,260.95400177001954,0.14296009159684586,80.11064245345744,94570900.0,1.3998788210749817,0.05713138867765761,0.038473655650225425,0.046709938545022256,0.1656942979013205,0.1527526187449506,1,1,1,1,307.0400085449219,222.7899932861328,0.02943739855100342,0.2530343123732783
2025-05-12,321.989990234375,322.2099914550781,311.5,318.3800048828125,112826700,TSLA,0.06745790403815088,20.1199951171875,0.0339457832706005,0.03262653507034016,0.039341314185618335,290.606005859375,0.09557269451918149,287.5210021972656,0.10732782109730832,270.55700302124023,0.17675758279233267,261.4620016479492,0.21769130074779164,81.62013665827344,98212460.0,1.1488023006449488,0.03363902032421979,0.13601653389317425,0.11368406130160214,0.0767636222959478,0.05100819770498011,1,1,1,1,322.2099914550781,222.7899932861328,0.012029607743976713,0.30023874028101705
2025-05-13,320.0,337.5899963378906,316.79998779296875,334.07000732421875,136992600,TSLA,0.049280740626853614,15.69000244140625,0.024119020616444622,0.03470783019656803,0.04006221494445043,302.3500061035156,0.10491152829625916,291.7250030517578,0.14515383950462435,274.6430030822754,0.21637909422415058,262.4504019165039,0.2728881529032672,82.0327542532396,110267820.0,1.2423624589658162,0.062232490463428325,0.21325585588920526,0.1439578424156822,0.04762475922200493,0.020863893997938865,1,1,1,1,337.5899963378906,222.7899932861328,0.0105366807450502,0.33310387523082075
2025-05-14,342.5,350.0,337.0,347.67999267578125,136997300,TSLA,0.04073991993646375,13.6099853515625,0.01336537779575184,0.0311009993400047,0.040421496596582084,316.6420043945312,0.0980223338991284,298.277001953125,0.16562789085033125,279.3215026855469,0.2447304963384458,263.9632015991211,0.3171532644303967,82.67734062021431,123348760.0,1.1106499976165143,0.03739070488339192,0.2587067958123015,0.23220863397823388,-0.016077992566870036,-0.02398756475374131,0,0,1,1,350.0,222.7899932861328,0.006672823783628541,0.3592096238511801
2025-05-15,340.3399963378906,346.1400146484375,334.7200012207031,342.82000732421875,97882600,TSLA,-0.013978329078298546,-4.8599853515625,0.030775787327406993,0.03199302662616655,0.03808513395334797,328.24200439453125,0.04441236263036408,304.5070037841797,0.12581977775195452,284.38500289916993,0.20547850213383878,265.23760162353517,0.29250153532454326,75.30832561918703,123417400.0,0.79310210715831,0.0333119805838345,0.20363737977851026,0.22208762566118057,0.002916982610802643,0.0585438623634289,1,1,1,1,350.0,222.7899932861328,0.020943913780944647,0.3501254637235005
2025-05-16,346.239990234375,351.6199951171875,342.3299865722656,349.9800109863281,95895700,TSLA,0.0208856061756566,7.160003662109375,0.031088432452121926,0.03197445811549475,0.03782090322045317,338.58600463867185,0.033651734541761735,310.7840057373047,0.12611976332576935,289.815503692627,0.2075958895474086,266.9682015991211,0.3109426848964485,76.58428318983707,116118980.0,0.8258400134069382,0.02654439754642098,0.1734057517846428,0.21855096061679924,-0.04388826614940777,0.019772508980310244,0,1,1,1,351.6199951171875,222.7899932861328,0.0046859365660270255,0.3634208060675898
2025-05-19,336.29998779296875,343.0,333.3699951171875,342.0899963378906,88869900,TSLA,-0.022544186527114873,-7.8900146484375,0.03209979190717593,0.03172130196322418,0.03476761363543839,343.3280029296875,-0.003605900425344588,316.9670043945313,0.07926059051903267,295.5450035095215,0.15748868116753534,268.55660125732425,0.27380967265857126,70.46606809288325,111327620.0,0.7982736000284566,0.028150501288850053,0.07447073023258843,0.22061651472849308,-0.0030693320594258333,0.04776519779242894,0,1,0,1,351.6199951171875,229.85000610351562,0.02785816270956916,0.32810076715459646
2025-05-20,347.8699951171875,354.989990234375,341.6300048828125,343.82000732421875,131715500,TSLA,0.005057180873010214,1.730010986328125,0.025706182628478555,0.02942895222575469,0.034431234253880734,345.2780029296875,-0.004222671566383118,323.8140045166016,0.06178238905226685,300.83750381469724,0.1428761473037512,270.9900015258789,0.2687553245073686,77.00595728982744,110272200.0,1.1944578960064278,0.03885749830423385,0.02918549940503201,0.24866533394941115,-0.013030105552012006,0.007678390072192398,0,1,0,1,354.989990234375,244.42999267578125,0.032487879332813434,0.2890757155813615
2025-05-21,344.42999267578125,347.3500061035156,332.20001220703125,334.6199951171875,102354800,TSLA,-0.026758222357769146,-9.20001220703125,0.0200162159369996,0.03296060235901692,0.034877632455747654,342.66600341796874,-0.023480614419070567,329.65400390625,0.01506425267733058,305.03150329589846,0.09700142936576106,273.07080139160155,0.22539646645457467,72.22313734840559,103343700.0,0.990430959990788,0.045275220003451036,-0.037563270345476796,0.21142565215551534,0.08448395177744694,0.024116930972378325,1,1,0,1,354.989990234375,249.1999969482422,0.060875008709666945,0.2552746381429786
2025-05-22,331.8999938964844,347.2699890136719,331.3900146484375,341.0400085449219,97113400,TSLA,0.019185982671137136,6.420013427734375,0.022642021287339022,0.032721627867111414,0.03458138652573012,342.31000366210935,-0.0037100730437346074,335.2760040283203,0.017191819418471477,309.1080032348633,0.10330371577534447,274.9298016357422,0.2404621343915634,72.16138809359762,103189860.0,0.9411137877306937,0.046563376634277384,-0.0051922254864590345,0.19738782309876957,0.04650476470262399,0.009470972284251866,1,1,0,1,354.989990234375,259.6300048828125,0.04090423803638754,0.2387110063990807
2025-05-23,337.9200134277344,343.17999267578125,333.2099914550781,339.3399963378906,84654800,TSLA,-0.004984788190348977,-1.70001220703125,0.01911961782107536,0.03181281941120316,0.028611189681022466,340.1820007324219,-0.002475158570172442,339.3840026855469,-0.00012966535637515264,311.82750244140624,0.08822985041755294,276.9030017089844,0.22548327119445744,75.4216716220507,100941680.0,0.8386505950762856,0.029380566182289066,-0.030401778142846947,0.13773213044734556,0.05625625197120043,-0.02148290394175345,1,0,0,1,354.989990234375,270.7799987792969,0.046118919270869634,0.2020392476527482
2025-05-27,347.3500061035156,363.7900085449219,347.32000732421875,362.8900146484375,120146400,TSLA,0.06939947711644767,23.550018310546875,0.03600174359983844,0.03218293899053575,0.03156385339148313,344.3420043945313,0.05386508185813654,343.8350036621094,0.05541905502167466,315.6780029296875,0.14955749618469838,279.16120208740233,0.2999299757092342,82.4606835128877,107196980.0,1.120800231499059,0.04538565558674581,0.06080276691283948,0.1398015235975889,-0.04527548990091812,-0.21546473941190025,0,0,1,1,363.7900085449219,270.7799987792969,0.0024800734662161366,0.2538235061617098
2025-05-28,364.8399963378906,365.0,355.9100036621094,356.8999938964844,91404300,TSLA,-0.016506435862546853,-5.990020751953125,0.03831547847149943,0.030778581294729362,0.03212992440992355,346.9580017089844,0.028654742471796224,346.1180023193359,0.0311512013385562,318.9215026855469,0.119084134782796,281.5390020751953,0.2676751400900439,78.82250100954775,99134740.0,0.9220208778476647,0.025469309311692216,0.038043122254753925,0.06833892918171758,-0.039815050989324474,-0.17304561587064582,0,0,1,1,365.0,270.7799987792969,0.02269545038396655,0.24130007450256732
2025-05-29,365.2900085449219,367.7099914550781,356.0,358.42999267578125,88087800,TSLA,0.004286911755287504,1.529998779296875,0.0334702250600478,0.028412836887216124,0.03044699781919056,351.7200012207031,0.019077651062748613,347.19300231933596,0.0323652558703067,322.7350021362305,0.11060154709988179,284.20140197753904,0.2611830560361157,77.69581737872778,96281340.0,0.9149000211255888,0.03267023322367564,0.07115533412836017,0.030919236730497124,-0.03950563276360031,-0.13907878001885732,0,0,1,1,367.7099914550781,271.0,0.025890687076767935,0.24392487922980896
2025-05-30,355.5199890136719,363.67999267578125,345.2900085449219,346.4599914550781,123474900,TSLA,-0.03339564619395741,-11.970001220703125,0.03929554802782216,0.030331467871240768,0.03190819912544164,352.8039978027344,-0.017981673640794282,347.5570007324219,-0.0031563434919509303,326.0320022583008,0.06265639279359192,286.4134017944336,0.20965006973989841,68.33813513135067,101553640.0,1.215858929330352,0.05307967610812521,0.015892513412960163,0.010617770413314576,-0.04159211458035772,-0.05879465340755996,0,0,0,1,367.7099914550781,271.0,0.06133464331841983,0.21780290168038707
2025-06-02,343.5,348.0199890136719,333.3299865722656,342.69000244140625,81873800,TSLA,-0.01088145559849063,-3.769989013671875,0.03970990433150143,0.029728752714274213,0.032121457730654904,353.4739990234375,-0.03050859925150029,346.8279998779297,-0.011930978577219475,328.8060028076172,0.04222550535950087,288.542001953125,0.18766072225796027,60.56312814670069,100997440.0,0.8106522303931664,0.04286673768347815,0.009872122766748426,-0.020829785462252226,-0.16921996504491033,-0.04744815912277789,0,0,0,1,367.7099914550781,271.0,0.07301056008469298,0.20919782290311761
2025-06-03,346.6000061035156,355.3999938964844,343.0400085449219,344.2699890136719,99324500,TSLA,0.004610541775392996,1.579986572265625,0.015869304082468973,0.02884163713491535,0.031169677224739976,349.7499938964844,-0.015668348758955064,347.04599914550784,-0.007998968836036235,332.00650177001955,0.03693749121861245,290.4532015991211,0.18528557137004076,55.05149385220444,96833060.0,1.0257292292529019,0.03590201221713709,-0.05131038298974533,0.006372570665960087,-0.1427076885382632,-0.07308218684466916,0,0,0,1,367.7099914550781,271.0,0.06808610448026994,0.21282711636756155
2025-06-04,345.1000061035156,345.6000061035156,327.3299865722656,332.04998779296875,98912100,TSLA,-0.03549540073392177,-12.220001220703125,0.019548522500099603,0.030979693221979677,0.03226878457042299,344.7799926757813,-0.036922110195597546,345.86899719238284,-0.039954461115598416,334.8415008544922,-0.008336819224617376,291.5264010620117,0.1390048605660834,42.151253313194665,98334620.0,1.005872601124609,0.055021894904092726,-0.06962736488788834,-0.03423308498784072,-0.07068213246053945,-0.02029811920540514,0,0,0,0,367.7099914550781,271.0,0.1073934798164883,0.18385782272948933
2025-06-05,322.489990234375,324.54998779296875,273.2099914550781,284.70001220703125,287499800,TSLA,-0.14259893789082123,-47.3499755859375,0.057804305898245714,0.053961598761341135,0.04697710709893611,330.03399658203125,-0.1373615592469185,340.8769989013672,-0.16480134146742698,335.26550140380857,-0.1508222259225951,291.4576010131836,-0.02318549518921853,29.54386486514356,138217020.0,2.0800607624155116,0.18033015151596357,-0.20570259737008845,-0.14918410028866846,0.14538104094200377,0.15605897706626082,1,1,0,0,367.7099914550781,273.2099914550781,0.2915699883696625,0.04035834302528125
2025-06-06,298.8299865722656,305.5,291.1400146484375,295.1400146484375,164747700,TSLA,0.036670186138995975,10.44000244140625,0.06840317931450696,0.05544224705020456,0.04716996024076867,319.77000122070314,-0.0770240687939523,336.28699951171876,-0.12235675159320991,335.78150177001953,-0.12103551537933688,291.9192013549805,0.011033235492928117,31.13390164793597,146471580.0,1.1247758780235728,0.04865482360522246,-0.14812670459034738,-0.13458829681690676,0.10601740351817601,0.07186416752178748,1,1,0,0,367.7099914550781,273.2099914550781,0.24588321882779582,0.0743037951647519
2025-06-09,285.9599914550781,309.8299865722656,281.8500061035156,308.5799865722656,140908900,TSLA,0.04553761352840424,13.439971923828125,0.07643257309768803,0.058462316613894665,0.04708975979326861,312.947998046875,-0.013957627151700458,333.21099853515625,-0.07392016491403985,336.29750061035156,-0.08241962544408143,292.62820098876955,0.05451212675195394,38.89588226109567,158278600.0,0.8902586957428231,0.09067334787182459,-0.09953606941005766,-0.09064657894024486,0.03412404963868543,0.04365157108965212,1,1,0,0,367.7099914550781,273.2099914550781,0.191619701392932,0.1146218052248968
2025-06-10,314.94000244140625,327.8299865722656,310.6700134277344,326.0899963378906,151256500,TSLA,0.05674382827003055,17.510009765625,0.0835556536760552,0.05671543749264043,0.04637092043492169,309.31199951171874,0.05424295485677155,329.53099670410154,-0.010442114400851743,336.6830001831055,-0.03146284142488287,293.87900115966795,0.10960631774000773,44.68110351055573,168665000.0,0.8967865295111612,0.05262342708222882,-0.052807369959451456,-0.1014081865718961,-0.0023919739582831667,-0.01205186519033552,0,0,1,0,367.7099914550781,273.2099914550781,0.12763346188044772,0.16216383659932598
2025-06-11,334.3999938964844,335.5,322.5,326.42999267578125,122611400,TSLA,0.0010426457165473302,0.339996337890625,0.08211642068824121,0.0567324027125519,0.04503182062342146,308.18800048828126,0.059191117624949996,326.48399658203124,-0.00016541057698193917,336.3009994506836,-0.029351702168669558,295.2244009399414,0.10570126194341278,47.40510659397059,173404860.0,0.7070816815630196,0.03982477190112839,-0.016925147790372908,-0.08537405923727948,0.008271336175021737,0.06816162883077737,1,1,1,0,367.7099914550781,273.2099914550781,0.12645896426648898,0.1630364930147905
2025-06-12,323.0799865722656,332.55999755859375,316.8599853515625,319.1099853515625,105127500,TSLA,-0.022424432461661592,-7.32000732421875,0.03308189691428756,0.05675255182032834,0.044220865931301756,315.0699951171875,0.012822516574046983,322.5519958496094,-0.01067118028205205,334.8724990844727,-0.047070194703967116,296.2374008178711,0.07721032006945538,43.09116490011074,136930400.0,0.7677440509923289,0.04919937616409776,0.12086396792813847,-0.10970066157322322,-0.008648990551035962,0.0669362190142948,0,1,1,0,367.7099914550781,273.2099914550781,0.15229860654461547,0.1438375356569193
2025-06-13,313.9700012207031,332.989990234375,313.29998779296875,325.30999755859375,128964300,TSLA,0.019429076154419578,6.20001220703125,0.03225599445445037,0.05679334554893563,0.04442704848820472,321.10399169921874,0.013098578554310958,320.43699645996094,0.0152073610490282,333.9969985961914,-0.026009218867563577,297.0884005737305,0.09499393759689823,45.70185665282677,129773720.0,0.9937628358037359,0.0605268900100734,0.10222261100750396,-0.06104599208600592,-0.010021240632292039,0.0068857097881585005,0,1,1,0,367.7099914550781,273.2099914550781,0.13033719902459323,0.16015494910860079
2025-06-16,331.2900085449219,332.04998779296875,326.4100036621094,329.1300048828125,83925900,TSLA,0.011742668079331553,3.82000732421875,0.028956150695560866,0.05697170870306913,0.04422969814182385,325.2139953613281,0.01204133148431552,319.08099670410155,0.031493596555453474,332.9544982910156,-0.01148653473022121,298.3254006958008,0.10325840211783643,38.23528911304182,118377120.0,0.7089706186465763,0.017136037575387588,0.06659543458672856,-0.039569282622746615,-0.02117704590070668,-0.010178367374036323,0,0,1,0,367.7099914550781,273.2099914550781,0.11721807796284668,0.16990250842564422
2025-06-17,326.0899963378906,327.260009765625,314.739990234375,316.3500061035156,88282700,TSLA,-0.03882963749794621,-12.779998779296875,0.024281688987623715,0.05801800280773613,0.04477257640887711,323.2659973144531,-0.02139411898681698,316.28899841308595,0.0001928859073054845,331.66749877929686,-0.04618327913394382,299.86380096435545,0.054978977409546825,36.507619953184836,105782360.0,0.8345692041659876,0.039576479499586974,-0.029869024943293687,-0.0810990902522365,0.1021968893583225,0.02301248186767757,1,1,0,0,367.7099914550781,273.2099914550781,0.16235177607284937,0.13636799056776777
2025-06-18,317.30999755859375,329.32000732421875,315.45001220703125,322.04998779296875,95137700,TSLA,0.0180179597897272,5.699981689453125,0.026558954531293144,0.05754504230542458,0.0449872218279768,322.38999633789064,-0.001054649799262175,315.28899841308595,0.021443784635405194,330.57899780273436,-0.02580021739570737,301.63900085449217,0.06766693590900297,38.221957172621586,100287620.0,0.9486484971923753,0.04306783307845951,-0.01341789964491047,-0.030115947500756857,0.057196131426577645,-0.01363137493326505,1,0,0,0,367.7099914550781,273.2099914550781,0.14177924357339863,0.15165346433513183
2025-06-20,327.95001220703125,332.3599853515625,317.7799987792969,322.1600036621094,108688000,TSLA,0.0003416111576173275,0.110015869140625,0.02410901488125312,0.02952344914574087,0.04461711951320115,323.0,-0.002600607857246473,319.0349975585938,0.009795182746186626,329.9559982299805,-0.023627376406830103,303.64500091552736,0.060975819429784694,41.47846988266417,100999720.0,1.076121795189135,0.04525697295297256,0.009557890541051828,0.1315770630450046,0.01673076753659508,-0.06658185983114351,1,0,0,0,367.7099914550781,273.2099914550781,0.1413893322423192,0.15194317001054986
2025-06-23,327.5400085449219,357.5400085449219,327.4800109863281,348.67999267578125,190716800,TSLA,0.0823193093872907,26.519989013671875,0.04377130739010628,0.03635777751346865,0.04820267460025136,327.6739990234375,0.06410637925177975,324.3889953613281,0.07488231000991896,330.33799743652344,0.055524933194469606,305.17460052490236,0.14255902056085046,51.81152598637165,113350220.0,1.682544594972996,0.08621084716651616,0.07183915432226518,0.18140535125716206,-0.0656762486449225,-0.0947286895523417,0,0,1,1,367.7099914550781,273.2099914550781,0.054577260465276674,0.21644488587241256
2025-06-24,356.1700134277344,356.260009765625,340.44000244140625,340.4700012207031,114736200,TSLA,-0.023545920693855638,-8.209991455078125,0.0470902179419342,0.036973691943338494,0.0485269144496952,329.94199829101564,0.03190864753265377,327.5779968261719,0.03935552607146664,330.3944976806641,0.030495373290923666,306.9360006713867,0.10925404799686156,48.895095180223414,119512280.0,0.9600369100146027,0.04646520183128773,0.034454459239984025,0.10334440351325003,-0.049461028218384606,-0.0737803478342397,0,0,1,1,367.7099914550781,273.2099914550781,0.08000702010958434,0.19755047294761513
2025-06-25,342.70001220703125,343.0,320.3999938964844,327.54998779296875,119845100,TSLA,-0.037947582404945,-12.920013427734375,0.04687366772785715,0.03592032916983434,0.04649505461581042,332.18199462890624,-0.013944183943841004,327.7239959716797,-0.0005309595295120983,328.62749633789065,-0.0032788143321215157,308.44080047607423,0.06195414902114038,48.69686067996979,125824760.0,0.9524762852716747,0.0689971208846455,0.03540376631378428,0.004477265391377827,-0.03019381620954431,-0.10261024760839266,0,0,0,0,367.7099914550781,273.2099914550781,0.12260725128615454,0.16589833113422908
2025-06-26,324.6099853515625,331.04998779296875,323.6099853515625,325.7799987792969,80440900,TSLA,-0.0054037218123500486,-1.769989013671875,0.04677209685620117,0.0359775679209488,0.04640462115871407,332.92799682617186,-0.021470101989070955,327.65899658203125,-0.005734613797683252,327.0714965820313,-0.003948671211740695,309.90940032958986,0.05121044548125542,66.16304332425506,122885400.0,0.654600953408623,0.022837505277438958,0.011582087029067045,-0.001991219897278129,-0.0769537952549465,-0.08585548936554477,0,0,0,0,367.7099914550781,273.2099914550781,0.1287064670418492,0.16136658948124333
2025-06-27,324.510009765625,329.3399963378906,317.5,323.6300048828125,89067000,TSLA,-0.006599526995335614,-2.149993896484375,0.04697894355876082,0.03520324488680039,0.046372446936327624,333.2219970703125,-0.028785591202960203,328.1109985351562,-0.013656944364404122,325.3314971923828,-0.0052300263708070505,311.29980041503904,0.03960877729871415,61.99174825498201,118961200.0,0.7487063008779333,0.03658497716297328,0.004562953824165383,0.014164456578412254,-0.024657821790095458,-0.08574606674695806,0,0,0,0,363.67999267578125,273.2099914550781,0.12375239374813526,0.1557952373606138
2025-06-30,319.8999938964844,325.5799865722656,316.6000061035156,317.6600036621094,76695100,TSLA,-0.018446995428822777,-5.970001220703125,0.013386041827478785,0.03515151218661995,0.04599319642221124,327.01799926757815,-0.02861614842738891,327.3459991455078,-0.029589472633489877,323.89149780273436,-0.019239449577710954,312.8220004272461,0.015465674499413717,54.07834014212659,96156860.0,0.7976040398989734,0.028269156850800402,-0.08896406351171315,-0.023516012277201792,-0.007271918189143078,-0.024523101602705988,0,0,0,0,357.5400085449219,273.2099914550781,0.1255430473558526,0.13992952116915583
2025-07-01,298.4599914550781,305.8900146484375,293.2099914550781,300.7099914550781,145085700,TSLA,-0.05335897504131726,-16.95001220703125,0.02082847259747426,0.03824944430991723,0.04732391789475278,319.0659973144531,-0.05753043575271466,324.5039978027344,-0.07332423177763314,321.792497253418,-0.06551584010902833,314.0088003540039,-0.04235170760798135,38.54279403887823,102226760.0,1.4192536279150392,0.042166950063758,-0.11677977390980576,-0.08634889863005168,-0.022513349093966517,0.04256598940597223,0,1,0,0,357.5400085449219,273.2099914550781,0.18898612851157412,0.09145023704378016
2025-07-02,312.6300048828125,316.8299865722656,303.82000732421875,315.6499938964844,119483700,TSLA,0.04968242780731846,14.94000244140625,0.037066298295801936,0.04058143005872732,0.048873995922029054,316.6859985351563,-0.00327139388373332,324.4339965820312,-0.02707485275306487,320.3614974975586,-0.014706834740994879,315.7718002319336,-0.0003857416506468647,45.7003839284171,102154480.0,1.1696373962257944,0.041216472357396665,-0.036330313967240624,-0.002212777599258864,-0.05651828507160106,0.003960082446286872,0,1,0,0,357.5400085449219,273.2099914550781,0.13271032934717905,0.1344527269508651
2025-07-03,317.989990234375,318.45001220703125,312.760009765625,315.3500061035156,58042300,TSLA,-0.0009503811144286889,-0.29998779296875,0.03716237928105033,0.040112535225528156,0.04827773553006113,314.6,0.0023839990575829084,323.7639984130859,-0.0259880417551398,319.52649841308596,-0.013070879349013964,317.3194003295898,-0.006206346740945112,48.41136582541748,97674760.0,0.5942405182259982,0.0180434511852791,-0.032015448200818364,-0.020804166879087815,-0.06174092546017573,-0.01449185741483261,0,0,1,0,357.5400085449219,273.2099914550781,0.1337878599170127,0.13362934464191759
2025-07-07,291.3699951171875,296.1499938964844,288.7699890136719,293.94000244140625,131177900,TSLA,-0.06789282780315342,-21.410003662109375,0.04639818100797022,0.04525856576417787,0.03872540647998713,308.66199951171876,-0.04769617605536691,320.94199829101564,-0.084133569284769,319.9884979248047,-0.08140447438682519,318.1834002685547,-0.07619315717503305,38.25533583506659,106096940.0,1.2363966387720513,0.025107181130556138,-0.09174057409218628,-0.08759622827140601,0.05419470825158168,0.09433901733689964,1,1,0,0,357.5400085449219,281.8500061035156,0.21637070686285237,0.041130830228868334
2025-07-08,297.0,304.04998779296875,294.3500061035156,297.80999755859375,103246700,TSLA,0.013165935514200422,3.8699951171875,0.048462949236436945,0.03369402286298056,0.03797708496795798,304.69199829101564,-0.022586745864749624,315.85499877929686,-0.057130649476635376,320.1219970703125,-0.06969842658709291,318.94940002441405,-0.06627823242245379,38.27843823067456,111407260.0,0.92675019563357,0.032571041163736165,-0.0624882134189918,-0.14589307154336428,0.05271821743976979,0.07252948618444499,1,1,0,0,357.5400085449219,281.8500061035156,0.20056415659644308,0.05359118762269899
2025-07-09,297.54998779296875,300.1499938964844,293.54998779296875,295.8800048828125,75586800,TSLA,-0.0064806174796113725,-1.92999267578125,0.04261131231636543,0.033652534870747916,0.03652946268679373,303.7260009765625,-0.025832480816666892,311.3959991455078,-0.04982721134912549,319.4869979858398,-0.07389030931416374,319.1679998779297,-0.07296469258830462,41.661911890074045,97507480.0,0.7751897598009917,0.02230636066850699,-0.016061942434617005,-0.13096600633835587,0.07104227614839043,0.11413406940778903,1,1,0,0,357.5400085449219,288.7699890136719,0.20839530432795111,0.02403006540423929
2025-07-10,300.04998779296875,310.4800109863281,300.0,309.8699951171875,104365300,TSLA,0.0472826483827995,13.989990234375,0.04188398805765748,0.03734193042924784,0.035789686141443317,302.57000122070315,0.024126628109306658,309.6279998779297,0.0007815676855877918,318.6759979248047,-0.027633090866463816,319.6477996826172,-0.030589306652941795,45.352566117937045,94483800.0,1.1045840662632112,0.033820670447181456,-0.018311417364362148,-0.05397647178957021,0.002936727261267258,0.060089700231046095,1,1,1,0,357.5400085449219,288.7699890136719,0.15383875231193778,0.06809309205796439
2025-07-11,307.8900146484375,314.0899963378906,305.6499938964844,313.510009765625,79236400,TSLA,0.01174690904506881,3.6400146484375,0.042418941355586305,0.03770829016075763,0.03591649495951399,302.202001953125,0.03741870583059215,308.4010009765625,0.01656612259001955,318.0299987792969,-0.014212461186117853,320.07739990234376,-0.02051813136048497,46.78606101384959,98722620.0,0.8026164621643955,0.02692099830469802,-0.005834775019115224,-0.03766342028254566,0.026027888768877405,0.05932817137112312,1,1,1,0,357.5400085449219,288.7699890136719,0.14044208289302465,0.07891301706905104
2025-07-14,317.7300109863281,322.6000061035156,312.6700134277344,316.8999938964844,78043400,TSLA,0.010813001260769006,3.389984130859375,0.019586964952475614,0.03793445610325585,0.03566090099505589,306.79400024414065,0.03294064957040099,307.7279998779297,0.029805523131444245,317.919499206543,-0.0032068033341869917,320.77219970703123,-0.012071513098963815,35.74120298548743,88095720.0,0.8858932079787758,0.03133478342389899,0.07811114943313968,-0.020795386351043277,0.00792051061523491,0.04941623213544366,1,1,1,0,357.5400085449219,288.7699890136719,0.12824239643788882,0.08876618941179654
2025-07-15,319.67999267578125,321.20001220703125,310.5,310.7799987792969,77556300,TSLA,-0.01931207079538977,-6.1199951171875,0.0250870283767405,0.03797849990919245,0.035616688769925284,309.38800048828125,0.004499199351037264,307.0399993896484,0.012180821381849505,317.1929992675781,-0.020217976131532867,321.37739990234377,-0.03297494200359796,36.42432141282325,82957640.0,0.9348903850205961,0.034429539381747525,0.04355126196913961,-0.021658392002446347,0.06071817746092534,-0.017633087740050457,1,0,1,0,357.5400085449219,288.7699890136719,0.15046016458360317,0.07082183490597026
2025-07-16,312.79998779296875,323.5,312.6199951171875,321.6700134277344,97284800,TSLA,0.03504091219258654,10.8900146484375,0.025626589753782587,0.0347228757393726,0.03645015976989977,314.54600219726564,0.022648551183940935,309.13600158691406,0.04054529972723464,316.8199996948242,0.015308420357243557,322.06660034179686,-0.0012313816882644213,47.26054060940193,87297240.0,1.1144086571350937,0.0338234974621182,0.08716374246085468,0.06970178101244562,0.021201779842536572,-0.017440282385541517,1,0,1,1,357.5400085449219,288.7699890136719,0.1115117779707059,0.10227880449121733
2025-07-17,323.1499938964844,324.3399963378906,317.05999755859375,319.4100036621094,73922900,TSLA,-0.007025863995037018,-2.260009765625,0.0206737853898446,0.03151642982062983,0.03536847965397795,316.45400390625,0.009341009181021764,309.5120025634766,0.031979377266969866,316.9729995727539,0.007688364916381918,322.84960021972654,-0.010653866553578584,47.045730794249636,81208760.0,0.9102823389988962,0.02279201870896343,0.03078713233049246,0.011911958936574818,0.03976075120955791,0.019348150042034495,1,1,1,1,357.5400085449219,288.7699890136719,0.11937636406387776,0.09592690991873348
2025-07-18,321.6600036621094,330.8999938964844,321.4200134277344,329.6499938964844,94255000,TSLA,0.03205907804067243,10.239990234375,0.023784935131606157,0.03291284365631472,0.03585851199020142,319.6820007324219,0.031180964649948573,310.94200134277344,0.06016553721569373,317.3529998779297,0.038748630147768415,323.93559997558594,0.017640524602202223,52.5970618337774,84212480.0,1.1192521583499262,0.028757714680033856,0.05148155921058262,0.04534640087584041,0.00882755563776283,-0.02563319231277328,1,0,1,1,357.5400085449219,288.7699890136719,0.08460492997065072,0.12401033107754131
2025-07-21,334.3999938964844,338.0,326.8800048828125,328.489990234375,75768800,TSLA,-0.0035188948387289143,-1.160003662109375,0.024560847267138513,0.021348605341314584,0.03587701611477743,322.0,0.020155249175077605,314.3970001220703,0.04482545987026865,317.669499206543,0.034062102451947185,324.9809997558594,0.010797525028083843,54.8744202580245,83757560.0,0.904620430681123,0.033851853778720846,0.03657304058414246,0.11754095225557437,-0.07059576587055316,-0.028767944139517443,0,0,1,1,357.5400085449219,288.7699890136719,0.08843501833897562,0.12091693020040951
2025-07-22,329.739990234375,335.4100036621094,321.54998779296875,332.1099853515625,77370400,TSLA,0.0110201078413521,3.6199951171875,0.019529163320539687,0.02133940960199844,0.030584083889152545,326.2659973144531,0.017911728728130294,317.8269989013672,0.04493950010404202,316.840998840332,0.04819132172640672,325.92679931640623,0.018971088134282832,66.05973842159531,83720380.0,0.9241525181801612,0.041733210323287306,0.06863371727925549,0.1151740642495398,-0.048327326791992364,-0.07178343738341464,0,0,1,1,356.260009765625,288.7699890136719,0.07271694763557907,0.13049892580619668
2025-07-23,330.8999938964844,336.20001220703125,328.6700134277344,332.55999755859375,92553800,TSLA,0.0013550095657464123,0.45001220703125,0.015677291822378658,0.020755456739001643,0.030164067395896464,328.443994140625,0.012531827317282085,321.4949981689453,0.03441732982680423,316.44549865722655,0.0509234574981976,326.6127990722656,0.01820871228323262,60.15372036336703,82774180.0,1.1181481954880133,0.022642527166756323,0.03385452070839645,0.12396914989341323,-0.020958627832185606,-0.08999877584647831,0,0,1,1,343.0,288.7699890136719,0.0313928389404887,0.13167551379118142
2025-07-24,310.0,310.1499938964844,300.4100036621094,305.29998779296875,156966000,TSLA,-0.08197020076301287,-27.260009765625,0.04343230013843496,0.03296136902962929,0.03433941715304828,325.6219909667969,-0.06240979951473957,321.0379974365234,-0.0490222645581585,315.33299865722654,-0.031817192957860674,326.35119873046875,-0.06450477589600045,45.44134205348424,99382800.0,1.579408106835388,0.03190301547270261,-0.04417524719753929,-0.014748144048249867,0.05208000343860042,0.012970920835220001,1,1,0,0,338.0,288.7699890136719,0.10710780712250115,0.0541434636103106
2025-07-25,308.739990234375,323.6300048828125,308.010009765625,316.05999755859375,148227000,TSLA,0.03524405566934252,10.760009765625,0.04418736390469063,0.03475793355187166,0.035373221903832686,322.90399169921875,-0.021195136376635726,321.2929962158203,-0.01628731008413098,314.8469985961914,0.003852661666811974,325.9909985351562,-0.03046403434814926,61.10664356345222,110177200.0,1.3453509437524278,0.04942098094616273,-0.041225531895984546,0.008133672653307222,0.009428624341413672,-0.023223427180245615,1,0,0,1,338.0,288.7699890136719,0.06941720752667802,0.0863443926967146
2025-07-28,318.45001220703125,330.489990234375,315.69000244140625,325.5899963378906,112673800,TSLA,0.030152499060024596,9.529998779296875,0.047408289812937376,0.035862183744777475,0.03601082206943418,322.32399291992186,0.010132672372236806,322.16199645996096,0.010640609120870392,314.9449981689453,0.03379954668540264,325.54919860839846,0.000125319704875837,63.198400466289016,117558200.0,0.9584512182051104,0.0454559045407821,-0.008828256515260202,0.02742190788506238,-0.053195760063354025,-0.017445230933590072,0,0,1,1,338.0,288.7699890136719,0.03811543291161356,0.11308703503902405
2025-07-29,325.54998779296875,326.25,318.25,321.20001220703125,87358900,TSLA,-0.013483166498468035,-4.389984130859375,0.047141551745147774,0.035499272754556846,0.035887135501280365,320.1419982910156,0.0033048269882225423,323.20399780273436,-0.006200373786608426,315.1219985961914,0.019287811190320747,325.1167987060547,-0.012047321192297678,61.754876719765925,119555900.0,0.7306950137968934,0.024906599302504245,-0.032850482146696836,0.033528584428415,-0.057814466433610656,0.0033311854482462877,0,1,1,1,338.0,288.7699890136719,0.052303820530804415,0.10096519913099014
2025-07-30,322.17999267578125,324.45001220703125,311.6199951171875,319.0400085449219,83931900,TSLA,-0.006724793213012448,-2.160003662109375,0.04697571657532844,0.0338451068667754,0.03359921195791511,317.43800048828126,0.005046680152270389,322.9409973144531,-0.012079571197127326,316.0384994506836,0.009497289410800525,324.49799865722656,-0.016819795915197777,54.78252371740737,117831520.0,0.7123043138202749,0.04021444566892695,-0.04065428528062753,-0.008176095915149229,-0.030654458742969237,0.033255971249350536,0,1,1,1,338.0,288.7699890136719,0.05942825647965245,0.09487844383312785
2025-07-31,319.6099853515625,321.3699951171875,306.1000061035156,308.2699890136719,85270900,TSLA,-0.03375758288237862,-10.77001953125,0.02954562605760762,0.035453744445231715,0.03273347968536352,318.03200073242186,-0.03069506117707732,321.8269958496094,-0.042125138694930175,315.669499206543,-0.023440687844312746,323.8215985107422,-0.04802523849117013,47.456301359513255,103492500.0,0.8239331352513467,0.04953446510485536,0.009728140646756867,-0.03487684956862547,0.0014597989524411936,0.09978269329441858,1,1,0,0,338.0,288.7699890136719,0.09644147028859688,0.06325623867049597
2025-08-01,306.2099914550781,309.30999755859375,297.82000732421875,302.6300048828125,89121400,TSLA,-0.01829559909125389,-5.639984130859375,0.02374798735456885,0.033446070693915746,0.03297044728937493,315.34600219726565,-0.04032395281960355,319.1249969482422,-0.051688185579849666,315.0334991455078,-0.039371985189950776,322.99779846191404,-0.06305861425709747,43.220909797604,91671380.0,0.9721834666392063,0.037967121729467215,-0.04249190906638378,-0.08196568940983084,0.05709942338991869,0.12625975890881724,1,1,0,0,338.0,288.7699890136719,0.11687537437301973,0.04579855151675275
2025-08-04,309.0799865722656,312.1199951171875,303.0,309.260009765625,78683900,TSLA,0.021907956170373222,6.6300048828125,0.02045844480904145,0.03476492623194769,0.029375871630056928,312.0800048828125,-0.009036128790905429,317.2019989013672,-0.025037638991082467,315.79949951171875,-0.02070772675765775,322.4905987548828,-0.04102627810032389,49.281397298260444,84873400.0,0.9270737357051797,0.029489733005244215,-0.05015506236659284,-0.05854053712574181,0.042068094280623525,0.0973937598333976,1,1,0,0,338.0,293.54998779296875,0.09293147942456516,0.05079875016676811
2025-08-05,308.95001220703125,312.45001220703125,305.5,308.7200012207031,57961300,TSLA,-0.0017461311772288823,-0.540008544921875,0.02064153760275637,0.03432431164686465,0.02929234831436968,309.58400268554686,-0.0027908466114165975,314.8630004882813,-0.019510070278348834,316.3449996948242,-0.024103426580084575,321.8441986083984,-0.040778107682046705,43.21349566721554,78993880.0,0.7337441837266381,0.02251234834008278,-0.03885432911591569,-0.07042842781766823,0.06779603716319782,0.0870043574933792,1,1,0,0,338.0,293.54998779296875,0.0948432193039695,0.04913842111865428
2025-08-06,307.8900146484375,320.4700012207031,306.92999267578125,319.9100036621094,78523600,TSLA,0.03624644466558724,11.19000244140625,0.028580247807559946,0.03691343748806223,0.030169700809241987,309.75800170898435,0.03277397806389115,313.59800109863284,0.020127687489600143,317.54649963378904,0.0074430171047266125,321.4555987548828,-0.004808113776086365,50.23960124176152,77912220.0,1.0078470360618654,0.042324429964443695,0.00272691541463832,-0.03803823066319201,0.05976679346789715,0.03329059352496189,1,1,1,1,338.0,297.82000732421875,0.056547141792406636,0.06905065826332268
2025-08-07,319.7900085449219,322.3999938964844,316.1600036621094,322.2699890136719,66658700,TSLA,0.007377028928595486,2.3599853515625,0.021048154422770575,0.024449209742819843,0.028451686404457905,312.55800170898436,0.03107259213197211,315.2950012207031,0.022122100781694076,318.16649932861327,0.012897302807547861,320.6431982421875,0.005073523406710745,46.174578477234576,74189780.0,0.8984889832534886,0.019362616585779188,0.045414735455740596,0.055584677036446095,0.057622515149652775,0.03999756442692104,1,1,1,1,338.0,297.82000732421875,0.048810039788286956,0.07586800671165153
2025-08-08,321.42999267578125,335.1499938964844,320.9800109863281,329.6499938964844,91200300,TSLA,0.02290006868278205,7.3800048828125,0.014771386108667149,0.0230637587337189,0.028753133431450372,317.9619995117188,0.03675909197550142,316.6540008544922,0.041041619581380306,318.97349853515624,0.03347141819103627,320.0981982421875,0.02984020437087853,50.56486336194381,74605560.0,1.222433019737403,0.04298493302750026,0.08928390634674455,0.0429981536507833,0.029516187369879043,-0.0010313858461571401,1,0,1,1,338.0,297.82000732421875,0.02532991432767224,0.09655691539997655
2025-08-11,335.0,346.6400146484375,334.1499938964844,339.0299987792969,105320200,TSLA,0.02845443669493286,9.3800048828125,0.01554756335778481,0.022858902813472647,0.029274082622705873,323.91599731445314,0.04666025015791764,317.9980010986328,0.06613877322499451,320.0799987792969,0.05920394923853545,319.7101983642578,0.06042910271203583,53.190709758614595,79932820.0,1.3176089621259452,0.036840458947362736,0.09626200631705761,0.04127891702009934,-0.010176126653845596,-0.04462733367928862,0,0,1,1,346.6400146484375,297.82000732421875,0.02244643806312439,0.1215526401895343
2025-08-12,345.0,345.260009765625,332.94000244140625,340.8399963378906,80522100,TSLA,0.005338753399730889,1.80999755859375,0.013398753198804047,0.02199149642055979,0.028764444636332098,330.3399963378906,0.03178543354241614,319.9619995117188,0.06525148879564746,321.58299865722654,0.05988188977984499,319.59779846191407,0.0664654073908082,53.770490618625665,84444980.0,0.953545136726896,0.03614601413152625,0.10404248182878506,0.061145651881857166,-0.03016077599386502,-0.06082035913935846,0,0,1,1,346.6400146484375,297.82000732421875,0.017016835972492636,0.12621754921926517
2025-08-13,341.5,348.9800109863281,338.20001220703125,339.3800048828125,67838900,TSLA,-0.004283509772223915,-1.459991455078125,0.01342057794774294,0.021845510947852993,0.02793708774080324,334.23399658203124,0.015396423922777958,321.9959991455078,0.05398826626242936,322.46849822998047,0.05244390303443214,319.5315985107422,0.06211719424488482,70.28572445824032,82308040.0,0.8242074528806663,0.031763800530968805,0.06086087023795428,0.06375374809779277,-0.012434442689575276,0.0018563406027118923,0,1,1,1,348.9800109863281,297.82000732421875,0.028286893645459447,0.12245859202266311
2025-08-14,335.760009765625,340.4700012207031,330.3999938964844,335.5799865722656,75000700,TSLA,-0.011196942235471519,-3.800018310546875,0.017077699524455054,0.018075519613704384,0.02803177064163383,336.89599609375,-0.003906278307677313,324.7269989013672,0.033421882712607154,323.2769973754883,0.03805711292996006,319.35779846191406,0.05079627987317248,62.66873497443202,83976440.0,0.893115973956505,0.030007770806231376,0.04130076647636316,0.08859116531574718,-0.018684037381715757,0.032838726897311155,0,1,0,1,348.9800109863281,297.82000732421875,0.0399309403130239,0.11252154704975362
2025-08-15,337.6600036621094,339.29998779296875,327.0199890136719,330.55999755859375,74319800,TSLA,-0.014959143019665277,-5.019989013671875,0.017345055972740636,0.017545489078143708,0.027418446028114916,337.0779968261719,-0.019336768726970432,327.51999816894534,0.00928187410431125,323.32249755859374,0.022384770792785336,319.32799865722654,0.03517386182419879,53.42616938118699,80600340.0,0.9220779961970383,0.037149076930036495,0.0027605147245812756,0.09229089060946416,-0.020147639494487946,0.06386137471276676,0,1,0,1,348.9800109863281,297.82000732421875,0.05572366155547698,0.0990440176554383
2025-08-18,329.6199951171875,336.2699890136719,329.5899963378906,335.1600036621094,56956600,TSLA,0.013915797850586165,4.600006103515625,0.011880936496112906,0.017067910885980222,0.027560632545144743,336.3039978027344,-0.003401666789866864,330.10999755859376,0.015297949595177718,323.65599822998047,0.03554392779692739,320.33719848632813,0.04627250673921934,59.59581212018233,70927620.0,0.8030242661462488,0.01993075725860078,-0.011414904672511939,0.0837482800188516,-0.044903980624488526,0.04308390704030396,0,1,0,1,348.9800109863281,297.82000732421875,0.041234058876999394,0.11140946392736896
2025-08-19,335.7900085449219,340.54998779296875,327.8500061035156,329.30999755859375,75956000,TSLA,-0.017454368181154756,-5.850006103515625,0.012598583109615528,0.018727625139315886,0.027770813995759012,333.997998046875,-0.014036013735697073,332.1689971923828,-0.008607063446481655,323.51599884033203,0.017909465803950253,321.0205981445313,0.025822017222491,56.7185567821234,70014400.0,1.0848625425626728,0.038565430092031845,-0.033828185961681134,0.06669472744388494,0.03249221792948265,0.05062103656530592,1,1,0,1,348.9800109863281,297.82000732421875,0.05973099381604566,0.09562415495378947
2025-08-20,329.2200012207031,331.3699951171875,314.6000061035156,323.8999938964844,77481800,TSLA,-0.016428300696053943,-5.410003662109375,0.013151763363282583,0.0167796515267163,0.02800718246565638,330.90199584960936,-0.021160349713657545,332.5679962158203,-0.026063849853161458,323.08299865722654,0.0025287472341577466,321.3269982910156,0.008007405599757433,60.99620323064622,71942980.0,1.0769890265874447,0.05177520632813416,-0.04561261937536176,0.012472227153575544,0.07008339806973263,0.030781109628206682,1,1,0,1,348.9800109863281,297.82000732421875,0.0774313601804485,0.08051863866536707
2025-08-21,322.0799865722656,324.8999938964844,318.67999267578125,320.1099853515625,55744400,TSLA,-0.011701168929731831,-3.790008544921875,0.013172584578687823,0.017101804979379943,0.020782588200852384,327.80799560546876,-0.023483290087808473,332.35199584960935,-0.03683447264022577,323.82349853515626,-0.011467707564127294,321.20739807128905,-0.003416523798380866,62.626388654978705,68091720.0,0.8186663517972523,0.019430825357953065,-0.04609929626232856,-0.006702466055620637,0.09859120152565981,0.028896318213382566,1,1,0,0,348.9800109863281,297.82000732421875,0.09018783216980553,0.06963224843756018
2025-08-22,321.6600036621094,340.25,319.69000244140625,340.010009765625,94016300,TSLA,0.062166209505171155,19.9000244140625,0.03385159062577023,0.025518636786011004,0.02367987303428031,329.697998046875,0.031277143870567015,333.38799743652345,0.01986277964419636,325.0209991455078,0.04611705292742263,321.47899841308595,0.05764299205862122,68.63861127902942,72031020.0,1.305219612328133,0.06046880082373494,0.028587888059129707,0.03142732006964288,0.02820504121187839,-0.017411291602312362,1,0,1,1,348.9800109863281,297.82000732421875,0.026381579844917825,0.12408458936396777
2025-08-25,338.8999938964844,349.5299987792969,335.0299987792969,346.6000061035156,86670000,TSLA,0.019381771561470362,6.589996337890625,0.03425298578119285,0.02467567252630196,0.023168881104236178,331.9859985351562,0.044019951542660696,334.14499816894534,0.037274261182485224,326.0714996337891,0.06295707074301848,322.028798828125,0.07630127294455091,71.39145480615453,77973700.0,1.1115286308075671,0.04183496752642707,0.03413295833753316,0.022328429199407474,-0.0017887914202815436,-0.023283344437704856,0,0,1,1,349.5299987792969,297.82000732421875,0.008453527478895018,0.14073859757731289
2025-08-26,344.92999267578125,351.8999938964844,343.7200012207031,351.6700134277344,76651600,TSLA,0.01462783391499567,5.07000732421875,0.031364827406551624,0.024968439761447428,0.022943428795444726,336.4580017089844,0.045212215615271445,335.2279998779297,0.049047256063908584,327.5949996948242,0.07349017462213281,322.5559991455078,0.0902603404040021,69.267163814362,78112820.0,0.981293467576769,0.023260421313863824,0.06789959623124453,0.03177449010152977,-0.050615684109798664,-0.0023602157083385533,0,0,1,1,351.8999938964844,297.82000732421875,0.0006539666732126971,0.15312652215819764
2025-08-27,351.94000244140625,355.3900146484375,349.1600036621094,349.6000061035156,65519000,TSLA,-0.0058862207330171445,-2.07000732421875,0.029114433826566113,0.025028360394860796,0.02292203749861532,341.59800415039064,0.023425201130865103,336.25,0.039702620382202625,329.1229995727539,0.062216881097169274,322.96539916992185,0.08246891772942067,66.638253472937,75720260.0,0.8652770077651609,0.01782039724702818,0.07934551618190144,0.030113739977792875,-0.05789479519047869,-0.009153352835136186,0,0,1,1,355.3900146484375,297.82000732421875,0.0165618090498759,0.1481121220689137
2025-08-28,350.9100036621094,353.54998779296875,340.260009765625,345.9800109863281,67903200,TSLA,-0.010354676927882056,-3.6199951171875,0.028801965755528437,0.024975715731294534,0.02139496639496015,346.7720092773437,-0.002283916434507205,337.2900024414063,0.02576420434054061,331.00850067138674,0.045229987400851046,323.5579992675781,0.06929827656712417,60.41853093616508,78152020.0,0.8688604593969548,0.03841256027900676,0.08081605328978947,0.03099119384410276,-0.034366189579973616,0.002861408760444606,0,1,0,1,355.3900146484375,297.82000732421875,0.027198113657731584,0.13919880378295174
2025-08-29,347.2300109863281,348.75,331.70001220703125,333.8699951171875,81145700,TSLA,-0.03500206799409333,-12.110015869140625,0.021778662412777493,0.02730240361935811,0.022680970927028355,345.54400634765625,-0.03378444139101455,337.6210021972656,-0.011110111798929179,332.5705001831055,0.003907426946667014,323.7943994140625,0.03111726367521417,46.81874266929622,75577900.0,1.0736696838626105,0.051067745057426464,-0.018058334966873257,0.010013303433689114,0.013957539552105436,0.04169291530030561,1,1,0,1,355.3900146484375,303.0,0.06445628491921393,0.09246112429585716
2025-09-02,328.2300109863281,333.3299865722656,325.6000061035156,329.3599853515625,58392000,TSLA,-0.01350828116207925,-4.510009765625,0.017755193419601453,0.027274657439068716,0.02268754018622106,342.09600219726565,-0.037229364751123484,337.04100036621094,-0.022789556778856745,333.5754989624023,-0.01263735982994052,323.9383990478516,0.01673647310614146,43.15035792569523,69922300.0,0.8350983877818664,0.02346970127685345,-0.04974039367675087,-0.017305222124278763,0.06521742756151783,0.11977779317946546,1,1,0,0,355.3900146484375,305.5,0.0790321546471113,0.07244348558642935
2025-09-03,335.20001220703125,343.3299865722656,328.510009765625,334.0899963378906,88733300,TSLA,0.014361219324440011,4.730010986328125,0.017662806960946013,0.027050623392447248,0.02278115517683107,338.5799987792969,-0.01326127490576623,337.5190002441406,-0.010159439627901445,334.84399871826173,-0.0022518019831841984,323.64659912109374,0.032267903463708114,46.96221285311868,72338640.0,1.226637658656563,0.044359235442811805,-0.049990094175192734,0.014515194845994284,0.036846351861860915,0.18512977575348288,1,1,0,0,355.3900146484375,306.92999267578125,0.06375533103063806,0.0812954711599338
2025-09-04,336.1499938964844,338.8900146484375,331.4800109863281,338.5299987792969,60711000,TSLA,0.01328983953448204,4.44000244140625,0.02063274014429712,0.0264556178290557,0.021630787185643062,336.3659973144531,0.006433472711633081,338.98200073242185,-0.001333409892408377,335.7749984741211,0.008204900060145848,323.6077990722656,0.04611199034699087,51.68168362511326,71377040.0,0.850567633513522,0.02188876521675792,-0.031664780122861225,0.04516827773540544,0.024931328011815745,0.21123684761611217,1,1,1,1,355.3900146484375,314.6000061035156,0.04980360951743139,0.07068795309742196
2025-09-05,348.0,355.8699951171875,344.67999267578125,350.8399963378906,108989800,TSLA,0.036363092201525005,12.30999755859375,0.027679793075965582,0.02748339613460495,0.022871317952385242,337.33799438476564,0.04002514444822558,342.0550018310547,0.025682987998447482,337.20349884033203,0.04043996442639397,324.07359924316404,0.08259357490778751,60.67367328169336,79594360.0,1.36931561482497,0.03189488814903893,0.014047011958024713,0.09599828931477639,-0.008693386799694669,0.2017443835312589,0,1,1,1,355.8699951171875,314.6000061035156,0.014337016394369505,0.1032949225078449
2025-09-08,354.6400146484375,358.44000244140625,344.8399963378906,346.3999938964844,75208300,TSLA,-0.01265534855703887,-4.44000244140625,0.02098355334354396,0.020981213792802707,0.022747431476923454,339.843994140625,0.01929120381379046,342.6940002441406,0.010814293946504794,338.040998840332,0.02472775516824388,324.48599914550783,0.06753448471947698,55.92575907739436,78406880.0,0.9592053656515857,0.03926098828852679,0.037529574273060584,0.018793517682800243,0.06469400709287032,0.22938797013611767,1,1,1,1,358.44000244140625,314.6000061035156,0.03475753105388282,0.09180135205912164
2025-09-09,348.44000244140625,350.7699890136719,343.82000732421875,346.9700012207031,53816000,TSLA,0.001645517708609212,0.57000732421875,0.0180700920943658,0.02008491258075857,0.02192644317165894,343.3659973144531,0.010496100180092949,342.7309997558594,0.01236830478673756,338.43799896240233,0.02520994180458036,324.95279907226563,0.067755077695272,59.8593044275319,77491680.0,0.6944745552038619,0.02003049734847922,0.0534673811402544,0.001067498876722528,0.141136124300135,0.20140071083079802,1,1,1,1,358.44000244140625,314.6000061035156,0.03305761645199755,0.09329335390178982
2025-09-10,350.54998779296875,356.3299865722656,346.07000732421875,347.7900085449219,72121700,TSLA,0.0023633378140295314,0.82000732421875,0.018241708031074586,0.019477251830452794,0.021908277355993513,346.1059997558594,0.004865586815167466,342.34299926757814,0.01591097025204924,338.7854995727539,0.02657879095629423,325.5553991699219,0.06829746774801526,64.05789606005101,74169360.0,0.9723921036934928,0.02950050029031141,0.04100695129217624,-0.011033084239949864,0.1789873155368682,0.2250783428391272,1,1,1,1,358.44000244140625,314.6000061035156,0.030621908723144877,0.09543115565701854
2025-09-11,350.1700134277344,368.989990234375,347.6000061035156,368.80999755859375,103756000,TSLA,0.06043873744853956,21.019989013671875,0.029955357305992063,0.027319176534504105,0.025530950834862825,352.16199951171876,0.047273692419846025,344.2639984130859,0.07129993045643657,340.25699920654296,0.08391597650785876,326.9173992919922,0.12814429075151312,73.82582059976852,82778360.0,1.2534193719228068,0.0579973001612059,0.08944554068615296,0.0549484871844943,0.14319025489596093,0.1773270636083939,1,1,1,1,368.989990234375,314.6000061035156,0.0004880363248630594,0.14698623088834692
2025-09-12,370.94000244140625,396.69000244140625,370.239990234375,395.94000244140625,168156400,TSLA,0.07356092584909457,27.1300048828125,0.039018643871851645,0.03392997761762508,0.02951681924154249,361.1820007324219,0.09623403613275427,349.25999755859374,0.1336540262529815,343.275,0.15341927737646577,328.5231994628906,0.20521169612598666,75.5551335209621,94611680.0,1.7773323547367512,0.06680308138591147,0.12854864489304196,0.14440138120306711,0.0755669614731187,0.07554175753316472,1,1,1,1,396.69000244140625,314.6000061035156,0.0018942263862590893,0.20543515642860016
2025-09-15,423.1300048828125,425.70001220703125,402.42999267578125,410.0400085449219,163823700,TSLA,0.03561147147692467,14.100006103515625,0.03283192267022331,0.02965788914837436,0.029548692828659236,373.9100036621094,0.09662754280161501,356.8769989013672,0.14896731873226643,347.2490005493164,0.18082415758224157,330.41699951171876,0.24097733818437872,77.12500769854682,112334760.0,1.4583526951052372,0.0567506073707943,0.18371829032842069,0.22814273382368166,0.016608129491460843,0.07987025489590027,1,1,1,1,425.70001220703125,314.6000061035156,0.03819140409659255,0.23275778083238025
2025-09-16,414.5,423.25,411.42999267578125,421.6199951171875,104285700,TSLA,0.028241113869250656,11.579986572265625,0.027920052663673655,0.02706236822833609,0.029789692326437026,388.8400024414062,0.08430200717509995,366.1029998779297,0.15164310387450786,351.57200012207034,0.1992422461708998,332.97059936523436,0.26623790785418233,78.3312910006425,122428700.0,0.8518076235392519,0.028034740906757585,0.21514826536545595,0.2801190608116697,0.01055455684874329,0.004198139442504356,1,1,1,1,425.70001220703125,314.6000061035156,0.00967700094183087,0.2538304403327127
2025-09-17,415.75,428.30999755859375,409.6700134277344,425.8599853515625,106133500,TSLA,0.01005642588937583,4.239990234375,0.025424970609209237,0.027289378890449235,0.028984614210005494,404.45399780273436,0.05292564213759743,375.2799987792969,0.1347793293988253,356.3994995117188,0.19489501510245466,335.53159912109373,0.26920977477852737,80.35343244944448,129231060.0,0.8212692830964939,0.043770217376660564,0.22447446703046037,0.27468643185849206,0.019607397714585417,0.034142697236319464,1,1,1,1,428.30999755859375,314.6000061035156,0.005753093249671434,0.26125952912950445
2025-09-18,428.8699951171875,432.2200012207031,416.55999755859375,416.8500061035156,90454500,TSLA,-0.021157139806429193,-9.009979248046875,0.034766071608363855,0.030857399339635345,0.029258128967703755,414.06199951171874,0.006733307077405382,383.11199951171875,0.0880630380536147,361.0470001220703,0.15455884126603547,337.9509991455078,0.23346286046645814,77.0475497421811,126570760.0,0.7146555807992304,0.037567478548196434,0.13025679581066574,0.2313532260261495,0.0215904998637928,0.06323614001583233,1,1,1,1,432.2200012207031,318.67999267578125,0.03687176416490371,0.2355044068377823
2025-09-19,421.82000732421875,429.4700012207031,421.7200012207031,426.07000732421875,93131000,TSLA,0.022118270566640064,9.220001220703125,0.02226322045522104,0.030417969529813675,0.028722171838732196,420.08800048828124,0.014239889806384465,390.63500061035154,0.09071129483661577,366.3450012207031,0.16302940098678875,340.2749993896484,0.25213432690753335,85.98189811149254,111565680.0,0.8347638807920141,0.018189499065355764,0.07609740035618495,0.2144282629448977,0.0392423802034485,0.043772135038579796,1,1,1,1,432.2200012207031,319.69000244140625,0.014434233320264023,0.2496772902436722
2025-09-22,431.1099853515625,444.9800109863281,429.1300048828125,434.2099914550781,97108800,TSLA,0.019104804353584193,8.139984130859375,0.019488901851081538,0.02820444449043172,0.026512265199906616,424.9219970703125,0.02185811619262612,399.41600036621094,0.08711216139805567,371.0550003051758,0.17020385414011474,342.6889990234375,0.2670672028937271,89.7912828805265,98222700.0,0.988659444303608,0.03650308932413273,0.05894542582790008,0.25349306901210356,-0.024918765158723932,0.05815158678266452,0,1,1,1,444.9800109863281,325.6000061035156,0.024803711897919856,0.2501323955895172
2025-09-23,439.8800048828125,440.9700012207031,423.7200012207031,425.8500061035156,83422700,TSLA,-0.019253323313789705,-8.3599853515625,0.02091668575128366,0.03064738503851989,0.027387504539313094,425.76799926757815,0.0001926092051975914,407.3040008544922,0.04553357003642322,375.01750030517576,0.1355470231575171,344.8679992675781,0.23482029938389481,83.88980936086183,94050100.0,0.8870027783064558,0.040507220271841136,0.01003275706872575,0.22733955271435113,0.03416693104245705,0.02383466889986874,1,1,1,1,444.9800109863281,325.6000061035156,0.04492193168634681,0.2354115265073666
2025-09-24,429.8299865722656,444.2099914550781,429.0299987792969,442.7900085449219,93133600,TSLA,0.03977927016229388,16.94000244140625,0.027043375455268425,0.030387468275217135,0.02814442613126422,429.15400390625,0.03177415220306479,416.8040008544922,0.06234586913070794,379.57350006103513,0.1665461589750643,347.5081994628906,0.2741857867794171,85.25157200256722,91450120.0,1.0184087237939108,0.03428259983928976,0.03975490484127797,0.27315333294783084,0.0009484922921734196,-0.02926900273844235,1,0,1,1,444.9800109863281,325.6000061035156,0.004945916572514689,0.2646627073327855
2025-09-25,435.239990234375,435.3500061035156,419.0799865722656,423.3900146484375,96746400,TSLA,-0.04381307961359793,-19.399993896484375,0.0341413919478503,0.034434820538221195,0.030582052951118942,430.4620056152344,-0.016428838955692027,422.2620025634766,0.002671355883581583,383.26300048828125,0.1046983771171075,349.5425994873047,0.2112687130823232,73.40777128250875,92708500.0,1.0435547981037336,0.038427971771511506,0.015689117066482128,0.14798952699532641,0.050379049657033104,0.07052595554563745,1,1,0,1,444.9800109863281,325.6000061035156,0.05099316372828941,0.2309690950697596
2025-09-26,428.29998779296875,440.4700012207031,421.0199890136719,440.3999938964844,101628200,TSLA,0.0401756741055197,17.009979248046875,0.0373919807273883,0.02929995328037491,0.030892475873105837,433.3280029296875,0.016320179907561627,426.7080017089844,0.0320874980845518,387.98399963378904,0.1350983399113619,351.9623992919922,0.2512700072007501,78.05301616700194,94407940.0,1.0764793723917714,0.044164424333763636,0.03363293901455311,0.11228971859608361,0.043278832476718376,-0.01659854146208717,1,0,1,1,444.9800109863281,325.6000061035156,0.010399675643320465,0.2606720921525544
2025-09-29,444.3500061035156,450.9800109863281,439.5,443.2099914550781,79491500,TSLA,0.00638055766924972,2.80999755859375,0.03680751570928378,0.028011115956032312,0.028856096278820062,435.1280029296875,0.01857381844187267,430.025,0.030660988210169604,393.4509994506836,0.12646807880489708,354.23359924316406,0.2511799908366008,78.34257357260412,90884480.0,0.8746432834296901,0.025901967933165806,0.020727298259167526,0.08089450350921634,-0.016267664524907022,-0.010198301258580678,0,0,1,1,450.9800109863281,325.6000061035156,0.017531237293953325,0.26535950817679826
2025-09-30,441.5199890136719,445.0,433.1199951171875,444.7200012207031,74358000,TSLA,0.0034069849388267404,1.510009765625,0.034447344026630286,0.027119963873883633,0.02822824962692209,438.902001953125,0.013255804807651428,432.3350006103516,0.028646768345997664,399.2190002441406,0.11397503863477576,356.5581994628906,0.2472578162292074,78.43023524344437,89071540.0,0.8348121072117985,0.026713448574841047,0.044311365144375614,0.05478868737497877,-0.033481774167040346,-0.020642185308920813,0,0,1,1,450.9800109863281,328.510009765625,0.014076294631323132,0.26131046756632403
2025-10-01,443.79998779296875,462.2900085449219,440.75,459.4599914550781,98122300,TSLA,0.033144428390707636,14.739990234375,0.03307465175754119,0.028482500051379835,0.02849949360346855,442.2359985351562,0.0389475143972311,435.69500122070315,0.05454501467263051,405.4875,0.13310519178785563,359.1051995849609,0.27945791925626007,77.60522659578916,90069280.0,1.0894091748041064,0.046881140785960826,0.03764760403003775,0.07889918578703203,-0.013515848105536965,-0.10005223975023225,0,0,1,1,462.2900085449219,331.4800109863281,0.0061594418283979005,0.2785443408542411
2025-10-02,470.5400085449219,470.75,435.57000732421875,436.0,137009000,TSLA,-0.051059922281332826,-23.459991455078125,0.03593974590015853,0.03308090109175198,0.032258399987369596,444.75799560546875,-0.01969159788470154,437.61000061035156,-0.0036790763650420555,410.36100006103516,0.062479134067690234,361.17399963378904,0.20717438254713927,62.478203073965446,98121800.0,1.3963155995915282,0.08068805659582856,0.02978337919006724,0.045939771179297706,-0.006674320325938954,-0.00022937179705417865,0,0,0,1,470.75,343.82000732421875,0.07970183486238532,0.211422001549957
2025-10-03,443.2900085449219,446.7699890136719,416.5799865722656,429.8299865722656,133188200,TSLA,-0.014151406944344913,-6.170013427734375,0.031060329268902315,0.03298347719400214,0.03232869847351014,442.643994140625,-0.028948788954512472,437.9859985351562,-0.01862162715285054,414.3104995727539,0.03745858967010429,363.664599609375,0.18194068664907515,56.48469440203389,104433800.0,1.2753361459604076,0.07023707834383612,-0.024000925228675696,0.008824792131368442,0.020612837972976195,-0.0013726272161596054,1,0,0,1,470.75,343.82000732421875,0.09520046228988413,0.20010232402337605
2025-10-06,440.75,453.54998779296875,436.69000244140625,453.25,85324900,TSLA,0.054486690457546505,23.420013427734375,0.041088117630793605,0.03677674486070902,0.03324911587436144,444.65199584960936,0.019336479383078364,439.88999938964844,0.030371230600579002,419.6529998779297,0.08005900144129341,366.4083996582031,0.23700766800871742,59.61808004394919,105600480.0,0.807997274254814,0.03719798202220077,0.02265293819744474,0.04384977066307716,-0.03907334022080111,-0.03993382482849561,0,0,1,1,470.75,343.82000732421875,0.03861003861003861,0.24143407098903752
2025-10-07,447.82000732421875,452.67999267578125,432.45001220703125,433.0899963378906,102296100,TSLA,-0.044478772558432134,-20.160003662109375,0.04678614115022553,0.03939048415409336,0.035666813334309766,442.32599487304685,-0.02088052396243878,440.61399841308594,-0.017076175750869726,423.95899963378906,0.021537452234741572,368.55839965820314,0.17509191688354786,52.00443947559499,111188100.0,0.9200274130055285,0.046710800618370456,-0.02615129711029307,0.017001268358829424,-0.04525619679338888,-0.01002100342789869,0,0,0,1,470.75,346.07000732421875,0.08695653093018473,0.2009281898669858
2025-10-08,437.57000732421875,441.3299865722656,425.2300109863281,438.69000244140625,71192100,TSLA,0.012930352007360923,5.600006103515625,0.04348657931303271,0.03742457365397796,0.035598682788927354,438.1719970703125,0.0011821964309841615,440.20399780273436,-0.003439303979257735,428.5039993286133,0.02377108061710631,370.90819946289065,0.1827454962620667,56.17158353209546,105802060.0,0.6728800932609441,0.036700119666136906,-0.04520521786433407,-0.00925948197654436,-0.006359863524116993,0.0014132875464156758,0,1,1,1,470.75,347.6000061035156,0.07308121311215851,0.20764092145012372
2025-10-09,431.80999755859375,436.3500061035156,426.17999267578125,435.5400085449219,69339900,TSLA,-0.007180455170972544,-3.149993896484375,0.03662533206035134,0.034359194955131206,0.03395690664277127,438.0799987792969,-0.005798005481767343,441.4189971923828,-0.013318386124869686,431.8404998779297,0.00856684046085987,373.23819946289063,0.16692238139527737,52.771113473012555,92268240.0,0.751503442571355,0.0233503541080209,-0.001055026273114934,0.028696930669404486,-0.014464844071602867,0.027299407396767394,0,1,0,1,470.75,370.239990234375,0.0808421517295501,0.14992886308815828
2025-10-10,436.5400085449219,443.1300048828125,411.45001220703125,413.489990234375,112107900,TSLA,-0.05062684914805626,-22.050018310546875,0.04326032110174727,0.03552877978816232,0.03284607858978396,434.81199951171874,-0.04903730647104432,438.7279968261719,-0.05752540702752651,432.71799926757814,-0.04443542691949176,375.3425994873047,0.10163352307778895,44.39333224440289,88052180.0,1.2731984602766224,0.07661610540517402,-0.03801502186526362,-0.06110355139658463,0.05238338091287775,0.0704007752464344,1,1,0,0,470.75,402.42999267578125,0.1384797966528012,0.026747920916597535
2025-10-13,423.5299987792969,436.8900146484375,419.70001220703125,435.8999938964844,79552800,TSLA,0.054197209585187034,22.410003662109375,0.04315757549340033,0.04024254173743918,0.03406687569280371,431.3419982910156,0.010567010918314468,437.9969970703125,-0.004787711303626763,434.01099853515626,0.004352413574088443,378.0079992675781,0.15315018396720914,52.52728132805711,86897760.0,0.9154758419549595,0.03943565653154943,-0.038279108888065405,-0.01649330497851531,-0.016402830916722455,0.007042916648784869,0,1,1,1,470.75,409.6700134277344,0.07994954483021087,0.06017430795142195
2025-10-14,426.7900085449219,434.20001220703125,417.8599853515625,429.239990234375,72669400,TSLA,-0.015278742269702716,-6.660003662109375,0.03855355877747022,0.040451894882051934,0.03379996972479097,430.5719970703125,-0.003093575162808282,436.44899597167966,-0.016517407082710878,434.3919982910156,-0.011860273846916236,380.4075988769531,0.12836860120982307,46.406784143550276,80972420.0,0.8974586655555065,0.0380673451384311,-0.00888962140910754,-0.03480844338873301,0.02346008655605525,0.045988307709108334,1,1,0,0,470.75,409.6700134277344,0.09670583056103317,0.04559215649025377
2025-10-15,434.8999938964844,440.510009765625,426.3299865722656,435.1499938964844,71558200,TSLA,0.013768529951932784,5.910003662109375,0.03863205660932318,0.038975927346909627,0.03385991967372202,429.86399536132814,0.012296909236869213,434.0179962158203,0.00260818143610142,434.8564987182617,0.0006749242085324347,382.93619873046873,0.13635116068712683,53.358841929046726,81045640.0,0.8829370710133204,0.03258651819430472,-0.00806949902031262,-0.052909933423377464,0.028220151560471196,-0.00328620635605803,1,0,1,1,470.75,411.45001220703125,0.08181088498873869,0.054463936623864444
2025-10-16,434.7300109863281,439.3500061035156,421.30999755859375,428.75,77189900,TSLA,-0.01470755828163206,-6.399993896484375,0.039076043292876624,0.035736264749871204,0.03366166038614465,428.50599365234376,0.0005694350867218034,433.2929962158203,-0.010484813406855698,435.4514984130859,-0.015389770014589854,385.11299865722657,0.11330960392124534,46.45789271213701,82615640.0,0.9343255102786833,0.042075821679118074,-0.015589861807658867,-0.01662844036697253,0.03230322123268947,0.055207028402878944,1,1,1,0,470.75,411.45001220703125,0.09795918367346938,0.040349825756195334
2025-10-17,425.5,441.4599914550781,423.6000061035156,439.30999755859375,89331600,TSLA,0.02462973191508744,10.55999755859375,0.029151776180190627,0.036263427852095846,0.03374544830853886,433.6699951171875,0.013005286288903184,434.2409973144531,0.011673241991174699,436.1134979248047,0.0073295131863591045,387.453798828125,0.13383840573330463,48.86759787199315,78060380.0,1.1443910470330787,0.04065462987598044,0.06244409280520524,0.022055257386595306,-0.0007739326211105846,0.048348524623644806,0,1,1,1,470.75,411.45001220703125,0.07156678112524148,0.06341759920418526
2025-10-20,443.8699951171875,449.79998779296875,440.6099853515625,447.42999267578125,63719000,TSLA,0.018483519979771268,8.1199951171875,0.018992863628332298,0.03210796130808184,0.033729226348287074,435.9759948730469,0.026272083640911603,433.65899658203125,0.03175535663341211,436.77449798583984,0.024395871872278763,389.80939880371096,0.14781735393990636,50.75778508740115,74893620.0,0.8507934320707158,0.020539531528601728,0.026451018446297603,-0.012840611857073858,0.00346427002194738,0.031468648325608584,1,1,1,1,470.75,411.45001220703125,0.05211990189740588,0.08041477115465073
2025-10-21,445.760009765625,449.29998779296875,442.04998779296875,442.6000061035156,54412200,TSLA,-0.010794954856246153,-4.829986572265625,0.01784480486096527,0.02859422359092312,0.033500415521905066,438.647998046875,0.00900952033119351,434.60999755859376,0.018384318330930016,437.6119979858398,0.0113982435139659,391.8807989501953,0.1294250886728603,45.008886052547325,71242180.0,0.763763826429792,0.016380478761910285,0.031124816357035456,0.02195850711408598,-0.020063273294975148,-0.005648440952382816,0,0,1,1,470.75,411.45001220703125,0.06360143133369192,0.07037956047655135
2025-10-22,443.45001220703125,445.5400085449219,429.0,438.9700012207031,84023500,TSLA,-0.008201547294971134,-3.6300048828125,0.01823914970088781,0.028521960645196194,0.03238709075946668,439.41199951171876,-0.0010058858008128446,434.63799743652345,0.009966923761221214,437.4209976196289,0.0035412191218611166,393.84339904785156,0.11458006477180716,50.99617644957436,73735240.0,1.1395297553788393,0.03767913182888772,0.008778599052738256,0.0006382611359698753,0.03063993477829685,0.040071067018192075,1,1,0,1,470.75,411.45001220703125,0.07239674394815578,0.06269218611099467
2025-10-23,420.0,449.3999938964844,413.8999938964844,448.9800109863281,126709800,TSLA,0.022803402824313368,10.010009765625,0.017405140550995287,0.029201091610243663,0.03103422677318375,443.4580017089844,0.012452158391692558,435.98199768066405,0.02981318810136857,438.70049743652345,0.02343173442900426,396.0353991699219,0.13368656419950464,56.261859961249804,83639220.0,1.5149567391948418,0.07906810800332269,0.04718369909347664,0.030858249937376403,0.02576946973925076,0.04318674251947896,1,1,1,1,470.75,411.45001220703125,0.04848765753701848,0.08358946469988772
2025-10-24,446.8299865722656,451.67999267578125,430.1700134277344,433.7200012207031,94727800,TSLA,-0.03398817183887881,-15.260009765625,0.023309120897074518,0.026086856104644934,0.03083846747185807,442.3400024414062,-0.01948727488612101,438.0049987792969,-0.009782987798166443,438.3664978027344,-0.01059957046289195,397.9981994628906,0.08975367679054846,43.25388785430163,84718460.0,1.1181482760663968,0.04959416025893924,-0.012724491518418146,0.04892503195751208,0.0640736153894379,0.02430141223659743,1,1,0,0,470.75,411.45001220703125,0.08537765995360162,0.05134646534859606
2025-10-27,439.9800109863281,460.1600036621094,438.69000244140625,452.4200134277344,105867500,TSLA,0.043115401997602554,18.70001220703125,0.030349905168867704,0.023913906648948432,0.032316588376025156,443.3380065917969,0.020485513763541796,439.65700073242186,0.02902947678315293,438.8269989013672,0.030975793559644638,400.4353997802734,0.12982022487518807,56.7450665853376,93148160.0,1.136549557178585,0.047455905095879575,0.011152629089773658,0.037898645933849506,-0.027231349097218138,0.021329723730326933,0,1,1,1,470.75,411.45001220703125,0.040515419363059406,0.0905574466308337
2025-10-28,454.7799987792969,467.0,451.6000061035156,460.54998779296875,80185700,TSLA,0.017969970655449252,8.129974365234375,0.029902139798571942,0.02324017092574211,0.03252462230519371,446.9280029296875,0.030479148260988076,442.7880004882812,0.040113976180701894,439.61849822998045,0.04761284988521641,402.9431994628906,0.14296503429482366,57.495537050330356,98302860.0,0.8157005808376278,0.033438267950638055,0.04055576466769173,0.07294287175222824,-0.008663533471134577,-0.03178804585581818,0,0,1,1,470.75,411.45001220703125,0.022147459510120465,0.10661160978688254
2025-10-29,462.5,465.70001220703125,452.6499938964844,461.510009765625,67983500,TSLA,0.0020845119924046696,0.96002197265625,0.02881364035012194,0.02317287863965519,0.03170313353919812,451.4360046386719,0.022315466696140707,445.4240020751953,0.036113922050644565,439.7209991455078,0.04955189918711844,405.58719970703123,0.13788110201453252,59.04058860262333,95094860.0,0.7149019410723145,0.028276782809487158,0.05134749181548126,0.06057684991123158,0.014864217907313293,-0.0693159846483049,1,0,1,1,470.75,411.45001220703125,0.020021213058991877,0.10847001473276043
2025-10-30,451.04998779296875,455.05999755859375,439.6099853515625,440.1000061035156,72447900,TSLA,-0.04639120107705208,-21.410003662109375,0.036858882884704264,0.028002630320579886,0.03131679070832283,449.6600036621094,-0.021260502336733267,446.5590026855469,-0.01446392647598127,439.9259994506836,0.0003955361880163544,407.91119995117185,0.07891130754977271,59.304850691399444,84242480.0,0.8599924883502955,0.035105685055131,-0.019778174229415524,0.026472317442602034,0.009452405372452732,0.011656452650913751,1,1,0,1,467.0,411.45001220703125,0.06112245744926721,0.06509882640116489
2025-10-31,446.75,458.0,443.69000244140625,456.55999755859375,83135800,TSLA,0.03740057084027071,16.459991455078125,0.035881997017699084,0.029358529509236914,0.032121070708230684,454.2280029296875,0.005133973717748264,448.28400268554685,0.018461499458976238,441.2625,0.03466756762379264,410.6402001953125,0.11182489522808647,57.53794599163974,81924080.0,1.014790767256709,0.031343082256691225,0.05266069416583874,0.03926612209115321,0.012068533807362058,-0.03710356258102132,1,0,1,1,467.0,411.45001220703125,0.022866660454777154,0.09880406867177013
2025-11-03,455.989990234375,474.07000732421875,453.79998779296875,468.3699951171875,84595200,TSLA,0.02586735066967427,11.80999755859375,0.03269001510638763,0.029845158314414987,0.030317475632061046,457.4179992675781,0.0239430802179752,450.3780029296875,0.03994864773692974,442.01849975585935,0.05961627256751223,413.20739990234375,0.13349856567883522,63.7597595509351,77669620.0,1.089167167291407,0.04327779264805036,0.03525481016767795,0.04680062307888222,-0.0479535232598719,-0.08064135065744704,0,0,1,1,474.07000732421875,411.45001220703125,0.012169891894131884,0.12152781669097891
2025-11-04,454.4599914550781,460.2200012207031,443.6000061035156,444.260009765625,87756600,TSLA,-0.05147636612701911,-24.1099853515625,0.04081292914989908,0.03462514693385447,0.030917509593228677,454.1600036621094,-0.021798471500475536,450.54400329589845,-0.013947568904044139,442.5770004272461,0.003802749209186551,415.1605999755859,0.07009193500479172,52.8399578435359,79183800.0,1.1082645692679562,0.037410513554788756,-0.03537070558921951,0.0037505730664655346,-0.033178815171163833,-0.09514702787124618,0,0,0,1,474.07000732421875,411.45001220703125,0.06710033967342771,0.0738531419379905
2025-11-05,452.04998779296875,466.3299865722656,440.7099914550781,462.07000732421875,85573000,TSLA,0.040089130615176494,17.80999755859375,0.04601900107944926,0.036527130996952366,0.032012364273582485,454.2720031738281,0.01716593603812,452.85400390625,0.020350937252343826,443.7460006713867,0.0412939082833601,417.3685998535156,0.10710294805692633,59.697325288629166,82701700.0,1.034718754269864,0.05544613307742959,0.0012134028444543699,0.05262319985256014,-0.036444686023679895,-0.12491613890923448,0,0,1,1,474.07000732421875,411.45001220703125,0.025970090700087378,0.10955048870261164
2025-11-06,461.9599914550781,467.45001220703125,435.0899963378906,445.9100036621094,109622900,TSLA,-0.03497306340156037,-16.160003662109375,0.04327475827860209,0.03806649960808399,0.033067418746818907,455.4340026855469,-0.02091191910853729,452.5470031738281,-0.014665878826225276,444.2645004272461,0.0037038818840595678,419.2947998046875,0.06347611243883677,51.860204715499265,90136700.0,1.2161849723808393,0.07257073311515477,0.013201539372910576,-0.006837737202318839,-0.014106004559808372,-0.08295393673743268,0,0,0,1,474.07000732421875,411.45001220703125,0.06315176477504587,0.07728014884633619
2025-11-07,437.9200134277344,439.3599853515625,421.8800048828125,429.5199890136719,103471500,TSLA,-0.03675632866235745,-16.3900146484375,0.04136641576497281,0.038349886298500814,0.03204178223734017,450.0260009765625,-0.04556628265565166,452.127001953125,-0.05000146605222422,445.0660003662109,-0.034929676362039364,420.96559936523437,0.02032087577069608,45.17692616824196,94203840.0,1.0983787922021013,0.04069654711272029,-0.05922553156105537,-0.009683694999562675,0.0025144745703775673,-0.06581763302469268,1,0,0,0,474.07000732421875,413.8999938964844,0.10372047739349523,0.036366165758796164
2025-11-10,439.6000061035156,449.6700134277344,433.3599853515625,445.2300109863281,76515900,TSLA,0.03657576451501576,15.71002197265625,0.043976339338667396,0.03757508131097113,0.030758881543206634,445.39800415039065,-0.0003771753858281546,451.4080017089844,-0.013686046103008831,445.5325012207031,-0.0006789408933045582,423.1927996826172,0.05207369151894414,50.66904203242206,92587980.0,0.8264128885844577,0.036632813767517376,-0.04940535126523138,-0.0158923173776766,-0.09711838754122282,-0.0926263273686182,0,0,0,0,474.07000732421875,413.8999938964844,0.06477549946375072,0.07036816098815453
