date,Open,High,Low,Close,Volume,symbol,price_change,daily_return,high_low_ratio,volume_change,MA_5,MA_10,MA_20,MA_50,MA_5_ratio,MA_10_ratio,MA_20_ratio,RSI_14,MACD,MACD_signal,MACD_histogram,BB_middle,BB_upper,BB_lower,BB_position,volatility_5,volatility_10,volatility_20,momentum_5,momentum_10,target_5_days,target_direction,date_dt,day_of_week,month,quarter
2024-02-01,188.5,189.8800048828125,184.27999877929688,188.86000061035156,91843300,TSLA,0.008382761388752824,0.8382761388752824,1.030388572501688,-0.11023004919522505,188.38399658203124,196.2509994506836,212.0365005493164,231.67679962158203,1.0025267752938507,0.9623390512098292,0.8906957062632037,19.439130044718766,-14.06055455309226,-11.852063535969906,-2.2084910171223537,212.0365005493164,251.03953132993448,173.03346976869832,0.20288847462487422,0.022984148092148327,0.042476371816455256,0.031177185731454136,0.034112662547080674,-0.10864642128544855,0.0037064330508311816,1,2024-02-01,3,2,1
2024-02-02,185.0399932861328,188.69000244140625,182.0,187.91000366210938,110612700,TSLA,-0.0050301649114266045,-0.5030164911426604,1.0367582551725618,0.20436330140576398,189.3159973144531,193.8229995727539,209.5355010986328,230.7229995727539,0.9925732971735696,0.9694928056851942,0.8967931576122566,22.029612195791955,-13.929765683632922,-12.26760396550251,-1.6621617181304131,209.5355010986328,247.95804903011773,171.11295316714788,0.21858324602670792,0.023609354095835002,0.042321332539681664,0.031140767072499763,0.025429760775494525,-0.11442574343718903,0.03012082141346184,1,2024-02-02,4,2,1
2024-02-05,184.25999450683594,184.67999267578125,175.00999450683594,181.05999755859375,134294400,TSLA,-0.03645365318513305,-3.645365318513305,1.055253976758268,0.2140956689421738,187.3419982910156,191.0489990234375,206.7140007019043,229.52019958496095,0.966467739269742,0.947714976179392,0.8758961509321985,18.26497996489057,-14.21499123651779,-12.657081419705566,-1.5579098168122236,206.7140007019043,244.77923721555172,168.64876418825688,0.1630258275932045,0.018691452261942982,0.04306592266152836,0.031549986624725884,-0.05169431464834218,-0.13285443049676493,0.03904787042720903,1,2024-02-05,0,2,1
2024-02-06,177.2100067138672,186.49000549316406,177.11000061035156,185.10000610351562,122676000,TSLA,0.0223130928940527,2.23130928940527,1.052961463782324,-0.08651440417470868,186.04400024414062,188.6449996948242,203.94650115966797,228.5379995727539,0.9949259630012997,0.9812081232100326,0.9075909861214163,24.99589649082931,-13.954184463980624,-12.91650202856058,-1.0376824354200451,203.94650115966797,239.6600894388482,168.23291288048776,0.23614391658399664,0.023479616598049913,0.044338791834000066,0.03204099265265415,-0.033874369008960015,-0.11494689373764377,-0.005834693654470757,0,2024-02-06,1,2,1
2024-02-07,188.17999267578125,189.7899932861328,182.67999267578125,187.5800018310547,111535200,TSLA,0.01339813963135228,1.339813963135228,1.0389205216521458,-0.09081482930646578,186.102001953125,186.61999969482423,201.57750091552734,227.58059967041015,1.0079418805946105,1.0051441546340174,0.9305602112294347,29.64823760977319,-13.39299221134604,-13.011800065117672,-0.3811921462283685,201.57750091552734,234.83002237847708,168.3249794525776,0.289527252842032,0.022915408214774155,0.045012772785258615,0.03244659053238644,0.0015484465551707238,-0.09743540307746934,0.006024122357298323,1,2024-02-07,2,2,1
2024-02-08,189.0,191.6199951171875,185.5800018310547,189.55999755859375,83034000,TSLA,0.010555473441792307,1.0555473441792307,1.0325465741272672,-0.2555354722096701,186.24200134277345,187.31299896240233,199.3585006713867,226.65019958496094,1.0178155098844412,1.011995956546734,0.9508498354482292,31.562647316819934,-12.642736602539799,-12.937987372602098,0.2952507700622995,199.3585006713867,229.2735664500037,169.44343489276972,0.3362279530771275,0.02312141034821248,0.021962060944431996,0.03276889141442652,0.0037064330508311816,0.03794553189782812,0.05744882638691906,1,2024-02-08,3,2,1
2024-02-09,190.17999267578125,194.1199951171875,189.47999572753906,193.57000732421875,84476300,TSLA,0.021154303741671487,2.1154303741671487,1.0244880699507746,0.0173699930149096,187.3740020751953,188.34499969482422,197.6760009765625,225.58719970703126,1.0330675823775004,1.0277416848754182,0.979228668973172,37.715765141189934,-11.590965912313663,-12.668583080544412,1.0776171682307485,197.6760009765625,224.63193128968908,170.72007066343593,0.4238387693422645,0.024358675266644966,0.022620511775211776,0.0331585185342234,0.03012082141346184,0.0563165474718621,0.032959597988428735,1,2024-02-09,4,2,1
2024-02-12,192.11000061035156,194.72999572753906,187.27999877929688,188.1300048828125,95498600,TSLA,-0.028103539988478476,-2.8103539988478476,1.0397799925074849,0.13047801572748807,188.78800354003906,188.06500091552735,196.13800125122071,224.46699981689454,0.9965146161573396,1.000345646276387,0.9591716224427551,34.34193555283592,-11.06879857584056,-12.348626179603643,1.2798276037630831,196.13800125122071,221.45801122925815,170.81799127318328,0.34186427305213646,0.02071800618602308,0.020949467159150657,0.032814939973040705,0.03904787042720903,-0.014664997121344947,0.029926058990592086,1,2024-02-12,0,2,1
2024-02-13,183.99000549316406,187.25999450683594,182.11000061035156,184.02000427246094,86759500,TSLA,-0.021846598116614713,-2.1846598116614713,1.0282795776136615,-0.09151024203496172,188.57200317382814,187.30800170898436,194.34350128173827,223.34579986572265,0.9758606854424137,0.9824460385753733,0.9468801532277046,32.96609488611256,-10.861416254633639,-12.051184194609643,1.1897679399760044,194.34350128173827,217.57040015924025,171.1166024042363,0.27776850315396884,0.02236529744774575,0.021824023921001977,0.032854355765293664,-0.005834693654470757,-0.039511416097524954,0.058417561952033736,1,2024-02-13,1,2,1
2024-02-14,185.3000030517578,188.88999938964844,183.35000610351562,188.7100067138672,81203000,TSLA,0.025486372853585015,2.5486372853585015,1.0302153973368566,-0.06404485964073103,188.79800415039062,187.45000305175782,193.00150146484376,222.3433999633789,0.9995339069556406,1.00672181190502,0.9777644488856048,56.15633794155991,-10.201029155745289,-11.681153186836772,1.4801240310914832,193.00150146484376,214.0706768690642,171.93232606062332,0.3981570310977399,0.02482468357792555,0.022528186027540864,0.033574217443295584,0.006024122357298323,0.007581896943981148,0.046102467482996845,1,2024-02-14,2,2,1
2024-02-15,189.16000366210938,200.8800048828125,188.86000061035156,200.4499969482422,120831800,TSLA,0.06221180550417671,6.221180550417671,1.0636450504798003,0.4880213785204981,190.97600402832032,188.60900268554687,192.43000106811525,221.64079986572267,1.0496082896284549,1.0627806419316945,1.0416774714733181,64.21486992579187,-8.630857374036509,-11.07109402427672,2.4402366502402106,192.43000106811525,211.90264402451527,172.95735811171522,0.7059298241662422,0.03721744918604622,0.029761728061272065,0.036738484219067155,0.05744882638691906,0.06136818966660207,-0.042304793497845106,0,2024-02-15,3,2,1
2024-02-16,202.05999755859375,203.1699981689453,197.39999389648438,199.9499969482422,111346700,TSLA,-0.0024943876658132247,-0.24943876658132247,1.0292300124157385,-0.07849837542766058,192.252001953125,189.81300201416016,191.81800079345703,220.86539978027344,1.0400411694906257,1.0534051662768908,1.042394332758902,58.45836501514861,-7.342194498064828,-10.325314119034342,2.9831196209695143,191.81800079345703,209.34827511593517,174.2877264709789,0.7319414974686942,0.03723105128840297,0.02966446096020604,0.03672893518281958,0.032959597988428735,0.06407318956675945,-0.0027507029765055924,0,2024-02-16,4,2,1
2024-02-20,196.1300048828125,198.60000610351562,189.1300048828125,193.75999450683594,104545800,TSLA,-0.030957752117438453,-3.0957752117438453,1.0500713846360383,-0.061078595054905094,193.37799987792968,191.08300170898437,191.06600036621094,219.9531997680664,1.00197537790828,1.0140095810402254,1.0140998091521332,51.84366812340298,-6.742675978050329,-9.608786490837542,2.8661105127872126,191.06600036621094,206.71879769940455,175.41320303301734,0.5860547186320512,0.037920302715647995,0.028816520081311324,0.037172658196795015,0.029926058990592086,0.07014247829166287,0.030811320138081966,1,2024-02-20,1,2,1
2024-02-21,193.36000061035156,199.44000244140625,191.9499969482422,194.77000427246094,103500300,TSLA,0.00521268473502845,0.521268473502845,1.039020607513652,-0.010000401737802922,195.5279998779297,192.0500015258789,190.34750061035157,218.99579986572266,0.9961233398493209,1.0141629925799063,1.023233841515799,56.73146796836851,-6.1155575439942425,-8.910140701468883,2.7945831574746407,190.34750061035157,203.64984050690677,177.04516071379638,0.6662302909300425,0.03465751166031809,0.02832129101986657,0.03720501548680755,0.058417561952033736,0.052242019719531685,0.03732601968577254,1,2024-02-21,2,2,1
2024-02-22,194.0,198.32000732421875,191.36000061035156,197.41000366210938,92739500,TSLA,0.013554445406056326,1.3554445406056326,1.0363712724271945,-0.10396878076681904,197.26799926757812,193.0330017089844,189.8265007019043,218.06720001220702,1.0007198551972873,1.0226748893421018,1.0399496536688198,57.54900230511909,-5.3439342321664185,-8.196899407608392,2.852965175441973,189.8265007019043,200.870293474019,178.7827079297896,0.8433377969275747,0.03388970690900249,0.028326200576480134,0.037373364169201805,0.046102467482996845,0.05240431674538604,0.02264323558979342,1,2024-02-22,3,2,1
2024-02-23,195.30999755859375,197.57000732421875,191.5,191.97000122070312,78841900,TSLA,-0.027556873210526134,-2.7556873210526134,1.0316971661839098,-0.14985631796591525,195.5720001220703,193.2740020751953,190.29350051879882,217.1117999267578,0.9815822362141875,0.9932530974653029,1.0088100786276655,53.32133168828744,-5.112446826690814,-7.580008891424876,2.4675620647340626,190.29350051879882,200.83443546274106,179.7525655748566,0.5795233397616105,0.019862057963347918,0.03007689209762522,0.025658289250743614,-0.042304793497845106,0.012713672152081745,0.05558159140020158,1,2024-02-23,4,2,1
2024-02-26,192.2899932861328,201.77999877929688,192.0,199.39999389648438,111747100,TSLA,0.03870392576202142,3.870392576202142,1.0509374936421711,0.41735676080865636,195.46199951171874,193.85700073242188,191.10100021362305,216.35959991455078,1.0201471098965686,1.0285932060390917,1.043427264501935,64.86223072075876,-4.280114579584165,-6.9200300290567345,2.6399154494725696,191.10100021362305,201.8425077724803,180.3594926547658,0.8863048849236309,0.02926787834675372,0.031802844674331754,0.026886214258427563,-0.0027507029765055924,0.03011823294763194,-0.05646938240470256,0,2024-02-26,0,2,1
2024-02-27,204.0399932861328,205.60000610351562,198.25999450683594,199.72999572753906,108645400,TSLA,0.0016549741281637331,0.1654974128163733,1.037022151720208,-0.02775642499894848,196.65599975585937,195.01699981689453,191.54100036621094,215.5683999633789,1.0156313358122606,1.0241671029452286,1.0427532243523394,62.61423369389751,-3.5529012532531397,-6.246604273896017,2.693703020642877,191.54100036621094,202.95302767207352,180.12897306034836,0.8587879323212484,0.02383110787309302,0.02985809620170666,0.02541023396501225,0.030811320138081966,0.061659440512704444,-0.09507830892000879,0,2024-02-27,1,2,1
2024-02-28,200.4199981689453,205.3000030517578,198.44000244140625,202.0399932861328,99806200,TSLA,0.01156560160219966,1.156560160219966,1.0345696458675318,-0.08135825354778026,198.10999755859376,196.81899871826172,192.06350021362306,214.5881997680664,1.019837442713494,1.0265268830848222,1.0519437220576184,62.50431479020355,-2.7583850099634617,-5.548960421109506,2.790575411146044,192.06350021362306,204.40410136129168,179.72289906595444,0.9042142255928313,0.023926885850577173,0.02816802492121362,0.025489864253511633,0.03732601968577254,0.09792407670522274,-0.12621263535624072,0,2024-02-28,2,2,1
2024-02-29,204.17999267578125,205.27999877929688,198.4499969482422,201.8800048828125,85907000,TSLA,-0.0007918650199801869,-0.07918650199801869,1.0344167394108654,-0.1392618895419323,199.00399780273438,198.13599853515626,192.79300079345703,213.55579986572266,1.014452006551793,1.0188961439381845,1.0471334750325847,61.00000653948103,-2.1172287944319805,-4.862614095774001,2.7453853013420204,192.79300079345703,205.6592237935747,179.92677779333934,0.8531340972899489,0.02389215843039621,0.027758392267777404,0.024804481198677928,0.02264323558979342,0.06978961210527856,-0.1150684090770292,0,2024-02-29,3,2,1
2024-03-01,200.52000427246094,204.52000427246094,198.5,202.63999938964844,82243100,TSLA,0.003764585340074067,0.3764585340074067,1.0303274774431281,-0.04264960946139429,201.13799743652345,198.35499877929686,193.48200073242188,212.56699981689454,1.0074675196743916,1.0216026852699556,1.0473325612850763,58.59715136404935,-1.5301441202431079,-4.196120100667822,2.6659759804247143,193.48200073242188,206.9243847664885,180.03961669835527,0.840638931086098,0.01617524427655289,0.01991135929646783,0.024783490551629084,0.05558159140020158,0.010925430155889426,-0.13472168937023987,0,2024-03-01,4,3,1
2024-03-04,198.72999572753906,199.75,186.72000122070312,188.13999938964844,134334900,TSLA,-0.07155546804023882,-7.155546804023882,1.069783626253812,0.6333880896999262,198.88599853515626,197.1739990234375,193.49350051879884,211.18539978027343,0.9459690514935455,0.9541826017703521,0.9723323981694657,50.008084864664305,-2.209435112029695,-3.798783102940197,1.5893479909105022,193.49350051879884,206.91619302898823,180.07080800860945,0.3005802067995498,0.034126574036045104,0.030514073423208776,0.029957572002705095,-0.05646938240470256,-0.05906475488294616,-0.05511850298091403,0,2024-03-04,0,3,1
2024-03-05,183.0500030517578,184.58999633789062,177.57000732421875,180.74000549316406,119660800,TSLA,-0.03933237971984138,-3.933237971984138,1.0395336415166911,-0.109235202467862,195.08800048828124,195.87200012207032,193.47750091552734,209.85739990234376,0.9264537287828779,0.922745493896648,0.9341654954085618,47.480798763920426,-3.3067773097355655,-3.700381944299271,0.3936046345637054,193.47750091552734,206.9632104850646,179.9917913459901,0.027741000327639504,0.03521057074396671,0.03138850269978361,0.030150713305138844,-0.09507830892000879,-0.06719647699624864,-0.017705057595299722,0,2024-03-05,1,3,1
2024-03-06,179.99000549316406,181.5800018310547,173.6999969482422,176.5399932861328,107920900,TSLA,-0.02323786698783792,-2.323786698783792,1.0453656017343542,-0.09810982376851907,189.98800048828124,194.0489990234375,193.04950027465821,208.2981997680664,0.9292165443734015,0.9097701826578868,0.914480446905914,40.581940731364014,-4.463877984741373,-3.8530811523876918,-0.6107968323536812,193.04950027465821,208.10650617483213,177.9924943744843,-0.04823339706384471,0.0307481589958792,0.03150029710336759,0.03012449711702393,-0.12621263535624072,-0.0935976309823684,-0.039990924589823895,0,2024-03-06,2,3,1
2024-03-07,174.35000610351562,180.0399932861328,173.6999969482422,178.64999389648438,102129000,TSLA,0.011951969472048907,1.1951969472048907,1.0364996917056928,-0.05366801055217296,185.3419982910156,192.172998046875,192.60299987792968,206.82039978027345,0.9638937507082245,0.9296310913196448,0.9275556144489514,30.17460463275522,-5.1512488012593,-4.1127146821620135,-1.038534119097286,192.60299987792968,208.82729546944958,176.37870428640977,0.06999655539010761,0.03376423925076361,0.03137480976149278,0.030087479264011317,-0.1150684090770292,-0.09503069458290969,-0.09040019282531975,0,2024-03-07,3,3,1
2024-03-08,181.5,182.72999572753906,174.6999969482422,175.33999633789062,85544600,TSLA,-0.018527834714126334,-1.8527834714126334,1.0459645044050911,-0.16238678534010909,179.88199768066406,190.50999755859374,191.89199981689453,205.195,0.974750106173289,0.9203716266069586,0.9137431289746419,28.70738581980686,-5.895128889515746,-4.46919752363276,-1.4259313658829864,191.89199981689453,209.83326599128694,173.95073364250212,0.03871696350426499,0.030553080344485842,0.030923572652639064,0.030151314027926913,-0.13472168937023987,-0.08662814386135986,-0.06712666396428113,0,2024-03-08,4,3,1
2024-03-11,175.4499969482422,182.8699951171875,174.8000030517578,177.77000427246094,85391500,TSLA,0.013858834181150304,1.3858834181150304,1.0461670018566314,-0.0017897096952934621,177.80799865722656,188.3469985961914,191.10199966430665,203.5216000366211,0.9997863179100347,0.9438430428806188,0.9302362329265788,35.20267388891557,-6.216913181665319,-4.818740655239272,-1.3981725264260474,191.10199966430665,210.09288914685632,172.11111018175697,0.14898970624582394,0.023205039637291196,0.027512397692147875,0.029880807798608956,-0.05511850298091403,-0.10847537756321268,-0.022332233364963372,0,2024-03-11,0,3,1
2024-03-12,177.77000427246094,179.42999267578125,172.41000366210938,177.5399932861328,87391700,TSLA,-0.0012938683737420131,-0.1293868373742013,1.040716831184748,0.023423877083784683,177.16799621582032,186.12799835205078,190.57249908447267,202.00880004882814,1.0020996854864201,0.9538596818213548,0.9316139219407356,33.82158592833039,-6.4165238233509285,-5.138297288861604,-1.2782265344893249,190.57249908447267,210.48067668272552,170.66432148621982,0.17268461078316896,0.017032073326585705,0.027376381283629025,0.02933046688111511,-0.017705057595299722,-0.11109999957981609,-0.03503428070930248,0,2024-03-12,1,3,1
2024-03-13,173.0500030517578,176.0500030517578,169.14999389648438,169.47999572753906,106524500,TSLA,-0.04539820808488959,-4.539820808488959,1.0407922518725958,0.218931546130811,175.75599670410156,182.87199859619142,189.84549865722656,200.42880004882812,0.9642913977659117,0.9267684338146055,0.8927259109447825,26.197367644240032,-7.142753916828923,-5.5391886144550675,-1.6035653023738554,189.84549865722656,211.72546647098852,167.9655308434646,0.034608480619471235,0.024648799970309256,0.02799552457279238,0.03059442077737597,-0.039990924589823895,-0.16115619996325026,0.036464527321002915,1,2024-03-13,2,3,1
2024-03-14,167.77000427246094,171.1699981689453,160.50999450683594,162.5,126325700,TSLA,-0.04118477639544138,-4.118477639544138,1.0664133326704175,0.18588399851677306,172.5259979248047,178.93399810791016,188.5349983215332,198.7104000854492,0.9418870312567355,0.9081560894984347,0.8619089370498079,25.52731655618129,-8.187147479251195,-6.068780387414293,-2.1183670918369017,188.5349983215332,213.60803035129265,163.46196629177376,-0.019183286062730565,0.025403041883095324,0.028300460575270272,0.030882479617606113,-0.09040019282531975,-0.19506639553368266,0.06350773737980764,1,2024-03-14,3,3,1
2024-03-15,163.16000366210938,165.17999267578125,160.75999450683594,163.57000732421875,97146800,TSLA,0.006584660456730784,0.6584660456730784,1.027494391141929,-0.23098150257627703,170.1720001220703,175.0269989013672,186.69099884033204,197.21280029296875,0.9612040006986126,0.9345415755908333,0.8761536889312613,16.731678262589412,-8.82674700822838,-6.620373711577111,-2.20637329665127,186.69099884033204,213.4428697774558,159.9391279032083,0.0678621586793742,0.027770626017243533,0.02858829749680874,0.02651830963270379,-0.06712666396428113,-0.1928049357634647,0.044384631544618136,1,2024-03-15,4,3,1
2024-03-18,170.02000427246094,174.72000122070312,165.89999389648438,173.8000030517578,108214400,TSLA,0.06254200201423088,6.254200201423088,1.0531646030663637,0.11392655239287341,169.37799987792968,173.59299926757814,185.3834991455078,195.93020050048827,1.0261073054175576,1.0011924661999796,0.937516034883676,29.662750842524503,-8.411200005563785,-6.978538970374446,-1.432661035189339,185.3834991455078,211.96241035872214,158.8045879322935,0.282092351322672,0.04371327899170891,0.033217790371630807,0.03105709204186602,-0.022332233364963372,-0.07621981707458014,-0.0067318650656000845,0,2024-03-18,0,3,1
2024-03-19,172.36000061035156,172.82000732421875,167.4199981689453,171.32000732421875,77271400,TSLA,-0.014269250195585559,-1.4269250195585559,1.03225426600366,-0.2859416122068782,168.13400268554688,172.6509994506836,184.26149978637696,194.60680053710936,1.0189491987806327,0.9922908518879149,0.9297656185521018,25.969972745682156,-8.187609277974246,-7.2203530318944065,-0.96725624607984,184.26149978637696,211.2430586056539,157.2799409671,0.26017893278812027,0.043915691922528644,0.03143896355711922,0.030586641658836664,-0.03503428070930248,-0.05211905434683406,0.03706508623192728,1,2024-03-19,1,3,1
2024-03-20,173.0,176.25,170.82000732421875,175.66000366210938,83846700,TSLA,0.025332688257929448,2.5332688257929448,1.031787802616558,0.08509357925442007,169.37000427246093,172.56300048828126,183.30599975585938,193.31100067138672,1.0371376231385687,1.0179470869483314,0.9582883478776826,30.748899507551187,-7.572914734783495,-7.290865372472224,-0.2820493623112714,183.30599975585938,210.07329683107628,156.53870268064247,0.3571765376185626,0.039345009560675805,0.032036879405598274,0.03128688737302067,0.036464527321002915,-0.004984647431118705,0.023739030411080497,1,2024-03-20,2,3,1
2024-03-21,176.38999938964844,178.17999267578125,171.8000030517578,172.82000732421875,73178000,TSLA,-0.016167575308454918,-1.6167575308454918,1.0371361438340683,-0.12724054733221457,171.4340057373047,171.9800018310547,182.07649993896484,192.06820068359374,1.008084752969244,1.0048843207595104,0.9491615193731809,28.754639004008638,-7.231567837758831,-7.2790058655295455,0.047438027770714264,182.07649993896484,208.3708604729388,155.7821394049909,0.3239833099803639,0.03256466685273081,0.03210132218580288,0.03108029789036329,0.06350773737980764,-0.03263356715054644,0.017185428978383488,1,2024-03-21,3,3,1
2024-03-22,166.69000244140625,171.1999969482422,166.3000030517578,170.8300018310547,75580600,TSLA,-0.01151490226146512,-1.151490226146512,1.0294647853671977,0.032832271994315265,172.88600463867186,171.52900238037108,181.0194999694824,190.80600067138673,0.9881077545176998,0.9959248841909175,0.9437104945039316,34.99220259391416,-7.040466657632805,-7.231298023950198,0.19083136631739261,181.0194999694824,207.33889847424805,154.70010146471677,0.30642608271266697,0.03438407472884011,0.03179597214563566,0.03070397402111216,0.044384631544618136,-0.02572142466653704,0.02569805855291163,1,2024-03-22,4,3,1
2024-03-25,168.75999450683594,175.24000549316406,168.72999572753906,172.6300048828125,74228600,TSLA,0.010536808713131895,1.0536808713131895,1.0385824093549862,-0.0178881882387808,172.65200500488282,171.01500244140624,179.68100051879884,189.7142007446289,0.9998725753455936,1.0094436301982312,0.9607582570465003,42.21240916746008,-6.666920285512049,-7.118422476262569,0.4515021907505199,179.68100051879884,204.75808361564555,154.60391742195213,0.3594135608045866,0.0183232481600088,0.031627021592610396,0.02918456045856701,-0.0067318650656000845,-0.02891376084893693,-0.03475641447193967,0,2024-03-25,0,3,1
2024-03-26,178.5800018310547,184.25,177.3800048828125,177.6699981689453,113186200,TSLA,0.029195349264770964,2.9195349264770964,1.0387303806972281,0.5248327464077189,173.92200317382813,171.0280029296875,178.57800064086913,188.88980072021485,1.0215498610108074,1.0388357176923153,0.9949153732897376,51.067855608203004,-5.896228702928056,-6.873983721595667,0.9777550186676107,178.57800064086913,201.8151542215423,155.34084706019598,0.48046226985651486,0.020734229060621882,0.03318563236005786,0.030234052634325086,0.03706508623192728,0.0007322568870609114,-0.05228791231988994,0,2024-03-26,1,3,1
2024-03-27,181.41000366210938,181.91000366210938,176.0,179.8300018310547,81804000,TSLA,0.012157391142962881,1.2157391142962881,1.033579566261985,-0.2772617156508479,174.7560028076172,172.06300354003906,177.46750106811524,188.08820068359375,1.029034762422572,1.0451404318837678,1.013312300836606,51.1140556882344,-5.052909037511057,-6.509768784778744,1.4568597472676874,177.46750106811524,197.94225280157877,156.9927493346517,0.5576930258714254,0.018627814678480265,0.029063149359177115,0.030251811784167883,0.023739030411080497,0.061069190255082395,-0.04849024707732208,0,2024-03-27,2,3,1
2024-03-28,177.4499969482422,179.57000732421875,175.3000030517578,175.7899932861328,77654800,TSLA,-0.022465709302040393,-2.2465709302040393,1.0243582669602134,-0.050721236125372826,175.35,173.39200286865236,176.16300048828126,187.29300048828125,1.0025092288915474,1.013829878989846,0.997882601902133,50.4190694727975,-4.656885376878819,-6.139192103198759,1.4823067263199405,176.16300048828126,193.10924790830637,159.21675306825614,0.4889944011525624,0.020520416513805696,0.02611688764270352,0.030466716433449403,0.017185428978383488,0.0817845740685097,-0.06194891521454704,0,2024-03-28,3,3,1
2024-04-01,176.1699981689453,176.75,170.2100067138672,175.22000122070312,81562100,TSLA,-0.003242460249155976,-0.3242460249155976,1.0384230834155768,0.05031627149899287,176.22799987792968,174.55700225830077,174.792000579834,186.55980041503906,0.9942801447106886,1.0037981802724893,1.002448628309358,47.54003187182029,-4.339009962778107,-5.779155675114629,1.4401457123365224,174.792000579834,186.2751474483152,163.30885371135278,0.5186360344325082,0.019295878003015344,0.02636781502166071,0.030383231625100836,0.02569805855291163,0.07122328895781282,-0.012783960036289455,0,2024-04-01,0,4,2
2024-04-02,164.75,167.69000244140625,163.42999267578125,166.6300048828125,116650600,TSLA,-0.049024062767074494,-4.902406276707449,1.0260662666373372,0.4302059412398651,175.0279998779297,173.84000244140626,173.71650085449218,185.64860046386718,0.952019134075838,0.9585250951602815,0.9592065466618197,40.93704043313777,-4.725756739792729,-5.56847588805025,0.8427191482575207,173.71650085449218,183.8903864431421,163.54261526584227,0.15173109575826915,0.030397009948163623,0.023835996574117606,0.028194774690725264,-0.03475641447193967,-0.041254304045150514,0.06151353117470415,1,2024-04-02,1,4,2
2024-04-03,164.02000427246094,168.82000732421875,163.27999877929688,168.3800048828125,82950100,TSLA,0.01050231020055925,1.050231020055925,1.0339294989364265,-0.28890121439581107,173.1700012207031,173.54600219726564,173.0985008239746,184.8402005004883,0.9723393410860706,0.970232691914268,0.9727409774278728,48.97922136548063,-4.8353075566583925,-5.421842221771878,0.5865346651134855,173.0985008239746,182.97321967624282,163.2237819717064,0.2610820109537464,0.025663063708517588,0.02393097082479605,0.02724998154008098,-0.05228791231988994,-0.01716088206698685,0.02007358074597887,1,2024-04-03,2,4,2
2024-04-04,170.07000732421875,177.19000244140625,168.00999450683594,171.11000061035156,123162000,TSLA,0.016213301154368365,1.6213301154368365,1.054639653798672,0.48477217025657593,171.4260009765625,173.09100189208985,172.82700119018554,184.07960052490233,0.9981566368904905,0.9885551457898817,0.9900652064318091,58.67419142697532,-4.648257311759039,-5.267125239769311,0.618867928010272,172.82700119018554,182.60139163464382,163.05261074572726,0.4121684063271968,0.026601836634078196,0.02294979773342922,0.027149571302868863,-0.04849024707732208,-0.02590232811625104,0.020396268369558657,1,2024-04-04,3,4,2
2024-04-05,169.0800018310547,170.86000061035156,160.50999450683594,164.89999389648438,143157600,TSLA,-0.036292482565110196,-3.6292482565110196,1.0644820039731222,0.1623520241632972,169.2480010986328,172.29900054931642,172.13950119018554,183.22100036621094,0.9743098460606661,0.9570571702143202,0.9579439510185247,51.21415632558702,-4.94412153225457,-5.202524498266364,0.25840296601179347,172.13950119018554,182.12144215996946,162.15756022040162,0.13736976026928557,0.028893187524823866,0.02507690074655633,0.02804694155223662,-0.06194891521454704,-0.045828104918871126,0.03729538740392013,1,2024-04-05,4,4,2
2024-04-08,169.33999633789062,174.5,167.7899932861328,172.97999572753906,104423300,TSLA,0.04899940648952894,4.899940648952894,1.0399905058844874,-0.27057103499918966,168.8,172.51399993896484,172.02150115966796,183.02800018310546,1.0247630078645678,1.0027012056339721,1.005571946305604,49.220821550446225,-4.475022168259471,-5.0570240322649855,0.5820018640055142,172.02150115966796,181.8993948513305,162.14360746800543,0.548517153443356,0.04023734784098745,0.029988038208746792,0.030144336878895533,-0.012783960036289455,0.012585575563071494,-0.06648167582402797,0,2024-04-08,0,4,2
2024-04-09,172.91000366210938,179.22000122070312,171.9199981689453,176.8800048828125,102951700,TSLA,0.02254601255405486,2.254601255405486,1.0424616282544636,-0.01409264024408341,170.85,172.93899993896486,171.97700119018555,182.90060028076172,1.0352941462265877,1.0227884106259348,1.0285096475615645,55.14433445543582,-3.7453849314522074,-4.794696212102431,1.0493112806502234,171.97700119018555,181.75335169231516,162.20065068805593,0.7507583832821314,0.03094979110958352,0.030616981494232583,0.03041961379605198,0.06151353117470415,0.024619126917623912,-0.11177071306369013,0,2024-04-09,1,4,2
2024-04-10,173.0399932861328,174.92999267578125,170.00999450683594,171.75999450683594,84532400,TSLA,-0.028946236061948905,-2.8946236061948905,1.0289394643133611,-0.17891205293356016,171.5259979248047,172.3479995727539,171.6880012512207,182.51720031738282,1.001364204755327,0.9965882686925545,1.0004193260745688,46.4428971646554,-3.539483252476572,-4.54365362017726,1.004170367700688,171.6880012512207,181.10713832158459,162.2688641808568,0.5038216481551032,0.03614462073213047,0.03058051372700019,0.031111066710882155,0.02007358074597887,-0.03326393720390308,-0.09495806986617372,0,2024-04-10,2,4,2
2024-04-11,172.5500030517578,175.8800048828125,168.50999450683594,174.60000610351562,94516000,TSLA,0.01653476762638495,1.653476762638495,1.0437363397794046,0.11810382764478478,172.2239990234375,171.825,171.94400177001953,182.1774005126953,1.013796027810008,1.0161501882934127,1.015446914728951,51.62349284073253,-3.111274650096931,-4.257177826161194,1.1459031760642633,171.94400177001953,181.38873785358106,162.499265686458,0.6406076522412758,0.036170932388086434,0.03085100957519801,0.02952134011346506,0.020396268369558657,-0.029082998800458726,-0.14129445913712158,0,2024-04-11,3,4,2
2024-04-12,172.33999633789062,173.80999755859375,170.36000061035156,171.0500030517578,64722700,TSLA,-0.020332204625772565,-2.0332204625772565,1.0202512146975924,-0.3152196453510516,173.4540008544922,171.3510009765625,172.37150192260742,181.8526007080078,0.9861404303683312,0.9982433839132002,0.9923334260239669,50.195105607100786,-3.02351858512381,-4.010445977953717,0.9869273928299069,172.37150192260742,180.72764526855335,164.0153585766615,0.42092650783146573,0.03214354946064772,0.030704760133780692,0.028260847695651386,0.03729538740392013,-0.02696393660280616,-0.14030984841747052,0,2024-04-12,4,4,2
2024-04-15,170.24000549316406,170.69000244140625,161.3800048828125,161.47999572753906,100245300,TSLA,-0.05594859487563397,-5.594859487563397,1.0576899075282238,0.5488429870818121,171.15400085449218,169.97700042724608,172.26700134277343,181.30500061035156,0.9434777739424418,0.9500108563020329,0.9373820550009424,41.309429259798144,-3.683727168799095,-3.945102216122793,0.261375047323698,172.26700134277343,181.12386983764662,163.41013284790023,-0.1089627288402457,0.032742114310036326,0.03509367063595893,0.031148590431960027,-0.06648167582402797,-0.0784157367734376,-0.12032445621663856,0,2024-04-15,0,4,2
2024-04-16,156.74000549316406,158.19000244140625,153.75,157.11000061035156,97000000,TSLA,-0.027062145360474688,-2.7062145360474688,1.0288780646595528,-0.032373587589642594,167.2,169.025,171.43250122070313,180.6890005493164,0.939653113698275,0.9295074729202872,0.9164539949638096,33.80593563621993,-4.507608408447965,-4.057603454587827,-0.4500049538601374,171.43250122070313,182.540263662316,160.32473877909027,-0.144706829374356,0.026016676421379396,0.03282541897554071,0.027929634163563453,-0.11177071306369013,-0.05713259313144814,-0.07911659274572835,0,2024-04-16,1,4,2
2024-04-17,157.63999938964844,158.3300018310547,153.77999877929688,155.4499969482422,82439700,TSLA,-0.010565868854054306,-1.0565868854054306,1.0295877428005962,-0.15010618556701028,163.93800048828126,167.73199920654298,170.6390007019043,180.1768005371094,0.9482243072700779,0.9267760336942213,0.9109875017365089,30.644657973669027,-5.2341525959371324,-4.292913282857689,-0.9412393130794436,170.6390007019043,183.84905478488463,157.428946618924,-0.07490316308513284,0.02629020102501693,0.032365776468468645,0.02787481252742711,-0.09495806986617372,-0.07679063760313598,0.042972068611840886,1,2024-04-17,2,4,2
2024-04-18,151.25,152.1999969482422,148.6999969482422,149.92999267578125,96098800,TSLA,-0.03550983840996058,-3.550983840996058,1.0235373239531285,0.16568594985183105,159.00399780273438,165.61399841308594,169.35250015258788,179.47340026855468,0.9429322202438543,0.9052978257418521,0.8853131340883258,29.941059824786777,-6.1840761309932475,-4.6711458524848,-1.5129302785084473,169.35250015258788,185.2432596759502,153.46174062922555,-0.11112583851803866,0.017200312591143817,0.032290527183823955,0.027770110392594374,-0.14129445913712158,-0.12378007047525541,0.13506303601168024,1,2024-04-18,3,4,2
2024-04-19,148.97000122070312,150.94000244140625,146.22000122070312,147.0500030517578,87074500,TSLA,-0.0192088959161848,-1.9208895916184798,1.0322801339166918,-0.09390647958143072,154.20399780273436,163.8289993286133,168.06399993896486,178.66280029296874,0.9536069437049984,0.8975822574414946,0.8749643177906118,28.905209307193743,-7.087587176831164,-5.154434117354073,-1.9331530594770907,168.06399993896486,186.7109991135261,149.4170007644036,-0.06346859595175298,0.017362827355722643,0.031339067328169844,0.02782822580285794,-0.14030984841747052,-0.10824737116686522,0.1444405970321474,1,2024-04-19,4,4,2
2024-04-22,140.55999755859375,144.44000244140625,138.8000030517578,142.0500030517578,107097600,TSLA,-0.03400203941675628,-3.400203941675628,1.0406340004729344,0.22995366037129128,150.31799926757813,160.73600006103516,166.625,177.71260040283204,0.944996632099243,0.8837472812426473,0.8525131465971961,30.547652048620392,-8.11355637597103,-5.746258569077464,-2.367297806893565,166.625,188.53048163850258,144.71951836149742,-0.06093258650491129,0.010455417772728697,0.023776462997430556,0.028439260528998714,-0.12032445621663856,-0.17880676054876954,0.36606827795035746,1,2024-04-22,0,4,2
2024-04-23,143.3300018310547,147.25999450683594,141.11000061035156,144.67999267578125,124545100,TSLA,0.018514534090260826,1.8514534090260826,1.0435829768966298,0.1629121474244053,147.83199768066407,157.51599884033203,165.22749938964844,176.73480010986327,0.9786784657291072,0.9185098259284623,0.8756411203354779,31.501715719785295,-8.615116475079077,-6.320030150277788,-2.2950863248012894,165.22749938964844,189.00608861484906,141.44891016444782,0.06794100526176539,0.0219981126770913,0.02301090035981099,0.02877861138109172,-0.07911659274572835,-0.18204438782305876,0.2667957427259193,1,2024-04-23,1,4,2
2024-04-24,162.83999633789062,167.97000122070312,157.50999450683594,162.1300048828125,181178000,TSLA,0.12061109407252757,12.061109407252758,1.0664085269421633,0.4547180097811958,149.16799926757812,156.5529998779297,164.45049972534179,176.2148001098633,1.0868953507379493,1.035623750482146,0.9858894023040071,44.300589839604605,-7.517874935356957,-6.5595991072936215,-0.9582758280633357,164.45049972534179,187.52226569292694,141.37873375775663,0.4497113735075702,0.06551290542109339,0.04957185820175433,0.04009724988250627,0.042972068611840886,-0.05606654594787008,0.11015851521907227,1,2024-04-24,2,4,2
2024-04-25,158.9600067138672,170.8800048828125,158.36000061035156,170.17999267578125,126427500,TSLA,0.04965143743002587,4.965143743002587,1.0790603954547,-0.30219176721235474,153.21799926757814,156.11099853515626,163.96799926757814,175.93799987792968,1.1107049660567678,1.0901217356409174,1.0378854010291716,53.27461988366077,-5.930374703538888,-6.433754226542676,0.5033795230037876,163.96799926757814,186.06871227686224,141.86728625829403,0.6405383031215682,0.0616534152681532,0.05218515123948155,0.041727236664827784,0.13506303601168024,-0.025315081748129353,0.05776238250158072,1,2024-04-25,3,4,2
2024-04-26,168.85000610351562,172.1199951171875,166.3699951171875,168.2899932861328,109815700,TSLA,-0.011105884774887609,-1.1105884774887609,1.0345615205190686,-0.13139388186905543,157.46599731445312,155.83499755859376,163.59299926757814,175.529599609375,1.0687386239332965,1.0799242527202915,1.0287114610012873,46.84938802906037,-4.769793280023293,-6.1009620372388,1.3311687572155062,163.59299926757814,185.09553174234878,142.0904667928075,0.6092195541168407,0.0602212673142992,0.05189369613008376,0.04151004847860146,0.1444405970321474,-0.0161356896602326,0.07665345338353169,1,2024-04-26,4,4,2
2024-04-29,188.4199981689453,198.8699951171875,184.5399932861328,194.0500030517578,243869700,TSLA,0.1530691710339953,15.306917103399531,1.0776525542018187,1.2207179847690268,167.86599731445312,159.0919982910156,164.53449935913085,175.40159973144532,1.1559815933911606,1.2197345255340626,1.1793879326681709,58.915772107371524,-1.7512196674182405,-5.231013563274688,3.4797938958564476,164.53449935913085,189.54362714576686,139.52537157249483,1.0900946235397901,0.06897601929993542,0.06696688748116475,0.053982975054461264,0.36606827795035746,0.20169685525118086,-0.04787430249328062,0,2024-04-29,0,4,2
2024-04-30,186.97999572753906,190.9499969482422,182.83999633789062,183.27999877929688,127031800,TSLA,-0.05550118063944742,-5.550118063944742,1.0443557250754052,-0.47909969955267095,175.58599853515625,161.70899810791016,165.36699905395508,175.0681997680664,1.0438189850462372,1.1333939417334844,1.1083226993766588,55.65038369246765,-0.2254290619847268,-4.229896663016696,4.004467601031969,165.36699905395508,191.74106819833045,138.99292990957971,0.8395949185406982,0.08727067984319471,0.06975413919825041,0.0543513516423179,0.2667957427259193,0.16657117985665026,-0.02984505269061044,0,2024-04-30,1,4,2
2024-05-01,182.0,185.86000061035156,179.00999450683594,179.99000549316406,92829700,TSLA,-0.017950640048260635,-1.7950640048260635,1.038266053928369,-0.2692404579010925,179.15799865722656,164.16299896240236,165.94749908447267,174.79279998779296,1.0046439837583212,1.0964103155448963,1.084620174971985,52.63209269546756,0.7101103133156528,-3.2418952677502264,3.952005581065879,165.94749908447267,193.1003771633535,138.79462100559184,0.7585822830253394,0.08159180295517635,0.07012351615345569,0.0546020858094762,0.11015851521907227,0.15786432310508558,-0.029279427254982116,0,2024-05-01,2,5,2
2024-05-02,182.86000061035156,184.60000610351562,176.02000427246094,180.00999450683594,89148000,TSLA,0.0001110562423569661,0.01110562423569661,1.0487444700761042,-0.039660798214364634,181.1239990234375,167.1709991455078,166.3924987792969,174.49759979248046,0.9938494924879755,1.0768015710078571,1.0818396011084688,54.531657284398186,1.4365848983217688,-2.3061992345358275,3.7427841328575964,166.3924987792969,194.18578120801791,138.59921635057586,0.744978184251224,0.08064477751481408,0.06804168631536238,0.05454184531669061,0.05776238250158072,0.2006269812611925,-0.04466414938881347,0,2024-05-02,3,5,2
2024-05-03,182.10000610351562,184.77999877929688,178.4199981689453,181.19000244140625,75491500,TSLA,0.006555235656792835,0.6555235656792835,1.0356462317880382,-0.1531890788351954,183.7040008544922,170.58499908447266,167.20699920654297,174.1731997680664,0.9863149501295988,1.0621684404481666,1.0836269013929898,60.89311914017799,2.0835204922003356,-1.428255289188595,3.5117757813889305,167.20699920654297,195.7604999732306,138.65349843985535,0.7448561973034277,0.0796661592455144,0.06685182737868299,0.05371608010018349,0.07665345338353169,0.2321659209869722,-0.07020255560080668,0,2024-05-03,4,5,2
2024-05-06,183.8000030517578,187.55999755859375,182.1999969482422,184.75999450683594,84390300,TSLA,0.019703030064167848,1.9703030064167848,1.029418225576997,0.11787817171469639,181.84599914550782,174.85599822998046,167.7959991455078,174.02899963378906,1.0160245228106253,1.0566408723584604,1.1010989263612743,65.41764200188817,2.851420732028913,-0.5723200849450933,3.4237408169740062,167.7959991455078,197.32039820896398,138.27160008205163,0.7872877331875201,0.029113772664337546,0.063854193833055,0.0528753167990387,-0.04787430249328062,0.3006687119852871,-0.0696579102610404,0,2024-05-06,0,5,2
2024-05-07,182.39999389648438,183.25999450683594,177.39999389648438,177.80999755859375,75045900,TSLA,-0.03761635178001177,-3.761635178001177,1.0330326990528025,-0.11072836570079736,180.7519989013672,178.16899871826172,167.84249877929688,173.59719970703125,0.9837235473983398,0.9979850526059494,1.0593860247064335,61.77338153714984,2.866141439931937,0.11537222003031267,2.750769219901624,167.84249877929688,197.42999942947208,138.25499812912167,0.6684410403086523,0.022348979037004134,0.06719602357650326,0.05350569677393708,-0.02984505269061044,0.22898815703602327,-0.0014622040965399652,0,2024-05-07,1,5,2
2024-05-08,171.58999633789062,176.05999755859375,170.14999389648438,174.72000122070312,79969500,TSLA,-0.017378079862311324,-1.7378079862311324,1.0347340809527439,0.0656078479970259,179.697998046875,179.4279983520508,167.99049911499023,173.09699981689454,0.9722979839493073,0.9737610786800941,1.0400588255952887,63.39566467525632,2.5985167432158676,0.6120011246674237,1.9865156185484438,167.99049911499023,197.68990938738634,138.29108884259412,0.6132935308141048,0.022272747034357998,0.05846923440427486,0.05322044142509301,-0.029279427254982116,0.07765370973121644,-0.004178089070735247,0,2024-05-08,2,5,2
2024-05-09,175.00999450683594,175.6199951171875,171.3699951171875,171.97000122070312,65950300,TSLA,-0.01573946875450305,-1.573946875450305,1.0248001407544753,-0.1753068357311225,178.08999938964843,179.60699920654298,167.8589988708496,172.49559997558595,0.9656353630753001,0.957479396573752,1.0244908070315404,63.48485061163153,2.1398533284871633,0.9175715654313716,1.2222817630557916,167.8589988708496,197.45830938238666,138.25968835931255,0.5694442248621155,0.022362259221028143,0.05705136322420777,0.05324992229047199,-0.04466414938881347,0.010518325431662978,0.016688928864425634,1,2024-05-09,3,5,2
2024-05-10,173.0500030517578,173.05999755859375,167.75,168.47000122070312,72627200,TSLA,-0.02035238689978358,-2.035238689978358,1.0316542328381149,0.10124138934925231,175.5459991455078,179.625,167.72999877929686,171.82739990234376,0.9596914885030249,0.9378984062391267,1.0044118669694857,64.53245565339947,1.4769135781614011,1.0294399679773776,0.44747361018402354,167.72999877929686,197.29321957747564,138.1667779811181,0.5125155923716513,0.02090474599952032,0.057368890578664705,0.05325033833273434,-0.07020255560080668,0.0010696294595737843,0.053362648709112115,1,2024-05-10,4,5,2
2024-05-13,170.0,175.39999389648438,169.0,171.88999938964844,67018900,TSLA,0.020300339194899042,2.030033919489904,1.03786978636973,-0.07722038024321465,172.9720001220703,177.40899963378905,168.25049896240233,171.21239990234375,0.9937446480837461,0.968891092021639,1.0216314391320729,64.8380469612639,1.2135057806635245,1.066253130514607,0.14725265014891753,168.25049896240233,197.71680004270965,138.78419788209501,0.5617569951743693,0.021147764608979793,0.02411902010647403,0.051702181606106304,-0.0696579102610404,-0.11419738888743414,0.017802068587231767,1,2024-05-13,0,5,2
2024-05-14,174.5,179.49000549316406,174.07000732421875,177.5500030517578,86407400,TSLA,0.03292805679333921,3.292805679333921,1.0311368871195032,0.28929898879271376,172.9200012207031,176.83600006103515,169.27249908447266,171.00059997558594,1.0267753978624212,1.0040376563057083,1.0489004652974043,59.6495633865354,1.444813288083708,1.1419651620284272,0.30284812605528066,169.27249908447266,198.52900231015576,140.01599585878955,0.6414643421914255,0.024800691604458903,0.022464911950839366,0.051525210048523666,-0.0014622040965399652,-0.03126361722884474,0.05097157361985305,1,2024-05-14,1,5,2
2024-05-15,179.89999389648438,180.0,173.11000061035156,173.99000549316406,79663000,TSLA,-0.02005067585133169,-2.005067585133169,1.0398012787554483,-0.0780535000474496,172.7740020751953,176.23600006103516,170.19949951171876,170.86559997558595,1.0070381157081696,0.9872557561049204,1.0222709584477028,52.526199047403026,1.3255836007549249,1.1786888497737267,0.1468947509811982,170.19949951171876,198.77897637809994,141.62002264533757,0.5663151743323928,0.025291512359575493,0.022629992023365353,0.05174174591440488,-0.004178089070735247,-0.03333518427070592,0.035174406138104075,1,2024-05-15,2,5,2
2024-05-16,174.10000610351562,175.7899932861328,171.42999267578125,174.83999633789062,59812200,TSLA,0.004885285464054867,0.4885285464054867,1.0254331260376208,-0.24918469050876824,173.3480010986328,175.71900024414063,171.44499969482422,170.8316000366211,1.008606936508076,0.9949976729606432,1.019802249404238,54.40366063311374,1.2848691997119204,1.1999249197613655,0.08494427995055487,171.44499969482422,198.43190394422624,144.4580954454222,0.5629008168497436,0.023841889403613738,0.02275653342599976,0.05078062096752947,0.016688928864425634,-0.028720617336327803,-0.006291414251695326,0,2024-05-16,3,5,2
2024-05-17,173.5500030517578,179.6300048828125,172.75,177.4600067138672,77445800,TSLA,0.014985188920464187,1.4985188920464187,1.039826366904848,0.29481610775059264,175.14600219726563,175.34600067138672,172.9654998779297,170.80780029296875,1.0132118603197995,1.0120561976571243,1.0259849902963856,33.80831284133474,1.4473317451297874,1.2494062848350498,0.19792546029473757,172.9654998779297,197.47851591207086,148.4524838437885,0.5916759249387683,0.019899685992241282,0.023286482130518347,0.05035933321608396,0.053362648709112115,-0.02058610120470239,0.01003042213430616,1,2024-05-17,4,5,2
2024-05-20,177.55999755859375,177.75,173.52000427246094,174.9499969482422,61727400,TSLA,-0.014144086952910362,-1.4144086952910362,1.0243775681384673,-0.20296000557809457,175.75800170898438,174.36500091552733,174.6104995727539,170.8000003051758,0.9954027426752378,1.0033550083425187,1.0019443124916256,40.30718576631852,1.3578947068730827,1.2711039692426565,0.08679073763042622,174.6104995727539,194.33634471572572,154.88465442978207,0.5086053949280154,0.021595969435982267,0.022244868363289524,0.049624461567037016,0.017802068587231767,-0.05309589656991898,0.01028867152418611,1,2024-05-20,0,5,2
2024-05-21,175.50999450683594,186.8800048828125,174.7100067138672,186.60000610351562,115266500,TSLA,0.06659050790792542,6.659050790792542,1.069658277724623,0.8673474016401144,177.56800231933593,175.24400177001954,176.7065002441406,170.97660034179688,1.05086504137123,1.064801101428847,1.0559883526961713,56.43873015250168,2.201693829378968,1.4572219412699188,0.7444718881090491,176.7065002441406,191.27623266825427,162.13676782002696,0.8395225653904512,0.034418203404563655,0.02881830936964999,0.05112021821523971,0.05097157361985305,0.04943483867955911,-0.055787799151166495,0,2024-05-21,1,5,2
2024-05-22,182.85000610351562,183.8000030517578,178.1199951171875,180.11000061035156,88313500,TSLA,-0.03478030697150003,-3.478030697150003,1.0318886598376187,-0.2338320327241653,178.79200134277343,175.7830017089844,177.6055000305176,171.02800048828124,1.007371690331109,1.0246155706712228,1.0141014809755533,50.086510442763455,2.3199782440883894,1.629773201833613,0.6902050422547763,177.6055000305176,190.51214315256615,164.69885690846903,0.597023701521409,0.038113788515391024,0.0307912541623383,0.04556750866534659,0.035174406138104075,0.03084935526551358,-0.007328895229279597,0,2024-05-22,2,5,2
2024-05-23,181.8000030517578,181.89999389648438,173.25999450683594,173.74000549316406,71975500,TSLA,-0.03536724832380789,-3.5367248323807887,1.0498672495877723,-0.1850000283082428,178.57200317382814,175.96000213623046,177.78350067138672,171.11320068359376,0.9729409000583342,0.9873835154801394,0.9772560717785808,44.08636585287273,1.8780649614316758,1.6794315537532256,0.19863340767845017,177.78350067138672,190.35273653318086,165.21426480959258,0.3391511137716257,0.04277248987747249,0.03271664675630145,0.04526606800345665,-0.006291414251695326,0.010292517647827015,0.024979833087788172,1,2024-05-23,3,5,2
2024-05-24,174.83999633789062,180.0800018310547,173.72999572753906,179.24000549316406,65584500,TSLA,0.03165649721483632,3.165649721483632,1.0365510059268888,-0.08879410354912431,178.9280029296875,177.03700256347656,178.33100128173828,171.44800079345703,1.0017437324419207,1.0124437428209259,1.0050972865339867,45.748623019143054,1.9491805951173546,1.7333813620260514,0.21579923309130322,178.33100128173828,190.08668625508753,166.57531630838903,0.5386623243769522,0.04488331073884129,0.03298966385348581,0.045625076654674544,0.01003042213430616,0.06392832073617516,-0.016458447425922174,0,2024-05-24,4,5,2
2024-05-28,176.39999389648438,178.25,173.16000366210938,176.75,59736600,TSLA,-0.01389201861667555,-1.389201861667555,1.0293947576244156,-0.08916588523202895,179.28800354003906,177.52300262451172,177.46600112915038,171.71160064697267,0.9858439857105539,0.9956456199304676,0.9959654180260178,49.123389701153975,1.784052170828204,1.7435155237864821,0.040536647041721885,177.46600112915038,186.60676761540856,168.3252346428922,0.46083473250154733,0.044859668766338304,0.03319477182540581,0.029278874959561302,0.01028867152418611,0.02827389974756289,-0.01120223891111205,0,2024-05-28,1,5,2
2024-05-29,174.19000244140625,178.14999389648438,173.92999267578125,176.19000244140625,54782600,TSLA,-0.0031683030189180172,-0.3168303018918017,1.0242626424332089,-0.08293073258270478,177.20600280761718,177.38700256347656,177.11150131225585,171.75940063476563,0.9942665578472872,0.9932520415544991,0.9947970692810911,51.268773202279355,1.5896748004479946,1.7127473791187846,-0.12307257867079002,177.11150131225585,185.8436784491635,168.37932417534822,0.44723544561671946,0.027606525453851796,0.03153374799365406,0.026681007928727598,-0.055787799151166495,-0.007659817442836725,-0.006754086071381948,0,2024-05-29,2,5,2
2024-05-30,178.5800018310547,182.6699981689453,175.3800048828125,178.7899932861328,77618400,TSLA,0.014756744473008343,1.4756744473008343,1.04156684389993,0.416844034419688,176.94200134277344,177.86700134277345,177.0515007019043,171.90880035400392,1.010444054714739,1.0051892252997543,1.0098191349824002,55.90168778856151,1.6266755628297176,1.6955330158609714,-0.06885745303125379,177.0515007019043,185.7166323513563,168.3863690524523,0.600315416692974,0.02581922478361152,0.031031957018720226,0.026630737811185117,-0.007328895229279597,0.02758772137148613,-0.004754129854271261,0,2024-05-30,3,5,2
2024-05-31,178.5,180.32000732421875,173.82000732421875,178.0800018310547,67314600,TSLA,-0.003971091681523098,-0.3971091681523098,1.0373950047526799,-0.13274945116106496,177.81000061035155,178.19100189208984,176.95500106811522,171.9572003173828,1.0015184816364453,0.9993770725802283,1.006357552802401,58.73795203707172,1.5804896558823316,1.6725243438652435,-0.09203468798291192,176.95500106811522,185.52385889630247,168.38614323992797,0.5656447326759685,0.018095881958854605,0.031103297120594182,0.02664547442219691,0.024979833087788172,0.018531260358199297,-0.003369306476562417,0,2024-05-31,4,5,2
2024-06-03,178.1300048828125,182.63999938964844,174.49000549316406,176.2899932861328,68568900,TSLA,-0.0100517100545634,-1.00517100545634,1.0467075112608881,0.01863340196628971,177.21999816894532,178.0740005493164,176.71000061035156,172.0266000366211,0.9947522576886276,0.9899816522474907,0.9976231830526396,54.12293158539801,1.383500133683242,1.6147195018288434,-0.2312193681456014,176.71000061035156,185.04605780672495,168.37394341397817,0.47480779496081976,0.011003228472622138,0.0309731583925365,0.02668245397925682,-0.016458447425922174,-0.0065931104669734175,-0.014181179279656009,0,2024-06-03,0,6,2
2024-06-04,174.77999877929688,177.75999450683594,174.0,174.77000427246094,60056300,TSLA,-0.008622094682395387,-0.8622094682395387,1.0216091638323905,-0.12414666124146656,176.8239990234375,178.05600128173828,176.21050109863282,172.10540008544922,0.9883839594041514,0.9815451487980015,0.991825136315993,47.175946047998536,1.0921445453006697,1.5102045105232087,-0.41805996522253897,176.21050109863282,183.66630737469342,168.75469482257222,0.40339764923901755,0.009930981485504033,0.030746062972591807,0.026272337782739394,-0.01120223891111205,-0.0010288235434179338,-0.023516624763275762,0,2024-06-04,1,6,2
2024-06-05,175.35000610351562,176.14999389648438,172.1300048828125,175.0,57953800,TSLA,0.0013159908560766986,0.13159908560766986,1.0233543769223077,-0.035008816726971204,176.58599853515625,176.89600067138673,176.07000122070312,172.15279998779297,0.9910185487620045,0.9892818341613677,0.9939228646942424,51.10045164553191,0.8697756432627273,1.3821187370711123,-0.512343093808385,176.07000122070312,183.5047715104981,168.63523093090814,0.42804073434711154,0.01002498927648074,0.02024949660893866,0.024938159753316452,-0.006754086071381948,-0.0621650896253485,0.013085675920758932,1,2024-06-05,2,6,2
2024-06-06,174.60000610351562,179.72999572753906,172.72999572753906,177.94000244140625,69887000,TSLA,0.01680001395089281,1.6800013950892811,1.0405256769127793,0.20590884463141323,176.41600036621094,176.6790008544922,176.2310012817383,172.1582000732422,1.0086386839744226,1.0071372465364608,1.0096975058147448,53.23051833439447,0.920173129661265,1.289729615589143,-0.36955648592787793,176.2310012817383,183.68212028165615,168.77988228182042,0.6146808391925295,0.010851464068433082,0.018671925496220553,0.024892057612302593,-0.004754129854271261,-0.012048182563942467,0.025458012347665093,1,2024-06-06,3,6,2
2024-06-07,176.1300048828125,179.35000610351562,175.5800018310547,177.47999572753906,56244900,TSLA,-0.0025851787543875737,-0.25851787543875737,1.0214717179242798,-0.19520225506889688,176.2959991455078,177.0529998779297,176.5065010070801,172.11119995117187,1.0067159583187932,1.0024116837890562,1.0055153476778735,50.0218125387131,0.9124763440563299,1.2142789612825804,-0.30180261722625046,176.5065010070801,183.69716662006215,169.31583539409803,0.5676915582544557,0.010770993206370618,0.014357605092133845,0.02459279108666415,-0.003369306476562417,0.021526361897819424,0.002986245165965018,1,2024-06-07,4,6,2
2024-06-10,176.05999755859375,178.57000732421875,173.1699981689453,173.7899932861328,50774600,TSLA,-0.020791089307163446,-2.0791089307163446,1.0311832835501054,-0.09725859589047181,175.7959991455078,176.50799865722655,176.77250061035156,172.07119995117188,0.9885890130086828,0.9846012339850273,0.983127990417509,48.76595355094747,0.6016883389937959,1.0917608368248235,-0.4900724978310276,176.77250061035156,183.04660631558158,170.49839490512153,0.2623161399932617,0.013772448845323259,0.011754917930226191,0.024613833998383718,-0.014181179279656009,-0.03040622651196645,0.07854312493585103,1,2024-06-10,0,6,2
2024-06-11,173.9199981689453,174.75,167.41000366210938,170.66000366210938,64761900,TSLA,-0.018010183238054034,-1.8010183238054034,1.0438444309021415,0.2754782903262656,174.9739990234375,175.8989990234375,176.71100082397462,171.98,0.9753449347594195,0.9702158887178768,0.9657576657160537,29.287928102833504,0.10165083409114573,0.893738836278088,-0.7920880021869423,176.71100082397462,183.2068143372998,170.21518731064944,0.034238694702939144,0.01532146214244109,0.012240209424024954,0.024592271635976163,-0.023516624763275762,-0.034455424825406644,0.08320635558145684,1,2024-06-11,1,6,2
2024-06-12,171.1199951171875,180.5500030517578,169.8000030517578,177.2899932861328,90389400,TSLA,0.03884911216309472,3.8849112163094723,1.0633097750694576,0.39571877909696895,175.43199768066407,176.00899810791014,176.69800033569337,172.1931997680664,1.0105909733117833,1.0072780096017437,1.0033503092808904,46.349029118158136,0.2376132052821731,0.7625137100789051,-0.524900504796732,176.69800033569337,183.1877816957055,170.20821897568123,0.5456096220811929,0.02507054272486745,0.018133882126393983,0.02504202547975688,0.013085675920758932,0.006243208067906014,0.02414131761615179,1,2024-06-12,2,6,2
2024-06-13,188.38999938964844,191.0800018310547,181.22999572753906,182.47000122070312,118984100,TSLA,0.029217711832219218,2.9217711832219218,1.0543508598782074,0.31635014725177957,176.33799743652344,176.3769989013672,177.12200012207032,172.47499969482422,1.0347741489260533,1.034545333900047,1.0301938838481217,61.66176996352645,0.7546485939556362,0.7609406868542514,-0.006292092898615209,177.12200012207032,183.96527168118587,170.27872856295477,0.8907488583811222,0.027312446737585615,0.019867052274634582,0.0253642202173162,0.025458012347665093,0.020582851796861368,0.0029593537705940864,1,2024-06-13,3,6,2
2024-06-14,185.8000030517578,186.0,176.9199981689453,178.00999450683594,82038200,TSLA,-0.024442410719736185,-2.4442410719736185,1.0513226425787319,-0.31051123637528044,176.44399719238282,176.3699981689453,177.28050003051757,172.6129995727539,1.008875322138308,1.0092986128872081,1.0041149166219228,48.30995943567195,0.7953493048419489,0.767822410451791,0.027526894390157874,177.28050003051757,184.0476464412887,170.51335361974645,0.5538997113434139,0.030464500652026764,0.02155805156205257,0.02606823246628747,0.002986245165965018,-0.00039312288577564303,0.02567275695322402,1,2024-06-14,4,6,2
2024-06-17,177.9199981689453,188.80999755859375,177.0,187.44000244140625,109786100,TSLA,0.052974598199923895,5.2974598199923895,1.0667231500485523,0.3382314580280894,179.1739990234375,177.48499908447266,177.77949981689454,173.06379974365234,1.046133945008882,1.0560892661818455,1.0543398009020253,62.33557091412606,1.5704248616577274,0.9283429006929784,0.642081960964749,177.77949981689454,185.93232994790472,169.62666968588437,1.0924631366822506,0.03484176234179412,0.026811289140474086,0.02840367410836573,0.07854312493585103,0.06324811152029519,-0.0004801341054120334,0,2024-06-17,0,6,2
2024-06-18,186.55999755859375,187.1999969482422,182.3699951171875,184.86000061035156,68982300,TSLA,-0.013764414198944475,-1.3764414198944475,1.0264846299302197,-0.37166635849164875,182.01399841308594,178.4939987182617,178.275,173.30139984130858,1.0156361720641207,1.0356650752283165,1.0369373193681197,59.55898557800204,1.9539690992878604,1.1334681404119549,0.8205009588759056,178.275,186.89496498115423,169.65503501884578,0.8819621439732239,0.033851930129067974,0.027179709617262574,0.028391654946860148,0.08320635558145684,0.05773299817605215,0.06226330449439277,1,2024-06-18,1,6,2
2024-06-20,184.67999267578125,185.2100067138672,179.66000366210938,181.57000732421875,55893100,TSLA,-0.017797215597047833,-1.7797215597047833,1.0308917006491651,-0.18974722501279317,182.87000122070313,179.1509994506836,178.02350006103515,173.39519989013672,0.9928911582664921,1.0135026200297645,1.0199215680062896,53.01912949987688,1.9697496603688194,1.300724444403328,0.6690252159654915,178.02350006103515,185.88050276488764,170.16649735718266,0.7256908516427427,0.03400900274244049,0.02819534930350239,0.024463995851482626,0.02414131761615179,0.037542898995535756,0.08729410257953107,1,2024-06-20,3,6,2
2024-06-21,182.3000030517578,183.9499969482422,180.69000244140625,183.00999450683594,61937300,TSLA,0.00793075466503601,0.7930754665036011,1.018041919656806,0.10813857166627017,182.97799987792968,179.65799865722656,178.1684997558594,173.62019989013672,1.0001748550586824,1.0186576488364691,1.0271736853462354,55.27046593312231,2.0745368306510557,1.4554869216528736,0.619049908998182,178.1684997558594,186.29021176951193,170.04678774220685,0.7980587555208823,0.03149615760093449,0.027887359758346424,0.023199178870462273,0.0029593537705940864,0.02849270538309212,0.08125244971482215,1,2024-06-21,4,6,2
2024-06-24,184.97000122070312,188.8000030517578,182.5500030517578,182.5800018310547,61992100,TSLA,-0.0023495584322592578,-0.23495584322592578,1.0342371947166058,0.0008847657227550876,183.89200134277343,180.16799926757812,178.6104995727539,173.7797998046875,0.992865380211545,1.0133875192780175,1.0222243500118753,56.9258007760784,2.0986921855887886,1.5841279744400567,0.5145642111487319,178.6104995727539,186.67945229965255,170.54154684585524,0.7459738204357091,0.028439358050016454,0.027882067066690955,0.02159013143435221,0.02567275695322402,0.028735667265537668,0.1494139473420515,1,2024-06-24,0,6,2
2024-06-25,184.39999389648438,187.97000122070312,182.00999450683594,187.35000610351562,62905700,TSLA,0.026125557150967316,2.6125557150967316,1.0327454914221392,0.014737361696087081,183.8740020751953,181.5240005493164,179.0159996032715,174.10579986572264,1.018904271343911,1.0320949600965654,1.0465545343361131,62.92643323995973,2.474213762495964,1.7621451320512382,0.7120686304447257,179.0159996032715,187.98327440163865,170.04872480490434,0.9646900361390542,0.017728210568954933,0.027342057331667908,0.021232201490714704,-0.0004801341054120334,0.07802527959741168,0.23437409646551566,1,2024-06-25,1,6,2
2024-06-26,186.5399932861328,197.75999450683594,186.36000061035156,196.3699951171875,95737100,TSLA,0.04814512260377568,4.814512260377568,1.0611718923543036,0.5219145482841778,186.1760009765625,184.09499969482422,179.99699935913085,174.80359985351564,1.0547546090105797,1.0666775058676858,1.0909626039120195,68.59878322738498,3.4597729390837344,2.1016706934577374,1.358102245625997,179.99699935913085,191.77330275459738,168.22069596366433,1.195167031972006,0.025570977538691652,0.028367612284844315,0.02316624014418635,0.06226330449439277,0.15065036272928634,0.25472325465308776,1,2024-06-26,2,6,2
2024-06-27,195.1699981689453,198.72000122070312,194.0500030517578,197.4199981689453,72746500,TSLA,0.0053470646120412635,0.5347064612041263,1.0240659525663585,-0.2401430584381603,189.34599914550782,186.10800018310547,181.05849914550782,175.6097998046875,1.0426415084547564,1.060781900695888,1.090365816024403,67.53059929215235,4.276268002486887,2.5365901552635677,1.7396778472233194,181.05849914550782,195.01533715236258,167.10166113865307,1.0861463397154036,0.02028382400752191,0.027121965402771286,0.023076073775173702,0.08729410257953107,0.1135428148520723,0.27403508563108536,1,2024-06-27,3,6,2
2024-06-28,199.5500030517578,203.1999969482422,195.25999450683594,197.8800048828125,95438100,TSLA,0.002330091774560339,0.2330091774560339,1.0406637440580706,0.31192703429030955,192.32000122070312,187.6490005493164,182.01299972534179,176.4583999633789,1.028910168608666,1.0545220294461801,1.0871751203563156,68.35854540521079,4.903935405376359,3.010059205286126,1.893876200090233,182.01299972534179,197.80682805534477,166.2191713953388,1.002316627290697,0.021052679500483677,0.02645511228580103,0.022993727890642246,0.08125244971482215,0.08445225822884983,0.2782494249037497,1,2024-06-28,4,6,2
2024-07-01,201.02000427246094,213.22999572753906,200.85000610351562,209.86000061035156,135691400,TSLA,0.060541719385108106,6.054171938510811,1.0616379848036597,0.4217739037135064,197.7760009765625,190.83400115966796,183.60199966430665,177.65700012207031,1.0610994234594777,1.0996992115402162,1.1430158767009857,78.24590533763877,6.295481486698833,3.6671436615686677,2.6283378251301652,183.60199966430665,203.57225324302132,163.63174608559197,1.157427829910784,0.025686392768858386,0.028300510342414244,0.02595433029581219,0.1494139473420515,0.17892257225080987,0.2500237577876283,1,2024-07-01,0,7,3
2024-07-02,218.88999938964844,231.3000030517578,218.05999755859375,231.25999450683594,205047900,TSLA,0.10197271435359379,10.19727143535938,1.0607172596597247,0.5111340880851698,206.55799865722656,195.21600036621095,186.3504997253418,179.3411999511719,1.1195886676390643,1.1846364748432971,1.2409947644234136,86.89722705072545,9.02110278447222,4.737935486149379,4.283167298322841,186.3504997253418,215.2280501624153,157.4729492882683,1.2775849076838346,0.04147747428379811,0.03785856463934494,0.032888478575333585,0.23437409646551566,0.23378143136296536,0.13837246397514358,1,2024-07-02,1,7,3
2024-07-03,234.55999755859375,248.35000610351562,234.25,246.38999938964844,166561500,TSLA,0.06542422054051067,6.542422054051067,1.0601921285102054,-0.18769468012108392,216.56199951171874,201.36900024414064,189.93149948120117,181.4279998779297,1.1377342282818903,1.2235746271319028,1.2972571693619221,88.12624686977594,12.26070843253072,6.242490075425647,6.018218357105073,189.93149948120117,228.7976634325544,151.06533552984794,1.2263194276017753,0.04264716072782469,0.037863744209712356,0.03432532336014934,0.25472325465308776,0.3328464707137484,-0.02175413216294997,0,2024-07-03,2,7,3
2024-07-05,249.80999755859375,252.3699951171875,242.4600067138672,251.52000427246094,154501200,TSLA,0.02082067005771515,2.082067005771515,1.0408726723125736,-0.07240748912563832,227.3820007324219,208.36399993896484,193.75749969482422,183.56480010986328,1.1061561753449611,1.2071183330428366,1.298117516321252,88.11969145468989,15.068368991518554,8.007665858644229,7.060703132874325,193.75749969482422,240.6676658455404,146.84733354410804,1.1156714984983576,0.03928680931549004,0.034272620424402454,0.03410687600540033,0.27403508563108536,0.3852508350860868,-0.013080504488851452,0,2024-07-05,4,7,3
2024-07-08,247.7100067138672,259.44000244140625,244.57000732421875,252.94000244140625,157219600,TSLA,0.005645666924397386,0.5645666924397386,1.0608005670027838,0.017594685348722106,238.3940002441406,215.35700073242188,197.50749969482422,185.38100006103517,1.0610166454792025,1.1745148826421516,1.2806602424324784,92.80248031636759,17.20965995016823,9.84806467694903,7.361595273219201,197.50749969482422,250.66823497023185,144.3467644194166,1.021366968114767,0.03829182952346584,0.034470046255828335,0.0342329027858264,0.2782494249037497,0.38211032202374184,-0.0011860640818460721,0,2024-07-08,0,7,3
2024-07-09,251.0,265.6099853515625,250.3000030517578,262.3299865722656,160210900,TSLA,0.03712336538398886,3.712336538398886,1.0611665286182153,0.01902625372409039,248.88799743652345,223.33199920654297,201.74999923706054,187.22399993896485,1.0540081855058938,1.1746188969976323,1.3002725529828743,92.79918768580798,19.44024664387777,11.766501070334778,7.673745573542993,201.74999923706054,261.3357283194919,142.16427015462918,1.0083430904352806,0.038246947268782264,0.03209993482680706,0.034110408263237454,0.2500237577876283,0.4367947417100224,-0.021995156135466765,0,2024-07-09,1,7,3
2024-07-10,262.79998779296875,267.5899963378906,257.8599853515625,263.260009765625,128519400,TSLA,0.003545241645880992,0.3545241645880992,1.037733698670084,-0.1978111351974179,255.28800048828126,230.9229995727539,206.22350006103517,189.1234002685547,1.0312275126997585,1.1400337352827565,1.276576188881039,95.66637140974426,21.040505913418144,13.621302038951452,7.419203874466692,206.22350006103517,270.2402019012326,142.20679822083775,0.9454814764353842,0.02560287612943466,0.033729860383424674,0.032984230609352384,0.13837246397514358,0.4051774816605407,-0.056066281311641375,0,2024-07-10,2,7,3
2024-07-11,263.29998779296875,271.0,239.64999389648438,241.02999877929688,221707300,TSLA,-0.08444127539962887,-8.444127539962887,1.1308158018024281,0.7250881968014167,254.21600036621095,235.38899993896484,209.74199981689452,190.06300018310546,0.9481307173115816,1.023964581360194,1.1491737419768902,78.37373169870023,20.281158243482963,14.953273279857754,5.327884963625209,209.74199981689452,273.2620576687305,146.22194196505853,0.7462844022858365,0.04724011542727873,0.050109431679299224,0.03980916026346455,-0.02175413216294997,0.22742783914343767,0.034020648839444556,1,2024-07-11,3,7,3
2024-07-12,235.8000030517578,251.83999633789062,233.08999633789062,248.22999572753906,155955800,TSLA,0.029871787680814776,2.9871787680814776,1.080441032625097,-0.2965689447302817,253.55799865722656,240.46999969482422,213.28899993896485,191.3620001220703,0.9789870445503469,1.032270121190015,1.1638199616415896,79.500631526638,20.029462153296834,15.968511054545571,4.0609510987512625,213.28899993896485,277.10099058608495,149.47700929184475,0.7737808007103061,0.04855823702083419,0.049812299663176116,0.03961373461560561,-0.013080504488851452,0.25737006397453355,-0.03637754878426669,0,2024-07-12,4,7,3
2024-07-15,255.97000122070312,265.6000061035156,251.72999572753906,252.63999938964844,146912900,TSLA,0.01776579679334911,1.776579679334911,1.055098759033027,-0.057983736417626,253.497998046875,245.9459991455078,216.7974998474121,192.815,0.9966153631829948,1.027217357742747,1.1653270889538083,80.58853720308522,19.95580354681448,16.76596955299935,3.189833993815128,216.7974998474121,281.18834139588677,152.40665829893743,0.7783198563669448,0.04931024666975476,0.04929287920797536,0.03952131624622835,-0.0011860640818460721,0.27673333917323095,-0.004472786912375182,0,2024-07-15,0,7,3
2024-07-16,255.30999755859375,258.6199951171875,245.8000030517578,256.55999755859375,126332500,TSLA,0.015516142251486675,1.5516142251486675,1.052156191644677,-0.14008572426247112,252.34400024414063,250.61599884033203,220.725,194.34600006103517,1.016707341210309,1.0237175549277229,1.1623513311070053,80.44338140202575,19.98338365439443,17.409452373278366,2.5739312811160637,220.725,284.73558754939415,156.7144124506058,0.7799146120236865,0.04617531197248816,0.047803489432406567,0.03829977458891896,-0.021995156135466765,0.22252929006204658,-0.039678799394501585,0,2024-07-16,1,7,3
2024-07-17,252.72999572753906,258.4700012207031,246.17999267578125,248.5,115584800,TSLA,-0.031415644041518975,-3.1415644041518975,1.0499228568956365,-0.08507470365899517,249.39199829101562,252.33999938964843,223.7779998779297,195.69220001220702,0.9964233082972664,0.9847824387772985,1.1104755612059993,73.12571853435509,19.13429836472571,17.754421571567836,1.379876793157873,223.7779998779297,286.9229145123937,160.6330852434657,0.6957560657511542,0.04746168002319518,0.040912762813010095,0.03901752791883534,-0.056066281311641375,0.07454815317248675,-0.1308249275929012,0,2024-07-17,2,7,3
2024-07-18,251.08999633789062,257.1400146484375,247.1999969482422,249.22999572753906,110869000,TSLA,0.002937608561525362,0.2937608561525362,1.0402104280861966,-0.04079948228486796,251.03199768066406,252.6239990234375,226.99649963378906,196.9816000366211,0.9928216244551529,0.9865650005184837,1.09794642705777,73.04919957553989,18.309239197356163,17.8653850967255,0.4438541006306629,226.99649963378906,288.3249506120015,165.66804865557663,0.6812657562608967,0.02347226782423239,0.03559106710224002,0.038547250768540035,0.034020648839444556,0.011526426985371874,-0.1162781215115869,0,2024-07-18,3,7,3
2024-07-19,247.7899932861328,249.44000244140625,236.8300018310547,239.1999969482422,87403900,TSLA,-0.040243947162209914,-4.024394716220991,1.0532449457959598,-0.2116470789851086,249.2259979248047,251.39199829101562,229.87799911499025,198.20940002441407,0.9597714481633353,0.9515020309888313,1.0405519356751878,66.93997613593584,16.65405915850613,17.623119909081627,-0.9690607505754976,229.87799911499025,287.52465078209866,172.2313474478818,0.5808546339090396,0.027020003635423555,0.03715707411849081,0.03987924097784872,-0.03637754878426669,-0.04898221658295221,-0.08110365444813161,0,2024-07-19,4,7,3
2024-07-22,244.2100067138672,253.2100067138672,243.75,251.50999450683594,101225400,TSLA,0.05146320115237035,5.146320115237035,1.038810283954327,0.15813367595725136,248.9999969482422,251.2489974975586,233.30299911499023,199.74519989013672,1.010080311603841,1.001038798211642,1.078040125763115,67.02918921670724,16.14946994005271,17.328389915275846,-1.1789199752231347,233.30299911499023,287.24569580366517,179.36030242631526,0.6687623766468854,0.03709363794073597,0.04114054242192791,0.040674448544026805,-0.004472786912375182,-0.0056535459823188194,-0.07717382540355766,0,2024-07-22,0,7,3
2024-07-23,253.60000610351562,255.75999450683594,245.6300048828125,246.3800048828125,111928200,TSLA,-0.020396762498772203,-2.0396762498772203,1.041240847708554,0.10573235571309181,246.96399841308593,249.65399932861328,236.4929992675781,201.2333999633789,0.9976353090570853,0.9868858722287428,1.0418067581106187,57.13073465698022,15.160867021797515,16.89488533658018,-1.7340183147826664,236.4929992675781,285.0864417656975,187.89955676945877,0.6017318912486702,0.03672890044795796,0.039390269464135666,0.04131690081838862,-0.039678799394501585,-0.060801214142018334,-0.09643643678360236,0,2024-07-23,1,7,3
2024-07-24,225.4199981689453,225.99000549316406,214.7100067138672,215.99000549316406,167942900,TSLA,-0.12334604589403697,-12.334604589403696,1.0525359714339217,0.5004520755269897,240.46199951171874,244.9269989013672,237.92499923706055,202.18380004882812,0.8982292667105513,0.88185461979283,0.9078071080624815,37.46702085980157,11.78927370693279,15.873763010650702,-4.084489303717913,237.92499923706055,281.88816349263936,193.9618349814817,0.25052985703692876,0.06432036494439829,0.05390318217944769,0.05160764010693068,-0.1308249275929012,-0.1795563417115439,0.07444789769017168,1,2024-07-24,2,7,3
2024-07-25,216.8000030517578,226.0,216.22999572753906,220.25,100636500,TSLA,0.01972310939623889,1.9723109396238891,1.0451833902118355,-0.40076954726874436,234.66600036621094,242.8489990234375,239.11899948120117,203.15100006103515,0.9385680058307814,0.9069421775905427,0.9210895013690261,37.015195048553515,9.353189917120488,14.56964839194466,-5.216458474824172,239.11899948120117,279.4796984552267,198.75830050717565,0.26624538275037707,0.06660053355585163,0.049577363543512304,0.05084211567412451,-0.1162781215115869,-0.0862133298117983,-0.015391597682853253,0,2024-07-25,3,7,3
2024-07-26,221.19000244140625,222.27999877929688,215.3300018310547,219.8000030517578,94604100,TSLA,-0.0020431189477511102,-0.20431189477511102,1.032276026977862,-0.05994246620262034,230.78600158691407,240.00599975585936,240.2379997253418,203.99600006103515,0.9523974657924869,0.9158104517193085,0.9149260454343182,36.12692441980121,7.3020910099477305,13.116136915545274,-5.814045905597544,240.2379997253418,276.79237820774483,203.6836212429388,0.2204439314510203,0.0662549825393608,0.04788012861798769,0.05088167148963436,-0.08110365444813161,-0.11453085108612915,-0.05518655466058464,0,2024-07-26,4,7,3
2024-07-29,224.89999389648438,234.27000427246094,224.6999969482422,232.10000610351562,129201800,TSLA,0.055959976710561854,5.595997671056185,1.0425901533341948,0.36571036561840353,226.90400390625,237.9520004272461,241.94899978637696,205.1582000732422,1.0228995615229974,0.9754068286325681,0.959293100233697,37.64610585994839,6.593086798941755,11.811526892224572,-5.218440093282817,241.94899978637696,272.9346809397133,210.96331863304064,0.3410718545427091,0.06740194296356256,0.051793555246287724,0.05204251865710484,-0.07717382540355766,-0.08130143023968994,-0.14312796358086755,0,2024-07-29,0,7,3
2024-07-30,232.25,232.41000366210938,220.0,222.6199951171875,100560300,TSLA,-0.04084450985365373,-4.084450985365374,1.0564091075550426,-0.2216803481066053,222.152001953125,234.55800018310546,242.58699951171874,206.11380004882812,1.0021066349163996,0.9491042511592073,0.9176913666654808,34.47669345172943,5.206224084299066,10.490466330639471,-5.284242246340405,242.58699951171874,271.22741906884454,213.94657995459295,0.15141913590502182,0.06849695901437254,0.052114372792130645,0.051727603344991366,-0.09643643678360236,-0.13228875414864683,-0.09873325042509662,0,2024-07-30,1,7,3
2024-07-31,227.89999389648438,234.67999267578125,226.7899932861328,232.07000732421875,67497000,TSLA,0.04244907202543402,4.244907202543402,1.0347898920729448,-0.3287907852303543,225.36800231933594,232.91500091552734,242.62750015258788,207.20600006103516,1.0297380503705507,0.9963720945925031,0.9564868251878721,46.20725032785987,4.814167671002593,9.355206598712096,-4.5410389277095025,242.62750015258788,271.2026937751469,214.0523065300289,0.3152682188645888,0.03828362650957775,0.05437169808839327,0.047335125701324,0.07444789769017168,-0.06611667072748995,-0.17369764099273188,0,2024-07-31,2,7,3
2024-08-01,227.69000244140625,231.8699951171875,214.3300018310547,216.86000061035156,83861900,TSLA,-0.06554059651757449,-6.5540596517574485,1.0818363884490547,0.24245373868468234,224.69000244140625,229.6780014038086,241.15100021362304,208.04420013427733,0.9651519794117384,0.9441914301103611,0.8992705832372524,37.5644200813544,3.2388047868749084,8.131926236344658,-4.893121449469749,241.15100021362304,271.87825408906207,210.42374633818397,0.10473201247105626,0.052156936359141856,0.05742657847204704,0.04705174714486614,-0.015391597682853253,-0.12988001312881592,-0.08309510385383989,0,2024-08-01,3,8,3
2024-08-02,214.8800048828125,216.1300048828125,205.77999877929688,207.6699981689453,82880100,TSLA,-0.042377581921705376,-4.237758192170538,1.0502964630426312,-0.011707342666932186,222.26400146484374,226.5250015258789,238.95849990844727,208.46559997558595,0.9343393298072751,0.916764139808296,0.8690630308129252,32.8240776248182,1.2345310528521338,6.752447199646153,-5.517916146794019,238.95849990844727,272.6821437208313,205.23485609606325,0.03610437363218479,0.055195217484254655,0.05754585197804227,0.04732847271007629,-0.05518655466058464,-0.13181437784934125,-0.036933588079995805,0,2024-08-02,4,8,3
2024-08-05,185.22000122070312,203.8800048828125,182.0,198.8800048828125,100308800,TSLA,-0.04232673647438423,-4.232673647438423,1.1202198070484204,0.21028811499986122,215.62000122070313,221.26200256347656,236.25550003051757,208.84100006103515,0.9223634345463342,0.8988439161656642,0.8418005289067251,28.75976093889315,-1.0510336567757577,5.191751028361771,-6.242784685137528,236.25550003051757,273.71924785653846,198.79175220449665,0.001177841025485402,0.04163648841563641,0.05346160657974189,0.04779080856918007,-0.14312796358086755,-0.20925605651266865,-0.006989135938866631,0,2024-08-05,0,8,3
2024-08-06,200.75,202.89999389648438,192.6699981689453,200.63999938964844,73783900,TSLA,0.008849529684359148,0.8849529684359148,1.0530959455273818,-0.264432432647983,211.2240020751953,216.68800201416016,233.1710006713867,209.37899993896485,0.9498920454987924,0.9259395883697197,0.8604843604561917,31.518380371643687,-2.6893422446081274,3.615532373767791,-6.304874618375918,233.1710006713867,271.7376380590779,194.60436328369553,0.07824944712290656,0.04417336633682524,0.05434409665390165,0.04670342898333171,-0.09873325042509662,-0.18564820434563967,0.03583533923085325,1,2024-08-06,1,8,3
2024-08-07,200.77000427246094,203.49000549316406,191.47999572753906,191.75999450683594,71159800,TSLA,-0.044258397676563366,-4.425839767656337,1.062722007695855,-0.03556466925711432,203.16199951171876,214.26500091552734,229.59599990844725,209.62939971923828,0.9438772751189372,0.8949664839683087,0.8352061646688155,29.121558097147144,-4.650646032056045,1.962296692603024,-6.612942724659069,229.59599990844725,269.64594654434524,189.54605327254927,0.027639752612082662,0.027507437090092818,0.04176119084716066,0.0470745695587228,-0.17369764099273188,-0.11218116750821139,0.050166930807007404,1,2024-08-07,2,8,3
2024-08-08,195.6999969482422,200.6999969482422,192.0399932861328,198.83999633789062,65033900,TSLA,0.036921162045623124,3.6921162045623124,1.0450947925685785,-0.08608652638146819,199.55799865722656,212.1240005493164,227.48649978637695,210.0711996459961,0.9964020368806703,0.9373762319349743,0.8740738308629872,35.01633567249303,-5.569494767527317,0.4559384005769558,-6.025433168104273,227.48649978637695,269.401670212922,185.5713293598319,0.15828000748931248,0.037428336974099155,0.043487331796486534,0.04539472904060709,-0.08309510385383989,-0.09720773512875991,0.07694630523809898,1,2024-08-08,3,8,3
2024-08-09,197.0500030517578,200.8800048828125,195.11000061035156,200.0,58648300,TSLA,0.005833854775063374,0.5833854775063374,1.0295730831551995,-0.0981887907691219,198.0239990234375,210.1440002441406,225.075,210.54739959716798,1.0099785934346706,0.9517283375573152,0.8885926913251139,29.150818160291507,-6.1333845699359415,-0.8619261935256238,-5.271458376410318,225.075,267.511567160414,182.63843283958596,0.2045590433220689,0.03528863247218687,0.04370460379013092,0.04463531166534838,-0.036933588079995805,-0.09008190526319226,0.08059997558593746,1,2024-08-09,4,8,3
2024-08-12,199.02000427246094,199.25999450683594,194.6699981689453,197.49000549316406,64044900,TSLA,-0.012549972534179665,-1.2549972534179665,1.0235783447940816,0.09201630737804845,197.74599914550782,206.68300018310546,222.31750030517577,210.92139984130858,0.9987054420648208,0.9555212829221702,0.8883241545180611,29.782486254661336,-6.705509936243743,-2.030642942069248,-4.674866994174495,222.31750030517577,264.3779136048527,180.25708700549885,0.2048591197247886,0.029943329237258974,0.037384197968571495,0.04416330038219777,-0.006989135938866631,-0.14911675872561436,0.12775327877750442,1,2024-08-12,0,8,3
2024-08-13,198.47000122070312,208.49000549316406,197.05999755859375,207.8300018310547,76247400,TSLA,0.05235706137163754,5.235706137163754,1.0580026797735635,0.1905303935207956,199.18399963378906,205.2040008544922,219.88100051879883,211.51639984130858,1.043407112083108,1.0127970262062511,0.9451930878097227,45.954787637205776,-6.252497225499411,-2.8750137987552806,-3.3774834267441305,219.88100051879883,259.1418839919007,180.62011704569693,0.3465266491519425,0.03860485950721413,0.041700310038731675,0.04606725911843968,0.03583533923085325,-0.06643605071659142,0.06385028222849232,1,2024-08-13,1,8,3
2024-08-14,207.38999938964844,208.44000244140625,198.75,201.3800048828125,70250000,TSLA,-0.0310349655555765,-3.10349655555765,1.048754729264937,-0.07865710830795547,201.10800170898438,202.13500061035157,217.52500076293944,212.01820007324218,1.0013525228808238,0.9962648936341587,0.9257786653327178,40.84425435989651,-6.340848878473992,-3.5681808146990233,-2.7726680637749683,217.52500076293944,255.17702419048726,179.87297733539162,0.2856025465511293,0.03438069810236432,0.03855766966938208,0.046057780134172936,0.050166930807007404,-0.13224458772274728,0.10869996453911468,1,2024-08-14,2,8,3
2024-08-15,205.02000427246094,215.8800048828125,204.82000732421875,214.13999938964844,89848500,TSLA,0.06336276788880446,6.336276788880446,1.053998619095284,0.27898220640569393,204.16800231933593,201.86300048828124,215.77050094604493,212.80559997558595,1.04884211510634,1.0608184703074395,0.9924433527787739,47.546808736343344,-5.319918573239562,-3.9185283664071315,-1.4013902068324304,215.77050094604493,250.34655521040884,181.19444668168103,0.47642152074482097,0.04091143458837148,0.04068276039866537,0.048810878411404086,0.07694630523809898,-0.012542659840669934,-0.016251030809087075,0,2024-08-15,3,8,3
2024-08-16,211.14999389648438,219.8000030517578,210.8000030517578,216.1199951171875,88765100,TSLA,0.009246267550119258,0.9246267550119258,1.0426944965356106,-0.01205807553826721,207.39200134277343,202.70800018310547,214.6165008544922,213.62799987792968,1.0420845245617194,1.06616411252623,1.0070054923862293,42.39336934198075,-4.301470172659748,-3.9951167276576554,-0.3063534450020926,214.6165008544922,247.39386242382034,181.83913928516404,0.5229349494698534,0.04073600370774186,0.03796613098991131,0.04825626566824241,0.08059997558593746,0.040689541208392965,0.019433704895069237,1,2024-08-16,4,8,3
2024-08-19,217.07000732421875,222.97999572753906,214.08999633789062,222.72000122070312,76435200,TSLA,0.030538618603692225,3.0538618603692225,1.0415245903205008,-0.13890481732122195,212.43800048828126,205.09199981689454,213.17700119018554,214.52359985351563,1.048400007102256,1.0859516773913502,1.0447656171971564,50.048945820247994,-2.9280246975927184,-3.7816983216446682,0.8536736240519498,213.17700119018554,241.3355072735012,185.01849510686986,0.6694514617054198,0.03754606597532422,0.03481181745747438,0.04720758323311764,0.12775327877750442,0.11987125780662589,-0.04269932855025471,0,2024-08-19,0,8,3
2024-08-20,224.8800048828125,228.22000122070312,219.55999755859375,221.10000610351562,74001200,TSLA,-0.007273684933137958,-0.7273684933137958,1.0394425385243424,-0.0318439671774261,215.09200134277344,207.13800048828125,211.9130012512207,215.39600006103515,1.027932255607998,1.067404366086001,1.0433527192671102,44.185305426552205,-1.9478260048503842,-3.4149238582858117,1.4670978534354275,211.9130012512207,235.73100679651566,188.09499570592573,0.6928583993908286,0.03608392075263749,0.035339543870741376,0.04707294171005352,0.06385028222849232,0.10197371798298938,-0.05377656744198245,0,2024-08-20,1,8,3
2024-08-21,222.6699981689453,224.66000366210938,218.86000061035156,223.27000427246094,70146000,TSLA,0.009814554993405888,0.9814554993405888,1.0265009733874755,-0.052096452489959644,219.47000122070312,210.28900146484375,212.27700119018556,216.3856002807617,1.0173144531399372,1.0617293473134275,1.051786123888317,53.9426776938931,-0.9845613517050538,-2.9288513569696604,1.9442900052646066,212.27700119018556,236.57502895794738,187.97897342242373,0.726211838823822,0.027148481546748864,0.029757604743966593,0.037868723200920516,0.10869996453911468,0.16432003894587988,-0.0784700315187925,0,2024-08-21,2,8,3
2024-08-22,223.82000732421875,224.8000030517578,210.32000732421875,210.66000366210938,79514500,TSLA,-0.056478704568676985,-5.6478704568676985,1.0688474478094585,0.13355715222535847,218.7740020751953,211.47100219726562,211.79750137329103,217.18560028076172,0.9629115053154393,0.996164965755448,0.9946293147756412,51.76484850275229,-1.2245727251183212,-2.5879956305993925,1.3634229054810714,211.79750137329103,235.80986572414096,187.7851370224411,0.47631433342919877,0.032852380250088555,0.03630233865863599,0.039811360639194375,-0.016251030809087075,0.059444817651942206,-0.0207918200259688,0,2024-08-22,3,8,3
2024-08-23,214.4600067138672,221.47999572753906,214.2100067138672,220.32000732421875,81525200,TSLA,0.04585589810206048,4.585589810206048,1.0339386059745697,0.025287211766407358,219.61400451660157,213.5030029296875,211.82350158691406,218.04620056152345,1.0032147440194954,1.031929313878439,1.0401112514600674,62.52629458132822,-0.628061996483325,-2.196008903776179,1.5679469072928542,211.82350158691406,235.8734467778262,187.77355639600194,0.6766429334840086,0.0396029864842504,0.038381829525544885,0.04119186087175439,0.019433704895069237,0.10160003662109385,-0.028186304046044497,0,2024-08-23,4,8,3
2024-08-26,218.75,219.08999633789062,211.00999450683594,213.2100067138672,59301200,TSLA,-0.0322712435275504,-3.2271243527550397,1.0382920337491073,-0.27260282710131345,217.71200561523438,215.07500305175782,210.87900161743164,218.66100067138672,0.9793213107901655,0.9913286234502955,1.0110537563178734,56.911914844774145,-0.7207324202134657,-1.9009536070636366,1.1802211868501709,210.87900161743164,232.98088774659635,188.77711548826693,0.552733171341419,0.03923517801471832,0.04015675517383369,0.039684648387602765,-0.04269932855025471,0.07959897100335667,-0.012241454566690457,0,2024-08-26,0,8,3
2024-08-27,213.25,215.66000366210938,206.94000244140625,209.2100067138672,62821400,TSLA,-0.018760845523390857,-1.8760845523390857,1.0421378231266434,0.05936136199604736,215.3340057373047,215.21300354003907,210.20850219726563,219.28500091552735,0.9715604648579823,0.9721067187975235,0.9952499757480722,60.13946233729571,-1.1042122972645814,-1.7416053451038258,0.6373930478392444,210.20850219726563,231.61330606483912,188.80369832969214,0.4766759020644174,0.03951218562879065,0.03773365066656168,0.03888975651157388,-0.05377656744198245,0.006640065778059867,0.04875482348314497,1,2024-08-27,1,8,3
2024-08-28,209.72000122070312,211.83999633789062,202.58999633789062,205.75,64116400,TSLA,-0.01653843794670573,-1.653843794670573,1.0456587204067684,0.02061399459419877,211.8300048828125,215.6500030517578,208.8925018310547,219.6512008666992,0.9712977163637605,0.9540922656542614,0.9849563684502365,54.19143775087318,-1.668087810051702,-1.7269018380934011,0.05881402804169911,208.8925018310547,227.71914830015322,190.06585536195615,0.41654111537568067,0.03787047132706362,0.03661527360352189,0.0375236277948217,-0.0784700315187925,0.021700243376846062,0.11868771892561503,1,2024-08-28,2,8,3
2024-08-29,209.8000030517578,214.88999938964844,205.97000122070312,206.27999877929688,62308800,TSLA,0.002575935743848623,0.2575935743848623,1.0433072686123221,-0.0281924749362098,210.95400390625,214.86400299072267,208.36350173950194,220.07960083007814,0.9778434870142105,0.9600491283232937,0.9900006337827347,53.83863063353457,-2.0485819666213274,-1.7912378637989865,-0.2573441028223409,208.36350173950194,226.83880386225968,189.8881996167442,0.4436138325002376,0.03042640027129302,0.029856442914162132,0.034760715307171744,-0.0207918200259688,-0.036704962327236856,0.021572605073569617,1,2024-08-29,3,8,3
2024-08-30,208.6300048828125,214.57000732421875,207.02999877929688,214.11000061035156,63370600,TSLA,0.03795812428442069,3.795812428442069,1.0364198840234735,0.017040931618005795,209.71200256347657,214.66300354003906,208.68550186157228,220.73040069580077,1.0209716086495515,0.9974238554358793,1.0259936540890011,59.538565225371904,-1.6987287299279785,-1.772736037024785,0.07400730709680658,208.68550186157228,227.3335855277697,190.03741819537484,0.6454438655970864,0.027240516460755475,0.03246660897244285,0.03448074980770355,-0.028186304046044497,-0.009300363465888695,0.010088289458465072,1,2024-08-30,4,8,3
2024-09-03,215.25999450683594,219.89999389648438,209.63999938964844,210.60000610351562,76714200,TSLA,-0.016393416920415627,-1.6393416920415627,1.0489410157255636,0.21056452045585816,209.19000244140625,213.4510040283203,209.27150192260743,221.28220092773438,1.006740301379863,0.9866433145265204,1.0063482326485118,51.72499969117531,-1.685268021041992,-1.7552424338282266,0.06997441278623473,209.27150192260743,227.35008477381805,191.1929190713968,0.5367424867270288,0.024066496244765978,0.03083939373857182,0.03318578445010569,-0.012241454566690457,-0.05441808122646896,0.07393158411294931,1,2024-09-03,1,9,3
2024-09-04,210.58999633789062,222.22000122070312,210.57000732421875,219.41000366210938,80651800,TSLA,0.04183284569452206,4.183284569452206,1.0553259889408022,0.051328176530551106,211.2300018310547,213.2820037841797,210.21000213623046,222.01880096435548,1.0387255681491552,1.0287319125345926,1.04376576486554,60.90744108334641,-0.9527247199922897,-1.5947388910610394,0.6420141710687497,210.21000213623046,228.35060926695945,192.06939500550146,0.7535747965759845,0.028508511099638013,0.034191393593908936,0.034273230185700686,0.04875482348314497,-0.007643611012000728,0.039742951894444545,1,2024-09-04,2,9,3
2024-09-05,223.49000549316406,235.0,222.25,230.1699981689453,119355000,TSLA,0.04904058305110959,4.904058305110959,1.0573678290213724,0.47988017626389,216.11400146484374,213.9720031738281,212.13050231933593,222.87520080566406,1.0650397318490636,1.0757014691401388,1.0850396131267024,59.938003715084996,0.49040961864031374,-1.1777091891207687,1.6681188077610825,212.13050231933593,230.17938313971712,194.08162149895475,0.9997400123900977,0.028396818406756733,0.03755753767162938,0.03355239421420334,0.11868771892561503,0.030904258361835968,-0.0015640640101466374,0,2024-09-05,3,9,3
2024-09-06,232.60000610351562,233.60000610351562,210.50999450683594,210.72999572753906,112177000,TSLA,-0.0844593239607937,-8.44593239607937,1.109686058615758,-0.06013991872983959,217.00400085449218,213.9790023803711,212.72500228881836,223.1624008178711,0.9710880670298792,0.9848162360947147,0.9906216639331814,47.2530836020198,0.06471228613327185,-0.9292248940699607,0.9939371802032325,212.72500228881836,229.68082870442007,195.76917587321665,0.44117047107053375,0.05665982637741407,0.043161728115086194,0.03891844871384134,0.021572605073569617,0.00033225132541980784,0.09282018675634407,1,2024-09-06,4,9,3
2024-09-09,216.1999969482422,219.8699951171875,213.6699981689453,216.27000427246094,67443500,TSLA,0.026289605928169646,2.6289605928169646,1.0290166939737602,-0.3987760414345186,217.43600158691407,213.57400207519532,213.53850250244142,223.5394009399414,0.9946375149195932,1.0126232695509279,1.0127916124633696,46.67697231044787,0.17238927665701453,-0.7089020599245657,0.8812913365815802,213.53850250244142,229.45295101006386,197.62405399481898,0.5858182980299704,0.05521554475479181,0.04129985558936813,0.03924674431764211,0.010088289458465072,-0.018382366181560195,0.04859663522082913,1,2024-09-09,0,9,3
2024-09-10,220.07000732421875,226.39999389648438,218.63999938964844,226.1699981689453,78891100,TSLA,0.04577608406578748,4.577608406578748,1.035492108161812,0.16973614951774452,220.55,214.87000122070313,214.97250213623047,224.10520080566405,1.025481741867809,1.0525899236005283,1.0520880388023715,52.40671792333288,1.0445301438620618,-0.3582156191672402,1.4027457630293019,214.97250213623047,229.93845835415792,200.00654591830303,0.8740989172245995,0.056663746750812635,0.04211546384618211,0.04005956080686366,0.07393158411294931,0.060785099418296795,0.00751645647966237,1,2024-09-10,1,9,3
2024-09-11,224.5500030517578,228.47000122070312,216.8000030517578,228.1300048828125,83548600,TSLA,0.008666077418469476,0.8666077418469476,1.0538284040805999,0.05903707769317457,222.29400024414062,216.76200103759766,215.98750228881835,224.4706008911133,1.026253540951453,1.0524446341646525,1.0562185425791777,52.3116438977551,1.8722817276062642,0.08788385018746064,1.7843978774188036,215.98750228881835,231.65109956286813,200.32390501476857,0.8876026171239381,0.054748050800505314,0.0411528805455519,0.03865545516452616,0.039742951894444545,0.0904354359819024,-0.0040766576717869984,0,2024-09-11,2,9,3
2024-09-12,224.66000366210938,231.4499969482422,223.8300018310547,229.80999755859375,71894900,TSLA,0.007364189890953776,0.7364189890953776,1.0340436717814934,-0.13948408471237095,222.2220001220703,219.16800079345703,217.40900192260742,224.44160095214843,1.034146022591621,1.0485563436569634,1.0570399363702558,60.16561917407169,2.6334850140482047,0.5970040829596095,2.036480931088595,217.40900192260742,232.64520188237393,202.1728019628409,0.9069582858171014,0.050116508822767324,0.04015617897625916,0.03769282992756526,-0.0015640640101466374,0.1169380197258505,0.061398549933642466,1,2024-09-12,3,9,3
2024-09-13,228.0,232.6699981689453,226.32000732421875,230.2899932861328,59515100,TSLA,0.0020886633855721204,0.20886633855721204,1.0280575761719102,-0.1721930206454143,226.13399963378907,221.56900024414062,218.21650161743165,224.11960083007813,1.0183784555134308,1.0393601678591444,1.0553280415514492,55.864008120311276,3.238148387513803,1.1252329438704483,2.112915443643355,218.21650161743165,234.40529530202036,202.02770793284293,0.8728965821645747,0.01798356747009349,0.04016899683129503,0.03531179271224769,0.09282018675634407,0.11639516506166325,0.034565143714155866,1,2024-09-13,4,9,3
2024-09-16,229.3000030517578,229.9600067138672,223.52999877929688,226.77999877929688,54323000,TSLA,-0.015241628421408637,-1.5241628421408637,1.0287657494281965,-0.087240044963379,228.23599853515626,222.83600006103515,218.7495018005371,223.62480072021484,0.9936206393154272,1.0176991092874645,1.0367109269399948,58.334353272599316,3.39498596005393,1.5791835471071447,1.8158024129467851,218.7495018005371,235.34450615221033,202.15449744886388,0.7419552537794327,0.022293616878984814,0.03984365906335307,0.035552922351629344,0.04859663522082913,0.05917518160210933,0.10238998741375305,1,2024-09-16,0,9,3
2024-09-17,229.4499969482422,234.57000732421875,226.5500030517578,227.8699951171875,66761600,TSLA,0.004806404196833203,0.4806404196833203,1.0354005922066956,0.22897483570494992,228.57599792480468,224.56299896240233,219.00700149536132,223.12340057373046,0.9969112994626433,1.0147263626245873,1.0404689967047192,61.885345242318365,3.566126376205659,1.9765721129268476,1.5895542632788116,219.00700149536132,236.0160685240721,201.99793446665055,0.7605373242067223,0.009712049146885629,0.03904644668691053,0.03496536899747231,0.00751645647966237,0.08200374412706912,0.115855574322967,1,2024-09-17,1,9,3
2024-09-18,230.08999633789062,235.67999267578125,226.8800048828125,227.1999969482422,78010200,TSLA,-0.0029402649901351108,-0.2940264990135111,1.0387869693387661,0.16848907156209547,228.38999633789064,225.3419982910156,219.31200103759767,222.42080078125,0.9947896168451795,1.0082452391090766,1.0359670053317886,64.16589862122659,3.606123983631335,2.302482487067745,1.3036414965635896,219.31200103759767,236.6937744764313,201.93022759876405,0.7269042321372541,0.008938264784053483,0.03734431627260911,0.03492001934060328,-0.0040766576717869984,0.035504275812917596,0.13124996683966894,1,2024-09-18,2,9,3
2024-09-19,234.0,244.24000549316406,232.1300048828125,243.9199981689453,102694600,TSLA,0.07359155565707187,7.359155565707187,1.052169044740533,0.3164252879751621,231.21199645996094,226.7169982910156,220.34450073242186,222.0340005493164,1.0549625534295537,1.0758787387253945,1.1069938090497329,70.47878571225769,4.93015498160068,2.8280169859743323,2.1021379956263475,220.34450073242186,240.88286200686562,199.8061394579781,1.0739381326848811,0.03502769484076719,0.04122918330541429,0.038413353124626966,0.061398549933642466,0.05973845466126937,0.04222697248719953,1,2024-09-19,3,9,3
2024-09-20,241.52000427246094,243.99000549316406,235.9199981689453,238.25,99879100,TSLA,-0.02324531900421767,-2.324531900421767,1.0342065419924245,-0.027416241944561826,232.8039978027344,229.46899871826173,221.7240005493164,221.97840057373048,1.0233930785066683,1.0382666126177655,1.0745341028023163,63.44996998061109,5.459009556485853,3.354215500076637,2.104794056409216,221.7240005493164,243.20800867216798,200.23999242646482,0.8846116459317858,0.0385575822726886,0.028912809597326936,0.03626647930546574,0.034565143714155866,0.1305936735653077,0.09322137022068477,1,2024-09-20,4,9,3
2024-09-23,242.61000061035156,250.0,241.9199981689453,250.0,86927200,TSLA,0.04931794333683115,4.931794333683115,1.03339947872111,-0.1296757780156209,237.447998046875,232.8419982910156,223.20800018310547,222.01380065917968,1.0528621089938484,1.073689462532183,1.1200315391693672,70.1061450043107,6.748465311094037,4.033065462280117,2.71539984881392,223.20800018310547,248.11176537531054,198.3042349909004,1.0379106253635992,0.03986974727441314,0.03095876362720539,0.03647039715672425,0.10238998741375305,0.15596243150319355,0.04652001953125007,1,2024-09-23,0,9,3
2024-09-24,254.0800018310547,257.19000244140625,249.0500030517578,254.27000427246094,88491000,TSLA,0.017080017089843746,1.7080017089843746,1.0326841971086296,0.017989766149145492,242.72799987792968,235.6519989013672,225.26100006103516,222.04640075683594,1.0475511865146825,1.0790063545308026,1.128779523324347,68.65368439221952,8.022444202552123,4.830941210334519,3.191502992217604,225.26100006103516,253.27051076991265,197.25148935215768,1.0178420378873578,0.03904621173945923,0.02906290577328008,0.03532703116141547,0.115855574322967,0.12424285418495407,0.014748042152831653,1,2024-09-24,1,9,3
2024-09-25,252.5399932861328,257.04998779296875,252.27999877929688,257.0199890136719,65034300,TSLA,0.010815214909361437,1.0815214909361437,1.0189075195685442,-0.2650744143472218,248.69199829101564,238.54099731445314,227.6514991760254,222.0556005859375,1.0334871679824251,1.0774667327933534,1.1290063537641721,65.71461895258915,9.148523949260579,5.69445775811973,3.454066191140848,227.6514991760254,257.9595302454628,197.34346810658795,0.9845001275464184,0.03722477869156972,0.02904222939991299,0.0346978111224002,0.13124996683966894,0.12663824798364343,-0.031125924376198544,0,2024-09-25,2,9,3
2024-09-26,260.6000061035156,261.75,251.52999877929688,254.22000122070312,67142200,TSLA,-0.01089404681602335,-1.089404681602335,1.0406313412726194,0.03241212713906361,250.7519989013672,240.98199768066405,230.07499923706055,222.17000061035156,1.0138304074724447,1.0549335787214336,1.1049440489566817,81.61072033102208,9.703162628305193,6.496198732156824,3.2069638961483697,230.07499923706055,260.75838110490315,199.39161736921795,0.8934540541788761,0.02796832981560069,0.02995116459196291,0.03448502821806536,0.04222697248719953,0.10621819729964388,-0.0533396172350008,0,2024-09-26,3,9,3
2024-09-27,257.3800048828125,260.70001220703125,254.1199951171875,260.4599914550781,70988100,TSLA,0.024545630573566513,2.4545630573566513,1.0258933465145448,0.05727992231413337,255.19399719238282,243.9989974975586,232.78399887084962,222.39460052490233,1.02063525913866,1.067463367170942,1.1188913014574655,81.79595805355754,10.524908248779667,7.301940635481392,3.222967613298275,232.78399887084962,264.1804594776523,201.38753826404692,0.9407502000119078,0.021856593625018454,0.03008884583224415,0.034545667715297615,0.09322137022068477,0.1310087239937492,-0.03985253000291866,0,2024-09-27,4,9,3
2024-09-30,259.0400085449219,264.8599853515625,255.77000427246094,261.6300048828125,80705700,TSLA,0.004492104223754234,0.4492104223754234,1.0355396681677278,0.13689054926107325,257.51999816894534,247.48399810791017,235.15999908447264,222.84320068359375,1.0159599516274103,1.0571592785111474,1.1125616852415086,79.18040464946327,11.142118472745295,8.069976202934173,3.0721422698111223,235.15999908447264,267.7748829003023,202.54511526864297,0.90579641411282,0.013473368763709366,0.028659772800850847,0.03404430675043314,0.04652001953125007,0.15367319115929523,-0.07950159639019383,0,2024-09-30,0,9,3
2024-10-01,262.6700134277344,263.9800109863281,248.52999877929688,258.0199890136719,87397600,TSLA,-0.013798172234708361,-1.3798172234708361,1.0621655827582865,0.08291731562950333,258.2699951171875,250.4989974975586,237.53099822998047,222.97340057373046,0.9990319971028684,1.0300240383843715,1.0862581765595651,73.9464805261485,11.210733553553354,8.69812767305801,2.512605880495343,237.53099822998047,269.5167638647414,205.54523259521957,0.8202829505107225,0.01583300442422954,0.02995220422255228,0.03394068572427022,0.014748042152831653,0.13231225936955426,-0.052398998485948645,0,2024-10-01,1,10,4
2024-10-02,247.5500030517578,251.16000366210938,241.5,249.02000427246094,93983900,TSLA,-0.03488095932262847,-3.488095932262847,1.040000015164014,0.07536019295724361,256.6699981689453,252.68099822998047,239.01149826049806,223.02620056152344,0.9701952158372285,0.9855113998157177,1.0418745796114572,63.77457070000304,10.418786659690397,9.042259470384488,1.376527189305909,239.01149826049806,270.1967273021517,207.8262692188444,0.6604686949484108,0.022146870287070113,0.033340116616812986,0.03457273549629005,-0.031125924376198544,0.09603876592124028,-0.03200546576162966,0,2024-10-02,2,10,4
2024-10-03,244.47999572753906,249.7899932861328,237.80999755859375,240.66000366210938,80729200,TSLA,-0.03357160254966751,-3.357160254966751,1.050376333419655,-0.14103160222123146,253.95799865722657,252.35499877929686,239.53599853515624,223.51960052490233,0.9476370302749715,0.9536565743743574,1.0046924267493271,56.680849357099646,9.012688199459859,9.036345216199562,-0.023657016739702996,239.53599853515624,270.4467575536931,208.62523951661936,0.5181814546559516,0.025448308880665287,0.027175337155466044,0.03420873470857443,-0.0533396172350008,-0.013365015297261418,-0.00785340048569938,0,2024-10-03,3,10,4
2024-10-04,246.69000244140625,250.9600067138672,244.5800018310547,250.0800018310547,86573200,TSLA,0.03914235030998814,3.914235030998814,1.026085554154258,0.0723901636582549,251.8820007324219,253.53799896240236,241.50349884033204,224.11620056152344,0.9928458607755721,0.9863610301197476,1.035512955430898,63.9487609994583,8.559788254642825,8.941033823888215,-0.3812455692453902,241.50349884033204,269.57286936734835,213.43412831331577,0.6527733402939673,0.030774106634349385,0.028627025369493096,0.028265346423984643,-0.03985253000291866,0.049653732764133096,-0.1290786889913097,0,2024-10-04,4,10,4
2024-10-07,249.0,249.8300018310547,240.6999969482422,240.8300018310547,68113300,TSLA,-0.03698816351676526,-3.698816351676526,1.037931055249559,-0.2132288052191671,247.7220001220703,252.62099914550782,242.73149871826172,224.53680053710937,0.9721784973170754,0.953325347638018,0.9921662540821944,57.06806822983856,7.3695129331520945,8.626729645740992,-1.2572167125888978,242.73149871826172,268.1792370918889,217.28376034463454,0.46263917721706727,0.032215213129255495,0.02680883374764482,0.029728305621140098,-0.07950159639019383,-0.03667999267578126,-0.0899804758717192,0,2024-10-07,0,10,4
2024-10-08,243.55999755859375,246.2100067138672,240.55999755859375,244.5,56303200,TSLA,0.015238957526229946,1.5238957526229946,1.0234869022805724,-0.17338904443038294,245.01800231933595,251.6439987182617,243.64799880981445,224.78480041503906,0.9978858601636102,0.9716106930638149,1.0034968528136798,59.13604096860135,6.645741376422478,8.230531991877289,-1.5847906154548106,243.64799880981445,267.8753645573667,219.4206330622622,0.5175834467325782,0.035195151127220756,0.026658418663491158,0.028318151860097198,-0.052398998485948645,-0.038423738971553933,-0.10196316022814422,0,2024-10-08,1,10,4
2024-10-09,243.82000732421875,247.42999267578125,239.50999450683594,241.0500030517578,66289500,TSLA,-0.014110416966225725,-1.4110416966225725,1.0330675059521128,0.17736647295358,243.42400207519532,250.0470001220703,244.29399871826172,225.15340057373047,0.990247473530962,0.9640187762063922,0.9867209359070457,48.23731970031961,5.72773551272698,7.729972696047227,-2.002237183320247,244.29399871826172,267.44421786633467,221.1437795701888,0.42993596203658496,0.032692303479563554,0.026325079636569063,0.028589143074240327,-0.03200546576162966,-0.06213519043090676,-0.08180875739905669,0,2024-10-09,2,10,4
2024-10-10,241.80999755859375,242.7899932861328,232.33999633789062,238.77000427246094,83087100,TSLA,-0.009458613360014412,-0.9458613360014412,1.0449771761769542,0.25339759690448704,243.04600219726564,248.5020004272461,244.74199905395508,225.2874005126953,0.9824066313119846,0.9608373528661618,0.9755988150600274,50.333250735314685,4.76134656575411,7.136247469988604,-2.3749009042344937,244.74199905395508,267.04325797709976,222.4407401308104,0.36610633054225705,0.029212217369964724,0.02629982948193601,0.02870557880145253,-0.00785340048569938,-0.0607741203447999,-0.07488379847918247,0,2024-10-10,3,10,4
2024-10-11,220.1300048828125,223.33999633789062,214.3800048828125,217.8000030517578,142628900,TSLA,-0.08782510719719305,-8.782510719719305,1.0417949027474644,0.7166190660162648,236.59000244140626,244.23600158691406,244.11749954223632,225.30620056152344,0.9205799095661197,0.8917604351390075,0.892193322724391,31.545159224739947,2.277123258459966,6.164422627682876,-3.8872993692229105,244.11749954223632,268.7050654861199,219.52993359835273,-0.03517897116256139,0.03891252616532028,0.034542176970192996,0.03507463304739593,-0.1290786889913097,-0.16378710666846485,0.013314939650369118,1,2024-10-11,4,10,4
2024-10-14,220.1300048828125,221.91000366210938,213.74000549316406,219.16000366210938,86291900,TSLA,0.00624426350457119,0.624426350457119,1.038224000930919,-0.39499007564385624,232.2560028076172,239.98900146484374,243.73649978637695,225.53600067138672,0.9436139475957678,0.9132085317427114,0.8991677645908279,29.1829642157481,0.41333441102437973,5.014204984351178,-4.600870573326798,243.73649978637695,269.65535838326184,217.81764118949206,0.025895478143830083,0.04079289386690165,0.034668514008850036,0.034982961325623375,-0.0899804758717192,-0.16232848078616213,-0.0014144805320942533,0,2024-10-14,0,10,4
2024-10-15,220.00999450683594,224.25999450683594,217.1199951171875,219.57000732421875,62988800,TSLA,0.0018707960177875016,0.18707960177875016,1.0328850384590085,-0.27004968021332243,227.27000427246094,236.14400329589844,243.3215003967285,225.94980072021485,0.9661196074999361,0.9298140298277582,0.9023863775548661,27.161857452111335,-1.018902535271394,3.807583480426664,-4.826486015698058,243.3215003967285,270.5430794712449,216.0999213222121,0.06373777936444504,0.03844150036665369,0.03517966544431,0.03496293116865977,-0.10196316022814422,-0.14901939123567576,-0.007286997541303686,0,2024-10-15,1,10,4
2024-10-16,221.39999389648438,222.82000732421875,218.92999267578125,221.3300018310547,49632800,TSLA,0.008015641700267029,0.8015641700267029,1.0177683039262615,-0.21203769559032715,223.3260040283203,233.3750030517578,243.02800064086915,226.36360076904296,0.991062383415894,0.9483877833392818,0.9107181116883797,29.684990346153043,-1.9890156517923572,2.64826365398286,-4.637279305775217,243.02800064086915,271.0949076885646,214.9610935931737,0.11345938879296522,0.04059647006757687,0.03516019920130767,0.03502114222770645,-0.08180875739905669,-0.11119589577674938,-0.03469935332324536,0,2024-10-16,2,10,4
2024-10-17,221.58999633789062,222.0800018310547,217.89999389648438,220.88999938964844,50791800,TSLA,-0.001987992760882462,-0.1987992760882462,1.0191831484701925,0.023351493367289367,219.7500030517578,231.39800262451172,241.8765007019043,226.94620086669923,1.0051876965736475,0.9545890495350794,0.9132346414333147,23.67266317714548,-2.7615088506398138,1.5663091530583255,-4.327818003698139,241.8765007019043,271.62843981936834,212.12456158444024,0.147308680798943,0.04104303719589832,0.03433050329730161,0.030346056073803824,-0.07488379847918247,-0.08214910650553442,0.17922953373205086,1,2024-10-17,3,10,4
2024-10-18,220.7100067138672,222.27999877929688,219.22999572753906,220.6999969482422,49611900,TSLA,-0.0008601676940163117,-0.08601676940163117,1.0139123437084239,-0.02323012769777799,220.3300018310547,228.46000213623046,240.9990005493164,227.38340087890626,1.0016792770576528,0.9660334189117228,0.9157714199859498,22.407975633665615,-3.350425268417183,0.5829622687632239,-3.933387537180407,240.9990005493164,272.20118539004505,209.79681570858776,0.17471823359982078,0.004363142277981731,0.030325897937033237,0.030029441918550313,0.013314939650369118,-0.11748242429500866,0.21971004152091478,1,2024-10-18,4,10,4
2024-10-21,218.89999389648438,220.47999572753906,215.72999572753906,218.85000610351562,47329000,TSLA,-0.008382378207102636,-0.8382378207102636,1.0220182640062678,-0.046015169747580686,220.26800231933595,226.26200256347656,239.44150085449218,227.76040100097657,0.9935624048845526,0.9672415324889493,0.9140019809536278,22.95263262149507,-3.921223152939831,-0.3178748155773871,-3.6033483373624438,239.44150085449218,271.8388089536069,207.04419275537745,0.18220361568343973,0.005965428237431874,0.029026796390026435,0.02735246871560387,-0.0014144805320942533,-0.09126768077242431,0.19949738379928705,1,2024-10-21,0,10,4
2024-10-22,217.30999755859375,218.22000122070312,215.25999450683594,217.97000122070312,43268700,TSLA,-0.004021041161846095,-0.4021041161846095,1.0137508445108372,-0.08578883982336416,219.9480010986328,223.60900268554687,237.6265007019043,228.17000091552734,0.9910069658826194,0.9747818674690228,0.9172798512660013,25.85160499740229,-4.393942988696892,-1.1330884502012883,-3.260854538495604,237.6265007019043,270.58832148438177,204.66467991942682,0.20182928287064508,0.006018799545439607,0.027845462557526002,0.026806076947996537,-0.007286997541303686,-0.10850715247156184,0.1906225056671802,1,2024-10-22,1,10,4
2024-10-23,217.1300048828125,218.72000122070312,212.11000061035156,213.64999389648438,80938900,TSLA,-0.019819274670942355,-1.9819274670942355,1.0311630785504273,0.8706108572709603,218.41199951171876,220.86900177001954,235.45800094604493,228.28640075683595,0.978197142895627,0.9673154321535261,0.9073804799075065,27.58505413641079,-5.058850076892156,-1.918240775539462,-3.1406093013526943,235.45800094604493,268.75255686273374,202.16344502935613,0.17249890486406289,0.007712582602388237,0.027973371943525657,0.026589600001828854,-0.03469935332324536,-0.11366939974437651,0.20547622349923578,1,2024-10-23,2,10,4
2024-10-24,244.67999267578125,262.1199951171875,242.64999389648438,260.4800109863281,204491900,TSLA,0.21919035070290427,21.919035070290427,1.0802390344547428,1.5264971478485623,226.3300018310547,223.04000244140624,235.77100143432617,229.46840087890624,1.1508859138381702,1.1678623033316975,1.1048008847639588,55.32459919124996,-1.7864101066086846,-1.8918746417533066,0.10546453514462195,235.77100143432617,269.91507497745,201.62692789120234,0.8618345292162428,0.10197694215430439,0.07823354573822454,0.057484789977184474,0.17922953373205086,0.09092434696735974,-0.04080929220849283,0,2024-10-24,3,10,4
2024-10-25,256.010009765625,269.489990234375,255.32000732421875,269.19000244140625,161611900,TSLA,0.03343823359841336,3.343823359841336,1.0554989131429973,-0.20969045717703239,236.0280029296875,228.1790023803711,236.20750198364257,230.5694009399414,1.1405002758151441,1.1797317002581615,1.1396335856430493,64.60049298829495,1.4926394460881056,-1.2149718241850243,2.70761127027313,236.20750198364257,271.8699755423231,200.54502842496203,0.9624258662749917,0.099907470566485,0.07015234765428803,0.05769704501717851,0.21971004152091478,0.23595040711471515,-0.07507710736124473,0,2024-10-25,4,10,4
2024-10-28,270.0,273.5400085449219,262.239990234375,262.510009765625,107653600,TSLA,-0.024815158866218545,-2.4815158866218545,1.0430903703910588,-0.33387578513710936,244.76000366210937,232.51400299072264,236.2515022277832,231.49720123291016,1.0725200434627362,1.1290073130610512,1.111146415113689,58.993313136608286,3.5118083186960973,-0.2696157956088,3.7814241143048974,236.2515022277832,272.0479637937869,200.45504066177952,0.8667751837625733,0.10230626074358813,0.07166600385756569,0.05803093312282036,0.19949738379928705,0.19780071810160504,-0.07493052720273874,0,2024-10-28,0,10,4
2024-10-29,264.510009765625,264.9800109863281,255.50999450683594,259.5199890136719,80521800,TSLA,-0.01139012091242797,-1.139012091242797,1.037063193937953,-0.25202872918323216,253.07000122070312,236.50900115966797,236.3265022277832,232.23320098876954,1.0254869710430186,1.0972943428840964,1.0981417088953216,59.265566693075215,4.8152374515670715,0.7473548538263743,4.067882597740697,236.3265022277832,272.32074035857875,200.3322640969877,0.8221833269759506,0.10316276824646331,0.07216509163437852,0.05799972536659149,0.1906225056671802,0.18194644239576263,-0.03113435155023825,0,2024-10-29,1,10,4
2024-10-30,258.0400085449219,263.3500061035156,255.82000732421875,257.54998779296875,53993600,TSLA,-0.007590942139718337,-0.7590942139718337,1.0294347532003374,-0.32945363864195787,261.85,240.13099975585936,236.75300140380858,232.96220062255858,0.9835783379529072,1.072539522405767,1.0878425458847238,59.45047183828269,5.624417017246742,1.722767286510448,3.901649730736294,236.75300140380858,273.57319870126554,199.93280410635163,0.7824127505503147,0.10154245855586617,0.0725949930934978,0.05741057243027248,0.20547622349923578,0.16364697809726425,0.12028737120823063,1,2024-10-30,2,10,4
2024-10-31,257.989990234375,259.75,249.25,249.85000610351562,66575300,TSLA,-0.029897037679701755,-2.9897037679701755,1.0421263791374122,0.23302206187399999,259.7239990234375,243.0270004272461,237.2125015258789,233.4938006591797,0.9619827472353417,1.0280750931553884,1.0532750360809209,68.61424017568254,5.580050137441162,2.494223856696591,3.0858262807445715,237.2125015258789,274.46483305609536,199.96016999566248,0.6696203171523112,0.024954980820875047,0.07394606894663432,0.05729274235537304,-0.04080929220849283,0.1311060111090947,0.18835299743437384,1,2024-10-31,3,10,4
2024-11-01,252.0399932861328,254.0,246.6300048828125,248.97999572753906,57544800,TSLA,-0.003482130697311625,-0.3482130697311625,1.0298828000294993,-0.1356433992787115,255.68199768066407,245.8550003051758,237.15750122070312,234.26020050048828,0.9737877440964947,1.012710725502773,1.0498508141044787,67.41821531750307,5.412296909453545,3.077838467247982,2.334458442205563,237.15750122070312,274.33301049364565,199.9819919477606,0.6590091802110255,0.011378700379325236,0.07401153952297262,0.05667876437588911,-0.07507710736124473,0.12813773978406084,0.29014381369102815,1,2024-11-01,4,11,4
2024-11-04,244.55999755859375,248.89999389648438,238.8800048828125,242.83999633789062,68802400,TSLA,-0.024660613282231236,-2.4660613282231236,1.0419456999701058,0.19563192503927374,251.74799499511718,248.25399932861328,237.25800094604492,234.71060028076172,0.9646154136901891,0.9781916786623198,1.023527111286397,62.739507642257735,4.729387199355074,3.4081482136694,1.3212389856856737,237.25800094604492,274.4861434197886,200.0298584723012,0.5749701035417304,0.011347016090447226,0.0747418247346994,0.05630779060013428,-0.07493052720273874,0.10961841245290072,0.4412782296084603,1,2024-11-04,0,11,4
2024-11-05,247.33999633789062,255.27999877929688,246.2100067138672,251.44000244140625,69282500,TSLA,0.03541429020427711,3.541429020427711,1.0368384379923696,0.0069779542574095466,250.13199768066406,251.6009994506836,237.60500106811523,235.4752001953125,1.0052292580432356,0.9993601098182088,1.0582268946827633,65.33563808283016,4.826488201702489,3.6918162112760182,1.1346719904264706,237.60500106811523,275.24446453159385,199.9655376046366,0.6837831905695874,0.025706476446001544,0.07480216202904384,0.05674056930708382,-0.03113435155023825,0.15355324601211273,0.30643488325181645,1,2024-11-05,1,11,4
2024-11-06,284.6700134277344,289.5899963378906,275.6199951171875,288.5299987792969,165228700,TSLA,0.14751032444224466,14.751032444224466,1.050685732052072,1.3848547613033593,256.3279998779297,259.08899993896483,239.9790008544922,237.0616000366211,1.125628097268744,1.1136327626694598,1.2023135263999323,75.08529448880745,7.806307917655943,4.514714552552004,3.291593365103939,239.9790008544922,283.9843440710663,195.9736576379181,1.051648895065526,0.0731579240570484,0.08390241006788146,0.0650997064693164,0.12028737120823063,0.3504797894779845,0.14456032867134572,1,2024-11-06,2,11,4
2024-11-07,288.8900146484375,299.75,285.5199890136719,296.9100036621094,117309200,TSLA,0.02904379065700735,2.904379065700735,1.0498389308415346,-0.2900192278944276,265.73999938964846,262.731999206543,242.8860008239746,238.88480010986328,1.1172951168211491,1.1300869500433324,1.222425346272992,76.64498754575315,10.720454148240947,5.755862471689793,4.964591676551154,242.8860008239746,293.70849487332964,192.06350677461955,1.031496966536812,0.0665561903072619,0.05294769493156041,0.06503602926354876,0.18835299743437384,0.13985715271523613,0.04806166460430705,1,2024-11-07,3,11,4
2024-11-08,299.1400146484375,328.7099914550781,297.6600036621094,321.2200012207031,204782800,TSLA,0.08187665372925301,8.187665372925302,1.104313604148898,0.7456670065092934,280.18800048828126,267.9349990844727,248.05700073242187,241.1836001586914,1.1464445324600474,1.198872869607569,1.294944308252771,80.93309224690998,14.820705796271,7.568831136606034,7.251874659664965,248.05700073242187,308.3038989963216,187.81010246852213,1.1071930887446277,0.06456951418821157,0.05695154035754407,0.062226380846558293,0.29014381369102815,0.1932835480791011,-0.0015565655877588513,0,2024-11-08,4,11,4
2024-11-11,346.29998779296875,358.6400146484375,336.0,350.0,210521600,TSLA,0.08959591143118995,8.959591143118995,1.0673809959774925,0.02802383793951435,301.6200012207031,276.68399810791016,254.5990005493164,243.90140014648438,1.1604004992490402,1.2649809977933588,1.374710816793659,84.1392101350478,20.160097094970354,10.087084328278898,10.073012766691456,254.5990005493164,328.50136144373346,180.69663965489934,1.1454529888901739,0.047913536053166145,0.05859498951707835,0.06393381855611381,0.4412782296084603,0.3332824920180686,-0.03217145647321429,0,2024-11-11,0,11,4
2024-11-12,342.739990234375,345.8399963378906,323.30999755859375,328.489990234375,155726000,TSLA,-0.06145717075892854,-6.145717075892854,1.0696854379679792,-0.2602849303824406,317.0299987792969,283.5809982299805,260.04499969482424,246.25919982910156,1.0361479717982653,1.1583638970336578,1.2632044093132895,77.27013227229108,22.39773796484201,12.549215055591521,9.848522909250487,260.04499969482424,338.96144431399057,181.1285550756579,0.9336548033166691,0.07855987914715137,0.0644336381660516,0.06667272661309795,0.30643488325181645,0.26575988031915987,0.05330454591061273,1,2024-11-12,1,11,4
2024-11-13,335.8500061035156,344.6000061035156,322.5,330.239990234375,125405600,TSLA,0.005327407385385952,0.5327407385385952,1.0685271507085756,-0.19470351771701577,325.3719970703125,290.8499984741211,265.49049911499026,248.47579956054688,1.0149613156875652,1.1354306067282263,1.2438862834460234,71.07806823079387,24.03523166101104,14.846418376675427,9.188813284335613,265.49049911499026,348.10245340143615,182.87854482854436,0.8918893559573385,0.061665677322241125,0.06382004414321825,0.06670571139740333,0.14456032867134572,0.28223648179645044,0.03570133507015427,1,2024-11-13,2,11,4
2024-11-14,327.69000244140625,329.9800109863281,310.3699951171875,311.17999267578125,120726100,TSLA,-0.05771559508909463,-5.771559508909463,1.0631827050863483,-0.03731492054581298,328.2259948730469,296.98299713134764,270.0049987792969,250.0959994506836,0.9480662639049695,1.0478040685209822,1.1524971540624733,61.94050678301402,23.523806897939266,16.581896080928196,6.94191081701107,270.0049987792969,352.22191637387976,187.78808118471403,0.7504046314380272,0.07280709066491671,0.06709446133145837,0.06889510048979507,0.04806166460430705,0.2454672206285875,0.09145839270684974,1,2024-11-14,3,11,4
2024-11-15,310.57000732421875,324.67999267578125,309.2200012207031,320.7200012207031,114440300,TSLA,0.030657525449785616,3.0657525449785616,1.0499967382253637,-0.0520666202254525,328.12599487304686,304.15699768066406,275.0059989929199,252.29579956054687,0.9774294211124323,1.054455441322539,1.1662291091655792,66.28797938283422,23.616066732188074,17.988730211180172,5.627336521007901,275.0059989929199,356.7617720238093,193.25022596203047,0.7795766007283137,0.06343412634717426,0.06639744315237436,0.06876846784688521,-0.0015565655877588513,0.2881356202273766,0.09927661579166669,1,2024-11-15,4,11,4
2024-11-18,340.7300109863281,348.54998779296875,330.010009765625,338.739990234375,126085600,TSLA,0.056186046847983784,5.618604684798378,1.0561800475098042,0.10175873359297372,325.8739929199219,313.7469970703125,281.00049819946287,254.74519927978517,1.0394815100130275,1.0796597047858323,1.205478255038277,70.44703714678606,24.856713113591127,19.362326791662362,5.494386321928765,281.00049819946287,363.0003392787032,199.00065712022254,0.8520707557171708,0.052648341520696855,0.06421884878626631,0.06883497445107609,-0.03217145647321429,0.3949102097788204,-0.00044279949462300294,0,2024-11-18,0,11,4
2024-11-19,335.760009765625,347.3800048828125,332.75,346.0,88852500,TSLA,0.021432396454288627,2.1432396454288627,1.0439669568228775,-0.29530017702259415,329.37599487304686,323.2029968261719,287.40199813842776,257.14179931640626,1.0504712103666225,1.070534628074903,1.2038886376612747,72.22250335829821,26.124608201536944,20.714783073637278,5.409825127899666,287.40199813842776,368.67008452236087,206.13391175449465,0.8605228354014572,0.042693341742941704,0.06437641920537711,0.06852091805378512,0.05330454591061273,0.37607380146533886,-0.022456615646450517,0,2024-11-19,1,11,4
2024-11-20,345.0,346.6000061035156,334.29998779296875,342.0299987792969,66340700,TSLA,-0.011473991967350106,-1.1473991967350106,1.0367933555479645,-0.2533614698517206,331.73399658203124,328.55299682617186,293.82099838256835,259.41979919433595,1.0310369220621005,1.0410192635079063,1.1640760893949391,73.6020019578255,26.503561712076134,21.87253880132505,4.631022910751085,293.82099838256835,370.724455149766,216.91754161537068,0.8134384488246538,0.04391268810442489,0.05167498124821738,0.06825568386607432,0.03570133507015427,0.18542266047324718,-0.02672275579183092,0,2024-11-20,2,11,4
2024-11-21,343.80999755859375,347.989990234375,335.2799987792969,339.6400146484375,58011700,TSLA,-0.006987644766217049,-0.6987644766217049,1.0379085883481067,-0.12554887120576053,337.4260009765625,332.8259979248047,297.7789985656738,261.6163995361328,1.0065614791553328,1.020473210524775,1.1405774627639882,73.03354103532588,26.307773714600046,22.75958578398005,3.5481879306199957,297.7789985656738,375.6001408695918,219.9578562617558,0.7689565768598088,0.027943067873544263,0.0521007049181791,0.051125349494872505,0.09145839270684974,0.1439156999066824,0.016252469601927277,1,2024-11-21,3,11,4
2024-11-22,341.0899963378906,361.5299987792969,337.70001220703125,352.55999755859375,89140700,TSLA,0.038040225983177356,3.8040225983177356,1.0705655484479413,0.5365986516513048,343.79400024414065,335.9599975585937,301.9474983215332,264.06179962158205,1.0254978193576039,1.0494106444833655,1.1676201972806712,76.9476393696871,26.88522877818997,23.584714382822035,3.3005143953679337,301.9474983215332,382.21378900715774,221.68120763590866,0.8152786730564908,0.02895818241316326,0.04746240883955718,0.05122508980628492,0.09927661579166669,0.09756551964009752,0.012848873413507489,1,2024-11-22,4,11,4
2024-11-25,360.1400146484375,361.92999267578125,338.20001220703125,338.5899963378906,95890900,TSLA,-0.039624464821427674,-3.9624464821427674,1.0701655222124107,0.07572522988937713,343.7640014648438,334.8189971923828,305.75149765014646,266.2979995727539,0.9849489617734675,1.011262799235197,1.107402576733473,70.85427172374892,25.91685041122355,24.05114158850234,1.86570882272121,305.75149765014646,385.3566636904933,226.1463316097996,0.7062585904983881,0.030234912791439146,0.0405854118061114,0.05192976586688028,-0.00044279949462300294,-0.032600010463169626,0.037892487163265764,1,2024-11-25,0,11,4
2024-11-26,341.0,346.9599914550781,335.6600036621094,338.2300109863281,62295900,TSLA,-0.001063189566898104,-0.1063189566898104,1.0336649814386103,-0.3503460703778982,342.2100036621094,335.7929992675781,309.6869987487793,268.50519989013674,0.9883697360299525,1.007257482210962,1.0921672926305286,64.42922444015066,24.834083908646903,24.207730052531254,0.6263538561156494,309.6869987487793,387.4293596816851,231.94463781587342,0.6835743852838634,0.027882111299767445,0.034949782499918265,0.051714494083196866,-0.022456615646450517,0.029650890564439036,0.058244333883930244,1,2024-11-26,1,11,4
2024-11-27,341.79998779296875,342.54998779296875,326.5899963378906,332.8900146484375,57896400,TSLA,-0.015788061864523528,-1.5788061864523528,1.0488685864050957,-0.07062262524500007,340.3820068359375,336.05800170898436,313.45400009155276,270.61900024414064,0.9779894587932461,0.9905730943931214,1.0620059547850975,60.633650264291525,23.276770457638065,24.021538133552617,-0.7447676759145523,313.45400009155276,387.7857044548286,239.12229572827692,0.6307383889779827,0.028227248781528387,0.03545976558206709,0.05193128766833731,-0.02672275579183092,0.008024541219801229,0.10994615030610166,1,2024-11-27,2,11,4
2024-11-29,336.0799865722656,345.45001220703125,334.6499938964844,345.1600036621094,37167600,TSLA,0.03685898787510977,3.685898787510977,1.0322725788361664,-0.35803262379008016,341.4860046386719,339.4560028076172,318.2194999694824,272.64380035400393,1.0107588568009542,1.016803358336028,1.0846601282926112,57.61741425109561,22.77019328249503,23.771269163341103,-1.0010758808460736,318.2194999694824,387.4260004685643,249.01299947040044,0.6946385346632602,0.03375740736898691,0.030168371041473414,0.051089956009839003,0.016252469601927277,0.10919728705608622,0.12765093606189026,1,2024-11-29,4,11,4
2024-12-02,352.3800048828125,360.0,351.1499938964844,357.0899963378906,77986500,TSLA,0.034563659025395044,3.4563659025395044,1.0252029225611337,1.0982387886223486,342.3920043945312,343.09300231933594,323.625,275.0206002807617,1.0429273807644854,1.0407965010184816,1.1034067094256952,52.526908186845354,23.065493278585052,23.630113986389894,-0.564620707804842,323.625,386.6750745981823,260.5749254018177,0.7653842723514828,0.03289772350452933,0.030477412561770962,0.050976366973667434,0.012848873413507489,0.11340108187440268,0.09157358800969995,1,2024-12-02,0,12,4
2024-12-03,351.79998779296875,355.69000244140625,348.20001220703125,351.4200134277344,58267200,TSLA,-0.01587830229999254,-1.5878302299992542,1.0215105972768366,-0.2528553018791714,344.9580078125,344.3610046386719,329.0540008544922,277.0490005493164,1.0187327311408487,1.0204988622230013,1.0679706446819117,59.21255034667942,22.581692721109334,23.420429733333783,-0.8387370122244491,329.0540008544922,380.43410453321417,277.6738971757702,0.7176524663427705,0.02625030558882132,0.026981664584238986,0.05061350233458508,0.037892487163265764,0.037432908894476924,0.14105621453695072,1,2024-12-03,1,12,4
2024-12-04,353.0,358.1000061035156,348.6000061035156,357.92999267578125,50810900,TSLA,0.018524782309774723,1.8524782309774723,1.0272518641241188,-0.12796736414311993,348.89800415039065,345.55400390625,334.3785003662109,279.1222003173828,1.0258871888573413,1.0358149193168917,1.070433632197575,60.71512417482493,22.464620056593844,23.2292677979858,-0.7646477413919541,334.3785003662109,372.16594121955274,296.5910595128691,0.8116312163210109,0.026069359144501807,0.026788002588267804,0.050480449225157306,0.058244333883930244,0.034479747617864875,0.18674041769513106,1,2024-12-04,2,12,4
2024-12-05,359.8699951171875,375.42999267578125,359.5,369.489990234375,81403600,TSLA,0.03229681165351517,3.2296811653515167,1.0443115234375,0.6020893154815208,356.21799926757814,348.3000030517578,338.42649993896487,281.37160034179686,1.0372580582510864,1.0608383204046896,1.0917879962148722,73.95450066320812,23.039054440276175,23.191225126443875,-0.15217068616770035,338.42649993896487,372.71777970154693,304.1352201763828,0.9529357100475727,0.02195940016044772,0.027593894873786697,0.04065979670002841,0.10994615030610166,0.0802853303893889,0.13155976387426982,1,2024-12-05,3,12,4
2024-12-06,377.4200134277344,389.489990234375,370.79998779296875,389.2200012207031,81455800,TSLA,0.053397958017247005,5.3397958017247005,1.0504045389878534,0.000641249281358558,365.0299987792969,353.25800170898435,343.04199981689453,284.07160034179685,1.06626853278443,1.1018009481391575,1.1346132585177822,75.9666606202176,24.8004605524377,23.51307221164264,1.287388340795058,343.04199981689453,378.6296673991161,307.45433223467296,1.148792187590254,0.025803280873609453,0.030392111460098806,0.04151432444423199,0.12765093606189026,0.14597804862182095,0.12078004629306927,1,2024-12-06,4,12,4
2024-12-09,397.6099853515625,404.79998779296875,378.010009765625,389.7900085449219,96359200,TSLA,0.0014644862094215227,0.14644862094215227,1.070871081017019,0.18296303025690008,371.57000122070315,356.9810028076172,346.47050018310546,286.65820068359375,1.0490351946184064,1.0919068675343095,1.125030870850253,72.30233888267456,25.943323924838865,23.999122554281886,1.9442013705569785,346.47050018310546,386.1796382029067,306.7613621633042,1.0454601953360818,0.026827433193741857,0.02937926253974083,0.03841768899477077,0.09157358800969995,0.10559907886356479,0.1878703375238273,1,2024-12-09,0,12,4
2024-12-10,392.67999267578125,409.7300109863281,390.8500061035156,400.989990234375,97563600,TSLA,0.02873337295448497,2.873337295448497,1.048304988072105,0.01249906599473638,381.48399658203124,363.22100219726565,349.0199996948242,289.445400390625,1.0511318792586608,1.1039834916170321,1.1489026147068715,73.22410682064236,27.43652511861569,24.68660306714865,2.749922051467042,349.0199996948242,395.63102791798667,302.40897147166174,1.0574859911985945,0.019050832530778702,0.023861558018596782,0.033968672098051066,0.14105621453695072,0.18429367249885686,0.1966881893263437,1,2024-12-10,1,12,4
2024-12-11,409.70001220703125,424.8800048828125,402.3800048828125,424.7699890136719,104287600,TSLA,0.05930322291934931,5.930322291934931,1.0559172914333872,0.06891914607497052,394.85199584960935,371.875,353.83399963378906,292.780400390625,1.0757701454685256,1.1422386259191177,1.2004781605309272,79.93489725372493,30.19072510048028,25.787427473814976,4.403297626665303,353.83399963378906,410.35205535557066,297.31594391200747,1.127551571563923,0.02291469156923292,0.026216375371926996,0.03174994360687032,0.18674041769513106,0.2558613228169213,0.03616078411002399,1,2024-12-11,2,12,4
2024-12-12,424.8399963378906,429.29998779296875,415.0,418.1000061035156,87752200,TSLA,-0.015702575706076027,-1.5702575706076027,1.034457801910768,-0.15855576310126995,404.5739990234375,380.3959991455078,358.2270004272461,296.1620004272461,1.0334327146893454,1.0991177800047929,1.1671370544511186,77.53370740670852,31.47244183303434,26.92443034565885,4.54801148737549,358.2270004272461,420.39883978916544,296.05516106532673,0.9815122593344258,0.032429725496638674,0.026202206195098332,0.032373915107748265,0.13155976387426982,0.2559704037535271,0.04321934240714853,1,2024-12-12,3,12,4
2024-12-13,420.0,436.29998779296875,415.7099914550781,436.2300109863281,89000200,TSLA,0.04336284290396253,4.336284290396253,1.0495297124464606,0.014221865662627176,413.9760009765625,389.5029998779297,364.47950134277346,300.07340057373045,1.0537567635739,1.1199657284360909,1.1968574621596542,78.3262454842987,33.56424374425643,28.252393025378367,5.311850718878063,364.47950134277346,431.67838449413,297.2806181914169,1.0338668314021395,0.030521199047810917,0.026651475731749922,0.028518528285659796,0.12078004629306927,0.2638486683218684,-0.03477526315402868,0,2024-12-13,4,12,4
2024-12-16,441.0899963378906,463.19000244140625,436.1499938964844,463.0199890136719,114083800,TSLA,0.06141250567967771,6.141250567967771,1.0619970398333642,0.28183756890433953,428.6219970703125,400.0959991455078,371.59450073242186,304.3322003173828,1.0802525119533626,1.1572722296712588,1.2460356331997597,88.76084970914071,36.957713645608806,29.993457149424458,6.964256496184348,371.59450073242186,448.689652526118,294.49934893872575,1.0929392844695434,0.03149339673818558,0.02907532988362419,0.030057780033127774,0.1878703375238273,0.29664788642117745,-0.07001853846357153,0,2024-12-16,0,12,4
2024-12-17,475.8999938964844,483.989990234375,457.510009765625,479.8599853515625,131223000,TSLA,0.036369912179738284,3.6369912179738284,1.057878472390834,0.15023342490344826,444.39599609375,412.93999633789065,378.65050048828124,309.112799987793,1.0798026750230463,1.1620574165911364,1.2672899804246094,90.01075073216194,40.538606140624154,32.1024869476644,8.436119192959751,378.65050048828124,467.9502914842049,289.35070949235757,1.0666837723500453,0.031272334179493426,0.024981922753013277,0.029076438205214994,0.1966881893263437,0.3654884952937958,-0.03663565854399364,0,2024-12-17,1,12,4
2024-12-18,466.5,488.5400085449219,427.010009765625,440.1300048828125,149340800,TSLA,-0.0827949436951747,-8.27949436951747,1.144094979911757,0.13806878367359388,447.46799926757814,421.1599975585938,383.35700073242185,313.02540008544923,0.9836010744974466,1.045042281874312,1.148094345588898,75.36665003488056,39.71282710484559,33.62455497910064,6.08827212574495,383.35700073242185,475.29439542559487,291.41960603924883,0.8087590438029153,0.058550000271490335,0.04418350954681876,0.03674959907874508,0.03616078411002399,0.22965388173404433,0.03180878341554472,1,2024-12-18,2,12,4
2024-12-19,451.8800048828125,456.3599853515625,420.0199890136719,436.1700134277344,118566100,TSLA,-0.008997322180141931,-0.8997322180141931,1.0865196830827681,-0.2060702768433007,451.0820007324219,427.8279998779297,388.0640014648437,316.92780029296875,0.9669417372440601,1.0194985217241155,1.1239641187569642,72.40854414524134,38.29738464330529,34.55912091194157,3.7382637313637233,388.0640014648437,480.7291912961256,295.3988116335619,0.7595689495185767,0.057929727682659346,0.045013729208340715,0.0366677552993416,0.04321934240714853,0.18046503276330395,-0.01034002711507409,0,2024-12-19,3,12,4
2024-12-20,425.510009765625,447.0799865722656,417.6400146484375,421.05999755859375,132216200,TSLA,-0.034642491239586515,-3.4642491239586515,1.070491262549663,0.11512649905833117,448.047998046875,431.0119995117187,392.13500061035154,320.5736001586914,0.9397653809280992,0.9769101510760737,1.0737628543823452,65.50788596763405,35.54662492868209,34.756621715289675,0.7900032133924171,392.13500061035154,482.9788461092588,301.29115511144425,0.659201742228042,0.05715359079716968,0.04584814222065824,0.03795502025458861,-0.03477526315402868,0.08180462524544341,-0.008668583854196332,0,2024-12-20,4,12,4
2024-12-23,431.0,434.510009765625,415.4100036621094,430.6000061035156,72698100,TSLA,0.022657123925894362,2.2657123925894362,1.0459786859611868,-0.45015739372331076,441.5640014648437,435.09299926757814,396.03700103759763,324.82960021972656,0.975170087858258,0.9896734878023185,1.0872721613772567,68.84161848367734,33.74740788600883,34.55477894943351,-0.8073710634246822,396.03700103759763,486.4264902882812,305.6475117869141,0.691189292872659,0.04760097770373981,0.045958446430015516,0.037542329380878287,-0.07001853846357153,0.1046973926061796,-0.062145864807981344,0,2024-12-23,0,12,4
2024-12-24,435.8999938964844,462.7799987792969,435.1400146484375,462.2799987792969,59551800,TSLA,0.07357174228224572,7.357174228224572,1.0635197481279457,-0.18083416210327363,438.0480041503906,441.2220001220703,402.221501159668,329.69200012207034,1.0553181258659197,1.0477265382310958,1.1493169744692184,72.17476930228491,34.48035796191397,34.53989475192961,-0.05953679001564183,402.221501159668,492.9863789702862,311.4566233490498,0.8308465734121382,0.05890612036352742,0.04990211216815349,0.03808135052550682,-0.03663565854399364,0.15284672943855382,-0.17954486505834333,0,2024-12-24,1,12,4
2024-12-26,465.1600036621094,465.3299865722656,451.0199890136719,454.1300048828125,76366400,TSLA,-0.017629994630971146,-1.7629994630971146,1.0317280783716216,0.2823525065573165,440.84800415039064,444.1580017089844,408.01650085449216,334.38320007324216,1.0301282995666934,1.0224514770317294,1.1130187233402244,68.25082696760646,34.011526081357545,34.4342210178152,-0.42269493645765266,408.01650085449216,496.34565914896655,319.6873425600178,0.7610321717013636,0.04264267256508917,0.04829528595132458,0.03865663388149113,0.03180878341554472,0.06911979807546054,-0.09620593656365073,0,2024-12-26,3,12,4
2024-12-27,449.5199890136719,450.0,426.5,431.6600036621094,82666800,TSLA,-0.04947922616674816,-4.947922616674816,1.0550996483001172,0.08250225229944053,439.9460021972656,445.5140014648438,412.95500030517576,338.5898001098633,0.9811658737804807,0.968903339160649,1.0452955003404985,59.04441530244565,31.464133187744608,33.84020345180108,-2.376070264056473,412.95500030517576,494.3726263971587,331.53737421319283,0.6148707242815047,0.04969697901749434,0.0512116610861797,0.040770619565120354,-0.01034002711507409,0.032432426119688884,-0.047745947491752205,0,2024-12-27,4,12,4
2024-12-30,419.3999938964844,427.0,415.75,417.4100036621094,64941000,TSLA,-0.03301209257078741,-3.301209257078741,1.0270595309681299,-0.21442465415378364,439.21600341796875,443.6320007324219,416.56750030517577,342.5202001953125,0.9503524471190358,0.9408924581026147,1.0020224894076384,55.56182103592152,27.972994787475272,32.666761718935916,-4.693766931460644,416.56750030517577,491.4704186556479,341.66458195470364,0.5056239688351762,0.04942652396919542,0.05044178391021921,0.04168043311034362,-0.008668583854196332,-0.04314239472352255,-0.055221528253562635,0,2024-12-30,0,12,4
2024-12-31,423.7900085449219,427.92999267578125,402.5400085449219,403.8399963378906,76825100,TSLA,-0.03251001941775111,-3.2510019417751113,1.06307443630917,0.1829984139449654,433.86400146484374,437.71400146484376,418.9050003051758,346.1830001831055,0.9307985796803057,0.9226115568302792,0.9640371827590738,50.56847780843158,23.83648411994801,30.900706199138337,-7.064222079190326,418.9050003051758,488.739031892545,349.07096871780664,0.39213708828741045,0.049043104427477745,0.04557202578731696,0.0423252726212481,-0.062145864807981344,-0.1278130406461433,-0.022038416147958317,0,2024-12-31,1,12,4
2025-01-02,390.1000061035156,392.7300109863281,373.0400085449219,379.2799987792969,109710700,TSLA,-0.06081615932376483,-6.081615932376483,1.0527825487625548,0.42805801749688577,417.2640014648438,427.6560028076172,420.2979995727539,349.39160003662107,0.9089688960653194,0.8868810359009915,0.9024073375672663,40.95446429351641,18.36478525473308,28.393522010257286,-10.028736755524207,420.2979995727539,485.4163051883672,355.1796939571406,0.18505015290491358,0.01673266973136068,0.0443025394893203,0.044729480348538214,-0.17954486505834333,-0.20960277923273207,0.04076142033546648,1,2025-01-02,3,1,1
2025-01-03,381.4800109863281,411.8800048828125,379.45001220703125,410.44000244140625,95423300,TSLA,0.08215567328200035,8.215567328200034,1.0854657837198518,-0.1302279540646446,408.5260009765625,424.68700256347654,422.92350006103516,353.24100006103515,1.004685139893834,0.9664529405513397,0.97048284709214,48.612016300374215,16.354254695149166,25.985668547235665,-9.6314138520865,422.92350006103516,481.34378667187735,364.50321345019296,0.3931578536854345,0.057637977639386086,0.04968396689428524,0.047908908180635985,-0.09620593656365073,-0.06745734694754879,-0.017371613001660013,0,2025-01-03,4,1,1
2025-01-06,423.20001220703125,426.42999267578125,401.70001220703125,411.04998779296875,85516500,TSLA,0.0014861742226248698,0.14861742226248698,1.0615633052458173,-0.10381950739494439,404.40399780273435,422.175,425.00149993896486,357.18899993896486,1.0164340363259126,0.9736483396529134,0.9671730284528415,45.12808067638927,14.641339217022562,23.716802681193045,-9.075463464170483,425.00149993896486,478.13667139693433,371.8663284809954,0.3687167862342186,0.055300251578053766,0.04972124258997206,0.047579290669916,-0.047745947491752205,-0.057592280215126634,-0.035737751800652195,0,2025-01-06,0,1,1
2025-01-07,405.8299865722656,414.3299865722656,390.0,394.3599853515625,75699500,TSLA,-0.040603340073111505,-4.06033400731115,1.0623845809545271,-0.11479655972823954,399.793994140625,419.5049987792969,425.2584991455078,359.86659942626954,0.9864079779368794,0.9400602769909703,0.9273418077333406,36.17509462084621,11.801062346047445,21.333654614163926,-9.532592268116481,425.2584991455078,477.7103044161588,372.8066938748568,0.20545805206790146,0.05623640104863367,0.05015233237149741,0.04733630333555034,-0.055221528253562635,-0.06341141965953612,0.08586067838235478,1,2025-01-07,1,1,1
2025-01-08,392.95001220703125,402.5,387.3999938964844,394.94000244140625,73038800,TSLA,0.0014707807875757872,0.14707807875757872,1.0389778170919395,-0.03514818459831304,398.0139953613281,415.9389984130859,425.51599884033203,362.38159942626953,0.9922766712835532,0.9495142411464271,0.9281437208418597,31.703011332507998,9.487558327851616,18.964435356901465,-9.476877029049849,425.51599884033203,477.2807149412072,373.7512827394569,0.20466372944708514,0.054881645869327936,0.04927436124220636,0.047336301593089596,-0.022038416147958317,-0.08281468452542651,0.047804741900292935,1,2025-01-08,2,1,1
2025-01-10,391.3999938964844,399.2799987792969,377.2900085449219,394.739990234375,62287300,TSLA,-0.0005064369418008585,-0.05064369418008585,1.0582840513566285,-0.14720258273684672,401.1059936523437,409.18499755859375,425.20349884033203,365.02619903564454,0.9841288748642175,0.9646981013223724,0.9283554611167573,38.21222465549839,7.5509082420620075,16.681729933933575,-9.130821691871567,425.20349884033203,477.66243955509117,372.7445581255729,0.20964426472505734,0.04476484134263858,0.040515785105666266,0.046907568902297685,0.04076142033546648,-0.14610194843659463,0.08045804973235082,1,2025-01-10,4,1,1
2025-01-13,383.2099914550781,403.7900085449219,380.07000732421875,403.30999755859375,67580500,TSLA,0.021710512074366584,2.1710512074366584,1.062409558143505,0.08498040531536932,399.67999267578125,404.1029968261719,424.1304992675781,367.901999206543,1.0090822781958895,0.998037630817375,0.9509101520759794,41.66581912835909,6.6311868703177765,14.671621321210417,-8.04043445089264,424.1304992675781,477.4968164492404,370.7641820859158,0.30492843793108243,0.022751571576354775,0.042104852241580615,0.04513666310986804,-0.017371613001660013,-0.11190629726686474,0.05147407674318538,1,2025-01-13,0,1,1
2025-01-14,414.3399963378906,422.6400146484375,394.5400085449219,396.3599853515625,84565000,TSLA,-0.017232432245921525,-1.7232432245921525,1.0712221967225821,0.25132249687409836,396.7419921875,400.5729949951172,423.04349822998046,370.67819915771486,0.9990371403999077,0.9894825420180757,0.9369248954538667,43.46491512794998,5.280621438671574,12.793421344702649,-7.512799906031075,423.04349822998046,477.794669840667,368.29232661929393,0.2563201654555117,0.023302875073869085,0.04001422751473434,0.045163064767949825,-0.035737751800652195,-0.08177736647145717,0.04730548161507575,1,2025-01-14,1,1,1
2025-01-15,409.8999938964844,429.79998779296875,405.6600036621094,428.2200012207031,81375500,TSLA,0.08038151439752794,8.038151439752795,1.0595079226764652,-0.0377165493998699,403.5139953613281,401.65399475097655,422.6429977416992,374.24559906005857,1.06122713497769,1.066141521849415,1.013195542121373,49.436818662368495,6.703847834336955,11.57550664262951,-4.871658808292555,422.6429977416992,477.1044477818223,368.18154770157616,0.5512013862548205,0.03794325011696405,0.047447666082647805,0.04778936388862554,0.08586067838235478,0.025897792251630802,-0.03699032341491859,0,2025-01-15,2,1,1
2025-01-16,423.489990234375,424.0,409.1300048828125,413.82000732421875,68335200,TSLA,-0.03362756026209679,-3.362756026209679,1.0363454035140902,-0.16024847773592787,407.2899963378906,402.65199584960936,420.18299865722656,377.5423992919922,1.0160328292986376,1.0277361383768744,0.9848566187748149,37.51160216614664,6.593796661599242,10.579164646423456,-3.9853679848242134,420.18299865722656,471.30771127886385,369.0582860355893,0.4377699061107795,0.0442886637904929,0.04754326491968588,0.04607131772089718,0.047804741900292935,0.02471278495649032,-0.017495579294890762,0,2025-01-16,3,1,1
2025-01-17,421.5,439.739990234375,419.75,426.5,94991400,TSLA,0.030641323404759335,3.0641323404759335,1.0476235622022037,0.3900800758613423,413.6419982910156,407.3739959716797,417.51499938964844,381.21559936523437,1.0310848554114618,1.0469494965742732,1.0215201863968635,43.042055379515304,7.443940638159347,9.952119844770634,-2.5081792066112865,417.51499938964844,460.4382957418906,374.59170303740626,0.6046634505492985,0.04460533906466532,0.04231827382688227,0.04582030606872612,0.08045804973235082,0.12449905445232945,-0.06881595803872365,0,2025-01-17,4,1,1
2025-01-21,432.6400146484375,433.20001220703125,406.30999755859375,424.07000732421875,87320900,TSLA,-0.00569752092797482,-0.569752092797482,1.0661810312569522,-0.08074941521021906,417.79400024414065,408.73699645996095,416.7119995117188,384.66819946289064,1.015021774071458,1.037513146588285,1.017657297656707,47.87407018511417,7.831331054340353,9.527962086684578,-1.696631032344225,416.7119995117188,458.43811902497424,374.9858799984633,0.5881702863617895,0.045461564865790366,0.0347056524648786,0.04200539047157404,0.05147407674318538,0.03320827600072507,-0.06126349550220689,0,2025-01-21,1,1,1
2025-01-22,416.80999755859375,428.0,414.5899963378906,415.1099853515625,60963300,TSLA,-0.021128638710367298,-2.11286387103673,1.0323452176380548,-0.3018475531058429,421.54400024414065,409.1429962158203,415.6589981079102,387.1997991943359,0.9847370265290175,1.0145841165336598,0.9986791750958194,49.33609932920196,7.330836538665153,9.088536977080693,-1.7577004384155401,415.6589981079102,456.36811745467594,374.9498787611444,0.49325688242392185,0.04609318102338928,0.03559866597434002,0.04221350844455621,0.04730548161507575,0.00987713825365355,-0.0626580428462078,0,2025-01-22,2,1,1
2025-01-23,416.05999755859375,420.7300109863281,408.95001220703125,412.3800048828125,50690600,TSLA,-0.006576523247056931,-0.6576523247056931,1.0288054735974266,-0.16850629805145068,418.3760009765625,410.9449981689453,415.2249984741211,389.50919921875,0.9856684033506837,1.0034919678308805,0.9931483085031888,52.6296362492668,6.637392689404976,8.59830811954555,-1.9609154301405738,415.2249984741211,455.87670984694006,374.5732871013021,0.4650077020716667,0.024119517976445796,0.03262474141053185,0.04151947962503786,-0.03699032341491859,0.045694340705448644,-0.029341883603095975,0,2025-01-23,3,1,1
2025-01-24,414.45001220703125,418.8800048828125,405.7799987792969,406.5799865722656,56427100,TSLA,-0.014064741844588391,-1.406474184458839,1.032283518514772,0.113166938248906,416.92799682617186,412.10899658203124,414.0239974975586,391.2163989257813,0.9751803420910096,0.9865836221591318,0.9820203394723832,59.50423935359366,5.555776900232615,7.989801875682963,-2.434024975450348,414.0239974975586,454.1793932353417,373.86860175977546,0.40730995438442763,0.020013844598712333,0.03317375478502944,0.04126493261620397,-0.017495579294890762,0.029472790952813854,-0.004869842427421278,0,2025-01-24,4,1,1
2025-01-27,394.79998779296875,406.69000244140625,389.0,397.1499938964844,58125500,TSLA,-0.023193450212053546,-2.3193450212053546,1.0454755846822783,0.030099012708432626,411.05799560546876,412.34999694824216,410.76749725341796,392.1593988037109,0.9661653541406036,0.9631381031544771,0.966848634694842,44.548361793278225,3.8927932975398107,7.170400160054333,-3.2776068625145225,410.76749725341796,444.49444897361855,377.04054553321737,0.2981213441715006,0.008051289071881589,0.034228817160450155,0.03742276429709788,-0.06881595803872365,0.006105293919368204,-0.03391665977014724,0,2025-01-27,0,1,1
2025-01-28,396.9100036621094,400.5899963378906,386.5,398.0899963378906,48910700,TSLA,0.0023668700890153715,0.23668700890153715,1.0364553592183456,-0.15853282982511974,405.86199340820315,411.8279968261719,407.9654968261719,393.55139892578126,0.9808506408667448,0.9666414119628687,0.9757932948616753,44.69809161610994,2.620509549473411,6.260422037938149,-3.639912488464738,407.9654968261719,435.2130843669651,380.71790928537865,0.3187821128476726,0.010575457930140504,0.03347424127089444,0.03738844113221526,-0.06126349550220689,-0.012942900628057807,-0.014770541678775784,0,2025-01-28,1,1,1
2025-01-29,395.2099914550781,398.5899963378906,384.4800109863281,389.1000061035156,68033600,TSLA,-0.02258280870425211,-2.258280870425211,1.0366988788711418,0.3909757987516025,400.6599975585938,411.1019989013672,405.8374969482422,394.72859924316407,0.9711476276006626,0.9464804528884561,0.9587581458820669,47.70346797534398,0.8766924683375805,5.183676124018035,-4.306983655680455,405.8374969482422,431.91615042359837,379.758843472886,0.1790959536974724,0.010886824874768084,0.03380694599907612,0.03620384118957584,-0.0626580428462078,-0.018316630125030042,-0.028090445911926998,0,2025-01-29,2,1,1
2025-01-30,410.7799987792969,412.5,384.4100036621094,400.2799987792969,98092900,TSLA,0.028732954254456988,2.873295425445699,1.0730730107705035,0.4418302133063663,398.2399963378906,408.30799865722656,404.9809967041016,396.5105993652344,1.0051225453499537,0.9803383722475906,0.9883920530517152,52.133949506004114,0.39231448467995733,4.225403796150419,-3.833089311470462,404.9809967041016,430.5801242161979,379.3818691920053,0.4081805049296434,0.021861553208214042,0.021716771353453526,0.036283081749497695,-0.029341883603095975,-0.0652468412539331,-0.06485458062917537,0,2025-01-30,3,1,1
2025-01-31,401.5299987792969,419.989990234375,401.3399963378906,404.6000061035156,83283600,TSLA,0.010792463618949588,1.0792463618949588,1.0464693129682068,-0.15097219064784506,397.8440002441406,407.38599853515626,405.0189971923828,398.1881994628906,1.0169815451665203,0.9931612955730971,0.9989655026263665,53.81461400724498,0.35296121298068783,3.4509152795164733,-3.0979540665357854,405.0189971923828,430.6132490380714,379.42474534669424,0.49181474240010326,0.022319074470120163,0.020032002499199904,0.03561988481444489,-0.004869842427421278,-0.022280221007969447,-0.10622839925348848,0,2025-01-31,4,1,1
2025-02-03,386.67999267578125,389.1700134277344,374.3599853515625,383.67999267578125,93732100,TSLA,-0.05170542044525339,-5.170542044525339,1.0395609270639963,0.12545687266160455,395.15,403.1039978027344,405.238996887207,399.0869995117188,0.9709730296742535,0.9518139109688051,0.9467992854166836,43.0680128682897,-1.350726452391939,2.4905869331347907,-3.8413133855267296,405.238996887207,429.9625261998776,380.51546757453644,0.06399824760502575,0.0313097283463432,0.0219264170830285,0.03484171205814114,-0.03391665977014724,-0.10039861037331477,-0.08587881129704,0,2025-02-03,0,2,1
2025-02-04,382.6300048828125,394.0,381.3999938964844,392.2099914550781,57072200,TSLA,0.022232065633156273,2.2232065633156273,1.0330361990171804,-0.3911136099585948,393.9739990234375,399.9179962158203,404.32749633789064,400.0111993408203,0.9955225279517635,0.9807260367533386,0.9700304703673033,48.550676291380285,-1.989675843695636,1.5945343777687053,-3.5842102214643417,404.32749633789064,429.58215361219123,379.07283906359004,0.2600936581478892,0.03386869686226387,0.024235817308029393,0.02970633750239488,-0.014770541678775784,-0.07512914216727984,-0.16243847133704437,0,2025-02-04,1,2,1
2025-02-05,387.510009765625,388.3900146484375,375.5299987792969,378.1700134277344,57223300,TSLA,-0.035797094243459227,-3.5797094243459227,1.034244976196159,0.0026475236630092436,391.7880004882812,396.2239990234375,402.6834976196289,400.73399963378904,0.9652414391365358,0.9544349013684171,0.9391246864179924,30.035900462279926,-3.5876010972550034,0.5581072827639636,-4.145708380018967,402.6834976196289,430.26879701057993,375.09819822867786,0.0556784821422707,0.03625826046245737,0.02555923339094316,0.030640743226520707,-0.028090445911926998,-0.08898839639461609,-0.11016210218389066,0,2025-02-05,2,2,1
2025-02-06,373.0299987792969,375.3999938964844,363.17999267578125,374.32000732421875,77918200,TSLA,-0.010180622383618276,-1.0180622383618276,1.0336472313099367,0.3616516349109542,386.59600219726565,392.4179992675781,401.6814987182617,401.4275994873047,0.9682459342484796,0.9538808312127933,0.9318826197339145,32.79616541805099,-5.105775488247161,-0.5746692714382615,-4.5311062168089,401.6814987182617,431.8725856431849,371.4904117933385,0.04686143857484564,0.03095610776586242,0.025546990809109472,0.029445124218626047,-0.06485458062917537,-0.09229350867632247,-0.049102384385488085,0,2025-02-06,3,2,1
2025-02-07,370.19000244140625,380.54998779296875,360.3399963378906,361.6199951171875,70298300,TSLA,-0.0339282217314959,-3.39282217314959,1.0560858957109143,-0.09779358352734024,378.0,387.9220001220703,400.01549835205077,401.6087994384766,0.9566666537491733,0.9321976969684469,0.9040149609376593,21.747082065754455,-7.250149269918779,-1.9097652711343651,-5.340383998784414,400.01549835205077,435.0601266526019,364.9708700514996,-0.04780868134160545,0.02877129884576288,0.026701313306989626,0.030265463332259213,-0.10622839925348848,-0.11058092611522807,-0.015983626064216327,0,2025-02-07,4,2,1
2025-02-10,356.2099914550781,362.70001220703125,350.510009765625,350.7300109863281,77514900,TSLA,-0.030114441341470455,-3.0114441341470455,1.0347779010635312,0.10265682100420626,371.4100036621094,383.2800018310547,397.81499938964845,401.85159973144533,0.944320313206763,0.9150751651815264,0.8816409927339066,20.254705927930686,-9.716308097679644,-3.471073836443421,-6.245234261236223,397.81499938964845,439.20653866175843,356.42346011753847,-0.06877551827417354,0.024474415011083626,0.02712935231718945,0.03080650842532973,-0.08587881129704,-0.11688274864296089,0.009636969347815993,1,2025-02-10,0,2,1
2025-02-11,345.79998779296875,349.3699951171875,325.1000061035156,328.5,118543400,TSLA,-0.06338211812502892,-6.338211812502892,1.0746539174346987,0.5292982381451825,358.6680053710937,376.3210021972656,394.0744995117187,401.65699951171877,0.9158887748019772,0.8729249711867049,0.8335987241169643,18.286344527955265,-13.311090869362545,-5.439077243027246,-7.872013626335299,394.0744995117187,445.6446460869753,342.50435293646217,-0.13577965030626343,0.01901767916429079,0.030953396971702317,0.032677384394838305,-0.16243847133704437,-0.1748097088046997,0.0975951219439688,1,2025-02-11,1,2,1
2025-02-12,329.94000244140625,346.3999938964844,329.1199951171875,336.510009765625,105382700,TSLA,0.0243835913717656,2.43835913717656,1.052503643156485,-0.11102009896797294,350.33600463867185,371.06200256347654,391.0820007324219,401.7293994140625,0.9605350443860127,0.9068835058315063,0.8604589552457184,23.253195383482606,-15.33684763659295,-7.418631321740387,-7.918216314852563,391.0820007324219,448.68659875767275,333.477402707171,0.02632261279841469,0.032440967747094866,0.03372030394357306,0.03348766039888616,-0.11016210218389066,-0.1351580455228768,0.053163304542766854,1,2025-02-12,2,2,1
2025-02-13,345.0,358.69000244140625,342.8500061035156,355.94000244140625,89441500,TSLA,0.05773971683431944,5.773971683431944,1.046200951016195,-0.15126961066664646,346.6600036621094,366.6280029296875,387.468000793457,401.94499938964844,1.0267697417679085,0.970847833763721,0.9186307042452855,33.71285638932628,-15.199229190781296,-8.974750895548569,-6.224478295232727,387.468000793457,444.3268013293041,330.6092002576099,0.22275181629822033,0.04897266186973815,0.03867798504080941,0.03061555206763232,-0.049102384385488085,-0.11077245046744999,-0.05096368636291071,0,2025-02-13,3,2,1
2025-02-14,360.6199951171875,362.0,347.5,355.8399963378906,68277300,TSLA,-0.0002809633725618932,-0.02809633725618932,1.041726618705036,-0.23662617465046987,345.50400390625,361.752001953125,384.5690002441406,401.9199993896484,1.0299156950853896,0.983657296757682,0.9252955805381827,35.86532670284865,-14.92617557692688,-10.16503583182423,-4.76113974510265,384.5690002441406,441.68237507411357,327.4556254141677,0.2484914523806681,0.04697212391485787,0.03813964304864085,0.030093241984681687,-0.015983626064216327,-0.12051411030663683,-0.07112746689262117,0,2025-02-14,4,2,1
2025-02-18,355.010009765625,359.1000061035156,350.0199890136719,354.1099853515625,51631700,TSLA,-0.004861766535893763,-0.48617665358937634,1.025941424418161,-0.24379405746858762,346.17999877929685,358.7950012207031,380.9494995117187,401.973798828125,1.022907119418304,0.9869423602525088,0.9295457424289632,35.032668470330435,-14.680152390315811,-11.068059143522548,-3.612093246793263,380.9494995117187,436.0125842187174,325.88641480472006,0.25628395772799073,0.04453217773913841,0.035522098249413284,0.028768541066398888,0.009636969347815993,-0.07706945342132054,-0.14489847697362412,0,2025-02-18,1,2,1
2025-02-19,354.0,367.3399963378906,353.6700134277344,360.55999755859375,67094400,TSLA,0.018214714280444966,1.8214714280444966,1.0386518008062604,0.2994807453560506,352.5919982910156,355.6300018310547,377.7739990234375,402.0263989257812,1.0225983553404456,1.0138627104073212,0.9544330697471433,40.11635907077612,-13.805573109187094,-11.615561936655457,-2.190011172531637,377.7739990234375,429.5963843343905,325.9516137124845,0.3339134588117322,0.02485707752870451,0.03517047846197932,0.0293970199662302,0.0975951219439688,-0.08069655181160629,-0.19347684223979522,0,2025-02-19,2,2,1
2025-02-20,361.510009765625,362.29998779296875,348.0,354.3999938964844,45965400,TSLA,-0.01708454543992588,-1.708454543992588,1.0410919189453125,-0.3149145085133782,356.1699951171875,353.2529998779297,374.7384994506836,401.72459899902344,0.9950304594857274,1.0032469477087271,0.945726138136293,33.53903931852274,-13.4544292567424,-11.983335400672846,-1.4710938560695546,374.7384994506836,424.4206285668796,325.0563703344876,0.29531366795259756,0.029171590075927296,0.03399475125260233,0.02931333928006577,0.053163304542766854,-0.06285537902859739,-0.20442997442775024,0,2025-02-20,3,2,1
2025-02-21,353.44000244140625,354.9800109863281,334.4200134277344,337.79998779296875,74058600,TSLA,-0.046839747148427646,-4.683974714842765,1.0614795668113823,0.6111814538761764,352.5419921875,349.6009979248047,371.0094985961914,400.6961987304687,0.9581836923792877,0.9662443465496795,0.9104887855192946,27.974149823875962,-14.350206733805578,-12.456709667299394,-1.8934970665061837,371.0094985961914,419.98629878404904,322.0326984083338,0.16096692029856227,0.02410468671345688,0.03639369802866562,0.030603344489904514,-0.05096368636291071,-0.0975636322309057,-0.13268199652544077,0,2025-02-21,4,2,1
2025-02-24,338.1400146484375,342.3999938964844,324.70001220703125,330.5299987792969,76052300,TSLA,-0.021521578674915554,-2.1521578674915554,1.0545117986573018,0.026920573707847506,347.47999267578126,346.49199829101565,367.20699920654295,399.51099853515626,0.9512202306499422,0.9539325595094625,0.9001190050666318,30.741363177260027,-15.468433718534868,-13.05905447754649,-2.409379240988379,367.20699920654295,416.3643262343212,318.0496721787647,0.12694268947414175,0.023795780194977627,0.03567719793715013,0.030707416684525025,-0.07112746689262117,-0.085974218123131,-0.13880738526685965,0,2025-02-24,0,2,1
2025-02-25,327.0199890136719,328.8900146484375,297.25,302.79998779296875,134228800,TSLA,-0.0838955952220366,-8.38955952220366,1.1064424378416737,0.7649538541240699,337.2179931640625,341.69899597167966,362.4894989013672,397.5471984863281,0.8979354421507729,0.8861600161624856,0.8353345095808145,21.559900466005004,-18.380339683046543,-14.123311518646501,-4.257028164400042,362.4894989013672,417.3283773652539,307.6506204374805,-0.044226220342070285,0.0379190243217646,0.04268399205283597,0.0348201130572239,-0.14489847697362412,-0.13665788980694826,-0.10158514031737076,0,2025-02-25,1,2,1
2025-02-26,303.7099914550781,309.0,288.0400085449219,290.79998779296875,100118300,TSLA,-0.039630120487999076,-3.9630120487999076,1.07276763933233,-0.25412206620337807,323.2659912109375,337.9289947509766,357.12499847412107,394.86779846191405,0.8995687628743352,0.8605357702651775,0.8142806833334616,21.84337908444151,-21.409549886774528,-15.580559192272109,-5.828990694502419,357.12499847412107,417.96321464341844,296.2867823048237,-0.04509332174193431,0.02657166945076541,0.04020428493509026,0.035116952770662714,-0.19347684223979522,-0.11476411630755323,-0.04023377641192605,0,2025-02-26,2,2,1
2025-02-27,291.1600036621094,297.2300109863281,280.8800048828125,281.95001220703125,101748200,TSLA,-0.030433204805490277,-3.0433204805490277,1.058209932424122,0.016279741066318465,308.7759948730469,332.4729949951172,351.7674987792969,392.14479858398437,0.9131215408210566,0.8480388375939287,0.8015237711995958,21.161417097768293,-24.244860208382306,-17.31341939549415,-6.931440812888155,351.7674987792969,419.257758481056,284.2772390775378,-0.01724120547758003,0.024016032027794402,0.03848697134323909,0.03524996340207161,-0.20442997442775024,-0.16213484287315583,-0.06561446781004487,0,2025-02-27,3,2,1
2025-02-28,279.5,293.8800048828125,273.6000061035156,292.9800109863281,115697000,TSLA,0.03912040539724382,3.912040539724382,1.0741228009023656,0.13709136869251748,299.81199951171874,326.1769958496094,346.4024993896484,389.27979858398436,0.9772124246643985,0.8982240155323908,0.8457791485412223,28.344277078331075,-25.31007653826356,-18.912750824048032,-6.397325714215526,346.4024993896484,414.7095209600498,278.09547781924704,0.10895317073472585,0.044187008083636445,0.034745532980952856,0.03600259008010662,-0.13268199652544077,-0.1768837192314241,-0.10345414848116774,0,2025-02-28,4,2,1
2025-03-03,300.3399963378906,303.94000244140625,277.29998779296875,284.6499938964844,115551400,TSLA,-0.02843203214376444,-2.843203214376444,1.0960692961455405,-0.0012584595970509538,290.63599853515626,319.05799560546876,340.4049987792969,385.71239868164065,0.9794037742439267,0.8921575319130017,0.8362097939726159,28.809646464369692,-26.520716604018276,-20.43434398004208,-6.086372623976196,340.4049987792969,408.2590302783299,272.5509672802639,0.08915481032540362,0.04407009737339354,0.03422194871152291,0.03559780774236843,-0.13880738526685965,-0.2000618344594609,-0.21956789509972274,0,2025-03-03,0,3,1
2025-03-04,270.92999267578125,284.3500061035156,261.8399963378906,272.0400085449219,126706600,TSLA,-0.04429996705409467,-4.429996705409467,1.08596856889876,0.09653885630117842,284.4840026855469,310.8509979248047,334.82299957275393,381.5559991455078,0.9562576664306149,0.8751460035869942,0.8124890132758341,30.704038144673333,-28.172918146782422,-21.98205881339015,-6.190859333392272,334.82299957275393,405.97543496527004,263.6705641802378,0.05881347784171815,0.034089229552950635,0.03435901879770659,0.03525268646750669,-0.10158514031737076,-0.2317640851758559,-0.15240407811934364,0,2025-03-04,1,3,1
2025-03-05,272.9200134277344,279.54998779296875,267.7099914550781,279.1000061035156,94042900,TSLA,0.025952056083059283,2.5952056083059283,1.0442269497434031,-0.2577900440861013,282.1440063476563,302.7049987792969,329.1675003051758,378.33539916992186,0.9892111823194647,0.9220198121241079,0.8478966053597579,30.25111756059266,-28.583128460265073,-23.302272742765137,-5.280855717499936,329.1675003051758,399.08439799983915,259.25060261051243,0.1419499730929728,0.03745247459897807,0.03551982831542726,0.035476621842460504,-0.04023377641192605,-0.2259263146401599,-0.1111071626208553,0,2025-03-05,2,3,1
2025-03-06,272.05999755859375,272.6499938964844,260.0199890136719,263.45001220703125,98451600,TSLA,-0.056073068986891905,-5.60730689868919,1.0485732075088596,0.04687966874692284,278.4440063476562,293.61000061035156,323.43150024414064,374.8809991455078,0.9461507743071906,0.8972787427518674,0.8145465485216107,17.334186109577004,-29.827217210886772,-24.607261636389467,-5.219955574497305,323.43150024414064,395.21960626092766,251.64339422735358,0.08223241031680645,0.04273933463549961,0.03671010460692546,0.03634332260331826,-0.06561446781004487,-0.25663087826129716,-0.0864301327621737,0,2025-03-06,3,3,1
2025-03-07,259.32000732421875,266.25,250.72999572753906,262.6700134277344,102369600,TSLA,-0.0029607088371812473,-0.29607088371812473,1.0618992722726566,0.039796204429384696,272.3820068359375,286.0970031738281,317.84900054931643,371.7131994628906,0.9643442181771834,0.9181152214591362,0.8263987395706136,17.25132410890818,-30.52424143709112,-25.7906575965298,-4.7335838405613195,317.84900054931643,390.33610990272933,245.36189119590352,0.11938758757398245,0.03300766161968141,0.03691024808819127,0.03645321553986148,-0.10345414848116774,-0.22240964203728786,-0.048311634566107764,0,2025-03-07,4,3,1
2025-03-10,252.5399932861328,253.3699951171875,220.0,222.14999389648438,189076900,TSLA,-0.1542620682219512,-15.426206822195121,1.1516817959872159,0.8470024304090278,259.8820068359375,275.2590026855469,310.87550048828126,367.54419921875,0.8548109836504642,0.8070580497970716,0.7145947285892943,13.555019546319073,-33.9548546659596,-27.423497010415765,-6.531357655543836,310.87550048828126,391.95780526600026,229.7931957105623,-0.04713236651961961,0.06865488114015939,0.05518015662629243,0.04762701863276674,-0.21956789509972274,-0.32789763495924173,0.07139320749989242,1,2025-03-10,0,3,1
2025-03-11,225.30999755859375,237.05999755859375,217.02000427246094,230.5800018310547,174896400,TSLA,0.037947369642955975,3.7947369642955975,1.09234168690262,-0.0749985852317232,251.59000549316406,268.0370040893555,304.8680000305176,362.91019927978516,0.9164911037665198,0.8602543615738454,0.7563273344790972,14.490221644285796,-35.583227877090735,-29.05544318375076,-6.527784693339974,304.8680000305176,391.15430383591934,218.58169622511582,0.06952613031726444,0.0784209706510511,0.05720988881585468,0.04948235240595513,-0.15240407811934364,-0.23850722877602137,-0.02285542644900429,0,2025-03-11,1,3,1
2025-03-12,247.22000122070312,251.83999633789062,241.10000610351562,248.08999633789062,142215700,TSLA,0.0759389121683911,7.59389121683911,1.0445457899729949,-0.18685747676910447,245.38800354003905,263.76600494384763,300.8474998474121,358.7893991088867,1.011011103879863,0.9405685027178001,0.8246370551981328,22.65267267859464,-35.05670330547048,-30.255695208094707,-4.801008097375771,300.8474998474121,389.9450589281674,211.74994076665683,0.2039340692728534,0.08969393723437125,0.06512102935922316,0.05268693192146863,-0.1111071626208553,-0.14687067829413025,-0.04929660973061645,0,2025-03-12,2,3,1
2025-03-13,248.1300048828125,248.2899932861328,232.60000610351562,240.67999267578125,114813500,TSLA,-0.02986820819658198,-2.986820819658198,1.0674548012506697,-0.19268055495982506,240.83399963378906,259.63900299072264,296.0559989929199,354.96979888916013,0.9993605265110325,0.9269793440255244,0.8129542839682065,23.77686603346288,-34.835788867070505,-31.17171393988987,-3.6640749271806357,296.0559989929199,387.358187943466,204.7538100423738,0.19674327114362444,0.08779606607455295,0.06510518995754735,0.05207762370526902,-0.0864301327621737,-0.14637353340827697,-0.018364626489329572,0,2025-03-13,3,3,1
2025-03-14,247.30999755859375,251.5800018310547,240.72999572753906,249.97999572753906,100242300,TSLA,0.038640532386444715,3.8640532386444715,1.0450712677941298,-0.12691190495891158,238.29599609375,255.33900146484376,290.75799865722655,351.62119873046873,1.0490314559426854,0.9790121927846477,0.8597527733785219,28.486726092886983,-33.52383812212037,-31.64213877633597,-1.8816993457843978,290.75799865722655,379.6955334079169,201.8204639065362,0.2707491946791849,0.09108917577759497,0.06506209933394837,0.05082836841446508,-0.048311634566107764,-0.1467677440315055,-0.005080362570515695,0,2025-03-14,4,3,1
2025-03-17,245.05999755859375,245.39999389648438,232.8000030517578,238.00999450683594,111900600,TSLA,-0.04788383640805238,-4.788383640805238,1.054123671303927,0.1163012021871006,241.4679962158203,250.6750015258789,284.86649856567385,348.30459869384765,0.9856792545464549,0.9494763859900267,0.8355141643725597,31.105280128499558,-33.068790335311064,-31.92746908813099,-1.1413212471800733,284.86649856567385,371.22492450259404,198.50807262875364,0.228709135498464,0.05188094641516088,0.06583627214217472,0.051155639066579404,0.07139320749989242,-0.16385034389499942,0.16965682565251172,1,2025-03-17,0,3,1
2025-03-18,228.16000366210938,230.10000610351562,222.27999877929688,225.30999755859375,111477600,TSLA,-0.05335909096824687,-5.335909096824687,1.035180886121847,-0.0037801405890585116,240.41399536132812,246.0020004272461,278.4264991760254,345.2251986694336,0.937175047650475,0.915886851193424,0.8092261269145556,30.978799722248368,-33.348524272168504,-32.211680124938496,-1.1368441472300077,278.4264991760254,362.21481481176414,194.63818354028666,0.18303157060496186,0.05752676334070174,0.06633418105194405,0.051616917473657806,-0.02285542644900429,-0.17177624437036298,0.27886031587881166,1,2025-03-18,1,3,1
2025-03-19,231.61000061035156,241.41000366210938,229.1999969482422,235.86000061035156,111993800,TSLA,0.046824389357219776,4.682438935721978,1.053272281310826,0.004630526670828861,237.9679962158203,241.6779998779297,272.1914993286133,341.7335986328125,0.9911416844324018,0.9759266492170707,0.8665222874047246,36.7443181095078,-32.346053189826364,-32.238554737916076,-0.1074984519102884,272.1914993286133,348.46770035969973,195.91529829752685,0.26184249984176067,0.04822100956372914,0.06812580058202482,0.053136038620229885,-0.04929660973061645,-0.15492656591747522,0.15348086515121206,1,2025-03-19,2,3,1
2025-03-20,233.35000610351562,238.0,230.0500030517578,236.25999450683594,99028300,TSLA,0.0016958954271570903,0.16958954271570903,1.0345576911227146,-0.11576980154258543,237.08399658203126,238.95899810791016,266.28449935913085,338.2377987670898,0.9965244297925009,0.988705160205537,0.8872465166971598,32.62467505429434,-31.16011703739062,-32.02286719781098,0.8627501604203616,266.28449935913085,333.5166392212569,199.05235949700477,0.2767101797305084,0.046874522545907564,0.06664251931964668,0.05334846289626864,-0.018364626489329572,-0.10320750214590291,0.15605693402701637,1,2025-03-20,3,3,1
2025-03-21,234.99000549316406,249.52000427246094,234.5500030517578,248.7100067138672,132728700,TSLA,0.05269623506518384,5.269623506518384,1.063824348863469,0.3403108000440278,236.8299987792969,237.56299743652343,261.83000030517576,335.3247991943359,1.050162597626162,1.046922329645728,0.949891175281608,39.26138858253482,-28.882700365406947,-31.394833831330175,2.5121334659232275,261.83000030517576,320.3527074842862,203.30729312606528,0.38790681238348707,0.0502800828575808,0.06944303000169108,0.05519284140567705,-0.005080362570515695,-0.05314655651665334,0.05966780860640841,1,2025-03-21,4,3,1
2025-03-24,258.0799865722656,278.6400146484375,256.3299865722656,278.3900146484375,169079900,TSLA,0.11933580126800525,11.933580126800525,1.0870363564345684,0.2738759590050983,244.9060028076172,243.18699951171874,259.22300109863284,332.9937994384766,1.1367218910804862,1.144756977993893,1.0739402501651916,51.72170840154182,-24.40161601091944,-29.99619026724803,5.594574256328588,259.22300109863284,308.825473132559,209.62052906470666,0.6932062331157122,0.06416736612504703,0.05586735390447586,0.06262725449626544,0.16965682565251172,0.2531623781099872,-0.06907579286064758,0,2025-03-24,0,3,1
2025-03-25,283.6000061035156,288.20001220703125,271.2799987792969,288.1400146484375,150361500,TSLA,0.03502280788451673,3.5022807884516727,1.0623710317895565,-0.11070742294027858,257.4720062255859,248.94300079345703,258.49000244140626,330.86179992675784,1.1191120109421977,1.1574537694574567,1.1147046768810807,52.41582222755768,-19.83493606354699,-27.96393942650782,8.12900336296083,258.49000244140626,305.7594852285166,211.2205196542959,0.8136274236442073,0.042942385569294625,0.05579498191843152,0.06051677026250294,0.27886031587881166,0.2496314179906931,-0.06830020890146471,0,2025-03-25,1,3,1
2025-03-26,282.6600036621094,284.8999938964844,266.510009765625,272.05999755859375,153629800,TSLA,-0.05580626179068926,-5.5806261790689256,1.0690029772128706,0.021736282226500814,264.7120056152344,251.34000091552736,257.5530029296875,328.23679992675784,1.0277584385577128,1.0824381179581126,1.0563262492142895,52.295628060930994,-17.31375016250422,-25.833901573707102,8.520151411202882,257.5530029296875,302.82660222256567,212.27940363680938,0.6602147261924046,0.06458199435905367,0.057665920339371936,0.06116901841932931,0.15348086515121206,0.09661816911011911,0.03932960487778714,1,2025-03-26,2,3,1
2025-03-27,272.4800109863281,291.8500061035156,271.82000732421875,273.1300048828125,162572100,TSLA,0.0039329829222258805,0.39329829222258805,1.073688463834841,0.05820680623160346,272.0860076904297,254.58500213623046,257.11200256347655,325.77220031738284,1.0038370116906954,1.072844050478113,1.062299706585582,52.78457769354657,-15.055797659612779,-23.678280790888238,8.622483131275459,257.11200256347655,301.54908657443667,212.67491855251643,0.6802323743315967,0.06433907695037859,0.055988064137877214,0.06079532699777289,0.15605693402701637,0.1348263802332108,-0.02141839416736946,0,2025-03-27,3,3,1
2025-03-28,275.5799865722656,276.1000061035156,260.57000732421875,263.54998779296875,123809400,TSLA,-0.03507493471452938,-3.507493471452938,1.0596001010967213,-0.23843390101991668,275.05400390625,255.94200134277344,255.6405014038086,322.47880004882813,0.9581754275527569,1.0297254315832525,1.0309398798145304,63.194791082677156,-13.879388399162679,-21.718502312543126,7.839113913380448,255.6405014038086,296.912987155206,214.36801565241123,0.5958203297567598,0.06877291709890329,0.057238269710449756,0.06055916749626579,0.05966780860640841,0.05428431193438388,-0.09151962145463999,0,2025-03-28,4,3,1
2025-03-31,249.30999755859375,260.55999755859375,243.36000061035156,259.1600036621094,134008900,TSLA,-0.016657121359109794,-1.6657121359109794,1.0706771733444456,0.08238065930373617,271.2080017089844,258.05700225830077,254.36600189208986,319.38559997558593,0.9555765391472375,1.0042742548900283,1.0188468652821507,59.349644712113225,-13.149728728061973,-20.004747595646897,6.855018867584924,254.36600189208986,293.37905002467403,215.35295375950568,0.5614410049905266,0.035083480498351895,0.054723777775159334,0.060360954992868115,-0.06907579286064758,0.08886185304569638,-0.0998225420991492,0,2025-03-31,0,3,1
2025-04-01,263.79998779296875,277.45001220703125,259.25,268.4599914550781,146486900,TSLA,0.035885119854736525,3.5885119854736525,1.0702025543183462,0.09311321859966015,267.2719970703125,262.3720016479492,254.18700103759767,316.2247998046875,1.0044448890934619,1.0232036565216198,1.0561515355199824,57.04210403489001,-11.686324219036123,-18.341062920324745,6.654738701288622,254.18700103759767,292.89022909920544,215.4837729759899,0.6843901805136346,0.03538380373705979,0.050372210297312855,0.06012984623754684,-0.06830020890146471,0.19151388914849576,-0.17358262805623392,0,2025-04-01,1,4,2
2025-04-02,254.60000610351562,284.989990234375,251.27000427246094,282.760009765625,212787800,TSLA,0.05326685079977622,5.326685079977622,1.1341982146239402,0.4526063422736095,269.41199951171876,267.06200256347654,254.37000122070313,313.39859985351563,1.0495449730453659,1.0587803845229435,1.1116091064539069,63.88595670219329,-9.26586253939638,-16.526022844139074,7.260160304742694,254.37000122070313,293.60023545632686,215.1397669850794,0.8618383766766017,0.036422060233467,0.050809961784299265,0.06102761257264421,0.03932960487778714,0.1988468118116975,-0.03734614936301195,0,2025-04-02,2,4,2
2025-04-03,265.2900085449219,276.29998779296875,261.510009765625,267.2799987792969,136174300,TSLA,-0.05474611137253549,-5.474611137253548,1.0565560685061313,-0.3600464876275802,268.24199829101565,270.1640029907227,254.5615005493164,310.44200012207034,0.996413687946527,0.9893249871207866,1.0499623792385546,55.48509723870204,-8.498768224748687,-14.920571920260997,6.42180369551231,254.5615005493164,294.0151150697628,215.10788602886996,0.6611829281622505,0.04628689676808228,0.05588069368541602,0.06096131037182567,-0.02141839416736946,0.13129605093410524,-0.05567197302742988,0,2025-04-03,3,4,2
2025-04-04,255.3800048828125,261.0,236.0,239.42999267578125,181229400,TSLA,-0.10419786826814681,-10.419786826814681,1.1059322033898304,0.3308634595514719,263.4179992675781,269.2360015869141,253.39949951171874,306.9829998779297,0.9089355827677135,0.889294118411163,0.9448716084173187,50.40903262318778,-10.022569254581526,-13.940971387125105,3.9184021325435783,253.39949951171874,293.21486599821816,213.58413302521933,0.3245714146487353,0.06473445942393367,0.06501993952650995,0.06547690207466692,-0.09151962145463999,-0.03731258810491811,0.05379445047326903,1,2025-04-04,4,4,2
2025-04-07,223.77999877929688,252.0,214.25,233.2899932861328,183453800,TSLA,-0.025644236634809525,-2.5644236634809525,1.176196032672112,0.012273946721668816,258.24399719238284,264.7259994506836,253.95649948120118,303.517200012207,0.9033704396712069,0.881250779183829,0.9186218654088899,52.388933243691866,-11.592013667960032,-13.471179843292092,1.8791661753320597,253.95649948120118,292.2123056460395,215.70069331636284,0.22989059352167882,0.06483718678368747,0.04922844457297722,0.055318537796687155,-0.0998225420991492,-0.16200301371893266,0.08170094460076349,1,2025-04-07,0,4,2
2025-04-08,245.0,250.44000244140625,217.8000030517578,221.86000061035156,171603500,TSLA,-0.048994783337158565,-4.899478333715857,1.1498622540509877,-0.06459555484814161,248.9239990234375,258.097998046875,253.520499420166,300.0114001464844,0.8912760580769165,0.8595959762929196,0.8751166123361777,45.83085306145372,-13.60132692701734,-13.497209260037142,-0.10411766698019775,253.520499420166,293.0748045996283,213.96619424070371,0.099784414538857,0.057547855777738736,0.0465747446050427,0.05591484044175379,-0.17358262805623392,-0.23002710719979258,0.14536193956223786,1,2025-04-08,1,4,2
2025-04-09,224.69000244140625,274.69000244140625,223.8800048828125,272.20001220703125,219433400,TSLA,0.22689989839624536,22.689989839624538,1.226951922683715,0.278723336062493,246.81199951171874,258.11199951171875,254.72600021362305,297.4936004638672,1.102863769774318,1.054581006392432,1.0685992477358173,58.24917501770583,-11.004846909426675,-12.998736789915048,1.9938898804883731,254.72600021362305,295.045640765384,214.4063596618621,0.7166935487802237,0.13075461679490527,0.0906299501983688,0.07402562176998008,-0.03734614936301195,0.0005146462166212284,-0.11260105724007641,0,2025-04-09,2,4,2
2025-04-10,260.0,262.489990234375,239.3300018310547,252.39999389648438,181722600,TSLA,-0.07274069589492627,-7.274069589492626,1.0967701008069568,-0.17185533287093036,243.83599853515625,256.03899841308595,255.3120002746582,294.75960021972656,1.03512194841113,0.985787303734369,0.988594322338781,50.81930500742747,-10.424644972731983,-12.483918426478436,2.059273453746453,255.3120002746582,295.1093838801795,215.5146166691369,0.4634146002280181,0.13282346038565943,0.09377490673826562,0.07575303007678422,-0.05567197302742988,-0.07589796293242268,-0.04370047165619406,0,2025-04-10,3,4,2
2025-04-11,251.83999633789062,257.739990234375,241.36000061035156,252.30999755859375,128948100,TSLA,-0.00035656236159631316,-0.035656236159631316,1.067865386073093,-0.2904124198090936,246.41199951171876,254.91499938964844,255.42850036621093,291.8002001953125,1.0239355147418236,0.9897809001538084,0.9877910929941407,43.33333125306288,-9.858450627942716,-11.958824866771293,2.100374238828577,255.42850036621093,295.17377105780645,215.6832296746154,0.46076888201598526,0.12101615572253838,0.09314540547166714,0.07534110201978976,0.05379445047326903,-0.04264841872504488,-0.09833140897570714,0,2025-04-11,4,4,2
2025-04-14,258.3599853515625,261.79998779296875,245.92999267578125,252.35000610351562,100135200,TSLA,0.00015856900364230597,0.015856900364230597,1.064530539543054,-0.22344571187943052,250.2240020751953,254.23399963378907,256.14550094604493,288.7552001953125,1.0084964032654287,0.9925895295948329,0.9851822701218211,40.37334069252826,-9.299312489519309,-11.426922391320897,2.1276099018015877,256.14550094604493,295.0767549582587,217.21424693383116,0.45125388407295397,0.11934385582980422,0.09297753009846979,0.07439311781724407,0.08170094460076349,-0.026277193480335637,-0.056984365108014856,0,2025-04-14,0,4,2
2025-04-15,249.91000366210938,258.75,247.5399932861328,254.11000061035156,79594300,TSLA,0.0069744183248166,0.69744183248166,1.0452856387570046,-0.2051316619929855,256.6740020751953,252.79900054931642,257.5855010986328,286.1638003540039,0.9900106693934176,1.0051859384656838,0.9865073908529098,44.76890150004247,-8.614867805143462,-10.864511474085411,2.2496436689419497,257.5855010986328,293.74638442432115,221.42461777294443,0.4519439215992234,0.11362604486384856,0.09221702216062842,0.07309668255092121,0.14536193956223786,-0.0534529959825607,-0.013261953914025626,0,2025-04-15,1,4,2
2025-04-16,247.61000061035156,251.97000122070312,233.88999938964844,241.5500030517578,112378700,TSLA,-0.049427403598542585,-4.942740359854259,1.0773013035112047,0.41189381651701185,250.54400024414062,248.6779998779297,257.8700012207031,283.1506005859375,0.9641021250414351,0.971336439774846,0.9367123042940637,41.3744143026149,-8.982383965304962,-10.488085972329323,1.505702007024361,257.8700012207031,293.39513261718616,222.34486982422007,0.2703034791510867,0.03577717200805804,0.09109754161301846,0.07360216517113773,-0.11260105724007641,-0.1457419907009675,0.07435316285224314,1,2025-04-16,2,4,2
2025-04-17,243.47000122070312,244.33999633789062,237.67999267578125,241.3699951171875,83404800,TSLA,-0.0007452201709629014,-0.07452201709629014,1.0280208846656869,-0.25782376909503313,248.33800048828124,246.08699951171874,258.1255012512207,280.41460021972654,0.9719414452987731,0.9808319642894967,0.9350877536205695,43.613961675018615,-9.182320234111728,-10.226932824685806,1.0446125905740775,258.1255012512207,293.06490223253894,223.1861002699025,0.26022047225434336,0.022998762778184936,0.08988826220846781,0.07360753227714577,-0.04370047165619406,-0.09693955320429437,0.18055275291647255,1,2025-04-17,3,4,2
2025-04-21,230.25999450683594,232.2100067138672,222.7899932861328,227.5,97768000,TSLA,-0.05746362595919796,-5.746362595919797,1.0422820311127534,0.17221071209330874,243.3760009765625,244.8940002441406,257.0650009155273,277.4782000732422,0.9347675986421875,0.9289733508097375,0.8849901744296863,41.356340544360535,-10.340761989857185,-10.249698657720081,-0.09106333213710371,257.0650009155273,294.4122895219628,219.71771230909184,0.1041881215650975,0.030717171063002462,0.08536316994339989,0.0738527819303224,-0.09833140897570714,-0.04982664261254843,0.2566154060782968,1,2025-04-21,0,4,2
2025-04-22,230.9600067138672,242.7899932861328,229.85000610351562,237.97000122070312,120858500,TSLA,0.04602198338770602,4.602198338770602,1.0562975281227076,0.2361764585549464,240.5,245.36200103759765,255.04400024414062,275.0052001953125,0.9894802545559381,0.9698730863555282,0.9330546924958304,41.7286146868468,-10.29531583797936,-10.258822093771936,-0.03649374420742291,255.04400024414062,291.90381652737483,218.18418396090644,0.26839278182724324,0.04276463128461594,0.08617456102926821,0.06918421213890191,-0.056984365108014856,0.020060903035949096,0.2271714807802867,1,2025-04-22,1,4,2
2025-04-23,254.86000061035156,259.45001220703125,244.42999267578125,250.74000549316406,150381900,TSLA,0.0536622440095611,5.36622440095611,1.0614491673743696,0.24428070843176108,239.8260009765625,248.2500015258789,253.17399978637695,273.0054000854492,1.045508011942659,1.010030227399719,0.9903860811328705,41.24083694412561,-9.123694542403229,-10.031796583498195,0.908102041094967,253.17399978637695,286.59888473342676,219.74911483932715,0.4635900871899976,0.051794556526779625,0.08513161082459468,0.06988344911646523,-0.013261953914025626,0.13017220230488458,0.1253090750602297,1,2025-04-23,2,4,2
2025-04-24,250.5,259.5400085449219,249.1999969482422,259.510009765625,94464200,TSLA,0.0349764859229853,3.49764859229853,1.0414928239297983,-0.37183796720217,243.41800231933593,246.9810012817383,252.5465003967285,271.6256002807617,1.0661085346727077,1.0507286326432637,1.0275731770503944,47.793494819188545,-7.402182422511629,-9.505873751300882,2.103691328789253,252.5465003967285,284.93362563634537,220.15937515711167,0.6075042832202119,0.045701914666434654,0.043659132446882166,0.06933901770820525,0.07435316285224314,-0.04662013913413943,0.08096018826796669,1,2025-04-24,3,4,2
2025-04-25,261.69000244140625,286.8500061035156,259.6300048828125,284.95001220703125,167560700,TSLA,0.09803091011549903,9.803091011549903,1.1048415079489338,0.7738010801975774,252.13400573730468,250.23600311279296,253.13750076293945,270.59440032958986,1.1301530365718186,1.1387250781758653,1.125672851111396,63.10607237476127,-3.9396621062164456,-8.392631422283996,4.45296931606755,253.13750076293945,287.47857400174274,218.7964275241362,0.9631845839946788,0.05699160328751028,0.047007798003576136,0.07274401334211138,0.18055275291647255,0.12896204079900442,0.007931142836396399,1,2025-04-25,4,4,2
2025-04-28,288.9800109863281,294.8599853515625,272.4200134277344,285.8800048828125,151731800,TSLA,0.0032637046356942534,0.32637046356942534,1.082372699573267,-0.09446666193206399,263.8100067138672,253.59300384521484,254.25400161743164,269.19320037841794,1.0836586846869791,1.1273181852339453,1.124387435651721,65.60997418280343,-1.1077774044275088,-6.935660618712698,5.8278832142851895,254.25400161743164,291.3610712655779,217.1469319692854,0.9261452543310813,0.03430284861189426,0.04690576651855269,0.07214920877726677,0.2566154060782968,0.13305064265803734,-0.019658580597447628,0,2025-04-28,0,4,2
2025-04-29,285.5,293.32000732421875,279.4700012207031,292.0299987792969,108906600,TSLA,0.021512501019458785,2.1512501019458785,1.0495581137260526,-0.2822427467412896,274.62200622558595,257.56100311279295,255.89750137329102,267.9170004272461,1.0633889206220832,1.1338284726721966,1.1411991020314711,71.50211001793518,1.6141577286529696,-5.225696949239565,6.839854677892535,255.89750137329102,296.6518998093513,215.14310293723076,0.9432956784124084,0.03620987666634831,0.04671430314941328,0.07201167058871169,0.2271714807802867,0.15724189306935954,-0.057117394601597926,0,2025-04-29,1,4,2
2025-04-30,279.8999938964844,284.45001220703125,270.7799987792969,282.1600036621094,128961100,TSLA,-0.03379788089732105,-3.3797880897321053,1.0504838373933088,0.18414402800197593,280.906005859375,260.3660034179687,256.5825019836426,266.47800079345706,1.0044641188745609,1.0837052455314393,1.0996852921798126,54.05867582077851,2.9409829919043773,-3.592360961010777,6.533343952915154,256.5825019836426,298.6648599927857,214.50014397449954,0.8038981522008537,0.048411409643100124,0.049268109455549144,0.07229281926043339,0.1253090750602297,0.11038527796774611,-0.021051893834391544,0,2025-04-30,2,4,2
2025-05-01,280.010009765625,290.8699951171875,279.80999755859375,280.5199890136719,99659000,TSLA,-0.005812356915055328,-0.5812356915055328,1.0395268133915685,-0.22721657926304906,285.1080017089844,264.2630020141602,256.4705009460449,264.8772006225586,0.9839078080313033,1.0615182105538958,1.093770971627986,63.44939392515166,3.8161755995120075,-2.11065364890622,5.926829248418228,256.4705009460449,298.27048470613903,214.6705171859508,0.7876734140096328,0.04968710836774206,0.045011658348488574,0.07141122954156441,0.08096018826796669,0.16133299718304617,0.015328741191192874,1,2025-05-01,3,5,2
2025-05-02,284.8999938964844,294.7799987792969,279.80999755859375,287.2099914550781,114454700,TSLA,0.023848576584252656,2.3848576584252656,1.0535005945152776,0.14846325971563035,285.55999755859375,268.84700164794924,257.467000579834,263.5334005737305,1.0057780988604534,1.0683027509868788,1.1155215651258639,65.7009129461074,4.992054041259678,-0.6901121108730404,5.6821661521327185,257.467000579834,301.25499305573317,213.67900810393485,0.8396249655840538,0.023462853177780595,0.044667766771971026,0.07028481927653948,0.007931142836396399,0.1899158854257541,0.038473655650225425,1,2025-05-02,4,5,2
2025-05-05,284.57000732421875,284.8500061035156,274.3999938964844,280.260009765625,94618900,TSLA,-0.024198258752220814,-2.4198258752220814,1.0380831357123625,-0.17330699394607652,284.4359985351563,274.12300262451174,259.50850143432615,262.3826010131836,0.9853183535451293,1.0223877860754342,1.0799646570983357,61.82126495051266,5.302022326190922,0.5083147765397522,4.79370754965117,259.50850143432615,303.5621229544082,215.45487991424412,0.7355255665171496,0.02610132575483678,0.0393049817113446,0.06582999595055944,-0.019658580597447628,0.23191213083791218,0.13601653389317425,1,2025-05-05,0,5,2
2025-05-06,273.1099853515625,277.7300109863281,271.3500061035156,275.3500061035156,76715800,TSLA,-0.017519458684867262,-1.7519458684867262,1.023512086748871,-0.18921272599871697,281.1,277.86100311279296,261.6115020751953,261.279001159668,0.9795446677464091,0.9909631183176214,1.052514908248841,58.76237872441305,5.092771860413961,1.425206193314594,3.6675656670993675,261.6115020751953,304.39250700832855,218.83049714206203,0.6605678039797526,0.022229182486401225,0.04007388248803493,0.06562445010032614,-0.057117394601597926,0.15707864306873187,0.21325585588920526,1,2025-05-06,1,5,2
2025-05-07,276.8800048828125,277.9200134277344,271.0,276.2200012207031,71592600,TSLA,0.003159597232260225,0.3159597232260225,1.0255351048993888,-0.06678154956345372,279.91199951171876,280.40900268554685,264.3295021057129,260.74740142822264,0.9868101464122438,0.985061102087577,1.0449836246815722,65.8296045603313,4.940193221527693,2.1282035989572137,2.8119896225704792,264.3295021057129,303.2058085550513,225.45319565637448,0.6529273251625037,0.018846608657822318,0.03783543640033524,0.06416787732907091,-0.021051893834391544,0.10161918788118451,0.2587067958123015,1,2025-05-07,2,5,2
2025-05-08,279.6300048828125,289.79998779296875,279.4100036621094,284.82000732421875,97539400,TSLA,0.031134624811778533,3.1134624811778533,1.0371854407311198,0.3624229319790033,280.7720031738281,282.94000244140625,264.96050186157225,260.6278018188477,1.014417406666734,1.0066445354725047,1.0749527017163563,68.42195154140563,5.450393427563597,2.7926415646784903,2.6577518628851067,264.96050186157225,304.77308087333,225.1479228498145,0.7494124464629814,0.024426589112880526,0.03757616747487583,0.04027717260605099,0.015328741191192874,0.09752994723190955,0.20363737977851026,1,2025-05-08,3,5,2
2025-05-09,290.2099914550781,307.0400085449219,290.0,298.260009765625,132387800,TSLA,0.04718770485146129,4.718770485146129,1.0587586501549031,0.3572751113908841,282.9820068359375,284.2710021972656,267.2535026550293,260.95400177001954,1.0539893087214733,1.049210110986459,1.1160190860084587,80.11064245345744,6.86014713499668,3.6061426787421285,3.2540044562545516,267.2535026550293,309.2431772993124,225.26382801074624,0.8692158533409505,0.030750106074892918,0.025988998102597215,0.03721300018466114,0.038473655650225425,0.046709938545022256,0.1734057517846428,1,2025-05-09,4,5,2
2025-05-12,321.989990234375,322.2099914550781,311.5,318.3800048828125,112826700,TSLA,0.06745790403815088,6.745790403815088,1.0343819950403792,-0.1477560621144849,290.606005859375,287.5210021972656,270.55700302124023,261.4620016479492,1.0955726945191815,1.1073278210973083,1.1767575827923327,81.62013665827344,9.49149056600902,4.783212256195506,4.7082783098135135,270.55700302124023,317.6788591225839,223.43514691989654,1.0074397086430622,0.0339457832706005,0.03262653507034016,0.039341314185618335,0.13601653389317425,0.11368406130160214,0.07447073023258843,1,2025-05-12,0,5,2
2025-05-13,320.0,337.5899963378906,316.79998779296875,334.07000732421875,136992600,TSLA,0.049280740626853614,4.928074062685361,1.06562502950129,0.21418600384483466,302.3500061035156,291.7250030517578,274.6430030822754,262.4504019165039,1.1049115282962592,1.1451538395046243,1.2163790942241506,82.0327542532396,12.696543413939935,6.365878487744393,6.330664926195542,274.6430030822754,328.7690320972606,220.51697406729025,1.048968817068499,0.024119020616444622,0.03470783019656803,0.04006221494445043,0.21325585588920526,0.1439578424156822,0.02918549940503201,1,2025-05-13,1,5,2
2025-05-14,342.5,350.0,337.0,347.67999267578125,136997300,TSLA,0.04073991993646375,4.073991993646375,1.0385756676557865,3.430842249874111e-05,316.6420043945312,298.277001953125,279.3215026855469,263.9632015991211,1.0980223338991284,1.1656278908503312,1.2447304963384458,82.67734062021431,16.148631588780347,8.322429107951585,7.826202480828762,279.3215026855469,341.5447997577359,217.09820561335786,1.0492998057538443,0.01336537779575184,0.0311009993400047,0.040421496596582084,0.2587067958123015,0.23220863397823388,-0.037563270345476796,0,2025-05-14,2,5,2
2025-05-15,340.3399963378906,346.1400146484375,334.7200012207031,342.82000732421875,97882600,TSLA,-0.013978329078298546,-1.3978329078298546,1.0341181088255447,-0.28551438604994406,328.24200439453125,304.5070037841797,284.38500289916993,265.23760162353517,1.044412362630364,1.1258197777519545,1.2054785021338388,75.30832561918703,18.281537947419224,10.314250875845113,7.967287071574111,284.38500289916993,350.05299083293914,218.71701496540075,0.9449276296083917,0.030775787327406993,0.03199302662616655,0.03808513395334797,0.20363737977851026,0.22208762566118057,-0.0051922254864590345,0,2025-05-15,3,5,2
2025-05-16,346.239990234375,351.6199951171875,342.3299865722656,349.9800109863281,95895700,TSLA,0.0208856061756566,2.08856061756566,1.0271375833532501,-0.020298806938107483,338.58600463867185,310.7840057373047,289.815503692627,266.9682015991211,1.0336517345417617,1.1261197633257694,1.2075958895474086,76.58428318983707,20.315450196351037,12.314490739946299,8.000959456404738,289.815503692627,358.40422372679564,221.22678365845832,0.938588934621678,0.031088432452121926,0.03197445811549475,0.03782090322045317,0.1734057517846428,0.21855096061679924,-0.030401778142846947,0,2025-05-16,4,5,2
2025-05-19,336.29998779296875,343.0,333.3699951171875,342.0899963378906,88869900,TSLA,-0.022544186527114873,-2.2544186527114873,1.0288868375194573,-0.07326501605390023,343.3280029296875,316.9670043945313,295.5450035095215,268.55660125732425,0.9963940995746554,1.0792605905190327,1.1574886811675353,70.46606809288325,21.048053209213208,14.06120323379968,6.986849975413527,295.5450035095215,361.30183892522,229.788168093823,0.8539175245746176,0.03209979190717593,0.03172130196322418,0.03476761363543839,0.07447073023258843,0.22061651472849308,0.06080276691283948,1,2025-05-19,0,5,2
2025-05-20,347.8699951171875,354.989990234375,341.6300048828125,343.82000732421875,131715500,TSLA,0.005057180873010214,0.5057180873010214,1.039106592397074,0.4821159920287972,345.2780029296875,323.8140045166016,300.83750381469724,270.9900015258789,0.9957773284336169,1.0617823890522669,1.1428761473037512,77.00595728982744,21.520172648863934,15.552997116812532,5.967175532051401,300.83750381469724,364.07340398409286,237.60160364530165,0.8398583984285861,0.025706182628478555,0.02942895222575469,0.034431234253880734,0.02918549940503201,0.24866533394941115,0.038043122254753925,1,2025-05-20,1,5,2
2025-05-21,344.42999267578125,347.3500061035156,332.20001220703125,334.6199951171875,102354800,TSLA,-0.026758222357769146,-2.6758222357769146,1.045605037145642,-0.22290998401858553,342.66600341796874,329.65400390625,305.03150329589846,273.07080139160155,0.9765193855809294,1.0150642526773306,1.097001429365761,72.22313734840559,20.910918556304466,16.62458140471092,4.286337151593546,305.03150329589846,365.33582858577756,244.72717800601933,0.7453264478050209,0.0200162159369996,0.03296060235901692,0.034877632455747654,-0.037563270345476796,0.21142565215551534,0.07115533412836017,1,2025-05-21,2,5,2
2025-05-22,331.8999938964844,347.2699890136719,331.3900146484375,341.0400085449219,97113400,TSLA,0.019185982671137136,1.9185982671137136,1.047919290453217,-0.05120815047266958,342.31000366210935,335.2760040283203,309.1080032348633,274.9298016357422,0.9962899269562654,1.0171918194184715,1.1033037157753445,72.16138809359762,20.70741948592689,17.441149020954114,3.266270464972777,309.1080032348633,367.44631667811655,250.76968979161003,0.7736795377288326,0.022642021287339022,0.032721627867111414,0.03458138652573012,-0.0051922254864590345,0.19738782309876957,0.015892513412960163,1,2025-05-22,3,5,2
2025-05-23,337.9200134277344,343.17999267578125,333.2099914550781,339.3399963378906,84654800,TSLA,-0.004984788190348977,-0.49847881903489766,1.0299210752269632,-0.1282891959297069,340.1820007324219,339.3840026855469,311.82750244140624,276.9030017089844,0.9975248414298276,0.9998703346436248,1.088229850417553,75.4216716220507,20.176387394489893,17.98819669566127,2.188190698828624,311.82750244140624,370.49409964603535,253.16090523677713,0.7344817597015283,0.01911961782107536,0.03181281941120316,0.028611189681022466,-0.030401778142846947,0.13773213044734556,0.009872122766748426,1,2025-05-23,4,5,2
2025-05-27,347.3500061035156,363.7900085449219,347.32000732421875,362.8900146484375,120146400,TSLA,0.06939947711644767,6.939947711644767,1.0474202489732432,0.41925088713221226,344.3420043945313,343.8350036621094,315.6780029296875,279.16120208740233,1.0538650818581365,1.0554190550216747,1.1495574961846984,82.4606835128877,21.409040209225452,18.672365398374104,2.7366748108513477,315.6780029296875,377.21273625219635,254.14326960717867,0.8836208363113217,0.03600174359983844,0.03218293899053575,0.03156385339148313,0.06080276691283948,0.1398015235975889,-0.05131038298974533,0,2025-05-27,1,5,2
2025-05-28,364.8399963378906,365.0,355.9100036621094,356.8999938964844,91404300,TSLA,-0.016506435862546853,-1.6506435862546853,1.0255401540961473,-0.23922564471344954,346.9580017089844,346.1180023193359,318.9215026855469,281.5390020751953,1.0286547424717962,1.0311512013385562,1.119084134782796,78.82250100954775,21.652979759540756,19.268488270607435,2.384491488933321,318.9215026855469,382.0264358478482,255.81656952324562,0.8009153905072649,0.03831547847149943,0.030778581294729362,0.03212992440992355,0.038043122254753925,0.06833892918171758,-0.06962736488788834,0,2025-05-28,2,5,2
2025-05-29,365.2900085449219,367.7099914550781,356.0,358.42999267578125,88087800,TSLA,0.004286911755287504,0.42869117552875036,1.0328932344243769,-0.03628385097856446,351.7200012207031,347.19300231933596,322.7350021362305,284.20140197753904,1.0190776510627486,1.0323652558703067,1.1106015470998818,77.69581737872778,21.71939407042072,19.758669430570095,1.9607246398506248,322.7350021362305,385.7041043495824,259.7658999228786,0.7834325826864181,0.0334702250600478,0.028412836887216124,0.03044699781919056,0.07115533412836017,0.030919236730497124,-0.20570259737008845,0,2025-05-29,3,5,2
2025-05-30,355.5199890136719,363.67999267578125,345.2900085449219,346.4599914550781,123474900,TSLA,-0.03339564619395741,-3.3395646193957407,1.0532595316277935,0.4017253240516847,352.8039978027344,347.5570007324219,326.0320022583008,286.4134017944336,0.9820183263592057,0.9968436565080491,1.062656392793592,68.33813513135067,20.569041720080577,19.92074388847219,0.6482978316083852,326.0320022583008,386.5519003319825,265.5121041846191,0.6687708493155977,0.03929554802782216,0.030331467871240768,0.03190819912544164,0.015892513412960163,0.010617770413314576,-0.14812670459034738,0,2025-05-30,4,5,2
2025-06-02,343.5,348.0199890136719,333.3299865722656,342.69000244140625,81873800,TSLA,-0.01088145559849063,-1.088145559849063,1.0440704498040156,-0.3369194872804109,353.4739990234375,346.8279998779297,328.8060028076172,288.542001953125,0.9694914007484997,0.9880690214227805,1.0422255053595009,60.56312814670069,19.132623612939085,19.76311983336557,-0.6304962204264868,328.8060028076172,386.8696061638543,270.74239945138004,0.6195585429705998,0.03970990433150143,0.029728752714274213,0.032121457730654904,0.009872122766748426,-0.020829785462252226,-0.09953606941005766,0,2025-06-02,0,6,2
2025-06-03,346.6000061035156,355.3999938964844,343.0400085449219,344.2699890136719,99324500,TSLA,0.004610541775392996,0.46105417753929956,1.0360307399827502,0.21314144451582795,349.7499938964844,347.04599914550784,332.00650177001955,290.4532015991211,0.9843316512410449,0.9920010311639638,1.0369374912186125,55.05149385220444,17.915228029200534,19.393541472532565,-1.4783134433320306,332.00650177001955,385.6949249495697,278.3180785904694,0.6142097915843007,0.015869304082468973,0.02884163713491535,0.031169677224739976,-0.05131038298974533,0.006372570665960087,-0.052807369959451456,0,2025-06-03,1,6,2
2025-06-04,345.1000061035156,345.6000061035156,327.3299865722656,332.04998779296875,98912100,TSLA,-0.03549540073392177,-3.5495400733921767,1.0558152942923744,-0.004152047078011978,344.7799926757813,345.86899719238284,334.8415008544922,291.5264010620117,0.9630778898044025,0.9600455388844016,0.9916631807753826,42.151253313194665,15.782451015455308,18.671323381117112,-2.888872365661804,334.8415008544922,381.4550774069406,288.22792430204385,0.47005686681880626,0.019548522500099603,0.030979693221979677,0.03226878457042299,-0.06962736488788834,-0.03423308498784072,-0.016925147790372908,0,2025-06-04,2,6,2
2025-06-05,322.489990234375,324.54998779296875,273.2099914550781,284.70001220703125,287499800,TSLA,-0.14259893789082123,-14.259893789082124,1.1879140512558162,1.9066191092899656,330.03399658203125,340.8769989013672,335.26550140380857,291.4576010131836,0.8626384407530815,0.835198658532573,0.8491777740774049,29.54386486514356,10.154408852355573,16.967940475364806,-6.813531623009233,335.26550140380857,379.7390638650111,290.79193894260607,-0.06848930463901158,0.057804305898245714,0.053961598761341135,0.04697710709893611,-0.20570259737008845,-0.14918410028866846,0.12086396792813847,1,2025-06-05,3,6,2
2025-06-06,298.8299865722656,305.5,291.1400146484375,295.1400146484375,164747700,TSLA,0.036670186138995975,3.6670186138995975,1.0493232967955393,-0.42696412310547693,319.77000122070314,336.28699951171876,335.78150177001953,291.9192013549805,0.9229759312060477,0.8776432484067901,0.8789644846206631,31.13390164793597,6.462075057761581,14.866767391844162,-8.404692334082581,335.78150177001953,377.97153810267866,293.5914654373604,0.01835207249961973,0.06840317931450696,0.05544224705020456,0.04716996024076867,-0.14812670459034738,-0.13458829681690676,0.10222261100750396,1,2025-06-06,4,6,2
2025-06-09,285.9599914550781,309.8299865722656,281.8500061035156,308.5799865722656,140908900,TSLA,0.04553761352840424,4.553761352840424,1.099272591317503,-0.14469883342832712,312.947998046875,333.21099853515625,336.29750061035156,292.62820098876955,0.9860423728482995,0.9260798350859601,0.9175803745559186,38.89588226109567,4.5677135766300125,12.806956628801332,-8.23924305217132,336.29750061035156,376.7729148712816,295.8220863494215,0.15760061330810157,0.07643257309768803,0.058462316613894665,0.04708975979326861,-0.09953606941005766,-0.09064657894024486,0.06659543458672856,1,2025-06-09,0,6,2
2025-06-10,314.94000244140625,327.8299865722656,310.6700134277344,326.0899963378906,151256500,TSLA,0.05674382827003055,5.674382827003055,1.0552353700159185,0.07343468013730847,309.31199951171874,329.53099670410154,336.6830001831055,293.87900115966795,1.0542429548567716,0.9895578855991483,0.9685371585751171,44.68110351055573,4.428283410874428,11.131221985215953,-6.702938574341525,336.6830001831055,376.58265141488835,296.78334895132264,0.367254430575363,0.0835556536760552,0.05671543749264043,0.04637092043492169,-0.052807369959451456,-0.1014081865718961,-0.029869024943293687,0,2025-06-10,1,6,2
2025-06-11,334.3999938964844,335.5,322.5,326.42999267578125,122611400,TSLA,0.0010426457165473302,0.10426457165473302,1.0403100775193799,-0.1893809522235408,308.18800048828126,326.48399658203124,336.3009994506836,295.2244009399414,1.05919111762495,0.9998345894230181,0.9706482978313304,47.40510659397059,4.29570069929224,9.764117728031211,-5.468417028738971,336.3009994506836,376.45148804981676,296.15051085155045,0.3770748860187536,0.08211642068824121,0.0567324027125519,0.04503182062342146,-0.016925147790372908,-0.08537405923727948,-0.01341789964491047,0,2025-06-11,2,6,2
2025-06-12,323.0799865722656,332.55999755859375,316.8599853515625,319.1099853515625,105127500,TSLA,-0.022424432461661592,-2.242443246166159,1.04954873740088,-0.14259603919374542,315.0699951171875,322.5519958496094,334.8724990844727,296.2374008178711,1.012822516574047,0.989328819717948,0.9529298052960329,43.09116490011074,3.558939293137257,8.52308204105242,-4.964142747915163,334.8724990844727,375.3499923838942,294.3950057850512,0.30529286218008644,0.03308189691428756,0.05675255182032834,0.044220865931301756,0.12086396792813847,-0.10970066157322322,0.009557890541051828,1,2025-06-12,3,6,2
2025-06-13,313.9700012207031,332.989990234375,313.29998779296875,325.30999755859375,128964300,TSLA,0.019429076154419578,1.9429076154419578,1.0628471216360773,0.22674181351216371,321.10399169921874,320.43699645996094,333.9969985961914,297.0884005737305,1.013098578554311,1.0152073610490282,0.9739907811324364,45.70185665282677,3.4357347288401456,7.505612578609966,-4.069877849769821,333.9969985961914,374.50815100268284,293.4858461897,0.392782597858094,0.03225599445445037,0.05679334554893563,0.04442704848820472,0.10222261100750396,-0.06104599208600592,0.07183915432226518,1,2025-06-13,4,6,2
2025-06-16,331.2900085449219,332.04998779296875,326.4100036621094,329.1300048828125,83925900,TSLA,0.011742668079331553,1.1742668079331553,1.0172788335761234,-0.3492315315168616,325.2139953613281,319.08099670410155,332.9544982910156,298.3254006958008,1.0120413314843155,1.0314935965554535,0.9885134652697788,38.23528911304182,3.6047831931736027,6.725446701522694,-3.1206635083490912,332.9544982910156,372.80150513680906,293.1074914452222,0.45201027993139126,0.028956150695560866,0.05697170870306913,0.04422969814182385,0.06659543458672856,-0.039569282622746615,0.034454459239984025,1,2025-06-16,0,6,2
2025-06-17,326.0899963378906,327.260009765625,314.739990234375,316.3500061035156,88282700,TSLA,-0.03882963749794621,-3.8829637497946212,1.0397789283844319,0.051912460873222654,323.2659973144531,316.28899841308595,331.66749877929686,299.86380096435545,0.978605881013183,1.0001928859073055,0.9538167208660562,36.507619953184836,2.676661338753945,5.915689628968945,-3.239028290215,331.66749877929686,371.9326679132384,291.40232964535534,0.3097922720152024,0.024281688987623715,0.05801800280773613,0.04477257640887711,-0.029869024943293687,-0.0810990902522365,0.03540376631378428,1,2025-06-17,1,6,2
2025-06-18,317.30999755859375,329.32000732421875,315.45001220703125,322.04998779296875,95137700,TSLA,0.0180179597897272,1.80179597897272,1.0439689160895786,0.07764828216626807,322.38999633789064,315.28899841308595,330.57899780273436,301.63900085449217,0.9989453502007378,1.0214437846354052,0.9741997826042926,38.221957172621586,2.3736964726122096,5.207290997697598,-2.8335945250853882,330.57899780273436,370.6374147031524,290.52058090231634,0.39354284730013117,0.026558954531293144,0.05754504230542458,0.0449872218279768,-0.01341789964491047,-0.030115947500756857,0.011582087029067045,1,2025-06-18,2,6,2
2025-06-20,327.95001220703125,332.3599853515625,317.7799987792969,322.1600036621094,108688000,TSLA,0.0003416111576173275,0.03416111576173275,1.0458807559578085,0.14242829078272856,323.0,319.0349975585938,329.9559982299805,303.64500091552736,0.9973993921427535,1.0097951827461866,0.9763726235931699,41.47846988266417,2.1180563593829334,4.589444070034665,-2.4713877106517312,329.9559982299805,370.1371717880379,289.77482467192306,0.4029894615122833,0.02410901488125312,0.02952344914574087,0.04461711951320115,0.009557890541051828,0.1315770630450046,0.004562953824165383,1,2025-06-20,4,6,2
2025-06-23,327.5400085449219,357.5400085449219,327.4800109863281,348.67999267578125,190716800,TSLA,0.0823193093872907,8.231930938729072,1.0917918546174983,0.7547180921536876,327.6739990234375,324.3889953613281,330.33799743652344,305.17460052490236,1.0641063792517798,1.074882310009919,1.0555249331944696,51.81152598637165,4.009185806127164,4.473392417253165,-0.46420661112600126,330.33799743652344,371.10386572143125,289.5721291516156,0.7249675526480607,0.04377130739010628,0.03635777751346865,0.04820267460025136,0.07183915432226518,0.18140535125716206,-0.08896406351171315,0,2025-06-23,0,6,2
2025-06-24,356.1700134277344,356.260009765625,340.44000244140625,340.4700012207031,114736200,TSLA,-0.023545920693855638,-2.3545920693855638,1.0464692962365418,-0.39839489756539537,329.94199829101564,327.5779968261719,330.3944976806641,306.9360006713867,1.0319086475326538,1.0393555260714666,1.0304953732909237,48.895095180223414,4.7902231106512545,4.536758555932783,0.2534645547184713,330.3944976806641,371.2159929258933,289.57300243543483,0.6234092906140738,0.0470902179419342,0.036973691943338494,0.0485269144496952,0.034454459239984025,0.10334440351325003,-0.11677977390980576,0,2025-06-24,1,6,2
2025-06-25,342.70001220703125,343.0,320.3999938964844,327.54998779296875,119845100,TSLA,-0.037947582404945,-3.7947582404945,1.0705368493571734,0.04452735928155205,332.18199462890624,327.7239959716797,328.62749633789065,308.44080047607423,0.986055816056159,0.9994690404704879,0.9967211856678785,48.69686067996979,4.316901145765144,4.4927870738992555,-0.17588592813411186,328.62749633789065,366.4777844974233,290.777208178358,0.48576617778469244,0.04687366772785715,0.03592032916983434,0.04649505461581042,0.03540376631378428,0.004477265391377827,-0.036330313967240624,0,2025-06-25,2,6,2
2025-06-26,324.6099853515625,331.04998779296875,323.6099853515625,325.7799987792969,80440900,TSLA,-0.0054037218123500486,-0.5403721812350049,1.0229906454626967,-0.32879274997475905,332.92799682617186,327.65899658203125,327.0714965820313,309.90940032958986,0.978529898010929,0.9942653862023167,0.9960513287882593,66.16304332425506,3.7556736890427374,4.345364396927952,-0.5896907078852145,327.0714965820313,362.50984010307667,291.6331530609859,0.4817782425134032,0.04677209685620117,0.0359775679209488,0.04640462115871407,0.011582087029067045,-0.001991219897278129,-0.032015448200818364,0,2025-06-26,3,6,2
2025-06-27,324.510009765625,329.3399963378906,317.5,323.6300048828125,89067000,TSLA,-0.006599526995335614,-0.6599526995335614,1.0372913270484745,0.10723524972992604,333.2219970703125,328.1109985351562,325.3314971923828,311.29980041503904,0.9712144087970398,0.9863430556355959,0.994769973629193,61.99174825498201,3.1016563828991934,4.096622794122201,-0.9949664112230074,325.3314971923828,357.5588100285265,293.1041843562391,0.4736017036508541,0.04697894355876082,0.03520324488680039,0.046372446936327624,0.004562953824165383,0.014164456578412254,-0.09174057409218628,0,2025-06-27,4,6,2
2025-06-30,319.8999938964844,325.5799865722656,316.6000061035156,317.6600036621094,76695100,TSLA,-0.018446995428822777,-1.8446995428822777,1.0283638038396434,-0.13890554301817737,327.01799926757815,327.3459991455078,323.89149780273436,312.8220004272461,0.9713838515726111,0.9704105273665101,0.980760550422289,54.07834014212659,2.0776637364582484,3.6928309825894106,-1.6151672461311621,323.89149780273436,354.68560222264676,293.09739338282196,0.39882001347317125,0.013386041827478785,0.03515151218661995,0.04599319642221124,-0.08896406351171315,-0.023516012277201792,-0.0624882134189918,0,2025-06-30,0,6,2
2025-07-01,298.4599914550781,305.8900146484375,293.2099914550781,300.7099914550781,145085700,TSLA,-0.05335897504131726,-5.335897504131726,1.0432455358374173,0.8917205923194571,319.0659973144531,324.5039978027344,321.792497253418,314.0088003540039,0.9424695642472853,0.9266757682223669,0.9344841598909717,38.54279403887823,-0.10042451002027519,2.9341798840674733,-3.0346043940877485,321.792497253418,352.91262954965237,290.6723649571836,0.16127223371587482,0.02082847259747426,0.03824944430991723,0.04732391789475278,-0.11677977390980576,-0.08634889863005168,-0.016061942434617005,0,2025-07-01,1,7,3
2025-07-02,312.6300048828125,316.8299865722656,303.82000732421875,315.6499938964844,119483700,TSLA,0.04968242780731846,4.968242780731846,1.0428213380765388,-0.17646122257396835,316.6859985351563,324.4339965820312,320.3614974975586,315.7718002319336,0.9967286061162667,0.9729251472469351,0.9852931652590051,45.7003839284171,-0.6139643999978261,2.2245510272544133,-2.8385154272522395,320.3614974975586,349.71141910697287,291.01157588814436,0.41973566976132937,0.037066298295801936,0.04058143005872732,0.048873995922029054,-0.036330313967240624,-0.002212777599258864,-0.018311417364362148,0,2025-07-02,2,7,3
2025-07-03,317.989990234375,318.45001220703125,312.760009765625,315.3500061035156,58042300,TSLA,-0.0009503811144286889,-0.09503811144286889,1.0181928707754875,-0.5142241159254359,314.6,323.7639984130859,319.52649841308596,317.3194003295898,1.002383999057583,0.9740119582448602,0.986929120650986,48.41136582541748,-1.0332443724963127,1.5729919473042682,-2.6062363198005807,319.52649841308596,348.42299169499563,290.6300051311763,0.4277335787975183,0.03716237928105033,0.040112535225528156,0.04827773553006113,-0.032015448200818364,-0.020804166879087815,-0.005834775019115224,0,2025-07-03,3,7,3
2025-07-07,291.3699951171875,296.1499938964844,288.7699890136719,293.94000244140625,131177900,TSLA,-0.06789282780315342,-6.789282780315342,1.0255566892806962,1.2600396607301918,308.66199951171876,320.94199829101564,319.9884979248047,318.1834002685547,0.9523038239446331,0.915866430715231,0.9185955256131748,38.25533583506659,-3.057885732855823,0.6468164112722501,-3.704702144128073,319.9884979248047,346.7576889851934,293.21930686441596,0.013461287929180879,0.04639818100797022,0.04525856576417787,0.03872540647998713,-0.09174057409218628,-0.08759622827140601,0.07811114943313968,1,2025-07-07,0,7,3
2025-07-08,297.0,304.04998779296875,294.3500061035156,297.80999755859375,103246700,TSLA,0.013165935514200422,1.3165935514200422,1.0329539034765363,-0.21292611026704955,304.69199829101564,315.85499877929686,320.1219970703125,318.94940002441405,0.9774132541352504,0.9428693505233646,0.9303015734129071,38.27843823067456,-4.300577949055764,-0.34266246079335283,-3.9579154882624117,320.1219970703125,346.3913823717665,293.8526117688585,0.07532315172818735,0.048462949236436945,0.03369402286298056,0.03797708496795798,-0.0624882134189918,-0.14589307154336428,0.04355126196913961,1,2025-07-08,1,7,3
2025-07-09,297.54998779296875,300.1499938964844,293.54998779296875,295.8800048828125,75586800,TSLA,-0.0064806174796113725,-0.6480617479611372,1.0224834146754262,-0.2679010564018026,303.7260009765625,311.3959991455078,319.4869979858398,319.1679998779297,0.9741675191833331,0.9501727886508745,0.9261096906858363,41.661911890074045,-5.379147301137323,-1.3499594288621468,-4.029187872275176,319.4869979858398,347.48803019120624,291.4859657804734,0.07846209150634406,0.04261131231636543,0.033652534870747916,0.03652946268679373,-0.016061942434617005,-0.13096600633835587,0.08716374246085468,1,2025-07-09,2,7,3
2025-07-10,300.04998779296875,310.4800109863281,300.0,309.8699951171875,104365300,TSLA,0.0472826483827995,4.72826483827995,1.034933369954427,0.3807344668645849,302.57000122070315,309.6279998779297,318.6759979248047,319.6477996826172,1.0241266281093067,1.0007815676855878,0.9723669091335362,45.352566117937045,-5.04686882836063,-2.0893413087618438,-2.957527519598786,318.6759979248047,346.81103809911156,290.5409577504978,0.3435047052881254,0.04188398805765748,0.03734193042924784,0.035789686141443317,-0.018311417364362148,-0.05397647178957021,0.03078713233049246,1,2025-07-10,3,7,3
2025-07-11,307.8900146484375,314.0899963378906,305.6499938964844,313.510009765625,79236400,TSLA,0.01174690904506881,1.174690904506881,1.0276132917060181,-0.2407783046663977,302.202001953125,308.4010009765625,318.0299987792969,320.07739990234376,1.0374187058305921,1.0165661225900195,0.9857875388138821,46.78606101384959,-4.438650977980956,-2.5592032426056663,-1.8794477353752894,318.0299987792969,346.0082760965281,290.05172146206564,0.4192232430463453,0.042418941355586305,0.03770829016075763,0.03591649495951399,-0.005834775019115224,-0.03766342028254566,0.05148155921058262,1,2025-07-11,4,7,3
2025-07-14,317.7300109863281,322.6000061035156,312.6700134277344,316.8999938964844,78043400,TSLA,0.010813001260769006,1.0813001260769006,1.031758698465903,-0.015056211539141051,306.79400024414065,307.7279998779297,317.919499206543,320.77219970703123,1.032940649570401,1.0298055231314442,0.996793196665813,35.74120298548743,-3.6411180194897383,-2.7755861979824807,-0.8655318215072576,317.919499206543,345.8972736363587,289.94172477672726,0.4817800856065927,0.019586964952475614,0.03793445610325585,0.03566090099505589,0.07811114943313968,-0.020795386351043277,0.03657304058414246,1,2025-07-14,0,7,3
2025-07-15,319.67999267578125,321.20001220703125,310.5,310.7799987792969,77556300,TSLA,-0.01931207079538977,-1.9312070795389769,1.034460586818136,-0.006241399016444715,309.38800048828125,307.0399993896484,317.1929992675781,321.37739990234377,1.0044991993510373,1.0121808213818495,0.9797820238684671,36.42432141282325,-3.4629807762368046,-2.913065113633346,-0.5499156626034587,317.1929992675781,345.1172852526994,289.2687132824568,0.38517162996220883,0.0250870283767405,0.03797849990919245,0.035616688769925284,0.04355126196913961,-0.021658392002446347,0.06863371727925549,1,2025-07-15,1,7,3
2025-07-16,312.79998779296875,323.5,312.6199951171875,321.6700134277344,97284800,TSLA,0.03504091219258654,3.5040912192586537,1.0348026519504425,0.25437649810524743,314.54600219726564,309.13600158691406,316.8199996948242,322.06660034179686,1.022648551183941,1.0405452997272346,1.0153084203572436,47.26054060940193,-2.415231274368523,-2.8134983457803813,0.39826707141185835,316.8199996948242,344.2681566881016,289.3718427015468,0.588348622716236,0.025626589753782587,0.0347228757393726,0.03645015976989977,0.08716374246085468,0.06970178101244562,0.03385452070839645,1,2025-07-16,2,7,3
2025-07-17,323.1499938964844,324.3399963378906,317.05999755859375,319.4100036621094,73922900,TSLA,-0.007025863995037018,-0.7025863995037018,1.0229609500894274,-0.24013926122066342,316.45400390625,309.5120025634766,316.9729995727539,322.84960021972654,1.0093410091810218,1.0319793772669699,1.007688364916382,47.045730794249636,-1.7471065886883252,-2.60021999436197,0.8531134056736449,316.9729995727539,344.44422979975343,289.5017693457544,0.5443555688845764,0.0206737853898446,0.03151642982062983,0.03536847965397795,0.03078713233049246,0.011911958936574818,-0.04417524719753929,0,2025-07-17,3,7,3
2025-07-18,321.6600036621094,330.8999938964844,321.4200134277344,329.6499938964844,94255000,TSLA,0.03205907804067243,3.205907804067243,1.0294940578455343,0.2750446749248203,319.6820007324219,310.94200134277344,317.3529998779297,323.93559997558594,1.0311809646499486,1.0601655372156937,1.0387486301477684,52.5970618337774,-0.38687171267895337,-2.157550338025367,1.7706786253464135,317.3529998779297,345.32560941103463,289.3803903448247,0.719804198174673,0.023784935131606157,0.03291284365631472,0.03585851199020142,0.05148155921058262,0.04534640087584041,-0.041225531895984546,0,2025-07-18,4,7,3
2025-07-21,334.3999938964844,338.0,326.8800048828125,328.489990234375,75768800,TSLA,-0.0035188948387289143,-0.35188948387289143,1.0340185846521082,-0.19612964829452018,322.0,314.3970001220703,317.669499206543,324.9809997558594,1.0201552491750776,1.0448254598702686,1.0340621024519472,54.8744202580245,0.590712262290424,-1.6078978179622088,2.1986100802526325,317.669499206543,346.01191499984907,289.3270834132369,0.690888650895941,0.024560847267138513,0.021348605341314584,0.03587701611477743,0.03657304058414246,0.11754095225557437,-0.008828256515260202,0,2025-07-21,0,7,3
2025-07-22,329.739990234375,335.4100036621094,321.54998779296875,332.1099853515625,77370400,TSLA,0.0110201078413521,1.10201078413521,1.0431037673621821,0.021137988195669033,326.2659973144531,317.8269989013672,316.840998840332,325.92679931640623,1.0179117287281303,1.044939500104042,1.0481913217264067,66.05973842159531,1.6386684085829302,-0.958584572653181,2.597252981236111,316.840998840332,342.1757605201213,291.50623716054275,0.8013445854399189,0.019529163320539687,0.02133940960199844,0.030584083889152545,0.06863371727925549,0.1151740642495398,-0.032850482146696836,0,2025-07-22,1,7,3
2025-07-23,330.8999938964844,336.20001220703125,328.6700134277344,332.55999755859375,92553800,TSLA,0.0013550095657464123,0.13550095657464123,1.0229105134988303,0.19624300766184488,328.443994140625,321.4949981689453,316.44549865722655,326.6127990722656,1.012531827317282,1.0344173298268042,1.0509234574981976,60.15372036336703,2.476940797166833,-0.27147949868917826,2.748420295856011,316.44549865722655,340.4385545334678,292.4524427809853,0.8358158915747851,0.015677291822378658,0.020755456739001643,0.030164067395896464,0.03385452070839645,0.12396914989341323,-0.04065428528062753,0,2025-07-23,2,7,3
2025-07-24,310.0,310.1499938964844,300.4100036621094,305.29998779296875,156966000,TSLA,-0.08197020076301287,-8.197020076301287,1.0324223232104155,0.69594333241855,325.6219909667969,321.0379974365234,315.33299865722654,326.35119873046875,0.9375902004852604,0.9509777354418415,0.9681828070421393,45.44134205348424,0.9308919944159015,-0.031005200068162292,0.9618971944840639,315.33299865722654,339.2212321725459,291.44476514190717,0.2900009881889407,0.04343230013843496,0.03296136902962929,0.03433941715304828,-0.04417524719753929,-0.014748144048249867,0.009728140646756867,1,2025-07-24,3,7,3
2025-07-25,308.739990234375,323.6300048828125,308.010009765625,316.05999755859375,148227000,TSLA,0.03524405566934252,3.524405566934252,1.050712621739382,-0.05567447727533348,322.90399169921875,321.2929962158203,314.8469985961914,325.9909985351562,0.9788048636233643,0.983712689915869,1.003852661666812,61.10664356345222,0.5673400989837774,0.08866385974222564,0.4786762392415517,314.8469985961914,338.23048972249927,291.4635074698835,0.5259370800504136,0.04418736390469063,0.03475793355187166,0.035373221903832686,-0.041225531895984546,0.008133672653307222,-0.04249190906638378,0,2025-07-25,4,7,3
2025-07-28,318.45001220703125,330.489990234375,315.69000244140625,325.5899963378906,112673800,TSLA,0.030152499060024596,3.0152499060024596,1.0468813952881377,-0.23985643641171983,322.32399291992186,322.16199645996096,314.9449981689453,325.54919860839846,1.0101326723722368,1.0106406091208704,1.0337995466854026,63.198400466289016,1.036268401492464,0.2781847680922733,0.7580836334001906,314.9449981689453,338.49928080414304,291.39071553374754,0.7259673608789564,0.047408289812937376,0.035862183744777475,0.03601082206943418,-0.008828256515260202,0.02742190788506238,-0.05015506236659284,0,2025-07-28,0,7,3
2025-07-29,325.54998779296875,326.25,318.25,321.20001220703125,87358900,TSLA,-0.013483166498468035,-1.3483166498468035,1.0251374705420266,-0.22467423660158792,320.1419982910156,323.20399780273436,315.1219985961914,325.1167987060547,1.0033048269882225,0.9937996262133916,1.0192878111903207,61.754876719765925,1.0416548798966119,0.43087879045314104,0.6107760894434708,315.1219985961914,338.81497982400845,291.4290173683744,0.6282661213546201,0.047141551745147774,0.035499272754556846,0.035887135501280365,-0.032850482146696836,0.033528584428415,-0.03885432911591569,0,2025-07-29,1,7,3
2025-07-30,322.17999267578125,324.45001220703125,311.6199951171875,319.0400085449219,83931900,TSLA,-0.006724793213012448,-0.6724793213012448,1.041171995670621,-0.03922897380804935,317.43800048828126,322.9409973144531,316.0384994506836,324.49799865722656,1.0050466801522704,0.9879204288028727,1.0094972894108005,54.78252371740737,0.8616963599606606,0.517042304354645,0.3446540556060156,316.0384994506836,338.7832748287333,293.29372407263395,0.5659823859402658,0.04697571657532844,0.0338451068667754,0.03359921195791511,-0.04065428528062753,-0.008176095915149229,0.00272691541463832,1,2025-07-30,2,7,3
2025-07-31,319.6099853515625,321.3699951171875,306.1000061035156,308.2699890136719,85270900,TSLA,-0.03375758288237862,-3.3757582882378623,1.0498856213956034,0.015953409847745625,318.03200073242186,321.8269958496094,315.669499206543,323.8215985107422,0.9693049388229227,0.9578748613050698,0.9765593121556873,47.456301359513255,-0.14826354117099072,0.38398113524951794,-0.5322446764205087,315.669499206543,338.6787350065703,292.66026340651564,0.3392056507834495,0.02954562605760762,0.035453744445231715,0.03273347968536352,0.009728140646756867,-0.03487684956862547,0.045414735455740596,1,2025-07-31,3,7,3
2025-08-01,306.2099914550781,309.30999755859375,297.82000732421875,302.6300048828125,89121400,TSLA,-0.01829559909125389,-1.829559909125389,1.0385803168081535,0.045156084901179616,315.34600219726565,319.1249969482422,315.0334991455078,322.99779846191404,0.9596760471803965,0.9483118144201503,0.9606280148100492,43.220909797604,-1.387766316984596,0.029631644802695145,-1.4173979617872912,315.0334991455078,338.77156470010846,291.2954335909071,0.23874252233894913,0.02374798735456885,0.033446070693915746,0.03297044728937493,-0.04249190906638378,-0.08196568940983084,0.08928390634674455,1,2025-08-01,4,8,3
2025-08-04,309.0799865722656,312.1199951171875,303.0,309.260009765625,78683900,TSLA,0.021907956170373222,2.190795617037322,1.0300989937860974,-0.11711553005226583,312.0800048828125,317.2019989013672,315.79949951171875,322.4905987548828,0.9909638712090946,0.9749623610089175,0.9792922732423422,49.281397298260444,-1.8141824462211957,-0.33913117340208304,-1.4750512728191127,315.79949951171875,337.57958354566296,294.01941547777454,0.3498745520012234,0.02045844480904145,0.03476492623194769,0.029375871630056928,-0.05015506236659284,-0.05854053712574181,0.09626200631705761,1,2025-08-04,0,8,3
2025-08-05,308.95001220703125,312.45001220703125,305.5,308.7200012207031,57961300,TSLA,-0.0017461311772288823,-0.17461311772288823,1.0227496307922463,-0.26336518652481633,309.58400268554686,314.8630004882813,316.3449996948242,321.8441986083984,0.9972091533885834,0.9804899297216512,0.9758965734199154,43.21349566721554,-2.170672318053107,-0.7054394023322879,-1.4652329157208193,316.3449996948242,336.72978759391873,295.96021179572966,0.3129733183424547,0.02064153760275637,0.03432431164686465,0.02929234831436968,-0.03885432911591569,-0.07042842781766823,0.10404248182878506,1,2025-08-05,1,8,3
2025-08-06,307.8900146484375,320.4700012207031,306.92999267578125,319.9100036621094,78523600,TSLA,0.03624644466558724,3.624644466558724,1.0441143220539695,0.35475912376016416,309.75800170898435,313.59800109863284,317.54649963378904,321.4555987548828,1.0327739780638912,1.0201276874896001,1.0074430171047266,50.23960124176152,-1.5325867258086987,-0.87086886702757,-0.6617178587811287,317.54649963378904,335.54552997373577,299.5474692938423,0.5656564265874594,0.028580247807559946,0.03691343748806223,0.030169700809241987,0.00272691541463832,-0.03803823066319201,0.06086087023795428,1,2025-08-06,2,8,3
2025-08-07,319.7900085449219,322.3999938964844,316.1600036621094,322.2699890136719,66658700,TSLA,0.007377028928595486,0.7377028928595486,1.0197368109884128,-0.15109979674900287,312.55800170898436,315.2950012207031,318.16649932861327,320.6431982421875,1.031072592131972,1.022122100781694,1.0128973028075479,46.174578477234576,-0.8269358009819143,-0.862082253818439,0.03514645283652462,318.16649932861327,335.9045276442131,300.42847101301345,0.6156692731584424,0.021048154422770575,0.024449209742819843,0.028451686404457905,0.045414735455740596,0.055584677036446095,0.04130076647636316,1,2025-08-07,3,8,3
2025-08-08,321.42999267578125,335.1499938964844,320.9800109863281,329.6499938964844,91200300,TSLA,0.02290006868278205,2.290006868278205,1.0441459979598537,0.3681679960755311,317.9619995117188,316.6540008544922,318.97349853515624,320.0981982421875,1.0367590919755014,1.0410416195813803,1.0334714181910363,50.56486336194381,0.32406671824901423,-0.6248524594049484,0.9489191776539626,318.97349853515624,337.279043444579,300.6679536257335,0.7916191627770784,0.014771386108667149,0.0230637587337189,0.028753133431450372,0.08928390634674455,0.0429981536507833,0.0027605147245812756,1,2025-08-08,4,8,3
2025-08-11,335.0,346.6400146484375,334.1499938964844,339.0299987792969,105320200,TSLA,0.02845443669493286,2.845443669493286,1.0373784856504362,0.15482295562624238,323.91599731445314,317.9980010986328,320.0799987792969,319.7101983642578,1.0466602501579176,1.0661387732249945,1.0592039492385354,53.190709758614595,1.9704187485460238,-0.10579821781475396,2.0762169663607777,320.0799987792969,340.4200994533618,299.739898105232,0.9658285694761238,0.01554756335778481,0.022858902813472647,0.029274082622705873,0.09626200631705761,0.04127891702009934,-0.011414904672511939,0,2025-08-11,0,8,3
2025-08-12,345.0,345.260009765625,332.94000244140625,340.8399963378906,80522100,TSLA,0.005338753399730889,0.5338753399730889,1.0370036860511735,-0.23545435728378794,330.3399963378906,319.9619995117188,321.58299865722654,319.59779846191407,1.0317854335424161,1.0652514887956475,1.059881889779845,53.770490618625665,3.3822280504780338,0.5918070358438036,2.79042101463423,321.58299865722654,343.4171866214425,299.74881069301057,0.940982685324143,0.013398753198804047,0.02199149642055979,0.028764444636332098,0.10404248182878506,0.061145651881857166,-0.033828185961681134,0,2025-08-12,1,8,3
2025-08-13,341.5,348.9800109863281,338.20001220703125,339.3800048828125,67838900,TSLA,-0.004283509772223915,-0.42835097722239146,1.0318746256363167,-0.15751203706808437,334.23399658203124,321.9959991455078,322.46849822998047,319.5315985107422,1.015396423922778,1.0539882662624294,1.0524439030344321,70.28572445824032,4.333335985199369,1.3401128257149166,2.9932231594844527,322.46849822998047,345.70875164116205,299.2282448187989,0.8638408401496904,0.01342057794774294,0.021845510947852993,0.02793708774080324,0.06086087023795428,0.06375374809779277,-0.04561261937536176,0,2025-08-13,2,8,3
2025-08-14,335.760009765625,340.4700012207031,330.3999938964844,335.5799865722656,75000700,TSLA,-0.011196942235471519,-1.1196942235471519,1.0304782309632055,0.1055706976380808,336.89599609375,324.7269989013672,323.2769973754883,319.35779846191406,0.9960937216923227,1.0334218827126072,1.03805711292996,62.66873497443202,4.725987909450851,2.0172878424621032,2.7087000669887473,323.2769973754883,347.1847273238066,299.36926742717,0.7573014925167065,0.017077699524455054,0.018075519613704384,0.02803177064163383,0.04130076647636316,0.08859116531574718,-0.04609929626232856,0,2025-08-14,3,8,3
2025-08-15,337.6600036621094,339.29998779296875,327.0199890136719,330.55999755859375,74319800,TSLA,-0.014959143019665277,-1.4959143019665277,1.0375512176375967,-0.009078581933235297,337.0779968261719,327.51999816894534,323.32249755859374,319.32799865722654,0.9806632312730296,1.0092818741043112,1.0223847707927853,53.42616938118699,4.5793088073098716,2.529692035431657,2.0496167718782146,323.32249755859374,347.28469792441285,299.3602971927746,0.6510191027849834,0.017345055972740636,0.017545489078143708,0.027418446028114916,0.0027605147245812756,0.09229089060946416,0.028587888059129707,1,2025-08-15,4,8,3
2025-08-18,329.6199951171875,336.2699890136719,329.5899963378906,335.1600036621094,56956600,TSLA,0.013915797850586165,1.3915797850586165,1.0202675832094523,-0.2336281852211658,336.3039978027344,330.10999755859376,323.65599822998047,320.33719848632813,0.9965983332101331,1.0152979495951777,1.0355439277969274,59.59581212018233,4.779155481328246,2.979584724610975,1.7995707567172712,323.65599822998047,348.1018033227312,299.21019313722974,0.7352961047607378,0.011880936496112906,0.017067910885980222,0.027560632545144743,-0.011414904672511939,0.0837482800188516,0.03413295833753316,1,2025-08-18,0,8,3
2025-08-19,335.7900085449219,340.54998779296875,327.8500061035156,329.30999755859375,75956000,TSLA,-0.017454368181154756,-1.7454368181154756,1.0387371708190336,0.33357679355860426,333.997998046875,332.1689971923828,323.51599884033203,321.0205981445313,0.9859639862643029,0.9913929365535183,1.0179094658039503,56.7185567821234,4.414600046944486,3.266587789077677,1.1480122578668088,323.51599884033203,347.78941249690456,299.2425851837595,0.6193486585825326,0.012598583109615528,0.018727625139315886,0.027770813995759012,-0.033828185961681134,0.06669472744388494,0.06789959623124453,1,2025-08-19,1,8,3
2025-08-20,329.2200012207031,331.3699951171875,314.6000061035156,323.8999938964844,77481800,TSLA,-0.016428300696053943,-1.6428300696053943,1.0533057491682116,0.020087945652746297,330.90199584960936,332.5679962158203,323.08299865722654,321.3269982910156,0.9788396502863425,0.9739361501468385,1.0025287472341577,60.99620323064622,3.647103616225479,3.342690954507238,0.3044126617182412,323.08299865722654,346.983217358254,299.18277995619906,0.5170917942107097,0.013151763363282583,0.0167796515267163,0.02800718246565638,-0.04561261937536176,0.012472227153575544,0.07934551618190144,1,2025-08-20,2,8,3
2025-08-21,322.0799865722656,324.8999938964844,318.67999267578125,320.1099853515625,55744400,TSLA,-0.011701168929731831,-1.170116892973183,1.01951801607775,-0.28054846428451585,327.80799560546876,332.35199584960935,323.82349853515626,321.20739807128905,0.9765167099121915,0.9631655273597742,0.9885322924358727,62.626388654978705,2.701889450497731,3.214530653705337,-0.5126412032076058,323.82349853515626,346.27782029771544,301.3691767725971,0.41730961142220396,0.013172584578687823,0.017101804979379943,0.020782588200852384,-0.04609929626232856,-0.006702466055620637,0.08081605328978947,1,2025-08-21,3,8,3
2025-08-22,321.6600036621094,340.25,319.69000244140625,340.010009765625,94016300,TSLA,0.062166209505171155,6.2166209505171155,1.0643122944151562,0.6865604437396402,329.697998046875,333.38799743652345,325.0209991455078,321.47899841308595,1.031277143870567,1.0198627796441964,1.0461170529274226,68.63861127902942,3.5180126135080627,3.2752270456658823,0.24278556784218042,325.0209991455078,348.27241554511994,301.76958274589566,0.8223246782584659,0.03385159062577023,0.025518636786011004,0.02367987303428031,0.028587888059129707,0.03142732006964288,-0.018058334966873257,0,2025-08-22,4,8,3
2025-08-25,338.8999938964844,349.5299987792969,335.0299987792969,346.6000061035156,86670000,TSLA,0.019381771561470362,1.9381771561470362,1.0432797064526511,-0.0781385780976277,331.9859985351562,334.14499816894534,326.0714996337891,322.028798828125,1.0440199515426607,1.0372742611824852,1.0629570707430185,71.39145480615453,4.6430317497893725,3.5487879864905807,1.0942437632987918,326.0714996337891,351.24978388520805,300.8932153823701,0.9076629341526642,0.03425298578119285,0.02467567252630196,0.023168881104236178,0.03413295833753316,0.022328429199407474,-0.04974039367675087,0,2025-08-25,0,8,3
2025-08-26,344.92999267578125,351.8999938964844,343.7200012207031,351.6700134277344,76651600,TSLA,0.01462783391499567,1.462783391499567,1.0237984191979823,-0.11559247721241495,336.4580017089844,335.2279998779297,327.5949996948242,322.5559991455078,1.0452122156152714,1.0490472560639086,1.0734901746221328,69.267163814362,5.8759899849926,4.014228386190984,1.8617615988016158,327.5949996948242,355.11102358045827,300.0789758091901,0.9374726129213673,0.031364827406551624,0.024968439761447428,0.022943428795444726,0.06789959623124453,0.03177449010152977,-0.049990094175192734,0,2025-08-26,1,8,3
2025-08-27,351.94000244140625,355.3900146484375,349.1600036621094,349.6000061035156,65519000,TSLA,-0.0058862207330171445,-0.5886220733017145,1.0178428540525422,-0.14523636819061836,341.59800415039064,336.25,329.1229995727539,322.96539916992185,1.023425201130865,1.0397026203822026,1.0622168810971693,66.638253472937,6.609891266083139,4.533360962169415,2.0765303039137235,329.1229995727539,357.99918433564443,300.24681480986334,0.8545656515724546,0.029114433826566113,0.025028360394860796,0.02292203749861532,0.07934551618190144,0.030113739977792875,-0.031664780122861225,0,2025-08-27,2,8,3
2025-08-28,350.9100036621094,353.54998779296875,340.260009765625,345.9800109863281,67903200,TSLA,-0.010354676927882056,-1.0354676927882056,1.0390583014339476,0.03638944428333768,346.7720092773437,337.2900024414063,331.00850067138674,323.5579992675781,0.9977160835654928,1.0257642043405406,1.045229987400851,60.41853093616508,6.820784211821945,4.990845612099921,1.8299385997220234,331.00850067138674,359.0645356437101,302.9524656990634,0.7668144363540758,0.028801965755528437,0.024975715731294534,0.02139496639496015,0.08081605328978947,0.03099119384410276,0.014047011958024713,1,2025-08-28,3,8,3
2025-08-29,347.2300109863281,348.75,331.70001220703125,333.8699951171875,81145700,TSLA,-0.03500206799409333,-3.5002067994093333,1.0514018304657975,0.19502026414071794,345.54400634765625,337.6210021972656,332.5705001831055,323.7943994140625,0.9662155586089854,0.9888898882010708,1.003907426946667,46.81874266929622,5.942242841152279,5.181125057910393,0.7611177832418861,332.5705001831055,357.24937457097496,307.891625795236,0.5263280835596126,0.021778662412777493,0.02730240361935811,0.022680970927028355,-0.018058334966873257,0.010013303433689114,0.037529574273060584,1,2025-08-29,4,8,3
2025-09-02,328.2300109863281,333.3299865722656,325.6000061035156,329.3599853515625,58392000,TSLA,-0.01350828116207925,-1.350828116207925,1.0237407258103444,-0.28040549283572636,342.09600219726565,337.04100036621094,333.5754989624023,323.9383990478516,0.9627706352488765,0.9772104432211433,0.9873626401700595,43.15035792569523,4.826436226519036,5.110187291632122,-0.2837510651130861,333.5754989624023,355.76938378185315,311.3816141429515,0.40502983940996834,0.017755193419601453,0.027274657439068716,0.02268754018622106,-0.04974039367675087,-0.017305222124278763,0.0534673811402544,1,2025-09-02,1,9,3
2025-09-03,335.20001220703125,343.3299865722656,328.510009765625,334.0899963378906,88733300,TSLA,0.014361219324440011,1.436121932444001,1.045112710012136,0.5196139882175641,338.5799987792969,337.5190002441406,334.84399871826173,323.64659912109374,0.9867387250942338,0.9898405603720986,0.9977481980168158,46.96221285311868,4.274549456396471,4.943059724584992,-0.6685102681885207,334.84399871826173,353.7063119826575,315.98168545386596,0.48001299284445803,0.017662806960946013,0.027050623392447248,0.02278115517683107,-0.049990094175192734,0.014515194845994284,0.04100695129217624,1,2025-09-03,2,9,3
2025-09-04,336.1499938964844,338.8900146484375,331.4800109863281,338.5299987792969,60711000,TSLA,0.01328983953448204,1.328983953448204,1.022354300158434,-0.31580364981354236,336.3659973144531,338.98200073242185,335.7749984741211,323.6077990722656,1.006433472711633,0.9986665901075916,1.0082049000601458,51.68168362511326,4.147634951410907,4.783974769950175,-0.6363398185392679,335.7749984741211,353.32621537722787,318.22378157101434,0.5784845951248002,0.02063274014429712,0.0264556178290557,0.021630787185643062,-0.031664780122861225,0.04516827773540544,0.08944554068615296,1,2025-09-04,3,9,3
2025-09-05,348.0,355.8699951171875,344.67999267578125,350.8399963378906,108989800,TSLA,0.036363092201525005,3.6363092201525005,1.0324649027480164,0.7952232709064255,337.33799438476564,342.0550018310547,337.20349884033203,324.07359924316404,1.0400251444482256,1.0256829879984475,1.040439964426394,60.67367328169336,4.982928122248381,4.823765440409817,0.15916268183856452,337.20349884033203,354.77723153784814,319.6297661428159,0.8879795411786932,0.027679793075965582,0.02748339613460495,0.022871317952385242,0.014047011958024713,0.09599828931477639,0.12854864489304196,1,2025-09-05,4,9,3
2025-09-08,354.6400146484375,358.44000244140625,344.8399963378906,346.3999938964844,75208300,TSLA,-0.01265534855703887,-1.265534855703887,1.039438598329498,-0.3099510229397613,339.843994140625,342.6940002441406,338.040998840332,324.48599914550783,1.0192912038137905,1.0108142939465048,1.0247277551682439,55.92575907739436,5.226386359091521,4.904289624146158,0.3220967349453625,338.040998840332,355.6953607213243,320.38663695933974,0.7367402207029685,0.02098355334354396,0.020981213792802707,0.022747431476923454,0.037529574273060584,0.018793517682800243,0.18371829032842069,1,2025-09-08,0,9,3
2025-09-09,348.44000244140625,350.7699890136719,343.82000732421875,346.9700012207031,53816000,TSLA,0.001645517708609212,0.1645517708609212,1.02021401181258,-0.28444068008451195,343.3659973144531,342.7309997558594,338.43799896240233,324.95279907226563,1.010496100180093,1.0123683047867376,1.0252099418045804,59.8593044275319,5.403040703175918,5.00403983995211,0.399000863223808,338.43799896240233,356.5374908102261,320.3385071145786,0.7356972872508205,0.0180700920943658,0.02008491258075857,0.02192644317165894,0.0534673811402544,0.001067498876722528,0.21514826536545595,1,2025-09-09,1,9,3
2025-09-10,350.54998779296875,356.3299865722656,346.07000732421875,347.7900085449219,72121700,TSLA,0.0023633378140295314,0.23633378140295314,1.0296471206140516,0.34015348595213313,346.1059997558594,342.34299926757814,338.7854995727539,325.5553991699219,1.0048655868151675,1.0159109702520492,1.0265787909562942,64.05789606005101,5.545285680066627,5.112289007975013,0.43299667209161363,338.7854995727539,357.3403144270437,320.2306847184641,0.7426461552669752,0.018241708031074586,0.019477251830452794,0.021908277355993513,0.04100695129217624,-0.011033084239949864,0.22447446703046037,1,2025-09-10,2,9,3
2025-09-11,350.1700134277344,368.989990234375,347.6000061035156,368.80999755859375,103756000,TSLA,0.06043873744853956,6.043873744853956,1.0615362018275956,0.43862388157794396,352.16199951171876,344.2639984130859,340.25699920654296,326.9173992919922,1.047273692419846,1.0712999304564366,1.0839159765078588,73.82582059976852,7.270345276384262,5.543900261656864,1.726445014727398,340.25699920654296,363.1671040886058,317.3468943244801,1.1231529383875924,0.029955357305992063,0.027319176534504105,0.025530950834862825,0.08944554068615296,0.0549484871844943,0.13025679581066574,1,2025-09-11,3,9,3
2025-09-12,370.94000244140625,396.69000244140625,370.239990234375,395.94000244140625,168156400,TSLA,0.07356092584909457,7.356092584909457,1.07144018178665,0.6206908516134007,361.1820007324219,349.25999755859374,343.275,328.5231994628906,1.0962340361327543,1.1336540262529815,1.1534192773764658,75.5551335209621,10.703251671257703,6.575770543577033,4.127481127680671,343.275,376.95992440682846,309.5900755931715,1.2817295625388165,0.039018643871851645,0.03392997761762508,0.02951681924154249,0.12854864489304196,0.14440138120306711,0.07609740035618495,1,2025-09-12,4,9,3
2025-09-15,423.1300048828125,425.70001220703125,402.42999267578125,410.0400085449219,163823700,TSLA,0.03561147147692467,3.561147147692467,1.0578237704812363,-0.025765894131891454,373.9100036621094,356.8769989013672,347.2490005493164,330.41699951171876,1.096627542801615,1.1489673187322664,1.1808241575822416,77.12500769854682,14.395663132236564,8.13974906130894,6.2559140709276235,347.2490005493164,391.66271014442736,302.83529095420545,1.2068876768910728,0.03283192267022331,0.02965788914837436,0.029548692828659236,0.18371829032842069,0.22814273382368166,0.05894542582790008,1,2025-09-15,0,9,3
2025-09-16,414.5,423.25,411.42999267578125,421.6199951171875,104285700,TSLA,0.028241113869250656,2.8241113869250656,1.028729085226252,-0.36342726968076045,388.8400024414062,366.1029998779297,351.57200012207034,332.97059936523436,1.0843020071751,1.1516431038745079,1.1992422461708998,78.3312910006425,18.048284566036216,10.121456162254397,7.926828403781819,351.57200012207034,406.59520686469824,296.54879337944243,1.1365313759589475,0.027920052663673655,0.02706236822833609,0.029789692326437026,0.21514826536545595,0.2801190608116697,0.01003275706872575,1,2025-09-16,1,9,3
2025-09-17,415.75,428.30999755859375,409.6700134277344,425.8599853515625,106133500,TSLA,0.01005642588937583,1.005642588937583,1.045499996387086,0.017718632564196257,404.45399780273436,375.2799987792969,356.3994995117188,335.53159912109373,1.0529256421375974,1.1347793293988253,1.1948950151024547,80.35343244944448,21.042579388239176,12.305680807451353,8.736898580787823,356.3994995117188,419.5415966799802,293.25740234345733,1.050033091668978,0.025424970609209237,0.027289378890449235,0.028984614210005494,0.22447446703046037,0.27468643185849206,0.03975490484127797,1,2025-09-17,2,9,3
2025-09-18,428.8699951171875,432.2200012207031,416.55999755859375,416.8500061035156,90454500,TSLA,-0.021157139806429193,-2.1157139806429193,1.0375936329793805,-0.14772903937022708,414.06199951171874,383.11199951171875,361.0470001220703,337.9509991455078,1.0067333070774054,1.0880630380536147,1.1545588412660355,77.0475497421811,22.429990612192285,14.330542768399539,8.099447843792746,361.0470001220703,427.70236151078416,294.39163873335644,0.9185935296038612,0.034766071608363855,0.030857399339635345,0.029258128967703755,0.13025679581066574,0.2313532260261495,0.015689117066482128,1,2025-09-18,3,9,3
2025-09-19,421.82000732421875,429.4700012207031,421.7200012207031,426.07000732421875,93131000,TSLA,0.022118270566640064,2.2118270566640064,1.0183771222080218,0.029589462105257258,420.08800048828124,390.63500061035154,366.3450012207031,340.2749993896484,1.0142398898063845,1.0907112948366158,1.1630294009867888,85.98189811149254,23.996879952129802,16.263810205145592,7.73306974698421,366.3450012207031,436.0733880751752,296.61661436623103,0.9282689504072839,0.02226322045522104,0.030417969529813675,0.028722171838732196,0.07609740035618495,0.2144282629448977,0.03363293901455311,1,2025-09-19,4,9,3
2025-09-22,431.1099853515625,444.9800109863281,429.1300048828125,434.2099914550781,97108800,TSLA,0.019104804353584193,1.9104804353584193,1.036935208265952,0.04271187896618733,424.9219970703125,399.41600036621094,371.0550003051758,342.6889990234375,1.0218581161926261,1.0871121613980557,1.1702038541401147,89.7912828805265,25.600374551384334,18.13112307439334,7.469251476990994,371.0550003051758,445.8363249937721,296.27367561657945,0.9222644584920884,0.019488901851081538,0.02820444449043172,0.026512265199906616,0.05894542582790008,0.25349306901210356,0.020727298259167526,1,2025-09-22,0,9,3
2025-09-23,439.8800048828125,440.9700012207031,423.7200012207031,425.8500061035156,83422700,TSLA,-0.019253323313789705,-1.9253323313789705,1.0407108466683286,-0.14093573393966352,425.76799926757815,407.3040008544922,375.01750030517576,344.8679992675781,1.0001926092051976,1.0455335700364232,1.135547023157517,83.88980936086183,25.898038160346516,19.684506091583977,6.2135320687625395,375.01750030517576,452.6856049480767,297.34939566227484,0.8272418326162032,0.02091668575128366,0.03064738503851989,0.027387504539313094,0.01003275706872575,0.22733955271435113,0.044311365144375614,1,2025-09-23,1,9,3
2025-09-24,429.8299865722656,444.2099914550781,429.0299987792969,442.7900085449219,93133600,TSLA,0.03977927016229388,3.977927016229388,1.0353821241381076,0.11640596624180222,429.15400390625,416.8040008544922,379.57350006103513,347.5081994628906,1.0317741522030648,1.062345869130708,1.1665461589750643,85.25157200256722,27.187455277675838,21.18509592880235,6.002359348873487,379.57350006103513,462.0183190275533,297.128681094517,0.8833867869220488,0.027043375455268425,0.030387468275217135,0.02814442613126422,0.03975490484127797,0.27315333294783084,0.03764760403003775,1,2025-09-24,2,9,3
2025-09-25,435.239990234375,435.3500061035156,419.0799865722656,423.3900146484375,96746400,TSLA,-0.04381307961359793,-4.381307961359793,1.0388231842430022,0.038791585421373176,430.4620056152344,422.2620025634766,383.26300048828125,349.5425994873047,0.983571161044308,1.0026713558835816,1.1046983771171075,73.40777128250875,26.34027595304127,22.216131933650136,4.124144019391135,383.26300048828125,466.6589263903084,299.8670745862541,0.7405813816810256,0.0341413919478503,0.034434820538221195,0.030582052951118942,0.015689117066482128,0.14798952699532641,0.02978337919006724,1,2025-09-25,3,9,3
2025-09-26,428.29998779296875,440.4700012207031,421.0199890136719,440.3999938964844,101628200,TSLA,0.0401756741055197,4.01756741055197,1.0461973604925434,0.05045975870936803,433.3280029296875,426.7080017089844,387.98399963378904,351.9623992919922,1.0163201799075616,1.0320874980845518,1.1350983399113619,78.05301616700194,26.733278804490453,23.119561307818202,3.613717496672251,387.98399963378904,473.1643534619818,302.80364580559626,0.8076765469207691,0.0373919807273883,0.02929995328037491,0.030892475873105837,0.03363293901455311,0.11228971859608361,-0.024000925228675696,0,2025-09-26,4,9,3
2025-09-29,444.3500061035156,450.9800109863281,439.5,443.2099914550781,79491500,TSLA,0.00638055766924972,0.638055766924972,1.026120616578676,-0.2178204474742247,435.1280029296875,430.025,393.4509994506836,354.23359924316406,1.0185738184418727,1.0306609882101696,1.126468078804897,78.34257357260412,26.960693620932545,23.887787770441072,3.0729058504914732,393.4509994506836,478.04086218757664,308.86113671379053,0.7941191201548826,0.03680751570928378,0.028011115956032312,0.028856096278820062,0.020727298259167526,0.08089450350921634,0.02265293819744474,1,2025-09-29,0,9,3
2025-09-30,441.5199890136719,445.0,433.1199951171875,444.7200012207031,74358000,TSLA,0.0034069849388267404,0.34069849388267404,1.0274288996507728,-0.0645792317417585,438.902001953125,432.3350006103516,399.2190002441406,356.5581994628906,1.0132558048076514,1.0286467683459977,1.1139750386347758,78.43023524344437,26.952079870150044,24.500646190382867,2.4514336797671774,399.2190002441406,481.09672545994425,317.34127502833695,0.7778594596798846,0.034447344026630286,0.027119963873883633,0.02822824962692209,0.044311365144375614,0.05478868737497877,-0.02615129711029307,0,2025-09-30,1,9,3
2025-10-01,443.79998779296875,462.2900085449219,440.75,459.4599914550781,98122300,TSLA,0.033144428390707636,3.3144428390707636,1.0488712615880247,0.3195930498399635,442.2359985351562,435.69500122070315,405.4875,359.1051995849609,1.038947514397231,1.0545450146726305,1.1331051917878556,77.60522659578916,27.814024672476876,25.16332188680167,2.6507027856752075,405.4875,485.5468556772479,325.42814432275213,0.8370779779484073,0.03307465175754119,0.028482500051379835,0.02849949360346855,0.03764760403003775,0.07889918578703203,-0.04520521786433407,0,2025-10-01,2,10,4
2025-10-02,470.5400085449219,470.75,435.57000732421875,436.0,137009000,TSLA,-0.051059922281332826,-5.105992228133283,1.080767711468239,0.39630848441180033,444.75799560546875,437.61000061035156,410.36100006103516,361.17399963378904,0.9803084021152985,0.996320923634958,1.0624791340676902,62.478203073965446,26.30091629984946,25.390840769411227,0.9100755304382346,410.36100006103516,484.93743584698814,335.7845642750822,0.6718974610998648,0.03593974590015853,0.03308090109175198,0.032258399987369596,0.02978337919006724,0.045939771179297706,-0.001055026273114934,0,2025-10-02,3,10,4
2025-10-03,443.2900085449219,446.7699890136719,416.5799865722656,429.8299865722656,133188200,TSLA,-0.014151406944344913,-1.4151406944344913,1.0724710821799623,-0.02788721908779712,442.643994140625,437.9859985351562,414.3104995727539,363.664599609375,0.9710512110454875,0.9813783728471495,1.0374585896701043,56.48469440203389,24.323512186890753,25.17737505290713,-0.8538628660163781,414.3104995727539,483.8081455802196,344.81285356528815,0.611654767399205,0.031060329268902315,0.03298347719400214,0.03232869847351014,-0.024000925228675696,0.008824792131368442,-0.03801502186526362,0,2025-10-03,4,10,4
2025-10-06,440.75,453.54998779296875,436.69000244140625,453.25,85324900,TSLA,0.054486690457546505,5.4486690457546505,1.0386085902065614,-0.35936591980370636,444.65199584960936,439.88999938964844,419.6529998779297,366.4083996582031,1.0193364793830784,1.030371230600579,1.0800590014412934,59.61808004394919,24.36533610758977,25.01496726384366,-0.6496311562538892,419.6529998779297,483.35582147098035,355.95017828487903,0.7637010361699222,0.041088117630793605,0.03677674486070902,0.03324911587436144,0.02265293819744474,0.04384977066307716,-0.038279108888065405,0,2025-10-06,0,10,4
2025-10-07,447.82000732421875,452.67999267578125,432.45001220703125,433.0899963378906,102296100,TSLA,-0.044478772558432134,-4.447877255843213,1.0467799280788668,0.1989009070037,442.32599487304685,440.61399841308594,423.95899963378906,368.55839965820314,0.9791194760375612,0.9829238242491303,1.0215374522347416,52.00443947559499,22.512231068338565,24.51442002474264,-2.0021889564040762,423.95899963378906,477.8646421994126,370.05335706816555,0.5846942571270317,0.04678614115022553,0.03939048415409336,0.035666813334309766,-0.02615129711029307,0.017001268358829424,-0.00888962140910754,0,2025-10-07,1,10,4
2025-10-08,437.57000732421875,441.3299865722656,425.2300109863281,438.69000244140625,71192100,TSLA,0.012930352007360923,1.2930352007360923,1.0378618045998056,-0.30405851249461124,438.1719970703125,440.20399780273436,428.5039993286133,370.90819946289065,1.0011821964309842,0.9965606960207423,1.0237710806171063,56.17158353209546,21.250542637657645,23.861644547325646,-2.611101909668001,428.5039993286133,469.0393217359415,387.9686769212851,0.6256435438015842,0.04348657931303271,0.03742457365397796,0.035598682788927354,-0.04520521786433407,-0.00925948197654436,-0.00806949902031262,0,2025-10-08,2,10,4
2025-10-09,431.80999755859375,436.3500061035156,426.17999267578125,435.5400085449219,69339900,TSLA,-0.007180455170972544,-0.7180455170972544,1.0238631883300802,-0.026016931653933484,438.0799987792969,441.4189971923828,431.8404998779297,373.23819946289063,0.9942019945182327,0.9866816138751303,1.0085668404608599,52.771113473012555,19.76858731546548,23.043033100953615,-3.2744457854881333,431.8404998779297,461.106145563883,402.5748541919764,0.5632056559881037,0.03662533206035134,0.034359194955131206,0.03395690664277127,-0.001055026273114934,0.028696930669404486,-0.015589861807658867,0,2025-10-09,3,10,4
2025-10-10,436.5400085449219,443.1300048828125,411.45001220703125,413.489990234375,112107900,TSLA,-0.05062684914805626,-5.062684914805626,1.0769959697068636,0.6167877369306849,434.81199951171874,438.7279968261719,432.71799926757814,375.3425994873047,0.9509626935289557,0.9424745929724735,0.9555645730805082,44.39333224440289,16.623252342360047,21.759076949234903,-5.135824606874856,432.71799926757814,458.26781013158734,407.16818840356893,0.12371523735448246,0.04326032110174727,0.03552877978816232,0.03284607858978396,-0.03801502186526362,-0.06110355139658463,0.06244409280520524,1,2025-10-10,4,10,4
2025-10-13,423.5299987792969,436.8900146484375,419.70001220703125,435.8999938964844,79552800,TSLA,0.054197209585187034,5.419720958518703,1.0409578316450625,-0.29039077531556656,431.3419982910156,437.9969970703125,434.01099853515626,378.0079992675781,1.0105670109183145,0.9952122886963732,1.0043524135740884,52.52728132805711,15.757212386706499,20.558704036729225,-4.801491650022726,434.01099853515626,457.24057519767365,410.7814218726389,0.5406592722022383,0.04315757549340033,0.04024254173743918,0.03406687569280371,-0.038279108888065405,-0.01649330497851531,0.026451018446297603,1,2025-10-13,0,10,4
2025-10-14,426.7900085449219,434.20001220703125,417.8599853515625,429.239990234375,72669400,TSLA,-0.015278742269702716,-1.5278742269702716,1.0391040717663387,-0.08652618135376755,430.5719970703125,436.44899597167966,434.3919982910156,380.4075988769531,0.9969064248371917,0.9834825929172891,0.9881397261530838,46.406784143550276,14.3678393385851,19.320531097100403,-4.952691758515304,434.3919982910156,457.00771332022595,411.7762832618053,0.3860967241144858,0.03855355877747022,0.040451894882051934,0.03379996972479097,-0.00888962140910754,-0.03480844338873301,0.031124816357035456,1,2025-10-14,1,10,4
2025-10-15,434.8999938964844,440.510009765625,426.3299865722656,435.1499938964844,71558200,TSLA,0.013768529951932784,1.3768529951932784,1.0332606751576827,-0.01529116794689378,429.86399536132814,434.0179962158203,434.8564987182617,382.93619873046873,1.0122969092368692,1.0026081814361014,1.0006749242085324,53.358841929046726,13.587016423916566,18.173828162463636,-4.58681173854707,434.8564987182617,457.1131324517298,412.5998649847936,0.5065934314626681,0.03863205660932318,0.038975927346909627,0.03385991967372202,-0.00806949902031262,-0.052909933423377464,0.008778599052738256,1,2025-10-15,2,10,4
2025-10-16,434.7300109863281,439.3500061035156,421.30999755859375,428.75,77189900,TSLA,-0.01470755828163206,-1.470755828163206,1.04281884752192,0.0787009734733406,428.50599365234376,433.2929962158203,435.4514984130859,385.11299865722657,1.0005694350867218,0.9895151865931443,0.9846102299854101,46.45789271213701,12.309881961434883,17.001038922257887,-4.691156960823005,435.4514984130859,456.27114675946007,414.63185006671176,0.33905831881514426,0.039076043292876624,0.035736264749871204,0.03366166038614465,-0.015589861807658867,-0.01662844036697253,0.04718369909347664,1,2025-10-16,3,10,4
2025-10-17,425.5,441.4599914550781,423.6000061035156,439.30999755859375,89331600,TSLA,0.02462973191508744,2.462973191508744,1.0421623821865527,0.15729648568012133,433.6699951171875,434.2409973144531,436.1134979248047,387.453798828125,1.0130052862889032,1.0116732419911747,1.007329513186359,48.86759787199315,12.011387450359166,16.00310862787814,-3.9917211775189756,436.1134979248047,456.5149174861041,415.71207836350527,0.5783401278569039,0.029151776180190627,0.036263427852095846,0.03374544830853886,0.06244409280520524,0.022055257386595306,-0.012724491518418146,0,2025-10-17,4,10,4
2025-10-20,443.8699951171875,449.79998779296875,440.6099853515625,447.42999267578125,63719000,TSLA,0.018483519979771268,1.8483519979771268,1.0208574538638147,-0.28671377205826387,435.9759948730469,433.65899658203125,436.77449798583984,389.80939880371096,1.0262720836409116,1.0317553566334121,1.0243958718722788,50.75778508740115,12.28839121940183,15.26016514618288,-2.971773926781049,436.77449798583984,457.76440240379947,415.7845935678802,0.753824278514204,0.018992863628332298,0.03210796130808184,0.033729226348287074,0.026451018446297603,-0.012840611857073858,0.011152629089773658,1,2025-10-20,0,10,4
2025-10-21,445.760009765625,449.29998779296875,442.04998779296875,442.6000061035156,54412200,TSLA,-0.010794954856246153,-1.0794954856246153,1.0164008600841665,-0.14606004488457136,438.647998046875,434.60999755859376,437.6119979858398,391.8807989501953,1.0090095203311935,1.01838431833093,1.011398243513966,45.008886052547325,11.980080243862517,14.604148165718808,-2.624067921856291,437.6119979858398,458.09716752484655,417.1268284468331,0.621746810739787,0.01784480486096527,0.02859422359092312,0.033500415521905066,0.031124816357035456,0.02195850711408598,0.04055576466769173,1,2025-10-21,1,10,4
2025-10-22,443.45001220703125,445.5400085449219,429.0,438.9700012207031,84023500,TSLA,-0.008201547294971134,-0.8201547294971134,1.0385547984730115,0.5442033220490994,439.41199951171876,434.63799743652345,437.4209976196289,393.84339904785156,0.9989941141991872,1.0099669237612212,1.0035412191218611,50.99617644957436,11.312427890678748,13.945804110710796,-2.633376220032048,437.4209976196289,457.7736933887627,417.0683018504951,0.53805401551335,0.01823914970088781,0.028521960645196194,0.03238709075946668,0.008778599052738256,0.0006382611359698753,0.05134749181548126,1,2025-10-22,2,10,4
2025-10-23,420.0,449.3999938964844,413.8999938964844,448.9800109863281,126709800,TSLA,0.022803402824313368,2.280340282431337,1.0857695108081555,0.5080281111831808,443.4580017089844,435.98199768066405,438.70049743652345,396.0353991699219,1.0124521583916926,1.0298131881013686,1.0234317344290043,56.261859961249804,11.458941180562647,13.448431524681167,-1.9894903441185203,438.70049743652345,458.55047678336075,418.85051808968615,0.7589300817444556,0.017405140550995287,0.029201091610243663,0.03103422677318375,0.04718369909347664,0.030858249937376403,-0.019778174229415524,0,2025-10-23,3,10,4
2025-10-24,446.8299865722656,451.67999267578125,430.1700134277344,433.7200012207031,94727800,TSLA,-0.03398817183887881,-3.398817183887881,1.0500034371913756,-0.2524035236422124,442.3400024414062,438.0049987792969,438.3664978027344,397.9981994628906,0.980512725113879,0.9902170122018336,0.989400429537108,43.25388785430163,10.22582185451796,12.803909590648527,-2.5780877361305663,438.3664978027344,458.320597339647,418.41239826582176,0.3835703767680467,0.023309120897074518,0.026086856104644934,0.03083846747185807,-0.012724491518418146,0.04892503195751208,0.05266069416583874,1,2025-10-24,4,10,4
2025-10-27,439.9800109863281,460.1600036621094,438.69000244140625,452.4200134277344,105867500,TSLA,0.043115401997602554,4.311540199760255,1.048941168253705,0.11759694619742045,443.3380065917969,439.65700073242186,438.8269989013672,400.4353997802734,1.0204855137635418,1.029029476783153,1.0309757935596446,56.7450665853376,10.634908007556476,12.370109274030117,-1.7352012664736414,438.8269989013672,459.6575916108657,417.99640619186863,0.8262752701263493,0.030349905168867704,0.023913906648948432,0.032316588376025156,0.011152629089773658,0.037898645933849506,0.03525481016767795,1,2025-10-27,0,10,4
2025-10-28,454.7799987792969,467.0,451.6000061035156,460.54998779296875,80185700,TSLA,0.017969970655449252,1.7969970655449252,1.034100960337353,-0.24258436252863247,446.9280029296875,442.7880004882812,439.61849822998045,402.9431994628906,1.030479148260988,1.040113976180702,1.0476128498852164,57.495537050330356,11.482766532576193,12.192640725739334,-0.7098741931631416,439.61849822998045,462.4944608443785,416.74253561558237,0.9574996452786226,0.029902139798571942,0.02324017092574211,0.03252462230519371,0.04055576466769173,0.07294287175222824,-0.03537070558921951,0,2025-10-28,1,10,4
2025-10-29,462.5,465.70001220703125,452.6499938964844,461.510009765625,67983500,TSLA,0.0020845119924046696,0.20845119924046696,1.0288302628664814,-0.15217426548624002,451.4360046386719,445.4240020751953,439.7209991455078,405.58719970703123,1.0223154666961407,1.0361139220506446,1.0495518991871184,59.04058860262333,12.092768365865368,12.172666253764541,-0.07989788789917363,439.7209991455078,462.986352679093,416.4556456119226,0.9682716423944132,0.02881364035012194,0.02317287863965519,0.03170313353919812,0.05134749181548126,0.06057684991123158,0.0012134028444543699,1,2025-10-29,2,10,4
2025-10-30,451.04998779296875,455.05999755859375,439.6099853515625,440.1000061035156,72447900,TSLA,-0.04639120107705208,-4.639120107705208,1.035144816364159,0.06566887553597556,449.6600036621094,446.5590026855469,439.9259994506836,407.91119995117185,0.9787394976632667,0.9855360735240187,1.0003955361880164,59.304850691399444,10.724960183962196,11.883125039804073,-1.1581648558418767,439.9259994506836,463.1254618563595,416.7265370450077,0.5037502302809709,0.036858882884704264,0.028002630320579886,0.03131679070832283,-0.019778174229415524,0.026472317442602034,0.013201539372910576,1,2025-10-30,3,10,4
2025-10-31,446.75,458.0,443.69000244140625,456.55999755859375,83135800,TSLA,0.03740057084027071,3.740057084027071,1.032252242511332,0.14752532509568939,454.2280029296875,448.28400268554685,441.2625,410.6402001953125,1.0051339737177483,1.0184614994589762,1.0346675676237926,57.53794599163974,10.844141579925065,11.675328347828271,-0.8311867679032066,441.2625,465.0844591674311,417.4405408325689,0.8210797535810614,0.035881997017699084,0.029358529509236914,0.032121070708230684,0.05266069416583874,0.03926612209115321,-0.05922553156105537,0,2025-10-31,4,10,4
2025-11-03,455.989990234375,474.07000732421875,453.79998779296875,468.3699951171875,84595200,TSLA,0.02586735066967427,2.586735066967427,1.0446672985379135,0.017554410975777035,457.4179992675781,450.3780029296875,442.01849975585935,413.20739990234375,1.0239430802179752,1.0399486477369297,1.0596162725675122,63.7597595509351,11.756045423830244,11.691471763028666,0.06457366080157811,442.01849975585935,468.2773035162075,415.7596959955112,1.001764962368925,0.03269001510638763,0.029845158314414987,0.030317475632061046,0.03525481016767795,0.04680062307888222,-0.04940535126523138,0,2025-11-03,0,11,4
2025-11-04,454.4599914550781,460.2200012207031,443.6000061035156,444.260009765625,87756600,TSLA,-0.05147636612701911,-5.147636612701911,1.0374661742301896,0.03737091466182485,454.1600036621094,450.54400329589845,442.5770004272461,415.1605999755859,0.9782015284995245,0.9860524310959559,1.0038027492091866,52.8399578435359,10.413224299997864,11.435822270422506,-1.0225979704246413,442.5770004272461,468.50934322733656,416.64465762715565,0.5324500056040641,0.04081292914989908,0.03462514693385447,0.030917509593228677,-0.03537070558921951,0.0037505730664655346,-0.010444367141857702,0,2025-11-04,1,11,4
2025-11-05,452.04998779296875,466.3299865722656,440.7099914550781,462.07000732421875,85573000,TSLA,0.040089130615176494,4.008913061517649,1.058133456499588,-0.02488245898314201,454.2720031738281,452.85400390625,443.7460006713867,417.3685998535156,1.01716593603812,1.0203509372523438,1.04129390828336,59.697325288629166,10.663227791128179,11.281303374563642,-0.6180755834354628,443.7460006713867,471.01405696966617,416.4779443731072,0.8359976679743807,0.04601900107944926,0.036527130996952366,0.032012364273582485,0.0012134028444543699,0.05262319985256014,-0.06810656550279337,0,2025-11-05,2,11,4
2025-11-06,461.9599914550781,467.45001220703125,435.0899963378906,445.9100036621094,109622900,TSLA,-0.03497306340156037,-3.4973063401560367,1.0743754536797252,0.28104542320591785,455.4340026855469,452.5470031738281,444.2645004272461,419.2947998046875,0.9790880808914627,0.9853341211737747,1.0037038818840596,51.860204715499265,9.448464105536345,10.914735520758184,-1.4662714152218381,444.2645004272461,471.26865414316603,417.2603467113262,0.5304675949517571,0.04327475827860209,0.03806649960808399,0.033067418746818907,0.013201539372910576,-0.006837737202318839,-0.09849524134249965,0,2025-11-06,3,11,4
2025-11-07,437.9200134277344,439.3599853515625,421.8800048828125,429.5199890136719,103471500,TSLA,-0.03675632866235745,-3.675632866235745,1.0414335362340899,-0.056114187820245576,450.0260009765625,452.127001953125,445.0660003662109,420.96559936523437,0.9544337173443483,0.9499985339477758,0.9650703236379606,45.17692616824196,7.081585814607138,10.148105579527975,-3.0665197649208373,445.0660003662109,469.00142932021384,421.130571412208,0.17525103931886826,0.04136641576497281,0.038349886298500814,0.03204178223734017,-0.05922553156105537,-0.009683694999562675,-0.058600259717726644,0,2025-11-07,4,11,4
2025-11-10,439.6000061035156,449.6700134277344,433.3599853515625,445.2300109863281,76515900,TSLA,0.03657576451501576,3.6575764515015763,1.0376362115273297,-0.2605123149852858,445.39800415039065,451.4080017089844,445.5325012207031,423.1927996826172,0.9996228246141718,0.9863139538969912,0.9993210591066954,50.66904203242206,6.399713284608367,9.398427120544053,-2.9987138359356855,445.5325012207031,469.0762180948757,421.98878434653057,0.49357598810774794,0.043976339338667396,0.03757508131097113,0.030758881543206634,-0.04940535126523138,-0.0158923173776766,-0.08155334695016492,0,2025-11-10,0,11,4
2025-11-11,439.3999938964844,442.489990234375,432.3599853515625,439.6199951171875,60533200,TSLA,-0.01260026442672324,-1.260026442672324,1.0234295615367264,-0.20888076857228366,444.4700012207031,449.31500244140625,446.05150146484374,425.3979998779297,0.9890881137305207,0.9784226939418008,0.9855812471731739,50.16370163215885,5.345028830978606,8.587747462630963,-3.242718631652357,446.05150146484374,468.5158871233141,423.5871158063734,0.3568510520288545,0.0376367000215355,0.0371043866795242,0.03068768029928269,-0.010444367141857702,-0.045445648095836955,-0.08727991343287145,0,2025-11-11,1,11,4
2025-11-12,442.1499938964844,442.3299865722656,426.55999755859375,430.6000061035156,58513500,TSLA,-0.02051769508633805,-2.051769508633805,1.0369701545009635,-0.03336516159727221,438.1760009765625,446.2240020751953,445.8240020751953,427.3282000732422,0.982710155608335,0.9649862044645308,0.965852004600883,45.34777734933088,3.738253809739547,7.61784873205268,-3.8795949223131334,445.8240020751953,468.8386504151304,422.80935373526023,0.16925421264719107,0.02983064684837615,0.03737874229645007,0.03093147192332361,-0.06810656550279337,-0.06697580335864617,-0.061797527849415834,0,2025-11-12,2,11,4
